"X1","X2","X3","X4","X5","X6","X7","X8","X9","X10","y"
-0.348854566371216,0.00910880827655369,1.1501143332948,0.246232359811268,0.837597222615238,0.389266129722928,-0.473839931843955,0.565642191294596,0.121618836597121,-0.267989317647213,6.8181465026043
1.71327854578517,1.25619969900107,-0.481655673314864,-1.09876782952442,-1.33711758351207,0.177480249000951,-2.02169093653796,1.43985627370382,-0.692943980107424,-0.463462602246071,-0.629542768376342
-0.976603329656197,1.57721044111762,-1.28662897235096,0.262069391423795,-0.237081138916293,0.841231581814047,1.19785871033589,1.0618630144714,-0.580160729996699,-1.57743467487411,0.647127500964531
0.970611771723415,-0.525320493328771,0.397512110603614,1.5130357918656,1.13864736706078,0.930109934039958,0.0701981057124548,-0.239547611251165,0.817545315383335,0.454317016695151,3.84424283824862
-2.29425568711746,-1.94323278713002,-0.603777247938515,-0.133619305365049,0.0472132126423789,-0.190274728923875,-1.46676918709579,-0.734455193947528,0.626174776157351,-0.810643301321057,-5.9577321574368
-2.21322187074395,-0.903874672456947,-0.222253433115445,-0.28663617444429,-0.25877213056636,-0.146912362293833,-1.02541382525416,-0.734455193947528,0.477091427142971,-0.925011972850319,-0.0341164766542303
-1.43784285817698,0.284413495799188,-0.0754803960949627,-1.82388032535524,-0.642206918866588,-0.490359068389201,-1.10311817128376,-0.294461043727061,-0.295272499850864,-1.07202084281797,-5.83853353112604
-0.914703120190617,-1.10640594461995,-0.394146266431933,0.755802559886072,-1.72465187974389,-1.1080313617924,-1.90231542329135,-1.06782766265129,-0.574012642668566,-1.12432157594759,-4.58277926013412
0.300981596329282,-0.304882630069907,0.65730446172525,0.987878312041667,0.320592692866578,-0.128364728715822,-0.125487875908327,-0.0530971312291497,0.298844322060801,1.59008597372805,3.66469600814445
-0.172070546633958,0.121910949034517,0.294087108425756,-0.223466326427319,0.53129509303389,-0.431924260430589,1.31002293652954,-0.339686386564441,0.487589872216033,1.15316665286156,2.57221052694556
1.57224302359528,1.1847040040187,1.65846423448197,-0.140956088731948,0.0331363803271138,0.0456770904659662,0.959729999458745,0.302410623265135,1.1128609077437,0.973085325025891,11.9933066777482
-1.36395719128383,-0.238338952968602,1.16502290488961,0.723396616586894,-1.15665391623505,1.2545580729474,1.50753051623068,-0.366331429642935,0.178254431537986,0.855570788818124,7.65774594917208
1.29330830858257,1.51627020743051,0.352295099433205,-1.15591135773997,0.834296832239692,-1.1090221733918,1.06951942915697,0.151098062441908,0.380881596164461,-0.241879343245908,2.75515786359458
0.560899384656075,0.359941772663663,0.124598045627204,0.181245211623542,1.67835247531201,0.93655024364838,0.031785495434073,0.129446053233915,2.30489200883252,0.365559695321728,13.5218747043091
-2.09015886983352,-1.08636680248994,-1.64070703288606,-0.0461612946831312,-0.427276150840266,-0.931847230018729,-1.18170264197831,-1.49192511251014,0.128174638066998,-1.10234184766562,-10.2557592369777
-1.55015418749176,1.23329503425263,0.441380153609484,1.26344513750156,0.988912110978456,-0.514361535801643,-0.558372770456796,0.96396070194564,1.07132876519564,1.43146904712876,2.10211898427423
1.55853839272426,-0.0411268172245718,-2.05603285362957,-0.655948804423433,-1.91902684328156,-0.965924522047487,-2.54364746132499,1.3436527189238,-0.588840046058975,1.09663025991177,0.282449849187054
-1.50048617882805,1.2801643497676,-0.824868540206852,1.76107613971522,0.540337140823357,-1.02432656537058,-0.253381153392142,0.307167159965294,-0.959160167802348,0.541819330937445,2.65213883434713
-1.42994338403505,-1.68812567039272,0.369134404539849,1.51225953689942,-0.926774949904154,-1.72124565193001,0.0177587530467998,-0.60784301025374,-0.66251167429378,-0.210884326969668,-3.92797623398164
0.0152793249008226,0.248996955063396,-0.295088591150536,-1.72384329190799,0.996495098119196,-0.648547437107104,-0.517040410558119,-0.785745718922969,-0.584080876127001,-1.55335114370349,-8.92327546567834
0.679720446075975,0.761628674897677,-1.21881484514076,0.688860391750494,-0.177622678453335,0.975761730107778,0.952908665310937,0.693497832304896,1.01426742536571,-0.204121296751606,10.0242844190718
-0.254248565157525,0.635252754540695,0.134952576597747,-1.18274955338703,0.624164813383951,0.906914201803748,0.031785495434073,1.21165447792998,0.0120883025922755,-0.235549875006011,-1.1657653882517
1.56454980936522,0.233009388854184,0.662712133052734,1.56240459547708,1.19976932073443,1.97408165382304,0.415134297965684,0.336899667661673,1.01755528736056,2.76599301702794,13.5676327376683
1.01993257299066,-0.180737352062243,0.352132200000258,3.06051345012929,0.190687821713051,-0.448520891067151,1.50414589892401,-0.44484906551981,-0.00586857848870837,0.718159209617737,0.249474792596281
-1.10362712983057,-1.33015631553275,0.662745663131927,0.106653894896646,-0.926774949904154,-1.679614473931,-1.64169386605052,-0.688128758579459,-1.50490342830436,-0.834873048228578,-5.85416902806796
-0.314283826833092,-0.0501041281029501,1.1501143332948,0.246232359811268,1.45750336835393,0.688480555393489,-0.915143912161538,-1.88869673940021,0.178254431537986,-1.48091905794512,-5.73114890489081
-0.448169895254176,0.320284740044671,-0.130447212947231,-0.844371663651554,-0.934388666919048,-0.56478523283214,0.253292340809894,-0.178824661571141,0.0929366081493796,-1.18207267836442,0.951713431674375
-0.505194181975479,-2.02409493465464,0.168562096451753,-0.442221252223008,-0.988242397515792,-1.12852907256925,-0.405381954612889,0.0572419851654947,-1.51466857762594,0.0701871818118284,-1.76610089113042
0.932192007534325,-0.481306969060774,0.616067502407233,1.49637193867594,0.602522422957104,-0.44239460509999,1.23922993740787,0.0660418446715772,0.895639494871426,0.375926677689834,5.64140569213257
-0.957348946741743,-1.70686102212395,-1.26379659417026,-1.72980974707041,-0.889590909920975,-0.747247510095347,-1.8854466231575,-0.74060246062524,-3.3584527185074,-1.33339953245021,-11.0603621265128
1.25337114462975,-0.333314581575609,1.20160398414718,1.04993465896402,1.19642154844983,0.930226989735677,-0.274144991024791,-0.235068461492056,0.339770142087722,1.43146904712876,4.83380811354818
-0.229204492230094,-0.107496334637604,0.299586790531219,-0.183862573274441,1.71736927484877,0.904151252353551,0.723294268656971,0.974856077575465,-1.11446875807682,0.317771869006649,8.69887428167179
-0.461309193415304,0.320284740044671,-0.0437515391714403,-1.0685604800729,-1.12512359761419,0.0737071719716031,-0.398644106286945,0.979059873728622,2.19374405956566,1.28904465220352,0.306884961127482
-0.142887200613866,-1.9921829252574,0.168562096451753,0.638942008418912,-1.10532939183001,-2.19658555956226,0.410868937930272,-0.60784301025374,-0.0263033199638117,-1.11953351185347,-3.10835796056004
0.515191772013567,1.16524082126516,1.58085903256497,-0.578731517215776,0.548058902994955,0.788111627702161,1.50367901375002,1.77099619748333,1.59764686784003,-0.0832105650518833,9.76534118391103
-0.011030361054288,0.0635982081800534,-0.226834092318638,-0.28663617444429,0.213850201398026,-0.372373932043464,-1.11576670502603,-1.68697994895123,-0.115100300447726,0.806050882255694,-2.69266364637207
1.91420813158903,1.29298122264457,1.78242674921818,1.00178921017997,0.50891344364085,-0.198306138455352,0.254219928679956,0.391801177971305,1.08664413481255,-0.348617456672942,17.042101413117
0.114994028522339,1.01209174396427,1.82449255994017,-0.00946440359713198,0.524297300276132,1.49005572726253,-0.0596340482431016,1.05359633705483,0.458703461845432,0.34195241464719,5.49616451133558
-1.78691957646454,-1.26309183741131,-0.938751986798836,-0.111558136297659,-0.25877213056636,0.629978217410022,-1.52728008403583,-1.03320780757649,-0.907692084322635,-0.834873048228578,-11.4926931395251
0.0785088907127889,-0.669412552382383,0.696446534380275,-1.2522783606493,-0.604199508092581,-0.296972580048952,0.201768613259876,0.0395778609855092,-0.156113321533679,0.724998928695072,1.68064662699492
1.21067848920204,0.930373189642479,1.39679883422884,1.79279379501478,1.34272215451013,0.235283538552783,1.48653253772632,1.30059865265789,1.50107038020791,1.39389464518747,16.0428604034373
-0.967586495103787,-1.95345593807723,-0.870177800140109,-0.639865042122749,-1.54430599013876,-1.58138156527345,-0.504289957035493,-0.705407992037071,-0.147688759228857,-2.59050473303009,-6.34783008001537
1.19819504000738,0.474725711101695,0.834334586592037,0.601332275071228,1.11653451055389,1.18692610227422,2.07692133751978,0.385290327584812,-0.164411957849677,2.31187583525049,13.8815805497865
-1.45800408077181,0.941210819996828,0.261542644751725,0.936651258245387,-0.760124588031618,-0.70258595648007,1.50753051623068,2.14427363270023,-0.0679728712192237,-1.07202084281797,-4.00168887673223
-0.55301566713417,1.02634424908169,0.4893725227129,-0.634439313722162,0.0428050542280078,0.335937341003636,-1.06016162274346,-0.43489903150724,0.487589872216033,0.79021765376655,0.423200924500602
0.249343930456399,0.324102308187506,0.124598045627204,-1.0685604800729,0.345020414762041,-0.648547437107104,-1.16677746811053,-1.44831490980315,-1.91175252419315,-1.55335114370349,-6.55668984290386
1.00976336719773,-0.356539344133464,2.21898339647041,0.79861117989133,0.241004938499173,1.27952326088951,1.63177743934905,1.13672336223692,1.51762680703576,1.27781832164403,11.1224836865889
-0.74738121895069,-1.29563801127286,-0.0655744554761869,-0.14079197420574,0.184445079806066,0.924827439475719,-0.0271202915736596,-0.39764055099504,-0.0219436296403923,-1.31221814094137,-2.49520001332725
-0.859120751343603,0.549827608346281,-0.496954791231642,1.03595962985304,0.398621811999042,-1.02432656537058,1.59530920672465,0.878754023920521,1.61136514631526,1.5676745678078,5.35449182760798
1.2987807655728,0.872817297469312,1.39679883422884,2.10559065447698,-0.70289156842646,-0.560256413035796,1.50414589892401,1.30059865265789,0.287774858755486,-0.0422204090854649,6.3156265175201
0.621000958132337,-0.617500487722762,0.0270197954135643,0.362704010629957,1.90408391217397,-0.462756421881748,0.184002251354533,0.68199902508397,1.08664413481255,-0.606584913233083,-0.364407993672911
-0.967586495103787,-0.966919866008163,1.31952447325605,-0.364744942742236,0.578008775353428,0.803205119704933,-1.56896969046318,0.727360940045478,2.06096424634475,0.284947239268669,8.44036953637147
0.27812428384416,1.6566447129496,0.203379062903336,-0.295002814325057,0.793307171377318,0.0290629772793651,-0.754896984077017,-1.19359512071283,-1.20680789155844,-0.754841157447139,-1.89388576021952
1.51025395747503,0.987209681915822,1.14674996256758,1.00178921017997,1.64924902881999,0.652120808810006,1.50414589892401,0.243334261031239,0.585934428058248,1.2220861622909,8.82137838497299
-0.708502305553397,-0.107136434016488,0.112170405970662,0.066379219393363,0.926298177338347,0.486153109240076,0.161181228716346,0.572485792376394,-1.11446875807682,1.02579108713202,4.50143017292602
0.505049145593211,1.16524082126516,0.142880595996397,-0.0849188709345036,0.793307171377318,0.194485246965582,-0.524255472968775,-1.68697994895123,0.380881596164461,-1.55335114370349,-5.73491944184632
-1.69672746365705,0.897794224793899,-0.378421245038431,-1.02588344254613,-0.189270810977622,-0.0607793312084347,-0.945148896287263,-0.903648160157949,0.0929366081493796,-1.7029580699779,-6.30959112131513
-1.61988013690564,-1.42088841709803,-2.81081925419749,-2.36707673790504,0.243757064828827,-1.26911851033602,0.0125061955850048,-1.06431921328001,-2.04020882806787,0.668291562378581,-10.230235405904
-1.35686241239837,-1.95959558118747,-1.00557719953914,-1.27358985480236,-0.889590909920975,-1.06874107995291,-1.70598472167638,-0.709966138412722,-1.32411443477471,-1.88617109715326,-11.6713883507517
-0.564051377255881,-1.70573826416531,-0.0418971473529313,0.544253392207998,-1.16251922591726,-0.408384465309529,0.166555742669714,-1.21209035385264,-1.0274626556322,-0.279802755371421,-5.13511464159436
0.380896051399859,-0.656480776417029,0.4365254468363,-0.235763009524883,-0.785424293433886,-0.77166144236824,-0.504344673608216,0.142058180218632,-2.70749677627123,-0.788376598347226,-2.89816576571891
-0.228442170028478,-2.15136309218209,0.168562096451753,-0.821155669876179,-0.361272910601039,1.58661017731697,-1.263578386146,-1.78323899549056,-0.360176933690452,-0.957421964119144,-10.8621754470336
-0.655225092208507,-1.42909406537045,0.662745663131927,0.462184698440292,-1.71313833232704,-0.449783335314368,-1.25554003606702,0.96396070194564,0.465459239211365,1.71925659628601,-0.0429294522291994
-0.659527976639377,1.8274546321521,1.68092742515068,1.39807366387834,0.381308161018845,-0.978207213737998,1.82158895200902,0.494212387152108,0.583799661094381,1.5381567766602,5.35449182760798
1.25337114462975,0.930373189642479,0.656465135111516,-1.15591135773997,0.793307171377318,-0.266787863168662,0.803927420179621,0.535924956061423,-0.108715730564686,-0.0988856563860696,4.33527112324158
0.235304237367741,-0.291086711942375,0.65730446172525,0.987878312041667,1.19642154844983,1.32017528995594,-2.22417268774996,1.36375421907907,0.339770142087722,-0.240828116777414,8.03965728062593
0.593839679803587,0.108203484207605,-0.339995807074323,0.668358916732691,0.260627399995939,0.555429009162418,0.868035414081979,0.831904848170354,1.62420904737512,0.0295539025953412,4.64919396431349
-1.13035765670789,-1.93290309419893,-0.129127330403214,-0.0241493502277278,-1.10532939183001,-0.939683120695416,-0.405381954612889,0.101708211755681,-0.524791583678897,-2.13344814063858,1.0527070591234
0.0484192980872005,0.694657013719956,-0.56311407157428,1.10676572852152,0.974592102287221,0.545449989996622,-0.732767958282142,-1.12307152336796,0.173488012190404,1.76385470559835,2.7708062093333
-0.957348946741743,-1.51547283590479,-0.00904578787206483,-0.639865042122749,-0.361272910601039,0.486153109240076,0.762369265448568,0.568233909973179,0.0670154569506802,-1.23711893235221,-1.73723651466268
0.885524508488337,-1.42003640494822,-0.986820836061838,-1.73615065791425,0.513839236297088,0.162913043375476,-1.8854466231575,-0.481564738393909,-0.873062576507318,0.513098676765442,-10.7803190625511
0.85393607989924,1.35046865009589,0.590572577075837,0.328694865212264,1.67835247531201,0.0143010682817815,-0.358769040365443,0.43359922918144,-0.750750812256973,0.720728486513806,7.22984208966646
-1.07489201020978,-1.41414591844439,0.662745663131927,0.0815673128400292,-1.71313833232704,-0.205078146097788,0.856069583347878,0.11194913994574,-0.677039625227992,0.635206221528471,-5.05382178134988
-0.690103792512463,0.602019973656275,0.279840215111639,0.724780117597452,0.315030566945174,0.738192256382928,0.527085345000005,0.918678534885985,0.508698553842225,0.844029770183179,3.92570290313335
1.62273508839231,2.51946313396093,-0.241400966272688,0.438380351553851,0.203235095476909,1.8300717647798,0.423224006410602,0.602668057213089,2.04135945308053,1.07213192464029,8.33243898782693
1.14666673396272,0.460165283593819,0.836971002866283,1.07560612469214,0.856206357020574,0.270011709179016,1.23922993740787,-0.983071236078669,0.954406556921765,-0.424720986168613,3.72417553424794
-1.69444283219293,-0.736638902786129,-0.556632592890824,-1.25461243831957,0.298911237763623,-1.43084537854563,-2.94234526210708,-0.472602058429553,-0.647812097945202,0.765148057019209,-6.64514650938803
1.70356136237927,0.735768420611716,0.438341187633691,-0.627486500690778,-0.324614464467584,0.0744504026117397,1.20421522509914,-1.21546670943073,-0.385392321265118,1.48921300744565,4.45854925933236
-0.360924012568703,0.719847361839624,-1.52606987750793,0.650779000106789,-1.1487143067487,-0.96176303797741,-0.253381153392142,-0.542695707425193,-0.841166397660527,-0.855413750113691,-2.99375343532757
-0.629952266629962,-0.592922016150903,-0.644312793695383,-1.52440514125492,-0.263719730918298,0.0883409127024027,-0.211827265043857,-0.207205350756823,-1.51379762220074,-0.0624080993830288,-6.79092068416167
-0.127305878032646,-0.366692461129983,-0.106279084047026,-0.150848871083437,-0.113678726903851,-0.406174058451231,0.72036471499294,-0.182088950486147,0.477091427142971,-0.0624080993830288,3.53910487516262
-2.37302543301441,-1.08636680248994,-0.915819098726684,1.88430340775289,0.266922839634099,-1.72017381800618,0.0341783282155188,-0.802271008514892,-0.959160167802348,0.668291562378581,-7.33747628383426
-1.36291428630633,-0.238338952968602,0.423566394308052,1.34752213473613,0.18502047480414,-0.205078146097788,0.343286873295736,0.0587175492516078,1.08664413481255,1.07213192464029,2.10211898427423
-0.258260121370487,-0.0628066257558743,0.127078242504474,-0.155968476792866,0.252059668811728,-0.862762770039103,-1.16677746811053,-1.19359512071283,-1.05338787495148,-1.48091905794512,-1.34717506000549
-0.221885906633234,0.307769041964615,-0.267728717039132,-0.844371663651554,0.996495098119196,-0.648547437107104,0.778014441258094,-0.481789680841384,-0.306821050670617,0.978107081880921,0.951713431674375
1.46226100031552,0.347940990344813,0.662712133052734,1.14172987791793,1.34272215451013,1.8300717647798,0.11192611940212,-0.235068461492056,1.01755528736056,1.59008597372805,4.83380811354818
0.301497075765792,-1.18176982611496,0.904698121396329,0.43250490584378,0.0456968319361118,-1.29762708243855,-2.18778881179854,-0.568043045263594,0.160827624977165,-1.17932400720577,-3.10835796056004
-0.271365100997791,0.0457569569136939,1.1913647103102,-0.032303569542421,0.467767533561486,0.396102594281587,1.31002293652954,-0.50179092864306,-0.0474680340424545,1.15316665286156,0.995425984520972
-1.13269484867532,-1.93290309419893,-0.870177800140109,-0.639865042122749,-1.54430599013876,-1.01072405981251,-1.2343537823595,-1.34818468738163,-0.597019396563672,-1.95333962998813,-5.85416902806796
-1.36291428630633,-0.238338952968602,-0.107865306539679,0.166101766441982,-0.104860604175047,-0.70258595648007,-1.23068865919426,-0.0566626883864822,-0.579773209742364,-2.53050819334374,0.1522014485334
-0.617493200009232,-1.23371505056353,0.201312785190522,0.721293160916136,0.0456968319361118,0.112146961372532,-0.74194835877437,0.805894058724237,0.508698553842225,-0.39766029028134,-2.39337368115994
-0.0103041390484867,0.0635982081800534,0.555797382729214,-0.0461215876583315,0.213850201398026,-0.192095338305545,-1.56771939972208,-0.0566626883864822,0.487589872216033,0.712679483771658,1.44825984053318
-2.0698774776963,-0.956650318855256,-1.77811623775156,-2.36707673790504,-0.538446803827735,-1.06574168846952,-1.31897143890121,-2.81206698894841,-1.54273214911419,-0.0104609223742753,-11.7285991539724
-1.55015418749176,1.2801643497676,-0.824868540206852,0.918621777055444,1.64677229356,1.19690444086956,1.98364527032994,0.60696253794001,-0.313597657283873,-0.902114941685791,4.04908319825623
0.614658445609084,-0.617500487722762,1.80862675900211,0.794647453868095,-1.86590635828847,0.89939810965293,1.51102472888783,-1.09597383873944,1.21508428364536,-1.11953351185347,1.60601821733936
-1.36395719128383,-0.238338952968602,1.05917378529236,0.538294612777064,-0.586480755413008,1.2545580729474,1.28089277950223,-0.460544087628189,0.224452505383859,0.855570788818124,1.72427597616733
0.560899384656075,1.38383785667213,1.26796919505573,0.433349648754982,0.180086971174147,0.16866823396718,-0.52369775316994,0.203297749231352,-0.307153922298872,0.720728486513806,4.414053823096
-0.167804681274276,-1.32175634141207,0.144459727485893,0.638942008418912,-0.926774949904154,1.25429461111578,0.0177587530467998,0.568233909973179,1.61229553108393,-0.762785075990925,-1.11638829022932
-1.13269484867532,-1.93290309419893,-0.198682226203079,-0.476827160127265,-1.30803925188939,-1.58138156527345,-1.30984183266468,0.142058180218632,-0.226572119040162,-0.450074059922724,-4.77966783100512
-0.228442170028478,0.529554462961639,1.10330943876429,-0.146219922348723,-0.850096589786591,0.526914362019045,0.848876405559989,-0.0220791755198024,0.881430699884742,0.0916915558576165,0.259233319660601
-0.894427439068835,0.578209904645171,-1.1009630057566,1.24996266740876,-0.521344865084894,1.15412838742251,1.19785871033589,-0.120719883917658,-0.844647176715602,1.92023174622198,0.259233319660601
0.620587946531378,-0.462561224235752,0.31556693020925,2.29446246851237,0.190687821713051,-0.448520891067151,0.667662936386644,-1.43500864332757,-0.00586857848870837,-0.230657019224379,3.72417553424794
1.1544918305289,-0.269240394762555,0.366589783572238,1.41454979130234,2.17961602747694,-0.779668176657245,1.50414589892401,0.800593635664263,-1.0613707900761,-0.112212730989687,7.89296558355242
-0.555799816644133,-0.35322511107535,-0.28635561340419,-0.534198194546649,-1.7542660028655,-1.12852907256925,0.724659647406787,-0.0210613830836421,-1.60021284229152,0.597107854676252,-5.05382178134988
1.86226399459086,0.963009866208027,1.39851946079998,-0.140956088731948,-0.320618606481103,-0.406174058451231,-0.0353497733944859,0.302410623265135,-0.331949367342233,-0.788376598347226,2.98240148519413
0.138908291826101,-0.320969273417703,0.65730446172525,0.788302469652774,0.320592692866578,-0.128364728715822,1.34639948237134,1.24232798570681,0.859164316488416,0.191727200624488,5.52314231881703
-0.651086550177883,-1.62777694444058,-0.182348181677836,0.544253392207998,-0.926774949904154,-0.213577001045358,0.166555742669714,0.503609968279565,-1.58961911592215,-0.762785075990925,-1.73723651466268
1.14801006927626,-1.56832976788846,1.02535842726277,-0.500554248546304,1.44955026532443,-0.868361541214564,-0.027881572468399,-0.60784301025374,1.1477041669621,-0.424720986168613,-3.10835796056004
1.1544918305289,-1.56832976788846,0.0875589819245896,0.64571801708489,-0.512881353070448,0.475567769157686,-0.544966484506224,0.36076487069699,1.61229553108393,0.300430224820456,4.53827327139253
0.322610972275183,0.536575852284958,0.621734805820224,-1.13924588133999,0.834296832239692,0.376467589159583,0.197491819971963,0.753901060113922,-0.950758545272751,-0.241879343245908,0.309853902675791
-0.794544418600222,-0.383090645851282,-0.269868107042231,-1.16931065777791,-1.404169944872,0.0737071719716031,0.0998487620754388,-0.0210613830836421,0.411691343019804,-1.5010933390522,-6.12202666338058
-0.859120751343603,0.578209904645171,-0.223447410776598,-0.148127139632824,0.629608614444779,0.486153109240076,-0.267281470771733,1.21165447792998,0.933309700335724,0.241219785330347,4.50143017292602
-2.9067829316104,-0.894845071403794,-0.222253433115445,0.219250232122483,-0.427276150840266,-1.20174891386448,-0.988002716507391,-1.06782766265129,-0.77075312355524,-1.3424596711053,-7.59580001400985
-0.0827196240200086,-0.534238394931804,-0.287237367633368,-0.569270303446777,-0.113678726903851,-0.521946981033455,-0.685354414452056,0.838244729208076,-0.117004523688744,-0.405047596899111,-2.89816576571891
0.750857652555464,-1.69872771738036,0.831992557649729,1.06557184631788,1.44955026532443,-0.386275155214214,0.487388756265908,-0.0825256334116992,-1.32020179497382,-0.171683353301089,2.18332400585877
-0.851142412453714,-1.02034962589416,-0.660635353756448,0.221015021461349,-0.0713912644942549,-0.0844225798552327,-0.919657388441474,1.05564837152662,-0.0212195203557744,-1.62785514140017,-3.06726567360506
-0.690103792512463,0.0733160027402993,1.68767343620615,-1.03783059787177,0.320994556574513,-2.06370578778243,-0.966679901322367,0.838244729208076,0.420178015404892,0.175645038688416,1.86532592578281
-0.348854566371216,0.719847361839624,0.523217364891509,-0.292999319391046,0.362206271229065,-0.431924260430589,0.934297013183489,-0.182088950486147,0.220259789955627,0.973085325025891,1.38895261446941
0.610803804169319,-0.462561224235752,-0.767065261279427,0.967663323208046,-0.487424781265352,-0.0445119495388271,-0.974196632235754,2.08948153778241,1.94217704362712,0.00371865729757402,3.67412634399529
-0.637443428229453,-1.28446014849386,0.144459727485893,-0.856885179758989,-1.70830714926273,-0.718439878513412,0.856069583347878,1.69527716217985,-0.0622116621249909,-1.70833254557271,6.52368626492758
-1.20402365717526,-1.93290309419893,-0.870177800140109,-1.31592102601883,-0.889590909920975,-1.43084537854563,-0.89203029372381,-0.836799112666919,-0.606931165166103,-1.4187746620425,-3.92797623398164
-0.894427439068835,0.578209904645171,-1.1009630057566,-0.623168021185668,-0.375632541466728,0.841231581814047,0.425490229826415,-0.0822749726101537,2.4824443719153,-1.18229627423916,0.259233319660601
-0.163565907339747,-1.32175634141207,-0.0655744554761869,-0.813742788665124,-0.183914364195703,1.58661017731697,-0.546783244559173,-0.784155780838703,-0.252339963700577,0.0914979839375003,-6.34783008001537
-0.0308579956951931,-0.267959975767538,0.0592432241727037,1.03482029897257,2.27640184081241,0.155570707930922,1.12334698253454,0.0481129361871516,0.817545315383335,0.0841535838367429,3.66469600814445
0.438360420736719,0.00435506028320112,-0.594722462746256,0.194100417605741,-0.200030289668743,-0.273454616600673,-0.875434187585889,-1.05044244096103,0.947533109218406,-0.0164817591485499,-1.10568952747362
-1.13269484867532,-1.86682953146433,-1.26379659417026,-1.00065733015702,-0.550662261291693,-1.01072405981251,-2.94234526210708,-0.614624950997213,-1.93799872501812,-1.88617109715326,-12.0838171767377
0.54193914259383,1.38383785667213,0.30169914495912,1.70989729734439,-0.382788878122998,1.42491157986991,-0.938985283806105,0.48684819082331,0.627851430777912,0.00371865729757402,8.33243898782693
-0.745415016414764,-0.440528987848114,-0.269868107042231,-1.45872698439648,-0.413102962450628,-1.37495031278759,0.724659647406787,-0.178824661571141,0.0328307163162699,0.645361390113946,-3.17046522594922
0.635719855888243,-0.454781113494504,0.61832821484053,0.561254094496128,-0.894335531345655,0.271157396284519,-0.699051346200251,0.00525403340334001,0.371442648717844,-0.649665500021218,-0.269092147782246
1.76735204800586,0.767579690045061,0.104170385788654,2.37613286371127,-0.0288406814636318,-0.251444304600221,0.265206532182378,-0.471354605464611,1.08664413481255,-0.536993653415859,2.7708062093333
0.941248828770552,-0.481306969060774,0.616067502407233,1.65083819269426,0.602522422957104,1.62607054878912,-0.281727870881278,0.522726690642161,0.339770142087722,1.43146904712876,9.20369411275049
0.941248828770552,0.960167365290568,0.752263845514741,0.936651258245387,0.633609387438075,0.895107669782214,0.619330186899614,0.974856077575465,1.16136746338876,0.213282085972976,12.875942416439
0.51713371612193,1.36543487447053,0.413296935590012,1.00526144958297,0.50891344364085,-0.509571585989416,0.647186167938472,0.307167159965294,-0.767051865052681,-0.176270543053427,6.24796779407999
-0.885809879466132,0.578209904645171,0.231770963324423,-1.18274955338703,0.315030566945174,-0.00633243379022126,-0.57399434668775,-0.219414694665283,-0.836353419107289,-0.236752650084953,-3.06930593530042
-0.757748068168859,-1.29563801127286,-0.0655744554761869,-0.751135596927793,0.466695783766351,-0.0663778311326336,0.535409428098952,-0.339686386564441,-1.17247484888318,0.68537264966408,-5.13511464159436
0.937668482306492,1.27726670515443,1.0170529652393,0.556157402658227,-0.202539112071639,0.109167437575064,0.974103970208047,0.327946657523208,0.0956844529842541,-0.991006961176168,3.18376061181231
-0.438205045847272,-0.102955634198322,0.299586790531219,0.855003596895073,1.19642154844983,1.06310394689981,-0.331414578973595,-1.23980095625242,-0.0725019569089025,0.946507592168624,-1.44515005452629
-0.730102371403354,0.602019973656275,0.120141428821248,-0.0659576058833413,0.838430565616767,0.486153109240076,1.31065547755944,0.302885225483441,-0.560796601648377,-0.0988856563860696,-1.1657653882517
-0.254248565157525,0.0457569569136939,0.645347948971753,1.57805368448442,-0.748226070660964,0.389266129722928,1.76898789441128,0.539200874918719,0.274458156262808,-0.924101074430967,4.63106539407992
-1.65040431286074,-1.42088841709803,-2.42691584269381,-2.28044147970893,-0.123733522374182,-1.06574168846952,-0.145391609166644,-0.884756195337886,-0.146388103744256,0.668291562378581,-9.15376639957371
-0.129940963131429,0.0955906736036858,-0.07738636828517,0.968217865810027,1.11712461018265,0.695096487356782,1.08470949286277,1.29849364438444,0.288514716931284,0.359605130025821,3.40611947315085
-1.5030289507479,0.185813900870865,0.313446973119533,1.04609067149445,0.043404673658138,0.606341440371251,1.16787927317439,1.67043252756151,0.365807152427399,0.191727200624488,10.8180797997653
0.120061301088269,1.01209174396427,1.82449255994017,-0.0837833331781758,0.225974799471067,0.678437067881679,0.0673582344368043,0.572485792376394,1.13776587614841,0.0325352768472055,5.49616451133558
-0.617194821358451,-0.435839812113888,-1.08575645581418,-0.453152108651479,-1.24037784083518,1.15412838742251,0.439632518472868,0.542564617550599,0.697390457442017,-0.933058899937969,-5.66874684305782
0.13487794314371,-0.320969273417703,1.41366385386539,-0.0689414743555483,-0.979679048094746,-0.0445119495388271,0.577377193209116,1.15481050866696,0.484685472437522,-0.788376598347226,2.75267449452459
-1.34835282265412,-0.0324590535146015,1.16502290488961,0.246232359811268,-0.407949044896935,0.0279265941413723,1.50753051623068,-1.16709591514158,-1.03166068887303,-1.24219835217359,-3.36217828880632
0.439043371952927,-0.292072905107864,0.809390217248887,0.2643684897427,0.399386262060284,-1.29762708243855,-0.244624363443287,-0.752875437518668,-0.0263033199638117,-0.237416108817607,0.474099545914328
-0.491125258334233,-1.49849309968934,-0.453113336670836,-0.70082249548784,0.0717938903708285,-0.269802574640069,-0.0271202915736596,-1.21209035385264,-1.05936030681434,-0.0800867835337727,-5.13511464159436
-0.036513780416524,-0.739944873296238,-0.287237367633368,-0.569270303446777,-1.01722012135994,1.0867867473247,-1.02435568973987,-0.824375300083858,-0.156113321533679,-1.18286992481979,3.68036147858557
0.0804709950345865,-1.67937172514629,0.34907982775328,0.638942008418912,-1.10532939183001,-0.386275155214214,-0.0505940696438598,0.819006201695114,0.0750377115733416,-1.04254143922101,6.00517121013083
0.347235355205515,1.00906338917611,0.327117196203916,0.973218265771595,0.633609387438075,1.33699241287134,-2.22417268774996,1.36375421907907,1.16136746338876,1.41759346992636,14.8485517149161
0.175367971774673,-1.52606747660346,-1.07336257439187,-1.45662932117475,-1.70754210348731,-0.296972580048952,-1.2343537823595,-1.05876938495038,0.299935309822759,-1.87825241377342,-6.34783008001537
-0.927139002622863,-1.3184115108159,-1.04774088471502,-0.44665072767409,-0.988242397515792,-0.100641557752917,-1.46676918709579,-0.201991640717362,-0.657598974737881,-0.372186659816966,-7.11714582846113
-0.594804931107283,1.12767014411304,1.05722182517481,-0.0849188709345036,-0.850096589786591,0.864773425613177,0.825289505465953,0.693497832304896,0.866963488405198,0.075362515878227,1.12501105016752
1.70356136237927,0.767579690045061,0.438341187633691,0.800184697804697,1.07242411269897,-0.251444304600221,1.17880724542618,-0.983071236078669,-0.221624565751113,-0.903807306415548,-3.46138168100781
0.726603154583863,-0.483535491147151,-0.126793994637805,-1.46731439525539,-0.648305053393528,-0.296972580048952,-0.263357613650744,1.1928699408338,-0.162079028964372,0.0163276946146224,-3.12447831712178
0.610803804169319,-0.501144609612832,-0.599161676795744,-0.926595510292399,-2.35053777839281,-0.67292869277836,-0.517040410558119,-1.57573855207108,-0.352908516641997,-2.83429477982301,-5.95871188669493
-1.15128598979595,-1.86682953146433,-0.00904578787206483,-2.11142227095383,-0.353214093904555,-1.68851245721604,-1.30984183266468,-0.489089994505465,-1.14852755226805,-2.53050819334374,-8.30063100788168
0.858254754816648,0.522386121351675,-0.951624312535581,0.565285444776846,-1.59020684890795,-0.500442365665877,0.0177423557192641,0.038658213611852,-1.58961911592215,-0.632794120878086,3.18376061181231
1.65464537366686,0.22933919114844,-0.487354329420166,-0.800817719482881,0.493130933480462,0.300596728288387,0.987568385049714,1.67043252756151,1.01242587161293,1.22965979940389,3.3867241534968
1.07190835045228,-0.136341712622486,0.352132200000258,0.487692693251094,-0.112075300153402,-0.245774939767771,0.368737554331841,0.227486822941542,0.952173429075802,-1.32614908218765,5.69619164914046
-0.534178698189943,1.6651700903775,0.477865003500655,0.328694865212264,0.208416176001293,0.711575914701111,-0.244624363443287,0.51057838227797,1.37552247595374,-0.447175675702892,1.42557599711435
0.0446156205322439,0.0959662427621703,-0.07738636828517,-0.751135596927793,0.885346336621768,1.24063376793005,0.524249668904,0.974856077575465,-0.757401142616713,1.44638795886566,5.04061698053195
0.301376855983088,-0.628427297315578,-0.483675793661475,0.687907194321081,1.20171659145694,0.453349383177342,1.09829836589057,-1.22210758342585,0.539940151431718,0.333977001511539,0.768307329360211
-0.0298777601843186,-0.800635165776999,-0.304898547836873,-0.569270303446777,0.0227140461926286,1.32158010932859,-1.02541382525416,-0.852965707399083,0.0670154569506802,-1.78464507498101,-0.0341164766542303
-1.87121097384803,-0.885636504591076,-0.556632592890824,-1.52440514125492,0.101630798129092,0.11553629604488,-0.672830431809522,-0.734455193947528,-1.41341932657458,-2.99080906054958,-8.13563250606662
0.692730981895785,1.35541303074335,-0.31968387483402,0.294321336725202,-0.141272503177479,0.200478321681071,-0.252142896474095,1.53315354984054,-0.278477805579969,-0.401346811562191,3.47567976181352
-0.192675403426937,1.28143707229782,-0.478364777124193,0.619017074706249,-0.720868088665786,1.25429461111578,0.216899998067608,0.445116451226114,-0.750750812256973,1.28437328019579,0.157883234204538
-1.35686241239837,-1.80444094574947,-0.689112131578356,-1.31592102601883,-0.889590909920975,-1.43084537854563,-2.94234526210708,-0.853383035445204,-3.3584527185074,-0.455389786140248,-8.13563250606662
0.540139264519614,0.672110325294996,0.400116966189402,0.916776303380867,1.57283352977411,0.913664089265412,1.09829836589057,1.1169175481241,1.16136746338876,1.44638795886566,11.510139932659
-1.88354643879517,-0.783589502915426,0.113232805143511,-0.644976289303526,-1.70830714926273,0.629978217410022,-0.456741115683769,-0.734455193947528,-1.22563474465663,-0.866592981269466,-9.44562800656458
-1.69444283219293,-0.0801058807638605,-0.460547075929265,0.446561211676744,-1.7542660028655,-0.70258595648007,-2.02918983862852,0.131249952305756,-0.163397629926695,-0.2904894409759,-7.30159788267121
-1.53961136075367,-1.83993499036544,0.199150098073774,-0.644976289303526,-0.487180571834168,-2.6057488009583,-1.30984183266468,-1.34210433974453,-0.93696817173413,-0.448042732222883,-7.33747628383426
0.360056648802817,-0.963819172021331,-1.22318726188745,-0.25503427401202,-0.580270388783265,-0.505883317211563,-1.21329358224921,-0.235099317554723,-1.12484543805314,-0.630038966375303,-10.7803190625511
0.593839679803587,0.108203484207605,0.428519121559712,-0.25801423691734,0.835407900334441,-0.862762770039103,-1.16677746811053,-1.19359512071283,0.380881596164461,-1.55335114370349,-5.73114890489081
-0.363604336202242,-0.233048138650783,1.2339406455243,0.496020171222133,-0.171981333112236,0.389266129722928,1.49517933051848,0.302885225483441,0.121618836597121,0.742621914472544,8.81673055777676
-0.301357849083638,-1.01448906441678,0.833969590247265,-0.822387109342757,0.510672795227025,0.773709897646428,-1.02541382525416,0.440364736916316,1.06587485378957,0.34195241464719,8.27487662153851
-0.260773078821572,0.0137470996022057,1.80860626256435,0.794647453868095,1.08030757818346,1.53182966480874,2.41763301337074,0.571122137890369,1.74541825111825,2.12277164577736,9.2691547819406
-1.02936594243314,-0.226370031721767,1.2339406455243,0.624380098782735,-0.194172684839532,0.482336576377897,1.28089277950223,0.154623673954391,0.178254431537986,0.718947480953908,0.259233319660601
-0.609628790163897,-0.700030149878527,-1.4025069399391,0.0182192332512078,0.153275724975457,0.841231581814047,-0.363639224426685,0.0992949194773073,-0.971629815965573,0.541819330937445,3.96870600684762
-0.629126609320576,-1.28446014849386,-0.0655744554761869,-0.905991989892067,-0.149384499257486,-1.20059664524831,-0.464439715540108,-0.619431450911464,0.0328307163162699,-0.0971069196566787,-6.08955181151669
0.251726329981377,-0.5262290147389,0.616820115943953,0.561254094496128,-0.979679048094746,-0.249102113669696,-1.18635814399044,2.08948153778241,1.25936430872614,-1.14388020630837,1.7832651772044
-0.466482474786041,0.892601330196961,1.42121286802406,0.0270174836448421,0.225974799471067,0.864773425613177,0.281023083001656,0.572485792376394,0.836329420898652,0.844029770183179,8.69887428167179
1.03053857802891,-0.356539344133464,1.36919522005749,0.64571801708489,-0.112075300153402,0.225824795605185,1.63177743934905,-0.788012555754143,1.21508428364536,0.408260255515614,10.8693895582409
-0.225567434573975,-0.107496334637604,1.1913647103102,-0.220168834193965,0.132498056515785,-0.862762770039103,-1.03716370426238,-0.318248805777298,-0.16006715430182,-0.709897392661742,1.62488831803712
0.798063076037428,-0.499369277920935,0.616067502407233,-0.235763009524883,-0.894335531345655,-0.45072797903605,0.960668973526166,1.69616129768124,-0.456959112499719,-0.391200760361187,3.27960598883635
0.378461354715859,-0.215176513613016,0.234459130687679,1.31390790427206,1.19642154844983,0.124155741023406,0.832440346934506,-0.427315715540639,-0.670329525271539,1.40176265946001,4.48156128092928
0.299876079652048,1.57318599813735,0.0548842384818759,1.06837019366958,0.589037898809764,0.0658615917479976,1.16787927317439,0.494212387152108,0.308668210833048,1.06208432111586,7.55945023921083
-0.142887200613866,-1.78075033645223,-0.0418971473529313,-0.385993412975455,-1.62614515794738,-1.24219289939731,-0.592587946593247,0.126045277167497,-0.597019396563672,0.604433192321087,-2.77023673377943
0.532368428996346,1.06202614939875,1.14088464299621,0.966563445350777,0.633609387438075,-1.61511825890085,-1.46672792981226,0.505483422283054,-1.57282089525583,-1.62433253418395,5.27021901550354
-0.000267554832202173,0.00667574186903532,-0.0120539216173171,-0.18894148712755,0.837597222615238,-0.862762770039103,-1.029499571627,-1.68697994895123,-0.169949542564183,0.652470926010981,-1.74758371880459
0.270904201892736,1.6566447129496,-0.224241155648776,0.0258114023069999,0.799232849980915,1.86374575746736,1.82701845066381,0.0398711520213617,0.0421107107778139,-0.203426763341644,8.33363048135675
-1.49958146519793,1.23329503425263,-0.824868540206852,1.76107613971522,-0.521344865084894,-0.478372057651768,0.385624483654377,0.307167159965294,-0.959160167802348,-1.16707164056005,-4.00168887673223
0.407896946398122,0.0685728449076916,1.66400643967643,-1.03783059787177,-0.706159239927613,-0.545412417539954,-0.0327200858759289,0.827956371818068,-0.803144532410302,0.567302734564938,-0.173491987148909
-0.975675787845587,0.0974711229393176,1.06023624528016,0.246232359811268,-0.722838213595543,3.0842305975713,-0.319855857112351,0.107835843309484,0.055311707062079,1.60318624678537,-0.228473233091442
0.921189631814338,-0.124557820126885,-0.121199163553939,-0.813742788665124,-1.13179910421325,-0.545412417539954,-0.517040410558119,-1.34818468738163,-0.352908516641997,-0.150911788232589,-4.09250089098566
0.884476026037591,-0.865086311746349,-0.365985893914246,1.69539853169736,0.156798024666139,1.59162280839464,0.201896418040553,0.815891906997555,-1.06838126542797,1.58026499486039,8.03965728062593
-0.0827196240200086,-0.534238394931804,0.236864976725377,-0.273836766213516,-0.32804378236371,0.0456770904659662,1.6353089279485,1.1928699408338,0.477091427142971,-1.01731952804388,0.318031399703851
0.687451275222084,1.75167607925311,1.22972606998917,0.696198594919764,2.42981775856262,1.86374575746736,2.39329754787081,2.70348328498576,2.32384780539715,1.86438757313271,11.2651709549737
-0.438466757193084,1.49137736696592,1.36716465430693,-0.297332912787318,-1.40026264365721,0.305124839158629,0.840275665494457,0.046554816062886,-0.0838072556755758,-0.962538770258506,-3.80894753720394
-0.591067722195358,1.12767014411304,1.05722182517481,0.356039049234997,-0.304226758562049,0.305124839158629,0.111939061114614,0.347529084281569,0.3875471710498,0.742621914472544,-0.228473233091442
-1.85993179024514,-0.895041851012343,-0.556632592890824,-0.918528791961733,0.298911237763623,-0.478248085973095,-1.8854466231575,-0.903648160157949,-0.647812097945202,-2.99080906054958,-7.33747628383426
0.560899384656075,1.38383785667213,0.591835971744339,0.0142497757432245,-0.324614464467584,0.200478321681071,-0.524255472968775,0.409322498646063,-0.538414031199931,-0.788376598347226,0.0604338054019542
0.687700481688839,1.20111022077819,0.142880595996397,-0.0849188709345036,0.793307171377318,1.31214988880488,0.149208912653693,1.16076095724504,2.30489200883252,0.695307638151605,13.5218747043091
0.360056648802817,-0.215176513613016,-1.01766308577579,1.03574222822793,-0.471794523078671,-0.432791814608384,0.788561203007692,-1.11155801714123,0.231699227005967,1.35491697495383,4.63453059071863
-0.827001258567728,0.72871282988471,-0.659776561367756,-0.560026506407578,0.402226318169334,0.924827439475719,-0.589674005523688,-0.086755198556877,0.693745637679356,0.489817558727683,5.52740981437306
-1.65040431286074,-0.788815342372662,0.113232805143511,-0.644976289303526,-1.70830714926273,-0.0657512540168383,-0.456741115683769,-0.821691997555641,0.24107009272633,-1.23537478085851,-4.33897853711187
0.900133485733433,-0.865086311746349,0.0137869445980149,-0.896759487553292,0.946396109929284,-0.99185682772527,-1.06288630931129,-1.9908911933084,-0.647812097945202,-0.289498634565408,-2.27635283060121
0.182410984713662,-0.00955960890340882,-0.662945339961111,0.194100417605741,-0.812904208993168,-0.179489996415962,-0.875434187585889,0.979059873728622,-0.832651682854873,-0.788376598347226,-4.31778278233936
-0.237310833371559,-2.04036568424613,-0.233714827920388,-0.0760748844977828,-0.499853432270279,0.587389138759633,-0.592587946593247,-1.16985251464467,-0.26557423958899,-0.67606980218345,-0.0341164766542303
1.19558103916908,0.415629401653801,1.71581805712057,1.14172987791793,0.571409838618114,-0.49922988563053,1.50414589892401,0.676689578042669,-0.0401058814813028,-0.450733990343007,14.411415449048
-0.936984941220334,-0.11600999662027,0.518142886376422,-0.723249706395958,-0.194172684839532,-0.109578740153657,0.349840130590781,0.28990529445467,-0.290686305961848,-1.5010933390522,-0.228473233091442
-2.09015886983352,-1.46025596590918,-0.915819098726684,-0.463622235645582,-0.3800007385848,-0.645643906210411,-0.696989630169598,-2.28475249349674,0.598530483969024,-0.810643301321057,-5.9577321574368
-1.94701385650458,0.180821776057245,-0.0219798401953122,1.04609067149445,0.504190385440357,-1.72017381800618,1.59530920672465,-1.16324231589309,0.231699227005967,0.668291562378581,4.63453059071863
-0.127305878032646,0.172723131648615,-0.799685142794142,1.23632218480578,0.504190385440357,0.555429009162418,0.955078383479754,0.201934550158076,0.239304728875661,1.22965979940389,7.61590079704015
-1.49958146519793,1.2801643497676,-0.824868540206852,0.918621777055444,1.64677229356,0.187188647727149,0.770146437990775,0.421980533295286,0.52565006843329,0.026083197465425,3.59545968644669
0.213913823738559,1.4586443981111,0.188286618108959,0.895101623052235,0.633609387438075,-0.509571585989416,-2.10863141220398,0.36076487069699,-0.51013688742683,0.584222810737545,8.91109227103522
-0.395429213226572,-1.07953614294271,0.0243585491888368,-0.896759487553292,0.466695783766351,0.773709897646428,-2.11402077177649,-0.192993935710338,-0.873062576507318,-1.31221814094137,-5.85416902806796
-1.8109358756779,0.972337785534483,0.441380153609484,1.19700950412802,0.212627861584559,-1.72124565193001,-0.558372770456796,-2.0246934152301,-0.60707214429191,-2.03881137545084,-3.36217828880632
-1.16930077364998,-1.93290309419893,-0.129127330403214,-1.43034266630819,-1.70754210348731,-1.00515386041533,-0.405381954612889,-0.709966138412722,-1.54273214911419,0.444702944674394,-4.11715375812998
1.23035038513887,0.474725711101695,1.39679883422884,0.601332275071228,0.61955885641972,0.246634993763468,1.63177743934905,-0.983071236078669,0.917017829844502,0.400063674803993,7.65774594917208
1.01404532344017,-0.180737352062243,2.63018746758118,1.04993465896402,0.865630546050399,1.81443791474593,0.11192611940212,0.336899667661673,1.54445574610168,1.60227137145473,9.20369411275049
-0.619837690131076,-0.435839812113888,-1.02155661753597,-0.181352290282808,-1.03198522417777,0.404995233295189,0.960668973526166,0.831132568684692,-0.677039625227992,-0.18782279393712,1.12501105016752
0.182410984713662,-0.00955960890340882,0.142040041833349,-0.155968476792866,1.79082858251635,2.10607678732586,0.31767831852046,0.0817182310439155,-1.11446875807682,0.0841535838367429,4.59337890988915
0.690115432493652,1.75167607925311,-0.454271922320834,-0.224823573069255,0.850492483454786,-0.431924260430589,0.803927420179621,-0.101088448345025,0.559967585943609,-0.305672957445466,2.53832532799909
2.58727710160969,0.277679620949844,0.4188652132061,-0.563108113576111,-1.04682803011822,0.15494314887963,-0.398644106286945,1.79515853465787,0.653029721112085,-0.0917702254408847,0.0604338054019542
-1.17107146078576,-1.93290309419893,-0.87591816079,-1.31592102601883,-1.45422692896003,-0.778798340010092,-0.652869173606465,-0.489089994505465,-0.524791583678897,-0.450074059922724,-5.85416902806796
-1.57675383107516,-1.42088841709803,-2.81081925419749,-1.93041917296588,-0.123733522374182,-1.15295485917814,-1.31897143890121,-2.33992297726194,-0.378175918753417,-0.448042732222883,-10.230235405904
-1.24289785859397,-0.231916859240005,1.00195008248282,-0.582370241941809,-1.15665391623505,-0.852917152161513,-0.504344673608216,-1.69431395747837,-1.0883952203367,-0.497378054767975,0.159562457962113
-1.178878040946,-1.93290309419893,-1.26379659417026,-1.00065733015702,-1.10844530997042,-1.58138156527345,-0.672830431809522,-0.709966138412722,-0.597019396563672,-2.1028885744165,-11.0603621265128
-0.651086550177883,-1.62777694444058,-0.143556590662649,-0.649228127341871,0.0717938903708285,-0.743091940898668,0.856069583347878,-2.40502926840262,-0.535859761762117,0.236397667775517,-1.43543390673726
-0.671380627626898,-0.73703429499628,-1.02155661753597,-1.87030611444304,-0.367509075951528,-0.732283194915493,-1.70598472167638,-0.709966138412722,-0.378175918753417,-1.02992994378472,-11.0603621265128
-0.335815958588517,0.363886550478613,-0.0066787788801355,-0.109047660169183,-1.24649663976865,0.389266129722928,-0.810748588349537,-0.256011881698255,-0.922696604219642,-1.00821271543453,1.51020847700837
0.560899384656075,1.38383785667213,0.30169914495912,0.538483908325863,1.07242411269897,0.194485246965582,1.08470949286277,-0.685700669324602,0.0956844529842541,-0.424720986168613,2.43597795866601
2.55728724481869,1.31771986979757,-0.566496352781852,-1.09876782952442,1.73098270472584,0.561946703846165,1.20421522509914,1.60720657849735,0.263039513716934,0.546170672383712,8.77160377427048
-0.0737751806094176,-1.31463033712553,0.569904828823925,0.0815673128400292,0.0635953879599318,-1.29762708243855,-0.546783244559173,0.115334769581335,-0.239319232892399,-0.16424568948337,-2.89816576571891
-0.521075455496067,0.538113479571856,0.30895478796177,0.916776303380867,0.838430565616767,1.06310394689981,0.302163256569169,-0.473255696224135,-0.129784303451949,-0.902114941685791,0.72930179028014
-0.122340642300825,-0.366692461129983,-0.304898547836873,0.668358916732691,-1.39982454904651,0.61063264216055,2.22199508941659,-0.085780581771846,0.0956844529842541,1.52417544951685,7.36130291543443
0.138908291826101,-0.983077647758059,-0.584843594585974,1.88430340775289,-0.342976370632224,0.281301033923665,-0.880192508790097,-0.0186737217849332,0.803130650161537,-0.0956064480547218,2.95723330040915
-0.142130339371378,0.0955906736036858,-1.07915676364007,-1.74400408557341,0.438689153824722,0.350881620301045,1.31002293652954,0.0377802932674549,-0.699150827726832,1.22965979940389,-1.1657653882517
0.7490925964138,0.479191767830868,2.01907722076451,0.0652880366978254,-0.320618606481103,0.950258192068796,0.031785495434073,0.572485792376394,1.57923882668388,-0.401346811562191,4.98168877855543
0.249343930456399,-0.41980472346492,-0.142339300073792,0.528955825446273,-0.126793361349132,-0.0611571726872127,-0.699051346200251,-0.051478860259711,-0.574012642668566,1.31483271551023,2.95723330040915
-1.43554532700824,0.284413495799188,0.0827651250186663,-0.844371663651554,0.109643663731908,-0.0657512540168383,-0.810748588349537,-0.519804079549549,-0.836353419107289,0.102036866264463,-4.84175860692663
-1.40283371579681,-1.68812567039272,-1.91870375492884,0.501676600298071,-0.821513255756071,0.724182492093991,0.410868937930272,0.568233909973179,-0.459045588091935,-1.18229627423916,-6.65995575783917
-1.36395719128383,-0.238338952968602,-0.133491856330098,0.231789509554441,-1.00137871217439,-0.98812873364061,-2.00675393569766,0.505483422283054,-0.77075312355524,-1.07202084281797,-5.97844958087141
1.53201554955544,0.987209681915822,-0.760096897998004,-1.09876782952442,1.73098270472584,0.561946703846165,1.20421522509914,0.864517823666061,1.32179896189297,0.546170672383712,13.5218747043091
0.0484192980872005,0.0959662427621703,-1.07915676364007,-0.238835643654441,-0.812904208993168,-0.766997368932399,-0.517040410558119,1.24132687339914,2.19374405956566,-0.871043108197893,-3.92265414897631
-0.224732302146637,1.47145232654463,-0.541766879249134,0.0325035123605404,-0.348711715041429,1.25429461111578,-0.345839743447854,0.445116451226114,0.693745637679356,-0.297829848834862,0.259233319660601
-0.0577202815656134,0.808500205143328,-0.192639097275911,-0.750575656622137,0.509135883244484,1.35283400886558,0.149208912653693,1.05173460797077,0.4272146397016,1.56712498616574,4.45325639590607
-0.804987145654623,-0.908740657116458,0.833969590247265,-1.07460718708888,1.09584880746031,-0.812740673638139,0.464977648112859,-1.99202787403744,2.06096424634475,-0.927890169732326,-9.58735933421138
-1.26831134912224,-0.423283040502943,-1.42715840935169,-0.171464525871189,0.488192422490054,0.404995233295189,1.31002293652954,0.154623673954391,-1.20301528479285,1.35662931683434,6.05843224131612
0.24468896839769,1.25653865066759,0.0548842384818759,1.26344513750156,0.14251200113022,-0.509571585989416,-0.624564358064993,0.427864338332992,-0.65105117075098,-0.521092765560237,7.12718447459888
-0.627570907866594,1.89703054771536,-0.266581685425563,2.13170878241675,0.367116545050477,-0.478372057651768,1.59082818988047,2.1687131115317,-0.959160167802348,0.778579493667852,6.5289144360676
0.386332637367857,-0.215176513613016,-0.406973993444672,0.562760698234984,-0.0939299538613146,-0.245774939767771,0.527085345000005,0.802839267307699,-0.345195525463891,1.33149631188952,6.39481414854371
0.0464060384732969,0.694657013719956,-0.56311407157428,1.98787181386353,-0.521344865084894,0.883135893116876,1.76898789441128,1.07778606155078,1.57617334925718,0.190794576978415,10.0242844190718
0.874128938707844,-1.42003640494822,0.769985083871797,0.190259296860891,0.709418488610069,-1.17263762785694,-1.01158562210561,-0.0928239658228086,2.41031201766911,-0.39766029028134,-2.89816576571891
0.679396501870159,0.845197612223581,-0.701863841268191,-1.02588344254613,-1.44992517015937,0.325527824599713,-1.43176563973518,-0.0167963191946856,-0.274573909545739,0.156019706221795,0.309853902675791
-0.327423794171721,-1.59069734463835,-1.15440418605711,-1.36561975705012,-1.45422692896003,-1.72927586998155,-1.02200807355511,-0.709966138412722,-0.226572119040162,-1.18286992481979,-5.15291679429146
-0.0308579956951931,-0.739944873296238,-0.304898547836873,-0.569270303446777,-1.01722012135994,-0.172759458813568,-0.456741115683769,-1.34818468738163,0.0993995317773025,-1.23537478085851,-0.670682531094946
-1.43784285817698,0.185813900870865,1.16502290488961,0.039306678829796,0.300225295305406,0.161992573797352,-1.56771939972208,-0.903648160157949,-0.0474680340424545,-1.7029580699779,-3.36217828880632
0.289888019403397,0.624467310442821,-1.10442320045662,0.873534128178106,0.260627399995939,0.366636668177301,0.955078383479754,0.0679696466877519,0.954406556921765,1.03567534440889,12.7881497880815
1.11013028090338,1.0794056927437,0.753562247543141,0.577245549773083,0.713517992008001,-1.21646514515126,0.892733787058219,0.559349862640567,0.583799661094381,1.15455708968114,8.3298542192807
1.0387402514032,-0.447270063466393,1.20160398414718,0.180224161895399,0.433574777106358,-0.145007020530589,0.987568385049714,-1.42636128865441,-0.16006715430182,0.132295354814314,3.9380534237662
-0.148406439621218,0.225887916807154,1.69642384256247,0.573048842565073,1.24673222376208,1.11928102198374,1.62966980925502,0.917492202930485,1.74541825111825,2.12277164577736,10.8035540853258
1.32861702244119,-0.101128723315515,1.03623210770482,3.06051345012929,0.190687821713051,-1.22615362755802,1.50414589892401,-0.44484906551981,-0.214861542910128,-0.0986554054774241,0.249474792596281
0.532495474842441,1.06202614939875,1.33544161235025,0.330301388445056,-0.46385099202645,-1.61511825890085,-0.519745592112844,-1.42404875522899,-0.214861542910128,0.652470926010981,-3.6377708560639
-0.309306837010098,0.183058632400744,-1.14585022035837,-0.623168021185668,-0.709322729227813,-0.588447212874882,0.0347224312658176,-0.210299376688783,-0.295272499850864,-1.18207267836442,-2.36951744021915
1.50559828731696,-0.721655085707756,-0.977640936315166,1.69539853169736,2.55471893118669,0.811965791195117,-0.544966484506224,1.43985627370382,0.339770142087722,-0.388582462963449,7.2436917216312
-0.842746759631679,2.28712280422254,0.477865003500655,-0.125131654077048,0.0428050542280078,0.711575914701111,1.29224551503773,-0.414561539738263,1.59764686784003,0.191727200624488,2.57221052694556
0.941248828770552,1.27726670515443,0.752263845514741,1.31030456392676,0.619726582033562,0.508365000679308,1.50608503341744,1.1537656640337,1.15884442335391,-0.311903411830888,14.8485517149161
-1.44834143200709,-1.12004701307296,-1.48167327030654,-1.74558969366457,-0.251179050559246,-0.920546545753498,-0.878862988824482,-1.49229463560531,0.323701394931218,-1.81849739766344,-9.32933836022042
0.209478652809265,-0.819898458602137,-0.483675793661475,0.687907194321081,-0.441954601556964,-0.249102113669696,-1.18635814399044,-0.0186737217849332,-1.0274626556322,1.14383740369944,4.11957419583166
0.884476026037591,-0.534573545265599,-0.44533284178571,0.123973927978698,-0.894335531345655,0.982154876855828,-0.345839743447854,-0.239547611251165,-0.162079028964372,-0.986726454529201,3.68036147858557
1.33687390290488,1.38058729495181,0.29834736037231,0.438380351553851,0.721827608282213,-1.21646514515126,0.368737554331841,-0.101088448345025,-0.450295565208919,-0.0342676093067824,6.24796779407999
-0.294587310082211,0.635252754540695,0.523217364891509,-0.250382488021236,1.64704169746577,0.111358486445356,1.65214195017047,0.68199902508397,0.323802039838041,-0.0988856563860696,5.35449182760798
-0.143596142658817,0.0955906736036858,-1.07915676364007,-1.45662932117475,0.438689153824722,0.350881620301045,0.907314035978843,0.201934550158076,-0.736386576785957,1.06208432111586,4.50143017292602
-1.43784285817698,0.185813900870865,-0.133491856330098,1.04609067149445,0.043404673658138,-1.02432656537058,0.647186167938472,-0.341517019891078,-0.361601531889861,2.09599844473895,4.48156128092928
1.27127133840135,2.32370280103905,0.437816043291977,-0.455406281144122,0.203235095476909,-0.640736325299582,0.242354533699109,1.16966912392564,0.658554845030538,1.01780252194913,3.3867241534968
-1.13035765670789,-1.93290309419893,-0.00904578787206483,-2.11142227095383,-0.215878392173099,-1.03524989125674,-0.405381954612889,0.236210358067162,0.0939422899104008,-1.51296808717286,-3.83584647864655
2.05660912494766,0.66353447976284,0.981430571753622,0.0999161088628806,-0.46385099202645,0.217860497947546,1.98754726012957,-0.00922589195599297,-0.538414031199931,1.82115972876892,7.4324926720528
0.518357677262073,-0.694732915627884,0.844147507011486,1.06557184631788,-1.86590635828847,1.34976758718127,2.22199508941659,-1.22210758342585,2.20490549910907,-0.443295182430907,-2.18252086718087
-1.67221733654203,-0.736638902786129,0.605044280291936,-1.90116783171293,-0.538446803827735,-0.732283194915493,-0.456741115683769,-1.32580850265318,-2.70749677627123,0.668291562378581,-3.92797623398164
-0.373057415459324,-0.992294387832684,-1.50100387950497,-0.184130683240814,-0.949600417301818,-1.72927586998155,-1.21329358224921,-0.235099317554723,-1.12484543805314,2.2045307324309,-0.234925759868971
1.36551839954825,-0.101128723315515,1.03623210770482,1.04993465896402,0.865630546050399,0.67230341956547,1.50608503341744,0.243334261031239,-0.281119024526494,2.20028017727136,7.03780748545764
0.0464060384732969,0.0959662427621703,0.294087108425756,-0.109758255326003,1.02799668463789,0.930226989735677,0.031785495434073,0.302501211699205,0.793537181413457,1.02260664355771,4.45325639590607
-2.09015886983352,-1.72587334391168,0.199150098073774,-0.874941614765423,0.0472132126423789,-0.435134341650985,0.388439723503291,-0.60784301025374,-0.360176933690452,0.668291562378581,-6.34783008001537
1.04063020828268,-0.356539344133464,1.20160398414718,0.64571801708489,-0.805208769528467,0.982154876855828,3.05283587975956,1.13672336223692,-0.164411957849677,1.52417544951685,12.4338368724212
1.61611355246707,1.1847040040187,0.815093836437308,0.800184697804697,-0.0485845876546649,1.70329629269533,2.07692133751978,0.9778471383391,1.72988677446945,-0.924101074430967,3.18376061181231
0.0804709950345865,-0.0649886380123073,-0.121199163553939,-0.751135596927793,-0.0459905869302775,-0.640736325299582,-0.517040410558119,-0.852965707399083,0.0939422899104008,-1.21549806251988,-2.71610408892291
-0.820501089002124,-1.00447578978886,0.833969590247265,0.393434418251305,-0.71090573728587,-0.688928932737445,-2.18778881179854,0.78045232455691,0.160827624977165,-2.13344814063858,-4.88429752499349
0.890323315211186,-1.42003640494822,0.769985083871797,0.190259296860891,1.44955026532443,0.598754679533191,0.578770025768422,-0.838537161638206,2.06096424634475,-0.903807306415548,-2.33566449370997
-0.373057415459324,-1.01569779206248,0.221158974181865,-0.856885179758989,-0.128358425928062,1.06997898866709,-1.62486215528743,0.727360940045478,-0.83784946337954,-0.902433255662189,4.18360364368194
-0.0827196240200086,0.353626408659806,-0.130447212947231,-0.109047660169183,0.911018122911411,1.32017528995594,-0.679753037670663,-0.649584023291183,0.0421107107778139,0.806050882255694,-1.8519801268415
-0.935354016926536,-1.70686102212395,-0.129127330403214,-2.11142227095383,-0.724377247137169,-1.03524989125674,0.223964703878985,-0.287146131368015,-2.2130956459859,-1.07202084281797,-5.85416902806796
0.846321513089142,-0.560907088203711,-0.365985893914246,0.769656785957582,1.19642154844983,0.545449989996622,-0.0104938941190893,-0.590508268901743,0.539940151431718,0.290041846391573,0.138747416000398
0.0626350442037163,-0.760117963622883,0.19934683242027,1.03482029897257,0.863283555517437,0.598754679533191,1.66884334940843,0.985327400224783,0.349132506935673,-0.661431316820352,6.41877470291538
-2.07742185328279,-0.956650318855256,-0.164766668054173,-1.54491825268975,0.101630798129092,0.0883409127024027,-1.30132245403361,-0.734455193947528,-0.873062576507318,-1.67201298110439,-3.92797623398164
-0.936984941220334,-0.11600999662027,-0.570788144370795,-0.0435147588346361,-0.471016167778465,-0.0663778311326336,-0.73009361707347,0.676755753927399,0.626174776157351,0.191739753404632,-0.470245997635801
0.166232384273831,-1.02748329122811,-1.526070661654,-1.72980974707041,-1.53466839903794,-0.741600281271272,-0.652869173606465,-0.233130966542672,-2.05334060243365,-1.44271290248203,-11.0603621265128
-1.78408460855676,-1.37465937794123,-0.297678809242961,-1.26133642822569,-0.123733522374182,-0.812740673638139,-0.602666317197405,0.21061446462412,0.0328307163162699,-0.360675204563446,-3.04750075729214
0.683510081992045,0.214155097794705,1.04318275433099,-0.141114337739654,-0.51288722748629,-0.0207539746430539,-0.875434187585889,0.781564033611679,-0.665421935442992,-0.630038966375303,0.131791386106093
1.71505622387144,0.767579690045061,0.981430571753622,0.0754953361113746,1.67835247531201,-1.16788134317734,-0.0353497733944859,-0.412888158219579,0.559967585943609,-1.85425738099113,0.360030210932917
-0.167804681274276,1.34875421126964,-0.269113796964726,1.70989729734439,-0.0812911665400407,1.42908027934959,-1.1000289092775,1.36375421907907,1.13730801066851,0.513270355950063,-1.1657653882517
-0.301357849083638,-0.932782098791244,1.48734497870154,-1.01413723395657,-0.0264996400570147,1.06997898866709,-1.02541382525416,-0.219414694665283,-0.685137681966249,-0.000147428532943633,-5.13511464159436
1.18375463713442,1.30844038502259,0.352295099433205,0.577245549773083,0.69428359202049,0.275896080966058,1.00322002038121,0.327946657523208,0.240257327377345,1.06208432111586,6.24796779407999
-1.85993179024514,-0.885636504591076,-0.222253433115445,-0.28663617444429,-0.87495581548434,-0.478248085973095,-1.29906124611406,-0.294461043727061,-1.96156428496948,-1.67880013636999,-9.0246007122478
-0.555799816644133,-1.57956983441812,-0.0418971473529313,0.994664623322592,-0.926774949904154,-1.12852907256925,0.518297407329074,-1.21209035385264,0.657317360535553,-0.443295182430907,4.28023582691922
0.23296980717934,0.324102308187506,0.124598045627204,-0.844371663651554,0.589388357648545,-0.457947318591774,-0.711055683478448,-0.752275183775599,-1.20680789155844,0.806050882255694,-4.84175860692663
0.885524508488337,-1.42003640494822,0.680467766183132,-1.90198343124998,1.06246167452951,0.162913043375476,0.464977648112859,0.819006201695114,0.0835045614417796,-0.171683353301089,-1.62485367665044
0.653427888928131,-0.990429649311948,0.622769024573583,-0.59780733126406,0.516587774978908,-0.868361541214564,-0.201586198624103,-0.438938784433018,-0.0124774404940226,-0.521092765560237,-3.10835796056004
-0.29172713256717,-0.0615507429456783,1.1501143332948,0.613192758845441,-0.171981333112236,0.389266129722928,1.39479128367153,0.302885225483441,-1.03166068887303,-0.649665500021218,10.0973068156759
-1.45800408077181,0.185813900870865,1.16502290488961,0.228877173256148,0.300225295305406,0.292953620878522,-0.875434187585889,0.78045232455691,0.178254431537986,-0.132970718876289,1.86532592578281
1.73327016786258,1.11686455685012,1.39851946079998,1.4516742013077,0.571409838618114,-1.16788134317734,1.50608503341744,0.307167159965294,-0.450295565208919,-0.450733990343007,3.73584019163083
0.341665292662435,1.59303135902943,0.0548842384818759,1.49668511450278,0.367116545050477,0.886755998908194,-0.732767958282142,-1.04781395733264,0.308668210833048,-1.55335114370349,-5.73114890489081
-2.0698774776963,-0.92589627703793,-1.77811623775156,-1.93041917296588,-1.64159315816035,-1.28704015931248,-0.652869173606465,-1.49192511251014,-1.54273214911419,-2.1028885744165,-8.07637293778477
-2.29425568711746,-1.08636680248994,-0.164766668054173,-1.54491825268975,-1.53466839903794,0.11553629604488,-1.30132245403361,-0.734455193947528,-1.96564554960317,-0.0104609223742753,-10.5364399423599
0.429829164664019,-0.292072905107864,0.65730446172525,1.10178020789028,2.27640184081241,-0.779668176657245,0.647186167938472,1.92995038540285,-0.0679728712192237,1.47141428726576,7.61590079704015
0.590921250123776,0.205028037340309,0.130989411042249,-0.141114337739654,-0.570993066514138,1.02568614466167,1.02971669711813,1.1169175481241,1.86213775938833,-0.488500905674282,5.57027787310254
0.884476026037591,-1.42003640494822,0.0202063658850311,-1.09060855387371,0.650480681459125,0.162913043375476,-0.135231515476994,-2.40502926840262,-1.41341932657458,0.236397667775517,-4.41020910615874
-0.258260121370487,1.59214510785556,-0.84298586185261,1.76107613971522,0.589037898809764,0.34146649465013,0.770146437990775,1.0618630144714,1.0096373666332,0.48969131345435,2.10211898427423
-0.767496716130487,-0.288500893159641,-0.663801267413727,-0.403663424946722,0.0896283624668331,0.0518801303586651,0.742126750876857,1.08588707244351,0.473425174473928,2.09599844473895,0.728970622886498
-1.13269484867532,-0.0792862911849332,-0.298008785892298,-1.16931065777791,-0.348034965925445,-0.465709574690771,-0.191170685956383,0.374241808473615,-0.117004523688744,-1.67880013636999,-6.65995575783917
-0.428777706056753,-0.102955634198322,0.299586790531219,-0.0208744141664453,0.863086292924739,0.828275445986013,0.75057368943992,0.693497832304896,-1.11446875807682,0.317771869006649,8.27487662153851
-0.348854566371216,-0.549835633063639,-1.69999796284369,-0.81788034372316,-0.995455703166206,1.33509268186513,0.523221259937523,-1.22210758342585,0.198676364620007,-1.49533823105224,-4.2477521201317
1.47749714922366,-0.165846790890675,0.236428334533412,0.402419622611213,-0.735917888366251,-0.306118146270405,0.674926058413178,-0.326522115371894,-0.221624565751113,-0.0276793210554599,6.2467204190544
-0.617493200009232,0.439869460446104,-0.0374668542800039,-0.109047660169183,-1.03480252070097,-0.213577001045358,1.10821754399541,-0.449221369761723,0.0929366081493796,-0.933058899937969,1.51020847700837
0.48462372277272,-0.523297364216188,0.397512110603614,1.31390790427206,0.865630546050399,0.810671521532509,0.507295161322317,2.01932566840343,0.258170592074715,-1.29200206685636,4.87604462847544
-0.914703120190617,-1.02034962589416,-1.50100387950497,-1.72980974707041,-0.263719730918298,-0.920546545753498,-1.09833725844194,-0.709966138412722,-0.92754562065353,-1.3875839165198,-12.0838171767377
0.63013924760734,-0.657368019856344,0.844147507011486,0.405213643171991,0.81448996057131,0.930226989735677,-0.915143912161538,-0.82326121583899,1.19835701193445,0.427910683667252,0.768307329360211
0.928874547301716,0.960167365290568,0.247190747083776,1.06803062217631,0.760149605714477,0.235283538552783,1.23922993740787,0.307167159965294,0.585934428058248,-0.0988856563860696,9.85799993010857
0.200960609453738,-1.05004103440623,-1.42807284594322,-0.184130683240814,-0.580270388783265,-0.505883317211563,-0.882429255047962,-0.348972263084259,-1.10501976889053,-2.77413377532235,-12.0838171767377
0.690115432493652,1.20111022077819,-0.31968387483402,-1.06980425278039,-0.576800823402364,1.36512604724865,0.149208912653693,0.602668057213089,1.57923882668388,-0.202751781564414,3.4435382118198
0.560899384656075,1.58489921465613,0.30169914495912,1.06837019366958,-0.926628069928265,-0.509571585989416,1.16787927317439,0.494212387152108,-0.221624565751113,-1.04254143922101,3.18376061181231
0.92715114330291,1.27726670515443,-0.11107426808831,1.26344513750156,1.39620328834005,0.381258568914814,1.29478781734059,2.06791681133694,0.561159727221659,0.359605130025821,11.4679261632912
-0.957348946741743,-1.51547283590479,-0.870177800140109,-0.476827160127265,-2.60438156159281,-0.231139583824395,-2.59484715188155,-1.57573855207108,-0.0499861572870707,-2.83429477982301,-5.9577321574368
0.175367971774673,-1.05004103440623,-1.526070661654,-1.58455318179873,-0.476841328810268,-1.19690648550303,-1.85786797608456,-0.286638255551464,0.323701394931218,-0.145240862342649,-6.08955181151669
-0.225567434573975,-0.107496334637604,1.1501143332948,0.613192758845441,0.355787707794474,1.42908027934959,0.527085345000005,-0.34908827437963,1.01426742536571,1.07213192464029,8.84694755462358
1.19558103916908,0.210232605578308,0.354700637236423,1.68384283138027,0.043404673658138,1.59162280839464,0.982677273362099,-0.472165229987967,-1.06838126542797,0.815458689317994,4.63453059071863
-0.594804931107283,1.12767014411304,1.05722182517481,-0.44742035664797,-0.850096589786591,0.96038964604395,0.723294268656971,0.974856077575465,1.87242928027144,-1.01731952804388,2.51258227722294
-1.50048617882805,-1.83993499036544,0.369134404539849,-0.0208744141664453,-1.37233789044107,-0.529514664724275,0.357081560718244,0.819006201695114,-0.189520402488921,-1.07202084281797,-5.97844958087141
-1.03795026851874,-0.957077138498945,-0.660635353756448,-1.25461243831957,0.825663863935532,-1.06874107995291,-1.8854466231575,-0.059974477721306,-0.647812097945202,0.541819330937445,-3.04750075729214
0.683009279919159,0.214155097794705,0.83506654944096,0.187659132672813,-0.742027626171621,-0.424786255157829,-0.875434187585889,0.781564033611679,-0.538414031199931,-0.788376598347226,3.47567976181352
-0.822576368751296,0.844386049291187,-1.43644173187802,-0.798451213643926,0.402226318169334,0.404995233295189,-0.426396983046277,0.568865986680525,-0.560796601648377,0.541819330937445,5.52740981437306
0.918721432599529,1.97089791258252,1.0170529652393,0.212849185131352,0.524979710467728,0.886755998908194,0.723294268656971,1.1537656640337,0.659498904963834,0.48969131345435,10.5394420223893
0.683009279919159,0.214155097794705,0.124598045627204,-0.371654304152393,0.835407900334441,0.0290629772793651,0.699807319667813,-0.618447691649201,-0.970915570402438,-0.903807306415548,-3.17784345371333
-0.942642947780661,-1.70686102212395,-0.87591816079,-0.476827160127265,-0.988242397515792,0.924827439475719,-0.696989630169598,0.418798146228769,0.0993995317773025,-0.863670559281546,-1.73723651466268
1.01404532344017,0.724529461645767,-0.776225873047869,-1.09876782952442,0.0777329032703928,-0.266787863168662,0.305621382601765,-0.449221369761723,0.219154753778407,0.559886071643414,-1.83130923767191
-1.36291428630633,-0.238338952968602,0.258817343354078,0.066379219393363,-0.104860604175047,0.629978217410022,-0.581763390840157,-0.0928239658228086,-0.226669341404733,-1.23711893235221,-1.1657653882517
-0.651086550177883,-0.470793299781137,-0.644312793695383,-0.918528791961733,0.0896283624668331,-0.743091940898668,-0.361914887345949,1.69616129768124,-0.0116330760173779,0.541819330937445,-2.16033785255623
0.48462372277272,-0.0784681771579865,-0.121199163553939,-1.46731439525539,-1.56580568187901,-0.965924522047487,-1.029499571627,0.979059873728622,0.311926828983583,0.597188865634366,-1.04140966356101
0.0933740973276734,1.76376033655892,-0.593253469613476,0.0325035123605404,-0.443232162964652,0.0658615917479976,-0.524255472968775,0.781564033611679,-0.205139939571646,-0.556180868196746,5.35650465771826
-1.178878040946,-0.0792862911849332,-0.455808108398259,0.687907194321081,0.446709567342058,-0.70258595648007,-1.46672792981226,0.131249952305756,-0.841166397660527,0.541819330937445,2.10211898427423
-0.617493200009232,-0.700030149878527,-1.02155661753597,-1.87030611444304,-1.51423193862838,-0.270154546823065,-0.621813570799672,-0.836799112666919,-0.311238570666983,-1.19338307544432,-0.0552129163364599
-0.627570907866594,-1.28446014849386,0.569904828823925,0.0815673128400292,0.0635953879599318,-0.0348687121882263,0.75062249196122,0.943776899038874,-0.118506760972535,-0.745286026165615,-2.16033785255623
-0.417917957289054,-0.540093826605125,-1.86028636172288,-0.171464525871189,-0.237104982313555,-1.7088384598188,1.29885614779498,1.53509115074568,0.128174638066998,2.2045307324309,6.52368626492758
0.618707108921565,-0.617500487722762,0.844147507011486,1.06557184631788,0.417555282481978,-0.145007020530589,0.647186167938472,1.24232798570681,0.484874286225631,0.375926677689834,4.64919396431349
-0.172070546633958,0.121910949034517,-0.07738636828517,-0.905991989892067,-0.178591639049577,-0.457947318591774,0.778014441258094,0.118455212609499,0.0866274632493627,-0.000147428532943633,-3.49504267411315
0.360511002876026,-0.215176513613016,-0.347744935761299,0.540001126403371,0.0812432556882951,-0.145007020530589,0.617186333012985,0.802839267307699,0.196517715737094,1.07213192464029,6.39481414854371
1.61611355246707,1.04551574459318,-0.102343644310713,1.63095582151067,-0.0288406814636318,1.97408165382304,0.584384514335414,-0.472165229987967,2.04135945308053,-1.32614908218765,-2.36951744021915
-1.02936594243314,-0.226370031721767,0.588822221044403,1.10178020789028,-0.586480755413008,-0.514361535801643,0.647186167938472,-0.341517019891078,-0.767051865052681,-2.53050819334374,0.360030210932917
1.17713388892366,2.09373719779861,1.96527883185399,2.10559065447698,2.700089483659,1.54687943258218,-0.482975763475923,1.2142847681626,1.49827538349339,-0.240828116777414,16.8467053070083
-0.29172713256717,0.0137470996022057,0.645347948971753,-0.0461215876583315,1.08030757818346,1.39481003006282,-0.679753037670663,-1.05044244096103,-1.90923179676899,-0.673674907668974,0.374365997477806
0.614658445609084,-0.617500487722762,0.559657925783376,-0.984593525651704,-0.0424538076526256,0.0808233059583459,0.201768613259876,-0.777290604508321,0.0835045614417796,-1.13144950198544,-6.08955181151669
-1.178878040946,-1.93290309419893,-1.71289595510651,-0.68041966864747,-3.3796414706021,-0.733051147026125,-2.34163912001149,-1.57573855207108,-1.61456492814754,-0.57695202154554,-11.7285991539724
1.36551839954825,0.20644035443521,0.674572552228378,1.56240459547708,0.541102638511313,-0.44239460509999,1.50608503341744,-0.915369537911551,-0.640012336280512,0.0835138741867633,4.63453059071863
1.70356136237927,1.25619969900107,-0.481655673314864,0.342413889842157,0.493130933480462,-1.16788134317734,0.823524581858659,0.327946657523208,0.407434445278394,0.48969131345435,8.1818211727261
-0.0413863566437086,-0.835925190210715,0.332669155544582,0.638942008418912,0.863283555517437,0.598754679533191,1.09829836589057,0.985327400224783,1.62402450208119,-1.18586986703645,4.64919396431349
0.301497075765792,-0.628427297315578,-1.23558005431052,-0.624084634634849,-0.294761218661055,-0.98988321895863,0.771671285675328,0.0337448379515773,-0.92754562065353,-0.949604362388873,-3.075991670107
-0.522098874223901,-1.57956983441812,-0.182348181677836,-0.70082249548784,0.0717938903708285,-0.269802574640069,0.357081560718244,-2.40502926840262,-1.17247484888318,0.185487442059245,-3.66265678404038
-0.142130339371378,0.0955906736036858,0.555797382729214,-0.0461215876583315,1.11712461018265,0.93655024364838,0.031785495434073,0.0817182310439155,0.837034148538907,0.163701690698147,6.8181465026043
-0.397681923821752,0.157227433327401,-1.16371089789397,0.370931933990821,-0.812904208993168,0.34146649465013,0.770146437990775,0.20212783419653,0.148673626738017,1.33149631188952,0.259233319660601
0.386332637367857,-0.212167273841011,-0.347744935761299,0.562760698234984,-0.585665799190331,-0.245774939767771,0.326577332462232,0.802839267307699,-0.372640285138089,1.31483271551023,4.69468793998833
0.642845767427742,-1.14237488012721,-0.420234302791821,-2.59899222972707,-0.919726881674464,-0.296972580048952,-0.145541592654922,-0.234695195527042,-0.348786038171303,-1.86582032740196,-5.25360857364416
-0.314283826833092,-1.59069734463835,-0.182348181677836,-0.649228127341871,-0.550662261291693,0.296069517439754,-0.602666317197405,-1.69431395747837,0.309853392559087,0.056439219631017,-9.58735933421138
1.55853839272426,-0.0411268172245718,-2.05603285362957,0.27691708921526,-1.91902684328156,-1.89611361108513,0.368737554331841,-1.60374587443053,-1.27338957940578,-0.272040498636593,3.9380534237662
0.322610972275183,-0.531077510732236,-0.274643276683159,-0.599394798693254,0.609112822554904,-0.373446678238852,0.987568385049714,-0.947890752020642,-0.647812097945202,0.673718385700785,-6.56837233106894
1.14801006927626,-1.56832976788846,1.02535842726277,0.0419894715263036,0.650480681459125,-0.145007020530589,-0.682918269325878,0.363169722387632,2.41031201766911,-0.199835981233697,-2.46408882026904
-0.0398494497415801,-1.87019823946312,-0.471325071957017,-0.649228127341871,-0.550662261291693,1.06997898866709,-0.318363816836963,-0.410297997051789,0.388956020556342,-0.000147428532943633,-6.60678525175567
1.01073091643031,1.31844924762565,-0.284904807893711,1.26398132917611,1.39620328834005,0.381258568914814,1.29478781734059,1.60720657849735,-0.0651426163309114,0.359605130025821,9.94520385618091
-0.927139002622863,0.549827608346281,-1.1009630057566,-0.623168021185668,0.402226318169334,0.969976633712278,0.425490229826415,-0.0822749726101537,2.4824443719153,1.07213192464029,2.84017452171627
-0.347476452522372,-0.500542407451953,-1.69999796284369,0.263189580266589,-1.82614670494602,-0.183929022906441,-1.12676066310078,-0.277998283749665,-1.27338957940578,-0.933058899937969,-2.39553305729413
0.773776251654598,0.0819734206638577,0.428519121559712,1.32685314550026,0.571409838618114,1.38102380626575,1.16837529125307,0.0140345835603267,0.239304728875661,1.16291823209194,3.66469600814445
1.02926115536468,-0.356539344133464,0.531964291220162,0.64571801708489,-0.938530670839058,0.475567769157686,2.07692133751978,0.539200874918719,0.0956844529842541,1.82115972876892,7.03780748545764
1.33687390290488,-0.101128723315515,1.45062407214535,0.402419622611213,-0.735917888366251,1.36894141084536,0.31933816076004,0.107835843309484,1.21489772091531,1.55964057778441,-1.41512645937518
-0.229204492230094,0.307769041964615,0.671818205208601,-1.0685604800729,1.64704169746577,3.41658621253379,0.378694044834645,0.448053117580303,1.59764686784003,0.195833934353157,6.8181465026043
0.568830339485198,-0.480289631761962,-0.126793994637805,-0.751135596927793,0.341241903168136,0.0744504026117397,-0.040450389636295,1.1928699408338,-0.0116330760173779,0.102036866264463,-1.62485367665044
0.683009279919159,0.214155097794705,0.525104420165683,-0.371654304152393,0.345020414762041,-0.862762770039103,-1.16677746811053,-1.68697994895123,0.782065158497409,0.427910683667252,1.72938292545311
0.708069264429348,0.977717484820832,-0.937360820424238,0.565285444776846,0.222611926180509,0.0464963292233369,1.1061061765865,0.327946657523208,0.411283205719666,0.815458689317994,6.3156265175201
-1.8109358756779,0.972337785534483,-0.824868540206852,1.23632218480578,-0.521344865084894,-1.16167959317172,1.39700449199165,0.494212387152108,0.231699227005967,-0.2904894409759,-5.98179430319266
0.300981596329282,-0.304882630069907,0.0244092047983071,0.534228008623397,-0.126793361349132,0.269648441030537,0.617186333012985,0.764788930932722,1.32847021704867,-0.794417600228032,4.59277135482569
0.166232384273831,-1.02748329122811,-1.07336257439187,-0.453152108651479,-0.580270388783265,-1.34043976960674,-1.8144607332992,0.0572419851654947,-1.14968537625157,-0.145240862342649,-4.31778278233936
-0.957348946741743,-1.70686102212395,-0.129127330403214,-0.0241493502277278,-1.16251922591726,0.485196948880273,0.388439723503291,-0.239642160419138,0.555131229215351,-1.5010933390522,3.68036147858557
-1.178878040946,-0.534112534306262,0.10567021842473,0.066379219393363,0.0734570022732978,-0.478248085973095,-0.504344673608216,-0.447467476285142,-0.26557423958899,-0.709897392661742,-1.40149934369699
-0.142130339371378,-1.9921829252574,1.27819010249897,0.0624816342609343,-1.71313833232704,-0.261554590837215,-0.318363816836963,0.819006201695114,0.68705420297765,0.075362515878227,-2.77023673377943
0.343147934391558,-0.181324595360813,-0.186454565329878,-0.28663617444429,-1.43910637720003,-0.504960821641277,-0.685354414452056,0.418798146228769,-0.452872878173199,-0.262289656929176,-3.92265414897631
0.932192007534325,-0.124557820126885,-0.121199163553939,-0.751135596927793,0.711645927383888,0.408027923998247,0.907314035978843,0.0679696466877519,-1.79618221448117,1.22965979940389,0.33466423534649
1.01073091643031,0.613898218220722,-0.951624312535581,0.609328082967971,-1.59020684890795,1.34976758718127,1.09038167782341,-0.472165229987967,-0.164411957849677,-0.855413750113691,7.65774594917208
0.872941920195247,0.488167471125891,-0.951624312535581,0.565285444776846,0.260627399995939,1.36894141084536,1.00322002038121,-0.472165229987967,-0.504120976449166,0.973085325025891,8.62675617056621
-2.07742185328279,-0.956650318855256,-0.164766668054173,-1.54491825268975,-0.547434614425292,-1.00515386041533,-1.02541382525416,-1.32580850265318,-1.54273214911419,-1.10234184766562,-9.0246007122478
-0.63525753692124,0.684061956407581,0.120141428821248,-0.0659576058833413,0.53129509303389,0.53418594640475,1.31065547755944,0.154623673954391,0.693745637679356,0.98973615139493,-1.1657653882517
1.03053857802891,-0.299424821214858,0.531964291220162,0.487692693251094,-1.10789330798978,0.846984156560576,0.612431997312992,0.749233696514277,-0.570409709518957,1.55351758724169,3.67412634399529
-0.349103506085742,-0.500542407451953,-1.36085622152996,-0.643947394508539,-1.24037784083518,-0.588447212874882,-0.191170685956383,-1.22550440996616,-1.0883952203367,-1.77152497497708,-5.65222152642892
0.138908291826101,-0.983077647758059,-1.97944118425563,-1.58455318179873,-1.53466839903794,-0.67292869277836,-1.02200807355511,-0.233130966542672,-1.54273214911419,0.156019706221795,-10.7803190625511
-1.65040431286074,-0.7775221506099,-0.456375397492594,0.0976852420633314,-0.427276150840266,-0.478248085973095,-0.718019820010625,-1.03320780757649,0.660147794799064,0.427910683667252,-1.63452947240967
-2.0698774776963,-0.92589627703793,-1.73004768205203,-2.28044147970893,-1.88315179660615,-1.68851245721604,-2.34163912001149,-1.49192511251014,-1.93799872501812,-1.24038099189335,-15.8421576930713
0.642845767427742,-0.454781113494504,-0.767065261279427,-1.22365852554369,0.59130687967049,0.0808233059583459,1.31002293652954,-0.481789680841384,-1.51379762220074,1.06208432111586,-0.697858667750356
0.130995078044821,-0.898868859978315,-0.584843594585974,0.194100417605741,-1.83242480633188,1.39356856900146,0.0141897000555682,0.264565180044259,-0.0316236789574264,0.305811483772036,5.35425671662448
-1.36238315973783,-0.308545467042774,1.57496420569476,-0.0689414743555483,-0.407949044896935,0.335764883626522,0.398354111646174,1.05173460797077,-0.161418012587469,0.855570788818124,-2.56222711851529
1.39757441081963,1.38058729495181,1.34041640534108,2.10559065447698,0.50891344364085,2.05649669994319,0.415134297965684,1.92994720970824,0.150224447529048,0.0356875978293313,12.0539559057591
0.532495474842441,-0.647195840749842,1.80862675900211,0.794647453868095,0.81448996057131,0.953667528182988,2.35475174339,-0.590508268901743,1.21508428364536,0.762766501602647,0.255829504679171
-0.00170587167057897,2.56762723617576,0.875590200355947,0.328694865212264,-0.850096589786591,1.42520459606692,0.1848763761937,0.046554816062886,0.0433149434696145,1.19120281301019,1.50589145298401
-1.44834143200709,0.941210819996828,0.770315926338534,1.71910610526643,0.0920958435605894,-1.679614473931,-1.1000289092775,-1.75575071245478,-0.0263033199638117,-1.7029580699779,-3.46138168100781
-0.491125258334233,-0.117179314721706,-0.935112511937873,-0.183698326662289,-0.939279551125969,-1.12852907256925,0.459926759319956,-0.178824661571141,-0.456662707650973,0.045737009501184,0.981701915376051
0.182410984713662,-0.776682181233718,0.410639096830463,-0.59780733126406,1.46125522352234,-0.0307476539561876,-0.027881572468399,-0.618447691649201,-0.11541202875982,0.0296177624514604,0.768307329360211
-0.29172713256717,1.59214510785556,-0.118196090094134,-1.0482056531116,-1.12512359761419,0.44884876613285,0.840275665494457,0.32137795415312,-0.877987983231916,0.103069277885881,-2.31048315619576
-0.128736076312321,2.50829352071923,0.875590200355947,1.00526144958297,2.31503982861964,1.06469300574318,1.66884334940843,2.16509017792374,0.127581617291361,1.86438757313271,10.9948374290151
0.360056648802817,0.00624286477846239,0.142040041833349,-0.223466326427319,0.345020414762041,-0.457938994455091,-0.875434187585889,-0.881291632937031,-0.813088912928933,-2.3125993548437,-3.36217828880632
0.610803804169319,-0.940201620467356,-1.22318726188745,-0.25503427401202,-0.303282529667547,-1.01857837308796,-1.46676918709579,-1.55773795072958,-0.907692084322635,-1.01914334747123,-10.8937650280124
0.0933740973276734,-1.03508396368566,-1.97944118425563,-1.58455318179873,-0.251179050559246,-1.01857837308796,-1.62419779649901,0.727360940045478,0.323701394931218,-2.77413377532235,-3.92265414897631
0.468738237346426,-0.471385923876196,-0.599161676795744,-2.35604805669037,-2.53003307144893,0.072416460167637,-0.621813570799672,-1.93574380234939,-0.331690661878683,-2.83429477982301,-8.92327546567834
-1.0007376426432,0.0623139188670891,1.56674108243294,-0.846883448296072,1.65743592064294,-0.360817275445221,-0.00478170984608396,0.68199902508397,-0.742724000519301,0.33669821647987,2.37124983361519
0.835480712438639,1.44296862005313,0.480506885682447,0.24781032975404,1.67835247531201,0.194485246965582,0.0177423557192641,0.68199902508397,0.388470877659727,0.49158331681307,8.32252131792893
0.716154457989092,1.11436026009894,2.01907722076451,-0.00946440359713198,0.0331363803271138,0.89939810965293,0.403409932612342,1.9554208198332,1.86213775938833,1.01780252194913,11.0931350184144
1.61611355246707,0.233009388854184,0.662712133052734,1.56240459547708,1.64924902881999,2.09086025063535,0.982677273362099,0.0140345835603267,2.32384780539715,0.0916139390903019,8.82137838497299
-1.36291428630633,-0.841346740434541,1.16502290488961,0.0624816342609343,-0.433261545918233,-0.852917152161513,-2.11402077177649,-2.4477039674082,-0.685137681966249,-1.88617109715326,-9.0246007122478
-0.522098874223901,-1.57956983441812,-1.15440418605711,-1.72980974707041,-1.87013704831831,-0.747247510095347,-2.59484715188155,-1.94282895549396,-1.93799872501812,-0.834873048228578,-6.23408048869156
0.455167018202935,-0.471385923876196,-0.398982708109735,-1.06684081175722,-0.0384302434921491,0.457792751474485,-0.263357613650744,1.05173460797077,-0.0116330760173779,-0.663389575879898,-2.48868541249824
-0.355381866056257,0.719847361839624,0.134952576597747,-1.25594265144401,0.53129509303389,0.376467589159583,-0.0266076368727518,0.572485792376394,-0.877987983231916,0.391119265675373,4.50143017292602
0.0296409948417813,1.45944649759197,1.57004316341256,-0.103119804927099,-1.62499691120663,0.89939810965293,0.403409932612342,0.207276401094889,0.866963488405198,0.724998928695072,4.98168877855543
-0.697475555676331,0.846523851554953,-0.432291780275162,0.0971088709050317,1.11483950522487,-0.0663778311326336,0.662621399817343,-0.222949252778039,-0.836353419107289,0.307963595800333,1.08660112301926
0.642845767427742,-1.47989079294873,-1.17072123948433,-2.37717697509307,-0.353214093904555,-0.352646888022309,-1.70598472167638,-0.113495044056674,-0.92754562065353,-0.145240862342649,-2.89816576571891
-1.26831134912224,-0.423283040502943,-1.15045648770167,-0.643947394508539,-1.24037784083518,0.404995233295189,0.960668973526166,0.831132568684692,-0.677039625227992,0.635206221528471,-6.65995575783917
0.726603154583863,0.254460358616558,0.525104420165683,1.73657225226899,1.91526893312917,0.53273427619109,2.43697500484429,0.963460911563754,2.09731328307305,2.79239897700396,10.9948374290151
-0.671380627626898,-0.787663315946089,-1.08575645581418,-1.74400408557341,-0.547434614425292,-1.28704015931248,-1.70598472167638,-0.709966138412722,-1.7939929382469,-0.834873048228578,-7.11714582846113
-0.398867636804766,0.287227088565038,-0.0437515391714403,-0.844371663651554,0.911018122911411,1.10669428296392,1.38485135761922,0.620382081344662,0.693745637679356,-0.0988856563860696,-1.32676352645129
-0.311880645054353,0.183058632400744,-1.16371089789397,0.873534128178106,-1.1487143067487,0.34146649465013,1.98364527032994,0.539200874918719,-0.580160729996699,-0.296476575312319,2.21084886503221
1.36551839954825,0.127706684057047,-1.10428307264686,-0.453152108651479,1.73098270472584,1.52664618729221,0.439632518472868,-0.472165229987967,1.86213775938833,2.79239897700396,4.45854925933236
0.0626350442037163,-1.0634602368897,0.696446534380275,-1.47928179107738,-0.263719730918298,0.0557111470211731,-1.02541382525416,-0.233130966542672,-0.0381959617456401,0.724998928695072,-5.25360857364416
-0.237239353202145,0.307769041964615,0.671818205208601,0.442072993426627,1.55516642311833,0.688480555393489,1.3618516794174,0.154623673954391,0.457372781201363,-0.241879343245908,10.8035540853258
1.16010000625555,2.09373719779861,0.794470449683202,0.577245549773083,0.203235095476909,0.886755998908194,1.00322002038121,1.1537656640337,0.270029694918923,0.815458689317994,4.96660075376461
-1.43784285817698,0.941210819996828,1.66585596284588,-0.00946440359713198,0.225974799471067,-0.408110031428,1.72658124698212,-1.05862973723968,-0.0474680340424545,-0.0606350831126345,1.91752535112281
1.35069761027605,-0.759400702787554,0.914673906207196,0.79861117989133,0.516587774978908,-0.128364728715822,0.0701981057124548,-0.915369537911551,0.592958630816628,0.400063674803993,0.138747416000398
0.0685475125850196,-0.760117963622883,0.696446534380275,-1.47928179107738,0.322590962319006,0.512979304159317,-0.499884854992591,-1.76568459660948,2.06096424634475,-0.141853249074548,-9.32933836022042
-0.142130339371378,0.0955906736036858,-0.07738636828517,0.150192914007841,-0.0862855734204988,-0.179489996415962,-1.56771939972208,0.115334769581335,-1.72017303781554,-0.000147428532943633,1.86532592578281
0.63013924760734,-0.990429649311948,-1.42807284594322,-2.37717697509307,-1.51423193862838,0.187126773891693,-1.2343537823595,-0.233130966542672,-0.140119587236593,-0.202751781564414,-4.2477521201317
-1.26831134912224,-2.06819903043712,-2.20204290831347,0.0814345966287211,-1.23473928167269,-1.58138156527345,-1.04328758172132,-1.16985251464467,-0.524791583678897,-2.1028885744165,-12.4042690182744
-0.655225092208507,0.811060817725792,-0.0988708224942136,1.10644335211585,-0.770004638060524,-1.16167959317172,1.16787927317439,-1.04569246787727,0.231699227005967,-0.556441080175015,4.63453059071863
-2.12147507202802,-1.94323278713002,-0.603777247938515,-0.152545845231137,-1.37233789044107,-0.733051147026125,0.110832894417468,-1.21209035385264,-1.08191547025213,-0.323913426735373,-10.5364399423599
-1.15128598979595,-1.93290309419893,-0.87591816079,-0.639865042122749,-0.550662261291693,-1.01072405981251,-0.880109581455225,-1.34818468738163,-0.597019396563672,-1.4187746620425,-5.85416902806796
0.710983829197147,-0.286691294882194,0.31556693020925,1.22931555173821,0.865630546050399,0.124155741023406,2.43697500484429,0.545458491286511,2.20490549910907,2.79239897700396,7.36130291543443
-0.886973477418994,0.549827608346281,-0.378421245038431,-1.19225534473686,-0.0570676204642968,-0.465709574690771,-0.40864851661998,0.440364736916316,-0.637769613101755,-1.67880013636999,1.86532592578281
-0.0404322730597706,-1.87019823946312,-0.0418971473529313,-0.0760748844977828,-0.499853432270279,-2.19658555956226,-1.64169386605052,0.676755753927399,-0.0219436296403923,2.2045307324309,-1.04140966356101
-0.0475138394783756,1.07078427723365,-0.230995961562342,1.74458545191153,-0.0812911665400407,1.59162280839464,0.243384894811736,1.5921288359306,1.15884442335391,-0.536993653415859,8.33243898782693
-1.35686241239837,-1.40070498007925,-0.499565551549755,-2.19262464768675,-0.215878392173099,-1.68851245721604,-0.672830431809522,-0.785745718922969,-1.0282097934011,-1.4187746620425,-8.13563250606662
0.716154457989092,-0.286691294882194,0.61832821484053,1.10178020789028,0.865630546050399,0.695096487356782,1.72692345150587,-0.085780581771846,-1.06838126542797,1.02579108713202,6.41877470291538
0.0484192980872005,0.694657013719956,-0.56311407157428,1.10676572852152,-0.521344865084894,0.895107669782214,1.76898789441128,0.128016946193801,1.16136746338876,0.992812211256491,10.0242844190718
-0.0469791679781709,0.799401372224794,1.63485018982629,0.321113977236212,0.614394385625568,1.10002650551734,1.82158895200902,0.51968575907368,1.74541825111825,-0.234666949395278,11.0931350184144
-0.935354016926536,-1.95345593807723,-0.19431870362167,-0.476827160127265,-1.62614515794738,-1.58138156527345,-1.64169386605052,0.418798146228769,-1.51466857762594,-0.716011213532188,-6.12202666338058
0.905203410379033,0.689291688182558,1.07928710779041,1.73339344553431,0.541102638511313,0.911432333683298,0.11192611940212,1.32116792148169,1.19868413232553,-0.240828116777414,13.4486991652366
1.08418499639047,-0.595408745382633,0.55682523491382,0.79861117989133,2.27640184081241,0.155570707930922,0.355161833414008,0.421980533295286,-0.162808704871346,0.771610992687107,4.64919396431349
-0.967586495103787,-0.966919866008163,0.833969590247265,0.393434418251305,1.382621277808,-0.115776937958349,-1.67762947746403,0.78045232455691,0.592958630816628,0.047234830252446,-3.64254508742115
-0.623287984193709,1.89703054771536,-0.266581685425563,0.0258114023069999,0.509135883244484,-0.741735446394788,0.662621399817343,2.1687131115317,0.420178015404892,0.98973615139493,0.728970622886498
-0.237239353202145,0.529554462961639,1.10330943876429,0.531142921480768,0.361371437880802,0.587095943977676,-0.52369775316994,-0.69994075495911,0.224452505383859,-1.66605491926178,1.51020847700837
-1.03429643680189,-0.0260467390970537,0.897308043711746,-0.229114084244854,-0.586480755413008,-1.28138362908244,-1.03246243718696,-1.31951157154074,-0.0788600751920487,-1.66605491926178,-5.24135316574775
-0.194369224324059,0.828001734477374,-0.478364777124193,-0.560026506407578,-0.349483524869402,-0.521946981033455,0.230569296670246,-0.178824661571141,0.138347321446553,-1.12154768397325,-2.39553305729413
1.88233379818295,1.47571995497276,0.658798993079808,0.490434469264308,0.650870494375487,0.217860497947546,2.27904690070503,-0.101088448345025,0.411283205719666,0.162564521399126,8.82137838497299
-0.311880645054353,0.183058632400744,-0.799685142794142,1.76107613971522,0.413664397128149,0.389266129722928,1.98364527032994,0.0750582711566416,0.274458156262808,1.19869284638017,5.52740981437306
-0.697475555676331,0.602019973656275,-0.0988708224942136,0.976674835469513,-0.642206918866588,0.245871484439198,-0.125487875908327,0.0587175492516078,-0.128076897133364,1.28437328019579,-0.228473233091442
-0.0398494497415801,-0.467285605723938,-0.106279084047026,0.150192914007841,-0.113678726903851,-0.0611571726872127,0.112252823072362,1.69616129768124,-0.788552379610244,-0.404485151516205,4.33064642293225
0.424059107199927,0.0685728449076916,1.27575899385237,0.246232359811268,-1.00911967790224,-0.144937989568364,-0.519745592112844,0.00525403340334001,0.0117634149327283,-0.401346811562191,-2.89816576571891
-0.507094926064496,0.157800115592612,-1.14585022035837,-0.798451213643926,-0.200030289668743,-1.72988587577815,1.32464754758286,-0.348090518957598,0.0866274632493627,2.2045307324309,-3.69638331487911
1.02178380836367,0.613898218220722,-0.951624312535581,0.0234978747709935,-0.443232162964652,0.366636668177301,1.20421522509914,-0.0242404104654228,-0.57853690653978,-0.34914668019044,4.3554384336386
-0.522098874223901,-1.57956983441812,-1.15440418605711,-1.58455318179873,-0.274051964230251,-0.732283194915493,-0.672830431809522,-0.853383035445204,-0.146388103744256,-1.3875839165198,-9.15376639957371
0.27812428384416,0.624467310442821,-0.0416754259104277,-0.661957282662584,1.18286147621242,0.285975807694589,-0.57399434668775,-0.752275183775599,-1.20680789155844,-2.3125993548437,-3.46138168100781
-0.229204492230094,0.529554462961639,1.10330943876429,0.559763442552923,-0.850096589786591,0.587095943977676,0.593233004045451,0.0679696466877519,0.508698553842225,-0.649665500021218,0.259233319660601
0.278773123925309,0.193742990152066,-1.06137985967165,-0.846906826051303,-0.200030289668743,-0.091972254026219,-1.86065529228292,-0.192993935710338,-1.91175252419315,-0.377736067891594,-4.75877114604988
-0.348854566371216,0.00910880827655369,1.31456649836131,0.246232359811268,1.08030757818346,1.53182966480874,-1.23353423089997,2.17961283472811,1.54445574610168,0.284947239268669,6.8181465026043
-0.0298777601843186,-0.883750537516397,1.31952447325605,0.0624816342609343,0.863283555517437,0.598754679533191,-1.02541382525416,-0.0566626883864822,1.06587485378957,-1.85425738099113,2.05221934580294
0.0484192980872005,0.694657013719956,-0.56311407157428,-1.19225534473686,0.438689153824722,-0.172914847271046,-0.0266076368727518,0.28990529445467,-0.736386576785957,0.0933600854838335,0.0604338054019542
-0.0404322730597706,-1.87019823946312,-1.15440418605711,-1.00065733015702,-1.54430599013876,-0.296972580048952,1.84215781508148,-2.40502926840262,-1.01633287657158,0.328938331962408,-7.11714582846113
0.332503613954189,0.841439344556191,-1.10442320045662,-0.846906826051303,0.0823859386921786,1.52664618729221,-0.869999585499146,-0.752275183775599,-0.845158863293249,-2.3125993548437,-8.25349850135804
-0.215960581368018,-1.88954735347265,-0.143556590662649,-0.385993412975455,-0.988242397515792,-1.5392504306141,-0.318363816836963,-1.21209035385264,-1.32411443477471,-0.866592981269466,-8.35428439223684
0.627271152150553,2.28227526704132,0.591835971744339,0.328694865212264,2.42981775856262,0.162458841190543,0.834854491781854,0.68199902508397,1.02193991798143,-0.305672957445466,4.3554384336386
0.618707108921565,-0.501144609612832,0.702228097043501,-1.2522783606493,-0.0384302434921491,0.0808233059583459,-0.562350559280157,-0.752275183775599,0.603969654442523,0.427910683667252,-2.24469081675152
-0.258260121370487,0.635252754540695,0.134952576597747,-1.18274955338703,0.578583255675592,-0.172914847271046,-1.06016162274346,0.568865986680525,-0.877987983231916,-0.441552930580741,1.86532592578281
-0.791949568014668,0.26385584336143,-1.5438392687298,-0.846906826051303,0.661962402026553,-0.100641557752917,1.31002293652954,-0.869548680311429,-0.836353419107289,2.11246939464862,-5.05116363079532
0.914676620828512,1.09121233439331,-0.706522056322759,-1.09876782952442,-0.576800823402364,1.07408560330426,-0.987156473134761,0.409322498646063,1.57923882668388,0.0149012556534156,-2.25316079047972
1.71327854578517,0.735768420611716,1.85487726675218,-0.0983759400691913,0.0331363803271138,0.52747610723197,0.959729999458745,1.85029731438818,0.852822967250592,-0.0228777898565804,8.77160377427048
-0.0413863566437086,-0.467285605723938,-0.287237367633368,-1.45872698439648,0.322590962319006,0.173277887227188,0.201768613259876,1.53509115074568,1.28785477593239,0.883078850183069,3.27960598883635
-1.36395719128383,-0.308545467042774,-0.0754803960949627,-0.751135596927793,0.452730573556121,0.629978217410022,1.31002293652954,1.35364299585036,0.830105797821135,1.09074339494197,2.84017452171627
-0.466482474786041,0.887960975921634,0.132777145706111,-0.515234492818703,-0.68561199928796,-1.03610325323461,0.934297013183489,1.25869719834739,-0.205139939571646,-0.231093595551335,1.48101595249299
1.8018750226607,-0.498090869808604,-0.536926704338753,0.926434794333184,0.88533903379066,0.398497957053087,-0.0104938941190893,-0.239547611251165,1.63702706208409,1.14338440937417,2.16644139467692
0.925260875074358,0.960167365290568,-0.11107426808831,1.19700950412802,0.47035128810462,0.553100237810082,1.29478781734059,0.243334261031239,-0.0651426163309114,0.543322319847858,5.4236849953963
-1.57675383107516,-0.788815342372662,-0.222253433115445,1.27421620698,0.105582635230678,-1.72017381800618,-0.466691895831873,0.505483422283054,1.61136514631526,-0.00773396177050522,4.73515264580687
-0.067289250426308,0.799401372224794,-0.230995961562342,-0.661957282662584,0.269051481900073,0.527094089157167,-1.06016162274346,0.568865986680525,0.0421107107778139,0.0736128388907702,2.05221934580294
-0.424794959533671,-0.540093826605125,-0.369003712525221,1.03391232791964,1.19642154844983,-1.12852907256925,1.66884334940843,-1.16324231589309,1.94217704362712,-1.02763732011821,1.35210110659399
-0.507094926064496,-2.02409493465464,0.168562096451753,-0.821155669876179,-0.361272910601039,-0.243963350863294,-0.0271202915736596,-0.0825256334116992,-0.290686305961848,-0.297829848834862,-1.76610089113042
0.683009279919159,0.214155097794705,1.04318275433099,-0.141114337739654,-0.320618606481103,0.406395241464456,-0.976928243594116,0.409322498646063,-0.57853690653978,-0.788376598347226,0.0604338054019542
0.679396501870159,-0.277116539194538,-0.347744935761299,-1.22365852554369,-0.718470010010618,-1.58949899770236,0.220844871207653,-0.178824661571141,-1.30261937553404,-0.950444545526396,-3.00956088282333
-1.50554005272301,0.185813900870865,-1.13121693526865,-0.798451213643926,1.64677229356,1.19690444086956,0.839386320170761,0.974856077575465,-0.950574411444131,1.44638795886566,2.84017452171627
-0.580752560529558,-1.70573826416531,-1.15440418605711,-1.72980974707041,-1.70754210348731,-0.270154546823065,-0.504289957035493,-0.709966138412722,-0.311238570666983,-2.1028885744165,-6.34783008001537
0.343147934391558,1.00906338917611,-0.0416754259104277,1.19700950412802,0.974592102287221,0.235283538552783,1.41747901983951,0.373563861348328,0.585934428058248,0.026083197465425,7.55945023921083
1.46226100031552,-1.19158354386777,-1.14272403651326,-0.453152108651479,-0.701442327219408,-0.45072797903605,0.0507707119732887,0.147056511541717,-0.331690661878683,-0.145240862342649,-3.26974369270248
-0.348854566371216,-0.500542407451953,-1.69999796284369,-0.171464525871189,0.841165148042001,0.0245811746325684,-0.0937183971357919,0.717900899818898,-0.0725264915671718,1.0498694260512,-3.04750075729214
0.360056648802817,0.00624286477846239,0.102013362048191,-0.223466326427319,0.345020414762041,-0.372373932043464,-1.11576670502603,-0.751604927374426,0.0424831250562786,0.652470926010981,0.149630057309331
-1.178878040946,-0.0792862911849332,0.340499053555126,-0.127749334811636,0.261251484999348,-1.72124565193001,-0.711055683478448,-0.318248805777298,0.0253410343613112,-1.27315924769717,-2.39553305729413
-1.36395719128383,-0.308545467042774,0.258817343354078,1.36617114334618,0.452730573556121,-0.519711968304421,-0.260437953816326,0.878754023920521,1.10027025161819,1.43146904712876,0.963004142494033
1.74059759966278,0.767579690045061,1.39851946079998,1.41604692174366,-0.70289156842646,0.0402981502914652,1.50608503341744,-0.532672270226071,1.21508428364536,0.587484215926787,0.249474792596281
1.44067325342412,0.748305959608946,-0.760096897998004,-0.449658685597395,-1.33711758351207,0.325527824599713,-1.66789837953188,1.3436527189238,0.653029721112085,-0.202751781564414,0.905236568318202
0.54193914259383,1.38383785667213,0.961436104436605,0.696198594919764,0.180086971174147,0.0658615917479976,0.216899998067608,-1.82641675155256,0.0433149434696145,0.271807209876706,0.159562457962113
-0.139343990852655,0.0955906736036858,-0.07738636828517,0.231789509554441,1.02799668463789,0.67230341956547,-1.56209597627289,-1.30415183442778,-0.719879207609411,-1.7029580699779,-5.73114890489081
0.642845767427742,0.478840937819023,1.06046439610421,0.531142921480768,0.844572430645598,1.32017528995594,0.241060794109406,0.522726690642161,1.32847021704867,2.12277164577736,13.5676327376683
-0.591067722195358,1.12767014411304,0.447341621229579,-0.0849188709345036,0.294456691949117,0.509676009798872,1.72658124698212,-1.01581448382517,0.165037674650108,-1.16791375021249,-3.46138168100781
-0.859120751343603,-1.3184115108159,-0.394146266431933,0.660809310942841,-1.16251922591726,-1.00822733106375,-0.439072237618705,-1.75575071245478,-0.841166397660527,-0.323913426735373,-4.11715375812998
0.455167018202935,-0.471385923876196,0.702228097043501,-1.47928179107738,-1.53466839903794,-0.0248256781318008,-0.621813570799672,0.0686139199565104,-0.140119587236593,-0.0917702254408847,-2.89816576571891
0.977496024913627,-1.65868900813501,-0.518817097114761,-0.186594248626172,-0.512881353070448,0.0215446627755911,-1.21329358224921,0.126045277167497,0.626174776157351,-0.818252764599851,-2.46408882026904
0.846321513089142,1.01987789514504,0.483300182642385,-0.0849188709345036,0.599236097107089,1.15459856583427,0.524249668904,0.871039367867757,1.1541161353775,-0.0723422411441111,4.59337890988915
-1.0007376426432,-1.26246373890079,-0.472098951206809,0.115032999651897,-0.25877213056636,-1.31201626775801,0.223964703878985,-0.207205350756823,0.660147794799064,-0.716011213532188,-3.10835796056004
1.94383718808816,0.799497799974021,1.39851946079998,1.41604692174366,0.543953843105621,0.218651385544966,1.50414589892401,-0.983071236078669,0.917017829844502,0.0835138741867633,4.48156128092928
0.771491437760103,-0.296651669264993,0.0551524724207104,0.534228008623397,-0.615434207943128,0.271157396284519,-0.502248686250682,-0.0186737217849332,-0.727542077156022,1.31483271551023,3.66469600814445
-1.61988013690564,-1.42088841709803,-2.42691584269381,-2.28044147970893,-0.3800007385848,-1.26911851033602,-0.145391609166644,-0.884756195337886,-0.92754562065353,0.668291562378581,-11.7285991539724
0.749649323909592,0.479191767830868,1.04578411604461,0.531142921480768,1.20201361972423,0.861257034263674,0.539881754467045,0.693497832304896,-0.222606741460062,2.20028017727136,11.0919626136016
-2.67832351182193,-0.903874672456947,0.113232805143511,-0.644976289303526,-0.855469787117062,-0.435134341650985,-0.354936085972269,-0.234695195527042,0.24107009272633,-2.13344814063858,-5.25360857364416
0.220739180983412,0.324102308187506,0.83506654944096,-0.844371663651554,0.971486795572899,-1.25810233143665,-1.16677746811053,-1.07903487416688,-1.91175252419315,-2.3125993548437,-5.2330812758352
-0.820501089002124,-0.908740657116458,-0.660635353756448,-0.779043162903172,0.524911318660859,-0.0663778311326336,-0.0533907119157455,-0.222949252778039,-0.912314897142684,0.541819330937445,-6.79092068416167
-0.976603329656197,1.57721044111762,-0.409388807073792,-0.954948334245293,-1.27370886390804,-1.27289775188621,0.0205991945678172,-0.839925520546956,-0.0838072556755758,-1.73946808015235,-6.55668984290386
1.18375463713442,2.09373719779861,1.96527883185399,2.10559065447698,0.602581386840234,2.27979579012724,0.323141456360371,0.9778471383391,1.50107038020791,-0.0342676093067824,17.042101413117
-1.42994338403505,-1.48048809080097,-1.48167327030654,0.501676600298071,-0.926774949904154,-1.00472876323775,0.0177587530467998,-1.21209035385264,-0.163397629926695,0.424735118840233,-5.9577321574368
0.610803804169319,-0.617500487722762,0.844147507011486,0.405213643171991,0.81448996057131,0.861257034263674,-0.473839931843955,-0.82326121583899,0.371442648717844,0.0296177624514604,0.768307329360211
1.02178380836367,-0.445052524227628,1.30472947060969,0.357085290432998,-0.735917888366251,-0.249102113669696,0.612431997312992,0.227486822941542,0.403338413966511,1.55351758724169,0.86732886854275
-0.225567434573975,-0.107496334637604,1.1501143332948,0.246232359811268,1.45750336835393,1.25429461111578,-0.473839931843955,1.56829802194395,-0.227105536027047,-0.235549875006011,7.46979251654553
0.429829164664019,-0.287423893572103,-0.142339300073792,-0.813742788665124,-1.13179910421325,-0.965924522047487,-0.243687381847799,-0.210299376688783,-1.30261937553404,-0.936129168575438,-2.71610408892291
0.918721432599529,0.689291688182558,0.247190747083776,-0.515234492818703,0.834296832239692,1.92186935292967,1.83146008802858,0.51968575907368,0.19269845161221,-0.0988856563860696,8.68334495902448
0.097788410284403,0.20734036685382,-0.762092697760085,-0.173998680353705,-1.19428591889888,-0.504960821641277,-0.267184962418751,-0.701412286157326,0.0810417633875574,-0.0707335185860981,0.149630057309331
0.175367971774673,-1.56370701987577,0.410639096830463,0.0832085677202345,-0.951787300325171,0.475567769157686,-0.238386588987099,-0.287365680898092,-0.331690661878683,-1.44271290248203,1.60601821733936
0.687700481688839,1.75167607925311,0.413296935590012,0.24781032975404,1.89763384554729,1.25692136094232,2.39329754787081,-0.224176405343075,0.659498904963834,-0.305672957445466,2.57221052694556
-1.38729893219812,-0.11272361085224,-0.0754803960949627,0.528955825446273,-0.104860604175047,-0.70258595648007,1.79351340837632,0.802839267307699,-0.372640285138089,-2.53050819334374,3.83297404227795
-1.36395719128383,-0.576990841879106,1.57496420569476,-0.497715805714522,-0.801085760033118,-0.852917152161513,-1.10311817128376,0.418798146228769,-1.71157153874376,-0.384905664897861,-4.00168887673223
-0.237310833371559,-2.04036568424613,-0.233714827920388,-0.385993412975455,-0.988242397515792,-1.24219289939731,-1.263578386146,-2.15256951852653,-0.606931165166103,-1.01914334747123,-8.35428439223684
-2.12147507202802,-1.94323278713002,-0.923588124737836,-0.539748610595237,0.0472132126423789,-0.939683120695416,-0.696989630169598,-1.32580850265318,0.0932148331623349,-1.68987135615043,-6.85278406467595
-0.367536542238804,-0.233048138650783,1.2339406455243,0.496020171222133,0.432539936105041,-0.489884544668727,-2.10863141220398,-0.277998283749665,1.10027025161819,0.28397009693839,4.42420610948388
0.827793788158478,-0.499369277920935,-0.143447991170307,0.150192914007841,0.54945458329077,-0.145007020530589,1.31002293652954,-0.339686386564441,0.0465553225709315,0.771610992687107,3.9380534237662
-0.327602401311274,-0.731470637292577,-1.69999796284369,0.18018795669529,-1.01722012135994,-1.19041705085424,-1.41284984858326,-0.220975731918726,-1.28912571160285,-0.0370408486057016,-10.7803190625511
-0.63525753692124,-0.232277966849455,0.644871393311451,0.788302469652774,-0.586480755413008,-0.688928932737445,1.39479128367153,-0.532672270226071,-0.355242103600704,0.975830186810733,8.26272358938839
0.488179734254314,-0.523297364216188,0.397512110603614,1.31390790427206,0.241004938499173,-1.29762708243855,0.507295161322317,0.232863099766723,0.0690745655560377,0.68537264966408,5.02839665923626
-0.655225092208507,-0.95065973506586,1.31952447325605,-0.615564663057312,0.863283555517437,-0.663104428448885,-1.02541382525416,0.838244729208076,2.06096424634475,0.34195241464719,3.60422254348339
-0.148406439621218,0.465970687874305,-0.478364777124193,0.512545246151258,-0.349483524869402,-0.273454616600673,1.49517933051848,-0.326522115371894,0.196517715737094,-0.0276793210554599,0.2256540830795
0.925260875074358,0.960167365290568,0.247190747083776,1.71910610526643,0.760149605714477,-0.14836938927042,1.48653253772632,0.307167159965294,0.895639494871426,0.984761019933463,10.2298175456912
-0.927139002622863,0.0772564417829342,0.897308043711746,-0.229114084244854,0.467767533561486,-0.115776937958349,1.31002293652954,-0.618447691649201,0.487589872216033,0.527893993605204,2.57221052694556
1.71327854578517,1.25619969900107,0.352295099433205,0.800184697804697,0.811601052985887,-1.16788134317734,1.09038167782341,0.302410623265135,-0.0263033199638117,-0.902114941685791,1.66084060729414
0.798063076037428,0.0108416414055152,0.142040041833349,-0.936270433998412,0.345020414762041,-0.0622391740830399,-0.875434187585889,0.535915204818628,-0.93696817173413,0.391119265675373,-1.04140966356101
1.04063020828268,-0.180737352062243,0.766681283644553,1.88102951495533,0.30591120535558,-0.560256413035796,0.254219928679956,0.878754023920521,0.952173429075802,0.559886071643414,5.02839665923626
0.532368428996346,1.16524082126516,1.58085903256497,-0.5909707063384,0.396947005954328,1.28324927889688,0.149208912653693,1.1537656640337,1.87242928027144,-0.437445394802123,11.0931350184144
0.200960609453738,-0.00955960890340882,0.102013362048191,-0.355203845712753,1.79082858251635,-0.0307476539561876,0.695000095949452,-0.467405414277174,-0.0725264915671718,1.02579108713202,0.887373406236541
-0.859120751343603,-0.598370917696614,-0.175487453577167,1.27421620698,1.20171659145694,0.187188647727149,0.833933824815219,0.107671933015493,0.0122673335145815,0.68537264966408,-2.73562995723393
-0.777639515136366,0.913787117259902,1.14510317114808,1.22292140967995,0.212627861584559,0.529060963863151,0.343286873295736,0.522726690642161,0.121618836597121,1.07213192464029,6.8181465026043
0.0626350442037163,-1.0634602368897,2.55494346921182,0.761422953874996,-0.787737395409486,0.678437067881679,0.830741518598395,2.37791405958029,1.51762680703576,-0.228791949224751,6.00517121013083
-0.720330088576392,0.846523851554953,-1.43644173187802,-0.254637652161304,0.357468530286794,0.404995233295189,-0.463446782848714,-2.02089687688617,-0.836353419107289,1.48921300744565,-2.99375343532757
0.409780954603163,-0.0486610422347129,0.193385408665192,-0.155968476792866,-2.38978099439965,-0.504960821641277,1.12509766585907,1.69527716217985,-0.0622116621249909,0.305811483772036,6.27229833959574
-0.108993562199484,-0.55163710115941,0.236864976725377,0.106651474575291,0.0293452757075451,-0.128364728715822,0.0101857387435497,1.1928699408338,-0.118506760972535,-0.267989317647213,3.80023629334385
0.515191772013567,-0.947239581291537,-0.420234302791821,-1.78088143339574,-0.413102962450628,-0.456662887612011,0.310551165393643,0.600521523077091,0.0726630609802958,0.0724126759155108,-0.173491987148909
-0.77403833051589,-0.288500893159641,-1.41792606829014,-0.171464525871189,-0.237104982313555,0.969976633712278,0.189041648930013,1.05173460797077,-0.457134384299326,-0.404485151516205,-1.43156679053703
1.20930676847529,2.32370280103905,0.794470449683202,-1.15591135773997,0.524979710467728,-0.0622391740830399,-0.0353497733944859,-0.491456058247495,0.559967585943609,0.695307638151605,-2.52428130757737
1.27127133840135,-0.333314581575609,0.366589783572238,0.487692693251094,-0.735917888366251,0.770491793229555,0.612431997312992,0.0679696466877519,-0.222606741460062,1.28437328019579,-1.41512645937518
-1.43492310693057,0.284413495799188,0.0827651250186663,-0.844371663651554,-1.12512359761419,0.0178721471386866,-1.38867107960866,-0.294461043727061,-0.00322744886973569,-0.682010720930468,-4.75877114604988
0.107355549684678,-0.669162596787845,-0.385262603475209,-0.0817798870674611,0.459667414642328,0.76175471038251,0.4131986636476,-1.09597383873944,-1.11446875807682,0.120166818982066,-1.43543390673726
1.01993257299066,-0.445052524227628,-0.451610904384647,-0.398800278321797,-0.735917888366251,1.11631629179481,-0.345839743447854,0.572485792376394,-0.348786038171303,-0.465055009676514,4.07485663020461
1.65464537366686,0.22933919114844,-0.487354329420166,-0.173998680353705,1.95521016093624,0.904151252353551,-0.345839743447854,0.302501211699205,1.57923882668388,0.49158331681307,4.01601516501334
0.0626350442037163,-1.0634602368897,0.696446534380275,-1.47928179107738,-0.263719730918298,0.34842154895833,-1.62486215528743,-0.113495044056674,-0.685137681966249,1.19120281301019,2.97216414411597
-0.256781801156238,1.59214510785556,-0.84298586185261,1.76107613971522,0.589037898809764,0.389266129722928,0.770146437990775,-0.751204208157795,1.37552247595374,0.660212789773066,4.48156128092928
-0.822576368751296,-0.378155061062652,-0.175487453577167,-0.28663617444429,0.446709567342058,0.485196948880273,1.84179999836665,0.055775240500429,-1.75999092184014,1.35662931683434,4.50143017292602
0.097788410284403,-0.770852284410374,-0.584843594585974,-0.810198231142427,0.298911237763623,0.512979304159317,0.171484651617374,-0.141404638331337,-0.873062576507318,0.771610992687107,7.41281400583388
0.800511526946636,-0.677552583229414,0.0137869445980149,-0.724228494647753,-0.604199508092581,-0.727323851525063,-0.517040410558119,-1.69431395747837,-2.70749677627123,0.116806383954638,1.80474744345337
-0.63525753692124,0.458911886216649,1.10330943876429,0.559763442552923,0.361371437880802,0.803205119704933,0.617186333012985,0.83958538964727,1.19613789911363,1.07213192464029,3.92570290313335
0.389151486528026,0.00624286477846239,-0.662945339961111,0.194100417605741,-1.19428591889888,-0.144937989568364,-0.190367325032594,-0.48993912593612,-0.348786038171303,-0.262289656929176,-2.99375343532757
-1.12054340641274,-1.33015631553275,-0.909685126977553,0.221015021461349,-0.926774949904154,-2.18946152566765,-1.41284984858326,-0.568043045263594,-0.0212195203557744,-0.783832953288124,-4.7202305953103
-0.398867636804766,-1.07953614294271,0.159504421763312,-0.821155669876179,-0.855469787117062,-0.243963350863294,-1.62486215528743,-0.836799112666919,-0.657598974737881,-0.957421964119144,-5.85416902806796
-0.894427439068835,-1.10640594461995,-0.706901742080402,-0.44665072767409,0.184445079806066,0.924827439475719,-1.21329358224921,-1.84416093552705,0.598530483969024,-0.0164817591485499,-5.9577321574368
-0.143596142658817,-1.78075033645223,-0.0418971473529313,0.544253392207998,-1.10532939183001,-2.19658555956226,-0.0505940696438598,-2.08035042754379,-1.35558542203147,-0.323913426735373,-5.13511464159436
0.247770354749866,0.324102308187506,1.04318275433099,-1.82388032535524,0.548058902994955,-0.648547437107104,-0.711055683478448,-1.83896583929082,-1.20680789155844,-1.55335114370349,-5.95871188669493
-1.16930077364998,-0.0792862911849332,-0.298008785892298,-0.621053101095005,0.446709567342058,0.629978217410022,0.907314035978843,0.83958538964727,-1.79618221448117,0.98973615139493,4.04908319825623
0.209478652809265,1.4586443981111,-0.12875621742422,0.566353184045501,1.81273457060865,1.31214988880488,2.39329754787081,1.62290387824303,-0.164411957849677,0.359605130025821,9.94520385618091
-1.36238315973783,-0.308545467042774,0.172086983887636,0.066379219393363,0.279528336566574,-0.0607793312084347,0.0101857387435497,0.0378236092005063,0.0253410343613112,-0.267989317647213,0.728970622886498
-0.660502238780939,-0.73703429499628,-1.08575645581418,-2.26989760525116,-0.367509075951528,-1.51007948353732,-0.907341352038009,-0.74060246062524,-1.14852755226805,-1.81849739766344,-12.0838171767377
1.36551839954825,0.20644035443521,-0.762092697760085,-0.800817719482881,-1.33711758351207,-0.965924522047487,0.771671285675328,1.69527716217985,-0.274573909545739,-0.463462602246071,4.33527112324158
-2.38100508149136,-1.08636680248994,-1.73004768205203,-0.0461612946831312,-0.694226781315697,-0.715460267642311,-1.21329358224921,-1.49229463560531,-0.983367366913875,-1.3424596711053,-8.07637293778477
0.0115484451747272,-1.30928859235784,1.74841925447811,-1.03783059787177,0.347892643133473,0.34842154895833,-0.145541592654922,-0.838537161638206,1.06587485378957,-0.803289029048674,-6.34783008001537
-1.02445478052568,-0.957077138498945,-1.50100387950497,-1.36561975705012,-1.53466839903794,-1.16486439340956,-0.504289957035493,-0.614624950997213,-1.12484543805314,-1.95333962998813,-9.71201793053452
0.86744151338513,-1.1957820055613,0.904698121396329,0.190259296860891,-0.524901981872201,0.770491793229555,-0.546783244559173,-1.4591611852567,-0.685137681966249,-0.653427869324526,-6.56837233106894
0.642845767427742,-0.990429649311948,-1.42807284594322,-1.58455318179873,-0.648305053393528,-0.741600281271272,-0.878862988824482,-1.05876938495038,-1.54273214911419,0.0914979839375003,-8.00991144739707
0.175367971774673,-1.52606747660346,-1.07336257439187,-1.09751624887882,-0.550662261291693,0.34842154895833,-1.8854466231575,-0.233130966542672,-0.223589503593089,-2.30165861087898,-6.34783008001537
-0.629952266629962,-1.28446014849386,0.569904828823925,0.462184698440292,0.0635953879599318,-0.471674088839384,-0.0505940696438598,0.038658213611852,0.0861774562774988,-1.17932400720577,-6.17887856240987
-0.314283826833092,-0.936444734916271,1.31952447325605,0.0624816342609343,-0.0264996400570147,0.389266129722928,-1.30132245403361,-0.0928239658228086,-0.161418012587469,-0.0624080993830288,6.8181465026043
-0.0404322730597706,-0.267959975767538,-0.707513827476725,-0.0234337626709546,-0.495817051692661,-0.0445119495388271,0.398354111646174,0.61857754369892,0.947533109218406,0.295117215204282,-0.364407993672911
0.86744151338513,-1.1957820055613,1.95932061733175,-1.90198343124998,-0.648305053393528,-0.727323851525063,0.155723608591809,0.689056845331911,-0.189520402488921,-0.145240862342649,0.839597414308508
-0.465994030227765,1.85747712875167,-0.84298586185261,0.918621777055444,-1.1487143067487,-0.618612898798014,-0.253381153392142,-0.839925520546956,0.370134221179572,-0.279802755371421,-0.701915330329117
1.65464537366686,0.22933919114844,0.662712133052734,2.06115634011477,0.50891344364085,2.82244578594608,0.11192611940212,0.0750582711566416,1.04933485631567,1.17704930887524,8.82137838497299
0.937668482306492,1.27726670515443,0.752263845514741,1.26344513750156,1.91526893312917,-0.462756421881748,0.254219928679956,0.800593635664263,1.22689130827946,1.35880716621693,10.2298175456912
0.800511526946636,-0.499369277920935,-0.398982708109735,-1.04631639625496,-1.404169944872,-0.866153861855101,-1.029499571627,-0.233130966542672,-0.821778256742607,-1.22656201510316,-8.01439291044015
0.738121160178041,0.254460358616558,0.662712133052734,0.816184076345114,0.811601052985887,0.930226989735677,1.72692345150587,0.0278987064917909,0.789047017999281,-0.0459245707085782,10.2298175456912
-0.311880645054353,-0.698176607281971,0.276533844845804,-0.0208744141664453,1.20171659145694,1.53182966480874,-0.679753037670663,0.115334769581335,-1.75999092184014,-1.58192406843578,6.8181465026043
-0.301357849083638,-1.01448906441678,1.31952447325605,0.0624816342609343,-0.757659919376558,0.389266129722928,-1.30132245403361,-1.4591611852567,0.309853392559087,-0.957421964119144,-2.49520001332725
-0.0398494497415801,-0.739944873296238,0.236864976725377,0.106651474575291,1.382621277808,-0.172762138784704,0.578770025768422,-0.618447691649201,-0.169949542564183,0.0296177624514604,-1.9033457555644
1.20930676847529,0.415629401653801,-0.128122199436226,0.601332275071228,0.650870494375487,0.246634993763468,2.07692133751978,-0.915369537911551,0.240257327377345,0.400063674803993,6.11781763864602
1.65464537366686,0.22933919114844,1.03676089065894,2.06115634011477,1.64924902881999,1.97408165382304,0.982677273362099,2.57829927179442,1.04933485631567,1.13214849548481,11.176569853598
-0.975675787845587,-0.336653911340514,-1.63856162593364,0.0182192332512078,-0.995455703166206,0.404995233295189,0.577377193209116,0.515184432473946,-1.01633287657158,1.92023174622198,0.259233319660601
0.0399013096125394,0.682083833993169,1.63485018982629,-0.0837833331781758,-0.214490288982169,0.52747610723197,0.0673582344368043,1.9554208198332,1.30723333619839,0.075362515878227,9.76534118391103
-0.779862398764937,-0.288500893159641,0.649328494032202,1.10178020789028,-0.407949044896935,-0.449783335314368,1.12334698253454,-0.532672270226071,-0.00586857848870837,0.975830186810733,0.249474792596281
-1.178878040946,-0.595724188625692,-0.993337270768871,-0.183698326662289,-0.939279551125969,-0.478248085973095,-0.153630450414323,0.805627568631476,-0.156113321533679,-0.714859036307795,-6.65995575783917
-0.671380627626898,-0.95065973506586,2.05408710062998,0.794647453868095,2.00457427171781,-0.136800627228668,0.662781961899371,2.78696829906038,1.36512173432227,-0.581882285995198,-0.697461988727236
1.01404532344017,-0.180737352062243,1.45062407214535,1.88102951495533,0.156798024666139,1.05495819435931,2.09124716805675,1.5921288359306,2.39760300776935,0.70175011621989,12.4338368724212
1.35069761027605,1.38058729495181,-1.23285763950209,0.898907339225353,-0.177622678453335,0.16866823396718,0.584384514335414,0.151098062441908,0.708300957117202,-0.077880154600494,8.33243898782693
0.182410984713662,-1.52606747660346,0.410639096830463,0.106653894896646,-1.71313833232704,1.39356856900146,-0.135231515476994,-0.287365680898092,-0.383166331632186,-2.77413377532235,-4.58277926013412
-0.851142412453714,-1.3184115108159,-0.394146266431933,0.115032999651897,-0.926774949904154,-1.00822733106375,-0.405381954612889,-0.688128758579459,-1.10501976889053,-0.279802755371421,-5.83223535038136
0.488179734254314,-0.523297364216188,-0.44533284178571,1.03391232791964,1.19642154844983,0.453349383177342,1.16787927317439,1.52607535112305,0.349132506935673,-1.18586986703645,5.02839665923626
-1.36395719128383,-0.841346740434541,0.0827651250186663,-0.644976289303526,-0.649573114343532,0.67139950656213,-1.30132245403361,-1.34818468738163,0.388956020556342,-0.448042732222883,-9.58735933421138
0.603409159164202,0.108203484207605,1.27575899385237,1.42728135475377,0.541102638511313,0.280715276052609,0.486045455639942,0.201934550158076,0.817545315383335,0.0356875978293313,4.62060419541312
0.687451275222084,1.20111022077819,1.33544161235025,-1.32759245653494,-0.51288722748629,0.751487331519463,1.15681830093203,1.77099619748333,1.1541161353775,0.567302734564938,8.14064121884359
0.642845767427742,-1.14237488012721,-1.22318726188745,-2.37717697509307,0.931011767501227,-1.01857837308796,-1.67933652180551,1.25775417901077,0.830105797821135,-2.39226413452619,-2.89816576571891
-0.534178698189943,1.02634424908169,0.4893725227129,-0.634439313722162,0.0428050542280078,0.335937341003636,-1.6340705013968,-0.481564738393909,0.323802039838041,0.249207920159943,0.423200924500602
1.8018750226607,-0.498090869808604,-0.582661200155952,0.926434794333184,0.88533903379066,0.910442623768639,-0.0104938941190893,-0.239547611251165,1.505418143578,-0.388582462963449,3.1080233388309
1.16219515310473,1.70318908505845,1.34041640534108,2.06393924482182,1.85532505188605,1.86374575746736,-0.482975763475923,2.17961283472811,1.54445574610168,1.59008597372805,10.6586136270465
-0.169835170500419,-0.161433158672159,-0.935112511937873,-0.415662396353884,-1.06245298746224,-0.803789483816008,-0.361914887345949,-0.527324861854951,-1.71157153874376,0.0701871818118284,-1.74758371880459
0.621000958132337,-0.617500487722762,0.0270197954135643,1.22931555173821,0.590763434668216,0.194011971547214,0.486045455639942,0.0143841784393789,0.817545315383335,-1.18586986703645,2.07235081999726
-0.595371106699705,1.12767014411304,0.4893725227129,-0.634439313722162,-0.817682870013928,-0.688928932737445,-0.40864851661998,0.183375855647706,0.487589872216033,1.11035060455329,1.12501105016752
-1.94701385650458,-0.885636504591076,0.724522179368698,-1.59107844751169,-0.263719730918298,-1.15295485917814,-1.02541382525416,-1.34210433974453,-0.0381959617456401,-0.699923038946323,-10.8621754470336
-1.16918156290512,-0.595724188625692,-1.28504931691643,0.0182192332512078,-1.06245298746224,0.969976633712278,0.189041648930013,-1.22210758342585,0.309853392559087,-0.279802755371421,-4.88458557463855
-0.651086550177883,-1.62777694444058,-0.143556590662649,-0.0760748844977828,0.0243353460941306,-0.213577001045358,-0.0271202915736596,-1.21209035385264,-0.239319232892399,0.236397667775517,-1.63452947240967
-1.61988013690564,-1.42088841709803,-2.81081925419749,-2.36707673790504,-0.3800007385848,-1.06574168846952,-1.07833320819841,-2.81206698894841,-0.92754562065353,-0.699923038946323,-8.4393519245182
0.560899384656075,0.672110325294996,0.269652361222203,1.38583223779754,0.900446633985698,0.810671521532509,-0.34875362990399,0.129446053233915,1.61233128445243,1.60227137145473,11.0919626136016
-0.962930752817598,-1.70686102212395,-0.129127330403214,-0.305530360175706,-1.77208034789746,-0.417788581028528,-0.0271202915736596,-1.21209035385264,0.699075603691932,-0.323913426735373,-1.40149934369699
-0.332112103259394,-0.207735973960626,-0.935112511937873,0.0822389441176373,-1.06245298746224,-0.489884544668727,-0.153630450414323,-0.527324861854951,0.0993995317773025,-0.933058899937969,1.51020847700837
0.220739180983412,0.17922501329979,-0.402743290012658,-1.72384329190799,-1.07765715998098,-0.965924522047487,-1.029499571627,0.979059873728622,-1.91175252419315,-1.22656201510316,-2.89816576571891
0.0804709950345865,-1.67937172514629,-1.97944118425563,-1.58455318179873,-3.3796414706021,0.072416460167637,-2.34163912001149,-1.94282895549396,0.269363311818149,-2.83429477982301,-15.4547877305707
0.380896051399859,-0.215176513613016,-0.406973993444672,0.562760698234984,0.0812432556882951,-0.145007020530589,0.868035414081979,0.802839267307699,-0.372640285138089,-0.0228777898565804,5.69619164914046
-0.914703120190617,-0.598370917696614,-0.110421881031229,-0.905991989892067,-0.785424293433886,0.0518801303586651,0.201768613259876,-0.234695195527042,-0.156113321533679,-1.5010933390522,-4.2477521201317
0.749649323909592,0.479191767830868,2.01907722076451,-0.179515178756167,-0.51288722748629,-0.406174058451231,0.408903129091322,0.827956371818068,-0.803144532410302,-0.788376598347226,4.33527112324158
0.750857652555464,0.0108416414055152,0.142040041833349,-0.127749334811636,-1.04682803011822,1.09815304748511,1.79628480358612,1.72004991110038,-0.747229222224142,0.190794576978415,6.55600704257277
-0.101478953527374,-0.0410157612200545,-1.07915676364007,-1.45662932117475,-1.42976497477489,-0.965924522047487,-0.758183510329994,1.24132687339914,-0.0622116621249909,-0.435160921741974,-2.89816576571891
-0.980222338467532,1.57721044111762,-0.409388807073792,0.294321336725202,-0.141272503177479,-1.27289775188621,1.50753051623068,-0.685700669324602,0.627863803430076,0.408260255515614,2.57221052694556
0.289888019403397,0.624467310442821,0.621734805820224,-0.783103105266369,0.834296832239692,0.408027923998247,-1.06016162274346,-1.3664493050731,0.380881596164461,-1.55335114370349,-8.25349850135804
-1.36238315973783,-0.576990841879106,1.05917378529236,0.723396616586894,-0.194172684839532,0.335764883626522,1.79351340837632,-1.22210758342585,0.260698321947498,0.668291562378581,0.255829504679171
-0.00170587167057897,2.56762723617576,0.875590200355947,0.328694865212264,-0.850096589786591,1.42520459606692,-1.54067887995391,1.56829802194395,0.388470877659727,-0.404485151516205,-2.25316079047972
-0.835662014559938,-0.378155061062652,-0.175487453577167,0.219250232122483,-0.988107360798509,-0.0844225798552327,0.577377193209116,-0.752875437518668,0.319810561915413,-0.272040498636593,2.62985460757862
-0.397681923821752,0.157227433327401,-0.799685142794142,0.619699631453907,-2.92415460334954,0.587095943977676,-1.29240553830638,0.421263686314913,1.19613789911363,-0.555652571620214,-6.12202666338058
0.863359964023685,0.488167471125891,-0.797296772717271,-1.18484777171963,-1.07765715998098,0.325527824599713,-0.671058224016498,-0.0167963191946856,-0.274573909545739,-0.465055009676514,0.309853902675791
0.740092445496256,0.417093624542806,-1.554570854744,0.609328082967971,0.222611926180509,0.606322847049602,0.851068622423999,0.831904848170354,1.44456993410404,0.973085325025891,10.0242844190718
-0.202775685316143,1.01307817471186,0.0266022885607055,0.973218265771595,-0.40154997140125,1.25429461111578,-2.22417268774996,1.56829802194395,0.556659136778551,0.300430224820456,4.13367906521339
0.213913823738559,-0.819898458602137,-0.483675793661475,0.0976852420633314,-1.01722012135994,0.475567769157686,-0.919657388441474,-0.712155927026327,-0.140119587236593,-0.653427869324526,3.68036147858557
-0.628828152341537,0.684061956407581,-0.0988708224942136,-0.047035929648892,-0.178591639049577,0.112146961372532,-0.267281470771733,0.61857754369892,-0.736386576785957,1.21842527070275,-0.228473233091442
-0.142130339371378,0.0955906736036858,-1.07915676364007,-1.45662932117475,-0.685579279253169,-1.61302023159768,0.608946701751754,-0.178824661571141,0.0929366081493796,0.406772149031485,-5.3031627876515
-1.06640427605673,0.443734746617053,-0.468075803828944,0.999646163018587,-2.92415460334954,-1.31201626775801,-0.248427978320916,0.848301771528538,1.94217704362712,-0.716011213532188,-0.0429294522291994
0.610803804169319,-0.617500487722762,0.934786304652243,0.405213643171991,0.417555282481978,0.194011971547214,-0.436426086904839,0.00525403340334001,1.69581917842154,0.28397009693839,4.25108524482111
-1.02445478052568,-0.141823042278179,0.125353199100092,0.066379219393363,0.0734570022732978,-1.62612564626775,-1.35928556011966,-0.447467476285142,-0.0219436296403923,-0.709897392661742,-3.6377708560639
-1.43784285817698,-1.12004701307296,-1.41651689028565,0.501676600298071,-1.72465187974389,-0.931847230018729,-0.248427978320916,0.038658213611852,-0.592768727829731,0.0199751172592345,-7.30159788267121
-0.63525753692124,1.89703054771536,-0.84298586185261,1.23632218480578,0.367116545050477,-1.02432656537058,-0.270026270650536,1.16966912392564,0.231699227005967,-0.388582462963449,6.90198154413531
0.120061301088269,1.01209174396427,1.82449255994017,-0.0837833331781758,0.300225295305406,0.52747610723197,0.0673582344368043,0.863461043517231,0.866963488405198,-0.322721949171023,5.49616451133558
0.0484192980872005,0.682083833993169,-0.593253469613476,0.999646163018587,-1.1487143067487,1.33699241287134,-2.22417268774996,2.17961283472811,0.556659136778551,0.427671092990644,4.96660075376461
0.540139264519614,0.359941772663663,0.124598045627204,0.333667366046265,-1.07729084344749,-0.179489996415962,1.2964142201729,-0.326522115371894,0.895639494871426,-0.488500905674282,4.45806623672178
-0.327602401311274,-0.731470637292577,-1.43426930936605,0.18018795669529,0.23368927519766,-1.89611361108513,-0.919657388441474,-0.0566626883864822,-0.0725264915671718,1.0498694260512,-2.16033785255623
1.08418499639047,-0.595408745382633,0.20130673266052,0.64571801708489,-1.10789330798978,0.61063264216055,1.3754850063172,-0.112032445503913,1.61229553108393,-0.875134622628652,5.52314231881703
-1.53961136075367,-0.615614339306317,-0.460547075929265,0.0976852420633314,1.90408391217397,-2.55133011758757,-1.24896857571288,-1.86395638136517,0.0465553225709315,-2.28302965421338,-6.36584481859283
0.534096023548058,1.04143113973606,-1.31662722568536,0.0802687059911757,-0.108502385535499,0.578683927351911,0.930068145405522,0.201934550158076,-0.0438808511234335,-0.110368737562586,7.16421274415776
-0.366650050588868,-0.510266480964086,-1.36085622152996,-1.19123329539255,-1.47818136650283,0.44884876613285,-0.211827265043857,1.00414347428914,0.271609806131879,-1.70833254557271,0.871559434352115
0.60087316710951,0.366049257232841,0.124598045627204,1.34816943358997,1.33230729794292,0.930109934039958,0.0178404189989537,-0.239547611251165,1.44287627519782,1.59008597372805,2.7708062093333
-2.0698774776963,-0.92589627703793,-0.164766668054173,-1.43582889477298,-0.263719730918298,0.11553629604488,-2.11402077177649,-0.903648160157949,-0.873062576507318,-0.834873048228578,-3.92797623398164
-1.36291428630633,-0.841346740434541,-0.0754803960949627,-1.46731439525539,-0.251179050559246,0.0883409127024027,-1.56896969046318,0.00242089420976546,-0.873062576507318,0.167597736020192,-4.77966783100512
-0.491059721590541,-1.49849309968934,-0.143556590662649,-0.70082249548784,0.0717938903708285,-0.56478523283214,0.535409428098952,-2.40502926840262,-0.647812097945202,1.48921300744565,-1.43543390673726
-1.36238315973783,-0.238338952968602,0.423566394308052,0.2643684897427,0.279528336566574,-0.47410322956622,-0.319855857112351,-0.752875437518668,0.465459239211365,-0.0606350831126345,-1.44515005452629
0.628183455839615,2.28227526704132,0.30169914495912,1.06837019366958,-0.106634090369395,1.42520459606692,1.66884334940843,0.779747610834678,0.627851430777912,0.513270355950063,12.7881497880815
1.17177087855075,1.70318908505845,0.653405693359262,0.577245549773083,0.524979710467728,0.275896080966058,0.892733787058219,-0.870187135992087,1.44456993410404,0.673718385700785,5.96067961119963
0.937668482306492,0.798515683512489,2.3527332877444,0.330301388445056,-1.40187865059366,1.49005572726253,0.674926058413178,1.2352256476644,2.07707656895224,-0.262289656929176,1.50589145298401
-0.791949568014668,0.26385584336143,-1.03200283800079,-0.254637652161304,0.402226318169334,0.404995233295189,1.31002293652954,0.243334261031239,-0.637769613101755,0.0759971926368848,4.50143017292602
-1.65040431286074,-0.112743720721791,-0.460547075929265,0.886996193458152,-0.025597372045063,0.215516921248586,1.28089277950223,-0.532672270226071,0.274458156262808,-0.682010720930468,7.65774594917208
0.679396501870159,-0.224326014027551,-0.406973993444672,-1.22365852554369,-0.348034965925445,-0.457947318591774,-0.267184962418751,-0.182088950486147,-0.117004523688744,0.0163276946146224,-3.06930593530042
2.55728724481869,1.30196504800641,-0.168071438480361,-0.563108113576111,0.799232849980915,1.24063376793005,-0.398902386864624,1.43985627370382,-0.851590679029568,-0.673380862145168,4.01601516501334
-2.17151298184924,-1.08636680248994,-1.23170771470968,-0.0461612946831312,-0.151868142809288,-0.0395618205795868,-1.46676918709579,-0.903648160157949,-0.457134384299326,-1.12432157594759,-11.6713883507517
-0.936984941220334,-0.966919866008163,1.31952447325605,0.0624816342609343,2.00457427171781,0.161992573797352,-0.027881572468399,0.68199902508397,1.30460919451534,0.284947239268669,0.770462235864235
-1.32518963104333,-0.0324590535146015,-2.36032422273,0.0804601625382678,-0.237104982313555,0.724182492093991,0.189041648930013,-0.393601763576169,-0.457134384299326,-1.62785514140017,1.51020847700837
1.27127133840135,0.930373189642479,0.834334586592037,0.577245549773083,0.180086971174147,1.33699241287134,1.00322002038121,-0.472165229987967,-0.164411957849677,0.0295539025953412,7.65774594917208
0.429829164664019,-0.144284186582225,0.234459130687679,1.22931555173821,0.865630546050399,0.124155741023406,0.0178404189989537,0.107671933015493,-0.162808704871346,0.391119265675373,5.69619164914046
-0.793199555761801,-0.328815492144778,-1.63856162593364,-0.643947394508539,-0.995455703166206,0.841231581814047,0.425490229826415,-0.0822749726101537,0.309853392559087,-0.674074591840053,-0.228473233091442
-0.178061967044055,1.34875421126964,-0.880024827310181,0.918621777055444,-1.1487143067487,1.25429461111578,1.98364527032994,1.0618630144714,1.16136746338876,1.82115972876892,6.71634872028582
0.438360420736719,-0.292072905107864,0.590732670921058,0.2643684897427,0.399386262060284,-0.128364728715822,-0.52369775316994,2.08948153778241,1.36512173432227,0.175645038688416,2.97216414411597
1.39721897529964,-0.759400702787554,-0.980437300592599,0.665609911445573,0.394410503775995,1.01922599512694,1.07664852557071,0.815891906997555,0.539940151431718,0.349092454882474,7.2436917216312
-0.660502238780939,-1.42909406537045,-0.909685126977553,0.521444079829692,-1.16251922591726,0.070500363098069,-0.0505940696438598,-2.08035042754379,0.224452505383859,-0.323913426735373,-4.35606243450549
0.679720446075975,0.761628674897677,-0.701863841268191,0.289116726674415,-0.233006517830796,0.578683927351911,-0.519745592112844,2.08948153778241,-0.278477805579969,-0.630038966375303,1.22485707438459
0.642845767427742,-0.454781113494504,0.61832821484053,-0.984593525651704,-0.0384302434921491,0.0808233059583459,-0.040450389636295,-0.00922589195599297,0.297705915953252,0.124733851685384,1.68064662699492
0.262610940575124,0.790494292094555,0.621734805820224,-0.292999319391046,0.333460849846254,-0.457938994455091,0.0673582344368043,0.118455212609499,-1.20680789155844,-1.62433253418395,0.131791386106093
-0.417917957289054,-0.17899848673544,-0.935112511937873,-0.181352290282808,-1.03198522417777,-0.618612898798014,-0.153630450414323,-0.701412286157326,-0.398939002896458,-0.210884326969668,-2.99375343532757
0.683009279919159,0.180200075416236,-0.402743290012658,-2.18931462457874,0.438689153824722,-0.457947318591774,-0.685354414452056,-0.785745718922969,0.219154753778407,0.806050882255694,-0.210888676065874
0.220739180983412,0.226845747553472,0.83506654944096,0.573048842565073,1.04433730231845,0.695096487356782,1.3618516794174,-0.249786082306312,0.411283205719666,2.31187583525049,8.62675617056621
-0.651778055005119,-1.62777694444058,-0.182348181677836,-0.649228127341871,0.0717938903708285,-0.718439878513412,0.762369265448568,-2.08035042754379,-0.647812097945202,1.13762550829705,-6.79092068416167
1.14801006927626,-1.56832976788846,0.0875589819245896,0.324149532910976,0.709418488610069,-1.17263762785694,-0.0104938941190893,-1.82049784720836,-0.66251167429378,1.48921300744565,-1.30157543945912
0.301376855983088,-0.628427297315578,-0.483675793661475,0.446561211676744,1.2148495321857,1.34354278571739,-0.331414578973595,-1.22210758342585,1.61229553108393,0.731836832368142,0.255829504679171
-0.398867636804766,-1.07953614294271,0.0169366960329127,-0.724228494647753,0.825663863935532,0.699362038194677,-1.62486215528743,-0.192993935710338,-0.252339963700577,-0.235549875006011,-3.16239252957169
-1.49958146519793,0.284413495799188,0.313446973119533,-1.82388032535524,0.578583255675592,-0.689748624808408,-1.24896857571288,-0.851372365402453,0.808835079057581,-0.810643301321057,-1.83130923767191
0.937668482306492,1.27726670515443,0.752263845514741,1.26344513750156,1.91526893312917,-0.462756421881748,1.50414589892401,0.800593635664263,-0.221624565751113,1.35880716621693,6.24796779407999
0.130995078044821,-0.320969273417703,0.65730446172525,1.10178020789028,1.19642154844983,1.32017528995594,1.16787927317439,-0.749948929240393,-1.06838126542797,0.0296177624514604,3.72417553424794
0.918721432599529,1.97089791258252,-0.11107426808831,0.172888073176898,0.524979710467728,0.0658615917479976,0.959729999458745,1.16966912392564,-0.893270231748003,1.06208432111586,8.1818211727261
0.83559468899672,1.00135309941053,0.483300182642385,1.71910610526643,0.50891344364085,1.59162280839464,-0.358769040365443,-0.239547611251165,0.83743364013561,1.59008597372805,3.21578683661157
1.40015898640867,1.18389387965416,0.815093836437308,0.584812137407276,-0.202539112071639,1.8300717647798,0.974103970208047,1.47206172080751,0.396335097035967,-0.228791949224751,9.93282749577044
0.068048222700727,-1.40321766991544,0.696446534380275,0.0815673128400292,-0.926774949904154,0.271157396284519,-0.682918269325878,-1.4591611852567,0.198676364620007,0.191261197797829,1.60601821733936
-2.07742185328279,-0.956650318855256,-1.73004768205203,-1.00467777701151,0.524911318660859,-0.146964711756608,-0.145391609166644,-1.07193796680606,0.606069573016608,-1.94402396015354,-5.25360857364416
-1.8109358756779,-1.01703608634898,-0.991410553720706,0.202392062444953,-0.694226781315697,-1.25057845744584,-1.41284984858326,-2.28475249349674,-0.228127823952175,-1.35840047998829,-10.2557592369777
1.21067848920204,0.415629401653801,-0.525182857928118,-1.18484777171963,0.778111789385197,-0.99185682772527,-1.029499571627,1.3436527189238,0.21827966539348,0.738563306396517,3.3867241534968
0.0484192980872005,0.0959662427621703,0.555797382729214,1.57805368448442,1.98443016747983,0.53273427619109,1.41747901983951,0.0377802932674549,0.288514716931284,0.546156866139552,5.64140569213257
0.0501677686324128,0.694657013719956,-0.56311407157428,-1.19225534473686,0.0132547145934741,0.376467589159583,-0.40864851661998,-1.44831490980315,-1.72017303781554,0.970544674183365,-2.680166716203
1.21067848920204,0.415629401653801,-0.128122199436226,1.14172987791793,1.33230729794292,0.930226989735677,0.827285329105127,1.09912791918213,1.34067916402788,0.359605130025821,12.0539559057591
-0.886973477418994,-1.30572054357379,-0.472098951206809,0.755802559886072,-0.929563905591584,-0.0844225798552327,0.0177587530467998,-0.0710897213789538,-0.574012642668566,0.340354350114517,-1.01469087011304
1.01404532344017,-0.856712800542013,0.55682523491382,0.324149532910976,-0.524901981872201,0.846984156560576,0.585392058020563,2.43458478635663,1.19835701193445,-0.788376598347226,4.98168877855543
0.593839679803587,0.108203484207605,-0.339995807074323,0.668358916732691,-0.177622678453335,-0.144937989568364,1.39479128367153,-1.43500864332757,-0.133438474348129,0.037501469865181,10.8693895582409
1.47749714922366,0.347940990344813,1.03676089065894,1.12582620895267,0.541102638511313,1.70329629269533,-0.281727870881278,0.909988458489384,1.16136746338876,1.59008597372805,13.8815805497865
0.716154457989092,0.977717484820832,1.04578411604461,0.936651258245387,0.768575472275426,0.235283538552783,2.43697500484429,0.508013621464791,2.06540476711569,2.12277164577736,11.6229647846691
0.251726329981377,0.17922501329979,-0.997877525003148,-0.623168021185668,-0.200030289668743,1.32158010932859,0.189041648930013,-0.0401716653646336,-0.757401142616713,1.09663025991177,4.59337890988915
0.710983829197147,0.977717484820832,-0.701863841268191,-1.09876782952442,-0.0570676204642968,-0.99185682772527,0.621308584495392,0.327946657523208,0.678874074648539,-1.06135296108378,2.53832532799909
0.23296980717934,-0.41980472346492,-0.142339300073792,-0.751135596927793,-0.126793361349132,-0.502568491854438,-0.685354414452056,0.535915204818628,-0.117004523688744,0.0163276946146224,-1.04140966356101
-0.142887200613866,-1.9921829252574,0.168562096451753,-0.273836766213516,-1.77208034789746,-1.24219289939731,-0.70022634783069,0.418798146228769,-1.08191547025213,-0.0415765673157094,-3.34519281422801
0.874128938707844,0.040011039489007,1.27575899385237,-1.90198343124998,-0.51288722748629,-0.0622391740830399,-0.875434187585889,0.979059873728622,-0.385392321265118,0.595585553934207,0.282449849187054
0.343147934391558,-0.644303846500091,0.4365254468363,-0.984593525651704,-0.294761218661055,0.457792751474485,-0.246362145444642,-0.112032445503913,0.0835045614417796,0.567302734564938,-2.67929592984584
0.603409159164202,0.108203484207605,-0.407618531563738,0.668358916732691,-1.59020684890795,1.34976758718127,-1.29240553830638,2.17961283472811,-0.307153922298872,1.1322749617823,4.53827327139253
-0.914703120190617,-1.3184115108159,-0.706901742080402,0.202392062444953,-0.926774949904154,-0.0844225798552327,-1.41284984858326,-1.85924840567125,-0.901878360430173,-1.35840047998829,-5.85416902806796
-0.163565907339747,1.34875421126964,-0.880024827310181,1.76107613971522,0.604584086999781,0.655304609287713,0.952908665310937,0.046554816062886,0.83743364013561,1.06208432111586,5.52740981437306
0.257341411148571,1.14443306372007,0.688241492958553,-0.527451205882066,0.599236097107089,0.788111627702161,0.769845890743539,0.0679696466877519,1.59764686784003,0.48969131345435,9.76534118391103
0.0446156205322439,0.694657013719956,-0.56311407157428,1.03595962985304,-0.521344865084894,0.553100237810082,1.59530920672465,0.243334261031239,0.954406556921765,-0.077880154600494,10.0242844190718
1.40015898640867,1.18389387965416,0.815093836437308,2.15843714691953,0.543953843105621,2.82244578594608,-0.281727870881278,1.1537656640337,2.32384780539715,1.59008597372805,12.875942416439
-0.228442170028478,-2.15136309218209,0.168562096451753,-0.433426619534197,-1.30803925188939,-1.5392504306141,-1.01158562210561,-2.15256951852653,-0.226572119040162,-1.41456508977587,-3.10835796056004
-1.07489201020978,-1.52027245854208,0.256928349346443,-0.856885179758989,-0.361272910601039,-1.31201626775801,-0.464439715540108,-0.836799112666919,-0.93696817173413,0.408260255515614,-4.11715375812998
-1.13026069397015,-0.534112534306262,-0.993337270768871,-0.272805056026562,-0.471794523078671,0.629978217410022,-0.581763390840157,0.126045277167497,0.128174638066998,-0.674074591840053,-4.77966783100512
1.2987807655728,0.872817297469312,1.99837768903112,1.76807590026579,0.543953843105621,1.63495377786599,0.982677273362099,1.07778606155078,1.84796211879914,-1.08278930898428,4.21269547218587
-1.12054340641274,2.80864183897309,0.875590200355947,2.13170878241675,1.77073940961491,-0.514361535801643,-1.54067887995391,0.78045232455691,1.10027025161819,1.43146904712876,2.10211898427423
0.120061301088269,1.01209174396427,1.48343209561979,0.753261094205609,0.524297300276132,0.578683927351911,1.62966980925502,-1.01581448382517,1.21508428364536,0.0835138741867633,8.62675617056621
1.25337114462975,0.415629401653801,-0.0274490452034763,1.14172987791793,1.33230729794292,0.861257034263674,1.60900948328606,0.0915049530348193,1.16136746338876,0.307963595800333,10.2298175456912
-0.148406439621218,0.409230768169649,-2.30087043658735,0.785667990054131,-0.720868088665786,0.0610867738560587,-0.974196632235754,-0.354980008758297,0.388470877659727,0.00371865729757402,0.59736088636851
-0.794544418600222,-2.82298233599747,-0.870177800140109,-0.639865042122749,-0.550662261291693,-2.6057488009583,-0.600752294068957,-1.16985251464467,-0.606931165166103,-1.4187746620425,-6.65335195816364
0.710983829197147,0.977717484820832,-0.701863841268191,-1.09876782952442,0.438689153824722,-0.46968537996725,-0.0353497733944859,0.327946657523208,1.3295829936897,-0.437445394802123,0.0604338054019542
-0.417917957289054,-0.540093826605125,-1.86028636172288,-0.356263827199979,0.488192422490054,-1.7088384598188,0.724659647406787,-0.518223491972486,-0.169949542564183,-0.459170938322712,-1.00992460053977
-0.714520899242558,0.407698864497188,-0.973126404025685,1.24996266740876,1.33230729794292,1.19690444086956,0.770146437990775,0.871039367867757,0.148673626738017,0.359605130025821,4.50143017292602
1.18375463713442,2.09373719779861,-0.241400966272688,1.26398132917611,0.771269525775289,1.86374575746736,1.51497056664128,-0.108027804148641,2.32384780539715,2.79239897700396,11.0919626136016
-0.142130339371378,-0.806741997210488,0.332669155544582,1.03482029897257,1.382621277808,-0.172762138784704,0.647186167938472,0.00435930369665863,-0.00586857848870837,-0.745286026165615,-3.04750075729214
-0.623287984193709,0.234051302382692,-0.295088591150536,-2.18931462457874,0.996495098119196,-1.68851245721604,0.724659647406787,-0.728682117393268,-0.69853191857292,-0.300486321701975,0.951713431674375
-1.38931148166598,-0.690769231456838,-0.107865306539679,0.968217865810027,1.2148495321857,0.252129798893433,1.08470949286277,0.385233918370999,-0.128076897133364,1.22070927796747,-1.50041583659943
-0.623287984193709,1.89703054771536,1.68092742515068,-0.297332912787318,-0.688531527094692,1.28844744814363,-0.197804607627728,0.046554816062886,1.59764686784003,0.258028574648734,0.157883234204538
-1.07855028188333,2.80864183897309,1.3828543988044,2.13170878241675,2.31503982861964,-0.978207213737998,0.1848763761937,0.800593635664263,-0.646894546659965,1.88733923926508,5.62336308343706
-1.38729893219812,-0.690769231456838,1.16502290488961,0.0624816342609343,0.81448996057131,0.460493765698991,0.0504256832381903,-0.112032445503913,0.513834685962601,0.047234830252446,8.27487662153851
0.515191772013567,-0.647195840749842,0.559657925783376,-0.841648882478394,-0.604199508092581,-0.727323851525063,1.00910192802041,0.231108766827247,-1.7939929382469,0.31238118029928,0.839597414308508
1.71327854578517,0.387767163016567,-1.554570854744,0.898907339225353,0.260627399995939,1.31910979433118,1.60900948328606,-0.132348207879194,2.7668438732722,1.27781832164403,10.0242844190718
-0.980222338467532,0.0974711229393176,0.897308043711746,-0.723249706395958,0.743946458239837,-0.722525735039617,-1.16677746811053,0.440364736916316,0.808835079057581,0.34195241464719,0.1522014485334
1.56454980936522,0.233009388854184,0.662712133052734,2.06115634011477,1.64924902881999,2.05649669994319,0.11192611940212,0.509873202891194,3.32701894500264,1.41759346992636,9.16568666647068
0.679396501870159,-0.224326014027551,-0.406973993444672,-1.03215621111291,-0.0384302434921491,-0.441735771264985,-0.2599828047134,0.118455212609499,0.0939422899104008,0.0163276946146224,1.44825984053318
-0.0405868954321868,-0.467285605723938,0.236864976725377,1.03482029897257,1.19642154844983,1.24267624905899,1.16787927317439,0.864517823666061,-0.281119024526494,1.02579108713202,9.20369411275049
1.31706955161572,1.51627020743051,-1.23285763950209,-0.775859211531509,0.493130933480462,0.0390876696479969,1.20421522509914,-1.82641675155256,1.01242587161293,0.271807209876706,-2.51972841720383
-1.85993179024514,-0.783589502915426,-0.556632592890824,-0.403663424946722,-0.87495581548434,0.629978217410022,-2.15650391126889,-0.903648160157949,-1.22563474465663,-1.24038099189335,-6.64514650938803
0.914676620828512,1.09121233439331,0.247190747083776,0.356039049234997,-1.51283554793553,-1.61511825890085,0.423224006410602,0.327946657523208,-1.0613707900761,-0.762785075990925,4.3554384336386
-2.09015886983352,-0.903874672456947,-0.556632592890824,-0.918528791961733,0.466695783766351,-0.651159448255703,-0.672830431809522,-0.472602058429553,-0.647812097945202,1.21827585405257,-8.13563250606662
-1.20402365717526,-1.86682953146433,-1.71289595510651,0.458190180492586,-0.821513255756071,-1.58138156527345,-0.0505940696438598,-1.21209035385264,-1.34284537279014,-0.0707335185860981,-11.7285991539724
-0.935354016926536,-1.70686102212395,-0.422594729946739,-0.639865042122749,0.0717938903708285,1.29311410110027,-0.602666317197405,0.236210358067162,-1.41341932657458,0.541819330937445,4.04908319825623
-2.38100508149136,-1.08636680248994,-1.77811623775156,-0.0461612946831312,-0.87495581548434,0.724182492093991,-1.21329358224921,-1.03320780757649,-1.51716934740917,-1.10234184766562,-12.4042690182744
-0.0827196240200086,-0.46381092719891,-0.612612838641559,-0.0234337626709546,-0.113678726903851,0.269648441030537,0.577377193209116,-1.21546670943073,0.830742466660619,0.333977001511539,1.08660112301926
-0.967416799802351,-1.70686102212395,-0.129127330403214,-0.0241493502277278,-1.71313833232704,-0.0663778311326336,-0.602666317197405,0.408728268136083,0.555131229215351,-0.682010720930468,-6.12202666338058
-0.224732302146637,0.529554462961639,0.091936834579275,-0.0659576058833413,-0.178591639049577,1.25429461111578,-0.679753037670663,0.115334769581335,2.4824443719153,-0.297829848834862,-0.470245997635801
-0.260773078821572,0.635252754540695,0.523217364891509,0.151933858735161,0.108449005220212,0.389266129722928,0.80523194931599,0.515184432473946,0.0756864914363439,1.98858300261439,8.69887428167179
2.1147073727521,0.189486862372424,0.862948435146783,2.06115634011477,0.856206357020574,1.54621037927493,0.11192611940212,2.57829927179442,2.7668438732722,-0.0656668593552499,9.20369411275049
-0.0398494497415801,0.240906912923377,-0.485816586687832,-1.0586455365735,-1.44992517015937,-0.965924522047487,-0.758183510329994,0.979059873728622,-2.06540097748415,-1.01731952804388,0.905236568318202
0.716154457989092,1.11436026009894,1.04578411604461,-0.527451205882066,-0.320618606481103,0.788111627702161,1.50367901375002,0.0377802932674549,1.04887236877033,-0.0917702254408847,6.55600704257277
-0.580752560529558,-1.2191867328553,0.0243585491888368,-2.20050482168908,-1.51423193862838,-1.26911851033602,-0.464439715540108,-0.709966138412722,-2.2130956459859,0.539600842167601,-6.79092068416167
0.0484192980872005,0.0959662427621703,-0.07738636828517,0.150192914007841,1.11712461018265,1.24267624905899,-0.679753037670663,0.115334769581335,-0.159525566005861,-1.31221814094137,1.22485707438459
-2.09015886983352,-0.903874672456947,-0.556632592890824,-1.52440514125492,-1.53466839903794,0.11553629604488,1.84215781508148,-0.0210613830836421,-2.1235509331118,0.635206221528471,-4.77966783100512
0.169728883788416,0.484601977272493,1.26878375175314,-0.179515178756167,1.79082858251635,2.10607678732586,1.83146008802858,0.0915049530348193,1.59764686784003,0.66768812598112,9.86063426278866
-0.591067722195358,1.12767014411304,0.4893725227129,-0.0849188709345036,0.0428050542280078,0.509676009798872,1.31065547755944,0.0377802932674549,0.165037674650108,0.191727200624488,10.8035540853258
-1.36238315973783,-0.576990841879106,1.05917378529236,0.496020171222133,-0.194707528215376,0.0279265941413723,1.94022270090672,0.802839267307699,0.3875471710498,1.60318624678537,-2.56222711851529
0.322610972275183,-0.499047251732481,0.702228097043501,-1.47928179107738,-0.251179050559246,0.756696580635964,0.693426699432864,0.0679696466877519,-0.161418012587469,0.567302734564938,4.98168877855543
0.317723329528238,-1.18176982611496,1.95932061733175,0.367030232521936,0.902078123818969,1.02584949827841,2.35475174339,-0.309029960914536,0.262451485005518,1.58026499486039,0.138747416000398
-0.469929568471339,0.499303019308332,1.10330943876429,-0.146219922348723,-0.850096589786591,0.96038964604395,0.031785495434073,1.00414347428914,1.59764686784003,0.075362515878227,0.871559434352115
0.977496024913627,-0.525320493328771,-1.15269746042068,0.263189580266589,-1.91902684328156,1.34976758718127,1.3754850063172,-0.617763383907706,1.62402450208119,-0.443295182430907,-2.47796527135586
0.0609925438641703,0.539188902394174,-0.56311407157428,1.03595962985304,0.862811017127807,2.26672015928076,0.240983214090535,-0.473255696224135,1.01755528736056,-0.0988856563860696,2.7708062093333
2.05660912494766,-0.466184220121014,0.856186662894054,0.0419894715263036,1.864168431687,0.217860497947546,-1.56209597627289,1.43985627370382,-0.16006715430182,-0.930611153919401,-3.04079142880252
-0.218030739466612,-2.04036568424613,-0.233714827920388,0.544253392207998,-1.71313833232704,1.25429461111578,-0.456355024203388,1.36375421907907,1.62402450208119,-0.762785075990925,2.51258227722294
0.418729505395714,-0.0486610422347129,-0.121199163553939,-0.751135596927793,-0.779618094871127,-0.965924522047487,-0.243687381847799,-0.701412286157326,-0.782500468926599,-0.866592981269466,-3.06930593530042
1.39721897529964,1.37368594307468,0.653405693359262,0.676334987079695,0.69428359202049,1.3293039410939,1.09038167782341,0.574400598833683,-0.164411957849677,1.15455708968114,3.73584019163083
-0.349103506085742,-0.500542407451953,-1.51839319909606,-0.81788034372316,-0.237104982313555,-1.19690648550303,0.724659647406787,1.1928699408338,-0.0116330760173779,-2.7018299353263,0.306884961127482
0.890323315211186,-0.865086311746349,0.199439210829684,-1.90198343124998,0.390401754831289,-0.266787863168662,0.310551165393643,0.0337448379515773,0.0835045614417796,0.771610992687107,-1.62485367665044
0.429829164664019,-0.144284186582225,-0.186454565329878,0.219250232122483,1.02175966327091,0.67230341956547,-1.56209597627289,-0.782695512246586,-0.307153922298872,-0.497378054767975,-0.435284480122483
1.01073091643031,0.724529461645767,0.0895458676097339,0.0999161088628806,-0.46385099202645,0.0464963292233369,1.20421522509914,0.0378236092005063,-0.803144532410302,-0.488500905674282,4.3554384336386
-1.19527348055476,-0.0792862911849332,0.268686007055623,0.0776103233342552,-0.104860604175047,1.06310394689981,1.43590635119378,-0.460544087628189,-0.0219436296403923,0.340354350114517,1.54688975964327
-1.43784285817698,1.23329503425263,1.92403110414434,-0.905544071054186,0.0133539565028458,0.335764883626522,1.30905846169519,0.734509250242228,0.526782177350233,-0.384905664897861,3.83297404227795
1.2987807655728,1.0476552713534,0.834334586592037,1.42453247265913,1.91526893312917,-0.779668176657245,1.50608503341744,1.11722636434478,-0.0679728712192237,1.35880716621693,10.7419953024527
1.1544918305289,-1.56832976788846,1.02535842726277,0.64571801708489,-0.512881353070448,0.61063264216055,0.0701981057124548,-0.943928928193196,1.62402450208119,0.541855446770056,0.255829504679171
0.900133485733433,-1.42003640494822,-0.986820836061838,-1.83943418260027,0.709418488610069,-0.147103301487394,-1.8854466231575,-0.192993935710338,0.606069573016608,-0.39766029028134,-6.34783008001537
-0.77403833051589,-0.288500893159641,0.0592432241727037,-0.722786582638558,0.279528336566574,-0.0663778311326336,-0.234487938082075,0.0378236092005063,-0.912314897142684,-0.236752650084953,0.1522014485334
0.399809728045161,0.85517687868403,0.327117196203916,1.74111551805838,-0.382788878122998,1.42491157986991,0.243384894811736,1.32116792148169,1.15884442335391,0.300430224820456,6.65648532019474
-1.17107146078576,-1.93290309419893,-1.71289595510651,-0.68041966864747,-1.7349863460678,-1.58138156527345,-1.2343537823595,-0.770024499093052,-0.597019396563672,-2.1028885744165,-12.0838171767377
2.05660912494766,0.189486862372424,1.55159542589832,2.06115634011477,1.34272215451013,1.11928102198374,-0.281727870881278,2.09665960777198,1.84796211879914,-0.673380862145168,7.02462324432255
-1.03429643680189,-0.0260467390970537,1.56674108243294,-1.23592128994642,-2.35053777839281,-0.318663310891163,-1.11576670502603,-0.0278500058914384,0.411691343019804,0.718947480953908,-6.12202666338058
0.934854694284622,-0.481306969060774,-0.126793994637805,-0.751135596927793,0.260141949167898,-0.502568491854438,-0.517040410558119,-1.3664493050731,-0.647812097945202,-0.289498634565408,-4.8679514461915
-0.886973477418994,0.549827608346281,-0.378421245038431,1.03595962985304,0.862811017127807,-1.72017381800618,1.16787927317439,-1.16324231589309,0.123539428963071,-0.927890169732326,-3.46138168100781
0.687451275222084,1.75167607925311,0.30169914495912,-0.295002814325057,-0.123618513559113,0.0456770904659662,1.20421522509914,-0.839925520546956,1.1128609077437,0.408260255515614,2.57221052694556
0.900133485733433,-1.74708832644022,0.831992557649729,0.190259296860891,1.06246167452951,-0.458095551080889,0.826757047867,-0.0825256334116992,2.06096424634475,-0.769208334780158,3.08296783200108
-1.07489201020978,0.443734746617053,-0.334652202963125,1.10676572852152,1.33230729794292,1.15340979275982,-0.732767958282142,0.131249952305756,-0.0725019569089025,-0.103813436326653,4.04908319825623
-0.690103792512463,0.846523851554953,-1.43644173187802,-0.798451213643926,0.357468530286794,-0.100641557752917,-0.57399434668775,0.440364736916316,-0.741938066327982,0.00543113552156381,-3.94164698929105
-0.886973477418994,-1.30572054357379,-1.04774088471502,0.202392062444953,0.186465647965703,0.841231581814047,-1.41284984858326,-1.05044244096103,-0.140714985213427,-1.93452332786939,-5.35250081705109
-0.757748068168859,-0.440528987848114,-0.370516746596382,-1.07134944058419,-2.35053777839281,-0.0133051991254146,-0.621813570799672,-1.57573855207108,0.411691343019804,-0.0164817591485499,-3.8420816336824
-0.655195669549888,-1.62777694444058,-1.15440418605711,-0.25503427401202,-1.62614515794738,0.404995233295189,-1.2343537823595,-0.348972263084259,0.411691343019804,0.0916915558576165,-1.57937616922637
2.05660912494766,-0.26715777945788,1.20160398414718,1.56563198337682,2.53055389291068,1.76969840515017,-0.0605254543257599,0.522726690642161,2.00661559696526,-1.50796727750008,9.20369411275049
0.409780954603163,0.85517687868403,-0.312034677985115,0.0971088709050317,-0.141272503177479,0.553100237810082,-0.059741201101763,0.863461043517231,-0.112589776725111,-0.788376598347226,7.1162844427517
-0.730102371403354,0.846523851554953,-1.43644173187802,2.24773362358462,-0.770004638060524,0.841231581814047,1.59082818988047,1.07778606155078,-1.11633757229268,-0.0954199292072603,6.01831005507315
-0.880922557474642,0.929505371640122,1.92403110414434,0.330301388445056,0.252974459389629,-2.06370578778243,1.62966980925502,0.822612789267169,-1.0613707900761,0.778579493667852,5.35449182760798
-1.36395719128383,-0.308545467042774,-0.133491856330098,0.528955825446273,-1.7542660028655,-1.25057845744584,-2.02918983862852,-0.568043045263594,-1.35558542203147,-1.07202084281797,1.51020847700837
-0.194369224324059,0.820828512473513,-0.880024827310181,1.76107613971522,0.14251200113022,1.25429461111578,0.770146437990775,1.5921288359306,0.83743364013561,1.98858300261439,4.18360364368194
0.270904201892736,0.624467310442821,-1.31662722568536,-0.798451213643926,0.0823859386921786,-0.98988321895863,-0.181347818720021,0.70174190998991,-1.91175252419315,0.541819330937445,9.39475310662895
0.63013924760734,0.935187273238559,0.400116966189402,1.19700950412802,-0.70289156842646,0.446141481634119,1.26458874617503,0.302885225483441,0.585934428058248,0.256388691122444,10.0242844190718
-1.36395719128383,-0.841346740434541,1.05917378529236,-0.615564663057312,1.09584880746031,0.460493765698991,-0.279975738322753,0.471076884949389,2.06096424634475,0.284947239268669,6.25284775266679
-1.43784285817698,0.284413495799188,0.258817343354078,-0.844371663651554,-0.264781211319928,0.67139950656213,-1.38867107960866,-0.279802708651928,1.59764686784003,0.340354350114517,-1.43595313607492
0.223398326762536,1.25653865066759,-0.227460569651453,1.26344513750156,-0.0812911665400407,-0.509571585989416,0.12769275813148,-0.219925038489447,0.123539428963071,1.14383740369944,0.0379260123738692
1.14801006927626,-1.56832976788846,1.02535842726277,0.357085290432998,0.513839236297088,0.194011971547214,0.0701981057124548,-0.103775139643061,1.42742853450107,-0.199835981233697,2.75267449452459
-0.465994030227765,0.892601330196961,0.132777145706111,-0.0659576058833413,0.53129509303389,-1.03610325323461,0.41748588960181,0.535924956061423,-0.877987983231916,-0.0723422411441111,0.728970622886498
1.71327854578517,1.25619969900107,0.29834736037231,1.26398132917611,0.760149605714477,-0.251444304600221,1.50608503341744,0.391801177971305,-0.640012336280512,-0.0459245707085782,6.24796779407999
-1.50554005272301,0.941210819996828,0.441380153609484,0.936651258245387,-0.817682870013928,-0.529514664724275,1.28089277950223,0.535924956061423,-0.221624565751113,-2.13344814063858,-5.97844958087141
-1.44834143200709,1.23329503425263,0.770315926338534,1.31030456392676,0.212627861584559,-0.722525735039617,-0.558372770456796,0.78045232455691,0.583799661094381,1.43146904712876,4.81684636930375
-0.522098874223901,1.6651700903775,-0.784713785172751,-0.224823573069255,-0.375632541466728,-1.12852907256925,0.662621399817343,-0.0480602762715103,0.0866274632493627,1.11035060455329,0.259233319660601
0.603409159164202,0.108203484207605,-0.339995807074323,0.668358916732691,-0.177622678453335,-0.424786255157829,1.39479128367153,-0.341517019891078,-0.133438474348129,1.31483271551023,8.62675617056621
0.165074176549727,-1.02748329122811,-1.526070661654,-0.184130683240814,-0.580270388783265,-1.01857837308796,-0.882429255047962,-0.348972263084259,-1.14968537625157,-0.818252764599851,-0.234925759868971
-2.21322187074395,-2.12653460732037,-0.585226815142154,-0.133619305365049,-0.037337857092922,-2.6057488009583,-1.21329358224921,-2.28475249349674,0.660147794799064,-0.0164817591485499,-10.2557592369777
0.627271152150553,2.28227526704132,0.591835971744339,0.328694865212264,2.42981775856262,1.06469300574318,0.184002251354533,1.60720657849735,0.0433149434696145,-0.203426763341644,7.1162844427517
-0.967586495103787,-2.0042209022072,-0.129127330403214,-0.639865042122749,-0.270905513710183,-0.939683120695416,-0.206707732258328,-1.21209035385264,0.0328307163162699,-0.618243376092421,-6.34783008001537
0.322610972275183,-1.18176982611496,0.904698121396329,-1.07460718708888,0.0456968319361118,0.0557111470211731,-0.546783244559173,-1.44831490980315,0.603969654442523,0.427910683667252,-9.58735933421138
-1.88354643879517,-0.783589502915426,0.724522179368698,-1.90116783171293,-2.53003307144893,-0.747247510095347,-1.02435568973987,-1.32580850265318,-1.12215835804144,-2.85128348763787,-10.5364399423599
0.165074176549727,-0.460173966886728,0.65730446172525,-1.16654789312131,-0.718470010010618,-0.866153861855101,0.201579756489168,-0.348090518957598,-1.60021284229152,0.567302734564938,-0.697858667750356
1.44067325342412,0.884418522958903,0.282833541930483,2.37613286371127,-0.0288406814636318,2.09086025063535,-0.0605254543257599,1.00565442377482,2.32384780539715,-0.794417600228032,3.18376061181231
1.29330830858257,0.872817297469312,0.656465135111516,1.42453247265913,-0.70289156842646,0.578683927351911,1.50608503341744,0.243334261031239,0.83743364013561,1.02084471024165,10.0242844190718
-0.314283826833092,-0.0501041281029501,1.1501143332948,0.246232359811268,1.71736927484877,1.53182966480874,0.184002251354533,0.522726690642161,-1.03166068887303,1.35880716621693,6.25284775266679
0.573018695902844,0.108203484207605,1.27575899385237,1.42728135475377,0.619726582033562,-0.732803508930473,0.507295161322317,0.20066888351333,-0.66251167429378,0.0356875978293313,4.59277135482569
0.54193914259383,1.38383785667213,1.22972606998917,0.696198594919764,0.180086971174147,0.200478321681071,0.326577332462232,0.226335392194951,1.44456993410404,1.01780252194913,6.65648532019474
0.941248828770552,0.798515683512489,-0.11107426808831,-0.121371648665313,0.604895075635537,1.15459856583427,0.524249668904,2.01932566840343,1.1541161353775,0.0356875978293313,7.41281400583388
1.39721897529964,1.37368594307468,0.462340958623364,0.800184697804697,0.721827608282213,1.8300717647798,1.09038167782341,0.602668057213089,2.32384780539715,1.15455708968114,8.3298542192807
0.85393607989924,-0.560907088203711,-0.365985893914246,0.84907040692759,0.865630546050399,0.545449989996622,-0.024002355021406,0.0992949194773073,0.803130650161537,1.56712498616574,7.61590079704015
0.220739180983412,0.17922501329979,-0.997877525003148,1.11705540139837,-0.583178251621972,-0.179489996415962,-0.270026270650536,-0.400835483956616,1.61136514631526,-0.204121296751606,3.47848421177223
-0.55301566713417,0.465756324645732,1.10330943876429,0.531142921480768,-0.587539700826754,0.529060963863151,-0.519745592112844,0.778670725506207,0.508698553842225,2.32487587940872,-0.470245997635801
-0.730102371403354,0.846523851554953,-1.43644173187802,0.650779000106789,-2.92415460334954,1.15412838742251,-0.456355024203388,-0.447228898926586,-0.844647176715602,-0.555652571620214,0.72930179028014
0.317723329528238,-0.531077510732236,-0.992586166178924,1.054171047489,-1.06245298746224,0.475567769157686,0.952908665310937,-0.202493662505796,0.349132506935673,1.1322749617823,-2.31240504763045
-0.505194181975479,-1.49849309968934,-0.699362950332263,-0.70082249548784,-1.54430599013876,-0.269802574640069,-1.02200807355511,-1.34818468738163,0.555131229215351,-0.0164817591485499,-9.32933836022042
-0.465994030227765,0.887960975921634,0.677025889194024,-0.250382488021236,-0.20822604224968,-0.109578740153657,1.31065547755944,2.14427363270023,-0.205139939571646,-0.871043108197893,6.52368626492758
-1.178878040946,-0.0792862911849332,-0.298008785892298,-0.755858823360081,0.446709567342058,0.67139950656213,1.31002293652954,0.0377802932674549,-1.45120521989367,1.09074339494197,3.96870600684762
1.17912270254853,2.09373719779861,1.96527883185399,2.06393924482182,2.07079292736398,1.81443791474593,-0.482975763475923,2.17961283472811,1.74541825111825,1.43146904712876,15.0756770230661
-0.862164859463666,0.578209904645171,-0.716273609413406,1.03595962985304,0.900446633985698,-0.519711968304421,0.647186167938472,0.0660418446715772,0.123539428963071,0.307963595800333,2.65213883434713
1.0387402514032,1.31844924762565,-0.776225873047869,-1.09876782952442,-1.07765715998098,0.177480249000951,-0.389038709160572,0.327946657523208,-0.274573909545739,-0.463462602246071,0.905236568318202
-0.311549849356957,-1.01448906441678,1.31952447325605,0.796688083741152,-0.787737395409486,0.568545255940622,-0.880192508790097,-0.363777940902979,1.21489772091531,-0.0709070517491771,0.255829504679171
0.833824057058289,1.44296862005313,1.07928710779041,0.433349648754982,-0.0485845876546649,0.109167437575064,-1.38643980933531,-0.0186737217849332,-0.719879207609411,1.55351758724169,6.15111819453195
-0.373057415459324,-0.992294387832684,2.05408710062998,-0.630342408454875,-0.71090573728587,-1.72927586998155,-1.56896969046318,-0.770024499093052,-1.12484543805314,-1.41456508977587,-8.30063100788168
-0.143596142658817,-1.9921829252574,-0.233714827920388,-0.0760748844977828,0.0243353460941306,-0.458095551080889,-0.318363816836963,-1.21209035385264,-0.26557423958899,0.970544674183365,-0.670682531094946
-0.363604336202242,0.719847361839624,0.134952576597747,-0.891049917630659,0.315030566945174,0.751487331519463,-0.0940747676258364,1.05173460797077,0.0120883025922755,-2.72006796410728,4.18360364368194
1.39721897529964,1.38058729495181,-1.23285763950209,-1.49737629502345,0.999393952809229,-1.11236190799941,0.242354533699109,2.56350473461083,-0.893270231748003,0.359605130025821,4.29379138310336
-0.218030739466612,-1.88954735347265,-0.453113336670836,-0.649228127341871,0.0717938903708285,0.296069517439754,-0.592587946593247,-0.838878557774987,-0.873062576507318,-1.67201298110439,-4.58277926013412
0.92715114330291,0.960167365290568,-0.11107426808831,1.71910610526643,0.47035128810462,1.42491157986991,0.0509347737211735,0.129446053233915,1.15884442335391,0.454317016695151,8.33243898782693
0.130995078044821,-0.320969273417703,-0.142339300073792,-0.150848871083437,-0.979679048094746,-0.45072797903605,0.719312593451848,-0.182088950486147,-0.456959112499719,-0.488500905674282,3.53910487516262
-0.835662014559938,-0.378155061062652,-0.175487453577167,0.219250232122483,-1.00137871217439,-1.1080313617924,-2.00675393569766,0.505483422283054,-0.77075312355524,-1.38007120760135,-3.36807212109208
0.35673803198777,-0.215176513613016,-0.347744935761299,0.445964934264103,0.609112822554904,-1.29762708243855,0.293162323446025,-1.16324231589309,0.627863803430076,-0.927890169732326,-3.36217828880632
1.23035038513887,0.930373189642479,0.656465135111516,-1.15591135773997,0.599236097107089,-0.354049137787072,0.803927420179621,1.52329326671747,-0.893270231748003,0.48969131345435,4.29379138310336
-0.367411212900992,-0.510266480964086,-1.69999796284369,-0.356263827199979,0.488192422490054,-1.11236190799941,0.724659647406787,-0.665054809005051,-0.813088912928933,0.163443328122541,-10.7803190625511
-1.50048617882805,0.284413495799188,-1.13121693526865,-0.798451213643926,1.64677229356,1.19690444086956,0.439632518472868,0.749233696514277,0.523561894380272,0.633603794844275,4.18360364368194
1.61611355246707,-0.0411268172245718,-2.05603285362957,-0.624084634634849,-1.20883197939737,-0.172759458813568,-0.190367325032594,0.70174190998991,-0.331690661878683,-0.463462602246071,-2.48868541249824
-1.36238315973783,-0.308545467042774,0.258817343354078,0.326945873714351,0.0734570022732978,-1.25057845744584,1.28089277950223,1.72713830596933,1.36512173432227,0.191727200624488,5.35449182760798
-1.56417578685854,-1.42088841709803,-2.81081925419749,-2.28044147970893,0.243757064828827,-1.06574168846952,-0.503369920045938,-2.33992297726194,0.606069573016608,-0.0164817591485499,-9.32933836022042
0.830372920031881,1.44296862005313,0.590572577075837,0.328694865212264,-1.51283554793553,-0.509571585989416,-0.502248686250682,-0.0186737217849332,0.0117634149327283,-0.262289656929176,5.35650465771826
-0.623287984193709,-1.28446014849386,0.569904828823925,0.462184698440292,0.0456968319361118,-0.471674088839384,0.518297407329074,-0.094188137695959,-0.640012336280512,-0.745286026165615,-2.26808318553885
-1.36291428630633,-0.238338952968602,-0.0754803960949627,-0.813742788665124,-2.35053777839281,0.783904604730697,0.281023083001656,1.21165447792998,0.411691343019804,0.340354350114517,-7.30159788267121
0.262610940575124,0.624467310442821,0.327117196203916,0.916776303380867,-0.272414471455007,-0.166561807663102,0.527085345000005,-0.532672270226071,-0.221624565751113,1.14383740369944,8.84694755462358
0.872014025051235,0.488167471125891,-0.951624312535581,2.74458923769907,2.07380421538987,0.453349383177342,1.29478781734059,2.09665960777198,1.2030359405482,2.76599301702794,10.9948374290151
1.51025395747503,0.987209681915822,0.282833541930483,0.438380351553851,1.07242411269897,1.70329629269533,0.423224006410602,-0.239547611251165,0.609957520533122,-0.0988856563860696,3.9380534237662
-0.000267554832202173,2.56762723617576,0.875590200355947,1.00526144958297,1.71495689626423,0.162458841190543,-1.54067887995391,-1.88869673940021,0.127581617291361,-0.754841157447139,1.34820910712635
0.560899384656075,0.672110325294996,0.234571599727065,-0.515234492818703,0.793307171377318,1.85073366813938,1.15492069646839,-0.749948929240393,-1.90923179676899,-0.424720986168613,2.43597795866601
-1.36291428630633,-0.238338952968602,0.423566394308052,0.788302469652774,0.279528336566574,-1.679614473931,1.94022270090672,0.878754023920521,-1.0613707900761,0.778579493667852,3.83297404227795
1.40015898640867,0.884418522958903,-0.102343644310713,1.26398132917611,0.760149605714477,2.09086025063535,0.511951414123974,-0.34908827437963,2.32384780539715,2.79239897700396,4.48156128092928
0.422179989739671,-0.0486610422347129,1.07417217082567,0.246232359811268,0.399386262060284,0.377357139566996,-0.244624363443287,0.522726690642161,-0.307153922298872,-0.236752650084953,-1.4009633380822
-0.623287984193709,1.89703054771536,-0.84298586185261,0.918621777055444,-0.720868088665786,-1.27289775188621,-0.0473933674662466,-0.491456058247495,1.94217704362712,0.00371865729757402,-0.685551850218268
-1.11259705295786,1.2052865380297,1.92403110414434,-0.578731517215776,0.124569724139485,0.335764883626522,1.72658124698212,1.0618630144714,2.19374405956566,1.27781832164403,3.83297404227795
-0.143596142658817,-0.806741997210488,0.332669155544582,-0.273836766213516,-0.433261545918233,0.954336306468499,-1.29906124611406,0.142058180218632,0.477091427142971,-0.572967355469486,-4.88429752499349
1.88233379818295,0.727175796781057,0.104170385788654,0.688392237322817,0.69428359202049,0.984094038643218,1.5326333535511,0.148327500418218,-0.504120976449166,-0.0832105650518833,6.24796779407999
1.2987807655728,-0.0670074286494616,0.352132200000258,0.0282390085337135,-1.10789330798978,1.36894141084536,-0.670097774107887,1.3436527189238,-0.162079028964372,0.600096368777094,-2.25316079047972
0.429829164664019,-0.287423893572103,-0.142339300073792,-0.905991989892067,-1.02012957083493,-1.58949899770236,-1.12284652586081,-0.233130966542672,-0.905443562367694,-0.950444545526396,-8.01439291044015
-0.417917957289054,-0.17899848673544,-0.865118924759317,-0.383401738023718,-0.939279551125969,-0.80114883380112,-0.361914887345949,-0.527324861854951,-0.821778256742607,0.0701871818118284,-1.74758371880459
0.182410984713662,-1.52606747660346,-1.526070661654,-1.72980974707041,-0.889590909920975,-0.727323851525063,-0.878862988824482,-0.286638255551464,-1.54273214911419,-0.818252764599851,-3.68212790023425
-0.428777706056753,-0.751622414021669,1.12031431985009,0.0624816342609343,0.578008775353428,0.460493765698991,-1.02435568973987,-0.0566626883864822,1.30460919451534,0.506305071120479,8.69887428167179
-0.127305878032646,0.172723131648615,-0.799685142794142,0.918621777055444,-0.720868088665786,-0.179489996415962,-0.270026270650536,-1.21948683149824,0.657317360535553,0.882365651007356,0.471117000057012
-0.142887200613866,-1.78075033645223,-0.453113336670836,0.544253392207998,-1.16251922591726,-0.458095551080889,0.410868937930272,-2.08035042754379,-0.970054455681294,-1.11953351185347,-8.30063100788168
-0.0308579956951931,-0.467285605723938,-0.304898547836873,-1.45872698439648,-0.251179050559246,0.756696580635964,0.281023083001656,-0.393601763576169,-1.45120521989367,-0.000147428532943633,-2.91742182768398
-0.794544418600222,-2.82298233599747,-0.19431870362167,-2.11142227095383,-0.215878392173099,-1.03524989125674,-0.206707732258328,-0.884756195337886,0.0726630609802958,-1.13144950198544,-5.15291679429146
1.94185287986291,1.37927676744629,0.949998099905057,1.34863957196831,0.541102638511313,1.54621037927493,-0.0605254543257599,1.92994720970824,2.7668438732722,1.59008597372805,11.4679261632912
1.47749714922366,0.347940990344813,-0.219264777428972,1.14172987791793,0.862811017127807,1.70329629269533,1.60900948328606,0.917492202930485,0.556659136778551,1.44638795886566,10.2298175456912
-0.169835170500419,1.34875421126964,-0.478364777124193,-0.596690760259447,-0.349483524869402,-0.373446678238852,0.662621399817343,-0.839925520546956,0.0613734739745723,-0.265474020034982,0.981701915376051
-0.142887200613866,0.0955906736036858,-0.0120539216173171,-0.724228494647753,0.743946458239837,0.408027923998247,0.987568385049714,-0.120719883917658,-1.72017303781554,1.06208432111586,4.04908319825623
1.27127133840135,-1.49038948791549,0.0875589819245896,0.324149532910976,0.145988658159707,-0.145007020530589,-0.024002355021406,0.503609968279565,0.0861774562774988,-0.267989317647213,3.80023629334385
0.85393607989924,1.55301010976886,0.854089377386551,0.0142497757432245,0.926904280167186,0.194485246965582,1.37838558018664,-0.0480602762715103,0.559967585943609,0.66768812598112,7.22984208966646
0.300981596329282,-0.304882630069907,0.65730446172525,0.2643684897427,-0.979679048094746,0.982154876855828,-0.562439374793749,-1.04781395733264,-0.727542077156022,-0.653427869324526,0.374365997477806
1.14666673396272,-1.56832976788846,1.02535842726277,1.63641279931311,0.650480681459125,0.911432333683298,0.585392058020563,-0.410297997051789,0.349132506935673,-1.29200206685636,1.35210110659399
-0.859120751343603,0.578209904645171,-0.468123365880846,0.212823183671183,-0.32776757521508,-1.00822733106375,-0.267281470771733,-1.42636128865441,0.450140161236977,-0.618243376092421,-0.701915330329117
0.900133485733433,-1.42003640494822,-0.198367239973205,-1.73615065791425,0.709418488610069,0.162913043375476,-1.01158562210561,-1.09368734601621,-0.895088743264995,-2.28302965421338,-6.56837233106894
0.850339539627992,1.01987789514504,-0.10465626651757,-0.634439313722162,0.604895075635537,0.315698405035894,1.20421522509914,1.33033669116347,-0.307190517116992,-1.08278930898428,4.33527112324158
0.429829164664019,-0.287423893572103,0.65730446172525,0.2643684897427,0.823756772977824,0.930226989735677,-0.473839931843955,0.0609328032906642,0.0433149434696145,-1.58192406843578,4.06529800720091
1.17912270254853,1.70318908505845,-0.481655673314864,-1.09876782952442,1.95521016093624,0.904151252353551,-1.5685987796172,-1.9908911933084,-1.90923179676899,1.76385470559835,-5.83853353112604
0.934854694284622,-0.811031838844663,0.20130673266052,0.3170426155128,-0.898041890371533,1.12613435423868,0.0253162585235271,0.723983673437378,1.19835701193445,-1.3225927908984,5.35425671662448
-0.311549849356957,0.183058632400744,-1.14585022035837,0.650779000106789,-0.664979354836173,0.34146649465013,0.770146437990775,0.83958538964727,-1.11633757229268,0.733179991608127,1.12501105016752
0.343147934391558,1.00906338917611,-0.312034677985115,0.289116726674415,0.225486455956865,0.553100237810082,-0.562439374793749,0.00525403340334001,-0.278477805579969,0.5196490009288,-2.25316079047972
-2.07742185328279,-0.956650318855256,-2.26119089614962,-1.00467777701151,0.524911318660859,0.724182492093991,-1.07833320819841,-0.279802708651928,-0.873062576507318,0.0933600854838335,-11.7285991539724
-0.730102371403354,-1.29160148622979,-0.0655744554761869,0.150192914007841,-0.0776500400050687,0.070500363098069,-0.602666317197405,-0.0928239658228086,-0.0219436296403923,-0.297829848834862,-3.64254508742115
-0.702308012754663,0.846523851554953,-1.43644173187802,-0.623168021185668,-0.375632541466728,0.841231581814047,-0.363639224426685,0.895327005178903,0.693745637679356,-0.965566527008737,0.647127500964531
0.830372920031881,1.44296862005313,1.07928710779041,0.212849185131352,-0.46385099202645,0.508365000679308,1.20421522509914,1.1537656640337,1.02193991798143,-0.391200760361187,6.55600704257277
-0.311549849356957,-0.698176607281971,0.276533844845804,-1.03969188721782,-0.0424538076526256,0.173277887227188,-0.514562713274585,-0.784155780838703,0.0835045614417796,-0.259258205532913,-6.08955181151669
0.399809728045161,0.85517687868403,0.621734805820224,-0.292999319391046,0.793307171377318,0.0290629772793651,0.688647555780938,-1.05862973723968,0.559967585943609,-0.300486321701975,-0.332968577526788
-0.777639515136366,0.26385584336143,-0.295088591150536,-0.617958622890946,0.269051481900073,0.924827439475719,0.403409932612342,-0.0885925904945452,-0.950574411444131,1.01780252194913,4.50143017292602
0.0685475125850196,-1.40321766991544,2.55494346921182,-0.630342408454875,-0.361272910601039,1.84115899739306,-0.682918269325878,-1.34818468738163,-0.161418012587469,-0.67606980218345,-15.4547877305707
0.671036445201251,0.845197612223581,0.400116966189402,1.13394636549111,-0.70289156842646,0.553100237810082,1.26458874617503,1.35364299585036,0.585934428058248,-0.0422204090854649,12.7881497880815
-0.591067722195358,1.12767014411304,0.447341621229579,-0.527451205882066,-0.246312226394266,-0.471674088839384,1.65214195017047,-0.146380501846405,0.487589872216033,-0.297829848834862,6.01831005507315
-0.0413863566437086,-0.835925190210715,0.946219060404846,-0.822387109342757,1.382621277808,0.561946703846165,-0.027881572468399,0.815891906997555,2.41031201766911,0.34195241464719,9.86063426278866
-0.707342886841305,-0.174950707769622,-1.07934112930729,-1.45662932117475,-1.21872671738636,-0.318663310891163,-2.55993827591711,-0.74060246062524,0.269363311818149,1.07311860219578,-0.927824279087539
-0.428777706056753,-0.751622414021669,-0.162583137390875,-1.54491825268975,0.101630798129092,-1.00515386041533,-1.02435568973987,-1.76568459660948,-0.911300196879287,-1.68987135615043,-8.35428439223684
0.773776251654598,0.0108416414055152,0.142040041833349,-0.127749334811636,0.345020414762041,1.15459856583427,1.38485135761922,-0.460544087628189,-1.11446875807682,0.191727200624488,6.2467204190544
0.620587946531378,-0.617500487722762,1.80862675900211,-0.630342408454875,-0.294761218661055,-1.44813905165612,-1.03716370426238,-0.824375300083858,-0.685137681966249,-1.18286992481979,-1.30157543945912
-2.07742185328279,-0.956650318855256,-0.164766668054173,-1.28894195717584,-0.476841328810268,-0.812740673638139,-1.62486215528743,-1.32580850265318,0.0726630609802958,-1.12432157594759,-3.16239252957169
-0.311549849356957,-0.698176607281971,0.276533844845804,0.583814410980198,1.2148495321857,1.39481003006282,1.09829836589057,-0.590508268901743,0.457372781201363,1.09591394864008,0.255829504679171
-0.522098874223901,0.538113479571856,1.10330943876429,0.531142921480768,-0.850096589786591,0.529060963863151,-0.244624363443287,0.347529084281569,1.19613789911363,0.742621914472544,0.259233319660601
-0.068853337341022,-0.290464277838517,-1.41792606829014,0.131416687773575,-0.237104982313555,-0.566019803568781,-2.00675393569766,-0.192993935710338,-0.140714985213427,-1.12154768397325,-3.17784345371333
0.642845767427742,-0.990429649311948,-0.420234302791821,-2.59899222972707,-0.648305053393528,-0.866153861855101,-0.201586198624103,0.147056511541717,-1.54273214911419,-0.465055009676514,-1.4009633380822
-1.43492310693057,-1.83993499036544,0.199150098073774,-0.874941614765423,-0.0610387531370819,-1.01072405981251,-0.206707732258328,0.11194913994574,-0.603934821079337,-2.53050819334374,-6.17887856240987
0.534096023548058,1.06202614939875,0.688241492958553,-0.527451205882066,0.333460849846254,1.28324927889688,0.324588165209799,0.753901060113922,1.59764686784003,0.883078850183069,9.86063426278866
0.0685475125850196,-0.760117963622883,0.696446534380275,-1.47928179107738,-0.263719730918298,0.512979304159317,-0.456741115683769,-0.286638255551464,-0.685137681966249,0.724998928695072,-5.83223535038136
0.679396501870159,-0.224326014027551,0.234459130687679,1.31390790427206,2.27640184081241,-0.228935204857084,-0.34875362990399,0.800593635664263,-0.51013688742683,0.391119265675373,4.64919396431349
-0.29172713256717,0.635252754540695,-1.52606987750793,1.11705540139837,-0.0812911665400407,-0.96176303797741,1.18314698744438,-1.02508584294379,-0.361601531889861,-0.254286087932725,4.48156128092928
-0.0308579956951931,-0.467285605723938,-2.33217714854805,0.343293212547559,-0.995455703166206,-1.19041705085424,1.39700449199165,2.63864614987822,0.494086401992881,0.427671092990644,3.27960598883635
-1.06640427605673,-1.41414591844439,-1.63364839139021,-0.184130683240814,0.0243353460941306,0.404995233295189,-0.882429255047962,-1.84416093552705,-0.975151745874925,-1.4187746620425,-11.0603621265128
-1.178878040946,-1.93290309419893,-0.870177800140109,-1.27358985480236,-1.40871870697876,-1.16486439340956,0.658896678761194,-1.82049784720836,-0.524791583678897,0.444702944674394,-5.13511464159436
-0.163565907339747,1.34875421126964,-0.478364777124193,1.54391387463068,-0.521344865084894,0.109167437575064,0.0185526320112595,-0.219925038489447,0.83743364013561,-0.0956064480547218,3.47848421177223
0.504393453288148,-0.380630647336653,0.809390217248887,0.405213643171991,0.54945458329077,0.194011971547214,-2.17534668136264,-0.051478860259711,0.0433149434696145,-0.267989317647213,-0.269092147782246
0.097788410284403,-0.770852284410374,-0.0151977460146283,-0.896759487553292,0.298911237763623,0.512979304159317,-0.456741115683769,0.598775964716985,0.185749115484903,0.391119265675373,1.22485707438459
0.262610940575124,0.624467310442821,0.327117196203916,1.38583223779754,-0.926628069928265,-0.166561807663102,0.92099242646729,-0.532672270226071,0.895639494871426,-1.04254143922101,-2.39553305729413
-0.975675787845587,1.57721044111762,-1.47123930765352,-1.01282734359278,-0.410911783567645,0.404995233295189,0.661589184920526,0.32137795415312,-0.741938066327982,1.92023174622198,-3.49504267411315
0.0399013096125394,0.0959662427621703,-1.07915676364007,-1.57141583599145,-1.07765715998098,-0.545412417539954,-0.267184962418751,-1.55849709807239,-0.00322744886973569,0.444702944674394,-3.69638331487911
0.0907099755626951,-0.18116731455846,-0.253779079032364,0.445964934264103,0.568667554323317,-0.145007020530589,-2.10863141220398,2.08948153778241,-0.0212195203557744,0.0736128388907702,5.02839665923626
0.322610972275183,-1.18176982611496,0.435988841828569,-0.59780733126406,0.347892643133473,-1.29113135605575,-0.546783244559173,0.598775964716985,-0.360176933690452,-1.27315924769717,-2.89816576571891
0.627271152150553,1.69583142092334,0.591835971744339,-0.781157945298265,0.460393799136003,0.0744504026117397,1.30905846169519,-1.82641675155256,1.1128609077437,0.037501469865181,-1.43595313607492
-0.730102371403354,0.846523851554953,-0.432291780275162,-0.560026506407578,0.850492483454786,1.64453510929763,-0.149480686772628,1.05173460797077,0.523561894380272,0.695307638151605,4.04908319825623
-0.360924012568703,-0.510266480964086,-1.36085622152996,-0.81788034372316,-1.24037784083518,-1.3375129413706,1.32464754758286,1.69616129768124,-0.972410192206578,-1.01731952804388,6.52368626492758
-0.163565907339747,0.121910949034517,-1.07915676364007,-0.453152108651479,-0.812904208993168,0.526914362019045,-0.53763693561375,-0.256011881698255,-0.159525566005861,0.0916915558576165,0.59736088636851
-0.74738121895069,-0.440528987848114,2.26498495846173,0.466454603274431,-0.801085760033118,0.529060963863151,0.830741518598395,0.797913801232694,1.51762680703576,2.32487587940872,0.259233319660601
-0.767496716130487,-1.26166381383091,0.0875080024424919,-0.856885179758989,-0.649573114343532,-0.0663778311326336,-0.0271202915736596,0.231108766827247,0.198676364620007,-0.751521974577812,-1.11638829022932
-0.55301566713417,0.538113479571856,0.091936834579275,-0.515234492818703,-0.178591639049577,-1.12852907256925,1.65214195017047,-0.178824661571141,0.138347321446553,0.645361390113946,1.91752535112281
1.47034663871428,0.347940990344813,-0.487354329420166,-0.173998680353705,1.95521016093624,-0.0307476539561876,-1.56209597627289,1.3436527189238,0.556973774426847,0.0266055480507165,-0.629542768376342
-2.17151298184924,-1.30375147250275,-0.915819098726684,-0.111558136297659,-0.427276150840266,-0.174784896966187,-1.21329358224921,-0.903648160157949,0.626174776157351,-0.0332033380032363,-5.9577321574368
-1.80416588253847,0.113209491216717,-0.0219798401953122,-0.18894148712755,-0.0862855734204988,0.0178721471386866,-0.53763693561375,-0.734455193947528,-0.430727904293939,-1.48091905794512,-3.36217828880632
0.130995078044821,-1.79473263500537,-0.584843594585974,-0.186594248626172,1.01847407562638,-1.29113135605575,-1.21329358224921,0.363169722387632,0.0424831250562786,0.56977224375584,-1.42610860519807
1.17713388892366,2.09373719779861,1.96527883185399,1.79279379501478,2.07079292736398,1.81443791474593,0.323141456360371,2.70348328498576,1.54445574610168,1.35880716621693,17.042101413117
0.453482597608629,0.711331769641569,-1.10442320045662,0.609328082967971,-0.177622678453335,0.578683927351911,0.952908665310937,0.831904848170354,1.44456993410404,-0.077880154600494,9.3184847699486
-2.09015886983352,-0.903874672456947,-0.222253433115445,0.219250232122483,-0.25877213056636,-0.227565373892837,-1.56896969046318,0.484493028354769,-0.0212195203557744,-0.832808591973011,-5.98179430319266
-0.438205045847272,-0.425759010071096,1.12031431985009,0.624380098782735,-0.113678726903851,0.864773425613177,-0.216134215472462,0.522726690642161,0.121618836597121,-0.649665500021218,6.8181465026043
0.941248828770552,-0.124557820126885,0.236428334533412,1.65083819269426,0.426984151366361,1.42491157986991,0.982677273362099,-0.749948929240393,0.615924116155765,0.400063674803993,0.249474792596281
0.7490925964138,0.479191767830868,2.01907722076451,-1.00415020302508,-0.320618606481103,-0.0622391740830399,-0.0973773459650768,0.872967286804706,-0.665421935442992,0.31238118029928,5.15890598133532
0.60087316710951,0.108203484207605,0.482805593883581,-0.25801423691734,-0.570993066514138,1.36512604724865,-0.679753037670663,-0.278136985128544,2.30489200883252,-1.3225927908984,-2.39553305729413
1.08305762794047,0.184645813249369,-0.402743290012658,-0.617958622890946,1.73098270472584,-0.0307476539561876,-1.56209597627289,-1.9908911933084,-0.970915570402438,0.806050882255694,-1.10568952747362
-0.347476452522372,0.00910880827655369,0.299586790531219,-0.155968476792866,0.837597222615238,0.0290629772793651,0.699807319667813,-0.315462624749431,-1.05338787495148,1.02579108713202,0.981701915376051
-0.627570907866594,0.684061956407581,0.0583704914071313,-0.891049917630659,0.109643663731908,-0.743091940898668,-1.6340705013968,1.25775417901077,0.915091620106076,-0.0143309018136252,0.1522014485334
-1.3862601373877,-0.238338952968602,0.258817343354078,0.066379219393363,0.452730573556121,0.729343450486065,0.825289505465953,0.831132568684692,-1.11446875807682,0.98973615139493,4.04908319825623
-0.363604336202242,0.719847361839624,0.0307305730413084,-0.00212407564434783,-0.178591639049577,0.568545255940622,1.31065547755944,-0.249786082306312,2.4824443719153,0.258028574648734,2.57221052694556
-0.311549849356957,-1.01448906441678,-0.660635353756448,-0.111558136297659,-0.303282529667547,0.396102594281587,-1.21329358224921,0.676755753927399,0.640923884454999,-0.440451410489739,-3.36807212109208
0.54193914259383,0.672110325294996,0.269652361222203,1.13394636549111,-0.0812911665400407,0.446141481634119,-0.624564358064993,0.427864338332992,0.561159727221659,-0.536993653415859,7.12718447459888
-0.290005243511266,0.635252754540695,-1.52606987750793,-0.623168021185668,0.402226318169334,0.0245811746325684,0.230569296670246,-0.858636377976311,-0.430727904293939,0.120166818982066,-2.99375343532757
-0.626782659561256,-0.232277966849455,1.2339406455243,0.624380098782735,-0.586480755413008,3.0842305975713,0.868035414081979,0.0140345835603267,0.121618836597121,0.975830186810733,0.259233319660601
-0.172070546633958,-0.161433158672159,-0.935112511937873,-0.183698326662289,-1.35930910795039,1.33509268186513,0.189041648930013,1.21165447792998,0.555131229215351,0.635111393994123,0.233948168035402
-0.951881561246501,-0.11600999662027,-0.570788144370795,-0.0435147588346361,-0.471016167778465,0.486153109240076,-0.264974007871837,-0.393601763576169,0.626174776157351,-0.682010720930468,-1.32561575257398
0.130995078044821,-0.320969273417703,1.41366385386539,-1.01413723395657,-1.94770311711307,-0.965924522047487,-1.03716370426238,-1.57573855207108,-0.183459870632034,-0.57695202154554,-4.84175860692663
0.0564522004602139,1.19249355741455,-0.56311407157428,1.00222924892449,0.900446633985698,0.545449989996622,-2.22417268774996,-0.354980008758297,0.954406556921765,-1.41065104486377,-3.17784345371333
0.562871255254943,-0.0519121332370655,1.07417217082567,1.42728135475377,1.36947088930927,0.124155741023406,0.0178404189989537,0.0660418446715772,0.239304728875661,1.59008597372805,4.11957419583166
0.690115432493652,0.780041568414635,-1.21881484514076,0.0802687059911757,-0.443232162964652,1.33699241287134,1.14144491912327,-0.749948929240393,1.06095899450487,-0.221832751805689,2.57221052694556
-0.74738121895069,-1.29563801127286,-0.0655744554761869,0.150192914007841,0.23469165812895,0.245871484439198,-0.0271202915736596,-0.716207610127344,-1.75999092184014,-0.773608779192878,-8.35428439223684
-0.228442170028478,-1.88954735347265,0.17280803296789,-0.54308806222701,-0.0610387531370819,0.0215446627755911,-0.135231515476994,0.819006201695114,-0.325868562213609,-2.7018299353263,-4.92353169459907
0.540139264519614,0.672110325294996,0.269652361222203,0.916776303380867,0.633609387438075,0.975761730107778,-0.436426086904839,-1.04781395733264,1.16136746338876,-0.237416108817607,-0.435284480122483
0.194612319216228,-1.52606747660346,0.831992557649729,0.546524625390623,-0.926774949904154,1.12613435423868,0.0177587530467998,-0.410297997051789,1.69581917842154,-0.0709070517491771,3.83641889148066
-0.976603329656197,-0.831866129232494,-1.28504931691643,-0.81788034372316,0.878199822661155,0.969976633712278,0.171484651617374,0.471076884949389,-1.41341932657458,0.680657323248781,3.96870600684762
-1.55015418749176,-0.676061887129045,-0.460547075929265,0.446561211676744,1.20171659145694,-0.718110756807936,-0.331414578973595,-1.16324231589309,-0.77075312355524,0.668291562378581,-9.0246007122478
-0.651778055005119,-0.470793299781137,-1.4025069399391,-0.356263827199979,-0.939279551125969,0.584265095116252,-0.264974007871837,1.21165447792998,0.388956020556342,-1.01731952804388,-0.0429294522291994
-1.13035765670789,-1.86682953146433,-0.00904578787206483,-0.476827160127265,-0.988242397515792,-1.01072405981251,-0.464439715540108,0.126045277167497,-0.147688759228857,-0.934382456778261,-4.77966783100512
1.02926115536468,0.724529461645767,0.0895458676097339,0.689313668284596,0.721827608282213,-1.17263762785694,1.09038167782341,-0.915369537911551,-0.60707214429191,-0.903807306415548,-3.46138168100781
1.16219515310473,2.09373719779861,1.96527883185399,2.06393924482182,2.07079292736398,0.953667528182988,0.323141456360371,1.62290387824303,1.54445574610168,1.39472673424346,17.042101413117
2.59921856502198,0.277679620949844,0.4188652132061,-0.563108113576111,0.835407900334441,1.24063376793005,1.38485135761922,-0.460544087628189,-0.851590679029568,0.633603794844275,4.45854925933236
-0.311549849356957,-1.01448906441678,-0.660635353756448,-0.111558136297659,-0.303282529667547,0.420416799941864,-1.52728008403583,0.676755753927399,0.660147794799064,0.075362515878227,-2.46928108026706
0.85393607989924,1.01987789514504,0.483300182642385,-0.527451205882066,1.74098367215219,-0.0307476539561876,0.621308584495392,0.456883766273404,0.21827966539348,-0.0459245707085782,-0.195369778165365
-0.0827196240200086,-0.534238394931804,-0.287237367633368,-0.0817798870674611,0.0293452757075451,1.15459856583427,0.304359997478793,1.05173460797077,-0.579773209742364,1.09591394864008,5.49616451133558
1.52894874505668,0.987209681915822,-0.760096897998004,-1.09876782952442,-1.33711758351207,0.187202076617781,-1.43176563973518,1.3436527189238,-0.274573909545739,-0.465055009676514,0.131791386106093
-0.595371106699705,1.12767014411304,0.447341621229579,0.966563445350777,-0.760124588031618,-0.153180356541814,0.216899998067608,-0.146380501846405,0.952173429075802,1.87650980806815,0.259233319660601
1.37672103463598,-0.101128723315515,0.236428334533412,1.56563198337682,2.55471893118669,0.773107949360511,0.704380452070465,0.201934550158076,0.349132506935673,2.76599301702794,8.66260829763728
-0.676643435081844,-0.73703429499628,-0.192425693079671,1.27421620698,-0.642615884156594,-0.519711968304421,0.92099242646729,-1.04569246787727,-0.444022632925862,-1.11953351185347,-4.58277926013412
-0.59842566249238,1.12767014411304,1.05722182517481,1.74458545191153,0.584096430150918,0.803205119704933,0.567078081039481,2.09665960777198,-0.313597657283873,0.98973615139493,8.06275979008138
-0.629952266629962,0.234051302382692,-0.485816586687832,-0.173998680353705,-0.348711715041429,-0.362947973813157,-0.878121805082649,1.24132687339914,-0.401069329847963,1.19085762281721,0.647127500964531
-0.142130339371378,0.0955906736036858,-0.07738636828517,0.231789509554441,1.02799668463789,0.930226989735677,0.403409932612342,-1.23980095625242,1.02193991798143,0.731836832368142,0.981701915376051
-0.859120751343603,-1.10640594461995,-0.472098951206809,0.660809310942841,-1.53634755852271,-1.1080313617924,-2.02918983862852,-1.42404875522899,-1.58961911592215,-1.35840047998829,-5.85416902806796
0.130995078044821,-0.898868859978315,-0.184952184860626,0.219250232122483,-0.580270388783265,0.271157396284519,-0.988002716507391,-0.0186737217849332,0.539940151431718,-0.986726454529201,-3.92265414897631
0.30661425602722,-0.628427297315578,0.24085000725284,0.650576161166575,0.153275724975457,-0.145007020530589,-0.699051346200251,-0.0186737217849332,0.298844322060801,1.05511762912664,4.11957419583166
1.36551839954825,1.37368594307468,0.352295099433205,1.34863957196831,-0.926628069928265,0.0658615917479976,1.23922993740787,0.823603287387935,1.13730801066851,-0.875134622628652,3.18376061181231
-0.967416799802351,-1.51547283590479,-0.129127330403214,-0.0241493502277278,-0.926774949904154,0.924827439475719,-0.0271202915736596,0.568233909973179,0.198676364620007,-0.682010720930468,-1.11638829022932
2.15715704073784,-1.60447294990006,-1.14272403651326,-2.26989760525116,-0.381248149535798,-1.19690648550303,-1.67933652180551,1.3436527189238,0.830105797821135,-2.30165861087898,-2.46408882026904
0.0501677686324128,0.0959662427621703,-0.07738636828517,0.150192914007841,-0.722838213595543,-0.179489996415962,-1.11576670502603,0.178859498253192,0.138347321446553,0.767144966036933,2.97216414411597
