"X1","X2","X3","X4","X5","X6","X7","X8","X9","X10","y"
-0.154628663821921,1.68672706141771,0.925236828602992,0.0858545323215652,0.579328342850701,0.131688242563275,-0.327501205288211,0.846272966339085,0.969053009267271,-0.188581893714621,6.03349006573354
0.0969493186643488,-0.354553339975313,0.168165994725209,-0.854845579184393,-0.780065389661874,0.879908559279133,0.0769094463169545,1.28018958527087,1.39074520408372,0.416711352732472,4.3235926577451
0.624617834498001,0.677323561464598,-0.493744238432949,0.691593826005562,0.0838355167624446,1.84121357722011,0.49051561796884,0.104683946071172,0.057832849853732,0.887594537773429,2.28129427105436
-0.183074445502159,0.50604335592992,0.0323527171010717,-0.529566055102794,0.866780471820675,-0.390469304744402,0.195291284121922,-0.184650927294804,-0.291837013267862,1.2333891373038,-1.43159125557642
0.0195970984640986,1.23625768291523,-0.153037853677779,1.89751699542732,1.29638794091786,0.717903611949914,-1.15965390911965,-2.24879162623303,-1.64632725836967,-1.2763956472651,-0.974868700386049
0.269389277210577,-1.25994845432739,1.05618280752868,-0.0216885155806002,-0.467621005039012,-1.06183735728784,-0.45424774640842,-0.906535323648878,0.413914102567235,1.00128140944082,-5.63663705560656
-1.47513872138631,1.74117702546788,-1.08885176559714,-0.874785235636733,-0.989197935145751,0.15091171921762,0.969147095590267,0.827560031284638,0.652522872905143,-0.212220010789989,-1.61493707576792
0.625193367345313,1.46497092158655,0.618310444475779,0.234547063458982,-2.1813635417452,1.26098929047519,-1.30204260610853,-0.077166043939518,-0.309105626678594,0.936548780872619,3.65831851921115
-1.97169371271709,0.815594524231686,-1.16250311648071,1.52705170682591,-0.259155427355284,0.608912593767703,-1.96687842535234,0.133495009581658,0.321203132214166,-1.09690023504593,-0.941418262285646
-0.86791965019551,-0.470827798513666,1.25951626103012,0.0141186016546002,-0.230833518547152,0.6472019867909,-0.0697543469742192,0.559387673686396,0.681404212661026,-2.72947116516976,1.66173460309594
1.20942843198181,0.960928984889288,0.00865717994172083,-1.9494076078865,0.469988747248172,0.889836256680158,0.815621741926323,1.03738532312324,0.975366389548266,-0.103307244820142,4.2168715615475
-1.91552955230495,-0.569884835765105,-0.0231872763929809,-1.10882431016394,-1.24546839103881,-0.198212253643624,0.531564128023815,-0.846675160096964,-1.91778332413356,-1.33854159948048,-4.68525197475463
1.90455325913745,-0.967547418783221,2.00764602220087,-0.994703621602078,0.66853183710968,-0.472768857012022,-1.32661434811166,-0.138108487709663,0.775081814485673,0.413459312694997,1.50298317209784
0.124173512233834,-0.487622404769417,0.0930505994260881,-1.59822542769767,-0.570432229053923,0.677204009004423,0.815621741926323,0.34418885310266,1.39074520408372,0.520613918327239,2.51634480431033
0.559745113747277,-1.21534922453163,0.147702657675047,-1.58076219333054,-0.647471471633486,-0.516429258141224,0.976353248348641,1.35648425293282,0.825130530645395,-0.544796157898467,1.27098313221517
-0.73680618328786,1.07982116879274,-0.351748055720582,-0.571822169202329,1.61147105937609,-0.117104036431729,0.876231599341035,-1.41107542449089,-2.14292298134206,-1.4240732847521,1.68833732405496
-1.16182564244501,-1.21181669113551,-0.755594268067308,0.89399113000924,0.403170013439618,-0.102123626100422,-0.374327442467498,-1.12469733546639,-0.969021091199742,1.23708510990868,-0.155803224455571
0.598627029356046,-1.29834365594147,1.05618280752868,1.67921280054051,0.294712532510657,-0.0475568617199183,-0.499635237818147,0.492748785333995,-2.58296282604071,-0.702027367665078,2.73738881011574
1.66687852725522,0.775884854566604,0.248849189603134,0.223064617642777,-0.926791468031767,-1.69206876510326,-0.88838894747578,-0.123901806790559,-2.10267830481618,-0.446676115983022,-0.377888220916353
1.87657149248861,-0.753714513626023,2.00764602220087,0.292159134941751,-0.58724455810376,0.46864733001741,0.399431159473863,0.0649630887505285,-1.13792604395859,-0.411330921526314,-0.901346498595921
0.739731056787769,-1.09082157871938,0.515792742351976,0.496162229739365,0.705909325254274,-0.204905588063295,0.0062541592906787,-0.906535323648878,0.755688820215426,0.102603926383335,3.22901080710379
-1.43309307309406,0.723064796643953,-1.16250311648071,0.679650764173821,-1.63500109979806,0.723393652472755,0.171419768546389,-0.217077038074859,-0.156094000383698,-0.029490904731323,-1.45646733867554
-1.07061689564656,-0.512906741815621,1.75434558650249,-2.47466295411573,-0.716674936199137,-1.44609663424266,0.015288821652334,-2.19023849866422,0.506684466241087,-0.380520367286796,-4.13657905967476
-0.480802884169551,0.827036562389905,0.563684959534831,1.41114410946842,0.283643398852552,0.648725303971091,0.25211329481456,-0.398450489142052,-0.387716228135934,-1.4324242510102,0.953541404982863
-0.918594066970302,-1.63413909618183,0.789584385470563,-0.0513967141798559,0.742034127746285,0.172408709060861,0.0104204292858051,-1.52583854851441,-0.704649736015925,-0.0458435925797367,-0.422542562561455
1.239815560221,0.0525155550153338,1.02346079303604,0.944199230755208,-0.627296681028112,0.980501976991448,0.770078652969879,-0.622364454699087,0.150663984323213,1.02431403924264,5.78774933805208
-0.302018310748673,0.0268000124293394,0.255102853899376,-1.80912907178365,0.814283539614058,-0.0459795784967184,0.775517999717304,-0.931987728780972,-1.91778332413356,-0.278869505298229,-1.80679300262346
0.371018196431262,-1.34161688164946,-0.417452987169282,1.25254485749562,1.73087389420089,1.4620248618114,0.272119987371654,-0.851360602049533,0.913499821607361,1.42209165197059,4.94665760337983
-0.524710097920447,-0.909208644696139,-0.452692225331269,0.365275877745514,-0.0922646398811977,0.192120201119475,0.440501499888372,-0.637977316280738,0.057832849853732,-0.0648846033532961,-2.53587362764588
0.611146254424759,1.3375689071144,-0.564095313000846,-1.58033376267764,-0.877412657140793,-0.839610281644856,0.553167034598023,-1.05605596733879,-0.58860409540641,-0.567339759962197,-5.18175328344481
-1.29529242613606,0.270703520506964,0.815391942242693,-0.574934132017634,-0.375563951517244,-0.0968181569769524,-0.900154151125418,-0.379549057644222,-0.0110692012379312,1.81933607838344,-0.645297458089687
0.208855819080009,0.904830855949754,0.967572377156464,0.157092418978925,0.275846215441001,-0.625812990553681,-0.489709641184255,-0.255242183427469,0.244367669492578,-1.0045726366972,-0.899362216051978
0.768893705740088,0.43027554799598,0.671566898922862,0.565557517201068,-0.366772276628219,-0.360672312722357,-1.24563129443378,-1.38335365745133,-0.921345308881424,0.308173717027841,-3.41101176716281
-0.796314208727403,-0.581151813247605,-0.704095243181326,-1.9229478133176,2.40209217352626,-0.339054463498908,0.511287663960757,-0.427576695866761,-0.707631954354104,0.449659656520922,0.95841069869223
-0.902643058360419,-0.826766183440767,-1.04202690419039,0.856647472820913,0.199360838712769,-0.946213407710191,1.61487915906425,-0.352825049583717,1.04150802602561,0.17717101584988,2.02596459792534
-0.801113526730526,0.12118523811974,0.59141223932873,3.11196996867428,-1.08902465586991,0.553718201958903,0.0797988597143843,-0.00556335287714507,0.0456709641241327,-1.49730126589111,-0.698551763651618
-0.476236284566544,0.622917659526953,-0.445120903086006,-0.763978482731355,2.5979368633995,0.058674938875263,-0.337808713125255,-0.379549057644222,-0.193899144274292,0.933805121806292,-1.43159125557642
0.0942676995284147,1.16948168497118,-1.07938895276302,0.180037338431285,0.182280972163994,-2.15231474781768,-0.358458285686457,-1.00888755029258,-0.199053959873497,-1.09690023504593,-3.67366713616085
1.18890317525566,0.360586733780974,0.00865717994172083,0.127110940030201,0.0963486425922122,-0.510592321705603,0.313405430346397,-0.040618255817467,-0.299304321280594,0.143090473480987,0.67054092114303
1.65611288688168,-1.18432163036132,0.450592808828737,-0.34502963796485,-1.12566898029825,0.649300562493949,-0.293653617290267,1.16803839998852,0.115081152168183,2.21826225782805,-0.836628620218879
-0.556522424888073,-0.821115137588423,-1.17244495583565,-0.441923263843169,0.643615677280978,0.0176553284163413,0.0104204292858051,1.55146488283029,-0.344972568513132,0.222066936892043,-1.94780856330726
-0.302018310748673,0.592409051813404,-0.149634368212482,-1.31593798364932,-0.165007420520945,0.93263415063806,-1.30247613448747,-1.32042985144023,0.861089923939227,0.24038269934328,-2.41239000793406
0.816585640915531,0.793640334493214,0.631691901061675,1.35682805564341,-0.390552370308972,-1.18060137172415,-1.24563129443378,-1.33023102341856,1.45499157515362,-1.52001105094206,0.0700406979326977
0.322588359308367,-0.0819918690224835,0.838802697432232,0.0408999922379713,0.655132602397379,0.563794636405376,0.204730990973876,-0.331583712620501,-0.704649736015925,-0.430484527911379,1.11589512071395
0.252766098443374,0.324587521480343,-0.929792572673745,-0.863341366081076,0.501615091508482,-1.33905219478877,1.62677520473437,-1.00888755029258,1.82238782693448,0.984591511780852,-0.373588232441412
-0.595615959607162,-0.925555278405289,0.709986419237183,0.496008755407859,1.15238094645427,1.67386208725048,-1.00958194113975,-0.630387404413486,0.581334298535718,-0.634749423344087,1.94333049398058
1.52557421577734,1.52765364862783,-0.0773845979166865,-1.39249956726603,-0.49820575895204,-1.18060137172415,0.536214046541497,0.206596647475173,0.027184026407646,-0.149520777041339,2.36318347325511
-1.26472801868351,-0.388500581802245,-0.171264539443206,-1.65148541489343,-0.67889861464597,0.0641930798588838,-0.582841942499091,-2.19023849866422,0.175568858613976,-0.506170837980168,-6.63240119338944
-0.0547614867905132,-1.40869541525918,0.657662189656461,0.0247888625106007,0.559009304365159,-0.361086828902171,-0.855419808625326,0.405162975902442,0.379405603952635,0.108680731603931,-1.28812534764133
0.122148083149365,-1.11278055419568,0.201200458427975,-1.6986182146288,-0.842761634070571,-1.69206876510326,1.62500176813374,1.40154055038404,0.922898211529212,-0.600488973286708,3.84927030685661
0.910980680629758,-0.27565535315552,-2.2766855133229,1.13332567400874,-0.859653648755506,0.050939776343203,1.17503859222051,-0.123901806790559,-0.26864646858679,1.27855908110883,-0.0276904246736538
-0.444077652205029,0.558581047443352,-1.41568338096631,-0.141118602508618,1.98822159472168,-1.57673631250311,-0.386809551467744,0.329001669619862,0.73422352489217,-0.258323281063219,1.05516971478531
-0.71061648699461,0.251780683517835,-1.38746791152707,0.207163129807228,2.55978504041383,0.869937666675152,0.805633298121398,0.411079588711269,-0.227666460884104,-0.242571702859549,2.63706997033817
-0.174723150008921,0.764851905241077,0.107107147545086,-0.419065426682309,0.433719478460729,-0.455371108935055,-0.576068975885212,-0.931987728780972,-2.08446609125066,-0.271621006307811,1.68833732405496
0.0942676995284147,1.16948168497118,-0.153037853677779,1.89751699542732,1.16516157252184,0.521437101622642,-1.19542639233617,-1.85878306551718,2.11485569693423,-1.52001105094206,1.37361978684057
0.916907101199471,-0.365825231986021,-1.48139655037599,-1.64528667866866,0.24895351770234,-1.03766447866333,0.304805532255418,0.751158688726874,-0.125152126540984,-1.46196751405085,-6.3166217039559
-0.425853689033984,-0.00822119602338784,-1.05072744486962,0.0133279074522774,0.324717656320155,-1.42615805662718,1.09182938464322,-1.38773354658235,-1.22012000222227,-0.643759997231675,-5.63663705560656
1.62079002923449,0.775884854566604,-0.384955593669171,-0.106979018138815,-0.614538358334718,1.23350845255818,1.14462421922467,0.617480989006242,0.919673085090367,-1.13009152238615,1.98287383006845
1.20873472793261,-1.40084298543178,-0.23211165635093,-0.0520044366373046,-0.740106965824451,-0.516429258141224,1.0555053663605,2.59566547935561,-0.629012997082532,-0.259957345764935,3.09479152112685
1.20942843198181,1.43407800641782,0.00865717994172083,-1.10974409346499,0.0963486425922122,-0.527598755165191,1.41781123244614,0.663538175034238,1.37999191920652,0.702148174328612,4.14062509976546
-0.207388145687942,1.18527304366064,-0.149634368212482,-0.71809283510203,0.182280972163994,0.131688242563275,-1.96687842535234,0.013017931924584,0.47817058367847,0.850378103385831,-3.75242123176201
1.62079002923449,-0.926735279500946,-0.384955593669171,-0.35376575459234,1.39405859734656,0.525501197400047,0.952623861993065,1.14732998898823,0.152009549943382,-1.13009152238615,0.771462451412038
0.447173493815723,1.01929784736996,-0.204719854425436,-1.01965880748506,-0.730327946548436,-0.667972487061522,0.119986738576249,-0.538450186177006,-1.63779730681067,-2.03994233793487,0.812043243980354
0.361458930056755,0.238473751453723,0.940814085918901,-0.288419851151184,0.655132602397379,-0.0852543666872192,0.356785354080007,-1.07737226960493,1.65328417342547,0.108564002140283,1.49534085521461
1.44141019090006,-0.346750483829996,0.345196393545463,-0.661365934621235,-0.343358442587274,-0.00501116390139596,-0.278804327381221,-1.34345868945307,-0.921345308881424,-1.49105155859694,1.47883329011118
-0.404299332720578,1.39660573341193,-0.264775763427037,0.137761583165307,-0.217454176808596,1.25516237087833,0.413925600164604,1.68241951666098,-0.344972568513132,1.62822307040848,5.66861438884014
-2.66107017364339,-0.821503050240243,-1.04202690419039,0.050755068527789,-0.146974860922285,0.719980073385416,1.08151374659067,1.66969070339286,-0.530394721350839,1.31615478759469,0.884770207093521
-0.16360009894209,0.50604335592992,0.645276843631486,-0.223702956326124,-0.551928584870598,-0.455371108935055,-0.0264988281329331,0.206596647475173,0.80553513712332,0.108680731603931,-3.44756268980311
0.616057842426375,-0.120222633207991,0.896191987549614,-0.63554154256936,-1.55371383391167,0.0841698821867411,-0.947732830134855,0.120690227475748,-1.129802171381,0.416494836260216,-1.28037255583102
0.620216612252839,-0.120222633207991,-1.62417807779521,-0.33455245946278,0.893683612720109,-0.0222229111176191,-1.20388949901253,-0.190162122726509,1.23091418207407,0.151235065359327,3.40752988365254
1.13734812637019,-0.852070456366337,-0.486306803955542,0.727482214648478,-0.441899299342685,1.84121357722011,-1.19808959121447,-0.870631306198552,-2.20544187446468,1.26470469642698,0.846685053609398
-0.00190397158830196,-0.83441829268569,-0.602465151614923,-0.360314154846406,-2.79114056877398,-0.390142249691388,0.886110166677693,-0.167081228200191,0.0826875102094778,0.918133683243871,-0.901346498595921
-0.302018310748673,2.4351582462427,-0.760501305981487,0.638704338889097,-0.509250354592042,0.93263415063806,-1.11568594395821,-0.858587993403734,0.0356765866951805,1.67690745947917,-4.50091799727757
-1.00655923289659,-0.711969992850346,0.575444850694535,-0.981212002985254,0.126589381756311,-1.20477578639475,-0.345952445997288,-0.3489425990532,-0.732247265032378,-0.511594008999318,-1.04673070039423
0.0938641149844256,1.16948168497118,-1.05854439573654,0.605776140918686,2.03829506256822,1.15184432772114,-0.571313879338779,1.15111575769069,-0.530394721350839,-1.77980866095251,-1.39475897074532
-1.21678416544465,-0.801744941808487,-0.655447293236082,-0.360314154846406,0.403170013439618,-0.997481243132507,-0.88948331607004,0.936722662020428,0.505664506762137,0.00515810026352957,-0.227034911558651
0.361458930056755,0.238473751453723,0.239735680425451,0.178661113861396,-1.46741448324156,-0.124727495223382,0.25147732730171,0.350938725111645,-0.0127783379191685,-0.856844619521912,2.36318347325511
0.876174067896561,-1.15480020067892,0.515792742351976,-0.650687585401685,-0.558391468185768,0.767075002841234,-0.293653617290267,-1.76239670652354,-1.60789602740378,-0.80581618389225,-0.422542562561455
-1.24724650852012,-1.25077297244481,0.303379566918297,-0.715723332786541,-0.375563951517244,-1.45276955604706,0.969147095590267,1.35016441145637,-0.012426550010056,-0.600488973286708,-7.0916079242128
-0.962525586325991,-0.461080221849884,1.75434558650249,-0.80624428914856,-0.0473182389065617,-1.20477578639475,0.654311196550855,0.0432996967844888,-1.79056434429938,0.632812271255855,-4.19276411264353
-0.230036197828323,-0.159812512486091,-0.604806215977214,-0.360314154846406,-0.84574422022423,-0.0837291822753816,-1.35086829846646,1.28018958527087,-1.60050022048996,0.137704142563477,-5.88509248697413
0.0511728179578573,-0.450235295341193,0.535266901043773,0.0141186016546002,-0.483661295801777,-1.06183735728784,-1.49496223708725,-0.682392220849181,-1.11286126654681,-0.0188493842482373,-2.53587362764588
1.76376444254146,-0.284077882419573,-0.775674678702949,1.1957519870897,1.97855883526043,0.554060891909305,-0.166556106629361,-1.06950676667306,1.49026334214686,-1.52001105094206,1.37361978684057
-1.18294084247448,1.36000261524331,-2.61063284055331,-0.626790317389841,-0.248889891204716,1.6741279666006,2.08420563538557,-1.43830384183152,0.478298214636286,0.623242698880412,2.92466088123161
1.65611288688168,0.0839298033067751,-0.384955593669171,-0.106979018138815,-0.795322620994479,2.02493761927864,-0.979493244502145,1.74033580596385,-0.114292824195824,-0.149520777041339,1.08527430847653
1.23650724810177,0.227921940945402,-0.531607572717448,1.37348688180326,-1.23104379336525,-0.0337657879053014,0.546638589896885,0.548199059129915,0.259795148022548,-0.903542235681831,1.62858046985467
-0.240038176905339,-0.296599110085105,0.411013698110757,-0.381386509813937,-1.30385144673924,-0.598127008459014,1.9347284258429,1.08750015421434,0.562858279901699,0.732627772775577,-1.53437009888005
0.283967913929964,-1.53178002683265,0.248339718723208,-0.388690376313646,-1.20306549580239,0.654589054849952,-0.0794600792797977,-0.862405817122761,-0.450786363359392,0.00488915860301049,-0.213780654376595
1.20873472793261,-2.42210339221219,1.18884678589144,0.517548389947309,0.633248050772777,-0.523840527706804,0.180781583838586,0.491832679175172,0.509590856629959,0.213546779732665,1.37080572139879
-0.159941161922695,0.764851905241077,-0.168867883588535,-1.47403201056696,-0.481651961980722,0.861615440028401,-0.747921782209337,2.77258174936312,-2.22465717326365,1.84601834940138,-1.43159125557642
0.667752784773416,-0.595419228646879,0.209492509715306,0.496816111556156,-1.04399484766953,0.908201581881929,0.911062832825433,-0.114978264960648,0.214881116016378,0.202915357792884,2.66685568577782
-1.40848464175087,-0.244623117561604,-0.171264539443206,-1.20377882614316,1.6864767018814,0.121678217677554,0.367213150985939,-1.06950676667306,-1.21557640594922,1.79341572134823,-1.40578561699231
0.332774227985925,-0.636771767495143,2.89521609666191,2.63164509950946,-1.1150727298857,-0.495525405782458,0.0797988597143843,-0.077166043939518,1.45499157515362,-0.310495901030682,2.02596459792534
0.295869864560856,-1.39707432514601,-0.260017941530823,-2.38843377902342,-1.20306549580239,0.597532603538742,0.466854430233429,-0.75894387356516,0.559220795084305,-0.958914104876071,0.856775070417673
-0.510024653014455,-1.56659392957779,-0.589347359300161,0.0193854857946024,1.02817736357293,-0.475568819613509,1.67670457469774,0.992420302343646,-1.75045961704794,-1.03355447243316,2.02450513641638
0.928380273129385,0.193703983321692,-1.67718273357808,-0.0593806229212202,0.782930553054383,-0.122954175687112,0.411923608655213,-1.00888755029258,-0.0991718755288816,-0.652283029924256,-2.1785377685902
-0.099758851301497,0.273603600919644,0.119624105912635,-1.00222800909796,0.433719478460729,-0.243595935038772,-0.88948331607004,-0.00251286696555344,-0.136487312239981,0.24038269934328,-3.44756268980311
0.405281037494573,-1.39996026071296,1.05618280752868,0.114995584496017,-0.211600632167111,0.0949401903753077,-1.2875938305941,0.110589632399974,1.71224845808472,2.69149468920322,-1.21645137203918
-0.140322417525778,0.998557975206113,-1.08145374949916,0.578970070258669,-0.59527499131224,0.0317928638177286,-0.403638500962689,-2.4952701703781,0.27120800828281,-1.09690023504593,-2.07104246735005
-2.28695866180729,-1.33946497853078,0.249881559236404,-0.388690376313646,-1.06037559443623,0.107781708362372,0.434036631431211,0.0387331459358976,0.447405813530626,-0.856844619521912,-1.64025319706938
-0.0390616623066193,0.0918486305569624,-1.6337159408331,-0.33455245946278,2.91797163422613,1.57394834336141,-0.337808713125255,-0.544023374168312,0.141072331102788,1.21383526391973,3.37387214265983
-0.86791965019551,-0.685309882714704,2.89521609666191,2.63164509950946,-1.43825075645747,-0.791942510625487,-0.0700100057710644,-0.707292374257102,1.45499157515362,0.329675785509529,2.6277975921695
-0.225775943573396,0.443579760091041,0.394779117843996,-0.153420091591475,-0.589221760543494,-1.73929393198217,-0.0264988281329331,0.630526377026136,-0.954784942756117,-2.29296333888345,0.889792405756543
-2.39084188891807,0.579326388703484,-0.275763727831777,0.137761583165307,0.394905711054891,1.25815718914552,-1.0378849199722,0.133495009581658,1.27119543711723,-1.19618777989877,-0.142835577386489
0.122148083149365,0.462401071811622,-1.49810088392149,-0.33455245946278,1.03551442943368,-0.365579051104691,0.292602967281753,-0.766456177577196,0.279390544529722,-0.258323281063219,1.24103229045873
-0.813282327796359,-1.69914121898879,-0.464393048010153,-0.106577084792324,-0.490065999636729,1.65506987071368,-1.37063099300015,-0.705810315382481,-1.3722633284762,-1.21822739443617,0.846685053609398
1.06748474983582,0.736387317662326,0.436532976834417,1.36832603792619,0.482304296950409,0.262576998901471,-0.104523548060912,-0.168202583741246,-0.387716228135934,1.46128132267954,2.8024400783209
-1.40848464175087,0.184763536117222,-0.773750349220757,-0.979898311104481,-1.02421118603799,-0.103713473050975,0.223851743937523,-1.54913038977463,-1.21557640594922,1.66185964145306,-4.50091799727757
-1.18001960601701,-1.21181669113551,-1.69167763829828,-0.159954145159558,1.54604223007209,-0.997481243132507,1.67670457469774,1.14732998898823,-0.617132642262897,1.47155878755003,2.02450513641638
-0.0306213203707914,-0.269840829073424,0.104592319017412,-2.06080602852708,0.667362812556352,-0.54637006420883,1.34617269492836,-0.00251286696555344,-0.0173320341650729,-0.496649382787716,-0.53734691678906
-0.1502642351378,0.998557975206113,-1.38555593588078,-0.371343985093804,1.98822159472168,0.696512133514962,-0.983524634038886,0.0977687475653576,-0.0167728487777485,-1.48371098903911,0.387992201237657
0.277916028350524,-1.53178002683265,-1.0385194424612,-1.05310223173842,-1.80664004557913,1.19486442828267,0.25147732730171,-0.71818455866254,0.0162920474354989,1.17131768773388,-3.29509113438401
0.0525377553233145,1.59818319851331,-0.98851146808167,0.605776140918686,2.34641771297931,-1.16599327702135,-0.260782043479012,0.489402121334286,-0.544615410530428,-0.029490904731323,0.652502033709059
1.87657149248861,-1.07985229373416,0.679741131271787,-0.994703621602078,1.39405859734656,-1.86366134094658,0.20192813464191,-0.906535323648878,0.963859438413741,-0.286575643250516,-1.75799677067745
-0.474603863180366,0.622917659526953,-0.988694990950461,1.08536608586088,-0.339139577161698,-1.87799503698551,0.373442812901397,-1.33186058196464,-0.723132264593163,-1.23115648042544,0.211680923424967
-0.824755653819009,-0.825278650104416,-1.04202690419039,0.807372499533801,0.746156969670339,-0.946213407710191,1.04677669685858,-0.662163062159978,-0.911736252346926,-0.725412845404448,1.63675751863875
-0.0898704201269919,0.159087912285342,-0.916144898602081,0.660199271362363,-0.59527499131224,-0.390469304744402,-0.561377891903147,-1.53372588881824,0.198542889306795,-1.23115648042544,-4.22985698479901
-0.265779724507414,-1.74905859517409,0.725215702568334,1.70307725590161,-0.223635773564206,-1.39032258468201,-0.412142653810963,1.25673914030964,0.128045745330936,-1.22174431416261,3.06718918285734
-1.30551763503838,-0.0579941401602979,0.880434066744842,-0.574934132017634,-0.850099891892265,-0.840645233230951,0.622360402325314,-0.221416224178562,0.362147437507027,-1.81429671723711,-3.60756929429481
1.71192746464837,0.776325819208796,-0.37059037187959,-0.725293690530792,-0.0163506909481041,2.51910597901591,-1.03770272574295,-0.333687884390306,-2.73478540164117,1.84601834940138,1.07048424358568
2.33552507199087,1.64208750767776,1.11124284176782,0.234547063458982,-0.546332607555029,-0.488394976499363,0.677702308372141,0.821324091987007,0.453963249145759,-1.18730120074218,2.08788803571554
-0.369511244288014,1.24979111069053,0.222670458357391,0.132280670533321,-0.509250354592042,0.501520460234578,-0.810005153673124,0.846272966339085,2.11448502091204,2.17244546773806,4.14062509976546
-0.912378380101358,-2.07408856504355,-0.443728604244129,0.180606682575171,0.659782521963798,0.622056913559451,0.0104204292858051,1.09056242093514,-0.530394721350839,0.847997698990971,-2.69622062920581
-0.425853689033984,-0.00822119602338784,0.674245891374384,0.105157207443022,2.2197574894131,-1.42615805662718,1.52703944833893,-0.426540167693421,-0.158154786106779,0.984591511780852,4.14561233263236
1.00376021086638,-0.179890808980022,0.744240459303421,1.73931675356856,-1.31379045072153,0.649300562493949,0.533251060852967,0.548199059129915,-0.309105626678594,1.46128132267954,-0.0276904246736538
-1.92862910408431,-0.219435900526413,-1.14983430251064,0.855936080171404,0.156770978575025,0.10321420755706,1.2433546743684,-0.402704649503157,0.372144570825453,0.644960975390748,-0.0276904246736538
-0.600486328293478,0.235062274490804,-0.988694990950461,-0.979898311104481,0.643615677280978,-2.83427689758375,-1.25886505754271,-0.605852710386041,-0.798915840929479,1.53683573061575,-1.89386518091308
-0.428209433674333,-1.7051966221605,0.342589306094064,-0.794610187384795,-0.296074755171512,0.595295731311107,0.320123650103287,-1.76239670652354,-0.434591290124187,-0.308046859888445,-0.422542562561455
-1.47620622815374,1.6373754193393,-1.08885176559714,0.578970070258669,-0.217454176808596,-0.0165645495007623,0.4585727048715,-0.379549057644222,0.372144570825453,-0.029490904731323,1.98260723109678
1.45619098983855,1.52765364862783,-0.634166496650656,0.499378150247347,0.893473895329899,-1.08200769278989,-0.642551502071398,-1.09244256139397,1.3968795941898,-0.764406481133619,1.37361978684057
1.18885225278669,0.433846500864731,0.00865717994172083,0.382245954056696,1.46240337195032,1.15227773003837,0.500000781873555,0.617480989006242,0.877580417543698,0.446366485770871,6.41897596312534
-0.902643058360419,-0.137021612454401,-1.29341281573939,1.93283044844284,-0.259155427355284,2.05820306319677,-0.944983606077165,-0.333687884390306,-0.114292824195824,-0.503448052658411,6.96990553492867
0.0942676995284147,-0.544052925444479,0.209492509715306,-1.01946149342315,0.281409495106742,0.152870925636133,0.488596909353322,0.0328398299221873,1.92858755797903,-0.229623738512992,1.26900209112594
-0.185757383685115,0.149089735861111,0.15990653891946,0.680838712995591,0.527852571501384,-1.12001706058267,0.431637323496287,-0.944571243227187,-1.94911227682885,-0.765152596806367,0.211680923424967
0.849081931734375,0.352288114422589,-0.653295803468184,-0.508583359416142,-1.35142876613107,0.438356409402216,0.838816676108622,-0.756664077976937,0.441498821834689,-0.814566704753763,2.36318347325511
-1.74038075901783,-0.499350398035566,1.90202267444059,-2.47466295411573,-1.84262660881207,-0.740382466424597,0.226628480072981,1.43633980399273,0.545718439846237,1.18171303348333,0.469057643998816
-3.48322588511259,0.473649554588802,-0.275763727831777,1.62242288236082,0.394905711054891,-0.787418213975718,1.2433546743684,-1.33511194540262,2.12613457419579,-0.251951272423544,-4.13657905967476
-0.729927793020022,2.34273275272344,-0.351748055720582,-0.571822169202329,-2.10065375532419,0.0826909324418738,-0.0945170973099274,0.302633596001039,0.680436971261367,-0.446766903884595,-0.127619153682543
0.620216612252839,1.46497092158655,-0.410321919844255,0.192345918055632,-1.55371383391167,-0.398766823475547,1.60049124411694,-0.756664077976937,0.0162920474354989,2.58755203544262,5.23263625122749
0.447173493815723,0.0438050862563185,-1.09052063775934,0.0133279074522774,-1.89945163911695,0.137938342439803,0.482362973952988,-1.05605596733879,0.000246466385822317,1.93753576370583,-2.07104246735005
-0.796314208727403,0.932352056116783,-0.244440275228964,0.137761583165307,0.394905711054891,0.327245339057302,-1.96687842535234,-0.0416495745167949,0.321203132214166,0.00802524690415596,-0.941418262285646
-1.75924181767776,1.22695681246546,0.485057730124587,1.28726322001926,-0.999678791984685,-2.27502867172942,0.776347359358419,1.00847837078103,0.57455296457092,0.272060563545717,-0.429608789519081
-0.121747905253725,1.27958725781434,-1.07938895276302,0.578970070258669,-0.509250354592042,0.131688242563275,-0.747921782209337,0.846272966339085,-0.0632280657585016,-0.029490904731323,0.387992201237657
0.124248772736808,-1.58279239796434,-0.290285167515201,-2.38843377902342,-1.15262651842695,-0.219743356270469,1.34617269492836,0.739643270054958,0.308354095161683,-1.08849257652454,-4.08068823366401
0.650094716399333,-0.956822915949149,-0.0757397594951365,1.0101181769304,-0.616869931046349,-0.516429258141224,-0.497363706200891,1.84737596396277,0.764928953088455,1.58321914201817,-1.53437009888005
1.13761782500415,-0.616894162342593,0.209492509715306,0.583380200087898,-1.11244911455974,0.347057504781461,-0.191902928113677,1.16803839998852,0.40557620157989,0.00488915860301049,3.53358555632918
1.43703900483542,-0.806200711284694,1.31384573028609,-0.562819665984043,0.66853183710968,0.228984880111263,-1.02395591359444,0.0662977656299683,1.13955709440807,-0.744128123718967,0.30788303228574
1.90169601302754,-1.26883598683757,-0.360103956446374,0.450956740820309,-0.0983839321823087,1.84121357722011,-0.88838894747578,-0.870631306198552,-1.66765021943231,-0.420220549084364,-2.61812842521839
-0.717273800815893,0.870609136877852,-0.351748055720582,-0.52961434521005,1.68632199691502,-0.485275637896895,2.60420635029368,0.0379980289064534,-0.726711628025067,2.4693363984549,2.63706997033817
0.975476949752446,1.29377842602584,-0.214861950761132,-1.31593798364932,1.37000262158614,-0.082148117609643,0.289615808507223,0.0103235637323793,0.183593287725967,-0.082962405384605,1.90458504267903
1.44141019090006,-0.806200711284694,2.22042490487663,-0.562819665984043,0.0656758044980866,-0.342907356956493,-1.59915706194345,0.0649630887505285,-0.740653815709764,-0.747619691648201,1.18288770024027
-0.118323470481878,0.889762513139543,0.438343302993446,-0.42563791314157,1.76707388741283,-0.485428949140873,-0.726650111418335,-0.540243313899107,-0.291837013267862,0.102603926383335,-1.89386518091308
1.5443935551475,-1.11629976192749,0.515792742351976,0.496162229739365,0.477308772162852,-0.462440927447239,-0.769556748675993,-0.257477768904699,-0.404398823710349,-0.0716567429043645,-2.51259043048532
0.869342492662421,-0.214428965212352,-2.06702850225335,-1.95421714614753,0.176198055320411,-1.03766447866333,0.553167034598023,-0.480209592411453,0.308354095161683,-0.169516372303139,-6.3166217039559
0.0849057327629519,-1.5671900247378,0.54596484954388,0.432828169067783,0.634340441937719,0.854440597851986,-0.587463102121814,-1.50596028363374,-0.450786363359392,-1.71083862814549,-0.395514501230539
-1.90648349484935,-0.145202001716947,-0.945983285065726,0.855936080171404,0.199360838712769,-1.29216842652983,0.849930284518774,-1.48678170390318,-0.544615410530428,-0.643759997231675,0.0338597406822756
-0.432599531737155,-1.91664435060105,0.490740275607822,-1.3581529643484,-0.823781319004336,0.058674938875263,-0.293653617290267,-1.39821162133168,0.413914102567235,1.30825887356879,0.0611831105444671
-0.424384344546982,1.39660573341193,-1.41568338096631,1.40001049408103,1.26931498768824,0.343179835703566,0.876231599341035,-0.280289901974971,-1.59742677090719,-0.376214433821524,2.71778723373543
-0.595615959607162,1.16809949022877,1.1322977884886,1.83595856733827,0.40944433212509,-1.31880752454885,-1.22930442785185,-0.372141677688946,-0.238421688406787,-0.747619691648201,-1.58765266938991
0.704553106592465,0.885619125040598,-0.99546939267181,0.128323682752829,-0.216231228467738,-0.249423265402904,0.49051561796884,-1.00888755029258,-0.267558666753156,0.175449576836473,-1.66486555459688
1.49186099498608,0.181418292193832,-1.26408770516135,-1.37638410861094,0.311283996429092,0.110280772622431,0.313405430346397,-0.572392539554099,0.950816354944905,-0.705483847497715,0.433959503480848
-0.394937107599457,-0.333108163941298,0.288586410853517,-0.854845579184393,1.88444802062452,-0.187013613889123,-0.301135972411899,0.489402121334286,-0.390604235964472,1.32708433784017,-0.8791052628608
0.558048059975448,-2.18140726025383,-0.300439229114552,-2.38843377902342,-0.432778912088265,-0.938490509050428,2.22469659196807,0.806547034801412,0.308354095161683,-1.13009152238615,-1.83042350432115
-0.222986777449002,0.381724851844444,0.297534073618018,-0.173628178467451,-0.551928584870598,-0.455371108935055,0.44565113232757,0.630526377026136,1.08712080387811,-2.29296333888345,4.55753619208179
1.42632093746688,-0.832182578760933,0.345196393545463,0.496816111556156,1.39405859734656,-0.336383082500156,-0.0848680025069364,1.84737596396277,-1.37417228961035,-2.28899586413274,2.84031536585146
-0.917628513596246,-1.63413909618183,0.424661402810563,-0.715723332786541,-0.296074755171512,-0.305469841392434,0.580352257808308,-0.451748793286222,1.66023631717101,-0.310495901030682,1.69136233696587
-0.159941161922695,-1.38008471781276,-0.895749094530271,0.0926588425985715,0.92424590602838,0.151245990270803,1.67670457469774,-0.662163062159978,-0.356402641285508,0.247297137140231,0.771462451412038
0.00965724133668389,1.24838133303934,-1.07938895276302,-0.03949380801616,-0.623247673468261,0.624678293976674,0.119986738576249,0.318751535219775,1.22354509755434,0.193354739140758,4.14062509976546
-0.729927793020022,0.870609136877852,-0.351748055720582,-0.571822169202329,0.867131843447435,-0.104900153594343,0.966192604292163,-0.379549057644222,-0.726711628025067,-0.248005002524424,1.17891597705083
-1.75707811766811,-0.361947444404288,0.661842732302248,0.0512585362025462,0.160720208151978,-2.27502867172942,-1.49496223708725,-2.0717310072253,0.531905777610321,0.463782540616615,-1.28510121280223
-1.75924181767776,-0.361947444404288,0.661842732302248,-1.45141578225747,-0.278720138531402,-0.740382466424597,-1.2680974841327,-0.605852710386041,0.00712783307547704,0.463782540616615,-2.16712862634594
-1.04839569988892,-0.410849988472938,-2.37710934672657,-1.2932911780885,-0.647944104489501,-0.178612871752333,0.932741811085672,-0.379549057644222,-0.466510021014211,-0.248005002524424,-6.3166217039559
0.730507988163945,-1.08298020369,-1.1269296453733,1.66770871203917,-0.306656910925257,0.934263342303827,2.72905986693058,-0.394024026905232,0.0928806794691288,0.438751081834249,1.75455884225242
-0.693134326551867,-0.949650884060926,0.709986419237183,0.496008755407859,0.779839866352712,-0.117027764170976,0.08289599212612,0.847844228406397,1.41139984759604,0.736512741590913,6.130769372145
-0.702388693172492,-1.51389201749253,0.789584385470563,-1.54551086607994,-0.842761634070571,1.06264156517675,0.815621741926323,0.620807108566981,-0.0586068330468096,-1.2941400560311,7.77585227383207
0.23734491639443,0.862959295525697,0.89474602478785,-0.321717289980515,0.817960930738573,-1.03629064668039,-0.166982487170013,0.10543743546344,0.165071651246475,-0.4852773200112,2.0979294299044
0.625193367345313,1.46497092158655,0.264083285189546,0.106590650529914,-1.60306740511488,-0.649902216922542,0.485973185904865,0.637352204257052,-0.299304321280594,1.10375941152159,4.37814699575172
1.49186099498608,-0.0508496031616128,-1.93818208537757,1.2150240833967,0.108019822752961,0.934263342303827,0.549595472760197,0.295511295403748,0.141072331102788,-0.308098791849176,2.71778723373543
-0.693471425985307,2.94940764014701,-1.70035655024715,0.142103712369182,0.493296756056093,0.480702367101608,1.01705269928179,0.846272966339085,-1.56029475604913,1.06774576297153,4.41155700310508
0.447173493815723,0.727993029027432,-2.97113309409009,-0.414193865268547,-0.859653648755506,0.852224693620251,1.0555053663605,-0.790148447016843,0.478298214636286,-0.427530826007904,2.20458869622132
-0.136350007971292,0.998557975206113,-1.31393706362297,-0.371343985093804,0.443542797306145,-0.449905433008874,-0.470771260184401,-1.07595817036077,-0.227666460884104,-0.029490904731323,0.297493173158033
-0.203936532931102,0.407757911452599,0.15990653891946,-0.153420091591475,-0.606395224688965,-1.12001706058267,-0.290745591896356,0.821324091987007,0.949233180791659,-1.62962676048967,5.7226498602246
-0.0742920137582398,0.0297894715145121,-1.6337159408331,-0.33455245946278,0.0243723804934883,1.27424098017366,0.978743042497941,1.68241951666098,-0.106319491835172,1.31615478759469,3.86756791730948
-0.300516223298101,0.0268000124293394,0.255102853899376,-0.623304124917608,0.407060164262817,-0.0459795784967184,-0.374327442467498,-1.67037683981827,-0.291837013267862,1.13827871916146,2.67925997219889
1.23650724810177,0.227921940945402,0.445712174656237,1.3841753408112,-0.455155504435282,-1.00257598224115,-0.769556748675993,0.252606380322158,0.0168271454974106,0.249263948233906,0.953541404982863
1.10980084752273,-0.852070456366337,-0.602465151614923,-2.59892019236541,-0.441899299342685,-0.822211939001501,-1.08306758979272,-0.637977316280738,-2.85156182333629,-0.702027367665078,-2.1351438738196
1.23650724810177,0.0525155550153338,-0.337151575030898,-0.097813041460573,0.115481291176968,0.211382998643811,0.313405430346397,0.501186226897497,1.03321626115463,-0.169516372303139,2.47771305917663
0.572413172120732,0.137256670186407,0.502141004114654,-0.44018922531252,-1.22271543023315,0.597532603538742,-0.613256342445527,0.20933371061609,-2.01585427524917,-0.411330921526314,-2.90268816342447
1.49186099498608,0.227193723741056,-1.11137659930711,0.0133279074522774,-1.61794359206596,-0.649902216922542,0.482362973952988,1.95710753813704,-0.43580066001892,0.668634844523791,3.24278328158027
0.869342492662421,-0.214428965212352,-2.02433431073869,-1.95421714614753,-0.527858704836244,0.859692669280362,0.466854430233429,0.606980637686325,1.13614200831686,-0.015479447455277,2.1001481836857
-0.00544820204591786,-0.193763688587477,1.60675841295823,-1.78137401914597,0.667362812556352,-0.054295311132093,1.18531467468653,-0.931987728780972,-0.900137168063685,-0.692336997226504,-1.80679300262346
0.451694313552418,-2.57431022091106,-1.75309053201922,-0.394032462896434,0.247446740861318,0.00168937154695528,0.202709893803104,-0.159233947873413,-0.617132642262897,0.147074329628627,-5.0188624913754
-0.0651677065515962,0.273603600919644,0.0221225091270172,-0.747002194863972,1.56941388231764,-0.0357458658927669,0.709657364879472,-0.184650927294804,-0.527156515390837,0.142999085914885,-0.880693599624356
-0.693134326551867,-0.949650884060926,0.709986419237183,0.496008755407859,0.803229596435356,0.89923010892642,-0.166982487170013,0.847844228406397,0.520110199734113,0.0158992314363612,5.29386193781743
-0.0156455402636513,0.428864557977159,0.706137934153233,-1.00222800909796,-0.0307079603285624,-0.404332848471857,0.696032883292687,-1.75324824748289,-1.91778332413356,0.446073100907561,-3.09434970954825
-0.726567772707652,2.34273275272344,-0.351748055720582,-0.52961434521005,-1.27882271867969,0.0826909324418738,-0.0945170973099274,-1.29015598801435,1.85088804838915,0.108564002140283,-2.59202327239538
-0.514991715660624,-1.56659392957779,-0.116273041805524,-1.75220538098373,-0.589374029597625,0.679444985554297,-0.185264889929147,0.541751204615412,0.874935046716651,-0.645592353257713,1.95714878771572
-1.49310041378259,1.6373754193393,0.485057730124587,1.16514357646072,0.734825142558142,-0.840645233230951,-0.564800404331566,-1.33511194540262,-0.680082696316367,0.107592910339803,-4.90576566700528
0.00460739110387844,-1.73323054068184,1.62524589201646,0.114995584496017,0.559009304365159,0.528584055036609,0.63178456118492,-0.2271330254566,-0.526697185107429,-0.464993621018411,-1.28812534764133
0.295869864560856,-0.381460522806317,0.602600279976694,0.753607768195727,0.0274806023617587,2.34787034119304,0.25211329481456,-0.333687884390306,-1.28917333316203,0.307987801769887,0.272500765382642
0.037461151213643,1.53216761230831,1.03766414857438,1.16006643948086,1.29638794091786,0.671148741779703,-1.91121897646263,-1.66193329045014,-1.47185552758103,-0.634749423344087,-1.31889200618731
0.730507988163945,-1.0805079024054,-1.37454503675497,-0.610226618540534,2.91271158511059,0.194557507470597,-1.00831711491276,0.0821016241658169,-0.0140289913162314,-0.173331596143877,1.19916949631681
-0.585497209746163,-0.0171806285787887,-0.33986944452427,-0.973914443522251,1.6864767018814,-1.76042494260421,-1.24429412678207,-0.605852710386041,-1.57767137716807,-0.271621006307811,-1.2197650176864
-0.16360009894209,0.764851905241077,-0.443113350262656,-0.763978482731355,0.867131843447435,-0.243595935038772,0.966192604292163,0.211699233872083,0.524581524004179,-0.244443065344713,1.24103229045873
1.14197367761759,-1.73483134041751,0.871538378084351,-1.11434884631428,0.869794242202875,0.963737880600146,-0.480328914662847,-1.64639461748417,-1.04210697020459,-2.09496575785917,-3.29509113438401
-2.33281116025274,-0.185132113233566,0.878230534996953,-0.259867806692002,-0.708658371461177,0.719980073385416,-1.07134164921917,-2.19023849866422,-1.304946007495,1.81933607838344,0.22806463595582
-0.272421149888609,-0.794892149247961,1.06340024279982,-0.558439072039884,1.15238094645427,-0.840375508267999,1.68301335123829,0.523074095363487,-0.732247265032378,0.7749283968244,0.95841069869223
-0.929150931153099,0.927516532311659,0.242507444135701,-0.402271265634412,1.63920838419482,-0.506878879045896,0.903415293468507,-0.306391120707485,1.63302203685687,0.918133683243871,1.17891597705083
0.644898512032334,0.989387037918051,-0.592543024036416,-2.59892019236541,-0.936728714777368,-0.204785591710941,0.0262813290908673,-0.756664077976937,-2.85156182333629,-1.04679727616082,-2.98624262827128
0.365125374665937,-1.81797304299129,-0.451974907313489,-2.38843377902342,-1.80664004557913,-0.779294412072709,2.22469659196807,-0.75894387356516,1.64883138715629,2.58755203544262,0.614697107414156
-1.58260543482292,-1.02849583219729,0.83897279031469,-1.62308797081608,-1.84262660881207,1.39883322403804,0.0242613751190954,0.0387331459358976,-0.280934348219585,-0.546416348059947,-7.47163462333932
-1.47173171980516,1.51079952621017,-1.08885176559714,0.180037338431285,-0.509250354592042,-0.877910709632653,0.932741811085672,1.41612059742668,-0.911736252346926,1.31615478759469,-0.429608789519081
0.237410425236787,1.63252718715304,0.273637160172478,-0.321717289980515,-0.623247673468261,-0.667972487061522,0.119986738576249,0.630526377026136,1.45503134489796,1.61851375657118,3.89677898440331
0.346755576437318,0.322726884218378,-0.771024660072894,0.12048298834206,-1.36058254311344,0.438356409402216,0.482362973952988,-1.05605596733879,-0.818844439981587,-0.358002820965236,-3.12683950611503
0.3489031433305,-0.555452873179569,2.48446300125663,1.0162401589073,-0.725536695128186,0.161548147140306,0.770078652969879,0.277408711741724,0.00847688051959938,0.275504873613835,3.06718918285734
0.781890413830174,0.502143421762103,-0.178057565637477,0.106993487976,1.37000262158614,-0.254352041136743,-0.586598567503539,-0.282652463766894,-0.541724306260832,0.770280230688831,0.410136048780669
0.699332391168675,0.00779330569922829,-0.616566788991825,-0.508583359416142,-0.216231228467738,1.01174316989474,-0.799259505502297,-0.987207401544847,-0.288399073619946,-1.29807084316242,-0.778437268214474
-0.740679351640777,-0.887637908625747,0.570868137903451,-0.558439072039884,1.70915085657824,-0.104900153594343,0.08289599212612,0.226261920974034,-0.012426550010056,0.107592910339803,1.34837216988101
-0.325266318411619,0.0268000124293394,0.843767894746579,-0.623304124917608,0.683062036804703,0.277059048419663,-1.25886505754271,-0.272020150799412,-1.46210373968151,-1.00316138009431,-1.1101043021869
0.816585640915531,0.352288114422589,1.39751267535755,1.04329093482205,0.482304296950409,0.670747896017804,1.05281278556383,0.501186226897497,0.158770621411518,-0.332939108923317,0.00936783922703488
-0.382127351934617,-1.54097191839046,-0.589347359300161,-0.159196594523075,-0.656540930312705,0.725203960489303,-1.47943380640227,1.35648425293282,-1.3722633284762,-0.271621006307811,-1.83042350432115
-1.38085713481759,-0.477978109735352,1.75434558650249,-2.47466295411573,-1.84262660881207,-0.664218752259284,0.511287663960757,0.145198888522548,-0.900137168063685,0.632812271255855,-2.77003828768368
0.814819378882043,-0.0646671689620357,0.14339026843141,-0.125091302101685,1.37000262158614,1.32574221999302,0.835335520869512,1.15111575769069,-0.859141968043619,0.520613918327239,5.9393288923705
0.739731056787769,-1.0805079024054,-0.110261468371592,-0.650687585401685,2.91271158511059,-0.505805640505544,-2.25402147974646,-0.0576327907857079,0.00938387863408907,0.0994431087796581,-1.94357379666052
-0.347041126514426,-0.334726345748342,-1.23847950875852,0.679650764173821,-1.99338361316908,-0.0769633094644765,-1.11568594395821,-0.733776350225934,-0.706616267526374,-1.23115648042544,-1.75795532539548
-1.05874194683935,0.612526614047545,1.59197481554154,-0.574934132017634,-0.638765061065547,-1.45276955604706,-0.650024863778115,-0.2557914443032,-0.622340596478775,-0.380520367286796,-5.15515160202052
-0.62248702069751,-1.34988930899217,0.789584385470563,1.68766338279882,0.559009304365159,-0.974038933987022,-0.224009259957873,0.491832679175172,-2.58296282604071,-0.702027367665078,3.53358555632918
-0.0742920137582398,-0.521785789388674,0.395442131150477,-0.441752283512954,-0.519367524226294,0.574159171053041,0.202980525694244,0.065451086385483,-2.01585427524917,-2.50675889835025,-0.0464431448394053
0.214107097281821,-2.21897615015267,2.16560140865975,0.777297586984369,-0.223635773564206,0.00168937154695528,1.04181209822855,-0.451748793286222,0.413914102567235,1.62426861702219,1.49485702093304
-1.34065750906477,-0.0579941401602979,1.2797257472283,-0.259867806692002,0.804032676686565,-0.782395197765494,0.633070289749524,-0.15101163915052,-1.79056434429938,-0.538495949877667,1.12779157214833
-0.265779724507414,-0.190905869547125,0.585963402240698,-1.78137401914597,1.66120611389722,0.0954886096538423,1.62500176813374,-1.06950676667306,-1.91778332413356,-0.376214433821524,-0.531877269235701
-1.85690490759061,1.58918400846612,1.43277683897262,0.442734342451205,0.579328342850701,0.10321420755706,-0.560945477566433,-0.130487411673986,-0.283003130188389,0.0158992314363612,-0.645297458089687
0.451694313552418,1.01929784736996,-0.592543024036416,-1.58033376267764,0.039037875853404,-1.28251203546143,1.31129176642015,-2.27162783051974,-0.466510021014211,-0.416689637363834,-2.65162523504478
0.600190753408502,-0.452847145986916,1.67403062926328,-1.26270482815582,-0.432778912088265,0.756087943006418,0.63178456118492,-0.0190071535231163,-1.85643906292559,-0.314207577830866,-0.0464431448394053
-0.375945650247374,-0.287882421170838,0.288586410853517,-2.06080602852708,1.26613699511658,0.501520460234578,-0.839587557700823,-1.31058364083586,0.649895640350271,1.51018125061458,-4.13657905967476
-2.02347239838671,0.384962332368311,0.815391942242693,-0.574934132017634,-1.06037559443623,0.107781708362372,-1.31319355606547,1.43633980399273,1.28761522831156,0.976699623589496,-0.776844215589006
-0.582792038639609,1.16809949022877,0.340660657617219,1.83595856733827,0.40944433212509,-1.07247174290396,-1.20092971945951,0.81075418719623,0.309313954219303,-0.539511689500036,6.29526560706349
-0.343884688461819,-0.514030865856562,-0.305659846895087,0.365275877745514,1.14118130896262,1.42414152424149,0.12554030129433,1.3643644893402,-0.344972568513132,1.2333891373038,3.06001800474098
2.08709877442507,1.40752489607358,-1.37708533820993,-1.64528667866866,0.311283996429092,-1.03766447866333,0.553167034598023,-0.766456177577196,-0.83038516317219,-0.598680614300073,0.0733182458000974
1.4131234900417,-0.832182578760933,0.345196393545463,-0.661365934621235,0.0656758044980866,-0.342907356956493,-0.278804327381221,-1.33476779574562,-1.37417228961035,-0.866292855946805,1.47883329011118
-0.155598633734742,-0.82662504232351,-0.957256412590001,-0.448574312465997,-0.734623326723399,-0.477565209608407,-0.290745591896356,1.35152335539536,-0.702278946615208,1.11600024508592,-0.836628620218879
-0.410186659197314,0.316938602473611,-0.264775763427037,1.62242288236082,1.27610145310498,0.301525271135655,1.40783019715622,-0.779984193929444,-0.356402641285508,-1.46266573534084,2.5620493758379
0.664178589495017,-1.17321028079066,2.62618966606122,2.63164509950946,-0.449675755944442,-0.138806480367393,0.511808211291083,-0.906535323648878,1.45499157515362,-0.310495901030682,3.98005428482771
0.644898512032334,-1.00192688623432,-1.07066918667785,0.642751525014387,0.705909325254274,0.269852089312971,0.0104204292858051,1.30272595523861,-0.530394721350839,0.498265019944592,3.06718918285734
-1.34065750906477,-0.0579941401602979,1.52614336053674,-0.259867806692002,1.04933984724002,-0.664218752259284,1.68301335123829,-0.441000203767085,-1.79056434429938,2.58755203544262,1.12779157214833
-0.873611878843421,0.0867432025382058,-0.144068046004939,-1.20377882614316,-1.15262651842695,1.27456927355145,-0.271778852822926,0.121170995724281,0.0648259994289544,-0.130522408919668,1.0069594454354
-1.20054183816447,-1.21181669113551,-0.364289434592605,0.89399113000924,-0.68723230581916,-0.212670195582148,0.233461545632091,-0.163591274542447,0.175668895388002,0.913425400326398,-0.0276904246736538
-0.192139617474436,0.149089735861111,0.15990653891946,-0.153420091591475,-0.551928584870598,-1.10301703588672,-0.290745591896356,0.575570595832476,0.454348338970266,-2.12079100994102,-3.44756268980311
1.27354875991509,0.0251564837519369,-0.531607572717448,0.35345552941829,1.46240337195032,-1.0122395449581,-0.167324101390145,-0.596105701763296,1.3968795941898,0.498165253494867,4.24719422456688
0.102604377190837,-0.354553339975313,-0.266365728699986,1.47566294490148,-0.695752154094723,-0.948879589389247,-0.285791462488769,-0.163591274542447,0.505664506762137,-0.506170837980168,2.97190297509348
0.214107097281821,0.272835868204489,0.239735680425451,0.68686706140529,1.23909890478591,0.859740801819733,1.39113248269149,0.660128434383342,-0.466995200211043,0.532889938016868,4.14561233263236
-0.27692809584978,-1.31112977597589,0.250730452285803,-0.820556426876366,0.159638813295859,-0.840375508267999,1.09182938464322,-0.451748793286222,-0.323388046059804,1.04742973831877,-3.53873561329924
-0.135077887616736,1.14748922561923,-1.08145374949916,0.111207922256491,0.182280972163994,-0.449905433008874,-0.30014469627297,-1.0055897582686,-0.267558666753156,-1.48371098903911,-3.12683950611503
0.677808680993627,-1.1817963655673,2.62618966606122,2.63164509950946,0.294712532510657,0.262576998901471,-0.326034722937089,-1.50596028363374,-0.366459991785786,0.601682547740222,2.64028571583885
0.252766098443374,1.26551789622522,-1.5048116113286,1.22622798954515,1.26931498768824,-0.454272490573931,0.876231599341035,1.0359974018824,-1.21041370409657,1.31615478759469,9.00788134904603
0.297119919657421,-0.524407445148225,-0.305659846895087,1.47566294490148,0.0954213558421567,0.211382998643811,-1.34390329077311,-0.0416495745167949,-0.706616267526374,0.887594537773429,-0.211780763122832
-1.75924181767776,-0.499350398035566,1.19870959350661,1.16416019915114,0.160720208151978,-0.0621886432940694,-0.34130041394044,0.192729795667782,1.02849688145658,-2.17416387539468,8.59636200179405
2.44601656194527,0.994340143056956,1.41137916465276,0.309380380123264,-0.546332607555029,0.813536385413981,-1.01315286115649,-0.130487411673986,-0.751011144353946,0.301883032831883,4.81622869905844
0.466686285209001,0.326474261278335,-0.493744238432949,0.55767854099515,-0.960354622181013,2.4302072334528,0.574965710219772,0.0757743235830007,-1.38717540940136,-0.420220549084364,-2.53491655879228
0.227517785234105,0.862959295525697,0.347667734406774,0.132280670533321,1.39875178501346,-0.336383082500156,-0.0954106977866629,-0.460789713264432,1.88506078823393,0.736512741590913,4.0064892655601
0.928862601958695,-0.0110388654626675,-0.260712061404768,-1.47772641611495,0.321623289503892,-1.33905219478877,-0.524063723266811,-0.121076558097471,0.183593287725967,-0.228008858651926,-2.35127299214377
1.16691285103127,-1.73483134041751,0.871538378084351,0.517548389947309,-0.558391468185768,-0.516429258141224,0.74420129003784,0.406728828785122,0.730301001521233,-0.544796157898467,3.84927030685661
0.130953895187211,-1.58279239796434,-0.290285167515201,0.180606682575171,-1.27956065669799,-0.495525405782458,-0.198366738645342,0.100551266919123,-0.0992214006587863,0.312716853334921,-0.950382769637365
0.195210610508075,0.280397248083693,0.239735680425451,0.820323277116808,0.332486448659935,1.09551501422404,0.779520340160171,1.15111575769069,0.378099319700201,0.520613918327239,5.76013802261936
0.928380273129385,-0.808735412022839,0.650324307026594,0.292159134941751,0.705909325254274,0.570203506522689,0.0104204292858051,0.0649630887505285,0.201862396832065,0.601682547740222,-1.28812534764133
0.675694068611195,-1.1817963655673,1.68767440840728,-1.22533000028603,1.53123746114218,1.48790980361889,0.743598502814017,-0.135347151709011,0.174777938944071,1.62426861702219,6.41897596312534
0.151347036608907,0.280397248083693,0.664366489469384,0.68686706140529,1.23909890478591,-0.144270828557183,-0.480328914662847,-0.780630979886291,-0.0479002754887184,-0.318492605506322,-2.35660423017441
-0.369511244288014,-0.300953372069225,-0.121218649893994,-1.65148541489343,-0.589374029597625,1.12281189537963,0.466854430233429,0.974848699150331,1.39074520408372,0.432184425968162,5.76013802261936
0.244514615485232,-1.64311971253158,-1.0385194424612,-1.05310223173842,-0.734623326723399,-1.18506562989616,0.119986738576249,-1.39821162133168,-1.16038908042889,-1.89638381369958,-2.86575202086157
0.0893198006063772,-0.354553339975313,-0.266365728699986,1.02352060142504,-1.27956065669799,-0.495525405782458,-0.93740683939593,-1.03473948038616,0.441498821834689,-0.130522408919668,3.98005428482771
1.31179304164794,-0.0729340860945769,2.6528311976126,-1.57754981083634,0.111352769818166,-0.541864830784005,0.553167034598023,-0.255242183427469,1.50569775112212,0.718638238978785,5.45633346329563
-0.376178003359494,1.93336605712847,-0.368888875838982,-0.52961434521005,-2.38992893964469,1.25516237087833,-1.11568594395821,-0.84388297774496,0.304294427245922,-0.0686386200159234,0.893398902289147
-0.62248702069751,0.210412684629618,0.0379903900369007,0.285753085131075,0.0523954608857138,-0.117027764170976,0.488596909353322,-0.379549057644222,-1.91778332413356,-0.271621006307811,2.63706997033817
0.849081931734375,0.687618972986551,-0.493744238432949,0.35345552941829,1.46240337195032,-0.209197570622183,-0.565947785048574,0.0829334409194271,-0.541724306260832,1.10935652453777,-0.899362216051978
-2.28461682398309,-1.29581609690297,-0.0653212277636637,-1.75220538098373,-0.0586344192602959,-0.198212253643624,0.015288821652334,1.35016441145637,-0.012426550010056,0.290606033163995,-4.00630206419819
0.510798987840461,-1.0255017320424,-1.37454503675497,-0.977480365416888,-1.20306549580239,0.39231280586975,0.555477706246643,-0.402371586801952,0.441498821834689,-0.903542235681831,-0.394338453629448
0.361458930056755,-0.47694871302918,-0.515126344381115,1.24633220168742,1.73087389420089,0.0112656878730587,-1.20388949901253,1.02185645242251,-0.706616267526374,0.69647433590148,0.96311641349867
-1.92862910408431,-0.219435900526413,-1.14983430251064,0.296318396195458,0.199360838712769,0.580783187991355,1.08151374659067,-0.0372861547652601,0.290392089589605,-0.576699122381656,-4.81715583500071
-0.0651677065515962,0.273603600919644,0.664366489469384,0.179165571548402,-0.589221760543494,0.574159171053041,-0.0264988281329331,0.559387673686396,-0.280934348219585,-0.176978601005324,-0.869031956101106
0.0103925018315313,-0.425951150520337,1.15636642672082,0.00970097845056035,-0.850214830677413,-0.974860616008062,0.622360402325314,1.08750015421434,0.303191811802299,-1.69315028532771,-0.771825882248781
0.626758767471584,-0.356069615053164,0.509096497442593,-0.805180487409551,-0.343358442587274,-0.805715278258399,-1.28825775832195,-0.504270290903495,-0.210102264480694,-0.747619691648201,-2.53587362764588
0.023906319344443,0.706099931511893,-0.610881097514344,-0.727905496073783,0.164366467310214,-0.822211939001501,-0.358458285686457,-2.27162783051974,2.07482086649096,-1.52001105094206,-1.49356603238344
-0.363978846728565,1.24979111069053,-0.703898399311958,-0.0674475169188657,-0.935731712277675,1.25516237087833,-0.810005153673124,1.60294125835641,-1.25931652469602,0.228670200250945,0.846685053609398
0.0969493186643488,0.642422499588948,-0.520462795514425,0.54009330404443,0.232468577998601,1.4620248618114,0.413925600164604,0.310836852070777,0.244741812622081,-0.0648846033532961,3.37387214265983
-1.00655923289659,-0.0447139069821386,1.48153787773554,0.489982006677631,0.729460433333224,0.622056913559451,0.284478025773876,-1.20082595463833,0.0946492352047273,-0.519108034190738,-0.142663760363575
0.728404253215287,-1.0805079024054,-1.1269296453733,0.642751525014387,0.705909325254274,0.631021889449375,0.204730990973876,1.55146488283029,-0.401272315513015,-0.173331596143877,-1.94780856330726
-0.917628513596246,-0.274093650569606,-0.922904195214803,-0.19374012360097,0.55078482869779,0.801615009392776,0.950649215778834,0.701194855429383,-0.149335982900091,-0.0543814845723434,-1.55633632521707
0.944574384741954,0.193703983321692,-0.191206193656985,-0.439360389088879,1.37000262158614,-0.082148117609643,0.875148366293634,-0.282652463766894,-0.666694913271746,-0.376214433821524,2.12362496933163
-0.729927793020022,0.251780683517835,0.634233690074745,0.670603137522185,-1.43016141310349,-1.5889756269096,-0.613256342445527,1.76413646122462,-0.163777776231306,-0.444243255667487,-0.429608789519081
-1.58260543482292,0.116597239847124,0.100878715830853,3.11196996867428,-1.24546839103881,-0.146155228643786,0.511808211291083,-0.00556335287714507,1.45499157515362,-0.310495901030682,1.06869637457646
0.759482210156236,-1.09082157871938,0.850561577068905,-0.34502963796485,2.91271158511059,0.323915650457949,-1.00831711491276,-1.52583854851441,0.651465609996782,-1.4710739260567,0.942135122545471
0.759105278163644,-1.08298020369,-0.252825366924408,1.66770871203917,-0.486463471796384,-0.805715278258399,-0.480435501688197,-0.352825049583717,0.0928806794691288,1.58321914201817,3.2841310897301
1.43453060595738,-0.346750483829996,2.22042490487663,-0.562819665984043,-1.14233223901531,0.649300562493949,0.475353434293191,1.16803839998852,-0.790779764244173,-0.411330921526314,-3.02793241100049
-0.556522424888073,-1.54345110287093,0.789584385470563,0.114995584496017,0.559009304365159,0.178456325456294,0.63178456118492,-0.2271330254566,0.150663984323213,-0.464993621018411,0.592711783630664
2.44601656194527,0.994340143056956,1.11124284176782,-1.30673185193482,-0.926791468031767,-0.974860616008062,1.61139469637297,1.36183766105233,0.556959424035942,0.424111136878953,5.1169041452248
0.983755537160887,1.37472937103794,0.718402900427242,-0.547166304179171,-0.441285123459976,-0.403445310237333,-2.13069186066336,0.821324091987007,1.32877888032443,1.68471314935838,3.6135457588261
1.00185805225695,1.67306513852845,-0.852473200210809,0.128323682752829,-1.35142876613107,3.62807082675638,0.25147732730171,1.55129558642636,1.85088804838915,-0.310495901030682,1.40551647742079
1.43453060595738,-0.832182578760933,0.345196393545463,0.496816111556156,0.477308772162852,-1.08536639697768,-0.55387002684204,1.84737596396277,0.0303892045980348,-2.10009062429599,2.84031536585146
0.598627029356046,0.384637395498696,0.347667734406774,-0.328774797560961,-1.22271543023315,-0.185908198187829,-0.613256342445527,0.120690227475748,-0.210102264480694,-2.03636000668756,1.15780284808567
-0.240038176905339,0.989911638852454,-0.168867883588535,-0.71809283510203,1.68632199691502,0.696512133514962,0.709657364879472,-0.0964100624178365,2.07482086649096,1.60487595522263,4.14062509976546
1.08614788169359,0.029376604658855,0.497317916415997,-0.275754910855323,0.189574798347712,0.81211742969492,-2.13069186066336,-1.66193329045014,-0.434591290124187,-0.646501632750546,-2.12283165254841
-0.600486328293478,-2.41213276473231,-0.63667339644329,1.48403272089236,0.403170013439618,-0.576259212937957,-0.374327442467498,-0.0791394872430867,-0.969021091199742,1.79245336378876,-0.847250443519885
0.611146254424759,-0.418223350873494,0.966518719665878,-0.739074634190785,-1.55371383391167,0.817803863242394,0.374178563391054,-0.044530659599279,-0.309105626678594,0.601682547740222,-0.901346498595921
-1.04839569988892,-0.512906741815621,1.19870959350661,-1.27383845970266,-0.716674936199137,-1.44609663424266,-0.554004853297544,-2.19023849866422,0.531905777610321,-1.12916362083028,-2.59202327239538
0.361458930056755,-1.34161688164946,1.05618280752868,-0.600856540294708,-0.532105312274035,-0.948879589389247,-0.554004853297544,1.25673914030964,1.04640716280504,0.108680731603931,-1.53437009888005
-0.72890729048032,1.12427675395976,0.260855629383548,1.83595856733827,2.57306155257155,-1.31880752454885,-1.22930442785185,-0.372141677688946,-0.680082696316367,1.77203805643153,-0.941418262285646
0.297119919657421,0.571059238273202,-0.493744238432949,0.54009330404443,1.21730340534071,1.0812941541679,0.12554030129433,-0.742779845342894,0.113314978937958,0.770280230688831,1.69693384118266
0.928380273129385,0.193703983321692,-0.97803858897871,-0.979898311104481,0.187727276829665,0.110280772622431,0.313405430346397,-0.258548078356464,-1.21557640594922,-0.420220549084364,-1.03494350197222
-1.3006402588035,-0.0240647208355967,0.880434066744842,-0.259867806692002,-0.850099891892265,-0.986864268961763,0.336877074586003,0.801321944630659,1.08712080387811,-1.81429671723711,-0.581862739309619
1.07463679559383,0.639263141171917,0.436532976834417,-0.960535067597864,0.386401904015212,0.485153095880547,-0.278804327381221,0.0768432169739245,0.115081152168183,2.34552279921877,0.0571707026507566
0.269389277210577,-1.39707432514601,0.147702657675047,-1.6986182146288,-0.423527612680277,-1.06183735728784,0.775517999717304,-0.597681388201572,0.571717855561852,1.15867484018722,1.69136233696587
1.31179304164794,-1.1356772322233,0.0713352647464194,-0.650687585401685,1.39405859734656,-0.254352041136743,-0.455619123625867,-1.26370254269226,-0.323388046059804,-0.52722316230373,-3.09434970954825
1.07463679559383,0.736387317662326,0.436532976834417,-0.419065426682309,-1.46422585840282,0.00463501988084672,-1.30204260610853,1.55129558642636,1.28761522831156,0.452772628227358,3.6135457588261
1.27766826499064,0.0525155550153338,-0.436293431766171,-0.240513428787198,0.115481291176968,0.211382998643811,0.313405430346397,-0.168202583741246,0.057832849853732,-0.690126854650955,2.36318347325511
-1.33477122599904,-0.0579941401602979,1.30027887880454,-0.259867806692002,0.566411502240181,-0.664218752259284,-0.900154151125418,-0.605852710386041,-0.860728841249036,0.224944389939114,-0.645297458089687
0.928380273129385,-0.653384220298203,0.577504074647229,0.292159134941751,-0.48895130828677,-0.138806480367393,-0.769556748675993,-0.682392220849181,-1.129802171381,1.00128140944082,-2.65912154271396
1.01965029248452,0.274460794307288,-0.116697997379772,0.106993487976,0.469988747248172,-1.94841603476548,-0.524063723266811,1.26925030798232,-0.622340596478775,-0.690126854650955,1.24785583020413
-0.159941161922695,-1.38008471781276,0.657662189656461,-0.600856540294708,-0.823781319004336,-0.660933334408789,-0.295689643546692,1.74318222524718,0.571717855561852,0.108680731603931,3.84927030685661
-0.782674172784088,0.263194055785399,1.09397674709186,-0.587983010322222,-0.64538644855387,1.74853722283313,-0.265116800586365,-1.10432865430928,0.830921287335262,-1.49730126589111,3.02451370910418
0.252766098443374,1.26551789622522,-1.07938895276302,0.578970070258669,-0.550386144237417,-0.0902082599384085,0.119986738576249,-0.811924999637996,-0.473054499380806,-0.015479447455277,-1.05005295498265
-0.136350007971292,0.889762513139543,-1.08145374949916,0.578970070258669,-0.77841963977535,-0.733056010221052,-0.561377891903147,0.344605574326132,-0.400355177606238,-1.48371098903911,1.05516971478531
0.878105294461493,-0.214428965212352,-0.684450924069626,-0.562511237729017,-0.795322620994479,0.891922401765118,0.0769094463169545,1.4446003055416,-2.44747033665662,1.84601834940138,-1.55633632521707
0.694901718129278,1.01393458671947,-0.204719854425436,-0.71809283510203,-2.1813635417452,0.754537070355545,0.886110166677693,-0.790148447016843,-0.794160919375349,0.678441779087397,4.37814699575172
0.891604644503573,0.190382125677485,0.287180818420152,0.152220043069507,1.37000262158614,-0.903861640346566,0.829718351188158,-0.123594578583108,-0.0127783379191685,-0.787557045416536,2.36318347325511
-1.33477122599904,-0.0579941401602979,0.100878715830853,0.33364695699491,-1.22538843484272,0.15091171921762,0.171419768546389,-0.0311513174311057,0.80553513712332,-0.073297263310804,0.593310411534398
1.0375126567079,-0.496349508166235,-1.23016272635157,-1.33586575855043,0.934483879109362,1.04661447511071,0.272119987371654,-0.622364454699087,-1.01609050893156,0.201132066503997,3.36660307732315
-0.205898242063805,1.18527304366064,2.25738124494787,-0.370222151102493,0.40944433212509,-0.733056010221052,0.701133011480536,-0.93859906237237,-0.900137168063685,-0.318492605506322,-2.86575202086157
-0.740679351640777,0.925527636930806,-0.244440275228964,0.618156784784074,0.394905711054891,-1.39485141358621,-0.4169582764767,-0.15101163915052,-1.22012000222227,2.09782468502902,-0.941418262285646
-0.0528112899666603,-1.40869541525918,0.657662189656461,-0.600856540294708,-0.823781319004336,1.18771101530099,-0.293653617290267,1.35152335539536,0.538076735989637,0.0868388910631801,-2.40954552549613
0.226445258678952,0.803602346494092,-1.00964480623081,0.111207922256491,0.501615091508482,-2.15231474781768,0.188327187141079,-1.00888755029258,0.421097806647273,-1.29807084316242,-4.18730813744807
0.0849057327629519,-0.271097485421096,-0.266365728699986,1.29574177763898,0.495303595009711,0.131437277211718,-0.88948331607004,0.952224938097985,-0.530394721350839,-0.625242475974508,-0.254094932137452
-0.487201613754254,0.00142560203979564,0.126901728175395,1.76084674776874,-1.43825075645747,-0.986549046303568,0.533251060852967,-0.00556335287714507,-0.238421688406787,0.295378605303692,2.5620493758379
0.205805466272538,0.227149823246328,1.02232902130155,0.163732956158585,-0.279322866509377,-0.0555386845718112,-0.947732830134855,-0.572279141906941,-0.921345308881424,-1.63780660095676,-1.05005295498265
-0.0480468742218391,-0.669149899914948,-0.0466269515697998,-1.01946149342315,-0.279283552687784,1.57394834336141,1.09182938464322,-1.43830384183152,0.830921287335262,0.387166722321528,6.51385593960964
0.0153656057567998,-0.543965103216311,0.886716013727351,-0.836378920261515,-0.279322866509377,0.496753039318277,-0.188944958204576,0.34418885310266,0.666047497323898,0.194677319681819,1.66173460309594
-1.18475571675671,1.36000261524331,-0.848091277199385,0.111207922256491,-0.249144705807862,-0.997481243132507,-0.4169582764767,0.997603459043112,0.886133917943139,-1.09690023504593,1.25697101233732
0.51347266168884,0.0860705694178476,0.0935654828881103,-0.271188992701812,0.039037875853404,-0.342907356956493,0.779520340160171,-0.357242845193931,1.37999191920652,-0.665721545491926,2.47771305917663
-0.614948387360869,-0.697691404024435,0.28449042584323,-1.10882431016394,0.126589381756311,-1.21832510018424,0.75015301935488,-2.24397783104819,-1.37417228961035,1.93428456749544,-7.6252727867734
0.332774227985925,-1.98401954708212,2.16560140865975,1.70307725590161,0.147172837836596,-2.71882327180943,-2.47543971688703,0.405162975902442,-1.42024929980756,-0.815860290589791,-2.51259043048532
0.161684124836114,0.947222055419849,0.83337108741669,0.0858545323215652,0.275846215441001,-0.625812990553681,-1.53964145941398,-0.255242183427469,0.0293435088480988,-0.747619691648201,0.523715339368225
-0.62248702069751,-0.279045621885561,-0.121218649893994,-0.854845579184393,-0.00457628841874296,-1.76042494260421,1.09182938464322,1.41612059742668,-0.262080662763369,-0.259957345764935,-3.02793241100049
-0.16360009894209,-1.38008471781276,-1.3307452707782,-0.394032462896434,-0.734623326723399,-0.598127008459014,-0.175143596405384,1.74318222524718,0.059072592319799,-0.258323281063219,-1.94780856330726
-1.47513872138631,1.6373754193393,0.485057730124587,0.992513020066475,0.734825142558142,-0.180127451291608,0.0104204292858051,-0.780630979886291,0.0295829336682849,-0.530796155208867,5.38142332910241
0.57391769498192,0.384637395498696,0.158532936614209,-0.271188992701812,-1.55371383391167,-0.124727495223382,0.482362973952988,0.350938725111645,1.37999191920652,0.329675785509529,4.55753619208179
0.572413172120732,0.384637395498696,0.831069940068973,0.565557517201068,-0.877412657140793,-0.839610281644856,0.336877074586003,0.637352204257052,1.56554952073234,0.329675785509529,6.17639463732319
0.23734491639443,0.862959295525697,0.363445974853127,1.16006643948086,1.39875178501346,-0.903861640346566,1.29208089776726,1.0359974018824,0.309313954219303,0.424111136878953,9.00788134904603
-0.375945650247374,-0.300953372069225,0.822398359109407,-0.484940102488015,1.66120611389722,0.301525271135655,-0.166982487170013,-1.06950676667306,-0.266504670427438,-0.538495949877667,-0.142663760363575
0.391191891894694,-1.52681965512596,-0.451974907313489,-1.18371961075813,-0.488259646838724,2.51910597901591,-0.34153765698741,-0.333687884390306,-1.21557640594922,0.884504685657399,-3.95683119017143
-1.91552955230495,-0.219435900526413,0.446954609701839,0.33364695699491,0.804032676686565,0.176960702776795,0.40813916919041,-0.779984193929444,0.311691535166429,-0.436508822914166,-7.0916079242128
-0.369511244288014,2.17347484011926,-0.368888875838982,-0.52961434521005,-1.72214642877158,0.725203960489303,-0.810005153673124,-0.84388297774496,-0.968849537576301,-0.575720425390837,-2.12283165254841
-0.514991715660624,-1.56659392957779,-0.116273041805524,-0.703631541807737,-0.00457628841874296,0.192120201119475,1.09182938464322,-0.637977316280738,-0.381928383825241,-0.427844833932067,-3.53873561329924
0.130953895187211,1.85219170445528,0.970995529882325,-0.912428075711701,1.72910529547631,-0.886996388930553,-1.91121897646263,-0.540243313899107,-0.230570045242924,-1.40463244929267,-2.35660423017441
0.699332391168675,-0.765506244109286,-1.37902151468884,-0.159954145159558,-0.48895130828677,0.058868094733478,0.48335598620977,-0.352825049583717,-1.59742677090719,-0.517527080363808,-6.3166217039559
0.559745113747277,0.11428764706884,1.19333352652551,-0.44018922531252,0.505386455145065,-0.573744861405591,-0.947732830134855,-0.448551580767576,-0.181831617538621,0.413459312694997,1.62523385861081
0.498702700633539,-0.364920887691673,0.416855644226469,0.81826444607821,-2.38980428188221,-1.04439578900548,-0.613256342445527,0.637352204257052,-0.210102264480694,-0.523275090902401,-1.75795532539548
-0.629795649302469,-1.34988930899217,-1.50940457483946,-0.441923263843169,0.893683612720109,0.869937666675152,0.12554030129433,1.55146488283029,-0.617132642262897,-0.258323281063219,-1.94780856330726
0.227517785234105,0.383895796086317,-0.178057565637477,1.71454640595666,-0.695752154094723,0.879908559279133,-0.412142653810963,-1.21784413131374,0.198542889306795,-0.358002820965236,-0.213780654376595
-2.33693307613473,0.579326388703484,0.587593685688223,0.4579463330083,1.70996955173856,-1.29216842652983,-0.780009346648262,-0.605852710386041,0.287533711299679,-0.436508822914166,-0.941418262285646
0.928862601958695,0.193703983321692,-0.97803858897871,-0.330245268038761,-0.571829672080914,0.829542829029539,-0.178985108720679,0.664850003640346,1.03321626115463,0.435380690510031,0.433959503480848
0.730507988163945,-1.09082157871938,1.84604594496464,-0.34502963796485,2.91271158511059,-1.16599327702135,-1.00831711491276,-0.906535323648878,-0.774613176902456,-1.25649855144313,-2.77229727493271
-0.614948387360869,0.602819353288526,-0.988694990950461,0.572092115311871,-0.762858004475326,-0.974038933987022,0.264447850379765,-0.34907326121037,0.886133917943139,-0.481265458113077,-3.60756929429481
-1.18001960601701,0.889250769349145,-0.848091277199385,0.128323682752829,-0.176842807669913,-1.84072317940471,0.476902567845905,0.997603459043112,-1.57767137716807,-0.029490904731323,3.01477460293244
-0.873611878843421,0.18138831635252,1.55445919639782,-0.434790191916869,-0.64538644855387,-1.20477578639475,-0.650024863778115,-0.605852710386041,0.80553513712332,-1.81429671723711,-5.15515160202052
-0.476236284566544,0.622917659526953,-0.988694990950461,1.20367492217268,0.443542797306145,-1.57673631250311,-0.832867291060155,0.928480700125422,-1.22012000222227,0.301915748956705,5.37067312985982
0.23734491639443,1.63252718715304,-1.89335778580116,-0.34988212003969,0.782930553054383,-0.365579051104691,-0.642551502071398,-1.00888755029258,0.479318199988137,0.175449576836473,3.98005428482771
0.252766098443374,-0.332746373813629,0.969898292825449,-1.5297208004646,-0.570432229053923,0.879908559279133,0.466854430233429,0.269417360894601,0.335462214863352,-1.55099988573567,-1.28037255583102
0.283967913929964,-0.77971232685486,-0.762372020275748,-0.586878893065783,-1.20306549580239,0.39231280586975,-0.0794600792797977,-0.583922029322019,0.259795148022548,-0.0616002380694611,-2.53587362764588
1.00185805225695,1.67306513852845,0.63047648637741,0.106590650529914,-0.441285123459976,-2.37781799314604,-1.49496223708725,0.630526377026136,-0.622340596478775,0.308173717027841,3.24914652283032
0.0938641149844256,-0.354553339975313,-0.300485409892475,1.29574177763898,-0.695752154094723,2.51910597901591,0.456826319789959,1.07211138736918,0.152009549943382,-0.506170837980168,4.98124444678741
-2.6727745120712,0.473649554588802,-0.240956122040668,0.801856917765404,0.394905711054891,0.608912593767703,1.25907520215195,-0.392937655513439,1.27940846340831,0.623242698880412,1.12779157214833
0.149561338702306,-0.487622404769417,-0.896085521053407,-0.129993251529698,0.501615091508482,-0.801639561040878,0.615810996804592,-0.480209592411453,-0.267558666753156,-0.598680614300073,-3.12903405899847
0.626758767471584,-0.418223350873494,0.172226777659885,0.81826444607821,-1.11244911455974,-1.23765018426642,-0.93740683939593,1.37060102030215,1.28761522831156,-0.11308743192535,-1.53437009888005
0.122148083149365,1.85219170445528,0.184577595252939,-0.912428075711701,-0.550386144237417,-0.948879589389247,0.464416257868728,0.630526377026136,1.55998048379771,-0.405869817256212,4.2168715615475
-0.758657487105739,-1.20370866312221,-0.364289434592605,-0.448814377591143,0.878084499417855,0.604950083889865,1.29531050573565,1.14732998898823,-0.401272315513015,-1.21642611413061,-0.771825882248781
-0.62248702069751,-0.697691404024435,0.047466675176935,-1.10882431016394,0.126589381756311,-0.963272267739737,0.978743042497941,-1.51013205546524,0.0303892045980348,-0.251951272423544,-5.30820407907863
0.443527104440841,0.570960720972818,-0.520462795514425,1.37348688180326,-1.52422153628647,-0.67820238294005,-1.07951593070712,-1.58307460897447,0.953800180056454,1.17131768773388,1.91582661535793
-0.425853689033984,-1.7051966221605,-0.116273041805524,0.94858482811722,-1.69606527195163,-1.57673631250311,-0.175143596405384,2.84991654320923,0.406356913236777,0.312716853334921,5.22400801141812
1.76376444254146,0.668054320332173,-0.775674678702949,-0.725293690530792,-0.0163506909481041,-0.236652261888947,-1.03770272574295,-1.00888755029258,0.578192274102428,-0.652283029924256,3.22901080710379
0.0557495144797834,-1.11693168675049,0.515792742351976,0.391049283997743,0.634340441937719,0.854440597851986,-1.31581986783727,-1.24268775046932,-0.434591290124187,0.915091722998103,2.66328438292162
0.365125374665937,-1.34161688164946,0.833686284668926,-1.54551086607994,-0.916709083831764,-0.450126351492343,1.18531467468653,-1.52641993886072,0.359175785634889,-0.0522886871283879,-2.86951092669787
-0.326589374786297,0.479717044997213,-0.423861837625075,1.62242288236082,0.624041985482783,-2.08780806344585,-0.875523357033339,0.342677774526932,0.421097806647273,-0.754499151288641,6.29526560706349
-0.363978846728565,-0.300953372069225,-0.937866889784992,0.050755068527789,-0.59527499131224,-0.0769633094644765,-1.05120567133885,-0.130932224418781,1.16829020714136,-1.58685694014851,0.30854898236954
-1.47965069496921,1.74117702546788,1.43277683897262,0.908438042096018,0.254209551437966,-0.436241610615791,0.614047980937248,-0.780630979886291,-1.79056434429938,-1.81429671723711,5.65483433385165
-0.300516223298101,0.592409051813404,0.107107147545086,-0.780031282081815,0.814283539614058,0.93263415063806,0.709657364879472,-0.833644098952275,0.564207510519233,0.828220472481745,2.07736439227827
0.685739925502447,-0.595419228646879,0.886716013727351,-0.739074634190785,-0.48895130828677,0.756087943006418,-0.0697543469742192,0.020853968879956,1.13955709440807,-0.0289083002416484,2.04960158958528
-1.5565524178994,-1.79972085572709,-1.9123991990705,-0.762100846524666,1.15890744971347,1.39883322403804,-0.42171659414182,1.58764798432921,-0.81191650065536,-1.64890896763424,-2.40954552549613
-0.873611878843421,-0.137021612454401,2.37174979002008,0.670603137522185,0.121811166807745,-0.688767960764798,0.677702308372141,-2.27026273045191,-0.828166219835784,0.632812271255855,-3.67366713616085
-1.26444575872917,-0.53107917272034,-0.754109448273105,0.807372499533801,0.559613293272853,0.121678217677554,1.13675227887833,-0.839237439475676,0.290392089589605,0.0106575168410588,-0.155803224455571
-2.33281116025274,0.579326388703484,0.587593685688223,-0.901121939745493,0.89537408501186,-0.248498766319804,-1.00958194113975,-0.147012746932976,0.0295829336682849,0.187435779644833,-1.57676057414745
-0.446905506288293,-1.7051966221605,0.342589306094064,-1.11994057599855,-0.823781319004336,0.807018282081883,-0.293653617290267,2.40793118021049,-0.600853918770743,-2.10009062429599,3.09479152112685
0.879214064404457,-0.0987571536299637,2.6528311976126,0.864752368165136,-0.627296681028112,1.06195086191092,0.962083626235309,-1.23588590079296,0.00544153825999229,-0.576699122381656,4.98124444678741
-0.326589374786297,-0.0427157419149832,0.843767894746579,-0.037232591018333,0.814283539614058,0.93263415063806,-0.480328914662847,-0.833644098952275,0.593344247913371,0.863578352674093,3.98005428482771
1.14685753821893,-1.73483134041751,0.998004020630781,-0.921291221488699,-0.205091524940395,0.824459885929739,0.866082316377315,-0.2271330254566,-0.417733399456211,0.247297137140231,-0.0464431448394053
0.725821690330295,-1.09082157871938,0.515792742351976,-0.116830647023669,0.630958173978691,0.570203506522689,0.0104204292858051,-1.50596028363374,0.366183562830362,-0.163107469088325,1.47883329011118
-0.00300929376456464,0.176864230288709,0.84348213818862,-1.00222800909796,0.165865692687602,-0.546506755888415,-1.63873704659905,-0.00251286696555344,-1.94911227682885,-0.60864461196488,-0.869031956101106
-0.62248702069751,0.210412684629618,-0.988694990950461,-0.979898311104481,1.46713232534279,-0.451067470289135,0.915157386441605,-0.441000203767085,-1.35048102187583,1.21819673625,0.301746457446584
-1.21030891345937,-0.564726645249165,-0.754109448273105,0.050755068527789,0.403170013439618,-0.930821954638791,-0.88948331607004,-0.742732431057403,-0.911736252346926,-0.17590849931003,-2.16712862634594
-0.467725435662178,0.0958498408690365,1.05474981057503,1.80980539390361,0.283643398852552,-0.986549046303568,-1.22930442785185,-0.0907922229345195,0.0168271454974106,-0.747619691648201,0.953541404982863
-0.93112986473624,0.927516532311659,1.15112100736299,-0.969948723606716,1.39875178501346,-1.20477578639475,0.245152343262705,-0.306391120707485,0.287533711299679,-0.519108034190738,2.63706997033817
0.244514615485232,-1.64311971253158,0.00735198470005562,-0.820556426876366,0.159638813295859,1.35514269941002,-0.787184162871461,-1.24268775046932,0.581334298535718,-0.358002820965236,-3.29509113438401
-0.154628663821921,-0.213019718965543,-1.14983430251064,0.253602430959936,-0.693209475407951,-0.0837291822753816,-0.403638500962689,-2.19023849866422,0.325537186303806,-1.23115648042544,-1.1360981410439
0.559745113747277,-0.33423257573423,-0.684450924069626,-1.31934954039296,-1.22271543023315,0.654589054849952,-0.0794600792797977,-0.75894387356516,-0.0992214006587863,-0.71292021045265,-2.65912154271396
2.0002221061798,0.34196724655771,-1.37708533820993,-1.64528667866866,0.187727276829665,0.110280772622431,-1.08306758979272,0.99094370708146,-0.181768669372719,-0.598680614300073,1.24785583020413
0.150855591529771,0.462401071811622,-2.45866111760447,-1.2932911780885,0.176198055320411,1.6741279666006,1.09182938464322,-1.43830384183152,-1.02953600230432,0.678441779087397,3.86756791730948
-0.154628663821921,-0.184153396079375,-0.604806215977214,1.2949689176676,-0.339139577161698,1.1439374101843,2.11529922115554,0.974848699150331,-1.76201431091773,-1.01060308777429,3.86756791730948
-0.600486328293478,0.235062274490804,-0.988694990950461,-0.330245268038761,0.862525313963304,0.424762465454478,0.0203260380496418,0.391860271373809,0.180661245760807,1.11600024508592,1.05516971478531
0.848962106991864,0.687618972986551,0.695148895380721,1.35682805564341,0.411644574554627,0.670747896017804,-0.769556748675993,0.0768432169739245,0.158770621411518,1.16238737833558,-1.40006729680595
-0.519596201803691,0.274782344022741,-0.988694990950461,-0.204143003403552,-0.146974860922285,0.192120201119475,1.09182938464322,0.0691467526195728,-0.356402641285508,0.362779347866392,-0.880693599624356
0.161684124836114,0.207020307663393,0.0221225091270172,0.68686706140529,0.866780471820675,-0.401945329230799,1.29208089776726,-0.701934255558533,1.54247586340615,0.48876010517165,0.978612622808746
0.122148083149365,-2.3204011779493,2.16560140865975,-1.42473442934184,-0.219521481448048,-0.523840527706804,1.04181209822855,-0.597681388201572,0.825130530645395,2.10892489664424,1.11633775360901
0.219570935601212,-2.21897615015267,-0.300439229114552,-2.38843377902342,-0.481651961980722,-0.692761582700973,2.22469659196807,0.177673286703577,1.64883138715629,0.938585524279387,-0.523428070500111
0.508951772493098,1.10629232487818,0.991675723383194,-1.08490562350008,-0.760976433280692,0.46864733001741,0.481386105646263,0.63352676089215,-2.04014135277441,2.34552279921877,3.08129774542594
1.90169601302754,-0.522918190791159,0.536431543792782,1.15527786445191,1.97855883526043,1.15184432772114,2.92066048430483,1.45855230388149,-1.06980386284154,-1.27227360404709,4.98124444678741
-0.93112986473624,0.927516532311659,1.2250198443186,-0.402271265634412,0.275846215441001,-0.182662910624397,-0.900154151125418,-0.605852710386041,0.579601825237899,-1.63780660095676,-1.57676057414745
1.08614788169359,-0.852070456366337,0.128494195257032,0.131058951651748,-0.441899299342685,0.756087943006418,-1.19808959121447,-0.413600339049491,0.564207510519233,0.771978289738944,3.40752988365254
-1.34065750906477,-0.0579941401602979,0.100878715830853,0.4579463330083,-0.830491903130936,0.723393652472755,0.171419768546389,1.60294125835641,1.39074520408372,0.193354739140758,-0.127619153682543
1.16691285103127,1.30881704478325,-1.30866686939216,-1.64528667866866,0.311283996429092,-1.03766447866333,0.553167034598023,-1.60561438176646,-0.767766068450738,-1.29807084316242,-5.63663705560656
0.0153656057567998,1.23625768291523,-1.05854439573654,0.180037338431285,-0.623247673468261,-0.0902082599384085,0.119986738576249,-0.0998416537725753,-0.32435066971791,-0.029490904731323,2.60951357188551
0.558048059975448,0.11428764706884,0.0935654828881103,-1.95853611709106,-0.877412657140793,-0.450126351492343,1.5598716909283,0.120690227475748,-0.0127783379191685,2.58755203544262,4.96086698866675
0.677808680993627,-0.405791654358044,-0.684450924069626,-0.134783911747306,-0.48895130828677,0.859692669280362,1.2493423883813,0.701194855429383,0.919673085090367,-1.20926962743523,4.3235926577451
0.3489031433305,-0.00458204132492034,-0.616566788991825,-0.360314154846406,-0.730327946548436,0.058868094733478,0.464416257868728,-0.538450186177006,0.175668895388002,0.435380690510031,0.67054092114303
0.161684124836114,1.52051444761007,1.35839956153763,-0.436930422604831,0.579328342850701,-0.573744861405591,-0.900154151125418,-0.816632337802229,-0.181831617538621,-1.00316138009431,2.34706774160696
0.391191891894694,-1.36824801855526,-0.260017941530823,-0.916711537803929,-1.20306549580239,-0.940241075578868,-0.198366738645342,-0.75894387356516,-0.580861111194011,0.489827835209734,-2.53587362764588
1.23650724810177,0.227921940945402,1.02346079303604,-0.557987467723038,0.789473589094295,-1.86366134094658,-1.91121897646263,0.906131014587272,-0.954784942756117,0.224944389939114,0.797584262799238
0.580497277356699,1.32886934344567,-0.093097919263472,1.89751699542732,-1.57316544448183,-0.67820238294005,-0.412142653810963,-0.521964135923843,0.0168271454974106,1.93753576370583,-1.40006729680595
1.62079002923449,-1.2078216226134,0.450592808828737,-0.34502963796485,-0.0983839321823087,0.142159963157351,-0.278804327381221,-1.26370254269226,0.404446256997781,0.194677319681819,1.47883329011118
0.0050884630032175,-1.73323054068184,0.725215702568334,-0.0513967141798559,0.559009304365159,0.528584055036609,-1.55599964134624,-1.24268775046932,-1.46210373968151,-2.09496575785917,0.555796332754794
-1.91552955230495,-0.219435900526413,-1.14983430251064,0.855936080171404,0.746798415851196,0.608912593767703,0.0062541592906787,0.606980637686325,-0.279962153681031,-0.433818566744323,2.50536818476215
0.391191891894694,0.370244696705805,0.876294473812072,-0.590510164717365,-0.44042369029523,0.20889575255273,-1.17698596954023,-0.825289544656955,-1.46210373968151,0.213969848632928,-1.31889200618731
-0.810306123283721,-1.69914121898879,0.189460539150956,-1.6986182146288,-0.842761634070571,1.27456927355145,0.166128115069292,1.0902811497172,1.39074520408372,-0.310495901030682,-2.40954552549613
0.124173512233834,1.85219170445528,0.970995529882325,-0.457103305639336,1.72910529547631,-1.03629064668039,-1.91121897646263,0.648869091400089,0.694195355191216,-0.926256488105362,1.15152332894188
-1.37463973625283,0.0265622921979848,0.100878715830853,0.4579463330083,-0.0586344192602959,-0.0165645495007623,1.2433546743684,-1.09277155628563,-1.91778332413356,-0.374077558189235,-0.213780654376595
1.3082944298385,-1.1356772322233,2.96267258434692,2.63164509950946,-0.616869931046349,-0.516429258141224,0.0797988597143843,-0.906535323648878,0.915392698409516,0.304117327087099,2.07736439227827
-0.0742920137582398,0.19304650450052,0.119624105912635,-1.68381940149263,0.64422134410385,1.311204947698,0.466854430233429,2.80013643892,1.63290648588891,0.285787576464574,0.771508848348241
-2.28461682398309,-1.29581609690297,0.249881559236404,-0.820556426876366,0.572058418660122,1.68641649930851,2.29743304089662,-2.01882727572328,0.174777938944071,-0.427844833932067,1.8258153696371
1.053359963201,0.944411838589648,0.940468854227983,0.309380380123264,-1.46422585840282,-0.384068348555347,0.614047980937248,1.95710753813704,0.556959424035942,-1.32926468395346,2.08788803571554
0.391191891894694,0.201507867713232,0.119624105912635,-1.95853611709106,-0.272931054838523,-2.37781799314604,2.22469659196807,0.542333614825426,-2.10267830481618,-1.04679727616082,-1.03494350197222
1.58388799571397,1.52765364862783,-0.201969301310506,1.89751699542732,-0.98947403157211,0.880177093927615,0.31613332586217,-1.09923008971648,-1.25931652469602,-1.69528230235666,1.68833732405496
-0.93112986473624,1.6950471102349,1.2250198443186,0.150934293463691,1.00366064163998,-0.923783456986638,1.68301335123829,0.381541859157822,-1.79056434429938,0.424111136878953,5.38142332910241
-0.00544820204591786,0.320820518281298,-0.520462795514425,1.24633220168742,-1.27956065669799,-0.495525405782458,0.18866444374036,0.344605574326132,-0.247700862614098,-0.073297263310804,8.75513652585533
-1.2442231056433,-0.801744941808487,0.484625747235336,-0.648713282505548,0.679423385193722,-1.45276955604706,-1.32661434811166,0.685919815455496,0.450837502605107,-0.744128123718967,2.41195004462856
-0.376178003359494,-0.300953372069225,0.411013698110757,-0.484940102488015,1.66120611389722,-0.187013613889123,1.51710125850519,-0.184650927294804,-0.346771482651331,-0.645793256269734,2.02450513641638
1.42632093746688,-2.86889036614804,-0.667726208965392,1.48403272089236,-1.23104379336525,2.01237764679305,0.456826319789959,1.04933843292659,-0.580861111194011,-0.71292021045265,1.31923652120253
-1.00655923289659,-0.72481121310763,-0.747898753211017,0.807372499533801,1.13814997962717,-0.299257644595365,1.64518092279669,-0.701934255558533,-0.666694913271746,-0.645793256269734,2.66685568577782
-0.643649360539675,0.563981569072037,-0.988694990950461,1.14485553403726,-0.262549110329414,-1.11555305663288,0.476902567845905,-0.0125799552552114,-0.191042199975235,0.208490612750373,-0.43996284664441
0.730507988163945,-1.09082157871938,0.515792742351976,0.496162229739365,2.91271158511059,-1.08861991464469,2.92066048430483,-0.891698907158546,0.764928953088455,1.43991861683067,3.22901080710379
-0.805419387439465,-2.15240807043459,-1.9123991990705,0.705386620372954,0.458711620262433,-0.946213407710191,-0.374327442467498,-0.159233947873413,-0.617132642262897,0.137616053161675,1.63675751863875
0.0153656057567998,1.23625768291523,-0.153037853677779,-1.47403201056696,-0.550386144237417,-0.105281463588498,-0.497363706200891,0.206596647475173,0.175568858613976,1.38116463217929,0.410136048780669
0.346755576437318,0.322726884218378,-0.5954331963086,-0.589743866665642,-0.272931054838523,-0.822211939001501,0.202709893803104,-1.52837325658888,-1.61728192210731,-1.89638381369958,-7.8461449220534
-0.159941161922695,0.764851905241077,-0.443113350262656,-0.763978482731355,1.68632199691502,-0.485428949140873,0.870120732281319,0.0829334409194271,2.07482086649096,-0.496649382787716,4.09871596176237
0.930765929185572,-0.0110388654626675,-0.260712061404768,-0.106979018138815,1.37000262158614,1.04661447511071,0.500000781873555,-0.622364454699087,1.36990570540442,-0.229623738512992,4.98124444678741
-0.0575884101300288,2.15810590485681,0.179923377575457,-0.921498919152075,-0.745325291418777,1.20058841850277,-0.747921782209337,1.33972626834206,1.39074520408372,0.452772628227358,1.07048424358568
-0.17911375132931,1.37892710707325,-0.443113350262656,-0.52961434521005,-0.745325291418777,-0.449905433008874,-0.290745591896356,1.35152335539536,-0.530394721350839,1.38116463217929,-3.75242123176201
0.00794100633435604,-0.484032826319745,0.462075339602989,0.0141186016546002,-1.30385144673924,-0.495525405782458,-2.64545109263088,0.36183860280868,1.57736441931158,2.69149468920322,-1.53437009888005
0.00965724133668389,-0.387186898564764,-0.266365728699986,1.29574177763898,-0.500886038659193,-1.06183735728784,0.239049883669119,1.65698152682483,-0.191042199975235,-0.506170837980168,0.561387787964707
0.661186483473556,-0.176641237619515,-1.62417807779521,-0.33455245946278,0.0243723804934883,0.934263342303827,-0.524063723266811,-0.979284083112265,0.479318199988137,-0.193264438980091,3.22901080710379
1.053359963201,0.736387317662326,2.14686199817381,0.811925962594869,0.0838355167624446,0.968357200135307,0.962083626235309,-1.0631389537122,-1.12190870839579,1.02431403924264,8.33714231458385
-0.377447805322742,2.17347484011926,-0.368888875838982,-0.571822169202329,-2.38992893964469,1.25516237087833,-1.35086829846646,-0.846675160096964,0.304294427245922,-0.959469764868727,-1.3457841613831
-0.272421149888609,-0.819834046587028,0.625879372120184,-0.890524567501952,0.779839866352712,-1.57608223455736,0.20192813464191,0.290395684448501,-1.57217514617473,0.863578352674093,-0.53734691678906
0.127335624943748,-1.58279239796434,-0.290285167515201,-1.18371961075813,-0.67889861464597,-0.667972487061522,-0.178985108720679,-2.19023849866422,-1.21557640594922,-0.645592353257713,-4.03064514717699
-0.614948387360869,-1.34988930899217,0.189460539150956,-1.8790421277448,-0.842761634070571,-1.76042494260421,0.015288821652334,0.801321944630659,0.447405813530626,-1.07510481875332,-1.91187664019045
-0.393215619099037,-2.2507655349612,0.6918781440823,0.777297586984369,-0.223635773564206,-0.00158930794588869,-1.24563129443378,0.405162975902442,0.379405603952635,-1.07740220070729,-2.51259043048532
0.694901718129278,1.86461380496624,0.873713052491316,-0.921498919152075,-0.216231228467738,0.142159963157351,-0.327501205288211,0.318751535219775,0.356184557064895,-0.0289083002416484,0.523715339368225
0.161684124836114,-0.266281363461761,-0.300485409892475,1.29574177763898,-0.500886038659193,2.02493761927864,0.456826319789959,-0.73262310443423,0.175668895388002,0.435380690510031,6.41897596312534
-0.00300929376456464,0.176864230288709,0.287180818420152,-0.747002194863972,-0.734547980782095,-1.30710587688006,-0.290745591896356,1.08750015421434,0.556959424035942,0.00488915860301049,-3.44756268980311
0.661773958233456,-0.19159626473349,1.18331000489607,1.52411746138311,-0.616869931046349,1.15543274245203,1.05281278556383,-0.742779845342894,-1.12190870839579,0.678441779087397,5.29362274325462
-1.75707811766811,-0.361947444404288,0.188245186295217,-1.65148541489343,-0.278720138531402,-0.294969511179387,-0.0128892613226954,0.801942167811021,-0.219761925658442,-1.62962676048967,-4.00630206419819
-0.753820875971665,0.925527636930806,0.300250250131066,1.83595856733827,1.06380434324813,-1.88139474335475,-1.22930442785185,-0.0907922229345195,0.118052750225731,-2.03636000668756,-0.645297458089687
-1.34065750906477,-0.0240647208355967,0.100878715830853,0.614219803708137,-0.0586344192602959,-0.877910709632653,1.30346385675615,-0.000331845629722313,-0.0173320341650729,0.326119255832826,-3.67177153611255
0.661186483473556,0.404976061133637,0.631691901061675,1.04329093482205,0.186906546626181,-0.0475568617199183,-0.104523548060912,1.55051532507308,-0.977521340923382,0.108680731603931,3.9404588877859
1.29163506496076,0.0525155550153338,0.327363731939998,0.474746822874126,-0.514322370476105,0.980501976991448,0.821230410981832,-1.8143229557369,-1.79620261758069,1.02431403924264,7.16978980927442
0.302411818588375,-0.171678953694596,0.585963402240698,0.864752368165136,1.00910686646681,-0.0475568617199183,-0.166982487170013,-0.807403732146793,-0.0479002754887184,-0.286575643250516,1.63675751863875
-0.62248702069751,0.602819353288526,-0.445120903086006,-0.52961434521005,1.84037366497899,-1.76042494260421,-0.301135972411899,0.0379980289064534,-2.20801128833855,0.983639046056246,2.63706997033817
-0.013872821985467,0.771708554649891,1.05058257199973,1.35682805564341,1.29316321078743,-0.0475568617199183,-1.91121897646263,-0.0907922229345195,-0.651527869960912,-1.25649855144313,-1.40006729680595
-1.21030891345937,-0.807670552037065,1.4918012738535,-0.890524567501952,-0.788820673144916,-1.10137357805192,0.336877074586003,-0.221416224178562,-0.732247265032378,-0.546416348059947,-2.77003828768368
-2.33693307613473,0.70571276568162,1.14957313674436,-0.259867806692002,-1.06037559443623,0.719980073385416,-0.689521057556886,0.0387331459358976,-2.04014135277441,-1.42912616306553,-0.100430170507676
-1.79466833582633,0.718738497289087,-1.18926444345698,-0.247477869542307,-0.762858004475326,0.4927281212355,-0.141384354429224,0.235103494551155,-0.279962153681031,-0.029490904731323,0.257526154807537
0.625193367345313,-0.120222633207991,0.744240459303421,0.0408999922379713,-0.216231228467738,0.282461036609233,-0.474485117248884,-1.39705544038759,-0.366459991785786,0.601682547740222,1.45503797578591
-0.682000143129147,0.210412684629618,-1.38746791152707,1.40001049408103,2.55978504041383,-1.5889756269096,0.805633298121398,1.0359974018824,-0.132782005379997,1.47155878755003,-0.43996284664441
0.835303504066128,0.687618972986551,0.286128176219155,-0.419065426682309,1.17317407723384,-0.903861640346566,0.829718351188158,-0.349129601562542,0.606330746357166,0.918133683243871,3.3127811817936
-0.411006067509283,0.265677217541618,-0.264775763427037,1.62242288236082,2.40560518056337,0.725203960489303,2.42884264818579,0.411079588711269,-0.149335982900091,-1.03355447243316,6.29526560706349
0.124248772736808,-1.58279239796434,-0.290285167515201,-2.38843377902342,-0.67889861464597,-0.479356674577238,1.5598716909283,-2.19023849866422,1.13614200831686,2.4693363984549,-2.928726262252
0.466686285209001,0.956237529485421,0.83337108741669,-0.635992999977276,0.00958868785973276,0.282461036609233,-0.0556710757410225,0.318751535219775,1.25730486251215,-0.229623738512992,6.03349006573354
0.624617834498001,-0.418223350873494,-1.48139655037599,-1.37638410861094,0.893683612720109,-0.255536183312799,-0.338121360806644,-0.133958043197636,-0.58860409540641,-0.598680614300073,-3.27331227059715
1.23650724810177,0.0525155550153338,0.445712174656237,1.65879355753552,-0.540121656194493,1.06195086191092,0.635391620001525,-1.23588590079296,-0.434591290124187,2.21826225782805,7.02680694834183
-1.43669901692371,1.51079952621017,1.43277683897262,0.992513020066475,1.29638794091786,-0.0968181569769524,-1.08033904099125,-0.780630979886291,0.579601825237899,0.187435779644833,-0.941418262285646
-0.23010048902156,-0.296599110085105,0.387341799677914,-1.5297208004646,0.820562135172623,-0.34108877439151,1.62500176813374,-0.184650927294804,-0.371938856830973,-0.479341608170329,-1.28812534764133
-0.265779724507414,0.307728540354157,0.394779117843996,-0.529566055102794,1.09210867513519,-1.57608223455736,-0.234795602400397,0.477062277325952,-0.622340596478775,-2.29296333888345,-0.869031956101106
0.615696931437807,0.677323561464598,-0.653295803468184,0.500849330372434,-1.55371383391167,-0.124727495223382,0.25147732730171,-0.790148447016843,-0.818844439981587,-0.931483972180402,-0.895452378689492
-0.272421149888609,-0.794892149247961,0.625879372120184,-0.648713282505548,1.70915085657824,0.430388874689667,-0.480328914662847,1.27147023522068,-0.816415096778394,-0.519108034190738,-0.543077546221067
-1.33477122599904,0.270703520506964,0.102788607779385,0.614219803708137,-1.82819898379457,0.15091171921762,0.564608547590623,-0.217077038074859,-0.346771482651331,0.295378605303692,2.08332950220381
-0.659316504417447,-1.34988930899217,0.189460539150956,-1.8790421277448,0.159638813295859,0.0826909324418738,-0.0128892613226954,-0.597681388201572,1.66023631717101,-1.19618777989877,0.919901744966314
0.237410425236787,-0.475934293342672,0.462075339602989,-1.23601396432318,-0.483661295801777,-0.726752413653116,-0.278804327381221,0.655550781159242,-0.921345308881424,0.249263948233906,-0.836628620218879
-1.34065750906477,-0.0240647208355967,0.100878715830853,0.33364695699491,-1.22538843484272,0.15091171921762,0.564608547590623,-0.825182069232673,-0.346771482651331,-0.073297263310804,-0.395514501230539
1.72967954872872,0.776325819208796,-0.37059037187959,-0.159409341013508,-0.614538358334718,0.211382998643811,-0.893871811471896,2.77258174936312,-0.0286498518011861,2.11462083342278,1.89905894980214
0.23734491639443,-0.475934293342672,0.462075339602989,1.16416019915114,1.23909890478591,0.671148741779703,0.20192813464191,0.0390512042009449,-0.466995200211043,0.94671292832841,-2.6357965185477
-0.796314208727403,0.0130724252596047,0.254708094967395,0.33364695699491,0.729460433333224,0.6472019867909,-0.679832101725631,-0.439869481555734,-1.60789602740378,1.51018125061458,0.507472284989528
0.677808680993627,-1.42299382226855,-0.260017941530823,1.25254485749562,0.294712532510657,1.0812941541679,0.569639536209893,1.55146488283029,-1.76201431091773,-0.517527080363808,7.77585227383207
0.760230112066437,0.397254181396819,0.671566898922862,1.8888953209175,-0.455155504435282,0.20889575255273,-0.944983606077165,-1.39705544038759,-1.46210373968151,0.936548780872619,0.22806463595582
0.559745113747277,-2.18140726025383,1.28843397177835,0.777297586984369,-0.432778912088265,0.00168937154695528,0.74420129003784,-0.451748793286222,0.404446256997781,1.62426861702219,-0.0276904246736538
-2.0026347521443,0.815594524231686,-1.16250311648071,0.211361542573017,-0.762858004475326,-1.29216842652983,0.467158190938246,0.53573667123768,-0.892034332188137,-0.029490904731323,-1.88177359358059
-3.48322588511259,-1.80313256612933,-0.222832208671375,0.94858482811722,0.394905711054891,0.10321420755706,1.30346385675615,1.35016441145637,-0.220002050247211,-0.259957345764935,2.50536818476215
-0.16360009894209,0.50604335592992,-0.528902193704607,0.119038039686138,0.417700495108738,-0.243595935038772,-0.374327442467498,0.211699233872083,-0.598763729522927,-0.0648846033532961,-0.869031956101106
-0.641193686149196,-0.50811227389391,0.395442131150477,0.0210843468297369,-0.856799029579802,0.480702367101608,-1.07773409117345,0.620807108566981,0.115081152168183,-2.03636000668756,-1.44240057077913
0.581317991150487,1.32886934344567,-1.50307195611063,-0.34988212003969,1.26931498768824,-2.87529178798865,-1.17009846220881,-0.766456177577196,0.421097806647273,-0.082962405384605,0.812043243980354
-1.16182564244501,-1.21181669113551,-0.364289434592605,-0.448814377591143,0.878084499417855,-0.759685586475073,1.29531050573565,0.148940793330179,-0.400355177606238,1.02773052853809,-4.00630206419819
0.664178589495017,-1.17321028079066,0.450592808828737,0.69264110811136,-0.740106965824451,0.136046394369422,-0.293653617290267,-0.114978264960648,0.730822692374934,-0.0289083002416484,0.448641218046307
-1.47513872138631,1.51079952621017,-1.08885176559714,0.111207922256491,-0.249144705807862,0.15091171921762,-0.0188348013099212,1.41558189404968,-0.530394721350839,-1.09690023504593,5.65483433385165
0.3489031433305,-0.555452873179569,0.886716013727351,0.501643544668829,-0.725536695128186,0.879908559279133,-0.188944958204576,-1.31226903273544,-0.751011144353946,-1.48135457527801,-0.395514501230539
0.930765929185572,-0.808735412022839,0.625879372120184,-0.562819665984043,0.705909325254274,-1.01474479855683,-0.239373929324001,0.0649630887505285,-2.15816966453684,-1.04679727616082,-0.53734691678906
-1.79150977658123,0.718738497289087,-2.21386540465865,1.54279121630326,-0.248889891204716,-0.0464139257670877,-0.470771260184401,-0.327548629466445,2.05798380057476,2.17244546773806,-2.92569452712849
1.22465522039854,0.960928984889288,0.00865717994172083,-1.9494076078865,0.0963486425922122,-0.541864830784005,-0.298146997288236,-0.040618255817467,0.244367669492578,-0.284466523195741,-2.35127299214377
-0.185757383685115,-0.0448570693655143,0.448815940450807,-0.037232591018333,-0.606395224688965,-0.87661316834709,-0.0264988281329331,-1.4024336516555,0.80553513712332,0.304117327087099,0.326747048130379
-0.758657487105739,-0.34717768754801,-1.23847950875852,0.227118169891741,0.367653350546616,1.64200326917496,0.75015301935488,-0.544023374168312,-0.356402641285508,-1.57181483311626,2.92466088123161
-0.0742920137582398,0.19304650450052,0.239735680425451,-1.00222800909796,-0.478900834710915,1.311204947698,-0.361708582204761,2.19238398623962,1.39074520408372,1.95758581574106,1.0069594454354
-1.01719357510432,-0.72481121310763,0.28449042584323,-1.59822542769767,0.126589381756311,1.772320375359,-0.185264889929147,-0.895112138230375,0.581334298535718,1.77203805643153,2.49562541827237
-0.183074445502159,0.764851905241077,-0.443113350262656,-0.52961434521005,1.84037366497899,0.0954886096538423,-0.983524634038886,-0.398450489142052,1.27119543711723,1.60487595522263,4.0064892655601
-0.600486328293478,0.235062274490804,-0.445120903086006,1.62242288236082,0.417700495108738,-0.271346644755121,-0.374327442467498,-0.00021637560615154,-1.21321005321806,1.68707459526237,0.953541404982863
0.227517785234105,0.383895796086317,0.274629263618231,0.425409976912485,0.0895071491865645,-0.0555386845718112,0.201754114842088,0.826244609515841,0.453963249145759,1.10375941152159,2.57823224298967
0.664178589495017,-1.42299382226855,-0.535952655963948,0.0926588425985715,-0.0172015380537736,-0.598504645155607,0.313405430346397,-0.521625652987019,-0.726711628025067,1.23215101588012,-2.65912154271396
1.20873472793261,0.192646342902446,0.00865717994172083,0.967201282149301,1.48535937627404,-0.73301906424775,0.829718351188158,-0.944571243227187,-0.0127783379191685,-0.0522886871283879,0.0338597406822756
-1.18001960601701,1.36000261524331,-0.561638534479694,-0.0798214187356869,0.573041920021957,-0.930821954638791,0.476902567845905,1.22104089514509,0.505664506762137,0.449659656520922,5.38142332910241
0.0525377553233145,0.173791890315063,0.0221225091270172,-1.00222800909796,0.866780471820675,-1.20206051981079,1.23720337962927,-0.184650927294804,0.027184026407646,1.02773052853809,5.1169041452248
0.214107097281821,0.272835868204489,0.239735680425451,-0.116403747267722,-0.273511526541425,-0.0555386845718112,-0.786564306814621,-0.619741505344698,-0.921345308881424,-0.307182705465582,-1.05005295498265
0.611146254424759,1.3375689071144,-0.093097919263472,-0.71809283510203,-0.877412657140793,-1.00801713967565,1.0555053663605,-1.05605596733879,0.133706760245871,-0.229493101289071,-2.86575202086157
1.20942843198181,0.960928984889288,-0.530919403302481,0.157740209879027,-0.0163506909481041,0.211382998643811,0.49051561796884,1.13268032049465,-0.702278946615208,-1.14892891493516,2.36318347325511
1.14197367761759,1.30881704478325,-0.1026643564157,1.89751699542732,-1.20527456625944,0.649300562493949,-0.412142653810963,0.548199059129915,0.58145680421986,-0.646616846359243,5.06685027092156
0.233497969276931,0.383895796086317,-0.5954331963086,-0.0674475169188657,0.164366467310214,0.55565370986563,-0.591350972509237,0.0328398299221873,0.057832849853732,-1.46196751405085,-0.899362216051978
-0.727951622786577,1.12427675395976,-0.244440275228964,0.137761583165307,0.59635868549757,-0.178578932069041,-0.832867291060155,-1.09277155628563,-0.224737459138171,0.00802524690415596,0.555796332754794
-0.753820875971665,-0.34717768754801,-1.23847950875852,0.227118169891741,-1.02271446910976,-0.117027764170976,0.153901037782798,0.681977498950789,-1.25931652469602,-0.415855946223222,-6.3166217039559
0.716941738881758,-1.15587000710404,2.96267258434692,2.63164509950946,-0.616869931046349,0.767075002841234,-0.0700100057710644,0.0534572673162048,-1.13792604395859,0.307987801769887,1.75455884225242
0.241358071541672,1.63252718715304,-1.89335778580116,1.22622798954515,1.54118744601926,0.631021889449375,-0.642551502071398,-0.280289901974971,0.479318199988137,0.446366485770871,3.05273782483835
-1.18001960601701,-0.679497039713809,1.50388908679122,-0.992323266941961,-0.788820673144916,-1.44609663424266,-0.713779001072524,0.53573667123768,-0.740653815709764,-1.12916362083028,-2.77003828768368
0.241358071541672,0.803602346494092,1.34828885543303,0.811925962594869,1.76707388741283,-0.144270828557183,-0.53321469191097,-0.807403732146793,0.790735833394707,-0.286575643250516,4.4597563809022
-0.726567772707652,1.12427675395976,0.0789682472934603,1.83595856733827,0.942751115304959,-1.31880752454885,-1.20092971945951,0.466467030794187,-2.58296282604071,-0.702027367665078,1.88159116538794
-0.174723150008921,0.764851905241077,0.949192783754693,1.11758276984575,-0.141414306255022,-1.03011346866635,0.251980834351396,0.312842984113544,-2.58296282604071,-0.702027367665078,-1.40006729680595
-2.0984138559932,-0.156749608890888,0.647337271606523,-0.957942196424565,0.89537408501186,0.660633811182667,-1.00958194113975,-0.135833921390781,-0.366459991785786,2.64998386609895,-3.80391240116311
-0.425853689033984,0.642957835871747,0.824074577201877,-0.780031282081815,-0.513689206305086,0.807018282081883,-1.09638165902327,-0.348152888569875,-0.491345697257284,1.81933607838344,-1.1101043021869
0.424858176992128,-1.39996026071296,1.05618280752868,1.67921280054051,0.147172837836596,-0.342907356956493,-1.50159915017511,0.492748785333995,-2.58296282604071,0.983639046056246,0.793948799321694
-0.687854267390237,0.563981569072037,-1.70035655024715,0.5387366414676,-0.572586503832163,-1.5889756269096,0.373442812901397,2.09911883468099,-0.43580066001892,0.791622993000937,-0.581862739309619
1.07463679559383,0.944411838589648,-0.116697997379772,-1.31593798364932,0.650080847681456,-0.122954175687112,-1.25886505754271,0.0937644794635719,-0.0479002754887184,-1.10526249338722,0.410136048780669
1.14014124251612,-0.852070456366337,0.128494195257032,0.131058951651748,-0.063740932904371,-0.0887948908330611,0.289947504882874,-0.138108487709663,0.764928953088455,-0.169516372303139,-0.394338453629448
0.553182391422357,-2.18140726025383,-0.300439229114552,-0.916711537803929,-0.432778912088265,-0.692761582700973,-0.683922822993627,-0.0791394872430867,2.07482086649096,2.69149468920322,-1.15926443402855
-0.600486328293478,0.235062274490804,-1.38049377270389,-1.061396040819,0.367653350546616,-1.76042494260421,1.09182938464322,1.56289053135753,-3.36092885366429,-0.446676115983022,-1.03494350197222
-1.15331977076024,-0.114711609880848,-0.345895489559643,-1.73561996740979,-1.15262651842695,-0.930821954638791,0.226628480072981,0.121170995724281,-0.0992214006587863,0.295378605303692,-4.19276411264353
-0.519596201803691,-0.821115137588423,-0.957256412590001,-0.19374012360097,0.746156969670339,-0.647481186560126,0.356785354080007,1.55146488283029,-0.530394721350839,1.11600024508592,-1.94780856330726
-0.300516223298101,0.0268000124293394,0.843767894746579,-0.623304124917608,0.814283539614058,0.277059048419663,0.20192813464191,-0.135833921390781,-1.69285585033102,0.107592910339803,3.3127811817936
1.01965029248452,0.512956875233041,0.842403385906164,-0.185956285111435,0.425034317107217,0.43016704567686,-0.787993845224907,0.0768432169739245,1.8019251401474,-1.05755244513537,5.45633346329563
0.878105294461493,0.580072051591591,-2.45866111760447,-0.832683859909574,0.176198055320411,0.100904493676192,0.781451127271299,0.391860271373809,-0.81191650065536,-0.0543814845723434,4.15345407520509
0.447173493815723,0.0438050862563185,0.319507292732973,-0.328774797560961,-0.730327946548436,0.161548147140306,-0.198652907329426,0.120690227475748,1.39074520408372,0.976699623589496,4.24719422456688
0.295869864560856,-0.145549126994697,-0.616697472381808,0.615245822497081,1.00910686646681,0.0332286508764386,0.292602967281753,-0.0774935831999611,-0.552241884651688,0.69647433590148,-0.0276904246736538
-0.582792038639609,-0.0171806285787887,0.298452522812464,0.285753085131075,1.64534150008143,1.67386208725048,0.709657364879472,-0.630387404413486,0.0866402763971584,-1.49105155859694,4.79714707785359
-1.40848464175087,-0.253271373871309,-0.21635248601174,-2.06080602852708,1.6864767018814,1.89601369525692,0.166128115069292,-0.73262310443423,1.13614200831686,-0.424078954215734,3.36660307732315
-0.432599531737155,-0.498009016286528,-0.786379727232278,0.856647472820913,-0.941167025872696,0.602244269852161,0.00268629910965237,0.737144577148027,-1.25931652469602,0.228670200250945,3.06718918285734
-0.929150931153099,1.6950471102349,1.15112100736299,-0.0685241839582157,0.579328342850701,0.373283795858956,-1.07134164921917,1.25339850175902,1.8019251401474,-0.965186760597129,1.25697101233732
0.208855819080009,0.434780179828255,0.274629263618231,0.820323277116808,1.23909890478591,1.04606092134993,-0.216998080789598,-1.8143229557369,-1.304946007495,1.13827871916146,0.846685053609398
0.037461151213643,-0.450235295341193,0.535266901043773,0.835998757243532,1.23909890478591,-0.0475568617199183,0.20192813464191,-0.780630979886291,-0.291837013267862,-0.202326270822554,2.66685568577782
0.0942676995284147,-1.15001809410438,0.201200458427975,-0.820556426876366,-0.296074755171512,0.106249489426075,2.18394176787009,-0.257758156912267,0.404446256997781,0.446381499812823,-0.0464431448394053
0.127335624943748,-1.58279239796434,-0.439507044927322,0.180606682575171,-0.500886038659193,1.84121357722011,-0.34153765698741,-0.870631306198552,0.0928806794691288,-0.443089641693552,3.63215759680645
-0.963907802133635,-0.824585470299446,-1.04202690419039,-0.448574312465997,0.862525313963304,-1.21695469065433,0.0559496430128968,0.502736070434753,-0.132782005379997,-0.200929580244612,-4.81715583500071
1.08614788169359,-1.02800129767337,0.0407319039854488,-0.34502963796485,-0.441899299342685,-0.138806480367393,-1.2507312286529,-0.257758156912267,-0.938274181931712,1.23215101588012,-0.0464431448394053
-1.260127418115,-0.801744941808487,1.4918012738535,-0.648713282505548,-0.638765061065547,0.999546997541726,0.63178456118492,1.35016441145637,0.0456709641241327,-2.17416387539468,4.29340812932958
1.20191995816879,-2.42210339221219,0.6918781440823,-0.921291221488699,-0.826739454975911,-0.938490509050428,-0.293653617290267,-0.123901806790559,0.404446256997781,-1.7718676915962,-2.13460440753943
0.450355825455167,1.01929784736996,-0.204719854425436,-1.47403201056696,-0.730327946548436,-0.998314255362423,-0.497363706200891,-0.756664077976937,0.566061223696999,-0.576995715728459,-1.89386518091308
-1.43669901692371,1.51079952621017,1.85179565764448,0.992513020066475,-0.999678791984685,-0.436241610615791,-0.560945477566433,0.344605574326132,1.13386799605682,-0.380520367286796,-4.54250539239342
-1.29529242613606,-0.0579941401602979,0.647337271606523,-0.954519836797698,0.679423385193722,-0.664218752259284,-1.25886505754271,-0.605852710386041,0.0161751839395842,0.915091722998103,-2.92569452712849
1.01965029248452,-0.496349508166235,-1.23016272635157,-1.7684166754197,0.934483879109362,-0.254352041136743,-1.08306758979272,-0.480209592411453,1.16829020714136,0.217827923895896,3.11856597204209
0.626758767471584,1.46497092158655,-1.50307195611063,-0.33455245946278,0.611865689044993,-0.0222229111176191,0.180781583838586,-0.766456177577196,-0.79832177585924,-0.690126854650955,-2.36025343267474
0.57391769498192,-0.452847145986916,-0.786379727232278,-0.791748597925244,-0.432778912088265,-1.04569295578225,-0.966719902784841,-0.133958043197636,0.549775718906462,-0.015479447455277,0.448641218046307
1.15604587550202,1.30881704478325,-1.14039344801251,0.111207922256491,-1.06683607572736,-0.0337657879053014,-0.760357704288197,1.16803839998852,1.85088804838915,2.69149468920322,3.89677898440331
0.0050884630032175,-1.73323054068184,1.62524589201646,1.60857113989022,0.189531932114767,-0.0475568617199183,-0.272203653538439,0.387289296880468,-1.42024929980756,-0.464993621018411,3.06718918285734
0.730507988163945,-1.09082157871938,0.667305042858339,-0.34502963796485,0.630958173978691,-0.886996388930553,1.04677669685858,-0.304757010121698,0.966007774908798,-0.496649382787716,-1.94603914723715
0.229668840498646,1.63252718715304,-1.89335778580116,-0.34988212003969,-0.381644460546581,1.82000903167905,-0.25358000844463,-0.895112138230375,-0.783259791109625,-1.14892891493516,-0.0861994521765086
0.879214064404457,0.832453033256017,-1.36202591429769,-1.64528667866866,0.187727276829665,-1.03766447866333,-1.08306758979272,-0.766456177577196,1.16829020714136,0.0583765940826968,2.73550146628162
-1.37740509307472,-0.253271373871309,0.188245186295217,-2.06080602852708,-0.716674936199137,0.121678217677554,0.015288821652334,-2.19023849866422,-0.0110692012379312,-2.12079100994102,-6.62253774736988
-0.476236284566544,0.787942415756561,0.340660657617219,1.80980539390361,-2.76959219398115,-1.2614302632456,-0.412142653810963,-0.163531308315761,0.839074831777585,-0.866292855946805,2.8024400783209
-0.24592343663797,-0.159812512486091,-1.19006220544814,0.227118169891741,-0.84574422022423,-0.303451186663845,-1.05120567133885,1.33972626834206,0.549775718906462,-0.415855946223222,0.469057643998816
1.00714938035919,0.0670247833838366,0.842403385906164,-0.185956285111435,0.607320537450338,0.43016704567686,0.284478025773876,-0.168202583741246,0.00544153825999229,1.16238737833558,0.67054092114303
0.322588359308367,-0.0700490375639293,0.0228434411858423,0.340580311844368,-0.173355338743871,-0.162640938636228,-1.34390329077311,-0.410154226982518,0.244367669492578,-0.0178723373685817,0.0571707026507566
1.4131234900417,0.20574870486144,1.31384573028609,-0.271079540595402,0.789473589094295,1.06688285756102,-0.575691907994065,0.295511295403748,1.13955709440807,-0.188581893714621,3.55786061625873
-0.411006067509283,0.265677217541618,-1.05072744486962,-1.64926970320416,-0.84574422022423,-0.294687729480123,0.301554455259,0.801321944630659,-0.707631954354104,1.69608642096384,-2.17632124068402
-1.49310041378259,1.6373754193393,1.85179565764448,0.333666156734337,1.72910529547631,-0.180127451291608,-0.152647856809675,1.22104089514509,-0.219761925658442,-0.267740675100139,5.65483433385165
-1.75707811766811,-0.499350398035566,1.19870959350661,1.16416019915114,0.804032676686565,-2.27502867172942,0.245152343262705,-0.69910766209414,-0.680082696316367,0.0158992314363612,0.685772104069272
-0.0480468742218391,-0.303462533942834,-1.25743523465241,0.142823789699483,-0.745236415641692,1.08892205935118,-0.747921782209337,1.35152335539536,-0.530394721350839,-0.433818566744323,1.08527430847653
-1.07061689564656,-0.512906741815621,1.19870959350661,-0.836378920261515,-0.374691452902072,-0.878679295751046,-0.45424774640842,-0.147012746932976,0.770560642155865,-1.12916362083028,-1.15698072732742
0.654228647735094,-0.19159626473349,0.972523773284506,1.73931675356856,-0.616869931046349,0.980501976991448,1.16476809910525,-1.0631389537122,0.150663984323213,0.362779347866392,7.74820331662602
-0.909144642332651,-0.705438878031096,0.575444850694535,-2.08298063812306,0.0255620733306819,1.772320375359,0.371635295739638,-0.73262310443423,1.11388322322156,-0.546416348059947,3.02451370910418
-1.16182564244501,0.441908796348302,-0.507132082003639,1.22430408206225,0.624041985482783,0.603859103842918,-2.40682044165375,0.446111881058593,-1.3722633284762,0.228670200250945,1.88159116538794
-1.26444575872917,-0.388500581802245,0.0302888914583625,-1.65148541489343,-1.82819898379457,0.121678217677554,0.511287663960757,-1.48740888678245,-0.346771482651331,0.295378605303692,-5.27936388625198
0.654228647735094,-1.00192688623432,-1.1269296453733,0.679693233835161,2.91271158511059,0.194557507470597,-0.260782043479012,0.805815042926587,1.22354509755434,-0.214434473240654,1.37080572139879
0.400039927376387,-1.36824801855526,-0.535952655963948,-0.159196594523075,-1.20306549580239,-0.534730397372757,-0.568180903281933,-0.439374334433496,0.30847163751236,-0.0616002380694611,-3.12903405899847
0.449237979044897,0.0438050862563185,-0.157679003358883,-0.271188992701812,0.039037875853404,-0.560323180456895,-0.786564306814621,-0.357242845193931,0.584939903723551,-0.169516372303139,0.410136048780669
-0.265067588274251,0.307728540354157,0.297534073618018,-0.529566055102794,1.13814993489268,-0.840375508267999,1.39113248269149,-1.67037683981827,-0.50304391023461,-0.229493101289071,-5.63663705560656
0.391191891894694,0.370244696705805,0.363445974853127,0.0775657603698767,-1.36058254311344,0.438356409402216,-0.613256342445527,1.13851961383322,-0.274691361807847,-2.10009062429599,1.24785583020413
0.616057842426375,0.985621317199791,-2.08990058971358,1.13332567400874,0.176198055320411,0.269852089312971,0.505171959288378,-0.312763615980831,1.96033551548047,-0.229623738512992,4.16254105769788
-0.474603863180366,0.442716104092107,-0.988694990950461,1.20367492217268,0.443542797306145,-1.42615805662718,-0.88948331607004,0.205960186058211,-0.132782005379997,0.437635180372374,3.05273782483835
-1.37463973625283,0.0265622921979848,0.100878715830853,0.33364695699491,-0.0586344192602959,0.15091171921762,1.30346385675615,0.269417360894601,-0.527156515390837,-0.341470397465686,0.747728637794653
0.405559501514919,0.698980216855685,1.39751267535755,1.36832603792619,-1.1150727298857,-1.17372212907283,0.622360402325314,0.637352204257052,-0.224916791153738,-1.18730120074218,3.56369998570034
1.31179304164794,-1.1356772322233,1.84604594496464,-0.994703621602078,0.0656758044980866,-0.541864830784005,-0.568885289527415,-0.906535323648878,0.998046710865345,0.102603926383335,-0.373588232441412
0.662413341474424,-1.00192688623432,-1.37454503675497,0.705386620372954,2.91271158511059,-1.08861991464469,-0.608046522863896,-0.606426261290295,1.02690617240338,0.498265019944592,3.11856597204209
1.10980084752273,-0.616894162342593,0.886716013727351,1.15527786445191,-0.616869931046349,1.02256084611275,1.05281278556383,-0.979284083112265,-0.417733399456211,1.71115473214497,7.74820331662602
-1.24779430519483,-0.175535747553478,1.2797257472283,0.540318542221497,-0.850099891892265,0.999546997541726,-0.689521057556886,0.737144577148027,-2.04014135277441,-1.81429671723711,-2.61812842521839
0.246699138179131,-0.332746373813629,-0.491981895911244,0.402940464887551,0.232468577998601,-2.03170807478273,0.779520340160171,1.35456862601588,-0.199053959873497,-0.863677893941354,-3.02793241100049
0.620216612252839,1.46497092158655,0.50691284809012,0.106590650529914,0.505386455145065,-0.625812990553681,-2.41697904650009,-0.357242845193931,-0.181831617538621,0.0596668064549131,-0.899362216051978
0.739731056787769,-1.0805079024054,-2.03220205071905,-1.75878043882875,-1.9330990229437,1.19486442828267,-0.185264889929147,-0.75894387356516,-0.91652326725251,1.93753576370583,-2.40954552549613
0.0557495144797834,1.69850900005741,1.17144211905569,-1.10253787587274,1.00366064163998,1.48790980361889,0.743598502814017,-1.21319598135988,-1.3158412509239,-0.265074552710823,4.98124444678741
0.241358071541672,0.803602346494092,-0.771024660072894,-0.0358605499389547,0.501615091508482,-2.15231474781768,0.505171959288378,-0.766456177577196,0.421097806647273,0.538420906218266,3.3127811817936
1.56108395860418,-0.0508496031616128,0.25114739587574,0.474746822874126,2.74514123806226,-0.767786547866634,-0.657376120317512,0.489402121334286,0.694195355191216,1.32708433784017,0.391321394361714
-0.22030421002729,0.989911638852454,0.107107147545086,1.32158382307962,1.61765712887178,0.0954886096538423,-0.216998080789598,-1.08492495098653,-0.680082696316367,0.933805121806292,0.22806463595582
0.626758767471584,1.3375689071144,0.618310444475779,-0.330823724297688,-0.360090741226454,-1.18060137172415,-2.13069186066336,-1.34345868945307,0.027184026407646,0.780320382731221,-5.63663705560656
-0.203936532931102,0.407757911452599,0.297534073618018,-0.153420091591475,-0.606395224688965,-1.12001706058267,-0.290745591896356,0.206596647475173,1.1749164330373,-2.29296333888345,4.94665621553261
-0.727951622786577,0.705967970034696,1.59197481554154,0.950276484881823,0.411889495481176,-1.39485141358621,-0.269483798463586,-0.944571243227187,0.944166650384892,0.632812271255855,-1.61830158173303
-0.917628513596246,-1.63413909618183,-0.464393048010153,0.0926588425985715,-0.445193983328117,0.622056913559451,-1.37063099300015,0.63396271946695,-1.3722633284762,0.312716853334921,-1.83042350432115
0.161376741712719,0.280397248083693,0.985311053688252,0.820323277116808,0.332486448659935,-0.0475568617199183,-0.560945477566433,-0.701934255558533,0.244367669492578,-0.318492605506322,0.812043243980354
-2.66107017364339,0.519019222879442,-0.275763727831777,1.53223520703006,0.742913950782013,0.10321420755706,-2.40682044165375,-0.0416495745167949,0.0356765866951805,-0.625242475974508,-0.941418262285646
0.661186483473556,-0.956822915949149,-0.0757397594951365,1.0101181769304,-0.449675755944442,0.756087943006418,-0.966719902784841,1.84737596396277,0.378099319700201,0.745698602232851,7.13769729150503
0.227517785234105,1.60978322095972,-3.05016179216498,0.823047430895002,-0.859653648755506,0.100904493676192,0.814412699272422,-0.41511926112924,-0.179394330350183,-1.05873243472031,2.36318347325511
1.08614788169359,-1.02800129767337,-0.76996611320611,1.66770871203917,-1.94716139809013,-0.977398334144451,0.862152100294023,-2.1605251833011,-1.31080722526585,-0.643759997231675,-1.1559343500125
-0.724421306055931,0.705967970034696,1.09028846669649,-0.434790191916869,-1.43016141310349,-0.117027764170976,-0.900154151125418,0.0387331459358976,0.80553513712332,0.456743552957637,-0.776844215589006
0.983755537160887,0.355944938013846,-0.214861950761132,0.106993487976,2.24262673731904,0.854518480009721,-0.260782043479012,3.4714932139273,-2.22465717326365,1.88648421956718,3.48706518117828
1.84077721430595,-0.753714513626023,0.725146277676952,-1.44723256246744,0.104497867785046,-0.527598755165191,-2.13069186066336,-0.471665202253059,-1.57217514617473,-0.60864461196488,-2.53587362764588
0.166696228490801,0.207020307663393,0.665120505739093,0.163732956158585,-0.273511526541425,0.0213277786356259,-1.49496223708725,-0.0224157085437084,-1.11286126654681,-0.60864461196488,-0.377888220916353
0.237410425236787,0.862959295525697,1.66199518030642,-0.436930422604831,0.275846215441001,-0.472768857012022,-0.0312582158344004,-0.488411855014639,1.50569775112212,0.883187133116951,3.88810007806176
-1.18294084247448,-0.201193069405358,-2.10746146931154,1.13332567400874,-0.248889891204716,-0.102123626100422,1.2433546743684,3.13423350607519,-0.43580066001892,1.47155878755003,-1.94780856330726
0.694901718129278,1.01393458671947,-2.08990058971358,1.13332567400874,0.176198055320411,-0.610013990737311,0.793605869265653,1.0359974018824,-1.56029475604913,1.47155878755003,6.45398265752176
0.391191891894694,0.942579950634776,-0.2210063131187,-1.01965880748506,0.965006894986391,0.172088397655799,0.500000781873555,0.726593835772215,-1.63779730681067,-1.69528230235666,-1.08780205007289
-0.724421306055931,2.34273275272344,-0.807663619423408,0.605776140918686,0.504984960770834,-1.5889756269096,1.14605590708405,0.0533977467281627,0.73422352489217,0.703815808565841,8.7111212378703
-0.510024653014455,0.606400632219654,-0.988694990950461,0.572092115311871,-0.762858004475326,0.648725303971091,0.373442812901397,1.76413646122462,0.152009549943382,-0.415855946223222,2.36318347325511
-0.93112986473624,1.6950471102349,0.242507444135701,0.908438042096018,0.734825142558142,0.0472041013295089,0.284478025773876,-0.780630979886291,-0.283003130188389,-0.856844619521912,1.98260723109678
-0.588907757257924,1.16809949022877,-0.204511872468325,1.20230932006958,0.182280972163994,-0.576259212937957,0.107429798167139,0.107152655149706,-0.969021091199742,2.09782468502902,2.5620493758379
0.57391769498192,0.163484201979203,-0.916144898602081,-0.979898311104481,-0.873009637288835,0.050939776343203,1.14228697687422,-1.05605596733879,-1.63779730681067,0.0106575168410588,-2.07104246735005
-0.93112986473624,0.837314372340934,1.59197481554154,-0.434790191916869,1.39875178501346,-0.506878879045896,-0.152647856809675,-0.306391120707485,0.0295829336682849,0.482928357783336,2.63706997033817
-0.467725435662178,-0.560745545915533,-0.597064316955472,-0.0674475169188657,-0.745236415641692,-1.42615805662718,0.695569892420715,-0.221416224178562,-0.358853919573881,0.687980559229447,-2.13460440753943
-0.388016082199812,-0.715031910522008,-0.747898753211017,0.807372499533801,-0.941167025872696,0.178716788889819,-1.70344346022439,-0.836303712716531,-0.809522500855087,0.994840123521308,-3.12683950611503
-0.185757383685115,-1.68572305551679,-1.3307452707782,-0.762100846524666,-2.79114056877398,-0.477565209608407,-1.47943380640227,2.40793118021049,-0.629012997082532,-0.443089641693552,0.884770207093521
0.730507988163945,-1.08298020369,-0.110261468371592,-0.650687585401685,0.705909325254274,-0.254352041136743,-1.02395591359444,-0.0576327907857079,-0.81081315324882,0.0994431087796581,-1.28812534764133
-0.0390616623066193,0.0918486305569624,-0.157679003358883,-0.623304124917608,0.867131843447435,1.57394834336141,0.903415293468507,-2.01882727572328,1.00614454847723,0.362779347866392,7.23986101690737
1.23650724810177,0.0525155550153338,-0.436293431766171,-1.40168370042109,0.311283996429092,0.152870925636133,0.289947504882874,-0.811303375771876,-0.125152126540984,-0.598680614300073,2.36318347325511
-1.51316153543685,-1.02849583219729,-0.385552352073504,0.915451066448717,0.742913950782013,0.493504608480524,0.356785354080007,1.35016441145637,-0.702278946615208,-0.0648846033532961,2.50536818476215
0.291307616675811,-1.53178002683265,-0.103566961816917,0.356143895111384,1.65761425446705,-0.440634979695039,2.01949980601345,1.55146488283029,-0.0133247758558499,-0.533725728747537,3.09479152112685
0.590345859310077,0.384637395498696,1.39751267535755,1.04329093482205,0.186906546626181,-0.0534887701427807,0.677702308372141,1.02185645242251,-0.977521340923382,-1.81288746969049,-0.895452378689492
0.147989683624474,1.85219170445528,0.970995529882325,-0.912428075711701,1.12343977177757,-0.886996388930553,-1.45049968634629,-1.65152622650413,-0.181831617538621,-0.634749423344087,-4.45234411554604
-0.62248702069751,-1.34988930899217,0.189460539150956,-0.820556426876366,0.159638813295859,-1.21832510018424,1.09182938464322,0.406728828785122,-0.012426550010056,-0.544796157898467,-0.0464431448394053
-0.556522424888073,-0.909208644696139,0.570868137903451,-0.558439072039884,0.803229596435356,-1.21832510018424,0.20192813464191,1.27147023522068,1.41139984759604,0.75926676616263,5.37582618894928
0.940116313948891,-0.365825231986021,-1.49523550854427,-1.64528667866866,0.0199480798157624,1.65498019852844,-0.839587557700823,-2.01882727572328,-1.01609050893156,-0.52722316230373,-0.788690009183619
0.730507988163945,-1.09082157871938,0.515792742351976,-0.34502963796485,0.705909325254274,0.485153095880547,0.284478025773876,-1.52583854851441,-0.450786363359392,-0.430484527911379,-0.395514501230539
-0.154628663821921,0.998557975206113,-1.08145374949916,0.578970070258669,-0.59527499131224,0.0317928638177286,-0.403638500962689,-1.09244256139397,-0.613686717604761,-1.48371098903911,-3.61501396099528
-0.325266318411619,0.0268000124293394,0.201630378801038,-0.623304124917608,0.814283539614058,0.93263415063806,1.29208089776726,-1.01185335113011,0.564207510519233,0.601368124657167,3.98005428482771
-0.155598633734742,-0.0811417892316436,0.256251195429504,-0.076912348175349,-0.519367524226294,-0.0837291822753816,-0.945311733581446,-0.682392220849181,1.1749164330373,1.51018125061458,0.433959503480848
0.0779992089088017,-0.96051267917607,0.709986419237183,0.619273518218164,1.70915085657824,0.262576998901471,0.20192813464191,0.905781795260992,-0.816415096778394,-1.48135457527801,3.53358555632918
0.622294962914408,1.3375689071144,-0.296182132389703,0.192345918055632,-1.22271543023315,-0.495525405782458,-0.760357704288197,-1.05605596733879,1.60789808268209,-1.52001105094206,0.326747048130379
-1.68034442983526,-0.499350398035566,1.90202267444059,-2.47466295411573,-0.716674936199137,-0.34221096197838,0.226628480072981,-2.19023849866422,0.770560642155865,-0.817628513030827,-2.59202327239538
0.508951772493098,0.0215010941541661,2.24514239793152,-1.50309099338223,0.655132602397379,1.48790980361889,-1.02395591359444,0.48653315753754,-1.85643906292559,0.413459312694997,1.07048424358568
0.963913576773422,-0.442412755898029,0.197559349223916,0.583380200087898,-1.11244911455974,0.649300562493949,0.574965710219772,1.16803839998852,0.378099319700201,0.129784741843121,2.73738881011574
-0.23052072523494,0.989911638852454,0.949192783754693,-0.42563791314157,0.817960930738573,-0.449905433008874,-1.00958194113975,-0.00251286696555344,-0.390604235964472,-0.744128123718967,-0.312782378354247
-2.36734396200346,-0.185132113233566,1.52614336053674,-0.574934132017634,-1.06037559443623,1.45743752332893,-0.689521057556886,0.0387331459358976,1.20759376808796,2.69149468920322,1.07048424358568
-0.446905506288293,0.642957835871747,2.98008035627421,-0.425697926393253,-0.731790024207468,0.058674938875263,-1.53964145941398,0.827560031284638,1.32877888032443,0.468367383963359,6.03349006573354
0.205805466272538,0.904830855949754,1.83349985247579,0.157092418978925,-0.731790024207468,-0.948879589389247,-0.554004853297544,0.774895561863556,-1.129802171381,-0.4852773200112,2.27221038019605
-0.817772535818187,-1.69914121898879,-0.464393048010153,-0.106577084792324,-0.0922646398811977,1.65506987071368,0.381313456659507,-1.72065665565093,1.00614454847723,-1.6314943061596,2.787955086967
-1.24839138746301,1.16009090735963,0.485057730124587,0.992513020066475,0.59635868549757,0.999546997541726,-0.769556748675993,1.50632262331119,-0.600853918770743,0.0158992314363612,1.28146892226427
-0.796314208727403,0.932352056116783,-0.351748055720582,-0.763978482731355,2.5979368633995,1.65506987071368,-0.983524634038886,-0.515850512285926,-0.0140289913162314,1.2333891373038,1.07048424358568
1.22465522039854,2.02556127747256,0.873713052491316,0.189030095585128,-0.441285123459976,-1.00257598224115,1.61139469637297,0.206596647475173,1.56554952073234,0.984591511780852,4.54083038318029
0.814819378882043,0.502143421762103,1.66199518030642,1.04329093482205,-0.390552370308972,-0.360672312722357,-0.0630482547548388,-1.55677250782451,0.0168271454974106,1.15527892228528,0.22806463595582
-1.16182564244501,-1.21181669113551,-0.364289434592605,0.89399113000924,-0.381397726578709,-0.717607987743945,0.564608547590623,-0.554364419665994,0.198542889306795,0.913425400326398,-0.0276904246736538
0.00171885069683175,0.176864230288709,0.84348213818862,0.179165571548402,-0.273511526541425,-0.546506755888415,-1.63873704659905,-0.410154226982518,0.80553513712332,-0.60864461196488,0.410136048780669
0.794271999450459,0.481831507366513,-0.178057565637477,0.106993487976,2.24262673731904,-1.27338192130685,-0.166556106629361,0.489402121334286,1.3968795941898,-0.0372314585519349,6.061798243856
1.239815560221,0.0251564837519369,-0.436293431766171,-0.106979018138815,0.208713629334165,-2.15231474781768,-0.234557120846585,1.01783487675982,-0.798915840929479,-0.598680614300073,0.797584262799238
0.530263226936146,-0.162247646434237,0.508627152561262,0.892804651911566,1.4842746205819,0.93613607076871,0.20192813464191,-0.979284083112265,0.649895640350271,0.225275405368473,3.98005428482771
-0.111154696849612,-0.521785789388674,1.02134350258706,-0.981212002985254,2.77175835454464,1.11459037327901,-2.25402147974646,2.70762338083204,-2.06370038179113,-1.25649855144313,-0.788690009183619
1.91753030945881,-1.82572231819259,-0.484092527843314,-0.075464780717058,-1.17954886559117,2.71160890756485,-1.75316065797873,1.16803839998852,-1.43654971287886,-0.517527080363808,0.272500765382642
1.5443935551475,2.50338700761319,-1.26408770516135,-1.64528667866866,0.311283996429092,-1.33905219478877,0.553167034598023,-0.766456177577196,-0.617832565372348,-0.598680614300073,2.36318347325511
-0.235063256724335,1.32238032534784,2.25738124494787,1.16006643948086,0.734825142558142,0.131688242563275,-2.40682044165375,0.99094370708146,0.732859903360078,0.224944389939114,9.00788134904603
0.00606488488427931,-0.484032826319745,0.462075339602989,-1.23601396432318,-0.519367524226294,0.161548147140306,0.202980525694244,0.843857138444584,-2.01585427524917,-1.55099988573567,1.17189234782624
-0.343884688461819,-0.514030865856562,-0.305659846895087,0.365275877745514,0.683229704772787,1.26091097463482,-0.587463102121814,1.68241951666098,-0.530394721350839,0.00802524690415596,1.69693384118266
-2.23666234450385,-0.156749608890888,-0.945983285065726,0.253602430959936,-0.146974860922285,-0.0195297547219431,-0.929826111505638,-0.0501025573697349,-0.279962153681031,-0.415855946223222,-2.77003828768368
-1.30551763503838,-0.0240647208355967,0.880434066744842,0.540318542221497,-0.638765061065547,-0.840645233230951,-0.650024863778115,-0.147012746932976,1.1749164330373,-1.42912616306553,-2.5278429974304
1.22465522039854,0.686857626048358,0.00865717994172083,-1.41930711260425,1.06297612471591,-0.122954175687112,0.835335520869512,-0.282652463766894,1.45503134489796,1.12693345698213,1.3805454206793
-0.86791965019551,-0.470827798513666,1.25951626103012,1.16416019915114,-0.843403769063317,1.19407035504584,-0.00597741197241502,-0.707292374257102,0.593344247913371,-1.65264023631219,-0.0861994521765086
0.219570935601212,0.272835868204489,0.0221225091270172,-0.829710456843155,0.866780471820675,-1.20206051981079,-0.521606852110268,-0.460789713264432,0.027184026407646,-1.10526249338722,0.812043243980354
1.08614788169359,-1.02800129767337,-0.76996611320611,0.915451066448717,-0.702844463799961,0.829542829029539,-0.497363706200891,0.277408711741724,0.424234753606616,1.23215101588012,1.49485702093304
0.530263226936146,-0.162247646434237,0.508627152561262,0.892804651911566,1.09514783031443,-0.0475568617199183,0.20192813464191,-0.701934255558533,0.606330746357166,-0.318492605506322,2.02596459792534
2.13294542446906,1.40752489607358,0.32415662775948,0.639490656884368,0.786724897328254,-1.50705964177303,0.829718351188158,-0.204378237778084,-0.954784942756117,0.335763961522427,4.18414979326428
0.23734491639443,1.63252718715304,-1.89335778580116,1.03293796171789,0.782930553054383,0.0332286508764386,-0.635443798707189,0.205960186058211,0.479318199988137,0.413893773037102,0.410136048780669
-1.20054183816447,-0.679497039713809,1.50388908679122,-0.981212002985254,-0.638765061065547,-0.878679295751046,-0.45424774640842,-0.769405579472484,-2.15816966453684,-0.702027367665078,-2.16712862634594
0.57391769498192,0.523107614288301,-0.0928198816355883,-2.24439000003229,-1.55371383391167,0.0841698821867411,1.34617269492836,-0.756664077976937,0.606330746357166,0.644960975390748,4.92087888522892
-1.20054183816447,0.441908796348302,-2.61063284055331,-1.2932911780885,-0.248889891204716,0.852224693620251,-0.539962719466838,0.606980637686325,-0.870261876118097,0.488537885334284,0.278486133809412
-0.817772535818187,-2.15240807043459,-1.04823076379984,-1.27327241235734,0.643615677280978,-0.833627711603659,-1.02395591359444,0.806547034801412,0.549775718906462,1.79245336378876,6.130769372145
0.00965724133668389,-1.2854085915254,0.299348586058776,-0.820556426876366,-0.219521481448048,-0.404332848471857,0.978743042497941,0.406728828785122,0.404446256997781,-0.600488973286708,-0.0464431448394053
0.699332391168675,-0.765506244109286,-0.762372020275748,-0.711665734013687,-0.271366168010699,1.37899891482768,0.313405430346397,1.18319653370496,0.652522872905143,-0.308098791849176,3.02451370910418
1.87657149248861,-1.07985229373416,0.0407319039854488,-0.34502963796485,1.39405859734656,-0.122954175687112,0.835335520869512,-0.891698907158546,0.755688820215426,0.438751081834249,3.22901080710379
-0.203936532931102,-1.83174649804139,-0.194178636426862,0.356143895111384,1.14118130896262,-0.477565209608407,1.51710125850519,1.09056242093514,-0.344972568513132,-1.21642611413061,2.02450513641638
-0.16360009894209,-1.38008471781276,-1.3307452707782,0.425817334718229,-1.58208348852194,-0.477565209608407,-0.175143596405384,0.100551266919123,-0.22870871070214,-0.433818566744323,1.63675751863875
1.64872651960007,-1.18432163036132,0.450592808828737,0.496162229739365,-0.536650631166137,0.767075002841234,-0.295689643546692,-1.52583854851441,0.311691535166429,0.0459075042476773,-0.395514501230539
1.08614788169359,-0.852070456366337,-0.486306803955542,0.157740209879027,-0.063740932904371,0.211382998643811,-0.234557120846585,-0.521625652987019,0.113314978937958,0.143090473480987,-3.53873561329924
-0.480802884169551,0.442716104092107,0.0379903900369007,1.76084674776874,0.283643398852552,-1.07247174290396,-1.20092971945951,1.65698152682483,-1.7147081492785,-1.2763956472651,1.26822748114015
1.15604587550202,-1.73483134041751,1.07751106757737,-0.97735940618331,1.53123746114218,-0.0852543666872192,-0.53321469191097,-0.597681388201572,1.04640716280504,-1.71083862814549,2.43881745047736
-0.159941161922695,0.50604335592992,-0.528902193704607,2.10882451598508,0.231535527516758,-0.842511798449872,-1.03097720834463,0.466467030794187,0.953800180056454,-0.754499151288641,5.06685027092156
0.0893198006063772,0.642422499588948,-0.198882538694863,1.89751699542732,0.100379637806442,0.496753039318277,-0.441911258205209,0.0328398299221873,-0.288399073619946,-1.69312925724788,-1.58765266938991
-1.37740509307472,0.0265622921979848,1.52614336053674,-0.259867806692002,1.18101212331777,-0.664218752259284,0.633070289749524,-0.306391120707485,-0.828166219835784,-0.519108034190738,0.747728637794653
0.553182391422357,-0.494475255235626,-0.896085521053407,-0.586878893065783,-0.647471471633486,1.01764551346294,-0.198652907329426,-0.622364454699087,0.426821241295407,-0.015479447455277,-0.566301589660058
0.252766098443374,0.422600260728609,0.720875318994879,1.04329093482205,0.332486448659935,-0.144270828557183,-0.55387002684204,1.14447499986224,-0.977521340923382,1.35093465076824,3.9404588877859
0.00460739110387844,-0.799326172043123,0.625879372120184,-0.648713282505548,0.779839866352712,0.485153095880547,-0.780009346648262,0.290395684448501,1.8019251401474,1.60487595522263,8.09450795075051
1.16691285103127,1.30881704478325,-1.30866686939216,-1.64528667866866,0.187727276829665,-1.33905219478877,0.553167034598023,-1.60561438176646,-0.125152126540984,-0.652283029924256,-4.18730813744807
-0.921541006874518,1.6950471102349,0.242507444135701,0.908438042096018,1.30044113016376,0.0342044602323437,-0.642551502071398,-0.780630979886291,0.0295829336682849,1.32708433784017,-1.57676057414745
0.0511728179578573,-0.450235295341193,0.535266901043773,0.0210843468297369,0.281409495106742,0.854440597851986,-0.855419808625326,0.660128434383342,0.611698572361021,0.0459075042476773,2.1001481836857
0.391191891894694,0.698980216855685,-0.55253760126221,0.55767854099515,1.73087389420089,1.0812941541679,0.411923608655213,1.45855230388149,0.152009549943382,0.446366485770871,4.76712187576467
-1.40848464175087,-0.253271373871309,0.188245186295217,-2.06080602852708,-1.84262660881207,0.0641930798588838,0.015288821652334,0.121170995724281,-0.0110692012379312,-2.12079100994102,-2.77003828768368
-0.013872821985467,0.79643392729645,1.34828885543303,0.223064617642777,0.275846215441001,0.43016704567686,-0.198584847054763,2.77258174936312,0.158770621411518,1.46128132267954,2.27221038019605
2.13294542446906,0.567879371919222,-0.207112080640953,-2.24439000003229,-0.28278628375285,-1.78789921336159,0.304805532255418,0.542333614825426,-1.57767137716807,-2.03994233793487,-1.03494350197222
0.664178589495017,-0.405791654358044,-0.684450924069626,0.499378150247347,-0.0467154747775319,1.31796630851218,-0.799259505502297,-0.281057132135629,0.057832849853732,0.143090473480987,3.37387214265983
0.940116313948891,-0.0110388654626675,-0.0778231686583992,0.856954217725729,-0.322878645659022,-1.00257598224115,2.72905986693058,-1.99835093195234,-0.504484431414526,0.575375528688667,-5.18493073752209
-0.205898242063805,0.407757911452599,0.15990653891946,0.167605642543014,-0.606395224688965,-1.10301703588672,-0.561377891903147,0.821324091987007,0.562858279901699,-2.12079100994102,-3.75242123176201
0.794271999450459,-0.0646671689620357,0.14339026843141,0.967201282149301,-0.322878645659022,0.756087943006418,2.72905986693058,-0.0190071535231163,0.40557620157989,0.601368124657167,4.92087888522892
-0.393215619099037,-1.78035467364163,-0.865526176504379,0.0926588425985715,-1.58208348852194,-0.187583813011602,-1.63128032851624,-1.39821162133168,-2.24189418556387,-1.4240732847521,-1.66486555459688
0.443319570939672,0.727993029027432,-0.198882538694863,1.89751699542732,0.147172837836596,-0.560323180456895,-0.405897351653203,1.65698152682483,-1.4793210622719,-2.03994233793487,5.06685027092156
-1.85690490759061,1.58918400846612,-1.08885176559714,0.111207922256491,-0.217454176808596,-0.0566028628897624,-0.832867291060155,-0.379549057644222,1.27940846340831,0.976699623589496,-1.57676057414745
0.725821690330295,-1.15587000710404,1.84604594496464,-0.650687585401685,0.23730177319263,-0.573744861405591,-0.568885289527415,-1.26370254269226,0.998046710865345,-0.32400364842885,0.942135122545471
-0.394937107599457,-1.78035467364163,0.481952817552813,-0.715723332786541,-0.219521481448048,0.725203960489303,0.134396992895695,-1.64639461748417,-0.434591290124187,-0.681398446317042,-0.422542562561455
0.963913576773422,0.193703983321692,-0.191206193656985,0.106993487976,1.17317407723384,-0.082148117609643,0.500000781873555,0.0103235637323793,-0.726711628025067,0.770280230688831,0.67054092114303
-0.00544820204591786,-0.193763688587477,0.972523773284506,-1.78137401914597,0.667362812556352,0.963737880600146,0.466854430233429,-0.622364454699087,-1.12190870839579,-0.314207577830866,4.98124444678741
-1.07061689564656,0.612526614047545,0.680720354325044,-1.5765086131003,-0.278720138531402,-0.878679295751046,0.511287663960757,0.0771519523149406,0.172387738752349,-0.456656700189838,3.01477460293244
0.730507988163945,-1.09082157871938,0.201200458427975,-0.650687585401685,0.705909325254274,-0.647404738377729,-1.25886505754271,-0.906535323648878,0.00938387863408907,1.77203805643153,0.22806463595582
-0.687854267390237,0.444718619407727,-1.38746791152707,0.47179901225172,0.611865689044993,-0.891762337842622,0.356785354080007,1.56289053135753,0.505664506762137,-0.415855946223222,1.17891597705083
1.07463679559383,0.736387317662326,0.571114609559037,0.811925962594869,0.0838355167624446,-0.510592321705603,-0.769556748675993,-2.27026273045191,0.244367669492578,-0.286575643250516,-2.62527120620827
-1.38085713481759,-0.253271373871309,0.188245186295217,-2.06080602852708,-0.278720138531402,0.0641930798588838,0.511287663960757,-1.18605617590314,-0.346771482651331,-1.78665716034363,-4.68525197475463
0.0195970984640986,-0.543965103216311,-0.597064316955472,-0.727905496073783,-0.447663898490922,-0.822211939001501,0.631159000539836,-1.14590864440642,2.07482086649096,-0.764406481133619,0.942135122545471
-0.302018310748673,1.83687842335846,-0.368888875838982,-0.52961434521005,-1.37913947236205,0.93263415063806,-0.810005153673124,0.121170995724281,-0.968849537576301,-0.575720425390837,-0.869031956101106
-0.27692809584978,-0.794892149247961,0.625879372120184,-0.648713282505548,1.70915085657824,0.374374054278834,-0.780009346648262,0.355317159826196,-0.466995200211043,0.0158992314363612,1.19916949631681
0.205805466272538,0.904830855949754,0.438343302993446,-0.0548360289713363,1.76707388741283,0.43016704567686,0.40813916919041,0.726593835772215,-0.859141968043619,0.307987801769887,3.90008312145981
-0.121747905253725,-0.90009770975836,-1.35701681305423,-0.441923263843169,-2.79114056877398,-0.598127008459014,0.0225890454785562,1.74318222524718,0.0826875102094778,0.222066936892043,-1.94780856330726
0.0253083113507354,-0.450235295341193,0.197559349223916,-1.4903053332334,0.667362812556352,-0.0426562195557562,-1.25886505754271,-1.67037683981827,-0.136487312239981,-1.62476229643617,-1.40578561699231
1.20191995816879,-1.40084298543178,-0.23211165635093,2.01655580383627,-1.04673636293969,0.908201581881929,0.533251060852967,-0.123901806790559,-0.0992214006587863,0.230002706992242,0.685772104069272
0.354895686868899,-0.00458204132492034,-1.38859617496386,-1.53886201641324,0.893683612720109,-0.0426562195557562,0.775517999717304,-0.444638376923544,-0.466510021014211,-1.05873243472031,1.24103229045873
-0.322659386180829,2.4351582462427,-0.368888875838982,-0.571822169202329,-1.51933542093635,0.93263415063806,-1.11568594395821,-0.510435052235635,0.304294427245922,-0.446766903884595,-3.29234886438892
-0.118323470481878,-0.90009770975836,-0.486306803955542,-0.311958791174791,-0.296352191272405,-0.660933334408789,1.20497787196178,-0.637977316280738,0.175668895388002,1.21819673625,-2.65912154271396
-0.27692809584978,-0.819834046587028,0.625879372120184,-0.558439072039884,1.15238094645427,-0.840375508267999,-0.166982487170013,0.523074095363487,-0.740653815709764,-0.224526917479901,-1.67087132637207
1.17604318057627,0.53718683977674,-0.1026643564157,0.461120773036186,1.46240337195032,-0.73301906424775,0.829718351188158,-1.38335365745133,-0.299304321280594,-0.229493101289071,-9.47796235615984
-0.388016082199812,-0.333108163941298,-0.121218649893994,-2.06080602852708,-0.0958926204568808,-0.187013613889123,1.5598716909283,-1.88455461531422,0.529009341328348,-0.248005002524424,-1.28510121280223
0.195210610508075,-1.6018451579479,0.248339718723208,-1.58076219333054,-0.842761634070571,-0.839610281644856,0.775517999717304,1.74318222524718,0.359175785634889,-0.544796157898467,1.16613517024137
-0.528036764785251,0.669733230369689,0.0379903900369007,0.0091042351937887,0.814283539614058,-0.475568819613509,1.39113248269149,-0.306391120707485,-0.50304391023461,0.918133683243871,4.92087888522892
0.928380273129385,-0.808735412022839,0.650324307026594,0.292159134941751,2.91271158511059,-1.16599327702135,1.52703944833893,0.512517716770793,-0.95359059813604,0.620055390599877,0.95841069869223
0.00881967783159574,-0.387186898564764,0.168165994725209,-1.65148541489343,0.820562135172623,0.172088397655799,0.301554455259,0.0390512042009449,0.975366389548266,-0.29763432666479,-0.394338453629448
-1.07061689564656,-0.512906741815621,-0.166061160803101,-1.00507475025009,1.6864767018814,-1.35064004412235,-1.24429412678207,-0.742732431057403,0.861089923939227,0.142999085914885,3.11856597204209
1.14197367761759,0.58440767840658,-1.30866686939216,-0.522785978972561,-0.0163506909481041,-0.249423265402904,0.399384739855552,-0.766456177577196,-1.59742677090719,-1.89638381369958,0.0733182458000974
1.84077721430595,-0.00485472836771191,0.725146277676952,-0.557987467723038,-0.28278628375285,0.20889575255273,-2.13069186066336,-0.0416495745167949,1.25730486251215,2.17244546773806,0.978612622808746
-0.480420407178037,0.00142560203979564,0.59141223932873,1.80980539390361,0.283643398852552,-0.986549046303568,-1.22930442785185,-0.0907922229345195,0.839074831777585,-0.60864461196488,-1.58765266938991
-0.325266318411619,0.0447229184334583,0.843767894746579,-2.40683805520618,0.407060164262817,-0.0459795784967184,1.5598716909283,-0.931987728780972,-0.346771482651331,-0.99135784875099,-1.80679300262346
-0.272421149888609,-0.794892149247961,1.06340024279982,-0.425830564078287,0.803229596435356,-0.840375508267999,0.633070289749524,0.523074095363487,-0.732247265032378,-0.538495949877667,1.17189234782624
0.149561338702306,-1.58279239796434,-0.290285167515201,-2.38843377902342,1.6864767018814,-0.0426562195557562,2.22469659196807,1.43575418608802,0.308354095161683,-0.259957345764935,2.83406893900289
-0.528036764785251,-1.54345110287093,0.342589306094064,0.0548268405011145,0.569615462178589,-0.647481186560126,-1.49496223708725,0.491832679175172,1.41139984759604,0.804156543787955,4.40391742222259
-1.87564527486994,-0.145202001716947,0.100878715830853,3.11196996867428,-1.24546839103881,-1.29216842652983,0.0797988597143843,-0.163531308315761,1.45499157515362,0.432184425968162,2.02596459792534
-1.88460788744542,-0.569884835765105,-1.3376614626682,-0.182773533455557,0.367653350546616,0.125455878136818,-0.539962719466838,-0.801403312129379,-0.227666460884104,-0.258323281063219,-5.80804836032975
0.510798987840461,1.10629232487818,0.230825283535087,-0.45810070433923,0.965006894986391,0.859740801819733,1.34539734703912,-0.0964100624178365,0.214881116016378,-2.08874865460957,1.24103229045873
0.31651489694351,-0.51940460900893,-0.305659846895087,1.47566294490148,-2.27301388196666,1.26098929047519,2.11529922115554,-0.521964135923843,0.680436971261367,0.601368124657167,6.51385593960964
-0.0575884101300288,0.259451548070025,0.287180818420152,-1.00222800909796,-0.0307079603285624,1.311204947698,0.75015301935488,-1.21319598135988,-0.265533365745984,-0.278869505298229,7.77585227383207
0.622294962914408,1.3375689071144,-0.499003530053332,0.55767854099515,0.505386455145065,0.521437101622642,0.188327187141079,0.846272966339085,1.03321626115463,0.413893773037102,4.2168715615475
0.22085295712132,1.60978322095972,-0.98851146808167,0.111207922256491,0.426038448538775,-2.03170807478273,0.793605869265653,-0.766456177577196,0.421097806647273,0.854745660223424,4.37814699575172
-0.717273800815893,-0.362822982630653,0.288586410853517,-2.06080602852708,0.0523954608857138,0.0826909324418738,-0.0128892613226954,-1.09277155628563,-0.283003130188389,1.77203805643153,-2.86951092669787
-0.796314208727403,-0.581151813247605,-1.82527092824422,-1.33586575855043,0.458711620262433,0.801615009392776,-0.205838732899902,0.701194855429383,-0.870261876118097,0.137616053161675,-6.3166217039559
-1.18939059761,0.441908796348302,-2.61063284055331,-0.95870116406151,0.967479225599462,0.100904493676192,0.915157386441605,-0.258548078356464,-1.65922204893507,0.0971079705529858,3.20996388444259
0.284492545948757,-0.77971232685486,-0.762372020275748,0.807372499533801,-0.117151975742313,0.934263342303827,-0.654641121460138,-0.394024026905232,0.057832849853732,0.143090473480987,0.793948799321694
-0.25998237345857,0.307728540354157,-0.528902193704607,0.119038039686138,0.417700495108738,-0.243595935038772,-0.374327442467498,1.01783487675982,-1.4793210622719,-0.271621006307811,-0.312782378354247
-0.182093628751903,1.37892710707325,2.25738124494787,-0.0548360289713363,1.00366064163998,-0.733056010221052,0.633070289749524,-0.184650927294804,-1.21333625863675,-0.762122536840074,-1.03494350197222
0.00460739110387844,-1.73323054068184,0.725215702568334,1.67921280054051,0.569615462178589,0.670747896017804,-1.24563129443378,-0.273959321855704,-2.38247376844677,1.26470469642698,-0.561968413810253
-1.75707811766811,-0.816781241429283,1.50388908679122,-0.994455133313917,0.89537408501186,-2.27502867172942,0.633070289749524,1.66969070339286,-1.57217514617473,-0.436508822914166,1.16613517024137
0.0282346071861085,0.173791890315063,0.672630520681188,-1.00222800909796,0.433719478460729,-0.0852543666872192,0.696032883292687,-0.00251286696555344,-0.371938856830973,-1.81288746969049,1.11589512071395
-1.20054183816447,0.441908796348302,-0.561638534479694,-0.0798214187356869,1.02817736357293,-0.997481243132507,1.31943491331019,-0.234892516014839,0.36540889425891,0.918133683243871,3.20996388444259
-1.74038075901783,-0.361947444404288,0.0302888914583625,-0.854845579184393,-0.0586344192602959,-0.740382466424597,-0.539962719466838,-2.0717310072253,-0.0110692012379312,0.314656665236847,-4.18730813744807
-0.614948387360869,0.602819353288526,0.0379903900369007,0.285753085131075,1.64534150008143,1.67386208725048,-0.0954106977866629,-0.544023374168312,-0.265533365745984,1.2333891373038,2.46222690290851
-0.73680618328786,2.34273275272344,0.0789682472934603,-1.02671089598478,-1.72214642877158,0.0826909324418738,-0.917721625033701,0.302633596001039,0.795305175369519,-0.360733732059771,0.936224909866715
0.295869864560856,-0.381460522806317,0.439478179799203,0.81826444607821,1.21730340534071,0.670747896017804,0.08289599212612,0.0768432169739245,0.877580417543698,0.0459075042476773,2.97190297509348
1.053359963201,0.639263141171917,1.23945948168714,-0.780031282081815,0.270740023428999,0.0275304870121459,-0.947732830134855,0.0316467750121867,0.244367669492578,-0.747619691648201,1.62523385861081
1.43703900483542,-0.346750483829996,0.345196393545463,0.415484499566813,-1.14233223901531,0.290839295702974,0.635391620001525,0.723582277625309,0.115081152168183,-2.50675889835025,3.53358555632918
-0.602779111001656,-2.41213276473231,-1.9123991990705,-0.762100846524666,0.458711620262433,-1.21832510018424,-0.88948331607004,-0.0791394872430867,-0.81191650065536,0.488537885334284,-4.81715583500071
1.52557421577734,2.59087376290236,-1.11137659930711,-0.03949380801616,-1.35142876613107,3.62807082675638,1.14491897487757,1.55129558642636,1.85088804838915,1.47155878755003,3.86756791730948
-1.04757673014319,-0.512906741815621,1.25951626103012,-1.27383845970266,-0.843403769063317,-1.45276955604706,0.622360402325314,0.801321944630659,-0.954784942756117,-0.456656700189838,-7.0916079242128
-0.342744805745456,-0.514030865856562,-0.305659846895087,-0.353232067636484,1.14118130896262,0.723604480371819,0.517724229906712,0.646106901493321,-0.460615868552557,1.2333891373038,2.02450513641638
0.661186483473556,-0.956822915949149,1.94665958663896,-0.87882284706635,0.705909325254274,-0.573744861405591,-1.02395591359444,-0.138108487709663,0.379405603952635,0.915091722998103,-0.53734691678906
0.447173493815723,0.570960720972818,-1.00964480623081,1.30732446418097,-1.1150727298857,-1.23765018426642,0.503553703964962,-1.48548015089181,0.441498821834689,-0.882202930249339,1.81925277487864
-0.394937107599457,-0.694497495256944,0.575444850694535,-2.08298063812306,0.0255620733306819,0.725203960489303,0.0242613751190954,-0.779984193929444,-1.69285585033102,0.577921336608643,-3.12903405899847
-0.801113526730526,0.932352056116783,-0.807663619423408,-0.03949380801616,-1.63500109979806,-0.463791524145211,-1.48803834254212,-0.0311513174311057,-1.64632725836967,-0.271621006307811,-4.54250539239342
0.269389277210577,-0.106919562109583,-0.6455873385203,-0.0674475169188657,-0.730327946548436,-1.04569295578225,-0.198652907329426,-0.790148447016843,-0.544615410530428,-0.576995715728459,-2.1351438738196
0.345232613673466,1.35446430662474,-0.321787777437188,1.1750882318069,0.0274806023617587,2.51910597901591,0.399384739855552,0.293150204174096,1.87421929991863,-0.229623738512992,3.06001800474098
0.161684124836114,0.280397248083693,0.664366489469384,-0.116403747267722,-0.589221760543494,0.879908559279133,-0.912869371922003,-0.0499865798386279,0.335462214863352,0.213969848632928,0.523715339368225
-1.91552955230495,-0.145202001716947,1.52614336053674,0.540318542221497,0.804032676686565,-0.0464139257670877,-0.575691907994065,-0.0501025573697349,-0.283003130188389,0.863578352674093,-1.47551814320692
0.611146254424759,-0.120222633207991,-1.62417807779521,-0.34988212003969,0.0199480798157624,1.31796630851218,-0.742527575428227,1.15111575769069,0.479318199988137,-0.0178723373685817,1.69693384118266
-1.00655923289659,0.291040421017301,1.09397674709186,-0.434790191916869,-0.0409432393305315,-1.20477578639475,0.654311196550855,1.41612059742668,0.545718439846237,-1.81429671723711,2.43818278448812
0.244514615485232,-0.332746373813629,-0.491981895911244,-1.01910392618371,-0.165007420520945,2.51910597901591,-0.786564306814621,0.293150204174096,-1.63779730681067,0.0782618946182591,-0.572812111679616
-0.185757383685115,0.149089735861111,-0.423861837625075,0.801856917765404,0.624041985482783,-1.03011346866635,0.204730990973876,-0.79230718165056,-0.544615410530428,-0.0648846033532961,2.14761065103601
0.0103925018315313,1.23625768291523,-1.5048116113286,-0.0593806229212202,1.03551442943368,-0.440634979695039,0.870120732281319,-0.0998416537725753,0.420792866995426,1.02773052853809,4.18414979326428
1.27354875991509,0.0525155550153338,-0.436293431766171,-0.240513428787198,0.209033135310176,-1.02821017426455,-0.234557120846585,1.35456862601588,1.15771845561906,-0.169516372303139,4.24719422456688
1.58388799571397,-0.0508496031616128,0.532875066202462,-0.0991918572488694,-0.28278628375285,-0.775404118825776,-2.13069186066336,0.0545545808350512,-0.921345308881424,-0.646501632750546,-0.377888220916353
0.631936324794457,1.46497092158655,0.618310444475779,0.639490656884368,0.0838355167624446,-0.342907356956493,-0.769556748675993,-0.778031291537213,0.244367669492578,-0.318492605506322,-2.98624262827128
0.241358071541672,0.315311212860959,0.363445974853127,0.601719842579994,1.29316321078743,-0.903861640346566,1.39113248269149,-1.09244256139397,1.37999191920652,-0.0522886871283879,0.903346690340032
-0.484369013644592,-0.593085258786444,-0.493938033321461,-0.353232067636484,-0.296352191272405,0.648725303971091,0.449180500939623,0.269417360894601,-0.400355177606238,-0.506170837980168,-0.0464431448394053
-0.795400686675612,-0.394515277502958,0.775010279375193,-1.23601396432318,-0.0409432393305315,-0.339054463498908,-0.0823659655650143,0.0432996967844888,-0.0110692012379312,-0.456656700189838,1.18288770024027
0.650094716399333,-0.956822915949149,1.94665958663896,0.619273518218164,0.630958173978691,0.671148741779703,0.0104204292858051,0.905781795260992,-0.966354383013034,-0.80581618389225,3.06718918285734
1.89604275762823,-1.26883598683757,-0.23211165635093,0.259770121908044,-0.0983839321823087,-0.560323180456895,-1.95956851590737,-0.357702622206576,-0.403189650452331,1.23215101588012,0.326393084711334
-1.4297659104182,-0.253271373871309,0.188245186295217,-2.06080602852708,1.10255470459715,0.121678217677554,0.511287663960757,-0.439869481555734,-0.527156515390837,-1.62962676048967,2.83406893900289
0.244514615485232,-1.64311971253158,-0.103566961816917,-0.703631541807737,-0.842761634070571,-0.450126351492343,1.17503859222051,2.40793118021049,0.404446256997781,-0.533725728747537,2.84031536585146
0.0153656057567998,3.20610094810905,-0.860900247428209,0.605776140918686,0.27158443418263,0.0332286508764386,-0.216929928914438,-0.811924999637996,0.129121422235961,-1.09690023504593,-2.35660423017441
0.237410425236787,0.862959295525697,1.39751267535755,0.646814687432244,0.275846215441001,-0.0475568617199183,0.677702308372141,-0.811924999637996,1.50569775112212,-0.229623738512992,4.54083038318029
0.350055398635364,-0.00458204132492034,-1.04416704485251,-1.64926970320416,0.965006894986391,-0.413015970593252,1.62500176813374,-0.342739284226138,-0.870261876118097,2.4693363984549,5.44131936794481
-0.782674172784088,0.0130724252596047,0.116758534032096,-0.901121939745493,-0.64538644855387,1.64200326917496,-0.271778852822926,-0.515850512285926,1.421704786092,0.976699623589496,3.02451370910418
-0.205898242063805,1.04483458018714,-0.443113350262656,-0.52961434521005,0.40944433212509,0.131688242563275,-1.96687842535234,0.99094370708146,0.861089923939227,-0.801335593678411,4.2168715615475
0.299793296135329,0.571059238273202,-0.5954331963086,-0.589743866665642,0.039037875853404,-0.822211939001501,-0.0512113058504736,-2.27162783051974,1.0875001239179,-1.5876177954011,-2.32323543255389
1.1502446488473,1.30881704478325,-0.1026643564157,0.511766947278032,2.42642502658949,-1.16599327702135,-0.608046522863896,0.709933328444246,-1.3930513076201,-2.03994233793487,3.74891010531856
0.654228647735094,-1.00192688623432,-1.07066918667785,0.642751525014387,2.91271158511059,-1.16599327702135,-0.0663427727044797,1.4326088359178,1.15771845561906,0.498265019944592,7.39281162141739
-1.26444575872917,-0.216530801691542,-0.336707520493457,0.697570651738504,-1.55941681796787,-0.877910709632653,0.171419768546389,-1.24328265741047,-1.10363788966245,1.68707459526237,-2.86224249497395
0.833206696127733,0.687618972986551,0.831069940068973,0.811925962594869,0.0697352904542665,-1.60879547781128,-0.269483798463586,-2.27026273045191,0.944166650384892,-0.318492605506322,0.903346690340032
-0.708168548703379,-0.949650884060926,0.709986419237183,1.27635807571144,1.15238094645427,-1.5889756269096,0.20192813464191,0.905781795260992,-0.289790991599532,0.863578352674093,-1.47551814320692
0.581794648612007,-0.452847145986916,-0.0997825936557643,0.313083988723878,-0.647471471633486,0.127318169942724,-0.198652907329426,0.020853968879956,-1.11286126654681,-1.69528230235666,-1.28037255583102
0.0103925018315313,-0.425951150520337,1.15636642672082,-1.23601396432318,-0.850214830677413,-1.69206876510326,-0.713779001072524,1.08750015421434,-1.28150163403941,1.35093465076824,-1.44240057077913
-2.0984138559932,-0.525195999630507,-1.82527092824422,0.624642317979358,1.15890744971347,0.10321420755706,-0.0454144245455222,0.391860271373809,0.279390544529722,0.786035004732139,-0.0276904246736538
-1.47513872138631,0.723064796643953,-1.16250311648071,0.679650764173821,-0.199459782136276,0.15091171921762,-1.30247613448747,-0.272020150799412,0.321203132214166,-1.09690023504593,-1.57676057414745
-1.01007074363712,-0.0447139069821386,1.48153787773554,-0.378439493242496,-0.64538644855387,-1.89842085439154,-0.45424774640842,-2.0717310072253,0.944166650384892,-1.81429671723711,-2.59202327239538
-0.404299332720578,1.19098933630738,1.35479389345322,-0.436930422604831,1.16516157252184,0.301525271135655,-0.575691907994065,-0.973314040894705,0.651465609996782,0.107592910339803,-2.8445836086138
0.694901718129278,1.86461380496624,0.970995529882325,0.189030095585128,-2.1813635417452,1.26098929047519,-0.327501205288211,1.13851961383322,-0.0586068330468096,0.601682547740222,3.10002003074759
0.879214064404457,0.190382125677485,-0.528485035147233,0.55767854099515,1.46240337195032,0.0112656878730587,0.411923608655213,-0.778031291537213,-0.666694913271746,0.446366485770871,-0.880693599624356
0.661186483473556,-0.956822915949149,0.141018865062392,0.910475083516991,0.630958173978691,0.717903611949914,0.356785354080007,0.847844228406397,-0.469696852565054,-0.515953263352063,3.53358555632918
1.5443935551475,1.52765364862783,-0.0773845979166865,-1.39249956726603,-0.926791468031767,-1.16086153813675,1.14228697687422,0.732784174917921,-1.72084827107151,0.620055390599877,4.92087888522892
1.58388799571397,0.227193723741056,0.0111451699430696,0.69879582197846,0.786724897328254,-0.73301906424775,0.829718351188158,-0.910194254847077,0.198188164562305,-0.725412845404448,0.211680923424967
0.879214064404457,0.190382125677485,0.0221225091270172,0.537104428082427,2.42642502658949,-0.767786547866634,-2.02538028192301,0.489402121334286,1.1646770233585,0.870935007862969,2.47771305917663
0.650094716399333,-1.00192688623432,0.0681987204385443,0.381088950039368,2.91271158511059,-1.27338192130685,-0.0663427727044797,0.847844228406397,0.764928953088455,0.356887940912598,7.39281162141739
-1.260127418115,0.36637806816947,0.0907811559081166,-0.774385863481357,-0.830491903130936,2.56467090607436,0.932741811085672,0.827560031284638,1.39074520408372,-0.341470397465686,3.84311196951648
0.0350229400354265,1.53216761230831,0.473611663668146,-0.370222151102493,0.426038448538775,0.81211742969492,0.320123650103287,0.0977687475653576,0.115081152168183,1.16238737833558,5.49761475052398
-0.235063256724335,-0.296599110085105,-0.937866889784992,-0.448574312465997,-0.59527499131224,0.151245990270803,-1.11568594395821,1.25339850175902,0.47817058367847,-0.200929580244612,2.1001481836857
1.90169601302754,-1.26883598683757,-0.66216916410124,0.450956740820309,-1.17954886559117,-0.0337657879053014,-1.75316065797873,1.16803839998852,-0.722675539209503,0.489827835209734,0.793948799321694
0.644898512032334,-1.00192688623432,-0.110261468371592,0.910475083516991,0.705909325254274,1.0812941541679,-0.587463102121814,-0.931353692764239,-0.94960871731448,-0.652283029924256,3.37387214265983
-1.88460788744542,-0.340358335762173,-0.171264539443206,-2.06080602852708,-0.367945987174779,0.20151911495905,0.015288821652334,-0.0499865798386279,1.13614200831686,-0.460258651212171,-1.64025319706938
-0.519596201803691,0.274782344022741,-0.445120903086006,1.53223520703006,0.624041985482783,-0.356525351146201,-2.40682044165375,-0.0907922229345195,-0.82848675267055,-0.625242475974508,-1.58765266938991
1.44141019090006,0.20574870486144,1.31384573028609,0.0306697768316943,0.914717319257399,1.06688285756102,0.655519663706593,-1.8857778117281,-1.92358386429671,0.307987801769887,7.02680694834183
-1.24779430519483,-1.25077297244481,2.42071319667065,1.0162401589073,-0.638765061065547,1.0257816773327,0.770078652969879,1.35016441145637,-0.167479118615655,-1.2941400560311,1.8258153696371
0.0511728179578573,1.53216761230831,1.03766414857438,-0.0548360289713363,1.72910529547631,-0.625812990553681,-1.45049968634629,-0.540243313899107,0.790735833394707,-0.634749423344087,-2.36025343267474
-0.394937107599457,-0.715031910522008,-0.589711727465598,0.983647802385892,-0.745236415641692,-0.00158930794588869,-0.810005153673124,-0.733776350225934,0.198542889306795,0.00515810026352957,-3.0154460043928
0.322588359308367,-0.0819918690224835,0.0228434411858423,-1.95853611709106,-0.272931054838523,-0.805715278258399,2.22469659196807,-0.410154226982518,-0.504484431414526,2.4693363984549,5.1169041452248
-0.917628513596246,-0.705438878031096,0.047466675176935,-1.45907083113568,0.0255620733306819,1.27456927355145,1.09182938464322,1.34194890804589,0.378188078669865,-0.341470397465686,4.29340812932958
-0.172833982833099,0.764851905241077,-0.149634368212482,0.511766947278032,1.14118130896262,-0.455371108935055,-0.0954106977866629,-0.811924999637996,-1.21321005321806,1.23708510990868,-1.05005295498265
1.06335148508374,0.944411838589648,0.571114609559037,0.309380380123264,0.386401904015212,-0.625812990553681,0.25211329481456,0.0103235637323793,1.37999191920652,0.863672384905231,3.6135457588261
1.89604275762823,-0.967547418783221,2.00764602220087,-0.34502963796485,0.0656758044980866,-0.342907356956493,-2.24219380942346,0.0649630887505285,0.775081814485673,-1.63780660095676,-1.64025319706938
-0.239738587541097,-0.0876936782223776,0.255102853899376,0.351123737833757,0.527852571501384,-0.0837291822753816,0.431637323496287,-1.61900485500023,-0.291837013267862,-1.05467970450046,-3.09434970954825
0.170456784545033,0.280397248083693,0.0221225091270172,0.31367159790907,-0.279283552687784,0.787554260009901,-0.742527575428227,0.269417360894601,1.39074520408372,1.95758581574106,2.47771305917663
-1.5565524178994,0.116597239847124,0.100878715830853,-0.901121939745493,-0.0586344192602959,0.868771128914464,-0.929826111505638,0.34418885310266,0.975366389548266,0.290606033163995,3.90265463926834
0.269389277210577,-0.106919562109583,-0.6455873385203,-1.9229478133176,0.039037875853404,0.934263342303827,0.466854430233429,-0.622364454699087,-1.02953600230432,0.887594537773429,-3.53873561329924
-0.702388693172492,-1.51389201749253,-0.464393048010153,-0.159196594523075,-0.490065999636729,-0.178578932069041,-1.47943380640227,-0.521625652987019,-0.997161203205699,0.215313864982963,-2.65912154271396
-0.0898704201269919,0.159087912285342,-0.916144898602081,-0.330245268038761,0.950669305074243,-1.10301703588672,0.517724229906712,-0.766456177577196,-0.191042199975235,1.11600024508592,-0.880693599624356
0.0525377553233145,-0.421706273951499,-0.0811919348891137,-1.00507475025009,0.866780471820675,0.172088397655799,0.603366334611182,0.0390512042009449,0.378188078669865,0.933805121806292,-1.28812534764133
1.44141019090006,-0.806200711284694,1.31384573028609,-0.562819665984043,0.477308772162852,-0.0541922509902641,-0.499635237818147,0.0649630887505285,-0.740653815709764,0.108680731603931,-1.28812534764133
0.451694313552418,0.570960720972818,-0.549193145975613,0.157740209879027,-1.89945163911695,0.944539974997484,0.838816676108622,-1.05605596733879,-1.10363788966245,-0.0620046895302442,-4.22985698479901
-1.30551763503838,0.431275802316985,0.815391942242693,0.540318542221497,-0.375563951517244,-0.180127451291608,-0.560945477566433,-0.742732431057403,1.08712080387811,-1.4324242510102,-0.941418262285646
0.879214064404457,-0.0987571536299637,0.799334745523903,0.892804651911566,1.48535937627404,-0.0534887701427807,-0.166982487170013,-0.780630979886291,0.694195355191216,0.181664436395032,2.6277975921695
-0.27692809584978,-0.562496480033493,0.886716013727351,-0.836378920261515,-0.406260714324809,-2.04684515117442,-0.554004853297544,0.542333614825426,-0.158154786106779,-1.12916362083028,-1.44240057077913
-0.595615959607162,0.662426263196069,-0.988694990950461,0.572092115311871,-0.762858004475326,-0.576259212937957,2.14378151327578,-0.217077038074859,-0.613686717604761,2.4693363984549,4.96086698866675
0.237410425236787,1.60978322095972,-1.89335778580116,1.03293796171789,0.782930553054383,0.0332286508764386,-1.54002113736144,-0.875554722113693,0.321203132214166,0.413893773037102,-0.155803224455571
0.559745113747277,-1.21534922453163,-0.417452987169282,-0.285946527837501,-0.647471471633486,2.51910597901591,-0.34153765698741,-0.333687884390306,0.426821241295407,1.23215101588012,4.67744302877948
-2.48979090929363,0.519019222879442,-1.1751747893498,0.619803155431044,0.199360838712769,-1.29216842652983,0.4585727048715,0.140509075454855,-0.191042199975235,-0.415855946223222,1.12779157214833
-0.436482643261113,-0.00822119602338784,-1.41568338096631,0.142103712369182,0.0199480798157624,-1.57673631250311,0.381313456659507,-1.07595817036077,-0.191042199975235,-0.481265458113077,-2.65162523504478
-0.425853689033984,0.558581047443352,-1.41568338096631,0.207163129807228,1.03551442943368,0.602244269852161,0.870120732281319,-0.801403312129379,-0.439771286585368,-0.581075600926428,1.90458504267903
0.910980680629758,-0.365825231986021,-2.06702850225335,-1.75878043882875,-1.63702199095173,-0.647850821738795,-0.298146997288236,1.33605524230516,0.000246466385822317,0.0420964001797837,-5.0188624913754
-1.37463973625283,0.0265622921979848,0.878230534996953,-0.259867806692002,0.160720208151978,-0.840645233230951,0.593944056628219,0.140509075454855,1.63302203685687,0.985539689541564,-3.67177153611255
-2.0984138559932,-0.525195999630507,0.931855706842762,-1.27383845970266,-0.716674936199137,0.660633811182667,-0.188944958204576,-2.19023849866422,-1.29995056357032,-0.511594008999318,-2.86951092669787
-0.0575884101300288,0.657349486601298,-0.198882538694863,-1.47403201056696,1.6864767018814,1.20058841850277,0.213958454475439,-0.636082640878509,0.566061223696999,0.854207204372796,4.91927523600973
0.203808473061838,0.434780179828255,0.720875318994879,0.820323277116808,1.23909890478591,0.671148741779703,0.08289599212612,0.0328398299221873,-0.816415096778394,-1.48135457527801,2.18086637861827
-3.48322588511259,-1.94799915619845,-1.27545739892619,-0.182773533455557,-0.507273187955497,1.25815718914552,0.434036631431211,1.35016441145637,-0.702278946615208,1.79245336378876,1.57330654565916
1.01965029248452,0.274460794307288,0.842403385906164,0.0306697768316943,0.914717319257399,0.43016704567686,0.40813916919041,-0.331583712620501,0.00544153825999229,1.16238737833558,3.3127811817936
-1.75924181767776,-0.816781241429283,1.4918012738535,-0.890524567501952,0.304420098344128,-0.294969511179387,-1.2875938305941,0.507987805931672,-0.695589928339636,0.571794507803398,-2.77003828768368
-0.013872821985467,0.0918486305569624,0.319507292732973,-1.80912907178365,0.667362812556352,-0.628339291015673,0.775517999717304,-0.93859906237237,-0.50304391023461,1.93428456749544,-0.531877269235701
1.5443935551475,0.181418292193832,-1.26408770516135,-0.522785978972561,-1.06683607572736,0.649300562493949,-0.191902928113677,1.16803839998852,-0.247700862614098,-0.71292021045265,0.391321394361714
0.616057842426375,1.46497092158655,-1.50307195611063,-0.33455245946278,1.26931498768824,-2.56108148466288,-0.963871096660849,-1.60561438176646,0.421097806647273,-1.5876177954011,-5.30820407907863
-1.75924181767776,-0.816781241429283,1.4918012738535,-0.994455133313917,0.89537408501186,-2.27502867172942,0.245152343262705,1.66969070339286,-0.740653815709764,-0.519108034190738,1.16613517024137
0.773420021527806,0.43027554799598,-0.55253760126221,0.55767854099515,2.74514123806226,-1.16599327702135,-0.571313879338779,0.648869091400089,0.516532655238136,0.446366485770871,3.24914652283032
-0.265779724507414,-0.643623929060539,0.457325302999742,-0.836378920261515,-0.147555719135035,-1.57608223455736,-0.345952445997288,-1.94785980052458,-0.146570693503866,1.00128140944082,-6.56686145707464
-0.201820529222068,-1.68572305551679,0.657662189656461,-1.54551086607994,-0.296074755171512,-0.310299245190259,0.445582220132705,-2.1690374009989,0.825130530645395,-0.681398446317042,-2.41239000793406
0.443527104440841,0.570960720972818,0.274629263618231,-0.425697926393253,0.039037875853404,-0.510592321705603,1.41781123244614,-0.532730200708922,0.198188164562305,1.04742973831877,5.1169041452248
0.879214064404457,-0.0987571536299637,0.5257541600224,0.892804651911566,-0.322878645659022,-0.138806480367393,-0.769556748675993,-1.48678170390318,-0.210102264480694,1.00128140944082,0.22806463595582
-0.432599531737155,-1.96154319138797,-0.865526176504379,0.0926588425985715,-0.656540930312705,-1.87799503698551,-0.825969940697867,1.37673464583765,0.421097806647273,0.847997698990971,-1.83042350432115
1.90455325913745,-0.522918190791159,2.72813188840386,2.63164509950946,0.341597105705238,0.262576998901471,0.873155251432132,-0.822163264337752,0.150663984323213,-0.25755916678624,-3.09434970954825
-0.121747905253725,1.68672706141771,0.925236828602992,1.32158382307962,0.734825142558142,-0.733056010221052,-0.564800404331566,0.107152655149706,-0.680082696316367,-0.998962174887493,-1.58765266938991
0.269389277210577,-0.106919562109583,-1.82078365297225,-0.34988212003969,0.782930553054383,-0.768924115429039,0.292602967281753,-0.342739284226138,0.0395096507591098,-0.665767621068545,-3.27331227059715
-0.325266318411619,1.83687842335846,0.753946439497466,-1.74629499926131,-2.38992893964469,-0.0459795784967184,0.775517999717304,-0.570139950521093,-1.91778332413356,-1.05873243472031,0.0733182458000974
-0.753820875971665,-0.34717768754801,0.822398359109407,-0.733135484472978,1.64534150008143,0.0659310657905735,0.20192813464191,-1.09277155628563,0.0295829336682849,0.0158992314363612,-0.422542562561455
0.664178589495017,-0.595419228646879,0.569939520896831,-0.501025343289444,-0.271366168010699,1.11389347124231,-1.28825775832195,-1.66193329045014,-0.387716228135934,-1.63780660095676,-0.681487783173665
0.0893198006063772,0.642422499588948,0.116329993004235,-0.960535067597864,-0.478900834710915,-1.06183735728784,-1.2507312286529,0.821324091987007,1.32877888032443,2.69149468920322,3.89677898440331
-1.97169371271709,0.815594524231686,0.127670336005538,0.578257365610373,-1.49005173826565,-0.787418213975718,0.467158190938246,0.344605574326132,-0.0173320341650729,-0.226482969055894,-3.60756929429481
-0.289299445984043,0.0268000124293394,0.843767894746579,-1.80912907178365,1.09210867513519,-0.316415022045557,0.445582220132705,-0.184650927294804,-0.291837013267862,0.863578352674093,2.63671459254952
1.23650724810177,0.0525155550153338,-0.531607572717448,0.727482214648478,-0.717918584579769,2.02493761927864,-0.979493244502145,-0.57814827770041,-0.114292824195824,-0.149520777041339,3.10002003074759
-0.614948387360869,0.602819353288526,-0.988694990950461,0.572092115311871,-0.176842807669913,-0.974038933987022,0.4585727048715,-0.000331845629722313,0.886133917943139,-0.415855946223222,0.301746457446584
0.928380273129385,0.193703983321692,-1.67718273357808,1.2150240833967,0.108019822752961,0.646642461434442,0.569639536209893,1.36548988270748,-0.106319491835172,-0.690126854650955,1.62858046985467
-0.514991715660624,-1.56659392957779,-0.116273041805524,-1.75220538098373,-1.69606527195163,0.679444985554297,-0.839587557700823,-0.510435052235635,-0.94960871731448,0.312716853334921,-2.65912154271396
0.361458930056755,-1.81797304299129,-0.103566961816917,2.08653359588217,0.147172837836596,-0.560323180456895,-0.405897351653203,1.09056242093514,-0.977521340923382,1.42074984340428,1.49485702093304
-0.0575884101300288,1.08173132593558,0.991675723383194,0.0858545323215652,0.182280972163994,-0.361086828902171,-1.16323296501707,-0.93859906237237,-0.390604235964472,-0.60864461196488,-2.12283165254841
1.22465522039854,2.02556127747256,0.970995529882325,2.34976179133209,-1.83545289378791,0.944539974997484,0.873155251432132,1.46032450062789,-0.309105626678594,-0.516883843157659,6.29526560706349
0.581317991150487,-1.29834365594147,-0.260017941530823,-2.38843377902342,-0.647471471633486,0.767075002841234,-0.185264889929147,1.37673464583765,0.308354095161683,-0.0910861413638947,-1.83042350432115
0.322509280965768,-0.0819918690224835,0.0228434411858423,0.178661113861396,-1.89945163911695,0.137938342439803,0.941246768411185,0.350938725111645,1.45503134489796,-0.103307244820142,1.18659252168832
-0.425853689033984,0.558581047443352,-0.851864264822874,1.30732446418097,0.443542797306145,-1.42615805662718,1.14605590708405,3.13423350607519,-0.855199291106961,-0.259957345764935,4.53430363421556
-0.207388145687942,1.18527304366064,0.949192783754693,0.132280670533321,2.03829506256822,0.696512133514962,0.791894134051022,1.41558189404968,-2.06370038179113,-0.332939108923317,-1.08780205007289
-0.265067588274251,-0.643623929060539,-0.869157502774465,-0.79712520703731,-1.99338361316908,-1.57608223455736,-0.290745591896356,1.74318222524718,0.680436971261367,-0.200929580244612,3.84927030685661
-0.203936532931102,0.407757911452599,0.15990653891946,-0.529566055102794,-0.478900834710915,-1.12001706058267,0.44565113232757,0.630526377026136,1.13386799605682,-1.62962676048967,6.061798243856
-0.289299445984043,1.83687842335846,-0.368888875838982,-0.52961434521005,-2.38992893964469,1.05035502427566,-1.05120567133885,-1.54913038977463,-0.114292824195824,-0.360733732059771,-0.186560913260794
-0.106316371638955,-1.2758587317403,-1.3307452707782,0.705386620372954,-0.656540930312705,0.151719964911375,-1.47943380640227,1.35648425293282,-0.82848675267055,0.609600179870711,-0.561968413810253
-0.0575884101300288,0.259451548070025,0.715474594410861,-0.731743041274079,0.165865692687602,-0.361086828902171,0.134396992895695,-0.931987728780972,-1.94911227682885,-0.318492605506322,-0.422542562561455
-0.753820875971665,-1.20370866312221,-0.364289434592605,-0.285946527837501,1.03756401757916,1.67386208725048,-0.42171659414182,-0.705810315382481,-0.288399073619946,0.142999085914885,1.67490393430294
1.44280081512355,-0.346750483829996,-1.93818208537757,-0.34988212003969,1.15890744971347,-0.254352041136743,-0.926102185391104,-0.342739284226138,0.479318199988137,0.201132066503997,0.448641218046307
-2.0984138559932,-0.525195999630507,-1.3376614626682,1.52705170682591,-0.929308950352451,0.10321420755706,0.503553703964962,-0.707292374257102,-1.25931652469602,-1.23115648042544,1.75455884225242
-0.013872821985467,0.279880378673694,0.119624105912635,-0.747002194863972,-0.0307079603285624,0.496753039318277,0.75015301935488,0.34418885310266,0.378188078669865,0.329297005632356,4.15345407520509
1.44141019090006,-0.346750483829996,0.345196393545463,0.415484499566813,-1.14233223901531,0.649300562493949,0.213950421274616,1.16803839998852,-1.0100332879912,-2.10009062429599,3.53358555632918
-0.394937107599457,-1.78035467364163,0.481952817552813,-1.11994057599855,-0.823781319004336,-0.187013613889123,-0.295689643546692,2.40793118021049,0.404446256997781,0.321301732164563,2.84031536585146
0.625193367345313,1.46497092158655,0.618310444475779,-0.547166304179171,-0.360090741226454,-2.13162796464068,-2.13069186066336,0.542333614825426,-0.622340596478775,-0.60864461196488,1.89905894980214
-0.62248702069751,-0.697691404024435,-0.589711727465598,0.340629966246508,0.559613293272853,0.480702367101608,0.950649215778834,-0.779984193929444,-1.03540668794105,0.510993797834471,-2.65912154271396
-0.0372715454566333,0.771708554649891,-0.5954331963086,-0.727905496073783,0.950669305074243,0.406900333876496,0.876231599341035,2.77258174936312,-0.43580066001892,-0.428685420781005,1.24103229045873
0.510798987840461,1.10629232487818,0.991675723383194,-1.04395723138621,0.00958868785973276,-0.527598755165191,-0.0312582158344004,-1.75324824748289,1.56554952073234,0.241635928580217,-2.928726262252
-1.74038075901783,0.942767519120384,-1.18926444345698,1.93283044844284,-0.929308950352451,-1.2614302632456,-0.298098263041087,-0.00556335287714507,-1.25931652469602,-1.09690023504593,-3.60756929429481
0.664178589495017,-1.42299382226855,1.05618280752868,1.67921280054051,-0.616869931046349,-0.516429258141224,-1.59915706194345,0.492748785333995,-2.58296282604071,-0.702027367665078,-1.8658170154895
0.626758767471584,0.985621317199791,-2.08990058971358,-0.1046380765159,-0.859653648755506,0.667289152148452,1.14228697687422,-1.10866486750686,0.141072331102788,-0.576699122381656,-1.1360981410439
-0.480420407178037,0.827036562389905,-0.132687296202996,1.76084674776874,0.683229704772787,-1.07247174290396,-3.47856386671692,-0.711522742916138,0.321203132214166,-1.69312925724788,2.8024400783209
-0.927085407664808,1.6950471102349,1.15112100736299,-1.02671089598478,1.00366064163998,-0.0628931459084415,-0.152647856809675,-1.09277155628563,0.0295829336682849,-0.519108034190738,0.826426372630359
-0.205898242063805,0.407757911452599,0.297534073618018,-0.529566055102794,-0.478900834710915,-0.243595935038772,-0.810005153673124,0.630526377026136,0.454348338970266,-2.10009062429599,-1.1101043021869
-1.32389075975824,-0.0579941401602979,-1.01209694267906,0.855936080171404,0.746798415851196,0.868771128914464,-0.587463102121814,1.08060659084036,-0.344972568513132,-0.415855946223222,0.278486133809412
0.449237979044897,0.0438050862563185,3.01911445156605,0.031529464564346,2.05883347011219,2.01795649316221,1.52703944833893,-0.73262310443423,-0.204797963550202,-0.581075600926428,4.98124444678741
-0.410186659197314,1.21258116489342,-0.972869129775903,0.605776140918686,0.182280972163994,-0.294687729480123,0.107429798167139,-1.08316359260296,-0.267558666753156,-1.77980866095251,-3.61501396099528
0.0383499429204466,-0.450235295341193,2.341584994344,-0.259872367147012,-0.11552346181518,0.496753039318277,-1.06600952200452,1.6759906223332,-0.762102203627184,-0.60864461196488,1.16613517024137
-0.641193686149196,0.444718619407727,-0.988694990950461,0.572092115311871,0.55078482869779,-0.576259212937957,1.13675227887833,-0.234892516014839,-0.413118197793639,0.48876010517165,0.301746457446584
-2.33869698634827,-0.185132113233566,-1.01209694267906,0.855936080171404,0.746798415851196,-1.29216842652983,0.0104204292858051,-1.68303898761817,1.00614454847723,-0.460258651212171,-2.24883105084509
-1.68034442983526,-0.499350398035566,1.19870959350661,0.00970097845056035,0.160720208151978,-0.34221096197838,0.752020417321967,-0.427576695866761,-1.79056434429938,-0.658182535496456,-1.00876005988021
-1.67247276089712,1.12054800680478,1.43277683897262,1.28726322001926,0.942751115304959,-0.34221096197838,0.655519663706593,0.192729795667782,0.118052750225731,-0.530796155208867,1.12779157214833
-1.74038075901783,-0.361947444404288,0.188245186295217,-1.65148541489343,-0.278720138531402,-2.27502867172942,-0.0128892613226954,1.41612059742668,-0.954784942756117,-1.07510481875332,-4.00630206419819
-0.711388754872604,1.18041316655658,-1.70035655024715,0.828132259769572,-0.36173344581391,-1.5889756269096,0.373442812901397,-1.48678170390318,0.0395096507591098,0.791622993000937,-1.1559343500125
1.62079002923449,0.775884854566604,-0.444126445989514,-0.35376575459234,-1.35142876613107,0.438356409402216,0.838816676108622,1.33605524230516,0.30847163751236,1.00283247465714,4.15345407520509
-1.05874194683935,-0.512906741815621,1.19870959350661,0.000520003339170235,-0.374691452902072,-1.35064004412235,-0.554004853297544,-0.147012746932976,-0.0822848028228026,-2.17416387539468,-2.16712862634594
0.760230112066437,0.43027554799598,-0.610881097514344,-2.59892019236541,-0.936728714777368,-0.197656905556114,-1.08306758979272,-1.10866486750686,-1.15178591628766,-0.517527080363808,-4.25014829054945
-0.815359495681032,-1.69914121898879,0.424661402810563,-0.715723332786541,-0.296074755171512,1.18479720588202,1.58285810436049,-0.135347151709011,-0.450786363359392,1.64322884470726,5.16731243759553
1.01716273555152,0.274460794307288,0.436532976834417,1.3841753408112,0.482304296950409,0.670747896017804,-0.769556748675993,0.0768432169739245,0.115081152168183,-0.176978601005324,2.5620493758379
-0.643649360539675,-0.50811227389391,-0.305659846895087,-0.353232067636484,0.837598392822342,0.869937666675152,-0.42171659414182,-0.439869481555734,1.36990570540442,-1.19618777989877,0.0727684634844892
-0.494774919049544,-0.593085258786444,-0.493938033321461,-0.353232067636484,-0.445193983328117,0.648725303971091,0.264447850379765,0.065451086385483,0.626234152345611,0.333243555224797,0.448641218046307
-0.289299445984043,0.0447229184334583,0.256251195429504,-0.623304124917608,1.13814993489268,-1.57608223455736,0.0559496430128968,0.44609644361324,-0.622340596478775,1.51018125061458,-1.1101043021869
-0.65183690778107,-0.279045621885561,-1.23847950875852,1.93283044844284,-0.929308950352451,-1.06232599837527,0.31613332586217,-0.733776350225934,-0.22602168623704,-0.481265458113077,1.75455884225242
0.466686285209001,-0.399219192081192,0.969898292825449,-0.95093806437328,-0.916709083831764,-0.156060867155191,1.47156323768255,0.120690227475748,1.65328417342547,-0.248005002524424,-1.64025319706938
0.430381506054566,0.0438050862563185,0.319507292732973,-0.271188992701812,0.039037875853404,-0.342907356956493,-0.787184162871461,-0.357242845193931,0.290032308103463,-1.49105155859694,1.15780284808567
1.3529759615186,-0.0495308357989942,0.14339026843141,0.474746822874126,0.67269967138809,-0.73301906424775,0.0104204292858051,-2.4952701703781,-0.0127783379191685,-0.765152596806367,-1.03280552167403
0.0969493186643488,0.642422499588948,0.158532936614209,-0.960535067597864,-0.478900834710915,-0.726752413653116,-1.2507312286529,0.821324091987007,2.6463121004433,-0.11308743192535,3.89677898440331
0.361458930056755,-1.34161688164946,1.05618280752868,0.114995584496017,-0.916709083831764,-0.450126351492343,-0.499635237818147,-0.077166043939518,0.571717855561852,0.552812243014563,-0.00636651665361887
2.16352068311131,0.34196724655771,-1.1646977619191,-1.64528667866866,0.311283996429092,-0.372938435026051,-0.298146997288236,-1.00888755029258,-0.0941979781908771,-0.193264438980091,-1.80679300262346
-0.111154696849612,0.159087912285342,-0.916144898602081,-0.343322318023821,-0.693209475407951,-0.243595935038772,-1.54956693082517,-2.19023849866422,1.23091418207407,-0.854595234586012,0.942135122545471
0.237410425236787,0.803602346494092,-0.178057565637477,-1.47403201056696,1.45250658939097,0.631560822028771,-0.739077477961731,-0.43136306503941,0.566061223696999,-0.082962405384605,0.410136048780669
-0.16360009894209,-1.38008471781276,-0.895749094530271,1.31066394134545,-1.58208348852194,-0.477565209608407,0.18866444374036,-0.707292374257102,-1.31080722526585,-0.503448052658411,1.75455884225242
-0.641193686149196,0.210412684629618,0.0379903900369007,1.25082136268531,1.64534150008143,-0.974038933987022,0.709657364879472,-0.00021637560615154,-0.680082696316367,0.854207204372796,1.17891597705083
0.430381506054566,-0.997955646946647,-1.07066918667785,0.679693233835161,1.18119029362863,0.0332286508764386,0.559549069047332,1.55146488283029,-0.530394721350839,0.356887940912598,-0.980050937387781
0.365125374665937,-1.81797304299129,0.00735198470005562,-1.58076219333054,-1.80664004557913,0.499460740423028,0.0242613751190954,-0.862405817122761,-1.12510712698153,1.17131768773388,-4.03064514717699
-0.0177148140781974,0.279880378673694,0.715474594410861,-0.731743041274079,-0.0307079603285624,-0.546506755888415,1.58285810436049,-1.88455461531422,-0.50304391023461,2.58755203544262,0.872612642933698
-0.322280477653829,0.592409051813404,0.107107147545086,-0.425697926393253,0.407060164262817,0.277059048419663,-1.30247613448747,0.99094370708146,0.378188078669865,0.0975525684738417,-0.869031956101106
-1.24724650852012,1.12305369852094,0.274019421739967,0.992513020066475,1.24102280900346,-0.717607987743945,-0.216998080789598,-1.68303898761817,-0.132161477303841,1.51018125061458,-4.90576566700528
-0.801113526730526,1.55251608886906,0.300250250131066,-0.969948723606716,-1.37913947236205,1.18479720588202,-1.11693698552438,0.0387331459358976,1.57278291576931,1.95758581574106,1.07048424358568
0.283967913929964,-0.106919562109583,-0.6455873385203,1.2949689176676,0.147172837836596,0.934263342303827,-1.34390329077311,-2.24879162623303,-1.89729125913162,0.000896411485677286,-2.07104246735005
-1.18001960601701,-0.679497039713809,0.484625747235336,-0.992323266941961,-0.386051332077465,-1.45276955604706,1.58285810436049,-0.3489425990532,-1.37417228961035,0.196578935421695,-3.80391240116311
0.57391769498192,-0.452847145986916,-0.786379727232278,-0.19374012360097,-0.647471471633486,0.891922401765118,0.119986738576249,-1.8143229557369,0.325537186303806,-0.52722316230373,-3.12683950611503
-0.702388693172492,-0.0296975893771336,0.298452522812464,0.578257365610373,-1.43016141310349,-1.5889756269096,-0.240296440671856,1.23199460301862,-0.622340596478775,-1.0088035768791,-0.581862739309619
-1.75707811766811,-0.361947444404288,-0.21635248601174,-0.854845579184393,2.5979368633995,-2.27502867172942,-0.337808713125255,0.552512359053513,0.421097806647273,1.2333891373038,-0.785421376317874
-2.33693307613473,-0.185132113233566,0.100878715830853,0.33364695699491,-1.24546839103881,-1.29216842652983,0.434036631431211,-0.0311513174311057,0.80553513712332,0.295378605303692,0.448641218046307
2.0002221061798,1.40752489607358,0.496954512015659,0.234547063458982,-0.49820575895204,-2.13162796464068,-1.24563129443378,0.206596647475173,-0.163777776231306,0.621823520583293,0.689401376654687
-1.11319452117091,-0.0660104730144591,-0.561638534479694,0.518886960140919,2.40209217352626,-0.997481243132507,0.805633298121398,0.140509075454855,0.36540889425891,0.326119255832826,2.43818278448812
0.177532059385164,0.207020307663393,0.119624105912635,-0.829710456843155,0.433719478460729,-1.03766447866333,-0.787184162871461,-0.460789713264432,-0.405329644847465,0.0837112743761774,-1.89386518091308
0.891604644503573,2.00481695790131,0.873713052491316,0.543651634899161,-0.514322370476105,1.15543274245203,-0.327501205288211,0.617480989006242,-0.309105626678594,0.887818052165006,5.28545405003426
-2.66107017364339,0.519019222879442,-0.275763727831777,1.53223520703006,-0.127169734980492,-1.29216842652983,0.4585727048715,0.192729795667782,-0.191042199975235,-1.69312925724788,0.747728637794653
-0.294164877404566,0.0447229184334583,0.256251195429504,-0.623304124917608,0.407060164262817,-1.57608223455736,-0.476767427829419,0.44609644361324,-2.10267830481618,-0.702027367665078,-3.51052343216871
0.00634715490652544,0.0232135773615456,0.319507292732973,-2.40683805520618,0.820562135172623,-0.336383082500156,2.22469659196807,-0.00251286696555344,-0.527156515390837,-0.99135784875099,1.11589512071395
0.952850898586647,-0.0110388654626675,-0.0440207836049609,0.967201282149301,1.48535937627404,-0.73301906424775,0.829718351188158,-0.79230718165056,1.37999191920652,-0.725412845404448,4.24719422456688
1.22662667718136,1.43407800641782,0.00865717994172083,-1.10974409346499,0.650080847681456,-0.082148117609643,-0.239373929324001,0.0103235637323793,0.165071651246475,0.413893773037102,1.15780284808567
-1.18001960601701,0.02376580994356,-0.345895489559643,-1.73561996740979,-0.481651961980722,-0.997481243132507,-0.0128892613226954,0.997603459043112,-0.870261876118097,0.913425400326398,1.22796214378535
-1.11319452117091,-0.0660104730144591,0.678438156352037,-1.5765086131003,-0.716674936199137,-1.45276955604706,0.511287663960757,-2.93486766281049,-0.146570693503866,-0.0536102959894211,-6.56686145707464
0.150855591529771,-0.487622404769417,-0.896085521053407,-0.79712520703731,0.827662512358893,-0.413015970593252,0.292602967281753,-0.133958043197636,2.07482086649096,0.996727234723551,0.448641218046307
-2.48979090929363,-1.61234259778391,0.424661402810563,-1.11994057599855,0.89537408501186,-0.319403957624751,0.915157386441605,1.66969070339286,1.41139984759604,-0.544796157898467,2.41195004462856
-0.657949920638097,0.602819353288526,-1.38746791152707,1.29357931110431,1.26931498768824,-0.576259212937957,0.870120732281319,1.0359974018824,-1.25794048140675,1.47155878755003,1.65437496473462
-0.369511244288014,1.22348893493839,0.731625516229922,-0.0548360289713363,0.504984960770834,0.501520460234578,2.17584695263461,0.318751535219775,-1.24893407469171,-1.27227360404709,-1.03494350197222
-0.300516223298101,0.0268000124293394,0.201630378801038,-1.80912907178365,0.814283539614058,0.93263415063806,-0.839587557700823,-0.833644098952275,0.214881116016378,1.77203805643153,-1.40578561699231
-0.1502642351378,-0.184153396079375,-0.604806215977214,-0.360314154846406,-0.693209475407951,-0.0837291822753816,-1.54956693082517,-2.19023849866422,-0.47163689654492,0.449659656520922,-4.50091799727757
0.466686285209001,0.956237529485421,-0.2210063131187,-1.47403201056696,0.101445095030157,-0.541864830784005,0.399384739855552,-0.532730200708922,1.03725104336257,0.0583765940826968,2.73550146628162
0.616057842426375,0.677323561464598,-1.49810088392149,-0.492994261395563,1.90353866017545,1.15184432772114,-0.983524634038886,-0.636082640878509,-0.0511686417552445,-0.082962405384605,1.07048424358568
-0.111154696849612,-1.60275663453397,-0.790190836655707,-0.106577084792324,-1.58208348852194,-0.477565209608407,-0.175143596405384,-0.167081228200191,-0.94358375818463,-0.443089641693552,-2.13460440753943
-2.6727745120712,0.473649554588802,-1.1751747893498,0.619803155431044,0.746798415851196,0.580783187991355,0.0062541592906787,0.391860271373809,0.372144570825453,-0.415855946223222,-3.67177153611255
0.241358071541672,1.63252718715304,-1.89335778580116,-0.33455245946278,0.782930553054383,-1.94888422626186,-0.642551502071398,-1.60561438176646,-0.199053959873497,-0.567339759962197,-2.65162523504478
-0.203936532931102,0.407757911452599,0.0323527171010717,0.680838712995591,1.56941388231764,0.289336451805182,0.903415293468507,-0.764839790819816,-0.94960871731448,-0.179628582048857,0.0733182458000974
-0.702388693172492,-1.51389201749253,-0.464393048010153,0.0926588425985715,-0.556432651639978,-0.117027764170976,-0.175143596405384,-0.637977316280738,0.175668895388002,0.333243555224797,-2.65912154271396
0.833206696127733,0.793640334493214,0.363445974853127,0.223064617642777,2.24262673731904,0.323915650457949,-0.166556106629361,3.4714932139273,0.877580417543698,-1.0088035768791,2.91550486069818
-0.425853689033984,0.558581047443352,-0.851864264822874,0.813704514363816,-0.339139577161698,-0.847913985605052,-0.290745591896356,-1.48678170390318,0.36540889425891,-0.503448052658411,-1.1559343500125
0.644898512032334,-0.956822915949149,0.00655654635653031,0.0941724634925349,2.91271158511059,-1.08861991464469,-0.571313879338779,0.0662977656299683,1.99887601211966,0.985539689541564,0.448641218046307
0.611146254424759,-0.120222633207991,-1.62417807779521,-0.492994261395563,1.00086840029308,-0.750341388988201,-0.423394205069335,-0.342739284226138,0.279390544529722,-0.082962405384605,-0.985647519842514
0.0779992089088017,-0.271097485421096,0.104592319017412,-0.854845579184393,-0.519367524226294,0.879908559279133,0.9491636482746,0.269417360894601,1.39074520408372,-0.103307244820142,0.0727684634844892
-0.873611878843421,0.711796409192687,0.680720354325044,-0.434790191916869,-0.0409432393305315,-0.506878879045896,0.134396992895695,1.41612059742668,0.166152971699314,-0.717940521533152,0.301746457446584
-0.207388145687942,0.407757911452599,0.15990653891946,0.167605642543014,-0.606395224688965,-0.243595935038772,-0.810005153673124,0.630526377026136,0.454348338970266,-2.12079100994102,-0.869031956101106
-1.04839569988892,0.612526614047545,1.59197481554154,-0.574934132017634,-0.638765061065547,-1.35064004412235,-0.45424774640842,-0.605852710386041,-0.954784942756117,0.632812271255855,-3.60756929429481
-1.25648435825528,1.16009090735963,1.43277683897262,0.992513020066475,1.61147105937609,1.91854598603198,0.743598502814017,-0.439737149607664,-0.539116365239173,-1.57181483311626,1.8258153696371
0.0383499429204466,1.59818319851331,-0.440457129288037,1.1750882318069,1.30044113016376,1.55478721478271,-0.642551502071398,1.15111575769069,-0.530394721350839,0.933805121806292,3.55786061625873
-0.947314347628342,0.927516532311659,-0.37587020508739,-0.52961434521005,2.5979368633995,-0.506878879045896,-0.983524634038886,0.448119651876267,0.549775718906462,0.107743290923954,1.88159116538794
-0.172833982833099,1.37892710707325,0.107107147545086,-0.0548360289713363,-0.740772602283891,-0.449905433008874,-0.290745591896356,1.33972626834206,0.969053009267271,1.38116463217929,4.14062509976546
0.654228647735094,-0.956822915949149,0.709986419237183,1.27635807571144,-0.616869931046349,-0.516429258141224,0.635391620001525,0.905781795260992,-1.25666788497718,-1.32926468395346,3.06718918285734
-0.594878598135358,-0.0171806285787887,-0.42389994545133,-0.921005290281662,-0.165007420520945,-1.21832510018424,0.625702897562213,1.41612059742668,0.658898575072002,-0.0648846033532961,3.90008312145981
-1.26472801868351,-0.388500581802245,-0.21635248601174,-0.854845579184393,0.867131843447435,0.121678217677554,1.23720337962927,-0.392937655513439,2.07482086649096,-0.692336997226504,-1.64025319706938
-2.39084188891807,0.579326388703484,-1.1751747893498,1.52705170682591,-1.51011982315537,-1.29216842652983,-0.267239582000271,-0.00556335287714507,-0.91652326725251,0.208490612750373,-4.54250539239342
0.124173512233834,-0.000143506645172556,-0.389287992825913,1.47566294490148,0.232468577998601,0.131437277211718,0.75309231834498,0.660128434383342,1.87421929991863,-0.863677893941354,3.56369998570034
-0.378344453523798,-0.333108163941298,0.822398359109407,0.0512585362025462,1.26613699511658,0.501520460234578,-0.166982487170013,-1.79445043478893,-1.29995056357032,-0.224526917479901,-0.213780654376595
