"X1","X2","X3","X4","X5","X6","X7","X8","X9","X10","y"
0.0427511120031559,1.33025682297943,-0.271526424069006,-0.0550512500578972,0.601801424125433,1.71889566821034,0.577119952051255,0.27153257708738,0.962591712364014,0.607616363244279,2.71906390546864
0.0964961742702128,0.843653597389805,0.143856790025135,-0.307593307520513,-0.993379336473402,-0.381030724326295,-0.462952205851048,-1.24300099660426,-1.04055750780393,-0.59935601344355,-2.379072188329
0.976098832665292,0.427673389716897,2.70880969793982,0.849838582393423,0.908653251657622,0.0766257382791913,0.729075479667589,1.40374673678083,-0.15081783830979,1.91607286317229,10.7973948549867
-0.215296902015372,1.09761376011278,-0.148908427937248,1.39687198240598,0.851090592037724,0.429996745292753,-0.276326176663766,-0.741434440973418,-0.139377281160398,-0.369531208460593,0.741571198262353
0.293112569082109,-1.37531080039506,-0.951137540082094,-0.182364840096127,-0.231471593313994,-0.416015553878307,-0.32131231960859,-0.0585310190248018,-0.887464941714989,-0.90566415702293,-6.07187218560834
0.351663578693054,0.330586957870398,-0.592229250364911,1.08245183539443,-0.212681296669119,0.617890452790661,0.375367737189677,-0.163079758585054,0.761921186841156,0.174308517589951,4.9617914008894
-0.308289451717439,0.0343658904509418,0.0369235584263903,-0.624690471267606,0.45754606077373,-0.176980855574639,0.274544924365264,0.39686268198867,-0.1962014955663,0.737845014154325,1.75635765094934
1.24284644156645,-0.190006806949049,0.724622134189721,-0.212288787760401,1.52950269277618,1.2236131024209,1.14410232664601,0.708890989542118,0.978733334496095,1.42063468640275,11.4071234669922
-0.61690958595317,0.388900783481453,0.132765508083899,1.15478350539998,-0.178188424115736,0.631216877426342,-0.942068565006309,-0.49534463445011,-1.13250488137424,-1.02144235116401,0.437521518496536
1.15034182300576,-0.473058745361536,0.312994474786146,0.300190715652895,-0.108027422922992,0.451369576736697,-0.85844652287096,-1.13814355996958,0.577319396577152,-1.09723743233786,1.42084386450182
1.92311570727962,2.18690365041034,1.67934091095454,1.83976565631089,2.82927731823649,1.77626224461036,1.16156696016803,-0.0581068854991663,1.81671006730291,0.550487415104065,13.0304036524359
-1.03942834217377,-1.06040936255947,-0.722578857956381,-1.8715777887039,-1.07777446406859,-1.18188774000786,-0.974274553661046,-0.35166239726072,-2.04889243834857,-0.0309977962759864,-11.9668069199007
1.46049788058875,1.54241971253209,0.7050461841602,1.19794780784437,-0.215045476966702,0.785974352403908,2.14531702380968,0.667194423248072,1.98667195342443,0.402095078814472,9.22701674155367
0.365657835414465,0.579599709427227,0.974522643269015,0.839825526523456,0.334456027004488,1.0740438838318,0.999886748150536,1.69962718518757,1.03895760713342,0.589218183754703,3.98759935430716
-0.918480204794114,-2.14225539199035,-0.180627893548449,-1.7231701046421,-0.605127311961557,-1.86986813420214,-0.482765441539933,-1.27175301854658,-1.10131633163238,-0.874967950512196,-6.6358838933193
-0.527798213283998,0.118050717547032,-1.43918466614789,0.165318513467585,-0.205601158441589,-0.43265643673468,-0.723076845297275,-1.4331536727054,-0.328887926869977,-0.331169161099575,-1.42811005531926
-1.61943068565612,-2.76027826207565,-2.78527979973422,-1.40494529680564,-0.84125895110213,-0.845532631352396,-1.35549454887359,-1.33645823437011,-2.82054147900893,-1.11417912769883,-10.7425050249079
0.590366113116993,0.697674728001452,-0.152305547848904,0.354425608623866,1.0670370816185,-0.0836970054372156,0.913620049893813,-0.741434440973418,0.642857622400179,0.620409640189259,4.6066551155572
-1.17303386964626,-0.759219249607476,-0.0125470832220515,-1.53382440458189,-1.42022312905341,0.241318864158554,-0.117070503226547,-1.17556938572671,-0.6855425226239,-1.1008237124773,-5.46562709505952
1.21368374793812,0.686512938616882,-0.861344397881133,1.06280241814378,0.370220811875605,1.03524151104273,0.531306665040924,-0.419032642364832,2.20391835893627,-1.15334694454986,-4.56619749184366
0.195354519923769,0.895494665427156,0.766579598280278,0.819447385595208,0.704674980833772,0.800130375817668,-0.450310808193421,1.4236235385692,1.11459591623334,0.151045446213047,4.59675665465144
0.438492746336878,0.267934584369835,-0.52050433172468,0.273860718599665,-0.288214594873555,-0.185908687424208,0.973959116175782,0.245610445030883,-0.283789430202776,-0.286201261180256,-3.21360865563165
-0.656715987587783,-0.504808077105243,0.1591225947442,0.181445148001638,-0.926850709723045,-0.125188699856743,0.382861335636688,-0.457522918741374,0.250426973689541,-0.48611344427379,0.249949318949907
0.133084699295085,0.126998641921735,1.80557024558091,-0.190962020776698,1.73300806529033,1.01408552683062,0.869871025766615,0.988603744287779,1.03895760713342,1.59861425293815,5.84692082305562
0.301205930677843,0.16531211212856,0.913227535921609,-0.190962020776698,0.279389702519102,1.33416371601748,1.73917229706298,0.356642106735888,0.978733334496095,1.08651125373168,6.6269605439275
0.279539797497668,0.526750225074108,-0.496505485655097,1.25852241761005,-0.358683722658871,0.666794885140552,0.0646802636789941,-0.568078175060201,-0.65364183961132,0.714838878213572,3.741962522182
-1.31411875018537,-0.91849396317924,-1.74392872469506,-0.545109589224021,-1.59630834192686,-0.697935775693848,-2.53050010385577,-1.15162602216261,-0.0196468687877709,-1.55095190936693,-12.2398004197497
-0.855773657940806,-0.570071328990221,-1.95848061598656,-1.90437427318838,-2.00685266031094,-1.03053775159296,-1.81698280984662,-1.33645823437011,-2.43316149544245,-1.55095190936693,-12.6386870968713
-2.7609742870506,-1.16395980739514,-2.68238462787681,-0.545109589224021,-1.70670870799237,-1.12358174201418,-2.26774650628984,-2.2522836373762,-1.74139906943422,-0.895764204166168,-12.2398004197497
-0.625054788052976,-0.533955664065359,0.1591225947442,0.306531874089102,-0.225541302150735,1.93495514875651,-1.23529929816425,-1.13814355996958,0.528424788205147,-1.09723743233786,-0.260094694077703
-0.978632328821004,-1.82742497077567,-1.53555928958715,-1.53054615829818,-1.23245449148365,-0.489387104558811,-2.53050010385577,-0.798971185382396,-2.08169083864838,-1.17448908429331,-12.0305556522187
0.165827551922348,0.521159168941632,1.0010698864718,0.839825526523456,0.694659848231058,0.354690105678805,0.607502553497416,-0.0414567227385826,0.701004696427279,-0.00390500391416542,5.32860439337174
0.806435102645881,1.81211511662055,1.65911116101836,1.30551930168738,2.13137415593179,0.254056844660438,0.784431444292084,1.38827364847035,2.06166610826492,1.05547998167286,15.1799745728917
-1.89258810493151,-0.626880965268648,-0.0125470832220515,-1.13957836510196,-1.89140449184734,-0.502845116198475,-0.084786987893804,-0.152679125961122,0.645587939944913,1.11493991978597,-6.03996909418207
0.394140118098684,-0.776898718979738,0.36701601175955,-0.107852219333623,-0.422335290027933,-0.787252795814818,-1.04616850606185,-0.0287888400795295,0.668651632807239,-1.1905572821908,-0.776326239234687
0.102539483355374,0.248370611717436,-0.52050433172468,-1.09183541207952,0.290970684635201,-0.356665808519356,-1.51396995827193,0.171306608858369,-0.0440316366895314,-0.462249302381286,0.875757120085205
1.78288858228692,0.916504588559718,0.264558152957273,0.48910997192828,0.789215609222765,0.640532898618512,-0.180605249843739,1.77570228030898,1.6203085550439,1.82160625129417,8.46601383034754
-0.563239332156643,-1.07301795372838,-1.36515387227831,-1.08546349364557,-1.4261716633548,-1.79549594169473,-1.01589692726097,-0.240467357953563,0.00393116483585576,-2.55606516126491,-7.66542239188339
-0.587864146415902,0.322102528131645,-0.200038136612183,-1.49669791580204,-0.254018085931328,-1.0180982788883,-0.165334500308805,-0.728520995962595,-0.99413464146501,-0.331169161099575,-6.63823809951543
0.705649436646363,0.486656116487266,0.660329902524182,0.125398787425051,1.42139870585365,0.483747900012582,0.898430196432481,0.0830516671089139,1.20223214049936,0.066937911952375,5.40063174619915
0.340501705778621,-0.128533899061422,-0.283325972739397,1.71503447557723,-0.766769677577291,1.40746691065868,-0.318840670774678,0.108823270916729,-1.26088634741854,-0.0779599771148941,-2.51468922355005
-0.792162268113041,-0.281918786736247,0.0136343465925459,-0.402092985990412,-1.42391422474132,-0.0572536769158666,-1.25112880117602,-0.223401161881968,-1.02419086809394,-1.31457644714918,-2.17864022032276
1.44465443603709,1.39972064172401,2.10202095221342,1.67695423538531,2.13786156667976,1.08431364307924,1.75550130708472,0.665124844828651,1.17144760876433,0.761499421683846,14.6163266978453
-1.15736996077947,-0.43531466606371,-0.489154284674336,-0.434647518581778,-0.52452530141038,-0.983762698575202,-1.18690284225656,-0.835568222712008,0.333958117845474,-0.449146819427028,-11.1323623918009
-1.04507008617251,-2.03649120288512,-0.577849354546272,-0.192900519668355,-0.338272899950037,-1.6839985168582,0.0524992497246893,-0.500296384476487,-1.04402759511134,-0.540952656589485,-4.88626638923363
1.3444521618804,0.84505708379179,1.553276933798,0.254450051484356,1.64089520122632,0.767301687130721,0.827499892205161,0.035445021476102,0.681919182451497,2.02073910600792,7.66108154989741
0.31187637136118,0.112966802368866,1.80557024558091,-0.00960830371522181,1.73300806529033,0.253653961561446,0.525751529642982,-0.585398937077453,0.526643834436103,1.59861425293815,5.32860439337174
-0.760735990471967,0.322704708738545,-1.1758002622528,-1.03045979478419,-0.276720688685306,0.697953519867352,-0.551082748358437,-0.066555016956258,-0.205348432252445,0.0655530352420431,-4.70789355316743
0.2635077314182,-0.186993601711088,-0.527501796456829,-0.437724847555915,0.040990610408057,-0.719862908310888,-0.302987393450237,0.140643720194412,-0.779858423822266,-0.58547960785098,-6.45826911254118
-0.234255479046123,-0.534815093887105,-0.48775723795742,-0.692764309654911,-0.555071633204229,-0.356665808519356,-1.47493387795786,0.196353932195736,-2.11190960106733,-1.31457644714918,-6.10744480398893
-0.320511947640718,-0.429419069800739,1.4756562448694,0.30487793034435,0.391148523644228,0.235159635411618,0.363069312464187,-0.117599921856856,1.0077100790899,-0.472915332053465,3.60576720246107
-0.895913885252529,-0.878283561113898,-0.622094767986422,-1.51773073806672,-1.70087741967949,-0.915080363351467,-0.61622443290397,-1.34335238678658,-0.558004869761534,-0.940181906364461,-6.12330239605512
-0.521932950858587,0.917602000144705,0.792647276568803,-0.849760760354448,-1.80183511734694,-0.798227293359861,-0.933519433082503,-1.77332904427577,-0.287321784694665,-0.596477226205967,-0.776326239234687
-1.1554329202879,-0.993958166870872,-0.987948771632638,0.483275205769726,0.919887597923543,-0.35583671025995,0.294512795474195,0.506375968684249,-0.5860890548935,-1.90011817808574,-2.31228690372563
-1.43971251008078,-1.31227216434433,-1.37305457955755,-1.21141739003333,-1.75086326391225,-1.34546569541819,-2.20758987096183,-1.53182349732594,-2.04518061452559,-2.04056538309738,-12.9895119529953
-0.80056712895608,-0.837889917156259,-0.79718176496221,-1.06050448001788,-0.504879471086799,-0.824799285263723,-0.559059158845541,-0.765690858717353,0.0254498615882815,-1.27554061051858,-10.5186962224494
-1.47226032734351,-0.869301746143268,-0.262763353259755,1.66164180458014,0.919887597923543,-0.499688907548927,0.294512795474195,2.13712423924962,-0.733258567832291,0.10434556339028,5.74144427013316
0.816165807573407,1.81211511662055,1.65911116101836,1.82103370118949,2.05350835767192,1.13399313694024,0.068026770482072,0.827659664517233,2.5189457190657,1.17489290699311,12.0299915960014
-0.7233239930724,-2.73979063613403,-0.520600406697308,-1.36341076193929,-1.5731493280331,-0.489387104558811,-1.14983258234077,-1.34335238678658,-1.1643433873882,-0.622876783524877,-6.12330239605512
0.31187637136118,-0.431278237257299,0.633381260778161,-0.00960830371522181,-0.146077716314707,0.00627992578643611,-0.278850495877804,-1.24213412189243,0.43535272477705,0.143564575001586,-0.151887699269352
-1.04507008617251,-1.00741982250375,-0.722578857956381,-1.2888220691816,-1.42022312905341,-1.82694288930019,-1.8599841612017,-0.875685417266012,-1.78378983697779,-1.19146515681801,-13.7928589191502
-0.234255479046123,-1.93761985114626,-0.554873026003551,-0.561719066988315,-0.893392012168169,-0.845532631352396,-1.01589692726097,-0.0420415720173354,-0.993195057784945,-2.01153154573508,-9.56677972154348
1.20404404780354,1.88285693842223,1.6172783988631,0.763357372469496,0.118778891101391,0.873529340608193,0.68607970412217,1.0694285521321,1.54420597258187,1.07588380211777,8.89078917211554
-0.419530149036071,0.02549570740179,-1.06110370670385,0.484016666592964,-0.205601158441589,-0.29338446072872,-0.137836827349403,-0.103924532646977,-0.1962014955663,0.546991977478141,0.5097768305519
1.55499952485284,0.294631154825326,0.155900329605517,-0.230255301069418,1.52950269277618,0.767301687130721,-0.206799654983904,1.97481163819545,0.686874582618074,0.732142378383419,4.26419681665434
0.873944172038419,2.67556296895175,1.97011906068933,1.30551930168738,0.950429485907975,2.00936310805441,0.902352043934898,1.4132060503839,2.5189457190657,1.61110129128236,15.011638550849
0.63500797158346,0.164898658147793,1.04131380175641,0.913101123633325,0.233886012398905,1.0740438838318,0.346488761533098,1.10352930627376,1.14496728446475,0.209338463372561,8.89078917211554
-0.00852236880858605,-1.02850501161935,-0.490170308939204,-0.680137190645872,-0.415966530201132,-0.192543219442814,-0.32131231960859,0.460277482025103,-0.180576810934941,-0.745248218827315,-2.48032641524698
-0.1762114154354,-0.532569784806749,-0.48775723795742,-0.535151479204823,-0.893392012168169,-0.477576964345879,-0.615405083922596,-1.04099260855265,-0.790246434416162,-0.959937285328042,-6.79508876401386
1.53730521988265,0.294631154825326,0.297800885723276,0.807214881653037,0.488986279732254,0.96713036611544,1.32528370466428,0.283442583383136,0.303030485362698,1.1961424465066,6.08616345505431
-1.20122694555187,-0.281842538167879,-1.34906580852736,-0.293458507913617,-1.12906766225721,-1.03053775159296,0.12434277265486,0.721131714589513,-1.02537688166355,-0.235824442721183,-5.85215182535652
-1.16339936380734,-0.993958166870872,-0.989900578332913,0.483275205769726,0.919887597923543,-0.35583671025995,0.294512795474195,-0.0876126917418727,-0.594099038127542,-0.472915332053465,-1.97448221619964
-0.377041438433451,0.248357197095268,-0.590667819731869,-0.675237037628285,0.61494291724983,0.21851814917,-0.161976883324155,-0.38192148214781,0.700753651148561,-0.804049674668088,-0.378634504079972
-1.60804743101341,-2.76027826207565,-0.520600406697308,-1.36341076193929,-1.24529292740247,-2.02053634373983,-0.796880651870832,-2.36011418469708,-1.52955106577165,-1.46076023618644,-10.7118823187675
2.58323847379527,1.61117633835806,1.58231753778089,0.556784431203632,0.323769230203757,1.27956423754919,-0.351200277262805,0.155170016965439,1.35791861959171,0.665471386614188,8.28190821844773
-0.0236638982695731,-1.47439225727292,-0.707698222356267,-0.680137190645872,-0.231471593313994,-1.31768979921252,-0.153641631694243,-0.486096302901838,-0.285282175012898,-0.556526789979234,-9.24546135743873
1.65048536680153,1.05178619768111,1.83798057820471,-0.706353284276841,0.584775200235919,1.87550801035454,-0.351200277262805,1.97481163819545,0.482233394692711,-0.288406454312748,0.809206560842278
-1.4834848157874,-1.25115900298403,-0.31792496146284,0.114559249003877,0.252359742086898,0.0101588557091289,0.842556113513425,0.237700241089699,-0.187315046685689,0.542670625662552,-1.7549748057188
0.263020370062992,-0.128202690742004,0.490349625880206,-0.190962020776698,-0.115058995695728,1.01408552683062,-0.278850495877804,0.460277482025103,0.681919182451497,0.497499343545375,-2.22093264495048
-0.608285556116271,-1.26220326245351,-1.03958675800941,-0.59941071810089,-0.885277414715563,-0.285041983005391,-1.24992860571687,-1.0216257089875,-0.572885886927835,-0.154416966663567,-5.31836526573484
0.55087579902657,1.42486782109678,0.734191184916924,1.3733646981664,1.03713424377473,1.55327484392963,0.902352043934898,0.380198227462063,2.01295636614625,1.09515400801243,12.4646391655257
-0.764275488937643,0.411669471430453,-1.06740805651037,-0.988988962885178,0.620314834885573,0.0404234469705698,-0.551082748358437,1.27898468130534,-1.05804374725632,-0.607822218311038,-4.66977548355509
-0.953759569698913,-0.937581589952152,-0.00516111436960384,-0.314263307022503,-0.461848422789677,-1.43831188799413,-1.22932941196209,-0.694903000857915,-0.6855425226239,-0.599133603584644,-8.77689103947916
0.211266842953858,1.45504005568052,-0.791953550216707,0.458697390566733,0.772800857029347,0.881073631145578,1.38112933797538,-0.0479298406113783,2.18956868407199,-0.0739060445625466,4.64818770683206
-1.6110563724645,-0.139703620601195,-1.0697496002437,-0.0832642007034946,0.403028238878081,-0.649748076979147,-0.756863439476649,-0.929477321652196,-0.252361205980246,-0.594775761691148,-8.84628907174811
-0.048937315459161,-0.640019032433711,-2.17117530765388,-0.526764559955312,0.360483414117182,-0.286234259246242,-1.9490350652217,0.101717481070686,-0.32421092762429,-0.226557207701811,-1.32014411346251
1.32104966732904,0.84505708379179,1.90963390495247,1.79654665416599,2.13786156667976,0.886636450819666,0.00323088645757313,0.965120744628552,1.1894747887855,0.894385872718816,14.1502781653974
1.97829114202174,-0.255167647001216,0.663515396414106,0.388845605535711,1.32129708943785,0.912817880428643,0.710223025905258,1.42588241291385,1.34132570564433,1.82160625129417,9.21330104176925
-0.854687202251781,-0.135305082235964,0.741458421496078,-1.4806821831476,0.341578864703179,0.116323647757001,0.623639450189419,0.708890989542118,0.225539077329495,1.22437409614408,2.70898086459164
-0.281095068754928,0.81074933045106,1.25519608977651,1.31491522320142,0.768112912569922,1.24703523108861,0.380845937093042,0.220264347537273,1.28436000742833,0.737845014154325,12.0760985287804
-0.289418661692876,1.2066896313275,-0.413949800055564,0.226894871539306,1.21278407980601,0.119708384818213,-0.276326176663766,1.56215000889438,0.350984371252789,0.342822761402879,3.10647359158406
-2.03590948429275,-1.27159008799455,-1.21310791146498,-1.53054615829818,-2.47297324755588,-1.34546569541819,-1.6989715781354,-1.87329415241794,-1.55178681906474,-2.53358966600742,-13.0179588569867
0.491413189478535,-0.667813799384737,-1.00813688271263,-0.976242400180955,0.772600901651428,0.189511979873963,1.11109230392328,-0.852551672515371,-0.813935653309078,-1.15334694454986,-1.83408515318022
-0.966901715042495,-0.650768907347815,0.0350843985793989,-0.257846919436463,-1.42391422474132,0.241318864158554,-1.25112880117602,-0.858242234628536,-0.532822000770159,-1.31457644714918,-2.17864022032276
-0.249793684891772,0.777532005297686,-0.34848709555634,-0.819979186798595,-0.457838809784045,-0.356665808519356,0.223444851075013,-0.258500478852435,1.52340086291341,0.251476426113144,3.55266795833185
-1.53034487768723,-1.19470674284944,-0.989900578332913,-1.38370828911866,-0.895209592050734,-1.1854734598986,-1.23783379629096,-0.949024036052803,-0.923996007099992,-1.07679984022885,-8.368065472354
1.02032700914437,-0.817730657881291,-0.161635241228799,0.398556386354234,1.32129708943785,0.259029175913754,0.512029104447284,-0.0876126917418727,-1.08644255445274,0.0295058682568116,3.03438432882717
1.10928412099153,0.914803875394615,1.59834669424502,-0.452328455137775,0.365425718371261,1.87550801035454,0.869871025766615,2.1241873482668,0.368576191408789,1.40261771717947,6.45006551818308
0.165404320632437,1.20402778244739,-0.528010102106118,-0.713610739483659,0.695001818980556,-1.45364748755199,1.13743620289979,-0.941079637769131,-0.0871929073202201,-0.297616453233971,-2.51774606871666
0.159740292886988,0.380780698814483,-0.130048052890514,-0.0550512500578972,0.264732784944658,-0.413390120687815,0.0974523358973755,0.808948739367242,-0.0440316366895314,0.869876720137893,4.19106610920339
-0.726457890812976,-0.291586140868469,-0.338929404223283,-0.988988962885178,-0.52452530141038,-0.03902615902451,-1.9314240305841,0.0676592355543542,-0.448267688012804,-1.13609416479178,-5.42279836078183
0.2635077314182,-0.414035082604098,-1.10636323793063,0.841337886565225,0.145708520672455,-0.261164658637801,1.11109230392328,1.34252838944306,-0.733258567832291,0.300499764459173,7.86475830508246
0.448138930250557,0.00467173473879432,-0.285220198388414,-0.255667271241598,-1.28356527639867,0.604918726790629,-0.78668557944019,0.793661273958282,-0.182469493088,-1.1905572821908,-0.776326239234687
-0.170023674521286,-0.0792773919405517,-0.817500720648501,-0.762739262578698,-0.912663887441048,-0.477576964345879,-1.00172977586817,-0.973049449584651,-1.13836887506441,-1.31457644714918,-3.45349891031705
0.304196443577737,1.25181283768832,0.734191184916924,1.59045945703754,0.810917534607998,0.262036327868411,0.797015049965838,2.28606793738789,-0.646499589720367,0.151045446213047,7.75986066839887
-0.00852236880858605,-0.902999344685971,0.751229884997174,1.52813187772124,1.59554632328723,0.00627992578643611,0.521118534735185,2.28606793738789,0.225539077329495,0.757750141197263,3.64393621314019
0.873944172038419,0.255397408318106,-1.14631604369435,0.0181675369645405,-0.811275250343534,-0.336803949358956,-0.489516947598983,-1.35081479924586,-0.794331269661873,-0.239175925489699,-3.61837333653722
-0.946608373344157,-1.38415909757324,-1.27030563318704,-1.0103272715015,-1.4261716633548,-1.22338693067722,-2.04351603420849,-1.53182349732594,-1.74139906943422,-1.17448908429331,-12.2398004197497
-1.38047580398304,-2.15142850837649,-0.905828086744836,-1.64919505092459,-2.61692801030547,-1.15017350105456,-1.65191898514883,-0.937807067996031,-2.91955355626995,-1.46076023618644,-17.4935936301681
1.24877021870346,-0.992817601155525,0.689993134588277,-0.125804490160123,1.52950269277618,-0.0315126539577711,0.710223025905258,0.976333298130027,-0.193874351297217,1.15869813012762,6.45006551818308
-1.16347343963036,-0.993958166870872,0.0703641577019202,0.464164519799482,-0.0665396066721946,-0.562128544312945,-1.04616850606185,-0.244821130097537,-0.590153845441725,-0.0747557867478457,-1.7549748057188
-0.936804687772554,-0.937581589952152,-1.05162473937629,-0.303501433285383,-0.338272899950037,-1.4203161666461,-1.22932941196209,-0.904259894437964,-0.923996007099992,-1.04277828259322,-8.368065472354
-0.239942190921546,0.777532005297686,1.25519608977651,1.31491522320142,0.768112912569922,1.24703523108861,0.380845937093042,0.220264347537273,1.28436000742833,-0.520551643695038,12.0201435424304
0.483674233241134,0.0138968014386214,-0.190973496322966,0.896206950719624,-0.129575339426771,1.10703020410521,1.79757163290848,-0.476800884793781,0.642857622400179,0.574162079752609,5.90707126039889
0.484623628270991,0.0138968014386214,-0.285220198388414,-0.255667271241598,-1.28309981575824,-0.560766248073395,-0.78668557944019,-1.04099260855265,-0.903185047658861,-1.13609416479178,-2.379072188329
-0.302733795868554,1.2066896313275,0.544102176026368,1.02016539278791,0.86804028732727,0.317509498917849,1.27611522099576,0.589069725532012,0.590102711957267,0.737845014154325,5.74144427013316
-1.39563965255422,-1.60921834458848,-0.985154138142426,-1.38370828911866,-2.94521180803683,-2.02053634373983,-2.96234844921392,-0.453846896967084,-1.52096221051785,-1.78423227495429,-10.4429309742199
1.32104966732904,1.12556067615909,1.17574202332393,1.38574285562183,0.701634792049415,1.46677320995816,1.99462665322865,0.502679484732294,2.18866268847036,0.872532687678863,14.6163266978453
-0.308289451717439,-1.44163218264959,-0.554873026003551,-0.116651949711546,-0.741170120270784,-0.751682518378212,-0.499322767726455,0.688505898366975,-0.70511495427801,0.435584090245555,-6.07187218560834
0.0265827448657333,-0.23494522213482,-0.527501796456829,-0.645001800201382,0.290970684635201,-0.00720539334312453,-1.29589400432869,0.171306608858369,-0.96508405883971,-0.273598504706586,-0.491997672113205
1.13838404368259,0.835846028531447,1.59834669424502,1.89941540742979,0.776059400534782,1.22958541615472,0.425045924996327,0.505534194996699,0.800748008275606,0.554110579119043,11.7429331148521
0.102539483355374,0.248370611717436,-0.592229250364911,-1.09183541207952,0.290970684635201,-0.192543219442814,0.978869416263971,0.140643720194412,-0.0440316366895314,1.10202496806841,5.84692082305562
0.113984918796272,0.301445043638761,-0.52050433172468,-0.713610739483659,0.695001818980556,0.21851814917,0.0974523358973755,-0.349218650536552,0.412562919020101,-0.804049674668088,-0.168310830198354
1.0272647969557,0.0517656092662811,0.357603822948333,1.07877580694463,1.27993026615109,1.62485862566528,0.820590558063328,1.22856282754376,0.383738723262227,0.896689768542556,9.22701674155367
-0.936804687772554,-0.177018255307989,-1.12236423939588,-1.30107405775315,-0.530804432103812,-0.367753129825212,-0.171009057002048,-0.126116111034963,-0.998083093769075,-2.1075215558298,-3.33000872650542
-0.304769799682692,0.0127909095883452,-0.575909164440168,0.0196820470427135,-0.297959592013259,-0.275107565065546,-0.241644949912205,-0.103924532646977,-0.468426562726112,-0.331169161099575,-0.636001395124866
-0.66753786050208,-1.10760815109079,-0.618012039928324,-0.159962778746535,-0.682967757863022,0.206253988475424,-0.218025324888284,0.451959972533508,0.993495363621954,-0.346266077161189,-1.64578431838779
0.397215436868952,0.619310777523611,0.127134483386582,0.624808491094475,1.31237671452997,1.31643682427788,0.741424719137859,1.22856282754376,0.686874582618074,-0.0948660776309565,6.82602292942944
1.92311570727962,1.15151599929654,1.06940036704528,1.07457195057696,-0.234955719549486,0.883069541743399,0.7863387709442,0.155170016965439,0.368576191408789,1.07588380211777,11.2572777721459
-1.60804743101341,-0.139703620601195,-1.0697496002437,-0.471772476190415,0.403028238878081,0.0404234469705698,0.716205726461438,0.140643720194412,-0.998083093769075,0.986453632976212,0.168751787114436
-0.066104478391849,1.096922712188,-0.791953550216707,0.226894871539306,0.740598522882301,0.517585717074932,-0.321564165484043,0.842290298726171,0.435120640850944,0.340621500812827,3.10647359158406
1.18709776684718,0.686512938616882,-0.0927690615983214,0.480437727649108,0.789215609222765,0.360517586518825,0.590242936825829,0.122083181455326,1.97199319933758,1.11430771911539,3.03438432882717
-1.10374260871132,-0.995278759348595,-0.722578857956381,-0.925569453917823,-1.42022312905341,-1.12485068960009,-1.23783379629096,-0.35166239726072,-2.04889243834857,-0.599133603584644,-9.68178063888007
0.113984918796272,0.126998641921735,0.913227535921609,-0.124648569546308,0.351668084708008,0.683967983744853,0.203960346835355,0.707942154385435,1.75493528441906,-0.814096620715091,2.82148138177026
-0.760735990471967,0.322704708738545,-0.921484425517611,-1.06050448001788,-1.15709572068092,1.21389130604225,-0.551082748358437,0.406962685128802,-0.637206528838459,1.4598794175528,-4.70789355316743
0.739655096989013,-0.674733707030432,1.27153907453154,-0.690238603116754,0.517027833428662,0.459431370356654,-0.967973167707646,-0.133743288688312,1.0077100790899,0.487269566055414,2.18782290926577
-1.43483403453232,-1.31227216434433,-1.32741897866286,-1.44061283220234,-1.75086326391225,-1.12358174201418,-1.48172599321791,-2.05787843589224,-1.55178681906474,-2.53358966600742,-15.3211877628863
-1.89258810493151,-1.51798352644648,-0.985154138142426,-1.44061283220234,-1.68042853771256,-1.12358174201418,-0.61622443290397,-1.67115943722573,-0.827223771759575,-1.11489771733552,-12.8099459587748
1.60299158002028,1.06330261974148,1.29830362408503,1.03991409899962,1.47573022272244,1.24904116043686,0.468486755480222,1.29899052839354,1.40421126796431,0.760167448444691,14.1502781653974
-0.630995414819929,0.408655265374775,-0.475740948174333,1.15478350539998,-0.136892729335575,0.666794885140552,-0.848921307311153,-0.464746521029478,-0.328887926869977,-0.619909749482194,-0.385782712809459
0.839396831671444,-0.651648197359613,0.240790423944961,0.102573443350445,0.00574991508047237,0.451369576736697,1.25079198955018,0.320545292764189,0.347485489444106,-0.433425798267341,9.18061344622362
-0.308093802437454,-1.33167676430481,0.514738897023459,0.099464170281198,0.178528568120486,0.991598581419061,-0.787034683708714,-1.06004875091642,-1.07808565665693,-0.154416966663567,2.92290104911236
0.917802603658867,0.45094564132876,-1.14631604369435,-1.03298396913892,-0.196047858014546,0.648785622175592,0.0646802636789941,0.376205640247683,0.345106803172114,-0.0779599771148941,2.18062147124214
-0.228976222941087,-0.534815093887105,-1.00813688271263,-0.535151479204823,-0.893392012168169,-0.645561358554483,-0.576890815138986,-1.66391726516619,-0.661435989544445,-0.288083591528371,-6.07187218560834
-0.86369640475782,-0.748409391761591,-0.304386283632953,-1.4018277810366,-0.906776160652829,0.0047187319605932,-0.974274553661046,0.053178347133169,-0.841646213889607,-1.13609416479178,-5.42279836078183
-0.0517308145548106,-0.847122023183066,0.395593585539259,0.520419131236922,0.885078508042491,0.919669556538278,-0.967973167707646,-1.3560992544995,-1.07808565665693,-0.369531208460593,2.00532556282365
1.24284644156645,-0.992817601155525,-0.123466653013041,0.849255321611111,0.940345908214331,0.619515831142784,-0.0995969667281872,0.506375968684249,-0.332633295410983,1.23672258119385,5.41148352109097
-0.622308844541169,0.388900783481453,-1.1046950805887,0.807032600613192,-0.225541302150735,0.275899979561229,-0.723076845297275,-0.735200586387203,-0.402420915395985,0.439328249844377,0.5097768305519
-0.0565448422938957,1.096922712188,0.544102176026368,1.09595668035029,1.23658639686191,0.317509498917849,0.768999664655791,0.487743307395905,0.38954083395285,0.887770798213192,10.5787170772383
-0.70835417019345,-0.461542217032521,-0.794983457481671,-0.609077282701992,-0.794813215467516,-0.706639092992549,-1.03499586766674,0.688505898366975,-0.875957408980225,-0.0309977962759864,-11.1675573872217
1.04505377890108,-0.134035902940641,0.449877267666515,0.896206950719624,-0.875489565316342,1.20178393972667,0.931687016654816,0.259181769056529,0.586605423081576,0.784269004977004,5.17890577434773
0.322881152124855,-0.431278237257299,0.633381260778161,-0.124648569546308,-0.422335290027933,-0.0439232853967853,0.228841977443351,-0.109924023234897,0.48517948530319,0.0940996800701993,1.5763067534882
0.997096536669229,0.59272768245276,1.26514929772047,1.89941540742979,2.36060019886412,1.08431364307924,1.14925753493105,2.1325609494342,1.87202979860382,0.757750141197263,14.1502781653974
0.247407704707173,-0.414035082604098,-1.10636323793063,-0.0655210125139629,1.22258040813707,-0.164361420093709,0.512029104447284,0.335594579631479,-0.165547619592163,-0.0739060445625466,5.6678890310829
0.165827551922348,-0.344457869594455,-1.10636323793063,0.573519721538393,0.700176594031251,0.275899979561229,-0.383987270652872,0.669422741533504,-0.5860890548935,-0.0407002444862392,3.37580805452968
0.438492746336878,0.267934584369835,-0.592229250364911,0.273860718599665,-0.527039018276238,0.0865741132377485,0.630698272189397,0.120479226252158,-0.197673773397391,-0.105921565650474,4.64818770683206
-0.901874524343673,-0.748409391761591,0.0350843985793989,-0.257846919436463,-1.05416399074047,0.0738953811860697,1.42082324187042,0.120479226252158,-0.094224416632918,-0.616762707955624,-1.64578431838779
-0.119025850444682,-0.730451018558937,-0.410729370768302,-0.663732370792403,-1.33751039825911,0.585485393547173,-1.39125859629692,0.793661273958282,-1.02537688166355,-0.832191490190048,-7.47454208325038
-1.11716054601377,-0.758884295692353,0.114996892418563,0.596233367415298,-0.0665396066721946,0.456489470808347,0.294512795474195,-0.04775197840313,-0.369837361788829,-0.902137814727065,-0.208220190598507
0.264177978971623,-0.270936429743738,0.405644940288221,-0.190962020776698,0.279389702519102,-0.0269935307523315,-0.287067128360879,-1.24090239595631,0.199688325839638,0.618513654448035,0.780694852168943
-0.594348050321112,-1.07301795372838,-0.814603085887162,-0.668821673672716,-0.884273939732351,-0.285041983005391,-1.01589692726097,-1.20278222577426,-0.844605407051321,-0.832191490190048,-9.50859072079265
0.227338984674029,-0.349942416200374,-1.10636323793063,0.684299457916286,0.947476239221133,0.192017383473826,-0.383987270652872,0.604467307062557,0.679214461034739,-0.275585805558497,1.53837343374991
-0.7233239930724,-0.291586140868469,-0.347875863772152,-0.988988962885178,0.0271960840477699,-0.983762698575202,-0.184918091244077,0.332806573792296,-0.202090294599222,-1.30872790876131,-3.76251958730527
-0.682500429691687,-1.42950968327851,-0.905243005189279,-0.371870467820277,-0.715918899060912,-0.414021037586227,0.190901109970543,-0.249071848598341,-0.572885886927835,0.320530555081957,-1.64578431838779
0.166580376997607,0.895494665427156,1.54741119749859,-0.706353284276841,1.22718336383059,0.228664970365766,0.00807377195826591,-0.924314354949758,0.27689788528613,0.0568475609942011,0.182171636823479
-0.4373735448332,0.02549570740179,-1.06110370670385,-0.120055509235726,0.872166813741313,-0.581142798361055,-0.137836827349403,0.335594579631479,0.21476234810922,0.654011369992407,1.77183274955496
-1.89924462321738,-1.55895300785706,-0.803148078188943,-1.79444426281038,-2.03939164351036,-0.566845016841845,-2.96234844921392,-1.48903625389515,-0.827223771759575,-1.35735470093562,-12.9895119529953
-0.497310983173824,-0.0197149924088999,0.100170481742879,0.134589736060853,-0.586457877281929,-0.437550993082059,-0.729191240766628,-0.896339856870312,-0.794331269661873,-0.301903047279388,0.0598407739312687
-1.10158807321655,-0.643400811914446,-0.164206869000653,-0.258304487346424,-0.598251824388063,-1.6839985168582,-1.18690284225656,-1.51613678595162,-0.262974443080376,-1.09723743233786,-10.3415193003973
0.113984918796272,0.248370611717436,0.472702591488453,-0.00960830371522181,0.808064989055035,0.744391826032421,-0.271450522784296,0.283442583383136,1.20223214049936,0.711904996255667,4.03376542462071
-0.816770292615648,-1.9679638262785,0.353533812287864,-0.761448904757987,-0.504879471086799,-0.0846814764982856,-1.10727975923637,0.182968091207614,0.288856056419354,-2.01153154573508,-4.75594482216471
-0.936804687772554,-1.38415909757324,-1.05162473937629,-1.53054615829818,-1.47480838868267,-1.22338693067722,-0.0447604785320581,-0.792459792469315,-1.27941783592479,-0.445164574535396,-10.5186962224494
-0.737505468502193,0.556752951160716,-1.45372041433933,-1.03045979478419,0.508322316873465,-1.78478804491625,0.97011361663192,0.395239523965745,-0.850093308674288,-0.0390635022427736,-1.32666183662724
-0.497310983173824,0.118050717547032,-0.707076310284183,-0.576476835658637,0.61494291724983,1.17275224951554,-0.503318378646135,0.669422741533504,0.0749347668505291,0.00968177729877823,-2.76631329671783
-0.577015786040334,-0.984882875906958,-0.618012039928324,-2.23277248070938,-0.671201031297815,-0.1557018674532,-0.327950919733237,0.451959972533508,0.0892818035907588,-0.346266077161189,-3.33000872650542
0.346750771807883,0.579599709427227,0.490073679880412,-0.0309827994182072,0.264732784944658,1.00927426746112,0.531306665040924,0.283442583383136,-0.396582059011487,1.15869813012762,4.64818770683206
0.968210561617868,-0.37815596233242,1.17542408949163,0.913101123633325,1.32129708943785,1.23580613034957,0.521118534735185,1.62048994312641,0.314411590365257,0.757750141197263,10.7973948549867
0.2635077314182,-0.414035082604098,-1.10636323793063,-0.573148119896628,-0.231471593313994,-1.58268009104958,-1.34769509935264,-1.55648505572233,-1.04369858051175,-1.04277828259322,-7.60546766970276
0.391577726120697,1.45717888065601,0.825259371032626,1.03641150935645,-0.101527713933329,0.788421017177536,-0.120017660119398,-0.720367138364872,-1.13250488137424,1.11418034210794,5.66180516108697
-0.255444588628831,-1.74996863061306,-0.207521599800922,-0.644939794956785,-1.33751039825911,-1.17183895440452,-1.01589692726097,-0.694903000857915,-0.844605407051321,-0.648008973480297,-9.98579253010327
0.0219488084038965,0.365367734541905,1.07341289276735,0.525932030599128,0.870347157258036,0.683359572329458,0.274528514586105,0.448974509523139,1.20223214049936,0.209338463372561,9.72641643830425
1.54292058741142,0.294631154825326,0.500934881349382,2.30924220418834,0.807753568063952,1.55327484392963,-0.062205676877308,0.332238310604304,0.814607857655327,1.23672258119385,6.08616345505431
0.491292914539229,-0.197125654358206,0.405644940288221,0.718216148649425,-0.790758290508375,-1.05578329236913,0.572077340777661,0.602469610575738,0.821975176233032,0.365506833372958,6.4247353685997
0.042210056936542,1.33025682297943,0.888250206909571,1.93638197522165,0.0929337218965123,0.449653441565966,1.64756870572646,2.28606793738789,0.543203705082179,-0.294228398257208,12.7212797880345
-1.40455480873237,-1.31227216434433,-1.37305457955755,-1.0103272715015,-1.26445818167127,-1.1293076532577,-1.74068251500743,-1.15162602216261,-1.08947631317294,-2.04056538309738,-12.2398004197497
1.29227489438706,0.934100861408284,1.62510455044385,-0.452328455137775,0.437279350865192,1.41911862959213,1.00397624637562,0.707942154385435,0.482233394692711,1.59861425293815,8.46177692869093
-0.37387918998906,-0.161068322511305,-0.356030994675901,-1.33981222901712,-0.457838809784045,-0.238281728382737,0.791861995964094,-1.23402419644475,-0.370504363960312,-0.735960566504086,-0.168310830198354
-1.12671531813044,-0.328373206044898,-1.60462528692564,-0.212586009485394,-1.12906766225721,-2.13569391544584,-0.0911468294491461,-0.981707890927254,-1.29996951093375,-1.42287291196082,-8.368065472354
0.133084699295085,-0.0882906223472735,-0.296258113325002,0.684299457916286,0.632318748035834,0.192435773744555,-0.692284005114322,0.704601311616069,0.104290376101569,0.0846028610294396,7.75986066839887
0.702008268893154,-0.23359339692369,-0.0380988918649836,-0.18574480444247,0.346802021413601,0.689390201486076,-0.791653038919994,-0.284819254649959,0.5358599858546,0.423876714683814,1.98708288538726
-0.347874073257523,-0.161068322511305,-0.374683780459718,-0.824771901638651,-0.271111292525142,-0.412123081197632,0.841823951968795,-0.829849634188855,-0.539552166154317,-0.286201261180256,0.363806368648688
0.484623628270991,1.27685618979646,0.258898286529924,1.59045945703754,0.0987033458062948,1.13744031023357,0.193152748403784,0.965120744628552,0.962591712364014,0.926786650546368,12.2105914504397
0.304196443577737,0.16531211212856,0.567309472346964,-0.124648569546308,0.264732784944658,1.01408552683062,0.869871025766615,-0.419032642364832,0.219995698888375,1.12077033481803,6.45006551818308
-1.4834848157874,-0.936218937426828,0.0703641577019202,-0.257846919436463,-0.657233245879866,-1.6839985168582,-1.06513349733048,-1.27339077334059,-1.18168963593071,-0.0690778081946956,-2.42764106361891
-0.617730493534345,0.388900783481453,0.132765508083899,0.495377887852736,-0.528030214708159,-0.760402191183795,-1.03924883703394,-0.289256414385261,-1.50197562112448,-0.0690778081946956,-6.59688395885964
-0.594348050321112,-0.984882875906958,-0.814603085887162,-0.108287678345549,-0.258813454585084,-0.806582770043149,-1.16732135020005,-0.0287888400795295,-0.187315046685689,-0.797711837168484,-11.1323623918009
-1.20970949826771,-0.547955940672857,-0.874555577709558,-0.434647518581778,0.179395914827549,0.697953519867352,-0.5153775228777,-0.82079175057903,-0.644127596788748,-1.69861705624322,-0.781849827049367
0.391577726120697,1.45717888065601,0.5666716819375,1.48700927897141,0.0987033458062948,1.87788419689497,0.387786531351461,1.21055824559735,0.449129772312101,0.926786650546368,9.57770915691188
-0.066104478391849,1.096922712188,-0.271526424069006,1.39687198240598,0.86804028732727,0.321018356337336,-0.26604137823454,0.842290298726171,-0.829670456860068,-0.275585805558497,0.556715263436026
-0.870854738307513,-0.363255157416105,-0.525027815671867,-1.13811449012266,0.179065677259729,-0.983762698575202,-0.0789100739081166,0.140643720194412,-0.409141350528188,-1.22940871245585,0.168751787114436
-0.406660754393785,0.248357197095268,0.803817913129216,-0.0818177653468862,0.264732784944658,0.45311014631714,0.245733808903003,0.707942154385435,0.706779127196429,-0.568387041128585,1.66868645969693
0.322881152124855,0.787684735054114,-0.401251307217857,0.261187563377821,0.438935331616024,0.194683955390418,0.973959116175782,1.35858158475239,0.822052701085664,0.583188232615652,4.52706898282912
-0.843974260691368,-0.624644918126192,-0.640048257178922,-1.90437427318838,-2.00685266031094,-1.28784847718262,-1.24672155306585,-1.36395931181939,-0.61003267753258,-0.457695612364855,-6.12330239605512
0.103475253655877,0.248370611717436,-0.52050433172468,-0.212806534279516,-0.993379336473402,-0.381030724326295,-0.489516947598983,-0.730991233026604,-1.04055750780393,-0.58547960785098,-4.32216589920895
0.391577726120697,1.45717888065601,1.0757814729556,1.93638197522165,-0.0942473394600349,1.87788419689497,2.45864823983637,-0.163079758585054,0.594266585309766,1.34377584614674,16.0675879996475
1.84262779906594,0.2124395997588,1.39062366375889,0.674001341806393,1.64089520122632,0.533215198951638,1.73684412145719,0.543540483749844,0.681919182451497,0.435358192459821,15.3129334983974
-0.120269932706003,-0.00617907382468468,-0.926905203186821,-0.120055509235726,-0.0323561364257658,-0.264950629637101,-0.680645688846521,-0.355274714759973,-1.04055750780393,-0.822192877714245,-3.45349891031705
-1.07793674891526,-0.643400811914446,-1.00641007082503,-0.812574403254315,-1.87148812862816,-0.120728670714541,-1.71427563910818,-0.301010786548648,-1.52096221051785,-0.620798466108884,-5.42279836078183
-0.676252488465286,-0.499826393801866,-0.510879200882814,-0.373989955999376,0.179065677259729,1.06152023923498,0.316569562614006,1.70533728515904,0.712948721935727,1.03151967441453,-4.66977548355509
0.147941514042995,0.380780698814483,-0.302326953895145,0.347012741896073,0.947476239221133,0.3280008686658,0.0974523358973755,0.393488614430908,0.340375574853212,0.0568475609942011,3.37580805452968
0.0340260735569205,0.624746009057268,0.25965013516061,1.25067443231097,0.145708520672455,1.24761032322809,0.921198668655194,1.38677225318248,1.84682831949378,-0.854659236735975,5.40457067087099
-2.24607011137237,-1.74863606926485,-2.50712258233267,-1.69566531997439,-2.47297324755588,-2.51696813130501,-1.35549454887359,-2.00490986694242,-1.77239983570921,-2.05502694151358,-14.4693625680898
-0.737505468502193,0.38000572911964,-0.316202614366221,-1.06050448001788,-0.254018085931328,-0.867520795858607,0.263307209143329,-0.972467250460266,0.0967270401430631,-0.0924370143766155,-5.31836526573484
-0.650234644658335,1.01807180828644,0.520967239130479,1.09595668035029,1.87913474659833,0.512014714259658,0.00410318437329529,0.80590267068288,0.415101643889358,1.41714919894232,6.82678654333662
-2.31213563145815,-1.27159008799455,-0.414310278852684,-0.72826780378965,-1.70077922522988,-0.566845016841845,-1.23783379629096,-2.10035063895407,0.333958117845474,-1.30710499283848,-11.7525275971986
-0.204480125723639,-0.0792773919405517,-0.926905203186821,-0.120055509235726,0.872166813741313,-0.557858200682872,0.0222789768031636,1.36631001037489,0.354219679645848,0.68927481095992,1.77183274955496
-0.503217818307202,0.118050717547032,-1.21596031769904,-0.120055509235726,0.351668084708008,-0.557858200682872,-0.321069949589685,1.30572394890165,-0.50837836495766,0.206160806345962,-1.32014411346251
0.16396745698466,0.929867786569132,0.766579598280278,0.912297817875573,0.486653675795324,0.532230594340962,0.00323088645757313,1.3448671655347,0.449129772312101,0.589218183754703,5.66180516108697
-0.415339010552201,0.02549570740179,-1.35459522798416,0.0443663594406508,0.164428480025995,-0.29338446072872,0.405139927111724,0.808948739367242,-0.468426562726112,-1.22940871245585,1.53837343374991
-0.676252488465286,-1.42950968327851,-0.00243559545579508,0.306531874089102,-0.730489965045042,-0.416015553878307,-1.49803190214518,-0.796381034397636,0.528424788205147,-1.06711807035627,3.76766631657941
-1.17303386964626,-0.993958166870872,-0.989900578332913,-0.303501433285383,-0.258813454585084,-0.649748076979147,-1.16732135020005,0.107279318829989,-2.11190960106733,-2.04767257036555,-11.1675573872217
-0.625054788052976,-0.533955664065359,-1.5530493721289,0.421024046165476,-0.225541302150735,-0.806582770043149,0.188761110062252,0.218128793940636,-0.187315046685689,1.45279657066869,1.32403069594023
-0.306294811838147,-0.101880578030057,-0.356030994675901,-0.624690471267606,-0.0254048194177079,-0.0226723438393853,0.0209283471416703,0.341321899701847,0.495606182753512,0.854010149374491,1.25519038224606
-0.452963474312397,-1.24244993390844,-1.36515387227831,0.323784000872163,-0.205601158441589,-1.31768979921252,-1.16732135020005,-1.66391726516619,-0.539617964020135,-0.648008973480297,-5.73813147689238
1.14278356992929,-0.0451725838206728,0.410025698079441,0.827197850446285,0.233886012398905,1.65280166391113,-1.62484079496832,-0.284819254649959,-0.349066135127861,-0.226557207701811,2.00532556282365
-2.7609742870506,-1.16395980739514,-0.414310278852684,-1.8715777887039,-0.909405244727009,-1.18188774000786,-0.384831678172923,-0.949024036052803,-0.0334308523622759,-1.19458938554662,-5.22742873336802
0.594325536063778,0.499725604134685,-0.0224519525878813,-0.230255301069418,0.279389702519102,0.689390201486076,-0.384714982219374,-0.119420991409602,0.70353084257477,0.358103188441528,0.809206560842278
-0.936804687772554,-0.184822332413141,-1.75183355412299,0.309247147176235,-1.5242244364379,-0.778371886105696,0.382861335636688,-0.845200702503614,-1.29996951093375,-2.4545982728589,-4.56619749184366
-0.865516063528216,-1.44560509190655,-0.449478922412979,0.114559249003877,0.252359742086898,0.142710188808802,0.842556113513425,-0.90488835161854,0.313366657252242,0.716136197605815,-1.7549748057188
-2.03590948429275,-1.78654189784449,-1.21310791146498,-1.21141739003333,-1.70077922522988,-1.54463561809024,-0.880644295541532,-1.37044877739331,-1.6922280764595,-1.91549732909124,-9.55709664691906
-1.04507008617251,-2.03649120288512,-0.753374548751816,-2.2618372967269,-1.07777446406859,-1.17183895440452,-0.974274553661046,-0.875685417266012,-1.10131633163238,-0.692076156452203,-10.1784856879908
-0.0334783591052185,-0.770658886990827,0.395593585539259,0.612850150228198,0.308541515721792,0.182389427259786,-0.0856726046437655,-0.0876126917418727,0.947849260241593,0.236685293719329,1.73605517746445
1.16863344443532,1.29282769649732,0.193267512494917,0.000686035889565214,0.236993324762548,1.95258040207734,0.688114885521005,0.0519557799631697,0.517867553869457,0.872532687678863,7.81617615051294
0.619651391718139,0.649662754071346,-0.0224519525878813,-0.230255301069418,0.517027833428662,1.00470876528559,1.00397624637562,-1.24090239595631,1.08973881307446,1.08651125373168,6.6269605439275
-2.03590948429275,-1.27159008799455,-1.39647111532827,-1.34130983349364,-2.47297324755588,-0.29724775611463,-1.65191898514883,-1.03501351863185,-1.97912950562776,-1.30710499283848,-14.1140220215551
-0.326118772583597,1.12934930899164,0.89391534138881,1.39687198240598,0.851090592037724,1.45175680649078,0.292817193525924,1.32643048749465,0.449129772312101,0.1878220096677,5.75110956674836
-0.843974260691368,-0.135305082235964,0.741458421496078,-1.71529496489706,1.00372337698963,-0.0677334190910225,0.363069312464187,0.708890989542118,0.225539077329495,0.737845014154325,-0.391448941600827
1.84262779906594,1.32091024628253,1.29494996350432,1.19283079384181,-0.43066219108358,0.775802684591539,2.14531702380968,0.543540483749844,1.62199020735598,1.01462979064882,16.0675879996475
-0.892265049834464,-0.878283561113898,-0.870186847560512,-1.4018277810366,-0.876985235846775,-0.120728670714541,-0.384831678172923,-0.37342675820063,0.184546508066285,-1.29813904823425,-3.94179390451629
-0.497310983173824,0.419167919962363,-0.733235344611517,-0.42546562855533,1.28165454805021,-0.486493504935518,-0.551082748358437,-0.244821130097537,0.5358599858546,0.729025405445003,0.809206560842278
1.24350321027245,-0.120651476704177,0.724622134189721,1.12890563681261,1.2181220387731,1.62485862566528,0.710223025905258,0.299680845395212,0.900537375992689,1.10161508948304,4.65052402275624
0.713835968870438,1.28591132017995,0.193267512494917,-0.0188954818672365,0.614757559000911,0.65597507235024,1.13743620289979,0.487743307395905,-0.335377160916021,0.607616363244279,9.21915514006444
0.90826480710271,0.387191938637742,0.7305698045056,0.656548907004853,1.22693585687367,1.11936161057681,1.15956828133302,1.87285147844134,2.46428497040137,1.45706565014124,9.21915514006444
-1.31425137448593,-0.91849396317924,-1.74392872469506,-0.789293387455043,-2.23997682355837,-0.697935775693848,-1.65191898514883,-0.361281184497061,-2.43316149544245,-0.726037267091496,-11.1675573872217
-0.103950036707548,-2.104095148515,-0.707698222356267,-0.116651949711546,0.360483414117182,-1.02508298727038,-0.153641631694243,-0.90488835161854,-0.749638250551478,0.896549989113495,2.49676833379214
0.250723212967813,-0.128202690742004,0.913227535921609,-0.124648569546308,-0.0323561364257658,0.744391826032421,-0.967973167707646,-0.284819254649959,-1.20957383073091,-1.18484173895405,-4.32216589920895
0.775753744462983,0.62542739681251,0.0583882123616291,0.801619555167673,0.488986279732254,-0.412334011190458,1.06995506003803,-0.284187203469962,1.27906268637586,1.12702102771619,4.9477958766494
-0.737505468502193,0.322704708738545,-1.08843951987003,-0.988988962885178,-0.550767640244849,-0.706639092992549,0.263307209143329,-1.23402419644475,-0.817671923623826,-1.42287291196082,-8.368065472354
0.688962720005016,1.90336412292368,-0.298033532735677,0.256480058311926,0.828650504769933,0.651322260970968,-0.276326176663766,0.195553547364412,1.01120715632872,0.711904996255667,7.81617615051294
1.00358092516146,-0.817730657881291,0.689993134588277,0.24813678069123,0.940345908214331,0.398454490641359,-0.0995969667281872,1.05027364454305,-0.167870326440737,0.0625050491737511,8.08780212024168
2.12440313297555,1.81175406225445,2.17889869085253,0.885360396486203,2.13137415593179,2.63003127974136,1.17428374950982,-0.0581068854991663,1.35149139112645,1.55132434571301,13.0304036524359
0.279539797497668,0.743694979867311,-0.496505485655097,0.0908975293749093,0.264732784944658,-0.413390120687815,0.590242936825829,0.94461986512313,-0.912246595593379,0.501270997315224,4.52706898282912
-1.14242073955294,-1.77378780714586,-1.35295074439587,-1.44061283220234,-1.82751375900464,-2.20563608441733,-1.69054736316445,-1.79351855357332,-1.51176075022989,-1.38035800378564,-14.6298889303987
0.253436484047633,-0.270936429743738,0.12497885132689,0.573519721538393,0.351059026729184,0.182389427259786,-0.791653038919994,-0.284819254649959,-0.226976937958259,0.117048754506072,1.66924546074992
-1.14242073955294,-1.01581830246931,-0.31792496146284,-1.8715777887039,-0.605127311961557,-0.937216396639082,-0.384831678172923,-1.27175301854658,0.567394346283058,-0.617842764296652,-6.6358838933193
-1.91714882781357,-1.51798352644648,-0.985154138142426,-1.44061283220234,-1.68042853771256,-1.34546569541819,-0.384831678172923,-2.36011418469708,-0.743662482774149,-1.11489771733552,-17.4028641513252
-0.895913885252529,0.497018701836608,-0.316202614366221,-1.4018277810366,0.620314834885573,-0.983762698575202,0.259822214211713,0.406848425798251,0.0637594413645408,-0.95222768836147,-1.36037201605154
0.248478422960552,-0.349942416200374,0.178956370179439,-0.391661026343377,-0.551201012996235,0.0197468193487538,-0.273476751856421,0.460277482025103,0.0892818035907588,-0.707189939465366,-0.3955068058898
0.816165807573407,1.47079087051483,0.7050461841602,0.834406140345363,0.48572240556737,0.70042575877579,1.04837287032292,1.69962718518757,0.893574437162042,1.61110129128236,9.4360797376147
0.761286506309469,0.62542739681251,0.151877192093055,1.29764709896689,0.655600722352827,-0.397349550132697,0.710192185956155,0.354033167725346,0.765415160667744,1.1961424465066,5.75003033640316
1.14278356992929,-0.0451725838206728,0.49444562304262,0.896206950719624,0.187999199657533,1.20178393972667,-1.62484079496832,-0.49534463445011,-0.238422104177787,-0.226557207701811,2.00532556282365
0.247407704707173,-0.349942416200374,-0.101937713755018,-0.13572684135849,0.802320652775835,-0.581142798361055,-0.735631771871739,-0.717174543862988,0.0735319225534057,0.711904996255667,3.18097344631908
0.365657835414465,0.518193452576607,1.0010698864718,0.132319322549906,0.136057013779931,0.339165859582041,0.832984429954229,-0.377346107530453,0.642857622400179,1.51096006963801,5.32860439337174
-0.381141310694845,-0.210535419159754,-0.834404066540616,-0.824771901638651,-0.912663887441048,-0.422767815190664,-0.503879386415417,-0.973049449584651,-1.13836887506441,0.435584090245555,-6.07187218560834
1.18951161385096,1.35010190216467,1.81795028927426,0.763357372469496,1.31043911268677,1.59339000203933,1.27939786202305,0.719590553634262,1.58935417993012,1.55132434571301,12.2381793784164
2.66869372442611,1.93128901843686,1.58231753778089,0.739535565288884,1.30647055771784,1.8291314222514,0.162767159222384,1.4634853915272,1.44931012042976,2.96221977306135,13.191193181478
-0.760735990471967,0.322704708738545,-1.06740805651037,-1.27251283739182,-0.550767640244849,-0.179293724759361,-0.551082748358437,-0.376236280943238,-1.58596116072969,-0.313082976225516,-3.9677905352434
-2.31213563145815,-1.22674169398859,-2.68238462787681,-1.69566531997439,-1.70670870799237,-0.29724775611463,-2.23466894461491,-0.934439676722242,-1.97912950562776,-1.68130016151027,-13.0179588569867
-0.258584220353917,-1.74996863061306,0.24657916318948,-0.797409564945485,-0.555071633204229,-0.0682932775992508,-1.10727975923637,0.0676592355543542,-0.880430753172876,-1.53384714557558,-6.10744480398893
-0.0334783591052185,-0.680819843259463,-0.0385357390303578,-0.15176053498139,-0.252483188233793,-0.469516325609619,-0.293667894033258,-0.312816489246154,0.894990464009509,0.251476426113144,-2.22093264495048
0.0340260735569205,1.33025682297943,-0.148908427937248,-1.06100585888302,-0.684559426479056,1.1147791509277,-0.31773410439563,1.03118015403285,1.26010859520196,0.364163717614545,-2.22093264495048
0.379768640901292,-0.729286540589422,0.504721864783291,-1.27912500441882,-0.724372836337933,0.404382314762996,-1.54615981769018,-1.63588454330172,-0.773978797801986,-1.13609416479178,-7.60546766970276
-1.43483403453232,-2.03753592228671,-0.577849354546272,-0.309637629250904,-0.657233245879866,-1.43831188799413,-0.443011813712651,-1.48599083354785,-2.84842480342825,-1.11489771733552,-9.69318762591226
-1.04507008617251,-0.929260052377832,-1.10626231695832,-0.925569453917823,-0.605127311961557,-0.179293724759361,-1.8599841612017,-1.26000132778291,-0.669480305532782,-0.895764204166168,-12.2398004197497
0.301205930677843,1.25181283768832,0.979647265539966,-0.00826353182716822,0.808064989055035,0.45311014631714,0.797015049965838,-0.141286679721052,0.268072830876513,1.73635430224756,5.75110956674836
-1.10374260871132,0.0150544199640921,0.0374138724362965,-0.493384021304053,-0.493522753917651,0.489089550291168,-0.308507055008115,0.460277482025103,-0.281915409641987,0.0748034923590186,-3.9677905352434
0.464299049282063,0.670499404937518,-0.318259991044949,-0.076881022333183,0.992550969786271,1.53615790044666,1.00397624637562,0.544227938325462,0.340375574853212,1.198117764839,8.46177692869093
-1.46652359936581,-1.47988736036219,-0.125446724238624,-0.72826780378965,-0.657233245879866,-0.189010814311323,-0.0772487136305675,-0.720367138364872,-1.21746917679417,-1.35355084409912,-3.9677905352434
-0.377041438433451,0.0428392927914278,0.360533457868602,-0.868255104155195,0.189854276215128,0.301912981395299,-0.583245573014766,-0.49534463445011,0.512922501884574,0.524932682781758,-0.3955068058898
-0.9059047505037,-0.363255157416105,0.0672169486218545,-0.314513027078657,-1.89140449184734,-0.502845116198475,-1.25112880117602,0.565802175851154,-0.616403274449557,-0.498449066856475,-9.8598859361966
-0.843974260691368,-0.135305082235964,0.587328792107051,-1.71529496489706,0.250305536254712,-0.00160101669694275,0.553627795364438,0.93322348457012,0.967844685926699,0.716136197605815,-0.391448941600827
1.36034401335697,0.876219562658579,1.62510455044385,-0.706353284276841,0.49035635130476,0.55030430268365,0.00323088645757313,0.356642106735888,0.811170213805543,1.13506572069572,6.8209353187326
1.14278356992929,-0.0451725838206728,0.850385182425769,-0.212288787760401,0.765594687095892,1.03488511924981,-1.62484079496832,-0.803156090823199,-0.914796184752944,-1.36285478580507,-0.43728566403327
-1.14242073955294,-1.01581830246931,0.0703641577019202,-0.402092985990412,-1.42022312905341,0.304112790771735,-0.969414849398608,-0.858242234628536,-0.731629495336728,-0.498449066856475,-3.91543647749249
-0.737505468502193,0.556752951160716,-1.45372041433933,-0.592251010689564,-0.543366776009981,-1.34783337062213,0.259822214211713,-0.103924532646977,0.352870883604067,0.648126429408878,-4.25050970152778
1.31990885480579,2.02334909628686,1.6172783988631,1.65135271225381,0.828650504769933,1.61874390617253,1.99462665322865,1.95101984559716,1.98667195342443,1.61110129128236,18.2235334668238
0.456954430289532,0.094014847786785,0.518509638663363,0.421171976184348,0.286846550862257,0.0865741132377485,1.38941365583174,0.479511784888465,0.38954083395285,0.555925578194561,7.93442659403715
2.22745652838779,1.49274845595038,0.482768089339381,0.556784431203632,0.044351364862254,0.716450521355438,0.90177241696144,0.480094118786131,1.35791861959171,1.76372484661281,9.45537326897604
0.279539797497668,-0.984649279862623,0.14374222834442,0.612850150228198,0.632318748035834,0.182389427259786,-0.602471672700027,0.704601311616069,0.574076366415355,0.400892185265307,7.75986066839887
1.5818093189662,1.06330261974148,1.29830362408503,1.77208747838937,1.09259559353753,1.78694437749784,0.817140575161782,0.155170016965439,1.35149139112645,0.422737401102798,11.3691088808104
0.185269691932612,0.265172893462326,-0.809512432732968,-1.0141753668732,-0.197879847287706,-0.0624565251882179,0.0974523358973755,-0.813100811838295,-0.227528602814713,-1.03143938921198,-0.378634504079972
0.473805849796174,0.11143169119538,0.0492303088859073,0.0664140295269973,0.992550969786271,1.61275456351378,0.820590558063328,1.37115990826148,0.678946586789359,0.732142378383419,10.0257385487712
0.913521030526977,0.255393410442646,-1.14631604369435,-0.55261978681515,-0.196047858014546,0.105440430565227,0.588957438025182,0.798807467670742,-0.197612547750762,-0.36125004032933,-0.589663443196318
0.780362870559761,-0.759487732353053,1.27153907453154,0.24813678069123,1.32129708943785,1.45717036988564,0.98878638586445,1.4132060503839,-0.11798196488648,0.583188232615652,9.62321381940448
1.5818093189662,-0.229864194574014,0.724622134189721,0.388845605535711,0.00574991508047237,-0.0659947145689772,-0.85844652287096,0.780673685508982,0.273006250338176,-0.349898677725782,0.249949318949907
1.13403833679123,1.34113207796382,2.10202095221342,0.875647696099299,0.908653251657622,1.48342192525701,1.99462665322865,1.87285147844134,1.98667195342443,0.982187469922996,18.6248546018819
-0.0920057028862022,1.41101520384497,-0.271526424069006,1.02016539278791,-0.628616385283869,0.881073631145578,-0.31773410439563,0.903235453114934,-0.335377160916021,0.612308847356987,4.60871187454061
-0.509499006932237,0.118050717547032,-1.43918466614789,-0.836213988623278,-0.727681284348087,0.480528285731559,-0.321069949589685,0.451959972533508,-0.784454938616274,-0.36125004032933,-4.32216589920895
-0.234255479046123,-0.534815093887105,-2.17117530765388,-1.7823430414312,-0.886133377208939,-2.13569391544584,-1.81698280984662,-1.68172621010449,-0.614339804817872,-0.895764204166168,-6.10744480398893
-0.23824572544558,0.307253295851335,0.35575846949646,-0.296698390922826,-0.491013234989929,-0.966234924749151,0.670335406126055,0.602469610575738,-0.374078373231878,-0.516619834209168,2.38948117673664
0.900333802591938,1.18378075819635,1.17574202332393,1.05997294867488,-0.363723615976851,1.0740438838318,0.68607970412217,-0.0530017863430291,0.482233394692711,1.01462979064882,9.74858192994572
-0.738422926780667,0.322704708738545,-0.55513016568595,-0.988988962885178,-0.282613314834933,-1.30660068021449,0.263307209143329,-0.972467250460266,0.0967270401430631,-1.27163002523015,-6.12330239605512
0.43877841125684,0.00467173473879432,-0.283325972739397,1.71503447557723,-0.288214594873555,1.13744031023357,0.655121115824755,-0.476800884793781,0.761921186841156,-0.105921565650474,4.9617914008894
-0.576205933410687,0.0686629756288946,-0.23754186650394,-0.108287678345549,-0.371674795040445,-0.275107565065546,-1.17809345608492,0.0676592355543542,-1.38995003838405,-0.0747557867478457,-3.08950588407223
-0.415339010552201,-1.00393382058404,-1.03432015350068,-1.44425530341832,-0.814585615606613,0.143519486913939,-0.577752118897349,-0.628023511894954,-3.07798996037789,-0.468793027696364,-6.07187218560834
0.16396745698466,0.871610545731168,1.54741119749859,-0.706353284276841,1.22718336383059,0.228664970365766,0.669723233462542,-0.924314354949758,1.52340086291341,1.53417774498251,3.29255278999376
1.82310644694957,2.66955219209675,1.67934091095454,2.54552683637797,1.41412752301364,0.271652980869477,2.45864823983637,1.63344507134631,2.06166610826492,1.05547998167286,17.8435611599244
-0.377041438433451,0.10347862261158,0.0369235584263903,-0.0699205993551812,0.264732784944658,0.19064584070639,-0.161976883324155,0.0986150790173778,1.33834683030133,0.618513654448035,4.59027416885413
0.165909846493155,0.380780698814483,1.23544679376771,0.839825526523456,0.694659848231058,0.449653441565966,1.3110297328214,0.110580533291314,1.43311550720837,-0.00390500391416542,6.18779009638262
0.620377921904353,-0.518409781622165,1.07162296525588,0.602754515272441,0.390112127169319,0.451369576736697,-0.224495323298086,1.27511254956969,0.569538378330998,-0.478435311687177,7.12988995341343
0.00269802262108062,0.880219467565063,0.68745856440235,0.912297817875573,0.605394807280185,0.532230594340962,0.00323088645757313,-0.0414567227385826,1.31621511589668,0.130355436985154,4.03376542462071
0.536180576835658,0.739428932705507,1.52519100221896,0.730892206246679,0.334456027004488,-0.529094166817546,1.10311348887989,1.80238678923048,0.925317885750145,1.21737395600082,4.59675665465144
-0.349228015566865,-0.645518771663311,0.274894955568321,-0.329340515008072,0.0610238838969925,-0.925327078083466,-0.53911689060009,0.236012720330487,-0.369837361788829,0.435584090245555,-6.79508876401386
-1.22840241704592,-1.51978042541624,-0.726738945871058,-1.79444426281038,-1.42022312905341,-1.94829549453719,-0.384831678172923,-1.31679422251632,-0.743662482774149,-1.95591913715991,-10.1784856879908
-1.11827780724407,-0.328373206044898,-1.38379408557662,-0.293458507913617,-0.963575013202205,-2.13569391544584,0.0438118500257544,-0.981707890927254,-1.41401912199904,-1.86255647643784,-5.4605929203734
-1.28982852885162,-0.278556083140035,-1.34906580852736,0.0347304099396973,-1.12906766225721,-1.03053775159296,0.0979517409748031,-0.23285432947396,-1.41401912199904,-0.235824442721183,-6.31285632651461
-2.31213563145815,-1.27159008799455,-1.12788081749142,-1.34130983349364,-2.47297324755588,-1.12358174201418,-2.96234844921392,-1.61011040189458,-2.04518061452559,-2.04056538309738,-13.7928589191502
-0.86369640475782,-0.363255157416105,-1.17633037033984,-1.51773073806672,-0.530804432103812,-0.179293724759361,-1.03434035492573,-0.376236280943238,-0.785287042858682,-1.51942783032132,-5.59676135203474
-2.7609742870506,-1.16395980739514,-0.414310278852684,-1.2888220691816,-2.26518539908843,-1.34546569541819,-1.65191898514883,-2.36011418469708,0.567394346283058,1.94891826966087,-15.3211877628863
-2.11381034416638,-1.74863606926485,-2.91710139281536,-1.69566531997439,-1.70077922522988,-1.54463561809024,-1.35549454887359,-2.45872159980234,-1.55178681906474,-1.08334709246923,-10.43134494855
-0.503217818307202,0.118050717547032,-1.21596031769904,0.0443663594406508,0.264732784944658,-0.738765079658915,0.29726782908966,0.838310644355966,-1.05804374725632,0.716136197605815,4.52706898282912
0.997096536669229,-1.74586364294771,0.128958907776853,-0.158042332704527,0.589897355453044,-1.06350117191497,-0.785725334353708,-0.38883812329874,-0.749638250551478,0.00968177729877823,0.875757120085205
1.078422080895,-0.134035902940641,0.449877267666515,1.13119078103119,0.664487972754966,-0.397349550132697,-0.054801962162041,1.05584687049857,0.967844685926699,0.400892185265307,9.38883497190989
1.05316172543824,0.585309567427218,0.357603822948333,0.656548907004853,0.789215609222765,0.360517586518825,-0.0289537169083762,-0.0157964164781955,1.6203085550439,0.400892185265307,6.29212859252198
-0.37387918998906,-0.76801370194471,0.395593585539259,-0.329340515008072,0.178528568120486,0.450383591086785,-1.09650647031664,-0.284819254649959,0.512922501884574,-0.66503493715042,-0.3955068058898
-0.0251009062137612,0.73712067359552,1.48775397325836,0.839825526523456,0.768112912569922,0.707379742320687,0.00323088645757313,0.694256157460553,1.75493528441906,0.340621500812827,4.22973513972226
-0.687932714792845,0.268422514233512,-0.55513016568595,-0.302364288215368,-0.604631483832298,-1.43831188799413,-0.165334500308805,0.218128793940636,-0.583739548353049,0.320530555081957,-4.88626638923363
-0.76476065602459,-0.281918786736247,-0.567047420883459,-1.27251283739182,-0.933508818892516,-0.422767815190664,-1.03434035492573,-1.36395931181939,-0.614339804817872,-1.13609416479178,-5.46562709505952
-0.320511947640718,-0.429419069800739,1.4756562448694,0.815788000782384,0.768112912569922,0.467897124479207,0.606710258355376,0.694256157460553,0.924928420144973,-0.472915332053465,4.31970097051733
0.446080522949826,1.06409635704864,1.75213595431039,1.03927598795567,1.31008664866801,1.61275456351378,0.87389422106515,0.380198227462063,0.415101643889358,2.02073910600792,6.49500938474706
0.489674653389482,0.0138968014386214,0.518509638663363,1.33124671258882,1.31237671452997,1.22958541615472,0.741424719137859,1.22856282754376,1.07119706695763,0.976851179921003,15.533627919256
-0.573439598661811,-0.462787121662205,0.1591225947442,1.00117768512995,0.040783619371563,-0.937232784262094,0.188761110062252,1.27089434369695,0.328476090569657,0.122697818669605,5.78367991580838
0.861204094105436,-0.651648197359613,0.240790423944961,0.2614719597827,0.940345908214331,0.451369576736697,-0.85844652287096,-1.3560992544995,-0.790300250135965,0.183676163437743,4.33534953142416
1.24350321027245,-0.120651476704177,0.724622134189721,1.09529211566345,0.945158470700622,1.2236131024209,-0.0995969667281872,0.502679484732294,0.800748008275606,0.665471386614188,9.8612224312568
0.460342085603731,2.00569249864385,1.15708552207807,1.3733646981664,0.0987033458062948,1.0740438838318,0.689895660686991,1.28743490216795,0.449129772312101,1.34377584614674,9.59311799889176
1.3555485021135,1.09623741299392,1.00603780056166,1.77208747838937,1.79907592361128,0.886636450819666,1.48071909588173,0.332238310604304,0.513551083452715,1.29539154795147,14.6163266978453
0.309558090153334,0.0733282548006978,0.913227535921609,-0.190962020776698,0.279389702519102,1.01408552683062,1.00397624637562,0.356642106735888,-0.396582059011487,1.08651125373168,6.6269605439275
-1.53034487768723,-1.19470674284944,0.0703641577019202,-0.761448904757987,-0.84125895110213,-1.30011768427926,-1.06513349733048,-2.36011418469708,-1.18168963593071,-0.711645566341274,-7.56729693607331
-0.444244091450049,1.13254521953377,0.792647276568803,0.656797464023936,1.71415652719531,0.495412247779236,0.00410318437329529,1.38827364847035,0.415101643889358,1.82160625129417,6.34372651468794
-0.732338871165191,-2.05778982243482,-0.696144885456813,-1.7231701046421,-0.671201031297815,-1.9339147835569,-1.27475458240887,-0.858069170167453,-0.941338808317741,-0.692076156452203,-9.18491598442952
1.16732941349838,-0.473058745361536,-0.322145821343785,0.50358199118018,1.22602045996124,0.451369576736697,0.00136157814189516,-0.0418498496479175,-0.887464941714989,0.183676163437743,3.03438432882717
0.394672377044036,0.619310777523611,0.295720629991639,1.42198240301208,1.31237671452997,1.591797798639,0.921198668655194,1.13536823087087,0.806619565113751,1.3794168279913,15.533627919256
-1.52180182363545,-1.8569677178867,-1.80988843176565,-1.44061283220234,-0.906087578504088,-0.845532631352396,-0.880644295541532,-1.99554034575547,-1.6922280764595,-2.04056538309738,-14.4693625680898
-1.88118477280112,-1.51798352644648,-0.985154138142426,-1.21141739003333,-1.68042853771256,-0.29724775611463,-1.23783379629096,-1.0216257089875,-2.43316149544245,-1.68130016151027,-9.55709664691906
-2.31213563145815,-1.78654189784449,-1.12788081749142,-1.5258760981265,-2.47297324755588,-2.51696813130501,-2.10941786944319,-1.87329415241794,-1.48077002630624,-1.08334709246923,-14.4854735215914
-0.225654910084117,-0.534815093887105,-1.19273734667666,-0.692764309654911,-1.36550524889714,-0.422767815190664,-0.930232642013796,-1.55648505572233,-0.661435989544445,-0.829142867163069,-6.59244828689769
-0.255444588628831,-0.580596574182481,0.0811676721259221,-0.535151479204823,-1.33751039825911,-1.21075997841187,0.0438118500257544,-0.20768308413558,-0.413914583204744,-1.04220346807824,-4.26437869585862
-0.361695137008462,-0.161068322511305,-0.812430642871627,-1.33981222901712,-0.727681284348087,1.1147791509277,-0.171009057002048,0.66228217339648,-0.70511495427801,-0.392225929554327,0.72111087865872
0.816165807573407,1.81211511662055,0.865507467533958,0.142782328581092,2.13137415593179,0.54429404041736,2.49983859113789,1.38827364847035,1.42608911970375,1.85790232091262,9.59006394294288
-1.31411875018537,-0.559378630960041,-0.935993400761589,-0.434647518581778,-0.998912108765661,-1.28191910325059,0.0438118500257544,0.721131714589513,-0.70511495427801,1.00140109260515,-5.85215182535652
1.15687506057474,-1.06650169649118,0.128958907776853,0.2614719597827,0.761784822121384,0.0258372581400113,-0.054801962162041,0.320545292764189,0.00830849064701734,-0.00429131328651202,4.9477958766494
1.0353725753554,0.230962937967169,0.357603822948333,1.41917251418604,0.664487972754966,0.637202130824102,-0.674114245162151,-0.00264900137324973,0.0749347668505291,0.340621500812827,5.17890577434773
0.594325536063778,1.29232173137265,0.47517963122362,1.18560027100693,0.655600722352827,1.01363162618328,0.87389422106515,-0.0479298406113783,0.482233394692711,0.23865089732076,8.90079790864921
-0.587864146415902,-0.984882875906958,-1.03958675800941,-1.49669791580204,-0.671201031297815,-0.353703757502599,-0.327950919733237,-0.409466864846553,-1.58596116072969,-0.288083591528371,-4.70789355316743
-0.217475919314695,1.09761376011278,0.888250206909571,1.39687198240598,1.87913474659833,1.07854820543992,0.920692600964635,-0.585398937077453,0.456749653548292,0.237325981200342,5.66180516108697
0.702008268893154,-0.23359339692369,-1.54011117137838,0.780581578761414,1.22602045996124,0.141673263033929,0.00136157814189516,-0.235723185327045,-0.807630659085808,0.183676163437743,4.6066551155572
0.511534965470307,0.021217302939416,-0.285220198388414,0.171595211926886,-0.527039018276238,0.152528023611923,0.973959116175782,0.120479226252158,0.59168816909515,0.313766658837848,4.16203052241424
-1.39990885028969,-1.31227216434433,-1.37305457955755,-1.56052625919469,-1.4813389219855,-1.22338693067722,-2.04351603420849,-1.33645823437011,-1.08947631317294,-2.04056538309738,-13.7928589191502
0.0358322236139785,1.33025682297943,-0.271526424069006,0.347012741896073,1.72788296216944,1.27502873655571,1.38112933797538,0.0519557799631697,0.383738723262227,1.09515400801243,5.42416374445137
0.399751263884997,-0.887835392750956,0.36701601175955,-0.158042332704527,-0.252483188233793,1.41044119228195,-0.967973167707646,-0.284819254649959,-1.15891275724149,-0.0747557867478457,-9.56677972154348
0.686114865360331,0.702888528157057,0.726108893886698,-0.163193224424942,-0.129561526260591,1.16740092042648,1.26711850135613,0.587659453593496,0.681919182451497,1.34377584614674,3.49080323880085
-0.576205933410687,-1.07301795372838,-0.486873783510327,-1.49669791580204,-0.671201031297815,-0.20400355717695,0.190901109970543,-0.948122420027905,-0.99413464146501,-0.331169161099575,-7.84380796156546
0.645091868444753,-0.345114286496882,-0.197574491429854,0.0285188447085871,-0.129561526260591,-0.054398772600642,-0.791055928369748,0.808329230318061,-0.488974678885629,-1.02144235116401,2.45579618129958
-0.620096739179996,0.388900783481453,0.132765508083899,1.15478350539998,-0.178188424115736,0.631216877426342,-1.03924883703394,-0.49534463445011,-0.794331269661873,-1.35156535725043,0.556715263436026
0.0265827448657333,-0.127858476479835,1.48775397325836,1.08372466900515,0.957695111282316,0.683359572329458,-0.372207775493086,0.604467307062557,0.681919182451497,0.183676163437743,5.32860439337174
-1.14242073955294,-1.01581830246931,0.0703641577019202,0.464164519799482,-0.0665396066721946,-0.562128544312945,-1.04616850606185,0.275205219396609,-0.369837361788829,-1.31457644714918,-0.651138997646288
-0.573439598661811,-0.984882875906958,-1.36515387227831,-1.71520746184719,-1.59630834192686,-1.22338693067722,-1.14983258234077,-2.05787843589224,-1.10517691580099,-1.18199888704192,-13.5415715198932
-0.527798213283998,-0.505665871134883,-0.54018503679058,1.2769498723174,0.0134141854703104,0.666794885140552,-1.23529929816425,-0.331942039089032,-0.238422104177787,-0.66503493715042,-0.385782712809459
-0.656436393798624,1.09959650426001,-0.4363886890955,0.38774608836374,1.21278407980601,0.3280008686658,1.9562390135014,1.30572394890165,-0.343630462750999,0.737845014154325,4.19106610920339
-1.89924462321738,-0.91475017368393,-1.74392872469506,-0.545109589224021,-2.03939164351036,-1.00433228716663,-1.65191898514883,-0.361281184497061,-1.52096221051785,-0.41832879487225,-13.3673502637929
-2.31877663281602,-1.78654189784449,-2.68238462787681,-2.66211181999914,-0.909405244727009,-1.38193955039554,-2.23466894461491,-0.0995261431688314,-0.858378882819664,-2.04056538309738,-8.77689103947916
2.14428917721936,0.0735980003153145,1.56790098016152,0.724063331491203,1.60313257448222,0.476985256633623,1.73684412145719,2.46384035670472,0.991200057224342,1.91607286317229,24.3235728375191
-1.16101449698271,-0.993958166870872,-0.989900578332913,0.483275205769726,0.919887597923543,-0.562128544312945,-1.04616850606185,0.565802175851154,-0.488974678885629,0.726003423174719,4.04124318328135
-0.0565448422938957,-1.74847639229757,-0.951137540082094,0.099464170281198,-0.231471593313994,-1.31768979921252,-0.396390780842912,-0.835568222712008,0.285499395131233,-0.734794483690317,-6.31285632651461
0.0250183482599338,0.903050185025133,-0.742343185823273,0.347012741896073,0.632318748035834,0.517585717074932,0.196761307990839,1.56215000889438,-0.550535507093401,-0.135215793417843,2.33309568322972
1.37249259601446,1.84714405984611,1.65911116101836,2.04952900551817,1.93171715611798,0.54429404041736,2.32939588628081,0.777538623056825,1.7340468340538,1.0164290063157,17.8435611599244
0.702008268893154,0.711911844646256,0.726108893886698,-0.163193224424942,0.614757559000911,1.00927426746112,1.00397624637562,0.707942154385435,1.75493528441906,1.10202496806841,7.38929443184837
1.38827864000909,0.876219562658579,1.62510455044385,-0.706353284276841,0.437279350865192,1.27956423754919,1.72311871040312,0.707942154385435,0.816656357586837,1.93663920596141,7.09991697871099
-0.203692718658554,-0.592362287569115,0.0811676721259221,-0.906113465585059,0.194543664549806,-1.0180982788883,-0.184918091244077,0.140643720194412,-0.369837361788829,-0.656311033650786,0.0474329965989315
0.279539797497668,-0.984649279862623,-0.707698222356267,-0.637695844257117,-0.26355754870178,-0.0624565251882179,-0.32131231960859,-0.0255493123673019,-0.993195057784945,0.123881734117078,-4.81777366693016
-0.0517308145548106,1.096922712188,0.888250206909571,1.42871603075851,0.734288435204157,0.352389064191357,1.27611522099576,0.829105469732696,-0.0514317309429789,1.38345903704074,6.34372651468794
1.61237377557404,1.13191394844649,1.83798057820471,1.03927598795567,3.12427293384449,1.59339000203933,1.17428374950982,-0.0581068854991663,2.08387341131833,1.55132434571301,13.0304036524359
0.322881152124855,0.537515339975448,0.295720629991639,0.125398787425051,0.754176078756294,0.78576522122499,-0.206799654983904,0.283442583383136,1.52633512424776,0.225206183018121,3.82057293681895
0.391577726120697,-0.764127241864909,0.36701601175955,-0.158042332704527,-0.710259629920782,-0.63252351884043,-1.10727975923637,-0.450885448878421,0.894990464009509,-1.1905572821908,-2.48032641524698
1.3332259635551,2.02334909628686,1.6172783988631,1.65135271225381,0.859941356248069,1.06661084100739,0.676264503016648,0.965120744628552,0.159014174030433,2.03136404268853,11.4698135318402
0.491292914539229,-0.197125654358206,-0.480315462014239,1.39049732093199,-1.29152711960801,1.65280166391113,-0.367250945014878,0.793661273958282,-1.02537688166355,1.4598794175528,15.533627919256
0.761286506309469,0.62542739681251,-1.30172577457024,-1.03298396913892,0.315211576142781,1.02177189721636,0.869871025766615,-1.07003208585923,-0.340020858375664,-1.15334694454986,0.487365429419426
1.21368374793812,1.35010190216467,2.10202095221342,1.67695423538531,0.908653251657622,2.50931480826771,1.44284232262327,1.64060404805197,1.46376809049068,1.61110129128236,16.0675879996475
1.18951161385096,0.686512938616882,0.704503173821971,0.166896427729464,1.42139870585365,1.22590836028697,0.921198668655194,0.719590553634262,0.978733334496095,0.066937911952375,7.93442659403715
-1.16101449698271,-0.993958166870872,-0.989900578332913,-0.318879470844081,-0.105535860495399,-0.182738472107928,0.0980619777879632,-0.52665054857927,-0.383319977829191,-0.361581829202598,-3.8974124472594
0.883564075372117,0.807319551682707,0.0583882123616291,0.0908975293749093,0.589897355453044,0.507645689330635,-0.206799654983904,-0.147718271665052,-0.550535507093401,-0.626317438628416,2.45579618129958
0.572810788500488,1.29232173137265,1.79621195866113,1.3686028394074,0.905483514287734,1.55327484392963,0.292817193525924,1.2913345028536,1.89789800735412,0.840482421833556,14.8313266814019
-0.528351395623346,0.917602000144705,0.0150389474487101,-0.240232639446039,0.508322316873465,-0.487612129067499,0.259822214211713,0.834363499279885,0.171371156709486,-1.30610951844524,0.168751787114436
1.05316172543824,0.845219097565876,1.59834669424502,1.32184426187932,1.40609038423969,0.876362486645691,0.00323088645757313,1.2913345028536,1.09362714268832,-0.369531208460593,14.8313266814019
-0.406660754393785,0.0428392927914278,-0.291744412198182,1.13707529621068,0.337166861974546,0.666794885140552,0.196761307990839,1.36631001037489,0.0469381192204365,0.589218183754703,6.82678654333662
-0.0550917337313438,1.096922712188,0.888250206909571,0.1109368691819,0.860372889415273,0.683967983744853,1.97171384088717,0.156550327626056,1.62199020735598,0.60045628346586,12.1185308340051
-1.46652359936581,-2.03753592228671,-0.577849354546272,-1.36341076193929,-0.657233245879866,-1.30660068021449,-1.23783379629096,-1.04723523781689,-1.52955106577165,-1.93822823441829,-6.6358838933193
-0.349989780071505,-0.76801370194471,-0.450671207855857,-0.329340515008072,0.178528568120486,-0.0460886628790894,-0.608396719669329,0.182968091207614,-0.841646213889607,0.428318275880772,-6.79508876401386
-1.11231053543952,0.0150544199640921,-0.678650777181535,-1.30107405775315,0.0720086695349035,-0.0296318389833216,-1.17809345608492,0.101717481070686,-1.38995003838405,-1.35156535725043,-1.36037201605154
0.2635077314182,-0.414035082604098,-1.10636323793063,-0.0655210125139629,-0.26355754870178,0.226945429510806,1.11109230392328,0.644574797196159,0.679214461034739,-0.392225929554327,-0.589663443196318
-0.347874073257523,0.0283934267806071,-0.374683780459718,-1.33981222901712,-0.457838809784045,-0.192543219442814,0.978869416263971,0.245610445030883,-0.1962014955663,-0.171013325327399,1.28820503989508
2.66869372442611,2.55758460978188,1.58231753778089,0.739535565288884,1.30647055771784,1.20245519417713,-0.351200277262805,0.480094118786131,1.19404165704385,1.63217500201669,12.2381793784164
-0.322979412912132,0.260399866738355,-0.374683780459718,-1.33981222901712,-0.727681284348087,1.1147791509277,1.79757163290848,0.746198793508829,-0.637206528838459,-0.707189939465366,-5.88849694639596
0.697566489177557,0.735206710043192,0.726108893886698,0.611657585673274,0.735637882838977,0.483747900012582,0.669723233462542,1.40374673678083,1.11459591623334,1.46547515645848,8.46601383034754
-1.89258810493151,0.222018474399295,0.16250829780366,0.0741545552826774,-0.575160100674849,-0.760402191183795,-1.59277212339894,0.688505898366975,-0.583739548353049,-0.0309977962759864,3.37580805452968
-1.39990885028969,-1.60921834458848,-0.726738945871058,-1.15992820688471,-1.4813389219855,-1.59570829236565,-1.75076971602433,-0.875685417266012,-1.83384092229904,-1.65711861351889,-12.6386870968713
-0.978632328821004,-2.14960778347526,-0.180627893548449,0.0990450729635257,-0.105535860495399,0.378379419577684,0.0980619777879632,-0.04775197840313,-0.187315046685689,-0.346266077161189,1.40944864113645
-1.13263845789021,0.872482265320955,-0.366619887188464,-2.04759641723285,-2.00685266031094,1.21389130604225,-0.178658114292676,0.903235453114934,1.79974331356889,-0.361581829202598,-3.33000872650542
-0.126412082780709,0.656592062222669,0.543036135388032,-1.26892611074207,0.203929062244457,-0.00160101669694275,-0.0694743225704386,0.93322348457012,0.967844685926699,0.329414846044873,5.03914408932364
-0.576205933410687,-0.984882875906958,-0.905243005189279,-0.108287678345549,-0.461848422789677,-0.29338446072872,0.132951372495025,-0.0585310190248018,-0.0146265201202866,-0.288083591528371,0.685526566569398
1.6904446423489,0.41019816046127,0.929711969408814,1.17955617991867,0.79814917209417,0.360517586518825,0.331426692792762,1.4634853915272,0.927649338621358,0.151045446213047,14.3277855854835
0.802456166812217,1.81211511662055,0.865507467533958,0.834406140345363,1.7687970634744,1.20210646868625,0.068026770482072,1.20876648406209,2.5189457190657,1.17489290699311,12.7170091594917
0.975931864756247,1.09299180223882,2.24183888170716,0.618889912943181,0.882417905934917,1.59339000203933,1.99462665322865,1.2913345028536,2.18866268847036,0.707066017741247,16.1674030661598
0.713835968870438,0.184532337067435,0.716493263127494,-0.0788762996819527,0.614757559000911,1.00927426746112,0.869871025766615,2.1241873482668,1.03895760713342,0.583188232615652,6.45006551818308
-0.528351395623346,0.118050717547032,-1.43918466614789,-0.526764559955312,0.00508044639101056,-1.17953230960736,-0.165334500308805,0.355478035921308,-0.583739548353049,-1.03971227071914,-3.42927541279097
1.3332259635551,1.13549608357976,1.17574202332393,1.17865660816588,-0.363723615976851,0.856976296084837,2.22711491420235,0.712867740763174,2.18866268847036,1.01462979064882,16.1674030661598
-0.0346359615601112,-0.770658886990827,0.36701601175955,-0.0406964748919312,-0.422335290027933,0.0197468193487538,-0.278850495877804,0.460277482025103,0.0892818035907588,0.619237567008688,2.61416025152988
-0.86965693132337,-0.748409391761591,-0.640048257178922,-1.67762634451749,-0.876985235846775,0.585485393547173,-0.974274553661046,0.793661273958282,-1.02537688166355,-1.20416220277077,-5.42279836078183
0.185269691932612,-0.3390637325995,-0.245478234852154,-0.391661026343377,1.28165454805021,1.06152023923498,0.449126482932134,1.70533728515904,0.34123816094831,0.732142378383419,1.90837507745146
1.54292058741142,1.13191394844649,1.29830362408503,1.17865660816588,2.45566549301756,1.50538732866727,2.14531702380968,-0.585398937077453,1.69195860010899,0.760167448444691,14.6163266978453
-1.60804743101341,-0.139703620601195,0.119257272648355,-1.4806821831476,-0.0331224056038555,0.433909815017971,-0.053736600064339,0.341321899701847,0.347485489444106,-1.69861705624322,-3.8974124472594
0.394672377044036,-0.713087193305691,-0.342576412156211,-1.81288731282548,-0.814585615606613,-1.62127508286093,-1.39125859629692,-1.04723523781689,-0.99413464146501,-1.19146515681801,-6.10744480398893
0.780362870559761,0.62542739681251,0.79627285852992,1.42198240301208,-0.234955719549486,0.01310928538886,1.14968839148029,1.68733071711367,0.268072830876513,1.01462979064882,5.45743746763885
1.13066996447872,0.914803875394615,1.59834669424502,-0.452328455137775,0.365425718371261,0.873529340608193,0.669723233462542,0.707942154385435,0.482233394692711,1.59861425293815,2.28913494344924
0.491413189478535,-0.667813799384737,-0.48775723795742,-1.08782163921711,-1.57414109243024,-1.58590877797035,-1.39125859629692,-0.208165982118461,-0.661435989544445,-0.711645566341274,-6.10744480398893
0.377777582181979,0.330586957870398,-0.809512432732968,1.56606360768547,0.514692066669268,1.87788419689497,1.73531785374161,0.378278552006379,0.345106803172114,-0.0946016133903109,4.9617914008894
0.524355333947051,-0.516942125411285,1.07162296525588,0.77318240608058,0.0860383495140804,1.70454314091575,-0.224495323298086,0.763391522347867,0.586605423081576,0.258201074530551,9.59311799889176
-1.15736996077947,-0.43531466606371,-0.853540400056227,-0.65248835979518,-0.865715181463287,-1.4791738361919,-1.03499586766674,-0.803075388099896,-0.55845267896526,-1.51942783032132,-7.66542239188339
1.10928412099153,0.835846028531447,1.59834669424502,1.79795823811797,0.908653251657622,2.18676910901608,0.425045924996327,0.505534194996699,1.28436000742833,1.34644971839578,10.3043963698658
-0.106735213836679,-2.104095148515,-0.74701269870767,-0.116651949711546,-1.33751039825911,-0.953320134638285,-0.67956797633128,-0.803075388099896,-0.830372311967676,-0.959937285328042,-4.69313615876653
0.864091480356546,2.67556296895175,1.54168157521423,0.834406140345363,0.828650504769933,2.00936310805441,0.902352043934898,1.05027364454305,2.20989070463375,1.34763170586423,12.7170091594917
2.22745652838779,1.61117633835806,3.24835740837769,1.19655049209762,1.47573022272244,1.60954428615417,2.04601530954108,1.85029872604678,2.5784240611329,2.58861243373855,22.7536271444385
-0.823760672044105,-0.135305082235964,0.587328792107051,-1.71529496489706,0.595761050012694,0.116323647757001,0.363069312464187,-1.07003208585923,-0.817260764956285,-0.23914638584643,-5.31836526573484
-2.11381034416638,-1.27159008799455,-1.57269638205967,-1.56052625919469,-2.47297324755588,-0.566845016841845,-1.6989715781354,-2.05787843589224,-1.77239983570921,-1.35735470093562,-15.9455819238564
-2.24607011137237,-0.684969959550088,-0.86931949717882,-0.43149768481688,-1.251924791762,-2.00089423908078,-0.918979562307542,-0.763274954539611,-0.964202477969659,-0.592183545890954,-4.88626638923363
1.51910001886267,0.113190068557723,0.155900329605517,1.05906377010749,1.29851388250307,0.0766257382791913,0.154403975888363,0.651801208514394,-0.283789430202776,1.13506572069572,12.2105914504397
-0.617958125133303,0.388900783481453,-1.1046950805887,1.15478350539998,0.0231972232073665,-0.261164658637801,-0.848921307311153,-0.066555016956258,-1.05804374725632,-0.886489971033099,-1.97448221619964
-1.52180182363545,-1.19470674284944,0.498642882233796,-1.41141230221858,-0.84125895110213,-0.0432554347688916,-1.54615981769018,-0.223401161881968,-1.25638603067633,-1.13609416479178,-4.81990774148026
-0.527798213283998,0.118050717547032,-1.43918466614789,-0.913889646328337,0.403028238878081,-0.387080778577646,-0.562818627270329,-1.06665715760469,-0.807630659085808,-0.462249302381286,-8.65645300877014
0.0391330878430635,0.624746009057268,1.07341289276735,0.132319322549906,2.17315342726255,0.744391826032421,0.203960346835355,2.66108771945901,1.12257521693457,0.732142378383419,4.22973513972226
1.47077795210781,1.54241971253209,0.581039568291203,1.20627433244107,0.044351364862254,0.24947221877758,2.14531702380968,1.34252838944306,1.0701486606018,1.01462979064882,10.0696638449041
-0.895913885252529,-0.878283561113898,-0.79718176496221,-1.4018277810366,-0.906776160652829,0.585485393547173,-0.0447604785320581,-1.00115698656447,-0.644127596788748,-0.346266077161189,-8.65645300877014
0.615372714994793,-0.160665417843515,-0.68416198293068,0.780581578761414,0.0614076814526148,-1.05578329236913,1.04279632123372,1.34252838944306,-0.219517026147512,-0.144018445576724,2.96268171928872
-0.617545280410071,0.1095502154276,-1.55950802639706,0.421024046165476,-0.926850709723045,-0.816219392363748,-0.723076845297275,-1.06665715760469,-0.805829260018288,0.320530555081957,-0.126047613285882
-0.61690958595317,0.388900783481453,-0.475740948174333,1.15478350539998,-0.136892729335575,0.666794885140552,-1.03924883703394,-0.464746521029478,-0.805829260018288,-0.69700740674948,-0.385782712809459
-0.349228015566865,0.17329648196148,0.0369235584263903,-0.868255104155195,-1.15440557155733,-0.381030724326295,-0.310688781358688,-0.126116111034963,-0.0440316366895314,-0.288083591528371,-3.13334877378089
-0.0594570488916857,-0.210479255953126,-0.518405685187418,0.61247087745437,0.421888006583346,-0.384766665252569,0.0222789768031636,1.36631001037489,-0.396961256752861,1.42560902172653,6.91467972498118
1.0353725753554,0.845219097565876,1.59834669424502,-0.706353284276841,0.765594687095892,0.360517586518825,0.827499892205161,-0.377346107530453,-0.340020858375664,2.02073910600792,5.38633002911718
-0.306294811838147,1.2066896313275,-0.791953550216707,0.226894871539306,0.772800857029347,0.881073631145578,1.38112933797538,-0.0479298406113783,0.635400376181431,-0.21830674796996,-1.97448221619964
-2.31213563145815,-1.78654189784449,-0.414310278852684,-1.36341076193929,-1.70077922522988,-1.54463561809024,-1.75076971602433,-1.48903625389515,-2.96355013378862,-1.62798495953188,-14.4854735215914
0.295089381867589,0.743694979867311,-1.20868434997612,-1.03298396913892,-0.51584324328191,-1.45364748755199,0.588957438025182,-0.792459792469315,-0.393267726930208,-0.171013325327399,-9.24546135743873
0.617015333206957,0.649662754071346,-0.0224519525878813,1.29764709896689,0.655600722352827,1.01363162618328,1.16679170530333,0.283442583383136,0.625585989971752,0.501270997315224,9.33187584525204
0.0681872273677593,0.0880472749964367,0.567309472346964,1.08372466900515,1.59554632328723,0.512014714259658,0.54537833555126,-0.076598857798581,0.811170213805543,0.560845840688738,5.54943514819483
-0.23553665424044,-1.93761985114626,0.00963443092690007,-0.561719066988315,-1.33751039825911,0.304112790771735,-0.0195815427607565,-0.430906844354378,-0.19810930814687,0.705497185371489,1.25519038224606
0.0303436800925521,-0.23494522213482,-0.461901608630803,-0.13572684135849,0.802320652775835,-0.517112707761943,-0.791653038919994,-1.24300099660426,-1.80635774694537,0.711904996255667,3.18097344631908
1.31990885480579,1.13549608357976,1.17574202332393,1.77208747838937,0.701634792049415,1.55327484392963,1.99462665322865,1.95101984559716,1.62199020735598,0.151045446213047,16.1665455439164
1.02523660528879,0.0517656092662811,0.17964219751349,0.934504329535458,0.187999199657533,1.65280166391113,1.73531785374161,1.37115990826148,0.440524517152275,0.151045446213047,6.82602292942944
0.637620379764764,0.671986457650905,0.341464510431919,0.834763217739398,0.488986279732254,0.70042575877579,-0.138082472423653,-0.0817186831157764,0.616936050430311,0.603540793195656,7.26370144285827
0.31187637136118,0.537515339975448,0.14858839093447,1.56606360768547,0.246163687848482,0.78576522122499,-0.437138034205176,-0.188845338776213,-0.139377281160398,0.434837510730689,3.44197297426407
1.6149626589982,1.06330261974148,1.33708039862754,0.691557657765297,1.64089520122632,1.08612552911474,1.3674514137333,1.56539846889346,1.24628601417999,0.817324144929784,11.9924295361524
0.816165807573407,1.47079087051483,0.275157265830351,0.834406140345363,0.257043989062327,0.70042575877579,0.68607970412217,-0.0479298406113783,-0.249687190175553,0.615413481297926,7.26370144285827
1.32816601982393,1.55614468791706,0.275157265830351,1.43266967649731,0.107574653966087,1.40746691065868,0.983378727019711,1.78482178242645,0.962591712364014,1.07588380211777,10.0696638449041
-0.798554766335169,-0.281918786736247,-1.40805247785978,-0.500274612282503,-0.963575013202205,-2.13569391544584,0.314831180738354,1.11856892148344,-0.733258567832291,-2.1075215558298,-5.85215182535652
-1.16347343963036,-0.43531466606371,-0.489154284674336,-0.65248835979518,-0.00753389676912463,-0.983762698575202,0.163599018485176,-0.500296384476487,-0.0334308523622759,-1.27163002523015,-5.46944214824094
2.35091908556039,1.93128901843686,3.24835740837769,0.885360396486203,0.779078610379875,1.2397734365079,0.7863387709442,0.155170016965439,1.35149139112645,1.55132434571301,13.1234546893236
-1.88118477280112,-1.18053910900783,-0.784333444116127,-1.8715777887039,-1.68042853771256,-0.566845016841845,-0.974274553661046,-2.36011418469708,-1.77239983570921,-0.832191490190048,-9.91161706784062
-0.419530149036071,-1.00393382058404,-0.44746220001171,-1.08546349364557,0.416508791939981,-0.00720539334312453,0.0843754834739901,0.303284807305372,0.00830849064701734,-0.825401390596636,-0.596368369644144
-1.39990885028969,-2.15142850837649,-0.577849354546272,-0.309637629250904,-1.4813389219855,-1.97076113267977,-0.287825002211301,-0.500296384476487,-1.32432908883945,-1.95591913715991,-4.6408352405962
0.594325536063778,1.29232173137265,0.909919592168093,-0.00826353182716822,0.992550969786271,0.571375855076186,1.97171384088717,-0.104099518800835,1.98667195342443,1.64339375631097,12.4246128927294
0.706597704614608,1.28591132017995,0.193267512494917,-0.0188954818672365,-0.129561526260591,0.689390201486076,0.350051103608352,1.13514897497373,0.612739889993359,-0.344520095415798,3.50740448102294
-0.764275488937643,-0.979211562938182,-0.343216258814944,-0.988988962885178,-0.252081366864954,-0.867520795858607,-0.943044307667294,-0.16790225436337,-0.772198761337873,-0.0690778081946956,-5.85215182535652
-0.320511947640718,0.260399866738355,0.360533457868602,-0.868255104155195,0.00883115872098872,0.631216877426342,-0.180605249843739,-1.07003208585923,-0.0584017393711785,0.854010149374491,1.25519038224606
1.32104966732904,1.29235314054488,0.366529954132065,1.34226367669221,-0.118014376371677,0.785974352403908,0.727822819620468,1.13514897497373,0.164767335600083,0.0977970405400974,6.1352095282495
-0.503217818307202,0.917602000144705,0.792647276568803,-0.849760760354448,0.00883115872098872,0.271604031737986,0.97011361663192,0.564917546091735,0.543203705082179,-0.780092880755148,0.182171636823479
-2.34411459921372,-0.684969959550088,-0.626229790734797,-1.46223746260705,-1.171660524113,-2.00089423908078,0.251459483423013,-1.13411172633638,-0.282761552783542,-2.23186647213631,-7.84380796156546
1.49403312048492,2.42983475538955,1.33069051887244,1.31972060456948,1.30647055771784,2.15165294661303,1.78049540339236,0.0698343868867506,0.882056072671379,0.422737401102798,17.8435611599244
1.6219144315551,-0.467163916661515,0.382752693987458,0.261893840129549,0.761784822121384,1.45717036988564,1.25079198955018,0.201515675261302,0.586605423081576,0.781007393522569,5.85483202046686
1.16019929857781,-0.473058745361536,0.312994474786146,0.300190715652895,1.92583583081035,0.451369576736697,0.521118534735185,0.823224846311752,0.34123816094831,-0.152562839328214,5.99874474936748
1.02523660528879,-0.624233882125612,0.415793626272469,-0.888961295786245,0.464619375730162,0.459431370356654,0.341680584969306,-0.252863680335515,-1.06987566426239,0.979827025157933,2.24157994423036
0.166580376997607,1.45504005568052,0.888250206909571,-0.00826353182716822,0.601801424125433,0.744391826032421,2.98303346575572,0.356642106735888,1.98667195342443,1.11544832424137,9.59006394294288
0.0645898616237043,0.201155844760838,-0.592229250364911,-0.212806534279516,-1.28356527639867,-0.0681068058712911,-0.489516947598983,-0.325695192876278,-0.890726644838321,1.4598794175528,-4.32216589920895
0.0219488084038965,0.903050185025133,0.143856790025135,-0.713610739483659,-0.870603659414796,-0.381030724326295,-0.489516947598983,-1.93203816820564,-0.0246788373239983,-0.58547960785098,-0.3955068058898
-0.587864146415902,0.0686629756288946,0.100170481742879,-0.108287678345549,-0.00395530132850441,0.631216877426342,-0.308507055008115,-0.361775437186958,-0.454881108521268,0.457533516513518,-4.88653008590971
2.66869372442611,1.48638983140355,0.580769594479566,0.739535565288884,-0.215045476966702,0.662021474457168,1.36523667579752,1.85029872604678,1.17433595772599,1.01462979064882,9.21330104176925
-0.113508853784764,-1.16495658229766,0.00963443092690007,-0.573143845491541,-0.893392012168169,-0.159590083364777,0.674582304905133,-0.948122420027905,-0.46392776507627,0.123881734117078,0.72111087865872
0.193938959229113,-0.3390637325995,-0.0490596861125928,0.684299457916286,0.351059026729184,1.4087220503764,-0.791653038919994,-1.13814355996958,-1.80635774694537,-0.11014344965306,-3.55422485588385
-1.20122694555187,-0.281842538167879,-1.34906580852736,0.0347304099396973,-1.12906766225721,-1.03053775159296,0.796156234034745,0.602469610575738,-0.725706500810403,1.00140109260515,4.52706898282912
1.54292058741142,0.98470131377479,1.29830362408503,0.706242069046882,0.882417905934917,1.08612552911474,1.3674514137333,0.299680845395212,0.882056072671379,-0.109901636311691,10.4822597413346
1.15687506057474,0.599186716468962,0.409849304302935,0.816288192060785,0.488986279732254,0.785974352403908,0.203960346835355,-0.40345729223617,0.326407027064754,-0.814096620715091,-0.260094694077703
0.0942798017280604,0.111999779347849,1.80557024558091,0.615630282208027,0.957807270618767,1.24703523108861,0.4520298638354,1.24780106034481,-0.142683637942043,2.02073910600792,5.32860439337174
0.438492746336878,0.267934584369835,-0.809512432732968,-0.182750237575252,0.634821033916124,1.00470876528559,1.84283957791962,-2.17509742931881,-0.235551145147069,-0.0739060445625466,1.28820503989508
-0.726457890812976,-0.291586140868469,-0.54018503679058,-1.27251283739182,-0.933508818892516,-0.839948601290755,-0.576890815138986,-1.36395931181939,-0.99413464146501,-0.540952656589485,-6.6358838933193
-0.642221403329204,0.408655265374775,-0.475740948174333,1.15478350539998,-0.178188424115736,0.666794885140552,-0.575157205819243,-0.464746521029478,0.753069992179529,0.457533516513518,-0.126047613285882
-0.587864146415902,-1.07301795372838,-0.486873783510327,-1.49669791580204,-0.906776160652829,-0.285041983005391,-1.14983258234077,-0.879845168020086,-0.773978797801986,-1.18484173895405,-6.94296439986533
0.346750771807883,0.518193452576607,1.0010698864718,0.132319322549906,-0.457104141663132,-0.146938164240249,-0.252709923507933,0.460277482025103,0.569538378330998,0.926786650546368,3.64393621314019
1.078422080895,0.585309567427218,0.357603822948333,0.905914365176893,0.488986279732254,1.03524151104273,1.32528370466428,0.283442583383136,0.868347889196513,0.474608488870889,9.59488632714699
-0.630995414819929,0.311735359078868,0.132765508083899,-0.721408598738,-0.0331224056038555,0.147818513072033,-0.758824856038835,-0.49534463445011,-0.227528602814713,-0.66503493715042,-3.42927541279097
-0.340089932284248,0.17329648196148,-0.834404066540616,-0.0699205993551812,0.264732784944658,-0.806582770043149,0.223444851075013,0.745085459286007,0.0810766893530012,-0.814096620715091,-1.64025206093158
-0.679645297520297,0.086161641280052,-1.43918466614789,-0.124178311280963,0.0551927212410487,0.206253988475424,-0.503318378646135,-0.508834043297809,-0.807630659085808,0.457533516513518,-0.942542462057987
0.214952319193274,-0.627261516247926,-1.00813688271263,-0.246332999709614,0.360483414117182,-0.581142798361055,-0.93532538732863,-1.55648505572233,0.402610471702537,-0.843635053071896,4.76898153272743
0.473805849796174,0.45267860100186,0.45696661553287,0.608910850130976,1.31237671452997,1.61275456351378,1.73531785374161,1.37115990826148,0.959949732582885,1.42560902172653,10.1488756514391
-0.857505880539178,-1.44560509190655,-1.53555928958715,-0.345879228371159,-0.419391365250409,-1.28470205615471,-0.715821727368739,0.67401936331327,-0.488974678885629,-1.86255647643784,-4.25050970152778
1.16591710270816,-1.06650169649118,-0.311481087048034,0.398556386354234,2.33163676422699,0.0258372581400113,0.449126482932134,0.237700241089699,-0.719640206841841,-0.152562839328214,-1.48718415985147
0.103475253655877,-0.0696324147087891,0.490349625880206,-0.190962020776698,-1.28309981575824,0.182478260049797,-1.25112880117602,-0.489205256595032,-1.85262976773297,-0.498449066856475,-3.37289432857868
-0.0236638982695731,-1.37734378805456,-0.707698222356267,-0.844359441942955,0.772600901651428,-0.366927520039821,-0.602471672700027,-1.3560992544995,0.402610471702537,-0.0112936423332702,6.99608422560451
1.20404404780354,0.790342067166171,-0.0927690615983214,-0.415303490109042,0.577631562183023,0.00530333801554004,0.499666803778778,0.406848425798251,2.19421023586036,1.15869813012762,4.59027416885413
0.491413189478535,1.27685618979646,1.15708552207807,1.3733646981664,1.03713424377473,1.22958541615472,0.902352043934898,0.380198227462063,2.20989070463375,0.60045628346586,2.27337142461235
1.70485219164473,0.994937867896528,0.264558152957273,-0.010045606323482,1.52950269277618,0.608600180839046,1.36523667579752,1.56539846889346,0.451662637960941,0.583188232615652,9.4360797376147
2.04586158108628,1.63580654586906,1.05873367899621,1.07457195057696,-0.43066219108358,0.856976296084837,0.7863387709442,1.29899052839354,1.35791861959171,1.01462979064882,8.89078917211554
0.102539483355374,0.248370611717436,-0.809512432732968,-0.212806534279516,-1.28309981575824,-0.0304721755617418,-0.310688781358688,0.480073898214816,-0.197612547750762,1.4598794175528,-2.20244434026727
0.0250183482599338,0.365367734541905,1.92618699170199,0.839825526523456,0.768112912569922,0.707379742320687,0.203960346835355,0.448974509523139,0.0989273429002504,-0.0951231003625553,3.60576720246107
0.614840855830764,0.697674728001452,-0.474601188022947,-0.230255301069418,-1.28356527639867,-0.146938164240249,0.0966877205471725,0.387873605947364,0.352870883604067,-0.344520095415798,-5.88849694639596
0.0964961742702128,0.172838327189409,0.913227535921609,1.08372466900515,0.768112912569922,0.512014714259658,0.650863082589937,0.694256157460553,0.924928420144973,-0.00390500391416542,3.93297345709226
-0.0594570488916857,1.096922712188,0.544102176026368,1.39687198240598,1.23658639686191,0.517299900632484,1.27611522099576,0.487743307395905,0.415101643889358,1.09515400801243,8.76971220779093
-1.79033136238086,-1.22492312236097,-1.18575708964954,-1.53054615829818,-1.39436450128035,-1.79549594169473,-1.71173982289708,-2.47241053332566,-0.967626664459874,-2.04056538309738,-14.2350765680441
0.359697720329087,0.330586957870398,0.472702591488453,1.42198240301208,1.31237671452997,1.55327484392963,1.73531785374161,1.95101984559716,0.254438624884927,0.73377197668324,10.4155599782614
1.22174214832874,0.790342067166171,-0.0927690615983214,0.261187563377821,1.20172324382875,1.11936161057681,1.15956828133302,0.626443128822817,0.686874582618074,0.474608488870889,5.41148352109097
-1.22840241704592,-0.91849396317924,-1.74392872469506,0.16468213877195,0.252359742086898,0.0101588557091289,0.568145858004928,-1.05028022434896,0.184546508066285,0.716136197605815,0.135709604609397
-0.239942190921546,0.777532005297686,-0.34848709555634,-0.819979186798595,-0.912663887441048,-0.0304721755617418,-0.489516947598983,-0.177990798665441,-0.0246788373239983,-0.854659236735975,-1.22568601630457
1.49403312048492,1.54241971253209,1.48220263798392,1.67695423538531,2.13786156667976,2.62390125204325,1.16156696016803,0.555495134846996,0.882056072671379,1.0164290063157,11.6431326597186
0.968210561617868,-0.37815596233242,0.382752693987458,0.300190715652895,0.390112127169319,0.451369576736697,-1.10925765206922,-0.284819254649959,-0.454881108521268,-0.0429878758551667,4.9477958766494
-1.6110563724645,-1.10921030045095,0.0872257320931399,-0.308821880103814,-0.895209592050734,-1.30011768427926,1.07363263980797,0.602469610575738,-0.426670562746518,-2.23186647213631,-5.40626679269066
-0.217475919314695,1.07619826217042,2.0581307907458,1.39687198240598,1.23658639686191,0.707379742320687,1.97171384088717,0.448974509523139,2.46458492763472,0.291609169031302,14.6163266978453
-1.82753878132206,-0.448224184770688,0.119257272648355,-0.402092985990412,-0.0331224056038555,0.631216877426342,0.327368266136968,-0.341499315907565,-1.18168963593071,-1.69861705624322,-4.07252429845161
2.22745652838779,0.720121324441948,1.56790098016152,0.556784431203632,0.323769230203757,1.87550801035454,0.480725887426381,1.24849908065931,0.254438624884927,1.93663920596141,6.86510998261591
1.38818710116901,0.596212373894034,0.309364709411388,0.807214881653037,0.370220811875605,0.986616668545343,1.14925753493105,-0.419032642364832,1.27906268637586,1.1961424465066,8.90079790864921
0.359697720329087,0.518193452576607,0.927831230931595,0.730892206246679,-0.733359652557847,0.662021474457168,0.203960346835355,-0.04775197840313,1.31621511589668,0.714838878213572,8.04469767818615
1.02523660528879,0.248944245245281,0.17964219751349,0.384803567296841,-0.875489565316342,-0.313139829819511,0.0966877205471725,-0.296035504559291,-0.788920917399883,0.171678273643897,4.9477958766494
0.640122399984281,1.83956717045131,0.163074080569128,-0.379469626756791,0.517027833428662,0.490210973031731,1.13743620289979,0.886928857895217,-0.784454938616274,0.185893819338764,7.38929443184837
0.839396831671444,-0.651648197359613,-0.100369192898886,0.416564902177729,0.761784822121384,0.451369576736697,-0.0995969667281872,0.279049573091903,-0.887464941714989,0.340621500812827,4.6066551155572
1.02032700914437,-1.74586364294771,0.467853497139338,-0.890172377897539,0.765594687095892,-0.0315126539577711,1.18446271628771,0.93322348457012,-0.242070629039711,1.08651125373168,7.09991697871099
-0.203692718658554,-1.6177067421788,-0.207521599800922,-0.644939794956785,-1.36550524889714,-1.17183895440452,-1.01589692726097,-0.835568222712008,-0.285282175012898,-0.648008973480297,-8.21197343959343
0.193938959229113,0.276694991515264,-0.173378706560268,0.458697390566733,0.700176594031251,0.517585717074932,-0.138082472423653,1.36631001037489,-0.550535507093401,1.46547515645848,4.52706898282912
0.0879913084690449,0.111999779347849,0.567309472346964,0.560562028018723,-0.441955164675709,0.32882335565655,0.727012393218827,0.644574797196159,0.38954083395285,-0.796966315604931,9.18061344622362
-0.650234644658335,1.01807180828644,0.518332596596488,1.39687198240598,0.851090592037724,0.495412247779236,0.00410318437329529,0.589069725532012,0.415101643889358,0.0625050491737511,6.82678654333662
0.705649436646363,0.486656116487266,0.793869831264527,-0.474686216380263,1.14115477559659,1.13828090294924,1.72311871040312,0.0830516671089139,0.0989273429002504,1.89909813277571,8.46177692869093
2.58323847379527,1.93128901843686,1.58231753778089,1.32626396368799,1.48731843892395,1.2397734365079,0.817140575161782,1.4634853915272,1.35149139112645,1.39350185618485,15.9563454138838
0.997096536669229,-0.624233882125612,0.553899715134771,0.540819496447102,0.940345908214331,0.273402038678933,-0.0995969667281872,-0.663916535599755,-0.139377281160398,-0.369531208460593,-1.3319325305238
1.10928412099153,-0.490054269447585,0.0713686892465116,0.261893840129549,1.32129708943785,0.451369576736697,0.449126482932134,-0.147718271665052,0.385676899050768,-0.152562839328214,5.06684936501765
-0.349228015566865,-0.76801370194471,0.751229884997174,-0.329340515008072,-0.741170120270784,0.467897124479207,-0.672965289923055,0.406962685128802,0.0989273429002504,0.43703665931321,0.160474596240502
-0.792162268113041,-0.673630218538736,-0.426680909698228,-0.988988962885178,0.179065677259729,-0.867520795858607,0.163599018485176,0.332806573792296,-0.579685835606493,-1.22940871245585,-1.7357407683806
-0.171416206818524,-0.532569784806749,-1.00813688271263,-1.24517876063684,-1.10243094815221,-0.422767815190664,-0.687827775740197,-1.55648505572233,-1.10517691580099,-0.92193989314626,-4.81777366693016
1.46782579595175,1.35121628941431,1.47296281110659,1.67695423538531,1.60313257448222,0.886636450819666,0.817140575161782,0.332238310604304,1.1335777605286,1.0164290063157,12.2080578525124
-0.515780543060264,0.917602000144705,0.792647276568803,0.1016991854638,0.040783619371563,0.744391826032421,0.97011361663192,0.707942154385435,0.449129772312101,-0.854659236735975,-1.40480044852961
-0.515780543060264,0.917602000144705,0.792647276568803,0.134589736060853,0.040783619371563,1.33416371601748,0.520105916654916,0.9570239310038,0.415101643889358,-0.294228398257208,3.1392227437646
-2.31213563145815,-0.684969959550088,-0.0906687187827117,0.0476607963030027,-1.89140449184734,-2.00089423908078,-0.0195815427607565,0.721131714589513,-0.875957408980225,-1.35355084409912,-3.14606932999481
1.84262779906594,0.2124395997588,1.44775510965543,0.724063331491203,1.09259559353753,0.640532898618512,1.37045338691472,1.56539846889346,1.09362714268832,2.24705059953277,13.8285097506232
0.0221282993439051,0.365367734541905,0.561322721832082,0.851246218356821,1.59554632328723,0.262036327868411,0.54537833555126,0.651801208514394,0.657777304553083,-0.109901636311691,8.9350658799256
-0.0251009062137612,-0.147125959870445,0.0369217303366847,-0.13572684135849,-0.338343886188169,-0.204476712944202,-0.32131231960859,-0.0255493123673019,-0.779858423822266,-0.374678320204273,-2.379072188329
1.20404404780354,0.686512938616882,0.704503173821971,2.30924220418834,0.336246864266393,1.87788419689497,0.955674863475555,1.78482178242645,0.254438624884927,0.589218183754703,9.77548810477449
1.3332259635551,1.55614468791706,0.7050461841602,0.532860821375022,0.257043989062327,0.343265234870438,0.943616444092996,1.69962718518757,0.967844685926699,1.05547998167286,9.98033898205067
-0.86965693132337,-1.44560509190655,-0.449478922412979,-0.477475873574051,-1.20594471072985,-1.1854734598986,-1.75076971602433,-0.835568222712008,-0.733841637877105,-1.17448908429331,-8.77689103947916
0.317666903559566,0.0733282548006978,-0.190973496322966,-1.08028511100306,0.38234178499385,-0.051053485280001,-1.51396995827193,0.171306608858369,-0.468426562726112,-0.0112936423332702,-0.465887139360785
0.133084699295085,-0.0696324147087891,0.490349625880206,-0.00960830371522181,0.164428480025995,1.33416371601748,-0.372207775493086,-0.119420991409602,0.978733334496095,0.751310014614908,1.97957706598138
0.31187637136118,-0.431278237257299,-0.304336016623693,-0.391661026343377,-0.415966530201132,0.245115558778096,-0.32131231960859,-0.0255493123673019,-0.841646213889607,-0.629406786288383,-6.07187218560834
-0.282686299850586,0.231830889159741,-0.374683780459718,-0.296698390922826,-1.44375194433121,-0.798227293359861,-0.489516947598983,-0.0420415720173354,0.21476234810922,-0.617842764296652,-0.3955068058898
0.0750905357378554,0.0880472749964367,0.913227535921609,0.355646578206264,0.505026544548144,0.449653441565966,0.245733808903003,-0.117599921856856,0.796988456963378,-0.0951231003625553,-2.56631984617081
0.557168948089731,1.04268335838382,1.75213595431039,-0.706353284276841,1.22718336383059,1.13828090294924,0.902352043934898,-0.141286679721052,2.20989070463375,1.55132434571301,6.45006551818308
-0.486730448894718,-0.225835865105163,-1.12236423939588,0.516865210259824,-0.131709560495132,-0.29338446072872,0.0222789768031636,-0.249071848598341,-1.13755520918938,-0.331169161099575,-1.42811005531926
0.90826480710271,0.516502179586995,-1.30172577457024,-1.03298396913892,-0.825106808703364,-0.534466981951859,-0.310688781358688,-0.486096302901838,-0.287321784694665,-0.745248218827315,-3.40813035058253
1.3555485021135,0.876219562658579,1.553276933798,0.226958015912865,0.323769230203757,1.87550801035454,0.480725887426381,1.10042113897496,0.591388718887333,1.93663920596141,9.06487437179785
-0.594348050321112,-1.59469942881449,-0.458595645573103,-0.668821673672716,-0.885277414715563,-2.47290853559114,-1.92886922677194,-0.803075388099896,-0.461307185641064,-1.38035800378564,-8.77689103947916
-0.895913885252529,-0.601606602498248,-1.95848061598656,-1.14434880096658,-1.171660524113,-0.778371886105696,0.521970124260601,-0.972467250460266,-0.907322875544719,-0.516619834209168,-8.65645300877014
-0.760735990471967,0.556752951160716,-0.921484425517611,-0.988988962885178,-1.04761020430274,0.331126876640877,-0.933519433082503,-1.79409895116007,-0.287321784694665,-1.11231027506797,-9.69318762591226
-0.9059047505037,-1.44560509190655,-1.53555928958715,-1.56052625919469,-1.4261716633548,-1.42449668001598,-2.20758987096183,-2.47241053332566,-1.55178681906474,-1.17448908429331,-18.4405963939427
1.24350321027245,-0.992817601155525,-0.319732733448588,0.398556386354234,2.33163676422699,0.0258372581400113,0.362488593226001,0.320545292764189,0.00830849064701734,0.560845840688738,4.6066551155572
0.372739138759132,0.330586957870398,-0.173378706560268,1.56606360768547,0.754176078756294,1.78694437749784,0.741424719137859,0.378278552006379,1.01120715632872,1.37294237094316,4.64818770683206
0.0340260735569205,1.33025682297943,-0.473808293940143,0.458697390566733,1.21278407980601,0.119708384818213,-0.321564165484043,0.609372114485103,1.08053699471902,0.558272663420654,4.52706898282912
-0.527798213283998,0.118050717547032,-1.21596031769904,0.0443663594406508,0.712402014992403,-0.43265643673468,-0.60350363184672,-1.4331536727054,-1.05020612298055,0.225206183018121,-6.59688395885964
1.43722831445717,-1.10259054026892,-0.311481087048034,0.849255321611111,1.22602045996124,0.619515831142784,0.449126482932134,-0.663916535599755,2.20391835893627,-0.152562839328214,4.3752703084251
-0.103950036707548,0.680644292126045,0.74307742471797,-0.74158621575088,-0.431001761517741,-0.0677334190910225,-1.68403874417623,0.808329230318061,0.273006250338176,-0.144282141064114,-2.48032641524698
-0.404585493694378,0.10347862261158,0.296565204543992,0.0529330153401301,0.992550969786271,-0.639109114333388,1.03561792729255,-0.0012170441570813,0.354219679645848,-0.520551643695038,5.40457067087099
0.295089381867589,0.526750225074108,-1.20868434997612,-0.671724596486258,0.605028693400602,-0.0624565251882179,0.588957438025182,0.406848425798251,-0.508715349223271,-0.0739060445625466,5.6678890310829
-0.00852236880858605,-0.902999344685971,0.751229884997174,0.0490819006990693,-0.146077716314707,-0.041141350599652,0.228841977443351,-0.457522918741374,0.219995698888375,-0.875160808217676,4.31970097051733
0.147077896896443,0.380780698814483,1.23544679376771,0.839825526523456,0.768112912569922,0.683359572329458,0.203960346835355,0.220264347537273,1.20223214049936,-0.0951231003625553,10.1152673384794
-1.82753878132206,-1.51798352644648,-0.726738945871058,-1.79444426281038,-1.67205918768304,-1.12358174201418,-0.0447604785320581,-0.645496432076454,-0.668551928612194,-0.920530085894656,-6.03996909418207
-0.0512952635608043,-1.74847639229757,-0.490170308939204,-0.797409564945485,-0.802057796447343,0.00463041146836007,-1.01589692726097,-0.325695192876278,-0.461307185641064,-2.01153154573508,-7.47454208325038
0.134296752264437,0.126998641921735,0.567309472346964,-0.190962020776698,-0.115058995695728,0.820625357663891,0.203960346835355,-0.04775197840313,0.681919182451497,-0.797474731615199,1.5763067534882
1.27322741351963,-0.992817601155525,0.935615632184507,-0.690238603116754,0.437279350865192,0.0258372581400113,0.867246186284243,0.708890989542118,-0.0514317309429789,1.15869813012762,6.45006551818308
-0.594963511200728,-0.984882875906958,-0.618012039928324,-0.668821673672716,-0.715918899060912,0.480528285731559,0.190901109970543,1.22771163630899,0.599714999556297,-0.346266077161189,-3.33000872650542
0.229512691586093,-0.414035082604098,-1.10636323793063,-0.13572684135849,-0.231471593313994,-0.204476712944202,-0.383987270652872,-0.461262144358471,-1.20957383073091,-0.58547960785098,-4.69313615876653
0.572810788500488,0.657815526989342,-0.0224519525878813,1.29764709896689,0.655600722352827,-0.465427787858007,0.590242936825829,-0.152758599633391,1.09770292714207,0.501270997315224,4.6066551155572
0.580894646786561,1.29232173137265,0.734191184916924,-0.00826353182716822,0.264732784944658,1.00927426746112,0.193152748403784,2.1241873482668,0.482233394692711,0.342822761402879,8.08780212024168
-1.43483403453232,-1.60921834458848,-0.132822808412888,-0.477475873574051,-2.03347320254551,-2.22140812596734,1.07363263980797,-0.231643968096809,-1.21746917679417,-1.35355084409912,-5.85215182535652
0.645091868444753,0.95318132544332,0.909919592168093,0.706242069046882,0.976620208864376,0.82810126286487,-0.512651798309966,0.604467307062557,1.89789800735412,-0.110868862248139,9.91779733655721
0.494278950383869,0.0138968014386214,-0.291030611276994,0.336465725547156,0.438935331616024,-0.283206344334904,0.913620049893813,0.195553547364412,-0.1962014955663,1.00747851471126,1.37666884313846
0.042210056936542,1.33025682297943,0.89391534138881,1.18560027100693,-0.628616385283869,0.449653441565966,0.350051103608352,0.681511572214346,0.569538378330998,0.230143497939632,5.66180516108697
0.456954430289532,1.06409635704864,2.39340262046279,0.387068653100392,1.31008664866801,1.31643682427788,0.87389422106515,0.380198227462063,0.415101643889358,2.02073910600792,7.46159938019489
1.45000451568756,1.4218601895274,1.47296281110659,1.67695423538531,2.13786156667976,1.47468801882442,1.78049540339236,0.555495134846996,1.24628601417999,0.554110579119043,13.106354669543
-1.34713697676094,-1.60921834458848,-0.123866574131945,-0.977436913362057,-2.61692801030547,0.304112790771735,0.674582304905133,0.120479226252158,-0.0614666244466623,-1.1008237124773,-3.9677905352434
0.394672377044036,-0.776898718979738,0.36701601175955,0.102573443350445,-0.790758290508375,-0.63252351884043,-0.522516251641629,0.107279318829989,0.668651632807239,-0.649694009754946,1.42084386450182
1.15687506057474,0.599186716468962,0.401959189876023,0.807214881653037,0.370220811875605,1.03524151104273,0.531306665040924,-0.40345729223617,2.20391835893627,1.1961424465066,9.33187584525204
1.51910001886267,0.98470131377479,0.0475575687587928,0.307816716362393,0.711717956683665,0.756904269816379,0.468486755480222,0.880492841502333,0.612739889993359,1.11430771911539,9.21915514006444
-0.358110009076053,-0.645518771663311,0.0811676721259221,-0.951822645505746,1.17599201933877,0.21851814917,0.00136157814189516,-1.07003208585923,0.412562919020101,-0.656311033650786,1.21405166654677
1.84262779906594,1.32091024628253,1.29494996350432,1.19283079384181,-0.0823331737094236,1.23182804553174,2.04601530954108,1.56539846889346,2.18866268847036,1.76372484661281,19.2393672779529
0.306133925436854,1.25181283768832,1.0757814729556,1.3733646981664,0.0929337218965123,0.376120526667728,0.193152748403784,0.954126188802194,1.0048531753061,1.14885965470129,4.59675665465144
1.92311570727962,1.9081171633667,2.09247759769638,1.19655049209762,2.17880050777718,2.12086368868217,2.22711491420235,1.33281237856356,0.789513499529147,1.61110129128236,14.6163266978453
1.37249259601446,1.46263837137277,1.48220263798392,1.08321218308288,1.60313257448222,1.48342192525701,1.71742086501304,0.502679484732294,1.40421126796431,1.55132434571301,15.1386900553183
-0.302733795868554,1.2066896313275,0.544102176026368,1.39687198240598,0.734288435204157,-0.786643468731419,1.52499751745816,0.275601783424342,0.0665312297219884,-0.0390635022427736,1.58433715093374
0.997096536669229,0.0517656092662811,2.70880969793982,0.724063331491203,1.36781262439061,1.2236131024209,0.604234613973587,1.2913345028536,-0.11798196488648,2.02073910600792,10.4822597413346
-0.0916439947358544,0.505223141050346,-0.926905203186821,0.516865210259824,0.662947425223498,-0.0775736593678151,0.0974523358973755,1.30572394890165,0.171371156709486,0.400892185265307,2.50341536347509
0.536180576835658,-0.766438024789483,1.07162296525588,-0.690238603116754,-0.946443122873536,-0.146859924173158,-0.117070503226547,-0.720367138364872,0.894990464009509,0.273631671132389,6.8209353187326
-0.442933871466055,0.233704430547413,1.09961464169429,1.13707529621068,0.694659848231058,0.304502248754313,0.0642095518454396,-0.111958764734729,1.0077100790899,0.0846028610294396,3.98759935430716
0.509396014351393,-0.885983396213786,-0.450671207855857,-0.976242400180955,1.17599201933877,-0.595807232912833,-1.16732135020005,-0.387850429817179,0.412562919020101,-0.533292509138046,4.76898153272743
2.00212801959707,1.32091024628253,0.482768089339381,1.67889557189594,-0.0823331737094236,1.13744031023357,1.31536665578705,0.201515675261302,0.482233394692711,1.01462979064882,7.26370144285827
0.706597704614608,0.184532337067435,0.942114824688608,-1.32580666771738,-0.324901626257352,0.877287624422043,0.274528514586105,1.31159522394578,1.11459591623334,-0.424071236908455,0.182171636823479
1.18049515672728,1.88285693842223,1.33069051887244,0.637762825382568,0.950429485907975,0.254056844660438,2.98303346575572,0.502679484732294,1.25450503222719,1.53753592874733,15.1386900553183
-0.9325788315118,-0.721224355647359,-0.721704093382907,-1.6401630100668,-1.87148812862816,-0.944771718182971,-0.61622443290397,-0.510234752511994,-1.97912950562776,-0.0924370143766155,-6.63823809951543
0.426659315035446,0.982787400863762,-0.0838180733008144,0.256480058311926,1.31008664866801,0.818365528563987,0.577119952051255,0.880492841502333,0.340375574853212,0.351924265944605,5.41148352109097
-0.515780543060264,0.917602000144705,1.1242351552052,-0.576476835658637,1.22718336383059,-0.352869647005974,0.97011361663192,-0.708824585724149,1.52340086291341,0.237325981200342,5.38633002911718
0.227338984674029,0.793573520947937,-1.20868434997612,-0.671724596486258,1.65504610142576,0.435801653568308,0.588957438025182,-0.349218650536552,-0.340020858375664,-0.0739060445625466,3.1322082390394
0.468624576547333,-0.332769604310162,-0.0490596861125928,-0.18574480444247,0.279389702519102,-0.787252795814818,0.0493972816971431,-2.17509742931881,0.700753651148561,0.660432647704878,3.55266795833185
0.0303436800925521,-0.127858476479835,1.07341289276735,0.355646578206264,0.957807270618767,0.707379742320687,-0.0856726046437655,0.612621528867468,0.811170213805543,-0.182235684600621,4.31970097051733
2.22745652838779,2.55758460978188,1.58231753778089,1.44440438807826,2.12647478544704,2.63003127974136,1.48071909588173,2.58279796068848,1.40421126796431,1.92420995823778,24.3235728375191
-1.60804743101341,-1.46240201403669,-1.32741897866286,-1.68732807043426,-0.682993786387807,-1.86986813420214,-2.53050010385577,-1.87329415241794,-1.07472495799355,-2.05502694151358,-14.5270279901433
-0.148728978714651,-0.156377351558791,-0.615278061779522,-0.74158621575088,-0.912663887441048,-0.477576964345879,-0.615405083922596,-1.24164234627236,-1.85262976773297,-0.959937285328042,-3.37289432857868
2.35091908556039,1.93128901843686,2.17889869085253,2.00446807210334,0.719394811868125,0.271652980869477,1.78128569433968,1.84020384677993,0.789104578643705,3.44178086600918,19.0406396978045
-0.0512952635608043,1.096922712188,-0.473808293940143,0.38774608836374,0.740598522882301,0.194683955390418,-0.276326176663766,1.36631001037489,-0.829670456860068,1.42560902172653,4.52706898282912
-0.0287881058166255,0.73712067359552,0.543036135388032,0.851246218356821,0.605394807280185,0.904864771383851,0.499364382980436,-0.0817186831157764,0.811170213805543,0.066937911952375,5.90707126039889
-0.901874524343673,-0.748409391761591,-1.95848061598656,-1.51773073806672,-0.615595450473137,-0.345438975045008,-2.20758987096183,-0.879845168020086,-0.188068444484996,-1.55095190936693,-13.0179588569867
-1.2283126936604,-0.91849396317924,-1.74392872469506,-0.212586009485394,-0.419391365250409,-1.02103314042702,-1.04616850606185,-0.904259894437964,-0.964202477969659,-1.11231027506797,-7.63870762744174
-1.1554329202879,-1.33182703485717,-1.72258896001553,-1.0103272715015,-2.23997682355837,-1.12358174201418,-2.10941786944319,-1.13509248387322,-1.33177935220841,-1.17448908429331,-12.0867291332439
0.394672377044036,-0.776898718979738,0.36701601175955,-0.158042332704527,-0.710259629920782,-0.63252351884043,-1.10727975923637,0.688505898366975,0.574076366415355,-0.449146819427028,-3.13334877378089
1.3555485021135,0.876219562658579,1.49278731889273,-0.706353284276841,0.575186657683043,0.697442224140933,-0.512651798309966,1.27898468130534,0.991200057224342,0.894385872718816,6.99608422560451
-0.708667941641692,0.45912820276438,-1.45372041433933,-0.737443534232632,0.620314834885573,-2.17635874000437,-0.386603609205963,-0.929477321652196,-1.05020612298055,-0.0112936423332702,-6.56367294054523
-0.349228015566865,-0.0322348953141423,-0.575909164440168,-1.33981222901712,-0.727681284348087,-0.205063313192317,-0.687827775740197,-1.42567009628426,-1.10517691580099,-0.331169161099575,-3.45349891031705
-0.239942190921546,0.777532005297686,-0.34848709555634,-0.819979186798595,-0.912663887441048,-0.798227293359861,-0.489516947598983,-1.93203816820564,-0.99276078948928,0.435584090245555,-3.45349891031705
-1.20970949826771,-0.559183098812273,-0.489154284674336,-0.65248835979518,-0.384497074103015,-0.983762698575202,-0.184918091244077,-0.500296384476487,0.567394346283058,-0.204864668812604,-4.6408352405962
0.394140118098684,0.619310777523611,0.490073679880412,0.834763217739398,0.332468746407138,0.192749362639689,0.271194489119644,-0.0012170441570813,-0.779700371264141,-0.568387041128585,0.556715263436026
1.70485219164473,1.64142753484941,1.27911278482833,1.67695423538531,0.044351364862254,1.40746691065868,1.31536665578705,0.201515675261302,1.17433595772599,0.85402626199544,8.89078917211554
-2.31877663281602,-0.684969959550088,-1.38236230053841,-0.545109589224021,0.179395914827549,0.697953519867352,0.0980619777879632,0.326106088511875,0.00830849064701734,-0.361581829202598,-1.7357407683806
-0.901874524343673,-1.44560509190655,-1.53555928958715,-1.5258760981265,-2.23997682355837,-0.566845016841845,-1.65191898514883,-1.33645823437011,-1.97235893744802,-1.38035800378564,-13.7928589191502
-1.79173584348944,-2.87771145971662,-2.78527979973422,-1.64919505092459,-0.895209592050734,-0.845532631352396,-1.35549454887359,-1.33645823437011,-2.28006823151961,-1.46076023618644,-10.1784856879908
0.3550027013047,0.330586957870398,-0.173378706560268,1.08245183539443,1.31237671452997,1.43080587991704,1.73531785374161,0.999929852005551,0.340375574853212,-0.0948660776309565,8.25654635619161
1.02032700914437,-1.74586364294771,0.128958907776853,-0.848134303053597,0.765594687095892,-1.06350117191497,-1.02097208340487,-1.77332904427577,0.312042509348578,0.524932682781758,0.780694852168943
1.21368374793812,1.88285693842223,1.39953740583226,1.65135271225381,1.14719854465885,0.651322260970968,2.49983859113789,1.95101984559716,2.18866268847036,1.85790232091262,24.3235728375191
-0.294339449422926,1.94255690980889,0.888250206909571,1.42871603075851,0.0929337218965123,0.304502248754313,0.689895660686991,1.5253725120697,0.400953135201857,-0.294228398257208,-2.56631984617081
1.3444521618804,0.84505708379179,1.49278731889273,1.17955617991867,2.13786156667976,0.792598117818947,-0.450310808193421,0.604467307062557,0.811170213805543,0.894385872718816,11.7429331148521
-0.867490090102643,-0.748409391761591,-0.721704093382907,-1.13811449012266,-0.504879471086799,-0.706639092992549,-0.559059158845541,-0.16790225436337,-0.355134359298758,-0.940181906364461,-6.63823809951543
0.688962720005016,0.735206710043192,0.726108893886698,0.834763217739398,1.22693585687367,0.571375855076186,0.96209492480365,0.409707131078918,-0.396582059011487,-0.179216822774482,1.92163779388555
-1.10374260871132,-0.995278759348595,-0.722578857956381,-0.318879470844081,-0.258813454585084,-1.41481015507539,-1.04616850606185,-0.835568222712008,-1.78378983697779,-0.599133603584644,-8.36881415259041
-0.843974260691368,-0.135305082235964,0.587328792107051,-1.4806821831476,-0.0194440745983335,0.271604031737986,0.553627795364438,0.601907353413195,-0.150117788467464,0.258201074530551,-0.840143000057024
1.97829114202174,0.2124395997588,1.39062366375889,1.27408228124496,1.60313257448222,0.678635127203759,1.84685123942012,2.46384035670472,1.12874132294152,1.03061155383646,18.6248546018819
0.62859004325939,0.671986457650905,0.341464510431919,0.464145373174225,0.711717956683665,1.27204035873252,0.955674863475555,0.999929852005551,1.84682831949378,-0.0948660776309565,6.82602292942944
-0.187469116865707,0.0278006738690948,-0.471041921953696,-0.624690471267606,-0.125167124213525,-0.118339609532387,-0.680645688846521,0.0676592355543542,-0.1962014955663,0.78115602574758,-1.22568601630457
0.253436484047633,-0.261227258291597,0.196853162542156,-0.573148119896628,-0.870603659414796,0.696823648533059,-0.273476751856421,0.480073898214816,-0.616403274449557,-0.263991624952503,-4.69313615876653
-1.40455480873237,-1.60921834458848,-0.726738945871058,-1.15992820688471,-0.657233245879866,-0.706639092992549,-1.23783379629096,-0.575445168161401,-2.04889243834857,-1.35735470093562,-11.1675573872217
2.22745652838779,0.720121324441948,1.49443864149494,0.556784431203632,0.882417905934917,0.640532898618512,1.37045338691472,1.84020384677993,0.770796180298452,1.53084036401868,11.2139651339457
-0.119025850444682,-0.0614327569766293,-0.926905203186821,-0.120055509235726,0.802320652775835,-0.928223870287206,-1.89158929787303,0.236012720330487,0.21476234810922,-0.989684567224243,-1.32014411346251
1.28045243569317,0.934100861408284,1.00603780056166,0.823596908440246,0.0960090599636657,0.883069541743399,1.10311348887989,1.69962718518757,0.368576191408789,1.07588380211777,9.36863769657516
-0.228976222941087,-0.534815093887105,-0.48775723795742,-1.00574073545013,-1.57414109243024,-0.422767815190664,-1.25112880117602,-0.806955988152227,-0.178703598214367,-0.135987581793904,0.160474596240502
0.43221416413298,0.267934584369835,-0.173378706560268,0.852404522186119,1.31237671452997,1.31643682427788,0.955674863475555,0.999929852005551,0.686874582618074,0.094148635771539,7.90350758153469
1.53730521988265,1.34055861959685,1.83798057820471,1.31972060456948,2.13786156667976,0.761443695644022,1.48071909588173,0.603534453240369,0.513551083452715,0.799589316690835,16.3898997516273
-1.88118477280112,-0.91475017368393,-1.74392872469506,0.0149247715698881,-1.68042853771256,0.585485393547173,-0.499322767726455,0.32925556276078,0.0892818035907588,-1.57785698255763,-2.31228690372563
0.620738656140461,-0.849488745706163,-0.311481087048034,-0.354406836470277,0.645630199086596,0.584533207237553,-1.24304771033153,-0.803156090823199,-0.914796184752944,-1.23190217795402,-2.08967641731234
-0.0920057028862022,1.41101520384497,1.00833065416915,1.39687198240598,0.810917534607998,1.24703523108861,0.243391691027282,0.220264347537273,0.415101643889358,0.711904996255667,5.66180516108697
-1.16347343963036,-0.993958166870872,0.498642882233796,0.683527659357607,0.215563991782123,0.467897124479207,-0.0202119212372134,0.320545292764189,0.300685313387862,0.428461206382903,-0.210422012384418
1.18709776684718,1.88285693842223,1.6172783988631,1.06658033855712,0.850566445216088,0.54429404041736,1.57161252038661,0.502679484732294,1.23045207075961,1.55132434571301,17.8435611599244
0.322881152124855,-0.431278237257299,1.4756562448694,-0.124648569546308,-0.252483188233793,0.00627992578643611,-0.372207775493086,0.414338341415355,0.569538378330998,-0.00109346241109231,-2.22093264495048
2.00212801959707,2.18690365041034,1.37395638117039,0.780886535496396,1.23810805791072,1.8291314222514,0.501684224387196,0.155170016965439,0.882056072671379,0.422737401102798,11.2438805902109
0.997096536669229,-1.74586364294771,0.467853497139338,-1.27912500441882,-0.324901626257352,0.0258372581400113,0.867246186284243,1.31159522394578,-0.754860405661053,-0.033649503381167,0.0474329965989315
-0.524307858029248,0.353444641864755,-0.200038136612183,-0.576476835658637,-0.276720688685306,-0.242873488975243,-0.956339090594366,0.780673685508982,-0.583739548353049,-1.35156535725043,-3.45349891031705
-0.843974260691368,-0.570071328990221,-0.640048257178922,-1.14434880096658,-1.171660524113,-1.28191910325059,0.521970124260601,-0.645496432076454,-0.794434112547698,-0.171013325327399,-8.52638789322667
-0.326118772583597,-0.0436442516910817,-0.590667819731869,-0.868255104155195,-0.683008300024482,1.1147791509277,-1.00172977586817,0.0822350424390517,-0.205348432252445,-0.797711837168484,-2.20244434026727
-0.397401679577568,0.116307642513664,0.803817913129216,-0.107168434866411,0.992550969786271,1.01408552683062,1.00397624637562,-0.141286679721052,0.300685313387862,-0.864827166684592,2.82148138177026
0.599305029418695,0.499725604134685,0.176627585861076,0.354425608623866,0.789215609222765,0.141673263033929,0.154403975888363,0.479511784888465,1.6203085550439,-1.30610951844524,3.50740448102294
-0.215296902015372,1.07619826217042,1.75213595431039,1.09595668035029,1.25667841600983,0.683359572329458,1.27611522099576,0.220264347537273,0.415101643889358,0.414623651206197,5.66180516108697
0.997096536669229,-1.74586364294771,-0.311481087048034,0.38518537516295,2.33163676422699,-0.0315126539577711,0.362488593226001,0.320545292764189,-0.165547619592163,-0.152562839328214,-0.208220190598507
0.0303436800925521,-0.23494522213482,0.505951727257449,0.615630282208027,0.605394807280185,-0.0439232853967853,0.0685697993591836,1.16808673832435,0.967844685926699,-0.0407002444862392,6.91467972498118
0.710411605164288,0.486656116487266,1.29055326949913,1.79842642509451,1.14636484462714,2.18676910901608,0.803178349904361,0.965120744628552,0.591388718887333,1.18019332776059,11.6431326597186
-1.1473075816732,-0.00333362691505,-1.34906580852736,-0.293458507913617,0.403028238878081,-1.62703552177142,-0.386603609205963,-0.929477321652196,-0.938604749422123,0.206160806345962,-5.31836526573484
-0.66753786050208,-0.504808077105243,-0.794983457481671,0.421024046165476,-0.136892729335575,0.365502625969004,-0.5153775228777,-0.75608844454307,0.285499395131233,0.439328249844377,1.32403069594023
2.66869372442611,1.48638983140355,0.580769594479566,0.556784431203632,-0.215045476966702,0.298515335012503,0.943616444092996,1.29899052839354,0.60934296922552,1.07588380211777,9.45537326897604
-0.7233239930724,-0.291586140868469,-0.350035783675956,-0.988988962885178,0.179065677259729,-1.30660068021449,0.559867568751902,0.355478035921308,-0.2509926747371,-1.22940871245585,0.168751787114436
0.446080522949826,1.06409635704864,2.39340262046279,0.827039618155859,1.31008664866801,1.53615790044666,0.292817193525924,0.380198227462063,0.415101643889358,1.59861425293815,8.62257285184789
0.322881152124855,0.0733282548006978,0.0492303088859073,-0.645001800201382,-0.677909909902414,-1.12671469749348,-0.373711526079942,-0.803075388099896,-0.227528602814713,-1.04220346807824,-8.21197343959343
0.0964961742702128,0.172838327189409,1.80557024558091,0.967503380727818,0.768112912569922,1.71042157054097,0.380845937093042,0.709762751565306,0.186669699377085,1.93663920596141,5.32860439337174
-0.444244091450049,-2.18347872903903,-1.36515387227831,-0.797409564945485,0.178528568120486,0.00463041146836007,0.0843754834739901,0.332806573792296,0.00830849064701734,1.03151967441453,1.90837507745146
0.0303436800925521,-0.23494522213482,0.407608044683444,0.967503380727818,0.145708520672455,-0.652829318304175,-0.735631771871739,0.688505898366975,0.38954083395285,0.0595400318435184,8.76971220779093
-1.79173584348944,-1.41293570138731,-1.71749939468465,-1.53054615829818,-1.24529292740247,-0.285041983005391,-0.880644295541532,-1.0216257089875,-1.37321037313636,-1.35735470093562,-8.368065472354
0.133084699295085,-0.0696324147087891,0.567309472346964,-0.00960830371522181,0.872166813741313,1.01408552683062,-0.372207775493086,0.0730123229925226,-0.396582059011487,0.183676163437743,3.44197297426407
-0.528351395623346,-0.825245814831295,-0.870186847560512,-0.329340515008072,-0.258813454585084,1.06152023923498,0.209221811059242,1.22771163630899,0.330515769889671,-0.214214593692127,-1.13293070214324
0.227338984674029,-0.414035082604098,0.178956370179439,0.684299457916286,0.351059026729184,0.182389427259786,-0.791653038919994,-0.49534463445011,-0.139377281160398,1.07515183167512,-0.433959051054198
-0.678590176309384,0.268422514233512,-0.55513016568595,-0.371870467820277,-0.282613314834933,0.798432372335314,-0.506768987066105,-0.464746521029478,-0.903185047658861,1.13309896692731,-3.91543647749249
1.97829114202174,1.32091024628253,0.580769594479566,1.01092557888967,-0.215045476966702,1.14303949498622,0.501684224387196,1.24849908065931,0.368576191408789,0.328311280615379,7.64376689921196
-0.817952268855763,-0.561925566600929,-0.08008332321762,-1.53382440458189,-1.11975831148693,-1.21075997841187,0.0438118500257544,-0.645496432076454,-0.99413464146501,-0.940181906364461,-10.5186962224494
0.279539797497668,-0.984649279862623,-0.951137540082094,-0.680137190645872,-0.344518599865108,-0.260102069180853,-0.32131231960859,0.430357560858651,-0.180576810934941,-0.59935601344355,-3.40813035058253
1.23712674974681,-0.190006806949049,0.724622134189721,0.388845605535711,-0.553211413840521,-0.0659947145689772,0.157088227450837,0.172853423387072,-0.646499589720367,-0.797474731615199,1.45553664028854
0.476907831490291,-0.284370230881033,0.196853162542156,0.614465704522955,-0.790758290508375,-0.324321080127383,0.572077340777661,0.602469610575738,-0.631070037339491,-0.735960566504086,-3.5315470040597
0.0250183482599338,-0.0958072556593586,1.07341289276735,0.615630282208027,0.177363205065828,0.519352172724279,-0.0856726046437655,-0.117599921856856,1.31621511589668,1.03151967441453,12.0201435424304
-1.03935999879735,-1.00741982250375,0.0703641577019202,-0.257846919436463,-0.105535860495399,-0.182738472107928,0.842556113513425,-0.52665054857927,-0.590153845441725,-0.346266077161189,-3.8974124472594
-0.76476065602459,-0.673630218538736,0.81570860245694,0.237693143624795,0.252359742086898,0.520167509841569,0.294512795474195,0.668771815823066,1.31621511589668,1.22437409614408,11.7898096536409
1.43722831445717,0.0771904837063912,0.874574075820448,0.388845605535711,0.60939477422232,-0.529094166817546,0.404883743194435,0.0151187161644966,1.0077100790899,0.0295058682568116,6.45650811951332
0.402273926655087,-0.887835392750956,0.395593585539259,0.2614719597827,0.126628720324589,1.41044119228195,-0.967973167707646,-0.49534463445011,-0.454881108521268,-0.0747557867478457,2.07504970511071
1.24877021870346,0.485838388099799,0.401959189876023,0.166896427729464,1.23820223391456,1.11936161057681,1.32528370466428,0.999929852005551,1.34132570564433,1.1961424465066,9.21330104176925
-1.9758251513578,-1.51798352644648,-0.726738945871058,-1.79444426281038,-1.51589314745046,-1.82694288930019,-0.61622443290397,-2.36011418469708,-0.97998110073426,-2.13897329188319,-11.7525275971986
0.599922012924179,0.276659336806839,1.04131380175641,1.79842642509451,-0.934277584430901,1.40746691065868,0.210149215136904,-0.0530017863430291,0.900537375992689,-0.156610944729541,8.89078917211554
-0.0998119271635459,-0.58810144415342,-0.48775723795742,-0.663732370792403,-0.415966530201132,-0.1557018674532,-0.802116686196726,0.808329230318061,0.679214461034739,-0.797711837168484,0.160474596240502
1.92311570727962,2.18690365041034,2.09247759769638,2.02298479756492,2.41152846703748,2.63003127974136,2.45864823983637,1.63344507134631,1.7340468340538,2.17555166345182,16.9076375972848
-1.61943068565612,-0.139703620601195,-0.69547331146004,-0.425559713730341,-0.371674795040445,0.697953519867352,-0.47705802280551,-0.166258192613686,-0.644127596788748,-1.69861705624322,-3.91543647749249
0.543759117174189,0.383717837708756,1.04131380175641,0.839825526523456,0.334456027004488,0.856976296084837,0.491342271640152,-0.117599921856856,-0.396582059011487,-0.412511729828584,4.31970097051733
0.0681872273677593,0.201155844760838,-0.173378706560268,-1.09183541207952,1.65504610142576,1.27502873655571,0.869871025766615,1.31287039895401,0.451662637960941,1.198117764839,5.38633002911718
1.29227489438706,1.0901861450969,1.83864307103031,0.827039618155859,1.09259559353753,-0.090488817125976,0.914992558097963,0.035445021476102,1.69698329804392,1.27328692762464,10.3043963698658
0.861204094105436,-0.651648197359613,0.553899715134771,0.24813678069123,1.92583583081035,0.273402038678933,0.98878638586445,0.279049573091903,-0.193874351297217,0.976851179921003,4.9477958766494
-0.239942190921546,0.227539111327831,0.122471707543735,-0.683215226333716,-1.15440557155733,-0.381030724326295,-0.310688781358688,-0.486096302901838,-0.0246788373239983,-0.331169161099575,-2.48032641524698
0.0964961742702128,0.172838327189409,0.567309472346964,0.615630282208027,1.59554632328723,0.495412247779236,0.650863082589937,-0.0157964164781955,0.811170213805543,0.435358192459821,5.54943514819483
-1.87723073702538,-0.91475017368393,-2.19150478153418,-0.545109589224021,-1.68042853771256,0.585485393547173,-3.01366149248474,0.793661273958282,-1.02537688166355,-0.895764204166168,-8.39907238034482
0.102539483355374,-0.0882906223472735,1.80557024558091,-0.00960830371522181,1.22718336383059,0.253653961561446,0.710223025905258,0.976333298130027,-0.345846332193056,1.59861425293815,5.66180516108697
-0.627778020874403,-0.395893871218384,-0.794983457481671,0.421024046165476,-0.926850709723045,-0.121352942109472,0.0979517409748031,-0.109924023234897,-1.28001528299541,-0.664027580883981,-4.18175387733246
0.864091480356546,1.6446594907146,1.72007543582851,1.41581935661312,1.31043911268677,1.20210646868625,0.243391691027282,1.13536823087087,2.20989070463375,0.558272663420654,14.8313266814019
-1.38047580398304,-1.60921834458848,-0.132822808412888,0.0997610158684833,-2.94521180803683,-2.51696813130501,-0.969414849398608,-0.200128014930533,-1.25638603067633,-3.42317407850637,-1.54275246691431
-1.16101449698271,-1.33182703485717,-0.776301434883571,-0.868100397522383,-0.605127311961557,-0.179293724759361,-1.75076971602433,-0.149556007224377,0.385676899050768,-1.53384714557558,-5.42279836078183
-0.587864146415902,-0.984882875906958,-0.814603085887162,-0.668821673672716,-0.885277414715563,-0.285041983005391,-1.73115791577646,-1.44497832130663,0.00393116483585576,0.2737674000142,-12.0867291332439
0.159740292886988,0.521159168941632,1.0010698864718,0.839825526523456,0.768112912569922,1.24703523108861,0.4520298638354,0.709762751565306,0.978733334496095,-0.0784591202771994,3.1392227437646
-0.966901715042495,-1.82742497077567,-0.696144885456813,-1.36341076193929,-1.54968969145946,-0.953320134638285,-1.75076971602433,-0.510234752511994,-2.28006823151961,-2.01153154573508,-10.1881921387317
2.17637117538065,2.12789926150631,2.17889869085253,2.49411020405655,0.719394811868125,1.20245519417713,1.56094240661231,1.84020384677993,1.24850632812594,1.39350185618485,20.4911779706259
0.713835968870438,0.711911844646256,0.726108893886698,0.608910850130976,1.98278718175094,0.319951905122383,0.230270721190486,0.988603744287779,-0.646499589720367,1.41714919894232,9.21330104176925
-1.03942834217377,-1.00741982250375,-0.987948771632638,-1.8715777887039,-1.54968969145946,-1.22338693067722,-0.974274553661046,-0.510234752511994,-0.997264988725774,-2.55606516126491,-8.36881415259041
-0.86369640475782,-0.601606602498248,-0.882003504845768,-1.14434880096658,-1.171660524113,-1.517564533822,0.314831180738354,-0.645496432076454,-0.907322875544719,-2.1075215558298,-6.63823809951543
0.861204094105436,-0.651648197359613,-0.100369192898886,0.849255321611111,-0.108027422922992,0.619515831142784,-0.585517525935919,0.133541109466279,-0.719640206841841,-0.283695123854609,1.26237031087251
-0.829518736656386,-0.570071328990221,0.81570860245694,0.437879951190561,-0.259704102906858,0.235159635411618,-1.23529929816425,-0.284819254649959,-0.731629495336728,-1.21503532421077,4.31970097051733
0.0221282993439051,0.365367734541905,1.07341289276735,0.839825526523456,0.768112912569922,0.707379742320687,0.203960346835355,0.220264347537273,1.31621511589668,-0.814096620715091,12.0201435424304
-0.737133140700986,-2.05778982243482,-0.939837645056245,-1.0911131,-0.504879471086799,-0.824799285263723,-1.27475458240887,-0.387850429817179,-0.772198761337873,-2.01153154573508,-13.3673502637929
-1.03935999879735,-2.03649120288512,-0.577849354546272,-1.10028397780686,-0.605127311961557,-0.867520795858607,-0.315078307604696,-0.942732191060658,-1.10131633163238,-0.940181906364461,-6.6358838933193
1.27322741351963,-0.992817601155525,0.128958907776853,-0.62730538350683,0.49035635130476,-0.0315126539577711,1.18446271628771,0.325653436321629,0.00830849064701734,1.10202496806841,11.4071234669922
0.395808339152176,0.0508419415427647,0.518509638663363,0.934504329535458,0.754176078756294,1.53615790044666,0.741424719137859,1.22856282754376,1.07119706695763,0.896689768542556,10.1488756514391
2.14428917721936,0.0735980003153145,0.783446395416287,0.542250245286987,0.832049039765188,0.978677011997365,0.569068723750196,1.42588241291385,1.14496728446475,1.46547515645848,13.191193181478
-0.732336220490806,-2.73979063613403,-2.78527979973422,-1.0911131,-0.814673829990539,-1.18109092447824,-2.23466894461491,-2.2522836373762,0.00393116483585576,-1.78534517375572,-12.2398004197497
0.536180576835658,-1.12665931786488,-0.319732733448588,0.849255321611111,0.0860383495140804,1.23580613034957,-0.602471672700027,-0.331942039089032,0.326407027064754,-0.433425798267341,-0.260094694077703
-1.4834848157874,-1.25115900298403,-0.722578857956381,-0.477475873574051,-1.26445818167127,-0.8994744580599,-1.23783379629096,-0.0420415720173354,-0.837823995527863,-3.52825331481024,-11.1675573872217
0.211266842953858,-0.3390637325995,0.505951727257449,0.773044593696795,0.605394807280185,-0.0439232853967853,0.206641024827254,0.325323533909521,-0.048698391309192,-0.0951231003625553,3.42786856771332
0.359697720329087,-0.729286540589422,0.504721864783291,-0.47846798439105,-0.146077716314707,0.404382314762996,-0.278850495877804,-1.24213412189243,0.0254498615882815,-1.53147787211206,-2.22093264495048
-1.1554329202879,-0.287238965454556,-1.60462528692564,0.309247147176235,-0.259704102906858,0.378379419577684,-0.114277794133249,-0.720367138364872,-0.644127596788748,-0.361581829202598,-1.97448221619964
-1.89258810493151,-0.626880965268648,1.19839548574529,0.683527659357607,0.919887597923543,0.235159635411618,0.842556113513425,0.612621528867468,0.925317885750145,-0.472915332053465,-2.56631984617081
-1.2283126936604,-1.51978042541624,-0.123866574131945,-0.977436913362057,-1.07777446406859,-1.11881943027925,-0.0195815427607565,-0.792459792469315,-0.590153845441725,1.00140109260515,-5.85215182535652
-0.406660754393785,-0.210535419159754,-0.34334677253579,0.265089169862032,1.33243372447269,0.3280008686658,0.362488593226001,0.361956736659808,-0.165547619592163,0.414623651206197,2.8211584359936
-0.354497340037695,-0.176149962326975,0.0369235584263903,-1.33981222901712,-0.677909909902414,-0.205063313192317,-0.687827775740197,-1.39282118063595,-0.99413464146501,-0.301903047279388,-3.45349891031705
0.614840855830764,0.702883652945953,0.726108893886698,0.608910850130976,1.99192008881242,0.82810126286487,0.230270721190486,-0.585398937077453,1.05058787892893,1.41714919894232,10.1372474421466
-0.587864146415902,-1.59469942881449,-0.00243559545579508,-2.23277248070938,-0.37588556163608,0.00463041146836007,-0.787034683708714,0.0676592355543542,0.288856056419354,-1.53384714557558,-4.81990774148026
2.04586158108628,1.81175406225445,1.72007543582851,2.00446807210334,2.82927731823649,1.96537554165806,1.91800903781711,1.84020384677993,1.10327790475882,2.17555166345182,22.8564994966399
0.482886849255565,0.401501263408481,1.23544679376771,0.132319322549906,-0.733359652557847,-0.35994550597797,1.3110297328214,0.439495375681747,1.43311550720837,0.251476426113144,6.18779009638262
0.861204094105436,0.0983893511764334,0.537995434645607,-1.32580666771738,-0.783870081086394,0.604918726790629,0.274528514586105,-0.0530017863430291,0.423922625912816,-1.13610017978714,-2.35666776387082
-0.294339449422926,1.2066896313275,0.888250206909571,1.39687198240598,0.486653675795324,-0.786643468731419,0.768999664655791,1.28743490216795,0.543203705082179,-0.0390635022427736,1.9154705305687
-0.415339010552201,0.202595755866144,-0.279139546524378,0.0529330153401301,0.351668084708008,0.19064584070639,0.794518053876132,0.842290298726171,0.104290376101569,1.22437409614408,4.52706898282912
-0.0594570488916857,-1.74847639229757,-1.28944005583689,-0.116651949711546,-0.231471593313994,-0.416015553878307,0.97264837813808,0.439495375681747,-0.202090294599222,-0.516619834209168,3.1322082390394
1.52438754181698,0.294631154825326,0.155900329605517,0.354425608623866,0.789215609222765,1.11936161057681,0.346488761533098,1.37115990826148,2.18956868407199,0.732142378383419,9.21330104176925
-0.62121816380528,0.388900783481453,-0.475740948174333,0.807032600613192,-0.926850709723045,-0.381030724326295,-0.723076845297275,0.275205219396609,-1.38995003838405,1.45279657066869,-3.18589606686356
1.3555485021135,0.596212373894034,0.401959189876023,0.816288192060785,0.370220811875605,0.986616668545343,0.346488761533098,-0.40345729223617,0.107513788764139,1.1961424465066,7.81617615051294
0.466269684500451,0.45267860100186,0.231663310692089,0.656548907004853,1.06649890944214,1.53615790044666,1.22199515507569,0.544227938325462,0.451662637960941,0.896689768542556,10.1488756514391
-0.195097827826661,-1.6177067421788,0.00963443092690007,-0.116651949711546,-0.893392012168169,-0.793057886335128,-0.0195815427607565,-0.735464110525779,-0.830372311967676,-0.822192877714245,-2.35666776387082
-0.113508853784764,-0.00617907382468468,-0.817500720648501,-1.43347127384062,-0.683008300024482,0.480528285731559,-1.51396995827193,0.0822350424390517,-0.550535507093401,-1.20416220277077,-4.32216589920895
0.0572684781619923,1.33025682297943,-0.473808293940143,0.347012741896073,-0.14266497904831,0.881073631145578,0.350051103608352,-0.137030263338104,0.616936050430311,0.255192423331238,3.741962522182
-0.326118772583597,-0.429419069800739,0.633381260778161,-0.675237037628285,-0.392321038045072,-0.0677334190910225,0.606710258355376,0.0336123527414509,0.576899995502659,0.313766658837848,4.26419681665434
-0.228976222941087,-0.534815093887105,-2.17117530765388,-0.913889646328337,0.47883704846999,-0.286234259246242,0.568145858004928,0.332806573792296,0.624999044062343,-1.90011817808574,-0.589663443196318
0.0645898616237043,-1.5409274987583,-0.588562830568512,-0.637695844257117,0.128464949868912,-0.416015553878307,-1.19916133932265,-1.14201810269356,-0.349066135127861,-1.06711807035627,-4.21237620974377
-0.0594570488916857,-1.74847639229757,-1.78362956328578,-0.836213988623278,-0.231471593313994,0.00463041146836007,-1.23989564623209,-0.690055637285624,-0.772198761337873,-0.648008973480297,-9.56677972154348
-0.213487354668262,1.07619826217042,2.39340262046279,1.39687198240598,1.87913474659833,0.683359572329458,1.27611522099576,0.677059692588381,0.415101643889358,-0.0390635022427736,5.66180516108697
0.688962720005016,0.735206710043192,0.726108893886698,0.608910850130976,1.98278718175094,0.319951905122383,-0.512651798309966,0.0730123229925226,0.273006250338176,1.41714919894232,5.40063174619915
0.892367341780963,-0.0659746177614111,0.980505344080803,1.41736367397102,0.664487972754966,0.637202130824102,-0.85844652287096,-0.195057150698737,-0.139377281160398,0.340621500812827,11.4698135318402
-0.528351395623346,0.118050717547032,-1.43918466614789,-0.836213988623278,0.00508044639101056,-0.353703757502599,-0.562818627270329,-0.355274714759973,-0.807630659085808,0.435584090245555,-1.20723731442372
-1.1473075816732,-1.01581830246931,0.0703641577019202,0.596233367415298,-0.0665396066721946,-1.13257558079156,-0.943044307667294,-0.691526481857269,-0.532822000770159,-0.0309977962759864,-1.82123538177877
1.24350321027245,-0.190006806949049,0.724622134189721,0.766065324348719,-0.553211413840521,-0.247747856832177,0.42023997490536,-0.845200702503614,1.27906268637586,-0.394225201861264,5.40457067087099
-0.103950036707548,-0.58810144415342,0.274894955568321,-0.0406964748919312,-0.346212276471534,-0.0846814764982856,-0.375280541947486,0.414338341415355,-0.180576810934941,0.273631671132389,3.37580805452968
0.0440488278101333,0.624746009057268,1.07341289276735,0.525932030599128,0.350954743274247,0.519352172724279,0.274528514586105,0.62259912184425,1.31621511589668,0.209338463372561,8.04469767818615
-0.428775584300838,-0.234361722757427,-2.84612225908195,-0.988700089018304,-0.457838809784045,-1.35484266425459,-0.302987393450237,0.430357560858651,-0.202090294599222,-0.990180177611711,-6.43755458634989
-0.855773657940806,-0.570071328990221,-0.882003504845768,-1.67762634451749,-1.171660524113,-1.28191910325059,-1.81698280984662,-0.937807067996031,-0.923996007099992,-1.55095190936693,-13.7928589191502
0.974374345056931,0.427673389716897,1.26514929772047,1.89941540742979,2.36060019886412,2.33091295724525,0.4520298638354,0.827659664517233,0.800748008275606,0.896689768542556,11.7429331148521
-1.04507008617251,-1.06040936255947,-0.722578857956381,-1.2888220691816,-1.54968969145946,-1.22338693067722,-1.42355403050029,-0.875685417266012,-2.04889243834857,-0.599133603584644,-9.50859072079265
-1.20122694555187,-0.281842538167879,-1.94668918620966,0.16468213877195,-0.549355117923581,0.102341591429466,0.0712884313365028,-0.609591856760761,0.0607237981193016,-1.69861705624322,-4.56619749184366
-0.594348050321112,-1.07301795372838,-0.270021759998188,-2.23277248070938,-0.876985235846775,-1.1293076532577,-1.14983258234077,-1.36395931181939,-0.99413464146501,-0.0690778081946956,-5.31836526573484
0.617015333206957,-0.518409781622165,1.07162296525588,1.41736367397102,0.00574991508047237,1.23580613034957,-0.372207775493086,-0.119420991409602,1.10047356105456,-0.00109346241109231,8.20738452887407
-1.1473075816732,-0.709906047401878,-1.38236230053841,0.309247147176235,0.919887597923543,1.09268527470218,0.294512795474195,1.31287039895401,0.328476090569657,-0.472915332053465,-2.31228690372563
-0.657624928019032,1.01807180828644,0.518332596596488,0.753880869184687,0.851090592037724,0.262036327868411,0.00410318437329529,0.80590267068288,0.184272681281566,-0.182235684600621,-0.260094694077703
-0.349989780071505,-0.161068322511305,-0.812430642871627,-0.675237037628285,-0.125167124213525,-0.238281728382737,0.716205726461438,-0.270809697278787,-0.126866450131428,-0.516619834209168,-1.64025206093158
-0.503217818307202,-0.0197149924088999,0.961704599417673,-0.240232639446039,-0.82309425890967,-1.32161915878094,-1.90766346645654,-0.835568222712008,-1.60121575775526,0.112859710532947,-4.32216589920895
-1.82753878132206,-0.448224184770688,-0.391554748349331,-2.04759641723285,-2.00685266031094,-0.0143054632397923,-1.3007693806143,0.053178347133169,-1.04030106584558,-1.31457644714918,-6.8895120093886
-0.486730448894718,-0.225835865105163,-1.75183355412299,-0.988700089018304,-0.457838809784045,-1.17953230960736,-0.302987393450237,-0.126116111034963,-0.998083093769075,-0.990180177611711,-4.69313615876653
0.63500797158346,0.671986457650905,-0.152305547848904,-0.076881022333183,0.234087119413715,0.689390201486076,-0.437138034205176,-0.119420991409602,-0.335377160916021,0.603540793195656,3.18097344631908
0.248478422960552,-0.270936429743738,-0.245478234852154,-0.13572684135849,-0.0323561364257658,-0.204476712944202,-0.0543048042937982,-0.430906844354378,-1.13836887506441,-0.59935601344355,-0.378634504079972
-0.867490090102643,-0.878283561113898,-0.870186847560512,-1.13811449012266,-0.531142405557036,-0.824799285263723,-1.42355403050029,-0.765690858717353,-1.08947631317294,-0.620798466108884,-11.1675573872217
0.620377921904353,-0.518409781622165,0.518617180005705,0.614465704522955,1.92583583081035,0.451369576736697,0.98878638586445,0.823224846311752,-0.048698391309192,0.976851179921003,8.46601383034754
-0.650234644658335,-0.504808077105243,0.329517408819272,0.181445148001638,-0.225541302150735,0.433909815017971,-0.375280541947486,0.35521088757191,-0.180576810934941,0.457533516513518,-1.7549748057188
0.816165807573407,1.81211511662055,1.27911278482833,1.30458578004451,2.13137415593179,1.13399313694024,-0.553280085822342,0.604467307062557,2.20989070463375,1.41714919894232,12.2080578525124
1.60299158002028,1.06330261974148,1.33708039862754,0.691557657765297,0.329516799090395,-0.247747856832177,1.36523667579752,0.543540483749844,1.25450503222719,0.615413481297926,11.150649580579
-0.966901715042495,-0.650768907347815,-0.882003504845768,-1.59192329736968,-0.955589603421804,-0.591938224739213,0.12434277265486,-0.554267688569424,-1.50587891406531,-1.42287291196082,-10.5186962224494
-0.1762114154354,-1.6177067421788,-0.128891135097871,-0.561719066988315,0.3107347498919,-1.05556057496259,-0.153641631694243,0.124679373275538,-2.11190960106733,-0.0742867550510735,0.182171636823479
0.670142435312846,0.191984186269172,1.86879266284073,0.724063331491203,1.40609038423969,1.13828090294924,1.14925753493105,0.409707131078918,0.0989273429002504,1.93663920596141,10.0574973952145
0.248478422960552,-0.414035082604098,0.178956370179439,-0.437724847555915,-0.369710355929333,-0.0846814764982856,-0.0543048042937982,0.341321899701847,1.29267751496615,0.78115602574758,3.55266795833185
1.18951161385096,0.790342067166171,-0.861344397881133,0.906580979331279,0.396466583442614,0.96713036611544,1.15956828133302,0.880492841502333,0.868347889196513,-0.0946016133903109,5.41148352109097
0.00951925946337451,0.0358900299436135,0.188946593280653,-0.645001800201382,-1.15440557155733,-1.43195695505577,-0.462952205851048,-0.835568222712008,-0.287321784694665,-0.403943265899739,-4.67854136353491
-1.56516722052025,-0.936218937426828,-1.48411290078134,-0.789293387455043,-1.24529292740247,0.585485393547173,-1.32824536987427,0.793661273958282,-1.02537688166355,-0.40562313761033,-6.8895120093886
0.796885223430392,0.82844743841759,2.24183888170716,0.849838582393423,0.647219356137671,1.9545961322741,0.380845937093042,0.989459327238868,0.254438624884927,1.59861425293815,10.4822597413346
1.21950131915802,0.790342067166171,-0.861344397881133,1.06280241814378,0.370220811875605,1.03524151104273,0.346488761533098,-0.0479298406113783,0.164767335600083,-0.0946016133903109,8.90079790864921
-0.843974260691368,-0.135305082235964,-0.466083474056006,-1.51773073806672,-0.16762329484834,-0.983762698575202,-0.237515053402293,-0.45286235341838,0.313366657252242,0.467059566247955,-3.76251958730527
-1.20970949826771,-0.281842538167879,-1.94668918620966,0.16468213877195,0.430598444153282,0.378379419577684,-1.23989564623209,1.03794841586449,0.328476090569657,0.180809719534042,-1.15779547346734
-0.617545280410071,-0.971211687345452,-0.269553234005473,0.911755333494276,-1.29865476517199,0.24432365563386,-0.218025324888284,0.903235453114934,-0.396961256752861,-0.0489118806128531,4.60871187454061
0.16396745698466,0.471237179252743,1.0010698864718,0.839825526523456,0.768112912569922,1.24703523108861,0.380845937093042,0.448974509523139,0.978733334496095,-0.00390500391416542,4.59675665465144
0.688962720005016,1.90336412292368,-0.298033532735677,1.01118125295581,0.950429485907975,1.13399313694024,0.577119952051255,0.17737493384981,0.451662637960941,1.38345903704074,9.24084639377816
-0.239942190921546,0.101701500971691,-0.0655246884630506,-0.684050944897862,0.561475123754915,1.02502899129707,1.73917229706298,-0.38192148214781,-0.46044527931832,0.237325981200342,8.46177692869093
-2.11381034416638,-1.78654189784449,-1.21310791146498,-1.34130983349364,-1.70077922522988,-0.539317837606118,-2.53050010385577,-1.37044877739331,-2.08169083864838,-1.35735470093562,-14.6298889303987
-1.11716054601377,-0.457645122219458,-0.489154284674336,-0.434647518581778,-0.52452530141038,-0.03902615902451,-1.47493387795786,0.831380279981266,0.34123816094831,-0.965894283337235,-1.68335682144725
0.295089381867589,-1.37531080039506,-0.707698222356267,-0.637695844257117,0.128464949868912,-1.02508298727038,-0.153641631694243,0.332806573792296,-0.202090294599222,-1.22940871245585,-0.596368369644144
0.262106554530313,-0.414035082604098,-0.101937713755018,0.684299457916286,0.144061824971118,0.830843719148188,-0.791653038919994,-0.464746521029478,-0.139377281160398,-0.66503493715042,2.00532556282365
-1.53034487768723,-1.25115900298403,0.498642882233796,-1.78894057728708,-0.84125895110213,-0.0432554347688916,-1.54615981769018,0.053178347133169,-0.193874351297217,-1.30710499283848,-5.59676135203474
-0.326118772583597,-0.429419069800739,1.4756562448694,1.31491522320142,0.694659848231058,0.520167509841569,0.606710258355376,-0.0412516879919403,0.423922625912816,-0.472915332053465,4.31970097051733
1.65048536680153,3.57289814204944,1.33069051887244,1.65135271225381,1.30647055771784,2.62390125204325,1.48071909588173,1.37791368100225,1.44931012042976,1.85790232091262,19.7363669443151
0.16396745698466,0.471237179252743,1.0010698864718,0.839825526523456,0.768112912569922,1.24703523108861,-0.42064090690778,0.261358293541449,0.586605423081576,-0.0407002444862392,3.1392227437646
0.997096536669229,-0.288068239480008,0.417715652129929,0.614465704522955,-0.108027422922992,-0.324321080127383,-0.85844652287096,0.808329230318061,0.657777304553083,-0.619909749482194,-0.260094694077703
0.377777582181979,0.579599709427227,0.974522643269015,0.839825526523456,0.334456027004488,0.883069541743399,0.427079661597531,1.3448671655347,0.770796180298452,0.151045446213047,3.98759935430716
0.682678252080658,0.868889285704037,0.189273407078123,0.364388139138276,0.789215609222765,0.412209441843611,0.154403975888363,0.80590267068288,1.97199319933758,-0.814096620715091,3.76766631657941
1.3555485021135,1.09623741299392,1.49278731889273,0.827039618155859,1.60313257448222,1.59339000203933,0.468486755480222,0.502679484732294,1.44931012042976,1.55132434571301,11.150649580579
-0.798554766335169,-0.623818864823306,-0.328827230629753,-0.988988962885178,0.234284226892129,-0.983762698575202,0.559867568751902,0.39686268198867,-0.355653590307526,0.716136197605815,-1.36037201605154
-0.515780543060264,0.353444641864755,1.09961464169429,0.134589736060853,1.22261047280581,1.33416371601748,-0.0231127932112022,0.0830516671089139,0.727476535222538,-0.275585805558497,-2.56631984617081
-0.738422926780667,0.322704708738545,-2.1555718884336,-1.03045979478419,0.0921593799210848,-1.28470205615471,-0.386603609205963,-0.929477321652196,-1.05020612298055,-0.445164574535396,-8.5494190882573
-0.921175470909043,-0.721224355647359,-1.17633037033984,-1.69953087898775,-0.955589603421804,-0.915080363351467,-2.53050010385577,-1.33645823437011,-0.188068444484996,-1.79807279069047,-13.0179588569867
-0.497310983173824,-0.505665871134883,-0.510879200882814,0.448878874572252,0.337166861974546,0.194683955390418,-0.375280541947486,1.30815247447207,0.328476090569657,-0.478435311687177,3.76766631657941
-0.381141310694845,-0.210535419159754,-0.834404066540616,-0.675237037628285,-0.0554038788943992,-0.00720539334312453,0.716205726461438,0.280351392966639,-1.25202874899452,0.246820998271523,3.49080323880085
0.247407704707173,-0.349942416200374,0.178956370179439,-0.573148119896628,-0.677909909902414,-0.0846814764982856,-0.273476751856421,0.66228217339648,-0.456431232605682,-0.707189939465366,-4.69313615876653
2.15127085877603,0.946879559932577,1.51811165721503,2.61448088749653,2.25050228558853,0.913409775061762,1.32528370466428,0.598268959533025,1.23045207075961,0.554110579119043,7.78322950137242
0.159740292886988,1.20402778244739,0.544102176026368,0.327765653798908,1.72788296216944,0.262036327868411,1.52499751745816,0.80590267068288,-0.048698391309192,1.73635430224756,4.52706898282912
0.00951925946337451,0.0358900299436135,1.07341289276735,0.967503380727818,0.768112912569922,1.24703523108861,-0.42064090690778,0.604467307062557,0.586605423081576,0.400892185265307,5.32860439337174
-1.20122694555187,-0.281842538167879,-0.920042727347531,-0.425559713730341,-1.12906766225721,-1.28191910325059,0.769382888374005,0.602469610575738,-1.02537688166355,1.00140109260515,-5.80160901128256
0.456954430289532,0.0755946495635028,-0.285220198388414,-0.255667271241598,0.634821033916124,0.65597507235024,-0.122880805438478,-0.349218650536552,0.402610471702537,-0.804049674668088,-0.168310830198354
0.968210561617868,0.0977972362599411,2.70880969793982,0.724063331491203,0.647219356137671,3.11481013647708,0.4520298638354,0.442738025947334,0.586605423081576,1.59861425293815,10.0574973952145
-0.066104478391849,-1.74847639229757,-0.588562830568512,0.315630704840684,1.09724138631435,-1.05556057496259,-0.785725334353708,-0.791766411485753,-0.454881108521268,0.729025405445003,0.312464842288518
0.227338984674029,-0.261227258291597,-0.0490596861125928,-1.08028511100306,0.561475123754915,-1.45364748755199,-1.68952081994015,-0.371717878852757,-0.914796184752944,-1.36285478580507,0.875757120085205
1.04505377890108,0.182283307110045,-0.118256848940963,0.852404522186119,-0.506275886681857,1.03524151104273,0.655121115824755,-0.61361720457473,0.107513788764139,0.174308517589951,4.16653607989582
-0.588747794291611,0.322102528131645,-0.200038136612183,-0.86350042460461,-0.276720688685306,-0.176980855574639,-0.551082748358437,0.196353932195736,-1.05804374725632,0.719407089881349,-3.94179390451629
-1.39990885028969,-0.738551153813236,-0.86931949717882,-0.857272932090481,-1.171660524113,-0.591938224739213,-1.23783379629096,-1.93203816820564,-1.90672315179095,-0.488812313184314,-10.7118823187675
0.279539797497668,-1.37531080039506,-0.951137540082094,-0.558624581757216,-0.344518599865108,-1.05556057496259,-0.785725334353708,-0.835568222712008,-1.15891275724149,-0.154416966663567,-4.69313615876653
0.16396745698466,0.380780698814483,-0.130048052890514,-0.713610739483659,0.290970684635201,-1.12671469749348,-0.771501448074188,-0.588171373424303,0.700753651148561,0.487269566055414,2.18782290926577
-1.89258810493151,-1.51798352644648,-0.726738945871058,-1.79444426281038,-1.67205918768304,-1.34546569541819,-0.0447604785320581,-0.792459792469315,-0.668551928612194,-2.13897329188319,-10.1968319368553
-0.113508853784764,-1.16495658229766,0.00963443092690007,-1.44425530341832,-0.814585615606613,-1.11881943027925,-1.10727975923637,-0.765690858717353,-0.773978797801986,-0.711645566341274,-6.59244828689769
-0.0998119271635459,-2.104095148515,-0.951137540082094,0.099464170281198,-0.344518599865108,-1.31768979921252,-0.785725334353708,-0.835568222712008,0.254966861056551,-1.06711807035627,-5.73813147689238
-1.20970949826771,-0.281842538167879,-2.00178317582877,0.0347304099396973,-0.0878368202003621,0.102341591429466,-1.23989564623209,-0.690055637285624,-0.0196468687877709,-0.726037267091496,-2.19133678114062
0.620917413602562,0.649662754071346,1.29055326949913,0.804100821286708,1.14636484462714,1.13828090294924,1.14925753493105,1.40374673678083,1.34132570564433,0.817324144929784,13.191193181478
-1.81974383147893,-1.18053910900783,-1.18575708964954,-1.2888220691816,-0.906087578504088,-1.1293076532577,-2.53050010385577,-1.78381557166769,-1.90672315179095,-1.55095190936693,-14.5270279901433
0.491292914539229,-0.885983396213786,0.751229884997174,-0.125804490160123,0.118555223919718,1.41044119228195,-0.967973167707646,-1.13814355996958,-1.07808565665693,-1.35156535725043,-7.47454208325038
0.165827551922348,0.380780698814483,-0.302326953895145,-1.06100585888302,1.65504610142576,0.437751769852274,-1.51396995827193,-0.00264900137324973,0.686874582618074,-0.0112936423332702,2.18782290926577
-0.622308844541169,0.388900783481453,0.132765508083899,1.15478350539998,-0.178188424115736,1.93495514875651,-0.848921307311153,-1.13814355996958,-1.13250488137424,-1.21503532421077,2.92290104911236
0.491413189478535,-0.667813799384737,-1.19273734667666,-0.976242400180955,0.47883704846999,0.269898318336531,0.064138180153314,-0.852551672515371,0.143098823559229,-0.95222768836147,3.1322082390394
1.21950131915802,1.35010190216467,0.902033885603713,0.532860821375022,0.346838877223148,0.662021474457168,0.688114885521005,0.30019348135602,0.785468913431563,0.23865089732076,7.12988995341343
0.645091868444753,0.779353658473159,0.726108893886698,1.42198240301208,1.99192008881242,0.886636450819666,0.499364382980436,1.25259470976265,1.1894747887855,0.429516612792592,9.8612224312568
0.527963237946268,-1.13949332080606,-0.161635241228799,0.101787299946448,-1.18995241948344,-0.672981230291552,-0.0195815427607565,-0.066902949090049,-0.296198162524158,0.171678273643897,4.6066551155572
-1.14242073955294,-1.77378780714586,-1.35295074439587,-1.68732807043426,-2.23997682355837,-1.17183895440452,-1.65191898514883,-1.01744828801318,-2.28006823151961,-0.572527539314804,-14.6298889303987
-1.07793674891526,-1.39713283396483,-0.595192331698129,0.114559249003877,0.252359742086898,0.102341591429466,0.842556113513425,0.320545292764189,0.624999044062343,1.22437409614408,0.135709604609397
-1.13105616865025,-0.457645122219458,-0.624716948196277,-0.879061179925421,-0.865715181463287,-1.517564533822,-1.03499586766674,-0.115395544668364,0.645587939944913,-1.09723743233786,-10.8066608072274
0.802456166812217,1.47079087051483,0.7050461841602,-0.0188954818672365,0.261647300921695,1.00927426746112,0.193152748403784,0.356642106735888,1.17433595772599,-0.0951231003625553,8.42549988667545
1.13580926558152,0.914803875394615,1.59834669424502,-0.706353284276841,0.765594687095892,1.48342192525701,0.869871025766615,0.356642106735888,1.44931012042976,1.41335794230128,5.84692082305562
1.24350321027245,0.835056597085424,1.553276933798,0.207486450328298,0.323769230203757,0.711502278501294,0.00323088645757313,1.10352930627376,1.12874132294152,0.665471386614188,8.28190821844773
0.464299049282063,0.670499404937518,-0.318259991044949,0.624808491094475,0.438935331616024,-0.185908687424208,0.630698272189397,1.56215000889438,-0.508715349223271,1.46547515645848,7.90350758153469
-0.0998119271635459,0.809422359813701,0.74307742471797,-0.61357048933572,0.422443570954417,0.116323647757001,0.499364382980436,-0.377346107530453,-0.393267726930208,0.92813563735459,1.91559866740241
-1.39990885028969,-0.738551153813236,-0.262763353259755,1.66164180458014,-0.0665396066721946,-0.562128544312945,-0.735631771871739,-0.244821130097537,-1.25638603067633,-1.21503532421077,-0.651138997646288
-0.325124292115971,1.12934930899164,-0.473808293940143,0.38774608836374,0.772800857029347,0.517585717074932,0.0682727598344925,1.36631001037489,-0.829670456860068,1.82160625129417,3.75546208183326
2.35091908556039,1.93128901843686,1.58231753778089,1.44440438807826,1.30647055771784,1.99330324832581,1.21073058165414,0.847426124934025,1.44931012042976,-0.145757292236274,13.0304036524359
-0.587864146415902,-1.07301795372838,-0.486873783510327,-1.49669791580204,-1.70087741967949,-1.12358174201418,-0.561743377904343,-2.15687648709399,-0.99413464146501,-0.556526789979234,-9.91161706784062
-1.10158807321655,-0.558916911596436,0.428379123507263,-0.416163120705276,0.250305536254712,1.45186820083109,-0.375280541947486,-0.871745724784926,-0.532822000770159,-0.0742867550510735,-6.56367294054523
-0.679645297520297,-0.183026253580912,0.0136343465925459,0.306531874089102,-0.225541302150735,-0.0216943063623697,0.0209283471416703,-0.400491437059877,-0.0597360280908155,0.627001016544233,1.32403069594023
-0.187469116865707,-0.0792773919405517,-0.817500720648501,-0.684050944897862,-0.0254048194177079,-0.356665808519356,0.0222789768031636,-0.270809697278787,-1.24257579891242,-0.959937285328042,-0.378634504079972
-0.0351464595041192,-0.770658886990827,0.0110475165187371,-0.0406964748919312,-0.146077716314707,0.19064584070639,-0.32131231960859,-0.0255493123673019,-0.094224416632918,-0.033649503381167,2.55584676266031
1.18709776684718,1.88285693842223,1.6172783988631,0.000686035889565214,0.365425718371261,1.41911862959213,1.02034257469974,0.707942154385435,0.893574437162042,2.02073910600792,7.26727305902753
0.464299049282063,0.670499404937518,-0.401251307217857,-0.076881022333183,0.992550969786271,1.61275456351378,1.84283957791962,0.305283087064819,0.686874582618074,1.198117764839,8.24242582666026
0.954717021152583,1.18378075819635,1.17574202332393,1.03991409899962,0.701634792049415,1.24904116043686,1.27939786202305,0.409707131078918,2.07792867740899,0.23865089732076,13.0304036524359
-1.10158807321655,-0.558916911596436,-0.164206869000653,-0.0875134843111088,-0.952786605882693,-0.125188699856743,0.382861335636688,-0.948122420027905,-0.532822000770159,-1.1008237124773,-6.94296439986533
1.92311570727962,0.62678743775235,0.929711969408814,1.19283079384181,0.507361919202514,0.883069541743399,-0.023447754388458,1.24849908065931,0.770796180298452,1.23672258119385,7.12988995341343
-1.071023829808,-2.03649120288512,-0.627476567521669,-1.36341076193929,-1.07777446406859,-0.953320134638285,-0.559059158845541,-1.34335238678658,-0.147418442925257,-0.80270615357037,-5.22742873336802
1.0272647969557,0.0517656092662811,0.357603822948333,0.896206950719624,0.187999199657533,1.10703020410521,1.15956828133302,0.544227938325462,0.70353084257477,0.781007393522569,8.46601383034754
-1.03935999879735,-1.00741982250375,-0.987948771632638,-1.2888220691816,-1.07777446406859,-0.8994744580599,-1.42355403050029,-0.453846896967084,-0.0196468687877709,-0.48344871642497,-10.1881921387317
0.491413189478535,-0.667813799384737,-0.48775723795742,-0.976242400180955,0.47883704846999,-0.230578055402499,-0.791653038919994,0.539459892971986,-0.332633295410983,-1.77819058979938,-0.033626483086914
-0.249793684891772,0.227539111327831,0.122471707543735,-0.296698390922826,-0.491013234989929,-0.966234924749151,0.126335799507302,-0.296035504559291,-1.04055750780393,-0.288083591528371,2.38948117673664
1.13580926558152,0.914803875394615,1.59834669424502,-0.452328455137775,0.589897355453044,0.873529340608193,-0.450310808193421,0.707405929427687,0.482233394692711,-0.804049674668088,4.76898153272743
-1.56516722052025,-1.19470674284944,-1.18575708964954,-1.44061283220234,-0.895209592050734,0.143519486913939,-1.48172599321791,-0.37342675820063,-0.393489854948613,-0.620798466108884,-6.8895120093886
-0.895913885252529,0.497018701836608,-0.921484425517611,-1.90437427318838,-2.00685266031094,1.21389130604225,-0.933519433082503,0.793661273958282,-0.205348432252445,-1.51942783032132,-5.94092762430634
-0.113508853784764,-1.16495658229766,0.24657916318948,-1.44425530341832,-0.724372836337933,-0.0846814764982856,-1.06513349733048,-0.489205256595032,-0.773978797801986,-1.31457644714918,-9.98579253010327
0.0219488084038965,0.365367734541905,1.07341289276735,0.132319322549906,1.22261047280581,1.33416371601748,0.425045924996327,-0.141286679721052,0.727476535222538,0.209338463372561,5.32860439337174
-0.723896124990407,-2.73979063613403,-0.520600406697308,-1.36341076193929,-0.671201031297815,-0.983762698575202,-0.327950919733237,-0.287196534631853,-0.99413464146501,-1.30872790876131,-6.63823809951543
0.524355333947051,0.739428932705507,1.31127154127722,0.132319322549906,-0.457104141663132,-0.560766248073395,0.669723233462542,-0.231643968096809,0.717649443924301,0.365506833372958,1.9154705305687
-0.1762114154354,0.414074425186897,-0.817500720648501,-0.296698390922826,-0.491013234989929,-0.839849212693886,0.274544924365264,-0.103924532646977,0.354219679645848,0.198957473719735,-3.88591321918393
-0.865516063528216,-0.878283561113898,-1.51952957813674,-1.14434880096658,-1.59630834192686,-0.591938224739213,-1.32824536987427,-0.801772679058165,-0.393489854948613,-0.726037267091496,-12.0305556522187
0.616204788630945,-0.849488745706163,-0.161635241228799,0.416564902177729,-0.108027422922992,1.41044119228195,-0.689904890520561,-0.464746521029478,0.528424788205147,-0.413705170713828,-0.260094694077703
-0.726457890812976,-2.73979063613403,-2.16257700529889,-1.46768110481896,-0.615595450473137,-1.64569365349954,-3.01366149248474,-1.87329415241794,-1.35144323390868,-1.17448908429331,-14.4854735215914
-0.497310983173824,-0.0862159279392024,-0.182869096669955,1.00117768512995,-0.643898473773422,1.34512993181291,-0.973208859785253,0.793661273958282,0.369284618294804,-0.965894283337235,3.76766631657941
0.90826480710271,1.7183479145189,1.05873367899621,0.834406140345363,0.346838877223148,1.0740438838318,0.68607970412217,1.80238678923048,1.17433595772599,1.85790232091262,13.8285097506232
-1.56516722052025,-1.25115900298403,-1.48411290078134,-1.53054615829818,-0.895209592050734,-0.285041983005391,-2.04351603420849,-1.50799460376083,-1.55178681906474,-1.68130016151027,-14.1140220215551
-0.225654910084117,-0.534815093887105,-2.17117530765388,-0.913889646328337,0.772600901651428,-0.353703757502599,0.568145858004928,-0.26949251508713,-0.97101253037231,-0.472915332053465,-0.589663443196318
0.301205930677843,1.25181283768832,-0.413949800055564,1.22267516516477,1.21278407980601,0.825419753152967,-0.00387109099076405,-0.0479298406113783,1.53177597659187,0.882228740827146,1.69962713457533
-2.34411459921372,-1.59487205265336,-0.414310278852684,0.0997610158684833,-2.26518539908843,-2.04678482252355,-1.65191898514883,-1.51613678595162,0.313366657252242,-1.78423227495429,2.38559881259463
-0.673484136228268,-0.399334358626391,-0.510879200882814,-0.371870467820277,-0.52452530141038,-0.0460886628790894,-1.9314240305841,0.182968091207614,-0.841646213889607,-1.21503532421077,-1.68335682144725
0.2635077314182,-0.261227258291597,0.405644940288221,-0.00960830371522181,0.164428480025995,0.450383591086785,-0.372207775493086,-0.851593205798648,-0.749638250551478,0.428318275880772,0.312464842288518
0.416860805178639,-0.185275473564848,-1.30076250330105,0.780581578761414,0.0860383495140804,-0.777537871858589,1.11150272250662,1.27089434369695,-0.396961256752861,-0.286201261180256,1.53837343374991
-1.79173584348944,-2.87771145971662,-0.520600406697308,-1.7231701046421,-0.906087578504088,-1.18109092447824,-0.0447604785320581,-0.792459792469315,-1.22371453533059,-0.565577023414471,-6.03996909418207
-0.347874073257523,-0.161068322511305,-0.834404066540616,-0.675237037628285,0.61494291724983,0.079893560935331,0.0222789768031636,-0.134864076979141,-0.998083093769075,0.225206183018121,1.98405720154612
-0.50537910407059,-0.505665871134883,-1.5530493721289,0.165318513467585,0.217999617066922,-0.806582770043149,0.188761110062252,-0.235723185327045,-1.20233235177187,-0.0951231003625553,-6.59688395885964
1.15034182300576,0.599186716468962,0.401959189876023,0.905914365176893,0.488986279732254,0.96713036611544,1.14925753493105,-0.419032642364832,2.20391835893627,0.474608488870889,8.90079790864921
-2.31877663281602,-1.74863606926485,-1.12788081749142,-1.5258760981265,-1.70077922522988,-1.79808837753565,-0.384831678172923,-1.79351855357332,-1.27941783592479,-2.13897329188319,-14.4693625680898
-1.34713697676094,-1.60921834458848,-0.726738945871058,-1.79444426281038,-1.4813389219855,-1.17183895440452,-0.384831678172923,-1.31679422251632,-0.743662482774149,1.00140109260515,-5.31836526573484
-0.763003948673294,-0.673630218538736,0.725352763639541,0.237693143624795,0.919887597923543,1.45186820083109,0.41280698918496,0.220264347537273,0.586605423081576,-1.47235075457393,5.06684936501765
0.227338984674029,-0.186993601711088,-0.461901608630803,0.841337886565225,-0.0708853212683154,-0.384766665252569,-0.689904890520561,-0.548156768969409,0.528424788205147,-0.617842764296652,2.38559881259463
1.82898606834271,1.9081171633667,2.09247759769638,2.61489253052409,2.41152846703748,1.96537554165806,1.56094240661231,1.61345064510411,2.08387341131833,2.17555166345182,19.8176616747236
-1.4834848157874,-1.80718618113466,-2.22650575351684,-1.53054615829818,-2.03347320254551,-2.22140812596734,-2.20158953485508,-2.14983531068177,-2.96355013378862,-1.91549732909124,-15.3211877628863
2.00212801959707,-0.255167647001216,0.663515396414106,0.766065324348719,-0.108027422922992,0.343265234870438,-0.585517525935919,-1.06004875091642,1.25426553281514,-0.0779599771148941,4.9477958766494
0.617015333206957,-0.849488745706163,0.467853497139338,-0.47846798439105,-0.710259629920782,0.259029175913754,-1.54615981769018,-1.63588454330172,0.0840497796223911,0.2737674000142,0.160474596240502
1.04505377890108,0.585309567427218,-0.291782679869098,0.480437727649108,0.66949190072373,0.209746827990457,0.590242936825829,-0.0418498496479175,0.822052701085664,1.1961424465066,1.24399014713689
2.04586158108628,2.74736528363766,1.67934091095454,1.40174432339262,1.34624423989047,1.8291314222514,1.48071909588173,1.85029872604678,1.46376809049068,1.85790232091262,22.8564994966399
-0.918480204794114,-2.14225539199035,0.353533812287864,-1.78894057728708,-1.07777446406859,-1.30011768427926,-1.14783219184373,-1.34335238678658,-0.957772800740841,-0.692076156452203,-6.6358838933193
2.00212801959707,0.62678743775235,1.14835148477669,0.780886535496396,1.05790250719927,0.608600180839046,1.37045338691472,0.900271627534483,1.11459591623334,-0.109901636311691,10.850423475519
0.159740292886988,0.471237179252743,0.927831230931595,0.730892206246679,0.870347157258036,0.517299900632484,0.203960346835355,0.448974509523139,0.0989273429002504,-0.369531208460593,-1.40480044852961
-0.737505468502193,0.38000572911964,-1.06740805651037,-0.777644627790065,-0.550767640244849,-0.706639092992549,-0.165334500308805,-0.409466864846553,-0.99276078948928,-2.1075215558298,-4.6408352405962
-0.936804687772554,-2.14225539199035,-0.939837645056245,-1.64919505092459,-0.605127311961557,-1.16048538736981,-0.974274553661046,-0.387850429817179,-0.147418442925257,-1.3463581704541,-8.77689103947916
-1.17303386964626,-0.993958166870872,0.498642882233796,-0.624041660520401,-0.605127311961557,0.228664970365766,-1.06513349733048,0.26672385909253,-0.242070629039711,-0.797711837168484,-4.81990774148026
-0.573439598661811,-0.462787121662205,-1.5530493721289,0.165318513467585,0.217999617066922,-0.806582770043149,1.04279632123372,-1.05028022434896,0.250426973689541,0.542670625662552,0.135709604609397
2.12440313297555,1.81175406225445,1.58231753778089,1.83976565631089,2.66566826713913,1.96537554165806,1.16156696016803,0.598268959533025,2.08387341131833,2.03136404268853,11.8360311123528
-0.76476065602459,-0.623818864823306,0.725352763639541,0.237693143624795,-0.0143619564599927,0.235159635411618,0.842556113513425,-0.137030263338104,0.273006250338176,-1.29813904823425,4.61206084323856
0.165404320632437,0.521159168941632,0.72769847377035,0.851246218356821,1.59554632328723,0.317509498917849,0.727361443609726,0.220264347537273,-1.35551186944885,-0.254388982007313,0.437521518496536
0.816165807573407,1.47079087051483,0.7050461841602,1.36930572184124,0.257043989062327,0.617890452790661,0.934957413534184,0.710065562139878,1.35791861959171,1.17071460805862,15.533627919256
0.619651391718139,-0.849488745706163,-0.311481087048034,0.398556386354234,1.22602045996124,0.398454490641359,0.449126482932134,-0.663916535599755,0.642857622400179,-0.152562839328214,4.61206084323856
-0.66753786050208,0.791001821012924,-0.4363886890955,1.15478350539998,0.0231972232073665,0.666794885140552,0.00410318437329529,1.27089434369695,0.625585989971752,-0.780092880755148,0.249949318949907
0.464299049282063,2.00569249864385,1.0757814729556,1.59045945703754,-0.263479030143008,1.40746691065868,0.350051103608352,-0.476800884793781,1.05058787892893,0.742839088297232,4.59675665465144
0.248478422960552,-0.414035082604098,0.178956370179439,0.841337886565225,-0.358683722658871,0.0197468193487538,-0.40672974069888,0.196353932195736,-0.369837361788829,0.457533516513518,3.85874920870503
-0.349989780071505,-0.176149962326975,-0.356030994675901,-0.824771901638651,-0.683008300024482,-0.205063313192317,-1.00172977586817,-0.879845168020086,-1.13836887506441,-0.832191490190048,-4.32216589920895
-0.946608373344157,-0.177018255307989,-1.40805247785978,0.0347304099396973,-0.963575013202205,-1.03053775159296,0.796156234034745,0.602469610575738,-1.02537688166355,-0.110389600089946,1.95270670993559
-0.764275488937643,-0.623818864823306,0.81570860245694,0.441232570748724,-0.0143619564599927,0.520167509841569,0.0980619777879632,-1.32179113489798,-0.790300250135965,-0.908084864696255,4.31970097051733
-1.071023829808,-1.00741982250375,-0.31792496146284,-1.8715777887039,-0.605127311961557,-1.16048538736981,-0.974274553661046,-0.575445168161401,0.567394346283058,0.278283909679968,-9.18491598442952
-0.642221403329204,-0.286442824881984,-1.75183355412299,-0.373989955999376,-1.12906766225721,-1.03053775159296,0.769382888374005,-0.231643968096809,0.0967270401430631,-0.516619834209168,-5.85215182535652
-0.901874524343673,-0.363255157416105,-1.95848061598656,-1.51773073806672,-0.865715181463287,-2.13569391544584,-1.03499586766674,-1.87329415241794,-1.77239983570921,-2.04767257036555,-10.43134494855
0.617015333206957,0.649662754071346,1.29055326949913,1.39721491981132,1.14636484462714,1.591797798639,0.425045924996327,1.2913345028536,0.959949732582885,0.896689768542556,11.7429331148521
0.0172535592560963,0.903050185025133,0.766579598280278,1.17705808539968,1.59554632328723,0.495412247779236,0.00323088645757313,0.612621528867468,0.0989273429002504,0.438485198166517,5.32860439337174
0.128331288763789,0.301445043638761,-0.173378706560268,-0.141338504008593,0.601801424125433,-0.557858200682872,0.0974523358973755,1.36631001037489,0.21476234810922,0.68927481095992,1.91559866740241
-0.308093802437454,-1.33167676430481,-0.018897833717855,-0.116651949711546,-0.053444500196817,-0.751682518378212,-0.396390780842912,-0.0420415720173354,-0.719640206841841,0.546991977478141,-5.64527104240485
-0.918480204794114,-0.962134176553457,-1.05162473937629,-0.303501433285383,-0.258813454585084,-1.43831188799413,-1.04616850606185,0.67401936331327,-0.332633295410983,-1.11231027506797,-9.18491598442952
-1.39990885028969,-1.31227216434433,-1.37305457955755,-1.0103272715015,-1.4813389219855,-1.22338693067722,-1.57944499037572,0.67401936331327,-1.02537688166355,-1.78789388541979,-8.77689103947916
1.82310644694957,1.76953189738552,1.27911278482833,2.21864192797174,2.41152846703748,2.75369452380591,2.45864823983637,2.24471699516353,1.42608911970375,2.17555166345182,22.7536271444385
-0.0287881058166255,-0.147125959870445,-0.615278061779522,-0.391661026343377,1.01801007125269,0.798432372335314,-0.791653038919994,0.250396945514737,-1.26088634741854,-0.275585805558497,-1.32014411346251
0.195354519923769,0.276694991515264,0.0336392385056803,0.347012741896073,0.700176594031251,-0.0216943063623697,0.0974523358973755,-0.147718271665052,-0.283789430202776,0.340621500812827,1.58433715093374
-1.04980583846812,-1.06040936255947,-0.722578857956381,-1.2888220691816,-1.42022312905341,-1.22338693067722,-1.75076971602433,-0.937807067996031,-0.55845267896526,-0.457695612364855,-12.6386870968713
-0.527798213283998,0.118050717547032,-1.21596031769904,-0.556210773130004,0.0551927212410487,-1.17953230960736,0.263307209143329,0.664822110030195,-1.38995003838405,-1.3285262897517,-4.66977548355509
-0.509499006932237,-0.0255844884311258,-0.182869096669955,-0.240232639446039,-1.44375194433121,-1.32161915878094,-0.25100642349895,-0.879506958248809,-1.44601219808191,-0.556526789979234,-2.379072188329
2.35091908556039,1.93128901843686,2.17889869085253,1.19655049209762,2.12647478544704,2.63003127974136,2.14531702380968,2.33263457762543,1.7340468340538,3.452956004977,24.3235728375191
-1.1473075816732,-0.709906047401878,-0.0906687187827117,-1.53382440458189,-1.88963680013015,0.0738953811860697,-0.117070503226547,-0.762352763920428,-0.731629495336728,-1.69861705624322,-4.70789355316743
-0.76476065602459,-0.623818864823306,-0.08008332321762,-1.13957836510196,-0.519484795631188,0.489089550291168,-0.171009057002048,-1.24213412189243,-0.99413464146501,-0.346266077161189,-6.6358838933193
-0.817952268855763,-0.837889917156259,-1.51952957813674,-1.13811449012266,-1.23245449148365,-0.697935775693848,-1.48172599321791,-0.861433178384105,-1.63064455869315,-0.40562313761033,-12.2398004197497
0.253436484047633,-0.186993601711088,0.505951727257449,-0.00960830371522181,0.802320652775835,-0.041141350599652,-0.287067128360879,0.425118585497685,0.590102711957267,0.711904996255667,4.52706898282912
0.224526460901707,-0.627261516247926,-2.17117530765388,-1.81288731282548,-0.886133377208939,-0.778371886105696,-1.81698280984662,-1.33645823437011,-1.35144323390868,-0.895764204166168,-6.10744480398893
-1.31425137448593,-1.69187346954498,-1.20818872067855,-1.53054615829818,-1.62630476401313,-1.17183895440452,-1.71173982289708,-1.33645823437011,-1.33177935220841,-1.65711861351889,-12.6386870968713
0.0736743523310299,0.103901415545031,-0.296258113325002,-0.437724847555915,0.888605400821178,-0.486493504935518,0.0974523358973755,-0.941079637769131,0.5358599858546,0.729025405445003,2.49676833379214
-1.36042089268416,-1.31227216434433,-2.41400967533242,-1.83414034037928,-2.94521180803683,-1.12358174201418,-2.20158953485508,-2.05787843589224,-1.07472495799355,-1.95907062177852,-14.2350765680441
-1.43971251008078,0.235962853887291,0.16250829780366,-0.397900026637193,-0.0331224056038555,0.433909815017971,0.177161745988238,-0.568078175060201,-1.18168963593071,-1.69861705624322,-0.840143000057024
-0.131689341020986,0.296423859150362,-1.34980198440331,0.0443663594406508,0.601801424125433,-0.164361420093709,0.390133459780275,0.842290298726171,-0.197673773397391,-0.0739060445625466,3.10647359158406
0.263020370062992,-0.261227258291597,-0.0490596861125928,0.841337886565225,-0.358683722658871,1.34512993181291,-0.791055928369748,-0.49534463445011,0.254966861056551,-0.449146819427028,3.76766631657941
0.666037524380691,0.779353658473159,1.31127154127722,0.804100821286708,1.31043911268677,1.13828090294924,1.14925753493105,1.2913345028536,1.03895760713342,1.35409338213223,13.191193181478
-0.126412082780709,0.296423859150362,-1.00262584593823,-0.556210773130004,0.888605400821178,0.224977200953244,-0.161976883324155,-0.4629454616886,0.312042509348578,0.0568475609942011,1.11090926618979
-1.071023829808,-1.06040936255947,-0.989900578332913,-1.8715777887039,-1.07777446406859,-1.1854734598986,-0.384831678172923,-0.823009140773266,-0.668551928612194,-0.445164574535396,-6.03996909418207
0.86237316986418,2.67556296895175,1.97011906068933,1.97368470621518,1.91828258217141,1.06661084100739,2.66432091453581,1.95101984559716,2.33918131192728,1.85790232091262,22.7536271444385
0.599305029418695,1.04268335838382,0.47517963122362,0.707387081794285,0.789215609222765,1.27204035873252,0.292817193525924,0.17737493384981,2.20989070463375,1.29539154795147,9.59488632714699
-0.38411664195059,0.0428392927914278,0.296565204543992,-0.0818177653468862,0.802320652775835,0.301912981395299,1.03561792729255,-0.0426585379853711,-0.343630462750999,0.986453632976212,10.0858953349157
0.346750771807883,-0.729286540589422,0.504721864783291,-0.890172377897539,0.47883704846999,-0.146859924173158,0.0685697993591836,0.874203675146199,0.158902740496701,0.329414846044873,-0.353741333453962
1.31623310408444,1.55614468791706,0.37721313578504,1.43266967649731,-0.431067923077656,0.809470971168936,1.02034257469974,1.31159522394578,1.17433595772599,1.01462979064882,15.533627919256
-0.817952268855763,-1.9679638262785,0.0822424457963818,-1.78894057728708,-0.906776160652829,-1.30011768427926,1.07363263980797,-1.13411172633638,0.0967270401430631,-0.144018445576724,-1.48298839342514
0.16396745698466,0.369486789246921,-0.302326953895145,-0.307593307520513,-0.115058995695728,0.849639500293484,0.196761307990839,-0.04775197840313,0.303030485362698,-0.797474731615199,-0.378634504079972
-0.732338871165191,-2.05778982243482,0.353533812287864,-1.78894057728708,-0.906776160652829,-0.0432554347688916,1.42082324187042,-0.948122420027905,-0.539552166154317,-0.616762707955624,-6.12330239605512
0.616204788630945,0.649662754071346,-0.0224519525878813,-0.230255301069418,-0.993379336473402,-0.534466981951859,-0.78668557944019,-1.24300099660426,-0.903185047658861,-0.69700740674948,-2.379072188329
-0.249770456775629,0.307253295851335,-0.787361355333599,-0.683215226333716,-0.125167124213525,-0.356665808519356,0.274544924365264,-0.829849634188855,-1.1044889100161,-1.3285262897517,-0.378634504079972
-0.676252488465286,-1.42950968327851,-0.458595645573103,-0.59941071810089,-0.765055067499691,-0.416015553878307,-1.01589692726097,-0.244821130097537,-0.572885886927835,-1.3463581704541,-5.42279836078183
-0.267844574340592,0.708256554405772,-0.34848709555634,0.0475521796055588,0.808064989055035,0.19064584070639,-0.680645688846521,-0.00264900137324973,0.646277499752739,0.711904996255667,1.69962713457533
-0.318271445588456,-0.0436442516910817,-0.833575931935298,-0.527140464997688,1.28165454805021,-0.486493504935518,0.512029104447284,-0.26949251508713,-1.1044889100161,-0.23914638584643,-0.442586949943109
0.916461494061285,-0.0659746177614111,0.938292892673718,-1.32580666771738,-0.324901626257352,0.241914653706548,-0.442620015459306,-0.119420991409602,1.0077100790899,-0.629406786288383,-1.22568601630457
-0.131689341020986,0.656592062222669,0.00383932409017612,-0.74158621575088,0.561475123754915,-0.591527595547078,-0.161976883324155,0.561903419393244,0.761348204175013,-0.117422349998592,0.182171636823479
1.58493816087631,1.06330261974148,1.83798057820471,-0.170620156816203,1.97753985606474,1.48342192525701,0.976690730787606,0.847426124934025,0.882056072671379,1.93663920596141,6.45006551818308
-2.31299757790817,-1.59487205265336,-0.414310278852684,-0.477475873574051,-1.70077922522988,-1.53636112179987,-1.8599841612017,-0.835568222712008,0.567394346283058,-3.42317407850637,-10.4429309742199
-0.50537910407059,0.419167919962363,-0.733235344611517,-0.42546562855533,1.01801007125269,0.079893560935331,-0.551082748358437,0.604467307062557,-1.05804374725632,0.0625050491737511,-2.76631329671783
-0.676252488465286,-2.23361779374621,-0.486873783510327,-0.124178311280963,-0.105535860495399,0.0569094392342985,-0.114751681423586,-0.720367138364872,-0.19810930814687,-0.346266077161189,-1.20723731442372
-0.608285556116271,-0.995621615144747,-0.00243559545579508,-0.0250512911220129,-0.338272899950037,-0.325480893982699,-1.09650647031664,0.780673685508982,0.574076366415355,-0.831702662407008,2.38559881259463
-0.980407329239302,-0.650768907347815,0.0350843985793989,0.596233367415298,-0.0665396066721946,-0.562128544312945,-0.520607150445485,-0.244821130097537,-0.731629495336728,-0.969538594024435,-0.208220190598507
0.0879913084690449,0.172838327189409,1.80557024558091,0.967503380727818,0.694659848231058,0.519352172724279,0.491342271640152,0.110580533291314,0.0989273429002504,2.02073910600792,5.66180516108697
-0.594348050321112,0.0686629756288946,-0.678650777181535,-0.108287678345549,-0.371674795040445,-0.325480893982699,-0.321069949589685,1.11856892148344,-0.583739548353049,0.546991977478141,-3.7339775177556
-0.38411664195059,0.156148232170932,0.803817913129216,-0.714988928209966,0.362112492617675,-0.00160101669694275,-0.318660324582495,-0.377346107530453,0.27689788528613,0.618513654448035,2.84146294485323
-1.31411875018537,-0.278556083140035,-0.822306053176832,-0.0832642007034946,-1.12906766225721,-0.125188699856743,0.382861335636688,-0.425524333963285,0.530574333854111,-1.69861705624322,-1.13293070214324
-1.17303386964626,-0.43531466606371,-0.853540400056227,-0.65248835979518,-1.00629463992063,-1.28191910325059,0.0438118500257544,-0.257168995807412,-1.41401912199904,1.00140109260515,-4.88626638923363
-0.587864146415902,-1.59469942881449,-0.458595645573103,-0.108287678345549,-1.05416399074047,-2.04678482252355,-0.218025324888284,0.230757693236672,-0.0146265201202866,-1.04220346807824,-4.88626638923363
-0.857505880539178,-0.363255157416105,-0.304386283632953,-1.4018277810366,-0.598251824388063,-1.30660068021449,-0.576890815138986,-0.0259831051011264,-0.837823995527863,-0.540952656589485,-8.52638789322667
-0.376389205689771,0.116307642513664,0.360533457868602,-0.675237037628285,0.422443570954417,-0.212105130058388,-0.0289537169083762,0.140643720194412,-0.0440316366895314,0.869876720137893,1.75635765094934
-0.289418661692876,1.94255690980889,-0.528010102106118,0.38774608836374,-0.14266497904831,0.825419753152967,0.207679088383363,-0.568078175060201,-1.13250488137424,-0.156221251310025,2.00532556282365
-0.829518736656386,-0.570071328990221,0.725352763639541,0.441232570748724,0.63861875901472,0.520167509841569,0.316569562614006,0.110580533291314,1.31621511589668,-1.90011817808574,-1.02640369197479
-0.349989780071505,-0.176149962326975,-0.833575931935298,-1.33981222901712,-0.912663887441048,-0.703496151938725,-0.576890815138986,-0.875685417266012,-3.07798996037789,-0.288083591528371,-3.45349891031705
-0.0346359615601112,-0.770658886990827,0.258931141874389,-0.0406964748919312,-0.346212276471534,0.0197468193487538,-0.302866133850743,-1.24213412189243,0.528424788205147,-0.875160808217676,0.249949318949907
1.57364018537169,1.06330261974148,1.76903465447896,0.387068653100392,0.323769230203757,1.87550801035454,1.3674514137333,0.877107712729391,0.482233394692711,1.59861425293815,9.36863769657516
1.21368374793812,0.790342067166171,-0.0927690615983214,-1.24074887498968,0.577631562183023,1.02177189721636,0.869871025766615,-0.252863680335515,1.08973881307446,1.10202496806841,5.84692082305562
0.351663578693054,0.579599709427227,0.14858839093447,1.56606360768547,-0.264849434600513,1.46874693446597,1.26711850135613,0.316193970196898,1.79974331356889,1.34377584614674,5.90707126039889
1.38827864000909,0.876219562658579,1.49278731889273,-0.452328455137775,0.437279350865192,0.801494472142825,0.00323088645757313,0.707942154385435,1.75493528441906,1.13506572069572,5.03914408932364
1.31623310408444,0.84505708379179,1.62510455044385,1.17955617991867,2.13786156667976,1.22590836028697,-0.42064090690778,0.604467307062557,0.814607857655327,0.894385872718816,11.6431326597186
0.248478422960552,-0.186993601711088,0.12497885132689,0.841337886565225,0.098153949799379,-0.937232784262094,1.11150272250662,1.27089434369695,0.599714999556297,-0.204864668812604,4.61206084323856
-0.865516063528216,-0.601606602498248,-0.882003504845768,-1.13811449012266,-0.955589603421804,-1.28784847718262,0.769382888374005,-1.13411172633638,-0.383319977829191,-0.144018445576724,-4.42758373323483
0.86237316986418,2.67556296895175,2.02810150072826,1.41581935661312,1.14719854465885,2.00936310805441,0.87389422106515,1.13536823087087,2.20989070463375,-0.145757292236274,14.0850463584984
-1.57505934022299,-1.19470674284944,-1.18575708964954,-1.56052625919469,-0.931599356397316,-1.18188774000786,-1.74068251500743,-1.33645823437011,-0.393489854948613,-0.949404991551224,-13.7928589191502
-2.11381034416638,-1.66997562434596,-2.50712258233267,-1.83414034037928,-0.909405244727009,-0.289866656102534,-3.01366149248474,-1.06676799097173,-1.08947631317294,-1.43263364560795,-13.7928589191502
1.32816601982393,1.13549608357976,1.39007737454716,0.618889912943181,0.210264745338824,-0.0265472098808736,0.943616444092996,1.28743490216795,0.662751948484903,0.756651160186863,9.74858192994572
-1.36042089268416,-1.31227216434433,-1.37305457955755,-1.56052625919469,-2.61692801030547,-1.34546569541819,-1.65191898514883,-1.79351855357332,-1.55178681906474,-1.91549732909124,-12.9895119529953
-1.31411875018537,-1.51978042541624,-0.985154138142426,-1.56052625919469,-1.47480838868267,-1.22338693067722,-0.384831678172923,-1.27175301854658,-0.668551928612194,-1.95591913715991,-10.1784856879908
-0.119025850444682,-0.730451018558937,-0.379365828020331,-0.0406964748919312,-0.893392012168169,0.0047187319605932,-0.499322767726455,-0.628023511894954,0.528424788205147,0.235228815569201,2.07504970511071
0.43877841125684,1.06409635704864,2.0581307907458,0.618889912943181,1.31008664866801,1.31643682427788,0.243391691027282,0.380198227462063,0.415101643889358,-0.369531208460593,3.1392227437646
