"X1","X2","X3","X4","X5","X6","X7","X8","X9","X10","y"
1.68871564404141,1.43257429062331,-0.0593163374695665,0.783362104608978,1.64929808240896,1.73752508936399,0.940582278159143,0.0302965799870718,0.190535960754002,1.62304717317091,9.68527908176715
0.108138384458911,-1.05187430155215,0.0594159991794645,0.513051908729293,-1.27373337586914,0.422119519646105,-2.83384733981471,-1.34980148565993,-0.555034080058839,-1.18711473089914,-4.84110535821546
-0.975225177567612,-0.360022385132991,-0.499021959649794,-0.25556690118809,-0.612640767898605,0.0568803184979892,-0.0811780107601159,-0.928767089393195,-0.491125384670485,-0.514579961976046,-4.26368121161019
-0.126408979774314,-0.196834147051581,-1.60749657843469,-1.20647894601865,-0.227066527417278,0.788891391716065,-0.595162057399705,0.648662496380231,-1.30770832572803,0.179859253584573,-2.89973172500394
0.0750543101891175,-0.17435356607701,0.453516961012868,1.51694116750759,0.597795402869142,0.131508031937596,0.727858976814883,1.1944661880189,-0.82406641744361,0.133868873803145,5.9756692489786
-0.808773441627885,-0.899603315247879,-0.0612573309154589,0.516337979392796,0.219842761157645,1.06308521831685,0.619669560877769,0.588844178745133,0.126507871397781,-1.08197822563258,0.0872949217961554
0.00865606216207079,-0.458806992536474,-1.72385014516456,0.488073043966368,-0.0303721862864108,1.27097604094718,0.633750066633726,-0.88490616961216,-1.58529425871787,-0.888083248064284,-2.32859879596664
2.78734083512037,1.8779051099054,2.39622376339712,2.23214180266811,1.73955606178873,0.611879045992578,2.75485249870688,0.592808248483013,1.07011213274519,2.57658784489439,19.2028375201197
1.15215734847389,1.40679244642421,1.11653611188833,0.605708818836512,0.789405998878223,2.36933983285791,0.0565297840797488,1.73536529772136,1.2129032435209,0.278763914735223,11.1718409261658
0.298042242443309,-0.194958906950946,-0.444378944674825,-0.644250685814588,-0.63786545770659,-0.927167434780139,-0.444021252451424,0.984869340325914,-1.1385014823749,-0.452417295811953,-2.88483114616526
-0.430692379101626,0.307138327339604,-1.04644265595358,0.749377025594737,-0.573284460430315,-1.22143984088101,-0.494326810311415,-1.08518044968814,1.15320186387275,0.579744305705852,-0.986297400913458
0.211848692789244,0.862748365773668,1.58396942613362,1.92617379158279,0.539463795050142,-0.169159775917124,-0.0305617901352856,1.32633673885218,-0.0480668280980873,0.888240783075219,7.23386963201057
-0.218914951072393,2.51081053631424,0.129116225462518,-1.53421853578382,-0.264046602445705,1.17093444116251,-0.209946665130947,1.10526826981178,1.16101991275759,-0.653675577905763,6.8552889973104
0.937642890070016,-1.40287663174379,-1.29309182913677,0.515231087196435,0.217907805460413,-2.5834538719873,-0.244660409045799,-0.41427209676487,0.180782458203799,-0.251521448951778,-2.94600103880605
-2.01062729568755,0.526133360654244,-0.0244004300424259,0.463785736083384,0.874141337197077,0.355633711926126,0.659732549479562,0.607738253992682,0.385043284467726,0.773724452863865,4.13266278077583
-0.59488331542552,-1.22537141264691,1.84802904891023,0.213997152636167,1.69026387335293,-1.00284314182146,-2.44754310182603,-0.039547951735999,1.96157610102156,-2.34782579895994,-1.39922937417895
0.184359360198862,0.823306787657709,0.889698073551001,1.09251262261218,-0.596696593244962,0.641403660590141,0.162293783048813,1.06712849811626,0.866172813124493,0.854343622137996,8.37281970764979
0.0891943678802146,0.413852270005509,1.29117142792547,-0.0454036838607785,-1.01245660466692,0.725308187636121,0.391251369287366,0.241550680279772,0.143106301795739,0.080897761913849,3.81120100357364
-1.15837204384689,0.104192617477123,-0.217941570175801,-0.626147456950871,1.5457244146682,1.04542950196642,-1.33440857166313,-0.14809702735955,-0.129369478022591,-1.4496632640615,-2.06071466074112
0.298042242443309,-0.00612757840362707,-0.642945395344244,-0.536012754594213,-0.500255474851701,-0.0517641637262379,-0.335018391186408,-1.2323635846894,-0.342142985491319,-0.318759114897676,-3.75435944695024
0.263024195437624,0.576827984519297,1.21935921382572,1.0939216948773,-1.57267009650785,-0.856056483581903,1.54110947131236,0.34603953709598,1.51945041943893,1.62456517697424,8.23134172498578
-0.226000641682275,0.185041080646155,2.45472416761448,0.388433964324849,-0.876636864398024,0.438044358703003,-0.784198045618771,0.367422440915664,0.59329377664065,0.703630160213493,4.55011154177391
-1.85924523904951,-1.24483442964571,-1.6203782376287,-0.620254418004814,-0.634293079437388,-1.06474155665349,-0.884817209887866,-0.463021856977042,0.227177007669865,-0.243966160246094,-5.32957282884982
0.700957526480562,1.27001812064043,1.32548498597492,3.22830683141,-0.286250793410563,-0.623554281982064,1.06205507716467,2.42239553236661,1.1067437221258,0.713936934042081,11.5178917930746
-1.4279110135045,-0.581715753089297,-1.24557135284343,0.136917161122224,-0.0818787854878155,-0.403675912769069,0.8231443273944,0.95151883846177,-1.08111642619497,-1.0039007487856,-2.41656152566119
-0.989341817176389,-1.33637598351719,-0.892680339704703,-0.895127229664622,-0.877004043797113,-0.923929609001136,0.736238670063876,-0.190337248478222,0.537637460711608,0.836794459081863,-2.32722670682428
-0.162804824999334,0.0905382482151814,-0.0935525588405085,1.04044655988601,-0.760362043831661,0.266312844172042,0.2233129483697,-0.0206478535878159,0.851262484047504,0.54779213504307,2.43941400004284
-0.117120751629668,0.0139489713922921,1.18729066070185,-0.547853752898705,-0.0415087913378982,0.192258509146042,1.34784526761472,-0.265752989120452,0.883705433224933,0.260992898336947,3.87162623659339
0.699167804291628,-0.684186602468232,-1.3640734562578,-0.511289443756522,0.451853946553488,0.128688544785787,0.215114919257415,0.770619439386267,-0.602212170643913,-0.606125578318873,-1.54128660925023
0.584599614640666,1.67375761695112,0.573037673928229,1.15477599538484,0.565065022269769,0.845762208963649,0.286049557173145,1.42765603050797,0.261392186670946,0.0857725235673253,8.73692266283537
-0.278795216158664,-0.0822307326722865,-0.546778077788944,-1.41312555262558,-0.375048523528457,-0.602100076049624,-0.0320523461775746,-1.41917524303743,0.525571329782063,0.0417386350708417,-4.87252818350853
0.225807028398146,0.645881443572213,0.234767545827578,1.08949877368843,1.32549622789402,-0.452189415837898,-0.196433918602481,0.75907436309913,-0.745941424317335,-0.278080398387076,5.88009621511905
-0.835075395223661,-0.691820181503149,0.679217161749624,-0.275648586732074,-2.30472528837134,-0.472500010618762,0.0737284983231755,-0.117495434621113,0.133698706537794,-1.16858029746756,-1.09996577563589
0.815958197172015,2.15405343062541,1.15375194866858,1.67299843054428,0.380884514872394,1.88799943361974,-0.14681193549787,0.630200294046585,0.698239396542492,1.24201936918975,8.45008488999077
2.07390559034128,1.20613204361693,0.638313295217271,1.65288006805725,1.26384594286117,0.45699795414586,1.89009534281299,0.190510593137581,-0.250517191348997,1.49952621537524,13.0797754123566
-0.093047258364716,0.976779153208302,1.90991509644338,-0.855072301926697,1.43699534461624,0.315495791473133,-0.224430508159585,1.90302298536555,0.578554481063278,-0.527736466072765,6.07743665883837
-0.0733885793158819,0.481525100996127,0.406469017522231,1.02174213196636,-0.813686151558877,0.0319612860546284,0.482428501763043,1.15119973294129,0.298305222253159,0.0862607845357927,3.69832885331663
1.30088151794474,-1.61699405481018,1.43449257012156,0.370806920576044,0.00124827075159459,0.321815552110509,-0.824965925309455,0.84634990281254,1.22791776193065,0.731973866274163,7.52738778798823
-1.4279110135045,0.28896376247331,-1.00613967291977,-1.06047087015878,-0.588603509174609,-0.487186566440665,-0.875445371741503,-0.928191917791866,1.20754357564994,-0.227290412517727,-5.68255239169321
0.0269789145306223,-0.323437055426164,0.665980726109986,-0.601813136614404,-0.599605152589483,-1.07716668839371,-1.9879136673861,-1.02332141587727,1.17573737075016,0.279035396123428,-1.54849693990471
-1.97028187904477,-0.567941787844695,-0.103653600484659,0.0903824061518875,-0.768567072934485,-0.152422759427704,-1.22537480867515,-1.90610285504093,0.995304971992889,-0.839103105392988,-6.05138832793765
-1.85857153637902,-0.934707428289712,-0.465019133014195,1.82094961111613,-0.854541819537714,0.414196865180517,-2.01728976931888,0.0300359278519932,0.155276519853042,-0.673316445424259,-3.39465180549282
-1.17855469897242,1.10257454647849,-2.66909635725158,0.270582902128217,0.110924920378097,-1.34117698310944,-0.418858205224994,-2.12869039684582,0.856228666445157,-0.354635569753187,-3.76134796395373
-0.472450821737301,-0.653821284571034,-0.25964592294335,-1.26952040211244,0.317601245637654,0.863331062797515,-1.10068423510255,0.656162795645784,-0.623135988117737,-0.928682973068345,-3.8022385700021
-0.690055608981749,0.278164024405029,-0.79157699489934,-0.0424138169665705,0.325826072757542,0.451961388563884,-1.01935543299812,0.425256733761362,0.218012999901899,1.75027267855547,1.36737584550583
-1.1074532720378,0.478757088996416,1.02378075228619,0.810128228998275,-0.451138820931071,0.697076184633679,0.593469284189886,2.16336489686713,0.873986565716909,-0.124427222792472,6.16757136089324
1.60404204892235,1.70886728846883,-0.474240379585119,-0.381578821307138,1.46872769790211,-0.762046505649091,0.857931446247704,0.367924195919854,0.683861645181132,-1.06706623565319,3.9395824540208
-0.142046931664817,0.53008342273193,-0.798308196337583,1.23926491640777,0.806851790182562,0.00544251417370381,0.926879929823271,0.951650203202525,-1.82728979655499,-0.347434303821439,2.45132457952814
0.052814524182937,-1.05059214715244,-0.38422260264724,0.376505843065776,-1.57129803526151,-0.447936201784182,-2.54893811280728,-0.596443490163063,-0.417646777337438,-1.14087446237562,-6.93802418864519
-0.669101965070357,-0.905552299190873,0.354266813798759,-0.740376019008878,0.652163225186293,-0.6216728139981,-2.80639145996322,-1.19309386842138,-0.491901393902941,-1.11283361071364,-4.02116203940808
-0.64741127144798,-0.680533666438064,0.300046536221433,0.0463936276565584,1.28821642642916,-0.0692985289628987,-0.0670804546446511,0.147565318061759,1.2905543610845,1.03798600149388,3.45298322656104
0.65783619243996,0.70678401604928,0.880376732502026,-0.707162951398215,0.981555573538238,1.36894684931513,0.740699212148594,0.581017230398302,2.36767159573633,2.10740249768353,9.4529109752612
-1.25986446949394,0.542979947382065,-1.12557965951333,0.000337007598202488,-1.08802820344702,-0.553068382175466,-0.677156935602282,1.10470007824949,-0.151732292466631,-0.520507499122175,-2.60705079894178
0.687968960153845,1.02077175671072,0.691298115859157,0.639951062736,-0.0319562083114926,1.75924606741618,0.243552077125851,-1.1028898738537,-0.254550098724598,0.334124091646944,2.36586295666511
0.217907476827906,-1.08924346859133,-0.652180992433892,0.0511731384195005,-0.771641683804842,-0.533104509538714,-0.281203420360373,-0.283053383923007,1.63272715439034,-0.539030752584029,-0.649591127037457
-0.628985676711274,0.228991848928842,0.196063707863691,0.38114348469392,-0.156865431151457,-0.632182315096634,-1.52631968286891,-0.611673417485502,-0.701282446626084,-0.479989450975674,-2.32569963819601
0.904462860504295,-2.34296669512173,-1.59397553618285,-0.563172385395635,-1.13919519391973,-0.57568399497224,-0.0661429807441856,-1.05848167486607,-2.1079207635067,0.752908748019093,-6.68428366942881
0.786384499129779,1.47592305947383,1.24093979806097,-1.34627830119908,-0.45667528664496,0.0132077234662466,0.628229522354847,-0.670215964582287,0.535214315956085,0.071224918237292,3.43941381975327
-0.0698466476608966,-0.349698187779537,-1.76213006302485,0.321847555702773,-0.567931376674689,0.177948332076611,-1.58409451377267,-0.242348995983785,1.09594687315589,-0.430210447901527,-3.25336942808119
0.57856873299651,-0.775188258182368,0.562419537268387,-0.0732586630516833,-0.577558630506449,-0.0575688813835003,0.291797875462434,0.532206747046562,-0.176070425470255,0.707027202473424,1.30924719380366
1.02161632490711,-0.0385569230367638,0.823108986618975,1.44378495569237,0.424469719148805,1.00493661545358,1.7303330179864,0.0322007149693049,-0.237735227386547,-1.07345709064185,5.45239573190322
-0.113095779424039,0.0738979654322631,0.224243849147549,-0.209287922970022,0.148800522526776,1.44413133124933,1.20740345792828,0.785113931256036,-0.272564089975761,0.805126303750254,5.14202456073392
-0.226538529812209,1.06898548784274,-1.12908130878147,1.42249859149177,-0.823213212049691,0.0583816367144283,0.0503308183777384,-0.707589595285632,-0.0580525594383536,0.683274797958319,2.278482991511
-0.470565882309655,-0.777111128419198,-1.96802721328556,-1.81437565376914,-1.1476922565819,-0.0784365270798318,-1.23404667191794,-0.895322174957734,0.199645800492566,0.135058708201088,-6.14499654312023
1.8100904583211,0.344461573586362,0.426489692624769,0.198871640524819,1.46657675778374,1.01890016351899,2.12532425540397,-0.453439978072215,0.18422837052089,0.578929432949067,8.36215324743753
1.81327272879558,0.422284182402028,-0.86198269791638,-1.26676997919424,0.302248884672525,0.452177259237671,-0.312563682509598,0.62973505730467,1.47765893954824,0.593272859952027,3.35227698857033
-0.162804824999334,-0.258684121251912,1.50018666167338,-1.19184335141965,1.49154119316866,-0.721156156875587,0.0470670719066532,-0.759756704264302,0.628731449826423,-0.692192991538796,2.54016944871534
-0.472450821737301,-1.01312270941114,-0.23872233189459,-0.324332403663863,-1.72915775882083,-0.681285109432623,-1.18920793018,-2.27797711981919,-0.126118890309231,-1.25381254709711,-7.53496917016685
1.48232784786515,-0.14388242426687,1.60096214973544,-1.41702339366808,0.322212285923016,0.88026788638845,0.427251668726765,-0.417295683761724,-0.175662060558508,0.524704082535864,3.39238944955452
-1.49087403472401,-0.263678035682687,0.320614416864451,-1.05617175798376,0.693026541219986,-0.554826804181484,-0.19261185069246,0.808662986481012,-0.292463686800995,0.454631124339252,-0.707495680939308
0.463823254042387,1.18264776583072,0.479674886309182,-0.925537031226144,1.86492632792882,1.04796985301261,-0.41508328688708,-0.323192065602892,0.721900388171816,0.391950452375152,5.2347403786251
1.67916478442605,-1.16230574023042,-0.933942568595628,-0.233421526316268,0.393607828384324,1.39791141320637,-1.05886211324438,0.697264595701784,-0.121985685331586,0.15061851914059,0.918381512035187
0.916287739521249,-0.550960567930276,0.124865085944009,-0.382648364434176,0.672655279002323,0.837544608005178,-1.90903013543648,0.639596544905003,-0.530219417924934,0.171808937464843,0.840967404645829
-0.430692379101626,0.915652966385103,-1.77056115420013,0.577303356569897,-0.703408572899754,0.403385613844436,-0.224012137759089,-0.894129207448053,-0.452334178960678,-0.813729573793616,-3.60598907804243
-0.019289886613229,-0.0681023478580324,-0.283683195481025,0.332793506289774,0.934792870186408,-0.206562065678229,-0.388232676330687,-0.134372335553309,0.488825347337924,-1.76662100071824,2.31588458695128
0.315843692943456,0.36056029431796,1.43312912620931,1.51055763481558,-0.129137370534441,-0.252934569695869,-0.929668507404685,-0.114897498194652,-0.231091058966524,-1.00200207673235,1.90196989560956
-0.432017059663287,1.07578168801557,-1.71566531574343,-1.07627354435585,0.306008776260354,-1.95477885954304,0.982308725370127,-0.454632138191122,0.193184076138759,-0.0637841905585949,-1.15422867715343
-0.0592928697582722,0.989931991519184,-1.03921325931795,-0.751166411056552,-0.861167287930797,-0.0594881567789602,-1.93357037786431,-1.19572486128612,-0.0445713055658518,1.01168323212773,-2.81637440141813
0.0750543101891175,1.89476594573946,0.0941533807526166,1.52004075571828,0.8660342868322,1.08782202240357,0.259648254681118,-0.222871217204518,0.773300199400632,-0.582747584026074,6.17815423235478
1.15167233463184,-0.31427240228,-0.60666161595827,0.450943014779909,0.955748199926247,0.807761296134214,0.807045054033786,0.403935404722645,0.407452776384973,-0.0233339621680427,3.96610341625483
0.0135080310738435,-1.0893622895042,1.14741935850275,0.567170980285443,0.751461066586758,-0.359602010299047,-0.186177266811541,0.890957815538488,-1.63673272767655,-0.0978385974752405,-0.401945055540972
0.975405191550934,1.05571173556572,0.931453043276711,0.562284111029546,0.284257495818988,0.920055904316363,0.833075528298543,2.71656958682337,0.172932463571085,1.39281670999925,11.8877965629142
-0.531855330198517,-0.079077392353751,-0.766210860295275,-0.480052281858972,0.350051221134193,0.674446507474717,0.109957628164429,-2.31465787763505,-1.0292104820269,-0.245337022527276,-3.34633129918459
-1.25986446949394,-1.32370145780699,0.452450053392486,-1.84701419005094,-0.558086989716148,-1.71446459148964,0.0263951938880935,0.212735225557528,0.796807930441011,-0.17823872338768,-2.49729093051771
0.929052394687691,0.482175334396957,-0.862490235393068,-0.804508014142909,-0.0150140552996011,0.331050367025649,1.27237925144983,-1.88036227795383,1.7014666031939,0.610295695218473,2.13400095216843
-0.124400921011421,0.292736858913428,-0.148535605019337,0.932675708806946,0.180171470325868,0.796235904284928,0.268287916485699,1.82596000785048,1.25768046380658,0.700375390783502,8.1172981999736
-0.419498454304562,-1.73709871204619,-0.589640604944392,-0.0755630397941635,-0.0297266727479233,-1.57992092296544,0.493873883979669,0.840613383973223,0.390505226894953,-0.0322708226415336,-0.766332486917003
0.463823254042387,-0.817614361391685,-0.459608851934091,-1.16914495383209,-1.42508070305337,-0.930978296088378,0.579823353449188,-1.14177529803677,-0.276957191650423,-1.28806200253398,-5.05985612163549
-0.480858042932076,-1.7042707322499,-2.01683021726711,-0.199647294463943,0.74386394935341,-1.83517852100088,0.745062306383475,-1.60939687631224,0.354608619206518,0.929116165011389,-4.8957368030075
0.211848692789244,-0.948925082470237,-0.167502629318846,-0.75612197574241,1.1520602161787,0.384573108633442,0.0858587226984104,1.30593018444368,-1.65977093938932,-0.270815001275758,1.60455173119837
0.71684769679287,-0.00304470482512534,0.997152582779944,0.00164124327964577,0.395919414126328,1.10087355787199,-0.644276969564018,-0.281196965316129,1.50053880367318,-0.799892410880629,3.4165519917839
-0.662193455539599,-0.340656426247863,-0.443783455528672,-0.118099412245495,-1.95576698129363,0.383928648373784,-0.650924120480905,1.00741917270887,-0.453026522563695,-0.43741997985295,-2.58571112901287
0.539148505658766,1.19618221454198,1.95296105742877,1.73938031159702,-0.699186563072728,-0.389479708520369,0.216797698536977,-0.214467278517061,0.975169544547121,-0.202627212312884,7.58140153815949
0.699167804291628,-0.313871196478328,-0.308398424099736,0.036219540878405,0.380476308484102,0.119764357194625,0.95582169104306,0.194732880412854,-0.398443738860934,0.486723161959114,3.83407549873918
-0.0592928697582722,-0.297279149149825,-1.39364789281731,-1.80603388210251,-0.741455089235842,-0.453268437718254,0.221772866225965,-0.771745574093373,-0.480544014093556,0.474804173757535,-1.89663360053226
-1.1074532720378,-0.0224631703110139,0.116566524410739,-1.21973307793483,0.264978869604353,-0.700064124727194,-0.0954724401089423,0.143500691414509,1.3967446481676,0.747164687830199,2.01398371371193
-0.759149775662575,-0.670511080678739,0.886954236009442,-1.16601799963852,-0.541111351476173,-0.116758313175515,-0.874599419628567,-0.294433593839877,-0.291053912760204,-1.04916807144037,-3.94143374867211
1.8100904583211,0.444983788113175,1.55653168148758,-0.124477152118793,1.6085278038552,-1.14766523516472,1.06827186413938,1.58812090236606,-0.365436631667561,0.876989978910199,10.1985602619538
1.29808864004973,0.420890775007341,1.44267265170616,-1.09657390295913,-0.211310041159677,1.19424803563432,-0.438358801544451,1.29430165013614,-0.0706750265415196,1.38878526282215,6.27686134188366
0.937642890070016,0.268624756297179,0.0580857114221849,0.690640574257319,-1.08974589571291,0.783155596165135,0.922120887749136,0.450047469340326,1.25958665854603,0.297942643128043,4.4190826017621
-0.372566559142716,-0.771848417381021,0.451519696551734,0.147251285044288,-0.0746907806356129,1.31029653493057,0.817542246663644,0.720479055913167,0.319668441283833,-0.047390465869302,3.57867990153165
-0.0972844153981087,0.64765511114604,-1.6259904683814,-1.12602566864158,0.336335144119444,0.658949499050804,0.0484435142518159,1.05399058256684,-0.102388175840323,-0.697549715342439,0.282031849755447
-0.662264340886378,0.739592221148988,1.77171035371729,0.180442037762036,1.8404014013054,0.347299013104106,0.97428381446549,-0.854352265992602,-0.325892629186844,0.74020927299017,4.61616297071253
0.179772117671339,-0.0159546641583042,2.00121196016443,-0.18666123689528,0.311517163882746,0.446919259121906,0.474459069848917,1.29088788627558,1.3333033615291,0.168314644481498,8.07755653054277
-0.628985676711274,0.700485506737509,0.713569987239892,0.695923778732615,0.380969609175831,0.175318657879826,0.116077588278697,-1.63369366915458,1.12126807014585,-0.0973358654910573,3.38425303300446
-0.0592928697582722,0.433220617115583,-0.0863332841746814,-0.787792749303683,-1.6163043505928,0.526561762818985,0.763461278692877,-1.05340630803565,-0.773491690452099,-1.08151124565193,-2.20702437469525
1.56769449324815,1.59266843143036,1.07101307978351,0.757043320070605,0.835688558664468,-0.75039191449657,2.16037355406507,1.79165447126134,-0.887533747403646,1.21220968104998,9.36124532662326
-0.142046931664817,-0.479718911651017,0.211269164887937,-0.868071257292311,-1.31818388318123,-1.7078783454662,-1.00159149029576,-0.0114338332274641,1.75838392855317,0.0199146419451389,-1.59701071211179
3.15597009255199,1.48666439309717,1.33925016272427,2.18349883240905,2.01090754513979,1.44394256620944,0.747907838290921,2.93971929172437,0.260093724006294,0.74427130599969,18.1844960786215
0.715720073438648,0.866971480953065,0.593785515598587,1.41759942749001,1.76555801130161,1.8256179878293,1.83136456413905,0.35326258039389,0.79258083085698,1.54400059150349,10.8889359947434
-0.0344687066229756,0.952424698061895,-0.74208473830308,0.270253875543937,1.73938650370692,-0.697766104528791,1.14569531003939,0.915564250227897,0.167839901601238,-0.904556505980402,6.04540677232712
-0.662193455539599,-0.524026090085212,0.915421858741761,-0.260332491784739,-0.00703672529243704,-0.965255649306255,0.800965940921445,0.436774966339161,-0.117315958310632,0.0501940321190892,0.0411688391282052
-0.019289886613229,1.4256485965189,0.645307645543156,0.360027263814452,0.727732909195805,1.30775992407054,2.83435531550583,-0.399982514932525,1.8925594845333,2.36674978175972,13.8555071035147
-1.27756651019774,-2.35082764748889,-0.783352801389179,-2.64022203707304,-0.600044254906624,-1.88404396742609,-1.3906700658074,-1.10218459306869,0.457262920601068,-1.48439269775665,-14.0946156103702
-2.19102648322817,0.552848243234606,-1.0148839984286,-0.3190813038258,-0.277888421318905,-0.818802216491628,-0.944339889829513,-0.825004650308133,1.50748943967886,1.09244557706196,-2.60348032523212
0.459238573549506,-0.353293519286436,0.804714585012096,-0.748412023665918,2.20400166994638,0.657496638827817,-0.635410920568888,-0.272137363956368,0.534358065058965,-0.789659938765199,1.98837356167687
-0.208599148901322,0.0756441910349988,0.385629427014044,-1.73291449852807,-0.547425416555504,0.0989419120502655,2.23234798819576,-0.951376956688476,-3.26468417348306,0.338683860821171,-0.705433181845444
-2.10494141055543,-2.2538385759791,0.457873831526317,-2.28289040618983,-0.613871109553946,1.17330816696019,-0.978457374860207,-1.0819498868105,-1.3821745183202,-0.31509107802168,-9.16600494365293
-0.360091008341385,-1.17032437759547,0.571360216992329,1.8157031516546,0.654944243445659,1.17692985302572,-1.26850787369835,0.916187343350993,1.11163079367077,0.424167189320214,3.21187442231571
0.0218229342097163,1.14759639526812,0.94557715930133,1.51405062187568,-0.844220153115948,-0.696967202347386,0.486218690558655,0.510461846970477,0.0820151201201801,-0.0791672058552091,5.16129848451545
0.523772345965852,-1.76197838203021,0.485863391771031,-1.18813864009151,-0.164092320114446,-0.694829021202864,-0.896265176668343,-0.163723575945025,-0.576955000544185,-0.673429888336641,-0.846798010109064
1.38341007976729,0.934969584470075,-0.845866932541126,-0.400169449230628,-1.26917387767837,0.355807622707282,0.232405553637731,-0.787995993071353,-1.39181590012204,-0.21798060762307,0.814213186856953
-0.299444583285005,-0.609423440346142,-0.409843014372829,0.421742126347722,1.32354645105782,0.935869347440782,0.0299593929342446,1.33106165885348,-0.18761449167453,-0.893179705924765,1.69276535114396
-0.578178197259158,0.106394508908302,1.57300664403431,0.265388912551579,1.43344696916211,-0.948350553816391,0.218726558713108,-0.277516455460756,-0.725514799011571,1.75427302907239,3.89515213854096
-0.860519637083513,-0.287169238888893,1.58373392626659,1.1484645826066,-0.536648859080618,0.702238152033729,-0.277454075166935,0.774253901432713,1.00582060856991,0.318223024192706,4.2639564640238
0.30648898152413,0.0720118742949284,-0.694004956446163,-0.410331878658244,-1.26942046092954,0.269115434365822,-0.171772908869759,-2.57119365641493,0.666998127868362,1.46804932959573,-1.54629017560172
0.432911770870839,-0.177132476415182,0.55935061049768,1.33870240950163,1.85113000774245,0.373222456004325,-0.977845032018673,1.39049844623593,-0.534379180758909,-0.507293425525447,5.57934881579619
0.738270128331678,0.947396772394814,0.758174571173844,0.339168993021412,1.28858199078526,0.480288729416631,0.964435344003566,0.436629363246457,1.36674737327576,0.149329399715318,7.99569960092054
1.75345188704521,-0.313853846511076,0.609916990059384,0.555850297109886,0.0814032161229411,1.32148591668989,0.3214988519779,-0.394706044994772,-0.479703277619795,0.333470487290168,5.39465279107046
0.318309671232512,0.584497709644741,-0.444674676480283,0.986723565120192,-0.840684654328351,-0.531444772387105,0.231546706753943,-1.48854248047202,-0.597496838434825,-0.441965245851865,-0.912212364527189
1.03180390745308,-2.31428974267605,0.783457177673263,-1.639758978609,-1.12733678901931,1.12130117222688,-0.659541989958264,-0.461282274756132,-1.70976949321312,-0.590081218681568,-4.91515207292433
-0.549283919908445,-0.173619203907939,1.59332789383969,0.394841315461738,-0.615595280792226,-1.58119023122204,-0.211220869117791,1.64056336372047,2.03621239191236,0.79352084085986,5.40770650828499
-0.364991312883564,0.668434275742218,0.487583560358545,-0.0641222039533073,-0.558930865579555,-0.0722929672076913,-1.18994754684037,0.825679823516059,1.30427268714223,-0.223770944236593,1.18166840089332
-0.0394472547166345,1.11195593658274,0.843993830121886,0.0650732181764226,-0.055002533423198,-0.990380059036004,-0.348549851987962,-0.198900670494749,0.281784834852925,-0.870987239637372,0.0354296377541472
-0.218914951072393,1.02378940313875,0.012011386285234,-0.0848698383048413,0.762844800502369,0.493969716539112,0.157390881253739,0.492352555729349,1.81655532338648,-0.467205652788756,4.30051193330072
0.65783619243996,-0.169994373246716,0.991716094590773,1.11637746967633,-0.387965524461992,-0.113817092099545,0.369991554627972,1.62685264909528,1.04966510038195,-0.37094950610425,5.69444163351519
-0.978692817805255,-0.883276091224144,0.0737342372675772,-1.33246635435103,-1.18002902852321,-1.11762802496031,-0.0713612474733785,-2.04677420555839,-1.90277023113756,-1.51739079173064,-8.62177391406868
-1.94834308240656,0.209869118567404,-1.07975966046781,-1.21483651622561,-1.86518811822721,-1.62340005046759,-2.1663192091873,-0.870166650190932,-1.71773443243911,-1.78130197221673,-13.4888369740605
0.867659855761291,0.122288686248973,0.206559099641112,0.622411106921735,1.68901156151785,0.889701852410006,1.24303654392513,-1.05926626576198,-0.0756161365668562,0.858676277172741,5.16696454450466
-1.73888204458083,-1.53020359116611,-1.728021534932,-1.41648201848622,-2.21069381131248,-0.93636267897073,-0.940016488381214,-1.36379972533803,-1.25801982885128,-1.20770473483992,-15.4447779671689
-0.0371430241260524,1.3290614796211,-0.669152554282608,-0.417849426390885,0.662649816443784,0.317948076200333,0.20272387505863,0.304082200235973,-0.430775401478114,-1.15129096442066,1.23930413803462
0.633387225766099,-0.835163207782026,-1.32183687089179,-1.33337190708848,-0.544248399439548,-0.219845437659649,0.159284976372675,0.693928302772997,-1.83851457739961,-0.216685612883673,-4.24971110265388
-0.732726054409158,1.89077131184435,-1.06745985401693,-1.19724255166997,0.0966583710632294,0.977597472777837,-0.741484105286006,-0.855729947164107,-0.998848042088659,1.65669296029965,-2.04578658216641
-0.728812550438846,0.123605333267799,-0.106052305179987,0.460594256815777,-0.298999769710185,0.772465418955078,0.630823427176438,0.70644749906142,1.14486858392488,-0.390101647840689,3.76961077247464
-1.07424713799431,0.83354412612535,-0.644318223181387,-0.0773509934083472,-0.307313164376152,-0.507603715969356,-0.908687074689153,0.330646253087759,-0.032185499609919,-0.839879106697141,-3.87992193371599
-0.389624419736847,0.414447730923262,0.766946801693861,0.335996162935608,0.548542106344592,-1.34023936859237,1.22788820494838,0.0418736817640638,-0.136675559577853,0.723074854519348,4.41923919390668
-0.019289886613229,0.278277750170588,-1.13477029573011,-0.140700629287592,0.287602363003678,0.254428968235746,0.590127289680453,-0.192438770224055,-1.68045538763523,0.34552792419464,-0.744705612631967
-0.10813264945082,-1.47445703648995,0.0692083731274603,-0.397287146986635,-1.12724353762305,0.0541730967979567,-0.356890065011499,0.272327908317881,-0.923796447360075,-0.287887133141999,-4.72533018951759
0.234196626721584,0.24531755681311,-1.49304267985807,0.925933010507352,-0.32138628579973,0.528108799948746,0.689391965537057,0.728018083332436,0.577679931864486,0.497931165631119,3.72467350645411
-0.0698466476608966,2.49929988261697,0.881599826564439,-0.283180244926285,-0.156722840497225,1.69507360802191,-0.378572126847271,-0.253799460158398,1.51510024933704,1.89703358682397,7.11573607206761
0.867659855761291,0.0722073605915977,-0.831350219106661,-0.4873143647637,-2.01895447146592,-1.33226353270418,0.574744848637622,-1.36229968431103,-0.102529115807826,-0.0265674789664451,-4.81801867238769
-1.3892604908991,-1.25453401623347,0.69168437861303,-0.53303264280723,0.371348630761944,-1.24374895139237,-0.560745051874053,-0.211033258213137,-0.426135437874002,-0.108720965409947,-4.10056464558263
0.970048187619298,0.0244327833593928,0.491823475918503,-1.20149709663172,-0.188709479875607,-0.488667039481954,-0.465509441828801,0.578919953388222,-0.298946242488789,-0.939156605365372,-0.34397804188969
0.00492795583736329,0.110274659019655,-0.170667418424931,1.30417591160303,-0.815558161057394,0.490950015212715,-0.311517557953294,-0.241550994050132,-0.501221275815425,1.21568120702445,4.17635240167198
-0.326863880346473,-1.66645668436152,0.275378323652211,0.383409697336824,0.773714030746432,-1.19807651242886,0.565679167653639,-1.17145544115913,1.46074046862311,-0.727863352868847,-1.59106070025433
-2.16941069584695,0.0947967536158992,-0.16912292043405,-0.656080083283032,-1.38480511328872,-0.816139805983202,-0.216727795164844,0.986341867502408,-2.69536577561011,0.0607009626957329,-6.76934676100241
-0.124400921011421,0.099304265350988,-1.02190276918287,-0.715052012335235,1.15957138349648,-0.242064844105785,0.677372984804225,-0.739223784641586,0.0914125452036298,-0.884517788659537,-4.57816385811776
-0.242084474926982,-0.171165677787512,-0.952989434132809,-0.548762672838242,0.588157266432498,0.0371956373650342,0.910627440365535,0.497434235896725,0.21769174293498,-0.362403262662911,1.16604577771582
0.916287739521249,0.593320328027908,-0.049096049130484,-0.918092090415505,-0.0808019371480169,0.986407956028544,0.255261628528463,-0.442184019052657,0.289922339399127,-0.180472082319908,4.48006109946539
0.687968960153845,-1.46703383533528,-0.451807213985662,-0.600805828378795,-1.78166819848218,-0.293335464524029,-0.58220743939908,-0.631004119496315,-0.672041747753601,-0.728933327025749,-4.9561571471715
-1.0782319276992,0.65102750336863,-0.53916482017869,0.0393647913736214,1.07777232206458,-1.05842948727566,-1.56052782866699,0.313278254721653,-0.0917806479735991,-0.462438943247805,-1.80693244114829
-0.499337463774336,-0.634885461372841,-0.300389425546309,0.987694116562334,-0.0914719823647712,0.573839114673853,-0.927732408014349,-0.144954962599958,-0.0800066199188359,0.643270306274833,-1.15513603242962
-0.0235667094945016,-0.207659424497081,0.209928541110828,0.424027171899443,0.596671716320878,0.482251767751126,1.07599022722717,0.063508648956874,1.20321385231915,0.950262485293891,6.07232801960926
-0.975225177567612,-0.519283514256727,0.080082335352487,-0.666671498926077,-1.17726552031491,-1.54724381857199,-2.02965353163744,1.01245770874546,-0.833229778569069,-1.16791161813237,-7.27124943566276
-0.322176949954514,-0.066423538721647,-1.07567090504519,-0.520419089780143,-1.34460590607716,-0.161499902783569,-0.551501637030697,-0.861987428982851,-0.471621581816439,-1.12814901755893,-5.62823054921928
-0.849347900532068,-0.687337581891362,-1.22259461505732,0.0239681888633032,0.405559409878679,0.0244153010124732,-0.787219032903143,1.04890799335041,-1.28754393836015,0.588338546798218,-2.89814073802751
-0.389624419736847,0.50527490033943,0.590534450875742,-0.316683498211891,-1.97171273081368,1.14429518256858,1.13935214170182,-0.132561315434392,0.641276624295329,-1.18273503892255,1.07184709409469
-0.385432609284267,-0.745459114174682,-0.284182240589594,-0.220050247864184,-1.72300682459083,-0.948287619423243,-0.123955924410444,-1.66084458167709,0.116822828036851,-0.121653318137861,-4.7200374515885
-0.643511532288973,-0.381414444632312,1.26711056597486,0.253147594204637,-1.88970624274952,-2.02081644137357,1.67492123685082,-0.696638829863644,1.08248269016448,0.304720947588705,0.392960657611926
1.03768910293091,0.425654487794219,0.311901162119328,0.00399265447210362,-0.277578278015899,1.93512950999856,1.97077420475993,0.736751155608686,2.60566233568568,-1.40193551084935,7.63348591524603
1.3239440906524,-1.16064265796815,0.329454677633347,-0.594290716972743,0.547188413540147,0.356135942599,0.489561227575368,-0.0557741192953114,-0.218556533254926,0.889778217051162,3.45273245903945
-0.306905815050089,-0.456281184132047,0.589483913821697,0.486148597132621,-1.45776900423771,-2.37981220325517,-0.779369150125353,0.646911368948139,0.403996859547126,-0.0424062462772914,-3.02988846836681
-1.23025737333234,0.613739539995401,-1.09093499713337,-0.0192577143560655,-1.06327938054697,-0.937295593250304,-1.51450379767827,1.20202679311221,0.134437872541274,0.00999814302489122,-3.44997212656784
-0.242084474926982,-0.830587848538328,-0.925234764507755,0.941700332052705,0.342012392066161,-0.322828191659625,0.524370732430127,0.608677580593506,-0.695009608330032,-0.509605479487069,-0.59665234056835
0.0135080310738435,-0.645794772295435,-1.12432482379291,-0.193626698595339,-0.687242686667367,-0.621685307305094,0.446412084098971,0.464657910439241,-1.97425666574092,-0.509375993482027,-4.55175400192478
-0.254968415640499,0.207041999385369,-1.3143812152715,-2.29055106205237,-0.0324524330168294,-2.7043618629104,-1.39874919676891,-0.478638476123689,-1.20670213977349,-0.340162823768928,-8.81974232496093
0.184359360198862,-0.54212924405916,0.856701660924067,0.381842302632559,-0.946405750831507,-0.675895574908855,0.367359782146202,-0.26186767359143,0.388018589297318,0.59277163272183,1.70569946911199
-0.276420277753451,0.07186047328823,-0.308362856098701,0.159168755322062,-0.645595177863617,-1.52133810733978,1.41238855035377,-0.172649106299685,0.194788349748668,-0.901878111325189,-1.63104946920021
0.454033299702394,-0.335266588133536,-0.663663357168649,-0.547289682564597,0.733639455441531,-0.0221256899737656,0.861099442655328,1.05144089603846,2.00869159193569,-0.961468831400721,3.23982551221756
0.179772117671339,0.159891807762628,0.236506135426817,-1.13759737390227,-0.696447447538414,-2.36544401711778,0.0141504130317021,0.0127256203334414,-0.413407836209798,-2.16614687693564,-6.3842772252874
1.17221282288824,1.15142463439019,1.65346985891795,-0.902495568558661,0.330345254526057,1.28149650321926,1.08481236173641,-0.782124359599472,0.868510249580244,-0.947683639064773,5.93593594762178
0.834398160969784,-0.544767381375645,0.309736141555447,-0.117942857348188,-0.900105471442582,-1.00374429591353,-1.0762004836417,-1.33360907896534,0.124670216562666,1.18996456344014,-0.180034297841454
1.91433601698946,0.73773353924147,0.122857729816252,-0.403876128702979,0.990438363718298,1.27274469686009,1.08036771015323,0.531152703274128,0.420933158376752,0.0131924888240764,7.81471596413316
-0.0132909208055239,-0.0392789945864674,1.65134288263331,1.67694144187565,2.21118282591802,-0.0892706143835374,0.423771399666898,-0.704451660490741,0.718422010104419,1.04850213784882,7.08157392713753
1.59930189952034,-0.045147138086387,-0.959811855250173,0.623958148258404,0.818313046675829,-0.664752553394392,2.6483835017977,1.22013011083702,0.466313501853513,0.165046959490464,5.72449142764406
0.858285032663761,0.200168171072588,0.513595219814555,1.60828548924837,1.51393617764401,-0.274823019729113,0.00321268887680692,1.39180254691046,-0.081639522330162,-0.73125118962996,7.04215420600768
-0.0698466476608966,-0.0147590467032604,0.940158505705932,1.4560693682972,-0.182524105321006,-1.51405972891322,-1.08116923457612,0.297230393356545,-1.17225727290878,0.769193385422024,1.66675681033957
0.656861333915804,0.606476669843081,2.24801689674659,1.03459498412702,0.84462455266216,1.56652134621183,-0.111750043886555,1.05740499924538,1.55844382921561,0.241247971713241,11.839803130236
0.975405191550934,-0.165078303180833,-0.68300151808219,-1.2441346039414,-1.66767384194572,-0.907552794437418,-0.108647487143244,-1.58690882318798,-1.11373298675513,-1.23448888887717,-5.39272005197759
0.945248371868322,0.109064762836861,-0.00709150102573125,-0.130817642785987,-0.0911037797787675,-0.340690356264212,0.893468312957934,0.70106584816463,0.666915443403461,-0.340258494710963,1.64867919330185
0.178246009850499,-0.687277168390333,0.1023098686367,-1.41034169053512,-0.904135035932129,0.987928718150866,-0.200024494354701,-0.255169465156847,-0.359765516392231,-0.156234558947826,-0.210554263753998
-0.582600608610881,-1.49797186381584,1.85052654026556,-1.61321164019263,0.25066255290711,2.14014113143016,-0.929709259065477,-0.864740189261405,-0.249290331182882,0.392038423701934,-0.459069226747295
0.69196987710735,1.09948479433623,-0.696642953529362,0.986090099241824,0.804862912862939,0.805512230866088,-0.567905157266861,0.18611889101815,1.93744478507445,0.926106224583468,7.05153403840545
0.272539058976948,1.03928289226007,-0.480262249035037,-0.411816425308299,0.544855278543918,-0.191843625086381,0.855083285909567,-1.41227384336574,0.1606648238178,0.350316804840181,2.62037614536745
-0.0235667094945016,-1.37550512936085,-0.426050160193801,-1.00485862653826,1.36906624711592,0.663897266942149,0.0748250213051987,0.378350796785514,0.562293186303061,0.737656400278272,1.74890746476482
-0.0935946710359059,0.130667780113202,0.742382615214595,-1.00575608897353,0.546510524186852,-0.915779144616673,-1.23191576006462,0.771336251138223,0.161524232599655,-0.0952538632590082,0.468954981953332
1.81327272879558,0.546249352784056,0.456547368904265,0.572392314946513,0.622182002936359,0.593324927926398,0.327329251166879,0.0324506293649429,0.681498942940376,-0.748162966312374,4.21165583594377
0.0836328746689925,-1.50196158966846,-0.395670317826749,-0.651596543869342,-1.44820536083719,-0.257665404309945,-1.06108703189994,0.000140469947039978,-1.06113170996697,-0.777017788411604,-6.9600303976301
-2.19361925737173,-1.30191185007772,-0.767831852956823,-0.769659593405595,-1.18217552079422,0.260602114456351,-1.51119582738953,0.735374849978243,-0.766153505645657,-0.268491608192736,-6.28638463471961
0.602475494548838,-1.84992568922363,-1.03114038828218,-0.420145479113244,0.416842317901481,-0.429100237966099,0.680204329776988,-1.05634084734453,-0.185662834774684,-0.953721771501988,-3.69044837471973
0.700957526480562,-0.671347621807507,0.979225316686445,0.45314700605186,-1.40065613748913,0.415649231389993,-0.41214673105003,0.0424216737796859,0.350665266323519,0.238890200611265,0.670173353047931
-0.668841994978944,0.0416857355479167,0.533768790847891,0.369688469952172,0.293393336128755,-1.26774081760178,-0.430553003289173,1.46123399842226,0.419719560823806,0.0057800029500655,1.48721692811646
-0.174012205121698,-0.690959476436564,-0.977257137868893,0.676256802293728,1.27469791839604,-0.585272797448471,0.232023862658435,0.901490992870268,1.05458223281216,-0.047897544827989,3.68245961507885
1.31655867611766,0.846438256699303,-0.145505255969702,0.962200400532193,0.250379676386546,0.857842476597787,0.58358171840892,-0.227282970469489,-0.491046699818837,0.746332271935822,6.4300866009997
0.295483201515381,-1.16759218323975,1.30232292279891,-0.481629554700989,-0.275055241393726,0.581281337043917,-1.21056123156762,-0.118629193141394,-1.3797319151751,0.0722589000243889,-1.17188452773192
-1.17855469897242,0.760834155083588,1.07811493183367,1.96737958339428,0.311062904973143,-0.315845123208644,-0.510632855175316,0.906908048326874,1.04582935143271,-0.457150962363142,6.40153898685842
-1.48792976236378,-1.00251804922727,-1.09075186343975,-0.92610182598879,-1.37970993370884,-1.46593023851879,-1.71331611998615,-1.09985431605323,-2.1019017205498,0.273393608041304,-11.1986085468886
0.92150775998231,0.229435396380016,0.633686202573627,-0.535614117852574,-1.03318352796533,0.82733571323364,-0.380985776645048,1.39721201876675,-1.61790360691139,0.0194510125927942,3.39611506880855
-0.617805980233754,-0.765559945468079,-0.751852123526142,-2.29247755322215,0.263135100031918,-0.879209442320859,-0.828726273099066,-2.58316692868137,-2.15828212249125,-0.540253713253669,-9.51920819129124
0.416823536632591,0.0767254962406286,-0.852024450334951,-0.905182200825032,-0.174738480909376,-2.05261697012518,0.291818253928331,0.581554818864762,1.7133224215685,0.10550580616262,0.392062022335156
1.23242339451874,0.0471564598052722,1.33950556416407,2.01854419800454,0.212349467748728,2.29012819244324,2.3855651224411,1.09252732438588,1.15763700660331,1.54862101236306,13.8585454737534
-1.12258277469692,-0.173529316869832,-1.89124111754749,-1.19282366513525,-0.0232794203131536,-1.59558611408553,-0.330507851564103,0.107341574706018,-0.504152021493535,-1.12203633999966,-7.29342239820047
-2.19983875091708,-0.331880006493374,0.138667941945579,-0.772849121401794,-0.0562060101212076,-0.535586947946952,-0.497243015712003,0.190863755309639,-1.31118927994404,-1.24067252307871,-6.40737923363225
0.945248371868322,-0.742719623473932,-0.140138218979793,1.57271907115986,-0.64913100040392,1.31743771505767,0.57254229099497,0.33892712823618,-0.680817164937264,-0.208098267544932,4.11521061306638
2.07390559034128,0.183827726728021,-1.50327607436711,0.958998971574369,-0.482095675280162,-0.746561912721081,0.609259120125802,0.469499302773804,-0.28682753717508,-0.40017715551964,2.36220365531327
1.32669175207705,-0.443076662389882,1.3425086994232,-0.0828157590733151,-0.577313747975834,0.0671401505345166,-0.735351147786178,1.52015429168957,0.875936720199824,-1.09275026458644,5.71412093822264
1.40514787377737,1.90220124032634,2.10158593185976,1.11658249398441,2.50321132684683,1.26482505850523,-0.0725641157870205,1.82475938650093,0.626165380630856,1.08065584628441,14.5656670094678
0.602475494548838,0.981051011413081,-0.458344119909614,-0.398373784166954,0.792565847972247,-0.396249233604048,1.11741182006572,-1.11495874546884,-0.190676767509885,0.828028409589226,1.57451345254509
0.374622493921658,1.77119574994832,1.24445073215594,1.7107620828686,-0.795684221988119,0.553307630031453,0.622567062468759,3.0742553034398,0.478256595353618,0.11845909086289,9.54913305778553
-0.0132909208055239,0.122493301969624,-1.48235792061759,-0.793067769635534,-0.612100924859807,-0.714727096481301,-0.874963670520346,-0.115230001305344,-1.82112841146759,-0.20954644411099,-5.95195322844693
0.0218229342097163,-1.03212035735601,-0.986470497412967,-0.433810538052708,1.42018632460486,-0.0885759827696255,0.251304335110772,-0.854445137471257,0.945363070679211,-0.435139921298956,1.11339880859149
-0.0446947850752724,0.641740495237707,0.278392565632084,0.163314297926657,2.8256731969867,1.77122288019184,1.611426299344,0.498523026377903,2.43257577071131,1.1468588676839,11.9028935564629
0.633387225766099,0.700048446837659,0.268730214299471,0.0920773933260187,-0.272422630201158,0.526169315233173,0.484554023284786,0.204719306194193,2.64055269817798,0.973284723253372,4.26316383040856
0.687727296887133,1.22780922180678,1.04405433536915,0.882240163283756,0.97794278592866,0.381910848390149,2.28762970644085,-0.0753093245598273,0.751222139853149,0.873001103130092,8.94342832700933
-0.480858042932076,-1.03194267363574,1.39660046829524,1.68586367972973,-0.160507895620874,0.482874282289926,0.186865015650978,2.02294952054492,0.288827550670418,1.1952427920163,7.17487357955229
1.47014130498724,1.17599313300376,0.751035122480049,0.703644086325249,-0.336829127953659,0.470207403342742,1.36576251162403,-0.0973770415202903,1.00912704724415,1.41822546795397,8.71324164837537
-0.284771726253312,-0.257835309252407,0.768470052294314,-1.01628585488856,-1.35888325441596,1.1443542115469,0.301882271230993,-0.937269181355891,-0.155486473706821,-0.350711452496254,1.2242403713012
1.68508388015002,2.32534664151075,1.8325710268028,1.20028094874591,-0.262072053880437,1.6600295376517,-0.159607900507772,1.55291332082865,1.84819667130515,0.329609866919412,12.5395675800957
-0.27835536922847,-0.637154164931558,0.0468957835490918,-0.214560336855756,0.663931635874703,1.111700533541,0.00429887279352337,2.13721020089317,-0.0200060318165694,-0.338666546251914,2.61357980159043
-0.849347900532068,0.37758939281364,-0.0850478694065132,-0.594786966129833,-1.63549817200656,-0.153657862769656,-0.0699902083233353,-1.25685645144588,0.213306049911551,-1.01925558165727,-6.30912996453031
-0.964844038645305,0.594161502927394,-0.185796092455879,-0.795964999588737,-1.26659371999085,0.916583170618983,0.411850578522241,1.47692919832437,-0.47155525576978,0.655168771627999,2.12246207436509
0.442340455791456,0.784480701740963,1.31143193804942,-0.0728916984212659,0.243094161527642,-0.229703360518277,-1.05767018849404,0.654827529935012,0.540671693941993,0.787633907100319,5.42173020598639
0.584599614640666,0.836425989055774,-0.679136733130188,0.39187804188665,0.590958432672682,0.661342291360756,1.90539222918306,-0.127973203689064,1.62988596652719,1.13047339736206,6.25228776445552
-0.631673477401255,-1.18957381131373,0.881999471657117,0.832525259574011,1.59220735362391,1.84411449971738,2.28385454341106,0.511359597957091,1.45598725452062,0.757579855909745,8.88410868569777
0.432911770870839,-0.0896529846458338,2.23430254504549,1.08384781352864,-0.696748974017527,-1.96812726305827,0.682367161850989,0.261011434666365,0.763166432687871,0.406652157002817,5.52218301758849
0.0706586267640889,0.726202497896752,0.771385364403448,-0.0728612506464786,0.329429652995233,1.30007241830158,1.98866806879226,-0.737940406517621,-1.09900416112392,0.607835960155351,6.75280348896255
0.633891990103933,0.298782715923942,0.908858825834868,0.153279498606972,0.0576788633556745,0.607376781447531,-1.19685524684163,-0.875291108419576,1.79743990686769,0.583816085886106,4.06759141631015
0.959752466599264,1.63098135740195,0.784515602597136,1.42621182502392,0.37354897527724,1.23423589687256,0.216841291473019,1.78024805405863,1.33842518832587,1.06139777914077,11.7630893926018
-0.692937667327519,0.265674839822892,0.0710374051614404,-1.00580716368808,-0.600967842875262,0.813852363304653,-0.899677153977383,-0.34161220368471,-0.552139810851779,0.107851198171108,-2.06441869608308
0.44161262338767,-1.68337085083335,-1.1095715759378,-1.15879454699439,0.169934220660882,-2.22124330399656,-0.752260109901673,-1.16962184200028,-0.636691144451379,-0.253635258127454,-7.62075700961185
-0.522718291652032,-0.0133922627509126,-1.49972530749974,-0.973164764589714,-0.798083838255588,-2.14031727677546,-1.91664300907546,-1.87742811821461,0.622296379191675,-1.06044153561017,-8.72021797501658
-0.117120751629668,0.256105259959415,-0.66010827242383,-0.480747021190283,1.52686845196432,-0.16511364794331,0.45154876954021,0.840576550161903,1.43541464949593,2.02011812703621,6.0856498838586
-1.07685839462753,0.8380255217737,-0.713519419222017,0.207325937379629,-1.13413415471193,0.39996088780249,0.906563472236202,1.67365023345476,0.546488314312382,1.47288869475032,4.73108957934337
-0.892376248622262,-0.311175296559703,0.32879148961272,0.614163804370265,0.008602514015474,0.248917421565905,-1.26989002863173,-0.103068565083399,-0.15789465957152,-0.63577017816249,-0.154982934929642
1.20075874894639,1.83310163561226,2.05351681302281,0.431370779877489,0.497529634942519,0.817913594264374,2.42634049291383,0.441642419916341,1.00274306113188,2.31214856437221,14.2805806345028
0.724470158254024,0.753065975520808,1.87803378849689,1.12447969413035,-0.306897095462332,0.609638185051111,-0.37783046975995,0.487660896462729,0.597468772648053,-1.28494798711663,3.74900757288797
-0.165749535866407,-0.821756373509306,0.184862639055119,-0.743891987311113,-2.42094814732021,-1.84702393322043,0.226853590485993,-0.221209061643452,-0.805710396847693,-1.27781570553092,-6.51767068734955
0.0322784390034222,-0.430218665546911,0.23647805053909,1.09192736956172,0.530892782797508,-1.10965048065625,0.428256775082384,-0.0448810907905381,0.106951212368313,0.397075362624805,1.93673331933145
-1.4279110135045,-0.312869336704648,0.443228211455304,0.13923520537331,-2.07407966025593,0.326587729463925,-0.921529079614344,-0.798273494832557,-0.40730539075848,0.211661910269313,-4.86599849807022
0.340416776569667,1.99953149867105,-0.15450466851481,-1.21569331380579,0.82812642257775,0.434424405413421,1.59361567923391,0.0967589318576049,1.18016270374801,0.341177662775543,4.87753153488222
1.62185846961103,1.55490507618079,0.97653234173823,1.63678904603511,1.29278779960895,0.735722900703361,1.52720551749488,0.891396915964758,1.24954487093901,0.664897935700743,12.9326309893817
-0.464786584978707,0.42533995551249,0.71255306077668,-0.0718381986387992,-0.769577459596594,0.0480323382325418,0.456234454036087,-0.983438320866112,-1.19005156531772,-1.6871017213582,-4.94313917408593
0.883526324531441,1.17748003918054,0.890674163845382,-1.19834243944829,-0.0784039722596913,-0.468027574614525,1.31286340706807,1.1679329515502,0.581050141723072,-1.27401251499203,4.93416529623469
-1.32681422613015,-1.78233383127943,-1.37615683578021,-1.5344680703711,-1.37514464975645,-0.379088086324679,-0.53841387976302,-0.281477238104803,-0.452607895155217,1.07990924796125,-8.8156132075546
-1.38871498006262,-1.29408779848075,-0.557021901181684,-0.204180301022491,-0.669468715802134,-1.25718544274791,-0.0584095297513981,-0.926705023733189,-1.52792370410178,-0.456145798675736,-8.05111873530176
0.633387225766099,0.384377241391427,-1.33774748239798,-1.228236718786,0.564613975057567,-0.154631781751051,0.623539249349384,-0.830638513261632,0.168210992416445,1.33766689044566,0.281331101777449
-0.484279626467052,0.138377730206172,0.528008506953247,-0.155073449492438,0.466814809493367,0.669786325307436,0.847251562406419,-0.527728622016126,0.650089973069953,-1.17530809974167,3.82023498217446
-0.372566559142716,-1.79019559298741,-1.61118035980821,-1.13869541289164,0.187167106978545,-0.438450640069026,-1.12647622525049,-0.837868384217208,-0.721940563215009,-1.28195154668389,-7.86786744062071
-0.0918250580787556,0.213280291617965,-0.542577919828868,-0.316378778994102,-1.04075551456371,-0.818886024748846,-0.379728823364562,-0.842470771363007,0.546223575263206,-0.749227519568196,-2.35808615494107
0.0750543101891175,0.700681672692617,-0.264803169787527,0.0355688911163172,-2.90063063902717,0.394623624402368,1.05124158745594,1.26360267066009,0.521690505052261,-0.0726753902444136,2.79705947070884
0.192819006532791,-1.6759737294149,-1.35664564812413,-2.34401741968834,-0.678451873194765,-1.70134369413359,0.575592499608555,-1.20862678074966,-2.4533012047829,0.171296696644156,-9.32865934675009
-0.807259018186937,-0.203787272303096,0.679255514926872,-0.942489815544926,-0.881750802855319,0.276433864396059,-0.802971975141885,1.18873713709233,-0.62064830227443,1.15583684753982,-0.177030636854101
-0.117120751629668,-1.43903169419252,0.414003904891923,0.157374325399041,-1.56433373566078,-0.87399708260956,-1.23430099701324,-0.711234353550018,-0.877684745034105,0.755549281660399,-6.84848985950766
-1.12258277469692,-0.289889729941014,0.985373240724649,-0.0786395004842991,0.401755607837441,0.332629817569705,-0.610115705174653,-0.313599289799548,1.45603068163969,0.586957187868711,2.59387302276606
0.533402166462308,-0.448833007391761,1.16427774048768,0.60555313588145,-0.3652758475181,-0.0527384149698813,2.34249444119232,2.16736854286328,2.06928019246304,-0.542911369140293,8.97092954890866
-0.152883465894756,-0.458579069137223,0.616351440799381,0.827807305534731,-0.746815296953756,1.13746796105435,-1.11061816121849,0.505372932084804,0.209266272516571,0.528513914057,4.87918357342755
-0.859971682833602,-1.00723854042796,-2.90041534318696,-1.05569401035713,-1.1931691024573,-1.96435763983523,-1.28935901155833,-1.51132757875416,-1.87127378400552,-1.78495308702807,-15.7716443858846
0.4265932080214,1.18686980790993,1.43970207113512,-0.35399555495018,-0.744998191152201,-0.127392924233361,-0.0500216546671677,-0.340232959075391,-0.732247298315791,-0.528183288657031,0.625183870698952
-0.104427487982856,0.52724820710513,0.573878590506252,-0.192947407632802,0.982879521068678,1.11219062029511,-0.470558359241828,-0.218035764150023,0.788512212092594,-0.173387332933305,5.39736608335059
0.330971075391185,1.45682934694723,-0.400942100361879,0.131217179645673,-0.843384055760573,-0.331085149504994,0.494235611135512,-1.52835353896233,-0.0576101343495105,-1.06921059923513,-1.37991816231568
-0.458121853094176,-0.403660982042336,0.382377396547139,0.333789319515438,0.287698641525645,-1.16129252640821,0.141902698282493,-0.0276291247033191,0.403471407925654,-1.05572828983464,0.0643545860109632
0.225807028398146,-0.145625539572895,0.431628048748725,0.0863897152397463,0.532795481356015,0.364318796845577,-0.107502621900118,1.17521871730387,0.641678599113241,0.969032235164627,5.35766599506801
-0.033198394259452,-0.391998932051693,0.189143836544111,-0.134699288583641,-0.58781476788135,-0.0355614523326551,-1.21605292844221,-1.25842304492837,-1.31017879373767,0.663443942751275,-3.07184458527021
-0.0918250580787556,0.248302754815009,1.44254567292487,0.181798941863442,0.0464967688941529,0.592966847565791,-0.298943069064131,-0.391169896698873,0.467694547781919,0.5635577545617,5.96155595857416
-1.94834308240656,-1.91448725200027,-0.619394203896315,-0.67979599098251,-0.688064164495913,-0.198216557468098,-2.35198952083714,-1.13582170457436,0.0598232678836219,-0.0379074623254002,-6.00035898891071
0.57856873299651,0.124253764018051,1.7973836259919,1.09403846373292,0.237732685968065,0.700323238553473,0.0418666108243088,-0.352658746579591,-0.393691111582324,1.1512888150907,8.61602459684499
0.0179038419119221,1.36594537194567,0.630184598936961,1.58272009780295,-0.622054630004884,1.48497252141315,0.7579994246108,0.0537089050434122,-0.315068387073922,0.472825964674229,5.62084507510561
-0.736585761351688,-0.0196532993063485,-1.04800791273081,-0.40186806945291,-1.84928550432819,0.0891675094278057,0.111884155955909,-0.644638043856179,-0.187560375988694,-0.521164983456795,-2.93704475445267
1.8100904583211,1.37923562450174,2.08928121122065,0.616975181184151,1.37930898132812,1.73963140457789,-0.686325396677331,0.421688971268551,-2.31008989465308,1.71078075826943,10.6805447478072
1.8100904583211,1.87587055271009,-0.0177377882660685,0.537491798251072,-0.737089006129407,0.933194363310505,1.36866837117475,1.02861236935041,1.06668508454147,1.24376220391,10.4045061522428
-1.96761984043428,-1.64978317425031,-0.519801238706198,-0.46434816097026,0.778928696253826,0.544987684642545,-0.646228904268827,0.110937815097111,-0.433572592220535,1.57137962400938,-2.00799398890049
-0.117120751629668,0.263495276110641,-0.499707951919774,0.391828407594565,-0.35646219935511,-1.814345695224,-1.3270273305938,0.435696305843325,0.230606320374185,-1.3552808483297,-3.19198306104663
-1.41061869744995,0.185744795639758,0.357407748386309,0.00421113537178294,-1.22955452246578,-1.84975196822296,0.240736583067842,-1.14833984392709,-2.27664299245792,-1.19945789075633,-8.45304369530877
-0.765851894908774,0.199041639102684,-0.0709154726159999,0.844887930455742,0.0874331476658902,-0.152627113938558,-0.877205638649134,1.44076027299239,-0.35120089053057,1.79678673743897,3.39860611474813
-0.392973503828972,-0.883987962054757,0.0634542449641851,0.977992925192662,0.928934718465582,1.19999421492516,1.73380785665273,0.855690546300537,0.527332284155746,-0.681101808141108,4.21625080030818
-0.440938653103636,0.118017336102287,-0.565704258128097,1.34653554676302,0.801295728891218,0.137065425668607,0.29633980065041,0.328602294221784,1.04335145188201,2.02687529663554,6.87751634732937
-1.65339818613897,0.171664038168305,0.365439490499784,0.734091313699317,0.0416780582202452,-0.81604163195196,0.980197230825981,0.740725495822804,1.06998735672543,0.186618691928314,3.5852356901301
2.32544102649206,1.33962259863029,1.22046717651489,1.72236181936152,-0.407306118553685,0.806068205073975,-0.0916696681075586,0.222475107476134,0.242670324169244,2.27093720898894,9.855531437277
-2.05333004040611,-1.95960564355037,-2.07782386862091,-1.05066047977243,-1.17174161105153,-0.054817584298358,0.37138786594276,0.440920409244446,0.294819946428705,-1.17443437414343,-7.98412102660723
0.467018012925141,-0.329486307800215,-0.651234244358597,0.414411714614931,-0.00275434438397945,-0.0722062879922792,-0.576052181044305,-0.68401606205199,-2.09100441800291,-0.909591314722439,-1.62948930110218
-0.0854859305944708,0.973508379688961,0.281205220655571,0.0341470894233399,0.102949506761562,-0.911728199863342,0.770027526924859,0.209134570424265,1.56325955530225,0.496047007215949,5.36497484978159
0.677773203719315,0.0760471678438297,-0.104311852075454,-0.569811193507749,-0.546081793580734,-0.158033716598553,-0.507261156337882,0.138922469280253,-0.973474990768319,-0.890839786065004,-1.69735376361324
-1.36143493909988,-1.48777219009894,-1.48364073122221,-0.535614727512459,-0.598705186793159,-1.09402755214149,-1.05990539008635,-2.28059432357732,-1.09476004358965,-0.209675199012108,-11.2047226067639
-0.728812550438846,0.37246898199816,0.651563756178728,0.182060774924231,-1.01087389572791,1.07994668805914,0.59422709172754,-0.134377812362751,-1.23915535503892,-0.573934782119202,0.251844223141981
0.370166610124869,1.95304487973587,1.34544561565796,0.501673684537964,0.769469668000833,0.817951914247537,1.26747543278126,-0.565831116191886,0.545610155477971,-0.0357522240543079,7.83869958605751
0.0753321970628454,0.166572578476516,-0.707674108799529,-0.197612728502393,-1.47439832301753,-0.496758760145974,0.00219138961659851,0.779368801773023,-0.764724224710157,1.56457613938483,0.54123586604787
0.605651327610663,-0.36181255124307,1.12762735219351,-0.933416988771744,0.501614673416596,-0.184145031952902,0.833365500111181,0.408534361559852,-1.10367536622101,1.36671150655314,0.879032347946467
2.32544102649206,0.98420537581309,1.0452131164572,0.242011376228585,1.12002433331177,1.16024504870652,1.29122499391988,0.255654632247297,1.11378512418583,-0.381799489136594,12.7918135704911
-0.918338686713118,0.848220710185842,0.013673218161928,0.0457454795649052,-1.21415294894361,0.247544921881089,0.927127981350474,-1.58565031903168,-0.0530313235854451,1.49038573695787,2.57040963634424
-0.152883465894756,0.562116345993367,-0.797581322407989,-0.158146091838585,-1.71942088427068,-0.607751017516011,-0.253621983974605,-0.855054986703786,-0.465283080013352,0.435856044168721,-2.33398411560883
0.945248371868322,0.388624712465681,-1.22504993471556,-0.789563613489862,-0.415520950016325,-1.33586253233053,-0.497661717578221,1.21941471028697,0.683168665476861,0.318668740366027,-0.240420867797637
-1.54820331307604,-1.50797231799707,-1.32172236532836,0.184252972369847,-0.71352567724824,-0.560950508341524,-0.257322302890776,-0.00861724662150909,0.209443109554839,-1.47807679415361,-7.76740788463115
-0.218914951072393,0.305485209412756,0.453707571504172,0.653101862726147,-0.0276219718460376,1.85587704025874,0.133422976315798,0.0769582358108812,0.306742562316246,0.920406047634458,6.58331775712989
-1.03029345068658,-0.740577707125361,0.418712047963207,0.216252151603491,-1.62182520300155,-1.04774333772219,-0.267035630116474,0.850579457122468,0.0400265064662259,0.555436743005918,-1.61467624361857
-1.40291941587896,-1.6330815810379,-0.820751267245426,-1.5287165826625,-1.30026026005785,-1.30753729257287,-0.310358202909016,0.324455248532683,-1.36742138664775,-0.27350319509968,-8.36393971333691
-1.27756651019774,0.368672757631732,0.443398121042254,0.735650813807049,1.39659303480089,-0.862365820922027,0.915146361401645,0.144344742048207,-0.278418523445659,-0.664216128466886,1.69901744162811
-0.662366219088051,-0.797940186986498,-0.388519365249395,0.912895117059269,0.139494507513861,-1.08202069431696,0.398340065301181,-0.224876197183315,-2.45547995803598,-0.553353913196318,-3.95350684661844
1.48232784786515,-0.0173575167006059,-1.69119326010896,-0.151687813340813,-0.146259160926577,0.55139340410075,0.400447508077595,0.0419018565821108,1.6517073346964,0.704753866785549,5.96074487129114
1.3239440906524,0.8272443467393,0.137017543101665,0.933859456771719,-0.582442872589837,0.91964895137779,1.53106915791109,0.518850174679993,1.4821813684562,0.992562361890347,7.29578941540169
0.318309671232512,-0.790359179575271,-1.4004544861907,-0.331399409197037,-0.512331569781123,0.740169197623194,-1.72016277303127,0.712214148731737,-1.40087209659413,0.340462561798777,-4.19411402325819
1.18659161921594,2.02346833418231,0.827387917188476,0.946372883946671,0.886915840090615,1.06618986543973,1.46569273638722,0.450189559955224,0.431829662146433,2.77092960234401,14.3414799876667
0.99792243196068,0.760050670945707,1.3761600159167,1.14792393152888,0.239871478337305,0.0509272401270938,-0.346676590380558,-0.0443864877491434,-0.438386854661112,0.182882615169043,3.75469979617692
-0.197458339694644,1.47139465920372,0.663859780445766,0.210055208768108,0.494963563705054,-1.07145988220864,0.520954461954145,1.34761422054223,1.71051679634731,0.827623780310882,7.12851768491248
1.12598577571648,0.710199326298831,1.15051081824775,0.573304090288938,1.4057325800468,1.80758773673929,0.771306550698304,-1.01470828237708,1.48388288311721,0.415626834131819,9.06252428020621
-2.16941069584695,-0.540661180956216,-1.82975738037669,-3.64703743583533,-2.21652739937923,-1.29909950685826,-1.55941988265135,-1.73561657144197,-2.16960441856311,-2.66294497201236,-19.2963673935857
-1.55370912852258,-2.15337445846381,0.627462614792088,1.62464149109668,0.624719321385129,-0.357771089346191,0.119495484274055,0.663581473326551,-0.109403308569624,0.0565484960518328,0.725176775498179
-2.12426743043194,-1.32398326079852,-1.02377778515381,0.747642969826813,-0.618937789047781,-0.132896033312557,-1.53188815868144,0.308640315513685,-1.31286108598551,-0.669673652222726,-5.31429024493895
-0.808773441627885,-0.0484286266176628,0.220892750862828,-1.19306517769401,-0.970330158459298,-0.187206385577717,0.909689740284038,-0.204090741158444,0.274148849405339,-1.25593119436006,-1.301897282673
-1.17704550777464,-1.23841227691314,0.17111516295723,0.230927867542659,-1.95532146274135,-0.502540204063506,-1.43735686308216,-0.628046970277599,-1.04143867575356,0.658638037742357,-6.36694999804725
0.0706586267640889,3.64895247696761,1.01221129472151,2.15512960477567,1.78581607575827,0.239501720466453,2.14826395583025,2.11851206964329,1.88820951146159,1.51831790895579,18.4710868854624
1.31655867611766,-0.668527957427598,1.44852042131667,1.77382397950789,1.12709404418453,-0.379414161977736,0.748769208810128,-0.125996448002126,1.33499448668621,0.505161792046807,7.94994679326689
-0.104427487982856,0.203807923415676,0.0426777758320323,1.2087007064743,-0.007039459944503,0.0799997372196999,1.84893485194709,0.429700066659711,0.878362254823143,0.221832236321195,7.58082803255339
0.77620744646317,0.861911680126167,0.344031152788668,0.00503728943282183,0.447678331601302,-0.0348081695183118,0.42806719737538,0.162000741820513,-1.96617659407348,-0.278324256913862,2.30248543978315
0.57856873299651,2.3854999897999,0.309937174502741,1.09367527484392,0.591681769458536,0.861999237407838,1.51414352223205,1.42628570241879,0.625957748587717,1.71973983179668,13.0312014420269
-0.28709325613586,1.23506723686996,0.453350863288552,1.3768880222843,-0.0573416229546272,-0.452973055725614,0.38118993031908,0.382301421204241,1.13621231817398,1.26868043697294,4.69645009631102
0.295483201515381,-0.580179834475341,1.11163330510809,1.34828428013852,2.34443593197558,0.716011134105232,0.208999759349572,0.968274518327966,1.41620251781555,-0.1650444863507,12.0774203207765
0.759378646150893,0.532930734804718,0.078568045483377,-1.4776829723531,-0.386781905491666,0.248176593619577,0.882975645633014,-1.00228535375289,1.34497060457872,-1.23357978598648,2.08107699791058
2.07390559034128,0.380378729112625,0.449960695361641,-1.30454075364604,0.213972620369518,-0.360440567377748,1.07160281623762,-0.092588764041942,-1.08709094213169,0.994530290230279,1.15833706454007
-0.662193455539599,1.50836535137029,0.893449907792881,0.522552760072023,0.0421481507797059,0.613747137181883,1.36735881726878,-0.794987220933336,-0.599577249487205,-0.889259751337534,3.60702943721819
-0.849347900532068,-0.154382839986707,-1.06974100700335,-3.20560803667231,-0.0618466712877829,0.117213861628219,-1.04008408075771,-1.01990355683991,-1.6850222635421,-0.939516498546287,-8.74149909177081
-0.508166496119736,-1.19092800644978,0.46061937788758,0.343693414405212,-0.507660612332009,0.684490719551486,-0.915194997220322,-0.063559397284652,-1.22990176639079,0.0520785373100983,-0.983720894261936
0.0413499576355727,0.0893713007798545,-1.0967136408339,-0.711854638956046,-0.919574434123156,-0.426882481392333,-0.176882760129739,1.39361691528421,0.324659607116152,-0.313060091355796,-0.0965676854322068
2.22242311827622,1.81908762940939,2.02133247140626,0.594265799446552,1.25202011547938,1.22204391828274,0.482970704606449,0.891911356450704,0.787170191485185,-0.571572991874031,12.1716738897715
0.413754767999369,-0.186734415486253,-0.552624866442456,0.229188469826547,-0.425031442714793,0.0190470615380338,-0.121535178987783,-0.873550696240156,0.621637584180339,0.984999451574288,0.619658092983795
0.937642890070016,1.37973206939303,-0.438530312220022,-1.88272033612612,1.02478734682683,-0.233851627292901,-0.324950437998579,0.13732938798709,1.81488198381202,0.712951663817059,1.62409282988439
-2.10494141055543,-1.71699457743005,-1.10549089759328,-1.31767995158691,-1.10971332104446,-0.653411518690364,-0.372969500745202,-0.78674176155628,-1.25792686129331,-1.92053580905732,-11.7542632838298
-1.23387669926033,-1.19009113695849,-2.34730335474761,-1.36265560034828,0.985380048330573,-0.506203663505712,-0.657021195192245,0.26954641304595,-0.680076103203154,-0.221963606255386,-3.8875491815246
-0.019289886613229,0.123826960348525,-0.0462176998417904,-0.485033540988804,-0.752849380220385,-0.619268313504307,-0.574716510507953,0.115861027473344,1.9325933444538,0.22892572654879,0.263863545256535
-0.242084474926982,0.521398502015227,0.148618934461644,0.0139416962355096,0.404854152849897,0.28734277720111,1.72318220689134,0.190576939993193,-0.74835790478592,0.448499789046825,2.41849622807934
-0.679827074660944,-0.490557444389431,-0.624453192621542,-0.680826019920812,0.23360551371373,-1.00422202364571,-1.06728767817495,0.864557227217179,-1.93878033411945,-0.948426065832179,-8.03566486408418
1.03699874300336,0.0403113786196069,-0.575984508843912,0.375641342750426,-1.4653625626068,1.23618577338004,2.01799933826877,0.165211005087254,-0.359441629335178,-0.282329048646646,3.8606430102693
0.867659855761291,0.236028916159862,-0.300583496562012,0.97538194014258,1.04267592343018,1.3427480992506,0.430688846738183,0.33160489978737,0.336668427989869,-0.285931720497511,5.14308118086883
-0.488212436173405,-0.00511189740305873,1.07429755555494,-0.889853532640389,-0.177479913026788,0.205228871229273,-0.779032042887377,0.0677493007797617,-0.424639286221077,-0.0734722048644978,-3.25090922758862
1.51741514541418,0.572863932490118,-0.298962570524688,-0.77635512643901,0.808490346302204,0.268217167435608,1.17051463461885,-0.635811810363581,0.410602663917892,0.255745847615001,4.1475863322949
-0.0235667094945016,0.640901749649611,-1.00824851629222,-0.564346949775761,0.910266698911252,1.45748200871124,0.417158178080878,-0.747886226077203,-0.927613030272504,0.78256818927258,2.52827461052972
0.262206829472309,-0.58977834717774,-0.341006293093002,-0.268748822345636,0.337165004831592,-0.358745858469312,-0.301503593747235,-0.696825778239387,0.682620613481099,1.33614130371721,0.665923397722012
0.536649153404715,-0.286766329530008,-0.406157410406731,0.169092731725019,1.02805201432612,1.61008196680031,-0.154662466607981,0.745416057725189,0.171845095734576,0.610780251180648,6.65107284385224
0.494545479477143,1.05528151518863,0.977443651621478,0.613509741897835,0.400420155072315,0.180382059168443,0.670652852322799,0.291816427106764,0.283731051181898,0.0738628390009713,4.67186059616909
0.413754767999369,1.32649635632679,0.417348619247091,-0.578476449200448,0.367587921614875,-0.290947610704087,0.645826660004235,0.771378240992134,-0.0769293040817701,0.20920768847238,3.53569323293097
1.62185846961103,0.96041735142492,2.42023947376735,-0.275534883350688,-0.899961636847141,0.423141920389958,0.422801646127168,-0.0350348389910645,0.811101336336287,1.21913614034895,6.76169567423114
0.0776069691337025,-0.506711803308218,-1.04178762225809,-1.0317164990109,0.399735060963608,0.122616927582456,-0.604166461856083,-0.618363983098761,0.0152051358469023,0.77017623194434,-2.98506804421656
0.0269789145306223,-0.272692468603262,0.639914253810466,-1.03597705843185,0.0641019798325263,0.309701331967413,-0.59788955178473,0.0532133423644519,-0.401507988140271,-0.892500259617403,-0.0818247047249268
-0.121377220586646,0.325822831471185,-0.677506898672179,-0.195072759289553,0.726765276388076,0.232391177792635,-0.347476950781011,-0.898882623478892,-0.0494204296737973,1.55385958701502,1.5407392768007
-0.472707227746403,0.635926157661901,-0.453632956372351,0.104906439090275,0.125057601562818,-0.641556071632587,-1.5420730339026,0.0842645022643893,1.09880651310358,-0.150126684742444,0.34021000097913
2.78734083512037,1.25133114028487,0.362810288705297,0.580569780281402,-0.589118662991185,-0.145593372506732,1.40018489309408,-0.191809728769774,-0.756865646846101,-0.157952111994301,4.9389986547696
-0.737468015843561,0.53103555198553,-1.14502580722607,-1.37367594165344,-0.842317868128293,-1.35164366714707,-0.498991406287184,-0.735967055052917,0.595092532080125,1.51047599406799,-2.71604053216396
-0.242084474926982,-0.140787228844911,0.120072275120784,2.55019075118209,-0.187012280714166,1.05483011283722,-0.780634266322294,1.51156781808756,0.337348252881383,1.54291286505592,8.47752549579761
-0.12096295490787,1.45235192891715,1.70262759252886,0.306033846405502,-0.66662520908251,0.736613391248962,-0.563927139194088,0.0905138725275741,0.757402489780505,0.11412745794532,5.42937303026912
2.55668307013658,0.671556193272816,0.67655881570456,1.112050047333,-0.452643189434362,1.62220036435646,0.713557754768451,1.20479987742626,0.215078911242375,1.1974022259329,10.4090166487608
0.936767754507566,0.4061752036644,-0.819863374805721,-0.317649773687853,0.484106706370189,-0.23295618518237,0.98715561802089,-0.554137215404964,-1.45257051511133,1.12343758509889,2.52372998044419
-1.07552073148143,1.02875347878406,0.929166763905659,-0.0209896068293799,1.31345121611097,-0.356184382468394,0.530832802046807,0.532422567723077,1.7657904213177,1.39596916515142,5.81689473393327
-0.358467822740871,-0.0744023613544719,0.60666194491904,-0.556961236491405,1.23158591003806,-0.478469915537766,-0.462346214644534,1.29670979135457,1.00890195139056,0.702194801156536,5.01365170340553
0.295483201515381,1.13304564113926,-0.466119747195424,0.291525824128535,-1.17117834643351,-1.12734416234676,1.0676210153756,-0.302757076839644,0.533539822152258,0.608964632635798,1.82549697430344
0.298042242443309,0.376941705385486,1.08010693445754,1.47840076230327,0.392215700619187,-0.0385735155761613,2.09557518442487,0.872082540619181,0.463982106846053,1.78790877390116,9.4273856588426
-0.0698466476608966,-0.190982089163913,0.364065067156909,0.425306620092783,-1.33155971590803,-0.41234236108553,-0.697488686657899,-1.65490773423136,-1.11561246707264,-0.254406997575246,-3.44762619719738
-0.360091008341385,1.70639627400566,2.66712722297548,2.70620684411951,2.18173568201213,0.277129699826047,0.838582182798295,1.03237357804145,1.20621036391197,0.980393973762979,13.149495497885
-0.676646083437023,-0.766084081959211,-0.192015796328675,-0.499149318851251,1.86623141590254,0.515438030388822,-0.488419772600646,-0.215279270531284,0.329970661513726,-0.694378434256723,3.24173214202715
-1.12186193427402,0.289282247606385,-2.41292232342843,0.971915983896806,0.0237891998084807,-0.545024156691834,0.582103750060247,1.151434024865,0.258970587606797,0.128253749205814,-0.98089080046188
0.665013236094716,-0.106182926191476,0.239930248231583,-1.21521629151869,0.328954862684267,-0.864770445802568,-0.551266700767425,-0.424678392062782,0.567113217144222,0.312287290502756,0.14945631210958
0.0776069691337025,-0.244426569310395,-0.554758987069354,0.903303169983567,0.232851805860762,1.26620789743833,-0.014296914556256,1.05247884745738,0.544065109943666,-0.622795436107515,4.12722609319445
0.315843692943456,0.19236503911866,-0.903157088645851,-0.740211057976058,0.742920171037701,-0.806227777000729,0.0272483066952894,-1.14419794368829,-0.469779619974186,-0.145743224433379,-0.833065991002396
0.00865606216207079,-1.32144143147962,0.316349777678805,-0.823748940736385,0.88321768692145,-0.592694170506294,-0.693628402993013,0.309810385142733,1.24561803015172,-0.0023956342344536,0.161792449101912
-0.578178197259158,-0.630387183706377,-1.81690206574328,-1.55999245124152,0.663409465837161,-0.327052443522847,0.641532878593155,-0.765810512054319,-1.00961374645466,-1.62891799195128,-6.54065781204412
-0.226538529812209,-1.4854952156638,-1.58183523592921,0.259812635297585,1.58104352218547,0.21332235765882,0.56525798055605,-1.72670595320601,-0.0650525113000188,-0.0745688393765196,-0.591282848388376
1.17221282288824,0.918357634985892,0.590929744809675,1.04895576685464,0.735482277412103,1.71983431470988,-0.938473199795763,0.0897535809495493,-2.44561679593658,0.296140896974487,4.19489754125829
0.802859260494241,0.587957132423945,-1.2860984127519,-0.773410976091851,1.13393551563383,0.58850995470488,-0.412833996717064,0.38651139851949,2.65326242356381,0.181862055595601,3.94531705678642
-0.736486812502384,-1.20445329098727,-0.5535107645032,-0.686192470196428,-0.228337133630686,-0.211898629046254,-0.667212166537091,-1.66255111754383,-1.38958794441406,-1.99677201311086,-8.59698472576915
-0.104427487982856,-0.378533165973065,0.473918280258563,-1.07974618166526,-1.40865188905806,-1.29917149296105,-0.229156548083196,1.27746976793282,-1.04177898879638,-0.443351061774459,-0.916986988231933
-1.65339818613897,-0.919357765388015,-0.83747153818448,-2.44398050348842,0.230593804887739,-1.59104075605112,-2.71356093909736,-1.24496298005452,-1.09809453957694,-1.80936706525524,-13.9888340849915
0.0218229342097163,-0.352830010196573,-0.505136573602808,1.52483987506581,0.228057397225553,0.588917596158047,-2.4749462815405,-0.356598756235003,0.715407323236597,0.964471200155128,0.0233644699922686
-0.860519637083513,-0.254815116275309,-1.29197039661765,0.370189511769635,0.354280060307083,0.196489708779047,-2.1688660169827,-0.262157097393867,0.484615570026537,0.142414824033814,-3.12695542255056
0.211734104287396,0.239947677336058,-0.725702461535791,0.0991817595237043,-1.51603499711298,-0.724700062183764,-0.141724753339975,0.0161219171999083,-1.15558134481418,-1.8816005114695,-4.35925288978696
-0.808773441627885,-0.130427953590886,-1.48518256777162,-1.43592659712996,0.50198072296706,0.747258500667097,-0.39293411408376,-1.19968876346728,-0.729706791006485,-1.14081956973198,-5.40393107023412
0.700957526480562,-1.6072130990969,0.774357329985853,0.986225610130385,0.2899736170456,1.7019709373791,1.40259488804972,-0.369346361891251,1.03950586621134,-0.0547494621406789,4.86596529465711
0.71684769679287,0.605618548781507,-0.380489187366566,0.265060529754014,-0.62759507713159,0.702496335209897,0.106025914490384,-0.459427301506088,-0.559886735020435,-0.66414905666302,1.61248630716964
-0.662366219088051,0.938106561008771,0.780549703025575,0.152155878553917,0.158578055127285,0.494774341633667,1.19421482104041,-0.241377474437981,0.991805163901345,-0.981720109658668,1.66713863398623
0.211734104287396,0.618363740818569,0.819563102822484,0.102555490329076,0.553594538614339,-0.34127357281507,0.239131425085054,-0.0570030610738497,1.13280256761553,-0.0111984059324517,4.50011076623719
-2.16941069584695,-1.66080527062175,-1.22456051301398,-0.777489269161256,-0.0970034212124353,-0.833510326287511,-1.28381930450447,-0.772164917424985,-1.25908082116506,0.412181169567018,-9.32442059072887
0.665013236094716,-0.140924589171871,-0.772731752912079,-0.513836384787827,-0.596592720924236,-1.03656310159607,0.067484534625742,1.16561176433699,-0.52498307674526,-0.267447493844066,-1.42128853668012
0.225807028398146,0.585835180499597,-0.541947574116543,0.553509952151614,-0.691980067049832,0.520154504653149,0.153975053769195,1.02953957224458,-0.34884328844257,0.334400794700677,3.36315213700787
-1.31125620469864,-0.208395243371376,-0.42836094549181,0.789987892386744,-0.615692474947431,-1.46386592918061,0.379554586378678,-1.07814303116189,-0.950874365176846,-1.15894157027565,-5.30903862370978
0.49333560186841,1.20623385854001,-0.115262779294793,-0.866912486320763,0.564397781616728,1.81036498778328,-0.202432148776036,1.14799608786554,1.01239547514224,-0.393590077855642,4.76362370927639
1.24404734799323,0.991135334694017,0.0986002691811035,0.237725402587733,0.355122179838826,0.640135012198828,-0.206549438622961,-0.201420234237192,-0.132274547640753,0.875547580905632,4.93750252783985
1.06272401373912,-0.171528753339443,1.13841632529742,-0.294153245979176,0.497065657162133,-0.77366130447525,-0.0674369832236297,0.960495580229232,-1.53054340061294,0.746319414339068,1.9956829796945
-1.07552073148143,-0.0848330614094622,0.269352077931149,0.132155471539969,1.05676972934524,0.387080114593704,-0.487313865584127,-0.642524771872621,2.2652954845141,1.48184403022872,4.61786760858879
1.09648855812161,1.45110767555849,0.0938671104632684,1.26029026689015,-0.750477590815705,0.964396112339094,0.673849729185253,0.47568954382478,0.875089149949523,1.17477575966753,7.32177993898764
3.15597009255199,2.89556843128732,1.30358337038896,1.82946939291678,0.761744706192408,1.26883194643578,1.46257654594433,0.746393996670576,0.662237758341551,1.62031933790366,17.508042091311
0.105419903091898,-0.217273965968799,-0.696430712987717,-2.46785264248575,-1.41401386847299,-1.03250756709871,-0.41369408286287,0.176547319324722,-0.471027294476253,-0.00737590987622128,-5.36198526671429
0.557702626997091,-0.327379631430992,1.22544274171058,-0.40118441396245,-0.217460704498698,0.780023750043419,0.401433402465836,-0.389188946553653,0.108688159051212,-0.566590409274357,3.74845292414518
-0.470565882309655,0.245338401241534,-0.0620169955905684,0.21744058744408,0.868884971628365,0.0131585053000518,0.0437132591632083,0.0501665366929678,-0.544889830871077,0.358002431302401,1.9580821173892
0.642843460481423,0.0638351053560087,0.101048101513092,2.33007901622161,0.0708617605963547,0.837942086708089,1.52819588503761,1.09144650447565,0.553505984372216,1.19594687626777,7.64800446565371
-0.356989169654896,-0.0778659440450499,0.636123705445071,0.307276697887601,0.694598231820815,1.87199994472383,-1.62277053738571,0.0582265072654278,0.735710946198872,0.710829505645192,5.03541023902575
0.340416776569667,0.292889301357259,1.08657064452081,0.227948644098376,-0.104740412678827,0.850084265599572,1.32021219535026,0.086748987221788,1.24443213940888,1.17791574574846,7.89754506489148
-1.36143493909988,0.816088646444193,-0.741401918666065,0.138001420401255,0.1695575205184,2.07527835377373,-0.0486575904058539,-0.781064869755976,-0.446284137019492,-0.0831346014358474,-0.225271522776297
1.22839029493333,0.425682627397117,0.46859362692344,0.276106306230118,1.17256458222008,-0.555229555430844,1.34374095564099,0.96985103499689,0.982591528284465,1.37884393181249,8.75302116055315
-1.62165044727082,1.02871814899088,-1.49470826562301,-0.541403779217936,-0.0582921531988993,-1.27916240009031,0.650981520834864,-1.188832967176,0.164568225607543,-1.2353516171094,-3.7415319551573
-0.60391971329412,-1.21987410179754,-1.19197123909105,-1.24261116515808,-1.76123312383613,-1.14431842358046,-1.43601683788683,-1.47761541531924,-1.41654501092301,-0.351632368315704,-10.1565409624553
0.0712532520210853,1.09254846395744,-0.968115823353746,1.55469513780685,0.433448312626301,1.22337111609065,1.1932098568244,2.28409324628513,2.51367667627545,0.484003351127309,11.2634417381186
0.272539058976948,-1.11004086839138,-0.780158139337931,0.147749544540415,1.6761196365625,0.825288752251497,1.56566474630794,-0.539509749925703,0.0448826347574066,0.118234253999174,2.46639806191834
-0.690055608981749,-0.515364746108538,-0.0884352372591519,0.598569344917935,-0.849886171694605,-0.464212389315656,0.637357207449557,1.6485873764389,0.255416464109066,-0.783561760118688,0.192043283802653
0.777281806931535,2.37456906188314,0.915314251180379,0.375143630752173,0.66535011228437,1.99345743857794,2.45844463676635,1.95785086909782,3.55473276082544,0.62391465565957,16.6020037307992
-2.19102648322817,-0.70367224588018,-1.60615821020671,-1.79954008230169,1.23413467811241,-0.687883532236521,0.383437294409574,0.814469100102277,-0.511023826472134,-0.388237874754288,-6.49197120988942
0.113368949657225,1.25799062328339,1.91563736044408,0.698500268417954,0.0556278416378895,-0.301025128854843,0.277325883786753,1.61531034975567,-0.223063982124423,0.260749063561797,9.85061895338763
-0.142046931664817,-0.154981162888879,-0.892292170736776,1.03437138214984,-2.5928759774874,0.279192391847394,-1.21950639350434,0.0414400151053889,-0.740660078943064,-0.360633938829248,-1.67544878618112
0.687968960153845,0.531735820986972,0.0913700590659983,0.600941942854708,0.67939095471863,-0.606179535328894,0.533015811062408,-0.434602396790924,1.43347483476776,0.396174344462838,6.43722793159071
1.51741514541418,2.2201599364455,-0.0179845576817701,0.435786112078804,0.356765061754356,1.0076658589547,0.953997975156968,0.139107945408405,0.998080635879557,2.33227361858108,12.7145560984631
0.459238573549506,0.68077630882438,0.740861241750526,0.908603394552122,0.0143336576214672,0.108064897430917,1.05574386599807,1.13657604673574,1.33732942951812,1.47280504175667,10.026590721713
0.00492795583736329,-1.55101040668954,1.1988380134174,-0.712055531342118,-1.42008811996268,-0.781536836871764,0.142032318145605,0.851633479817527,-0.210338153558942,0.157418939480732,-2.41103136635292
1.81327272879558,0.429943053595682,0.855141592426892,0.171568535603961,1.1804109513144,-0.0729134100436166,2.2385981409068,0.345313433554726,0.69799896540964,2.09188135980192,9.48395036818514
-0.545122325456314,1.12479100815748,-1.38607921130892,-0.349713557285549,-0.156207399983144,0.598500433370199,1.05356982125893,1.67687198486914,0.259760091515792,0.331824248579488,1.64101550605402
0.255948728412364,0.0404203212253605,-0.704499415018618,-0.00535373241486264,-0.874400311710203,-1.27811624823427,-0.314064738005322,0.623007981743895,-0.351123181332826,-0.379156092423532,-2.47894890006063
-0.159546908707109,-0.325727945790153,-0.391381023998531,0.0315429144291201,0.928608229704223,-0.491766600881609,1.56909553867608,1.69433618606999,-0.111074382256246,-0.915846941000667,0.884271179683988
-0.208599148901322,1.0656820338804,0.825164592449527,-0.0955500108736033,0.96450390976684,1.13746026171194,0.191011625076229,-0.29702664289549,1.78743202053259,0.402220442180294,7.13050445276234
0.65783619243996,0.573110279843293,0.358811098753636,-0.454970067561477,0.00203569036447221,0.359567659966212,0.435626427602939,-0.0033037396475846,-0.400775886259538,-0.636925179422334,3.86160116158762
-0.989364144894052,0.252733695594983,0.267917221366653,0.0533167007095499,0.486659088076818,-0.313501211134415,0.545326057092551,-0.84507174331176,0.964550919300383,1.27405149735697,2.12476788863052
-2.12426743043194,-0.602231086559037,-1.45705228371546,-1.31571481854487,-2.36840213983081,-2.66569975379909,-2.40221684025041,-1.53248787211019,-2.86588415880694,-0.661405142322791,-16.0166658815158
1.10616732069985,0.354072542571968,0.563215436182608,0.803891143326141,0.072529848769648,0.505889035562005,2.71501650705878,0.942233298474189,0.289726839338934,0.220007701211946,8.97334143759028
-0.276420277753451,-0.579819554343518,0.137123089695901,0.1343410765808,-0.831200113428775,-0.391269633451438,-0.163854877758728,1.6110845792432,-0.153027968998222,0.846612204822428,1.56067496595011
-0.0733885793158819,-1.14514964082322,-0.891152389494237,-0.00702929623557486,-0.458233261087573,-0.938506224982739,-0.423730962061321,-0.103387985547208,-1.11242019659142,-1.40353140676218,-7.34211802457384
0.454033299702394,-0.335785814067076,0.397769332605193,0.177318079734579,0.848873196280215,0.966861072284381,-0.427051081639777,-0.196925840329489,-0.310152876723775,-0.144676707669485,0.856486641173797
-1.1074532720378,-0.0818731206887515,-0.470708851006435,1.39107671792016,0.410103363741851,-1.0549988227578,0.424673189572583,0.345936321411998,1.22359113628045,-0.232029141068184,0.767970019737107
-1.52562663228492,0.0621617744740106,1.52626980361647,0.0656284986454849,-0.599394666955703,-0.227799390479157,-1.05474959185094,0.68666940138709,-1.18001784669431,-0.0700892720890665,-1.82500386219884
-1.78338269186259,-1.25188164969345,-0.665513060730989,-1.99358080176944,0.101167253016415,-0.90636284326543,-0.757449219204006,-0.158833868915691,-0.662844333287242,-1.21446166475405,-10.0797715576539
0.0322784390034222,-1.4914117006073,-0.15194629254243,-0.552117347455505,-0.74431309765626,-0.7971476780865,-0.626745069128402,-0.72402755960723,0.12572825843778,-0.422631161191714,-4.53825140854254
-0.0972844153981087,0.911665201324586,2.81180248929319,1.05382379649947,1.0797509462556,2.54977062083864,0.868067247822667,0.360587454084214,1.18263433262537,0.0540340735775464,11.3727486446178
-0.981668026938682,-0.719647356627041,-0.83365616481389,0.634273579813379,1.23215381644322,0.0689373454628879,-0.365568951723246,1.28041641829169,0.609971183745316,0.234938731433111,3.06502544022034
-0.106773465810786,-0.902893722309797,-0.570814864404889,0.241246525818236,-2.59345746451116,-0.778152616528101,1.02546848254027,-0.0920283671706504,0.790004885659414,-1.30224022778175,-4.48665441181603
0.57856873299651,1.46139907960896,-0.297380727651587,0.373668770733404,0.164028707784648,-0.828404293241694,0.25247566036407,0.191027490212303,0.0628604789897974,-0.955953685920737,4.28778134597473
-0.430692379101626,-0.723361819529174,1.05931799549146,-1.80435742521708,0.415555124378865,-0.661244043150321,-0.183517888702723,-2.31400110280192,-0.292620379418122,-1.38760849090184,-3.64405699084081
-0.0698466476608966,-0.395986120601333,0.994422726695137,1.30901266895761,1.20318665563611,0.192944288754689,-0.0297059400556225,0.984585785359326,-0.139811785236257,-0.288710603246606,4.49737615275972
0.00865606216207079,0.509232002745689,0.92726143911786,-0.409832789922146,-0.76528948925925,-1.57501181082105,1.31769133386477,1.39640749892898,-1.92177721121149,0.407664774571152,1.94464518169387
-1.07552073148143,-1.72676704846959,0.280076963878317,-0.871669202615251,-1.46663723364437,-1.87323271568309,-0.886728659602337,-0.534191314693464,-0.484486782754934,-0.987896178038085,-8.12590743698009
-0.582600608610881,-0.435684070830039,-0.490775341848645,-1.43205078687061,0.217795917817342,0.708120584916375,0.0440552317298004,0.637667237429462,-0.318033158924586,0.0491146459198555,-0.611489939878848
1.02161632490711,1.0638324835323,1.39582293467254,-0.97894186020531,-0.936649872874496,1.44802242500279,1.80720969590241,1.38003193475014,0.138140041328795,0.559283903089346,9.094812431813
-0.306905815050089,-0.655601071098257,-0.563825221966985,-0.0375502269094366,-0.688391032874347,-0.681558617136478,0.510476990001813,-0.493286642614823,-1.78520820693931,-0.543250212305056,-5.21597469384194
-0.345234477927047,-0.247031507986358,0.319426620402257,-0.0823689139604438,-0.232358211562437,-1.45018452245793,-0.77627395845554,-1.15947761309594,0.0944179158038154,-0.457577213629538,-2.29859573570124
0.57071230015733,-1.03403683533904,1.9485799604262,1.25639600116988,-0.638256714918841,1.43216679461676,0.373951789728625,-0.0517845013083809,2.12477894341414,0.0226337608227331,5.90209402103805
0.30648898152413,0.507476963241421,0.00847040813269498,-0.450007185753366,0.797422784994819,-0.666795449522158,-0.227983891824284,0.428630363345878,1.64903781789855,-1.24038646556187,0.843672315795188
-0.385432609284267,-1.50159377061843,-0.0267891639343769,-0.921659771574122,-1.15382415835836,-0.82934110623838,-0.51194429671462,-0.883518018149208,-0.315147303484826,-1.30578347456693,-5.37167891663562
0.413754767999369,0.684397704831422,0.729271839578366,0.871247974048932,-0.941657928148966,1.87226126181575,-0.653184884418216,1.64054475506386,-0.262655030084749,-0.0536106763728144,6.67026687149784
0.217527773522836,-1.52732374559728,0.37861173408097,0.932288439590104,0.790417698877541,0.291467087275737,0.430139892655545,1.80119123651069,2.12811403874823,0.616901903041831,6.19260332172215
-1.97028187904477,-1.62769490665329,-1.28320286434097,-0.103746958880791,-1.46714745554086,-0.988755500356806,-0.273026708922704,-1.46218092968719,0.647780889388106,-1.17449555585596,-7.99818621585091
-0.376426805190789,0.644361503084106,1.1098794622154,-0.754726426074106,0.0506948460285592,0.0439486074755606,0.755857515344075,0.030560115061923,-1.60609857452726,0.854538505692913,1.37011115625209
-1.1334328928442,0.576603832688478,0.701251898949071,0.239627589739747,1.07886385460301,0.357046582174913,-0.706600381575302,-0.555641272577192,0.0377361227177161,-0.0211372243366868,1.21077774866498
-0.142046931664817,1.21039933068468,0.0893993676751867,1.32866620936147,1.09050362037939,-0.271027677542179,2.24342876259024,1.79139558952452,1.74640073197562,-0.60520575937212,9.58158982373863
-0.499337463774336,-1.0563754361327,-0.399540232203884,0.653551959183915,0.0493505096909512,-0.825764766274438,-1.13099923608531,0.275382158157534,1.01005936984413,-0.224437573720757,0.113454248640785
-0.0507969146920099,-0.319936856756361,0.768626020320693,-0.637114312295599,0.772072223088979,0.576056827606899,0.46019552230552,0.0375205569062541,-0.613893467924915,-1.39552438595076,-0.886196357085679
-2.12291516087493,-1.19783587964699,-1.04546445649468,-1.62718603539388,-0.224481173445052,0.255018173951134,-0.045903268374223,0.109731734082703,-0.637199373711628,-1.49984952396458,-5.91905195551914
-2.01571537911871,-1.03529498362329,1.13760393472383,-0.328419491997448,0.584239360764817,-0.850309562019132,-1.8008862843701,-0.582275861679511,-0.701294330365008,-0.984462444812259,-4.28091470484908
-0.113095779424039,-1.14687458189393,-0.415028174309059,-0.501742357124631,1.73070921690828,-0.151558709338919,1.26514344639593,-0.430138695999878,0.896149837487723,-0.613826803941241,2.13106156764802
0.69196987710735,2.64546754545476,0.132282470898616,0.30165616175132,0.365533440948307,1.06890864264808,1.6317578973951,1.96321263070273,1.31230255426371,0.609666647340679,11.1553126626937
-0.91525289002397,0.475994891679314,-0.530350321098551,0.893350160205167,0.307768235235128,-2.5669251883711,1.2973276613407,0.522239982326638,0.737837064692953,-0.246795583135011,2.03130952854687
-1.17704550777464,-0.202156000967647,-1.04009503986522,-1.09722874212332,-0.645211160020495,-1.96493192904496,-1.36627830263857,0.429243134446923,-0.422516782804869,-1.68718965701569,-7.68814732373571
-2.12291516087493,-2.14921659924053,-0.0853445307835444,-0.651217794309398,-1.60987346062375,0.246496339395268,-0.620173851162569,-0.709474834245134,-0.446254918485793,-2.04336868453486,-9.58807195651451
0.433786862063814,-1.23167930990713,-0.326477741573027,-1.19282776876419,0.689089191053993,-0.522797078668863,-0.497946861193331,-0.437530755101508,-1.65627448962173,0.842800110563157,-1.15505729880862
0.506277264148548,-0.965468674126537,-0.0748148820791449,-1.9367487376914,0.766142172223235,-0.477761033328084,-1.41429363272285,-0.806357400792374,0.27765747018502,0.0566905311337467,-4.80332136170856
-0.689525319718617,-2.03894015118117,-0.148602934601467,-0.499360492903075,-0.0135932326005031,1.11425449116158,-1.07196847295421,0.471121223213429,0.675050581431498,-0.483849337291475,-3.66833976675917
0.0322268223959718,0.967711918266403,1.1351847307898,0.685012963523133,2.22519683650001,1.15173511920381,0.9854812829029,-0.0207654222886207,0.0481236038764931,-0.39640846400126,7.37703016755985
-0.174012205121698,0.779046096499858,-0.138855310369412,-0.580511287168291,0.242285479256084,-0.528960781635545,-1.45881953506017,0.672754101542367,-1.44040123893173,-0.735262604908466,-2.01089784108751
-1.16795338570931,-0.277044901763929,-1.24952958205565,-0.940479106975747,-0.149844573829493,-1.21854525407139,-0.165148107567662,-0.663496028725412,-0.0683811408969086,-0.755052861281699,-5.38978507173297
-0.470565882309655,-0.82806194348815,0.533545599062526,0.0606252957947086,-1.88826228364162,-1.8244593739823,-0.0697272920248728,-0.321687621975568,0.615985974926679,-0.840469420101521,-1.70443764020546
-0.488119897370702,-0.136610752002119,-0.0645946663221159,0.737000782423129,-0.725816480651886,-0.198682854761688,0.503722282412341,0.0661725236690607,1.06599944793147,-1.55604488993876,0.528784979848601
-0.93061446584376,-1.01536170600197,-0.233377679891017,-1.5512977242699,-0.413256291188762,0.209425134303701,-0.0481303942949859,-0.165308600412246,-1.51326284368919,-0.68618337392885,-5.39397493721715
-0.522515261879609,-0.0457293171669651,-0.81549662301403,-1.32598659811648,0.34285759782842,-0.576251773033083,-1.41587635959918,-0.156071232766503,-1.07720936151739,-0.356259286008114,-5.75048001163062
0.350507894229638,0.50185075312051,-0.439578648087264,0.701832432661023,0.234538312814971,-1.19055377043965,-0.349000058998038,0.972831764284442,0.958998859352515,1.34878034883898,7.05350902865531
-0.692937667327519,-1.60697400289905,-0.909761408751441,-0.676532506266966,0.621773467566739,-1.76120980979349,0.535968029441205,-0.802865151374465,-1.43344847585681,-1.35566187552791,-7.06262243353255
-0.127372583467714,-0.543573039933841,-2.10257810872197,0.86218650127967,-0.345278092229003,-1.03336587139774,-1.68817349233617,-0.417467225182082,-1.08241810603452,0.0967792038357543,-3.81240918520619
-0.736585761351688,0.652729012354417,0.26067484186456,-0.0481950859590167,-0.896905632498903,-1.27493589291645,-0.247104499978226,0.673555522060732,-0.0638132230528978,0.0202868585948966,0.656654642192714
-0.631673477401255,0.105327546697196,-0.148660816190007,-0.706980534578136,-0.147881803536822,-1.33263168115242,0.69862527661072,-0.595027158438358,1.5924261144145,-1.44372192131568,-1.15301892347343
0.57856873299651,1.65200069871906,-0.717463435198676,0.887266739110373,0.852022665602521,0.750896864972864,-0.482817629892438,-0.532293849548608,0.709798610535884,1.74438481697055,4.84462045992899
0.608307099730332,1.19775637771332,2.33214771723623,1.2149351160265,0.384527908825629,1.40792668576442,-0.810467164916331,2.08063484133066,-0.0225626214531895,0.902922378987489,8.86752927075013
0.608307099730332,0.266767155030655,1.38662139609163,1.2635324281956,0.198141613883673,0.576755869249401,2.00600520107149,-0.415698546454714,2.37221588670511,-0.869686642557235,8.27240846781623
0.052814524182937,1.55571641532883,1.00425281535737,0.858477364595144,2.11347847165619,-0.39839104932961,-0.617808612861017,1.43616865555599,-1.81612362735215,-0.731177480344064,4.43523928313766
0.494545479477143,0.900325833617861,0.877884973567195,2.41909296776461,0.424400055786029,0.621800905180605,1.12315913829217,-1.72194448624027,0.785162680287729,0.594056970324768,8.99453662883682
1.11190028644062,2.30040049354411,-0.284987512488353,1.51812798275333,-0.934631380632687,-0.737161831659263,0.4656084426148,-0.0601498090837567,1.80917462056257,1.13982822444418,8.13830694178989
-0.906576153272921,0.552616620045238,-1.2477273977534,-1.05046767009381,-0.0773751710321838,-0.734256796381656,-1.27543650991322,-1.10004544770983,-1.26543348431152,-1.68288734327579,-9.01296175480261
0.633891990103933,-0.975952946066021,0.38493768781953,0.731844299001187,-0.618524672137325,0.290876088730168,-0.444675086640801,0.304559060803686,-0.242917902068668,-1.0868704829659,-0.0913993183878553
-1.15837204384689,-1.35703130845079,-1.37299572422214,-0.858441546160993,-0.731756632562866,0.0254813325504685,-1.34918138585218,-0.901006171970285,-1.55438626892584,-0.854830018259133,-8.35419228678386
1.32669175207705,0.997978171952321,-0.675035162128601,0.784843125463062,-0.170587823132679,0.134181890020298,0.561972176409379,0.741651125230013,-0.936016413026923,0.606944556850351,6.18387029814344
-0.676646083437023,-0.376397995244094,-0.0198197699724369,0.404001994917596,0.111648129967908,0.367622047326405,-0.102295108039957,-1.01450942103584,-0.298009629138655,-1.5129063588607,-0.668103679205493
1.20075874894639,0.991371505277618,1.28590203426848,3.25757087266895,0.979011997555721,2.53265476863434,1.28673361688469,1.09901780711215,0.912848389556267,1.15182118438737,17.708708624008
0.30648898152413,-0.040271420145225,-0.299187161366175,0.422224081269886,0.866061511801036,0.990930501692114,0.50663537409824,1.02472833131482,-0.220972523117132,0.487109393198065,4.80938205880668
0.765762921264047,1.42277023972275,0.589771528460618,1.16330623718802,1.27044195647863,1.30494014535864,1.37709306690906,0.164155163036458,0.446172786339044,1.26900278329716,9.61715215968092
0.0322784390034222,-0.0394460297376582,0.495986633674841,0.325571949160254,0.605579277045401,0.0648239734875231,1.3100024574039,0.109023613407591,1.72066314475531,1.43895634896185,7.92230816059216
0.51541687922921,1.37742350116616,0.262864280446191,0.0200272883898563,0.0529845902364504,-1.76046886849279,0.376522030120629,0.0563995973606324,-1.37400007291074,0.439892172301418,-0.245885825311349
-0.484279626467052,-1.29934478106403,0.827762191372368,0.0842339732485599,-0.47741394274764,-0.312940995488772,0.307899649091659,1.57685975757306,0.915965590937425,0.149987652605074,0.697785392725711
0.523117915307059,-0.289494010559433,0.359370926878273,0.554111907528168,-0.729172572252524,0.365988252139931,-1.63512893540692,-0.95185945460929,0.737286736929584,-1.63668351871431,-0.91666915520646
1.46187678403274,0.82898982239992,-0.0497889666121887,1.19777201008662,0.232162120041897,0.405368369439194,-0.465877005413335,0.845463611489511,0.535941214831611,0.259139099639844,7.83991683138318
-1.48549130485906,0.226942124820359,-0.0555963454796612,0.449145080210309,-2.50781568077223,-1.41102349672574,0.104705803318923,-0.0946851573888506,-1.02074541734698,-1.32949951209361,-4.35898530369619
-0.0507969146920099,0.173573092666286,-2.42651354996709,0.562987103471673,-0.410847523753619,-0.873352859365574,0.54886571618133,-1.15770308518314,-1.26025312098514,-0.83254359547214,-3.90924759307355
-0.117120751629668,-0.828077948967297,-0.424867591216547,0.0342278576702652,-0.0148889854662026,0.0529955231932834,-0.932347404121735,0.59795423914856,1.4770402637777,-1.12695746360562,-0.566544457310362
-0.480858042932076,-0.84406582357868,-0.681949153970364,0.0801107463186302,-2.06927262820848,-1.70398528302999,-1.40112866104345,-1.56246828291516,-1.9725982749229,0.700329321277726,-10.4610681692978
-0.792032971731718,-0.406815384618467,0.329539642493139,-0.651944587159404,-1.39043005292405,0.050856251728473,1.28296417960559,-0.472600227970276,-0.0922115429993992,-0.0992621490414952,-1.04804422844153
1.68871564404141,0.612162270091246,-0.379934452552906,0.642870790021371,-0.948202712467841,0.953929156298621,0.52259568530671,0.51484318590965,0.704823807703946,-0.796376045853805,2.99373165659007
-1.59678686731745,-1.57691583079517,1.16572507575397,0.572977865462365,-0.259174110127648,-0.73785965815721,-1.34823345609961,0.581229180319499,-1.12513212788915,-0.980265664770099,-4.18200163531582
-1.15837204384689,-1.12403013738781,-0.861286524511591,-2.20106198586529,-1.13285725860624,-0.496195539921136,-0.873153563580171,-0.524308321454333,0.724591302466711,-1.35582257386745,-9.14255727877559
-0.152883465894756,-1.15682658571537,-0.25477699953563,-0.452238872196745,0.350299291531448,-0.252425293609316,-0.211334200570078,0.413445241877739,-1.84677018501,0.292637772167405,-1.81258896421411
-2.12426743043194,-0.910069211162005,0.186115811307698,-0.453886690090797,-0.883971145726987,-0.359094095953276,-2.33432393221372,0.399571448702126,-1.029701326984,0.422073102250381,-5.01043562815451
-0.782885020808596,0.801313995061346,-0.330329817328643,-0.318600443553611,1.7758837591483,1.37149143530592,0.579865912898819,-0.613801558465154,0.0766949398189301,1.7708985775323,7.81504819907127
1.3239440906524,-0.473587065930577,-0.534379575432782,0.675002829542126,-0.0311243352248589,0.19121400412708,0.0386105571318041,1.20733387848323,-0.30863469486273,1.90190114142998,6.19481903292512
-0.142046931664817,0.358805679196098,-2.15418886576749,-0.612877447418031,0.0269683568294786,-0.470696666767316,0.496669384401953,-0.724085162015438,-0.0483232796448632,-0.215982378892583,-4.16045037693627
0.144308470036247,-1.13345539637818,-1.48061808473467,0.26135933480949,-0.444736890771816,-1.40831776440071,-1.97742077366627,-0.936345096046968,-1.98527371891012,-0.877958580233149,-9.56210056611637
1.22839029493333,-0.591148076634121,-0.245015051144565,0.356177217867869,-0.0929929004396414,1.67012783557831,0.289242799960938,-1.00468239691146,0.43522032738665,-0.663733537440828,2.48487686465901
-0.432017059663287,-1.86100367004177,-0.983371643996705,-1.33503762416386,0.13004022053078,-0.400455293835112,1.73491451842978,-0.337709944073955,-0.854617098277301,-0.956204175151051,-5.09179630040052
0.628196053627876,0.955310609827836,-0.815333943692249,0.489634564257966,-0.0177440107492053,-0.401992491478749,1.13508847538982,0.366040168983699,0.952042101884972,1.46788898823795,5.68592221908799
1.23182662950253,0.930783091661798,0.372680880818199,-1.20815475700072,0.0982100756936718,0.136932956423123,-0.760397872240871,0.53305447396507,1.08650046690184,0.36799982183416,0.523516979112132
0.546041985062419,0.50944195184606,0.340565119267362,0.377464007598737,0.285341579360468,-1.5325945056392,-0.37754854236874,1.52909678665915,0.121040105631189,0.0430968018459612,4.53074121037228
-0.484279626467052,0.488132703636132,-0.830866094736269,1.14058691820387,-1.62129849208239,1.8616851145551,-0.499949371870197,-0.657396398537348,0.228461185657728,0.617506863256862,2.85514485803362
0.374622493921658,-0.799493361885399,0.07416305171213,-1.4212164523328,0.283131869846601,-0.592260016607166,-1.23132001887127,-0.496570282132245,-0.284888333627865,1.40008981746407,-1.79203501014038
-0.168734795818761,-0.704104263474131,-1.42423505129929,-0.758426135886715,0.675036163574325,-0.443786800361472,-0.333257886380545,-0.744542984265387,0.367313997278072,-0.19257818551138,-3.89605914906891
1.59930189952034,0.013304745866072,-1.82565854426286,-1.84528099036579,0.93753207778464,-0.235045999076971,-0.36125166568642,-0.5878343044136,1.23365087744718,0.221780753358491,1.10647788895331
0.57071230015733,0.647664421343843,-1.3432457022455,1.67344435985872,0.284673952184583,0.881480337205077,0.345340672431879,-0.599013992683325,0.695630525072499,0.818267561755351,6.6088122328658
0.157400369597787,-0.876540357097289,-1.00498934482882,0.761301908893237,0.128750044484114,-1.73295580037924,-0.615438390599255,-0.832410427531213,-1.10783745673436,1.3591316516304,-3.67518873115984
0.113329928419715,-0.0365432539053568,0.885819274069802,-0.251186296002152,0.810485166009195,0.839072433959012,-0.291662529989043,0.0234710526313449,-1.76423918630933,0.543601932457588,4.41355633678483
-0.208599148901322,-0.300885050287121,-0.684526763507838,-0.12669604301872,0.766871672593485,-0.0544917432569086,1.67822436548823,0.555306666373219,-0.00049255804413123,-1.25261359408562,0.791113545630949
-0.813862598817846,0.624714685505441,-1.54046430664839,-1.25845677859907,-1.94380386954349,-0.483283444232084,0.448592409192659,-0.448820819212839,-1.07021416926224,-1.37552627717935,-6.77518747199107
-0.732726054409158,-0.311615519011205,0.85969097331353,1.84865432919057,-0.356984578150042,-0.374185254867082,0.800034032417879,0.12017019278484,0.542557640829563,0.316830299157943,5.05971911276417
-2.10494141055543,0.401928889120488,-1.15421205676382,-1.21101139266102,-0.362243593473955,-0.215525601900908,-0.441583215873817,-0.760439881717237,-0.99364990294349,-1.93836167891671,-8.82431203761598
-0.860519637083513,-1.85859748716264,-0.413384097512236,-0.407324085633939,1.20725253470023,0.155095954416028,-1.64539978969926,-0.434509294386197,-0.991348826561838,0.92653449131891,-2.31331893084448
-0.690055608981749,-1.24339153213879,-0.227102433226871,0.105499396960034,0.75987556314038,-0.201870231164548,0.718753816221602,0.691439409028147,1.85119126087278,0.0592300401668205,2.8207594360644
-0.0854859305944708,1.49524912513326,0.0583472902655761,0.864409741129383,1.0989617521021,-0.145959842425316,-0.547392725871447,-0.0702488020360602,0.557480324565076,0.108565940588385,6.4007144330362
0.92150775998231,1.06627675119868,0.830696129135382,2.10653730500708,1.73625285781652,1.30136941806615,2.27024120424931,1.16258762351291,0.392829786709887,0.462065779977203,14.237156776171
0.432911770870839,-0.249339258797531,-0.496324809660668,-0.743601868301014,-1.29099568262452,-0.902389376230269,0.41970585847667,-0.25804608444613,-1.57866058756258,-0.341252470956644,-3.46381609784497
-0.692937667327519,0.565763186973352,0.548887066736766,-1.09916423169789,-1.07536467231983,-2.32553568497052,0.135660965871804,-0.261135329985775,-0.664757915230416,-0.119455549339744,-4.32606846830388
-1.48549130485906,-0.727276066616864,-0.420682821257767,-0.262938418561225,-0.22402014815376,-1.71357992960045,-1.91947795867192,-0.877542914643131,-1.1255935804956,-0.260223514123859,-8.88181583939989
1.81327272879558,1.35197475047517,1.30568506971467,1.04064797754702,0.710684194823581,1.0501477628868,0.53294784252393,0.470610558385245,-0.639382523918006,0.62449708631522,10.121220279859
1.17221282288824,0.161298152930709,-0.497463076987563,0.58293179113153,1.59398424616638,-0.509729628633569,-0.133041207813705,1.61656753706077,0.323355306717642,-0.0232396960935559,6.5752289257563
0.605651327610663,0.166673176402116,0.184769213546594,-1.24321084568613,-1.22289363804732,-1.26235389840922,0.213765668260389,1.97230745231662,-0.644400352142584,-0.0208003972783599,1.09299612722296
-0.12096295490787,-1.27285141343458,-0.199990258912559,-0.408728178110679,2.06743999990895,0.631373727588558,-1.24766560596271,0.0218777242390111,-0.623708234498671,0.357800360174914,-1.55162036789932
-0.216426994891583,-0.00195309879667051,-0.653767942915799,-1.05995020144298,1.23646269332643,0.125210150802142,2.0697928949661,-0.673330527539037,1.29330877097651,0.589317083609363,5.07603513031733
0.71684769679287,-0.275112946900532,-0.596444417240033,-0.880322864682519,1.36863284791225,0.230639101428973,-0.169303874264305,0.0120131671306232,0.698872660135403,-1.39620921511141,0.0811988539684599
-0.142046931664817,1.90131538990119,0.00807916583638746,0.21869572489968,-1.82363547411539,0.232636633983419,0.276029199118924,-0.680179005013808,0.626003112294223,0.223914820749034,0.974017131353848
-1.15837204384689,0.117971279272641,-0.636954178800025,-1.14212822190344,0.581853273916174,-1.24239596780298,-2.43974922778808,-0.798973765433785,0.209365585502008,-0.872574909276471,-6.46626887979277
-2.19983875091708,-1.0237701356076,-0.315209597594218,-0.378073300867475,-1.27176994904678,-0.921821808617287,-0.211244858482715,-0.752499538987463,-2.52706415291947,-2.71894786461236,-12.8378821587681
-0.700048835915955,1.17045152742181,1.73287883102603,-0.145964335568685,0.517706968179954,-0.441199849492692,0.662605998648224,1.6806891172923,-1.06206269516455,-0.43446790663808,4.10306959064445
1.3239440906524,1.84580158973448,1.70321971715272,0.192554321507606,1.5250936907246,0.423469308115405,-0.801790655946625,0.7228333323577,0.761653119719622,1.3121157543749,9.79706774484616
-0.668841994978944,0.582029316341411,-0.356261856001408,-1.01589022942718,-0.21294280773729,0.7426583683255,1.51822835086607,0.516607479427462,-0.586061166122863,-1.32228831652112,0.486596788297339
0.536649153404715,0.194506055356682,-1.56059471762512,-0.912814336972593,0.714009910287989,-0.108804419949667,-0.544246406970397,-1.25780875409704,-0.222092874911412,0.0871122984948572,-2.2081577248791
-1.16795338570931,0.00776645820791882,-0.545094297714561,-0.676031813614765,-1.45335354982607,-0.581152664680106,0.786439762794064,0.815237599276675,0.0398321548707328,-1.41961248349684,-2.12211316967395
-0.860519637083513,-1.75175590586036,0.142771503850378,1.31829048586135,-1.21991157119899,-2.16865139869197,-0.39497329798223,-0.21836109738343,0.698127199998882,-1.16077495817486,-4.86312080539156
0.0776069691337025,0.824347705718515,0.0747457351927386,-0.498369563159147,0.072944848173952,-1.5560707289732,0.362662035194747,0.35842044042374,-0.755737140040452,-1.02550657271266,0.800321882030294
-2.12291516087493,-0.832311089641952,-1.26684831967422,0.57786962673052,1.0720124296533,-0.969643130038506,-0.0480886875543321,0.259309189803016,0.292145250712206,-0.453928915463414,-3.02319987899535
-0.892773601453306,0.61720271227651,0.540566583879532,0.654960089458607,0.417045713500767,-0.414984483873143,1.45329263416769,0.631997271863907,0.514757227921283,-1.09856066107147,3.55543947106264
0.0218229342097163,-2.78066625566363,-1.73775014277341,-2.6396855985338,-2.63535377230017,-2.28065348579384,-1.38615488016501,-1.30638145774444,-3.85237478372123,-1.9493867880182,-18.8591401959225
0.600421953900745,0.42830077759534,0.791707357923925,1.6999847180182,-0.14620383535122,2.56128346304218,0.681581038428726,1.07422709837582,0.744398858174778,2.12927663018928,11.4970668767075
1.41344931593849,0.297490096730711,1.39521754352596,1.40825321766215,1.41450440470177,0.716132555489812,1.27743999130405,1.09426661598781,1.27730958787825,0.283650698733694,12.7577506358586
-0.676646083437023,-0.490496092555665,-1.95288318321077,-2.4164223232095,-0.101153127203376,-1.50875934207393,1.69107496071149,-0.847586701538124,-1.84182496267452,-1.79684926065636,-8.64497056319702
-0.019289886613229,1.19581057555359,-1.04898779467727,-1.5685394050481,1.08186638234848,-1.16777002760077,0.411507261972956,1.86165363744429,0.64326784426988,0.587393863127285,2.95018029896039
-1.09729737163357,-0.857206981594492,0.196648264630773,-0.918223852826428,0.240105406909007,-1.37043882552935,-0.876449803075677,0.354421892735754,-0.865817709535078,-0.573796851279888,-4.79371095922165
0.0712532520210853,1.3877317428314,1.13513213071857,0.161682758054895,0.0885544159579573,0.530593975756515,1.62834057204654,0.0895600789112095,0.0687985036391718,-0.207216483728991,7.11959061966492
0.57856873299651,-0.969855607721459,0.348335193681538,-1.0156466795538,0.392725472867981,-0.387920549868532,0.0737431063461721,-0.411730737583656,-1.24241824406992,0.294561146789313,-1.30011793924316
1.51741514541418,0.393898635403714,0.144790125222302,2.06397573198707,0.655545326398941,-0.415836279470728,2.18099290312582,1.03567238008715,1.76434496162263,0.125899536023916,11.0407880436829
-1.40291941587896,-0.087356239627828,0.0869118832805353,0.377617181139638,0.298486133344155,-1.56922030111643,0.022687532510854,0.819798356096631,-1.9290698304342,0.307875331629579,-3.73254407266716
0.994755026431749,0.937604981653595,-0.624325081453622,-1.84897303559553,-0.721567187735088,-0.200077413562408,-0.402800489690194,0.0193514340355976,-0.441871200538034,-0.445683868699375,-3.60609421438478
0.494545479477143,0.590860482913095,-0.856321521275541,1.18467286215002,0.738284858159354,0.910429255988666,1.32414838579051,-1.04031550915738,-0.949142804977455,0.551626924983975,4.85582047791212
0.975405191550934,-0.431737075392699,0.0168286522228001,0.493228803599824,-0.628579215569101,1.31129053489137,-0.384993083341369,-0.134038401433455,-1.15808723690049,-1.35968342787822,-0.362683100389347
0.454033299702394,0.245122809825673,-1.16552681878773,-0.449725044702292,0.978890932771704,-0.162171407443786,0.0320850459813215,0.522906951633765,0.117479510358186,-0.0699827681533393,2.19043777087235
-0.0592928697582722,0.111448093430299,0.95562535067947,2.15410983759484,-0.900688348106452,0.385449543359261,0.0998495171581252,0.836308556240996,0.0988147442128799,1.53318761040182,4.33048529755402
0.113368949657225,1.43414630048603,-0.878145573619074,-1.42757437834713,0.412296550728913,1.38718696028882,0.744376103178216,0.215791314845208,-1.07105182517211,-1.24344915153437,2.46419339774967
0.0218229342097163,-0.634053931392804,0.70095071251546,0.390786527571944,-0.179536089326133,-0.470517861777098,-0.145528871301836,-0.131049907903439,-0.617058556932667,1.45238868313079,0.724603996581105
1.3239440906524,-1.45480815371402,-1.07634940077724,-1.0161586701321,-0.299709646312884,-0.957392479247579,-1.00745554765161,-0.644717751490486,0.577443234441514,-1.99382286681845,-5.74187583963275
0.372322282151582,0.745878392072424,0.75637891062238,1.32612942536226,1.55121144096382,1.79372658176104,-0.241471845623664,0.711518596374366,2.26935862054411,1.7869677856123,11.3071255758127
0.122494605232543,0.492375219962315,0.135075817037126,-0.0954902765816756,0.0517928798299205,1.1093045420555,0.512308652695687,0.431171480859076,-0.410306258310229,0.448566673128328,3.87398279439172
-1.65339818613897,0.00759991696459406,-0.95136040491965,-0.457579754965484,-1.69545171373345,-0.474027350812525,-1.55665985225004,-1.72066985300966,-0.368625046180949,-0.434368477241881,-7.71038498705221
-0.165749535866407,-1.23576781112145,-0.417586070932268,-0.39729106375526,-0.179115865971609,0.30386958739347,0.0979215209946482,-0.670068827840292,-0.422698773196808,-1.26461478206591,-2.93577667422743
0.211734104287396,1.2253686582373,0.756799301418318,0.0798810179182389,-0.352678877358135,-0.157199955512722,1.61564224279835,-0.943904843808594,0.178670827834418,0.357337254108369,5.35995406014233
2.22242311827622,2.25399853678868,2.31557311849407,0.951402466640787,1.78010655863845,2.18510214930113,2.09201798008936,1.03968128074027,2.13723883890998,1.63819967382099,22.5399388850391
-0.706171301488007,0.0859345422574223,0.408885850893217,0.157270708679763,-0.133627029026063,-0.0816824046599915,-1.53044491432067,-0.303296355634999,0.500703107641036,-0.307198287569192,1.49615195232399
-1.40291941587896,-0.684913944818451,-0.143301431315516,-1.24385301955411,-0.965730689645955,-0.402918834502229,-0.922292042620318,1.11738512211635,-1.95286552288511,0.480901652759706,-4.57819335978603
1.08706993093873,-0.6736745393818,2.82748704832865,2.38969963524219,1.39036594108563,1.05828057257738,1.58392965059238,0.336503204801614,1.66456918317997,0.769198691204071,14.0031028654355
0.633387225766099,-0.561333516545022,0.313463906215342,0.261724913441287,1.19381853057157,0.383305865044137,0.797811566792001,-0.454939143962516,-0.923554228721,-1.59318919970264,2.5629122194064
-0.668841994978944,-1.59341933087573,0.333367776225497,0.0730273264909889,-0.191640887972194,-2.47975018569291,0.543064582562188,-0.211955296687908,-1.35200647950897,0.585294169695252,-4.86030620312285
0.0149241669175134,-0.87453868025828,-0.654689434479982,0.14659785781475,-1.11528093574056,-1.23611097416575,0.202969265160475,-0.0622508365766134,-0.856986839254069,-1.28623426692504,-4.51174206164809
-0.807259018186937,-1.15561471753249,-0.517477313621179,-2.49371305500815,0.449308417829264,1.86542948783397,-1.30079504910123,-0.896351925534284,-0.553933825905598,-0.37459182474992,-4.82370533651156
-1.31125620469864,-0.765483177600945,0.417772119262191,-0.555400057003919,-1.07891291093868,-1.07480584375891,0.736752150737865,-0.955428586192288,-0.567169491030337,-0.854295475637799,-3.53881225218209
-0.124400921011421,0.285682115609983,0.22785846380222,0.0728751171129682,0.0816685802680605,-0.906252691425194,2.05794456346517,2.22402282626914,-0.459162309095422,-0.373874834017751,4.57062930771048
0.815958197172015,-0.367304522509882,0.618847844878692,-0.548201835117304,-0.431931762991696,0.0107796634204487,0.753387029321563,0.611473666525699,0.302704641527815,-0.0575078578105609,2.76805161968097
0.374622493921658,-0.0960281826293974,0.625008323630669,-0.699401720896391,-1.37331149846716,1.28821490673649,0.0191461492919632,-0.804064124563025,-0.292254590165589,0.89300795704366,1.25615603984793
-0.975225177567612,0.669491114763402,-1.30046998117747,-0.0470051624628072,-1.76503795213357,-1.43432950839741,0.548256002850397,-1.37075678069019,0.126311121627584,-1.81757439644704,-8.76562460008935
-1.13648094503551,0.00747788798731119,-0.22181413279549,0.0796440190264348,-0.0436193167088869,0.378915876828085,0.4359402577357,-0.423666630383368,-0.551534070863795,0.590776130574183,1.89457104066597
-0.0918250580787556,-0.16886814739257,0.0590446591661361,-0.769641621609731,-0.408527455874462,1.32135639768109,-0.421096043997841,-1.55710938451176,-1.91678070312697,-1.26178286928529,-4.6882519220574
-0.0022324912542387,1.29233173327429,1.47988436628102,1.30626750872121,-0.223170142773005,0.295062709954431,-0.102068802783542,0.0871963925859537,2.40078010640365,0.542206266562345,7.51284175942501
-0.999463830076038,0.438552583120108,-0.684866087656437,-0.529747849517868,-0.351001672720166,1.11011074511184,-0.0322740188198923,-0.624798173922855,-0.578542702058956,-2.01885481508146,-3.79652147216347
-1.17704550777464,0.0596444645128711,0.774535140001487,0.611404376416392,-0.432691282596995,1.50524863820915,-0.124417492107317,0.397745437199665,0.89764188404717,1.17986345604498,5.37732558218806
-0.64741127144798,-2.9203499091462,-0.500289895930237,-0.531787191833483,-0.31625063722613,-0.496072005729118,-0.819051170966094,-0.461012115123744,-0.305562446240709,-0.891267270585648,-6.36829558843704
-0.64741127144798,1.14371322895243,-0.664907338023091,-0.74947756847217,0.110765000834483,1.0855127143745,-1.27112368708151,-0.501906985248475,0.990387384851275,-0.446690080137171,-0.951393098750631
-1.55370912852258,-1.51219208335794,0.734021869364477,0.159884805406545,0.887246844937168,-0.0765282959316049,-1.02362813844241,1.54327579755216,-0.285868028948696,0.0205705441284262,0.496604902817681
-0.946020760653519,-1.09578398532913,1.5610490538324,-0.259740051056007,0.158408758252636,1.02605938511055,-0.311949481559081,0.211594290309074,-0.318404900724763,0.957671140721752,0.881954866908623
0.234196626721584,0.11488986215798,-0.651074128769379,-0.863818324416487,0.525983473801723,1.45103100624071,2.1237112592838,0.820913901528826,0.234300025499483,-0.303754385401388,5.43812644700847
-1.24772453073705,-1.13605672923184,1.16734253393288,-0.0129719818389324,-0.985573868064729,-0.240039514019439,-0.900498511047789,1.31159115015092,-0.0765959365552807,0.254289225275285,-3.16403618810862
0.168860161987689,1.25523283297168,-0.962531427662287,-0.535904802649343,0.766518091781005,1.34363320930901,1.25290254756655,0.817824605840558,-1.87018357835193,0.0513677033595024,2.86633561227604
0.506277264148548,0.655199562230736,-1.30256065765328,-0.199979479871348,0.277255799573478,-1.79466775312916,0.534473724816369,-0.192480084286157,0.761914974141512,-0.727710577603571,-1.98144072267478
-0.568634650540174,1.26292831891008,-0.548893713765844,0.152053100474798,0.0822393086508808,-0.650563958575321,-0.747632338358305,-0.831325935551983,-0.265450295783062,-0.945007614899148,-1.11975449369588
0.848753510233706,-0.376819106874294,-0.609931756619503,0.333581989486003,-0.407471845310349,0.664320021082679,-1.36657964779992,0.778019519060409,-2.44577272083596,0.414691898615684,-1.71507450520389
-0.081075973088027,-1.40450703143248,-1.60924740226539,-1.66717808462008,-1.39968949507755,-1.89953907025193,-1.47504404334221,-0.0747266467102368,-0.658801350703006,-0.212311013174292,-8.385089516967
-0.201438386367778,1.46693777585872,1.0899680988674,0.858787319231054,0.732244367242832,0.864726777613777,0.195281283436676,0.505142668899081,0.409087677650069,-0.0314067533611189,8.25587105739946
1.72888263689447,0.605274173931133,-0.0398516089538291,-1.20617677066246,-0.330687480480447,0.067226954722765,0.780043198969439,-0.331074572056523,1.47612255563849,0.933582284721035,5.41383106620908
-0.499337463774336,-0.355466931779101,0.00727973724616085,1.50067485811691,0.478113395373195,0.635831791440574,0.426710118270361,0.428012192807351,0.0184791358972141,-0.119643232008489,2.81509234657582
0.0149241669175134,-0.380042064701532,0.421527218775786,-0.206192750624809,-0.338794518507124,-0.536975734527463,0.702424970961807,0.641744787493549,1.15960232838214,-0.420663078656034,1.55470936311442
-1.17704550777464,-0.173278217615301,0.00819450540299843,0.0827449518187212,0.838815140389217,0.590303862764665,-1.08980183884645,-0.659550839315262,-1.4310858179222,1.00220929969545,0.428168562449759
1.52697771227201,1.35127090501798,0.607272325916074,1.50345032252792,-0.27285996482483,-0.264935469707537,0.215634160493518,0.52331786043243,0.750834589622015,0.29533872358591,9.35262013002836
0.00049741986205159,0.660297635230254,3.03654712090166,-2.51225957144185,1.05507795371564,1.46462836311712,0.595171411887142,1.44131169320206,1.3329916728424,-1.23830617944274,4.36048849894817
-0.0386990476205184,0.219479426641473,-0.0778531633846012,-0.896128746702777,0.489188726232001,-0.753543155997093,-0.328911177322496,0.0623745255636599,-0.669578940397142,0.607358677662428,0.219022574106946
-0.282895743520407,-0.97970753683347,-1.35825914402671,-0.705200295973183,0.129765102688347,-0.322849825239364,-0.429031392121608,-1.7807295673788,-0.88310219812081,-1.39383146714606,-7.72634970168948
-0.706171301488007,-0.293429462360071,0.874224294495868,0.105133828401238,0.342799245432543,1.02006798876197,-0.46239517302096,-0.647549873087257,0.239907214694315,-1.05019689837134,-0.614507640092225
-0.582600608610881,-1.20927714733549,-1.7216258789737,-2.01746663772047,-0.095882824621031,-0.15729099383566,-0.195741746681359,-1.37158405839872,0.839518050143412,-0.708164436532804,-9.23849315333642
-1.65339818613897,-0.393930539022579,-0.107462975997955,-0.973032141727171,-0.859762832897657,0.602116596262658,-0.779387728986245,-0.205206958424973,-0.741443515372258,-1.66187907467705,-5.5718706728889
1.62185846961103,1.01221549389438,1.53900787501893,0.750301316137702,-0.062124296833157,0.565291248982771,1.49465156936134,3.4707284965493,0.192246454595397,0.98736376467849,13.4253424953127
-0.315680861014578,-0.191476681350214,-0.446771063467304,0.197881650708659,0.0393980703498555,0.323777361514914,0.279807029309949,0.65291598465713,-0.0113097771670562,-0.959224410734572,1.89451114671147
-0.668841994978944,1.01202216708132,1.87253008805514,0.884379716084071,0.0698025073988476,1.72178707558319,0.972977121816527,0.20771754339562,1.12647350023137,-0.623619248421428,8.83594105101244
-0.26388682470616,0.535956107099017,-1.7981726108052,1.09127733040701,-1.13557630079116,-2.19686520861996,0.119977240181195,1.36176449124167,-0.602365027367879,0.0836734926573131,-0.944218518576154
0.959752466599264,0.0325800124698855,1.4449592466159,-0.0627135862485969,-0.122236321129509,-0.778883280250978,0.237268334878573,0.502508445222806,-1.63330772331177,0.303996959588162,1.59667887313973
-0.480858042932076,0.0289512420973709,-0.18797576131595,-0.448415024549547,-0.652795927443395,-0.256961279821248,-0.236607566823315,-0.00725726006875987,1.40228339000909,-0.724017615346932,-1.58774340057312
-2.01062729568755,0.869567160744536,-0.79067604062943,0.368002707777239,-0.772151739210372,-0.132638153211607,0.052600367516711,-0.171580940658923,0.135574812519752,0.559928188744316,0.323927053422227
-0.524003004040945,-2.15641199407931,-0.520249887016847,-0.803169633458977,-0.44161545723227,0.346504270040618,-1.42407365312621,-0.675197933548902,-1.52624464536507,0.253551086837225,-7.38730912546669
0.263024195437624,-0.971666768619112,0.070865343891639,-1.44671182773191,-2.20752187743686,-0.82755973549813,-0.144027632975143,-0.16362268920629,-1.77113452018741,-1.08174141395552,-7.53589202888925
0.184359360198862,1.53440540510581,0.0175394923632199,-0.701241481623965,2.19422300182091,1.69722354503659,1.42105793148835,0.367881590027539,1.42766690362022,-0.489305118769786,8.48304797473125
1.03768910293091,0.870249437237477,0.607417321358019,0.119430978048256,0.0965671128483472,1.50146181344709,0.590620652590241,0.712301262850012,0.520597601227698,1.18382798310315,10.7645894686278
-0.662193455539599,-0.818911921936365,-0.573182876523189,-0.868065487156905,0.583517163225922,0.95542155197441,-1.0555153454095,-1.04697959844926,-1.16194879265731,-0.292804246487256,-3.05373326233792
0.57856873299651,0.918167115312934,0.454801755113606,-0.334445426327349,1.57843003848756,1.39954418622591,0.878441694913353,-0.288286216107537,-0.321561722391809,1.15611143628765,5.99879396266082
-0.948286298509401,1.98274878340553,0.217792056867959,1.6239051967039,-1.19622122993051,2.1552596625217,0.271211243667147,-0.1828943226774,0.27408432636178,-0.632488765423032,3.13973931033648
-0.106773465810786,0.687398752362031,0.0214256175069623,-0.874014850917198,-1.08719269626052,-0.452279303441643,-0.313441057462418,-1.32350908796074,1.24539412571098,-0.923515867325698,-2.60203593287742
0.0893288889011854,0.755188828848425,0.18891510031874,0.357610709622501,-0.355312614363691,0.274213113465207,0.873598098907329,0.852811499311271,0.279873844871844,-0.121186908122163,4.17368873700667
0.0621070429535768,0.0363529798356487,0.846405716155202,0.849936843165285,-0.773770132801788,-0.725771843801092,-0.863842518649245,-0.251888523095997,0.302125523703019,-0.825090633663003,0.311335737524992
0.333080958943432,0.715969800330152,-0.0766027732470821,0.171089063252081,1.99784985328942,-0.0558808906821688,-0.444375581217216,0.89882693193268,0.743869769636492,0.705014805443981,6.50368299027897
0.600421953900745,-0.789575519825218,-1.43020325841354,0.0442176774425972,0.747720665130459,-1.22470430373615,0.33333868181441,1.36744902608077,0.453181142510077,0.16946336853522,1.90748310663172
0.211848692789244,-0.151995819528129,-0.140648476612443,0.930401723830181,-0.122085343801266,-0.115647595673679,1.77473804527236,-0.0315967914338137,1.0374978026619,-0.171855977117041,3.61279322689194
1.63279694969555,-0.485331166501208,0.526700177119513,-0.505497735875848,0.795250918159477,-1.25855065756972,0.536007437179527,-0.843982243509852,-0.630506602862652,0.782410249835406,2.2008541411498
-0.662366219088051,-1.29996010055155,-2.42898321639082,-0.3883590758945,-0.627409342761828,0.27393121219261,-1.27538122309573,-2.02260053471262,-0.377943114710909,-0.110190686102161,-6.18539737291745
0.0179038419119221,-0.323698910297008,0.344274332109077,0.326343012123938,0.701712173979232,-0.336043530516345,-0.839884727004505,1.53335344363295,1.42407315865722,1.33221177802183,6.20907530513575
0.828299311936518,0.720174640858662,0.594279809244273,1.63388741141327,1.15828659651388,0.0890203986508948,-0.305165965103528,2.97368696790183,2.23150362277514,1.06251979680504,10.2968479761234
0.865627104140534,-1.28632924964843,-0.756436765285348,-0.0496885960453736,1.05743786814635,1.41696513346791,-0.926804889985243,-0.160458641059801,-0.473874109872001,0.855539837555094,0.989433282230998
1.34656463755918,0.337400325622114,1.45667258160511,0.23558236067145,0.942787126734119,1.75239376297028,-0.519020556022723,-0.263669702483489,-1.23543496858088,-0.477630595600158,5.26893446135983
-2.01596729610178,-1.88891785362642,-1.71184561618839,-0.942791620558064,-0.756216549725661,-1.64838335972622,-1.46307985145957,-0.295522572615987,-0.820162189167982,-0.275326643445542,-10.3399948399265
0.65783619243996,0.174939994895263,0.136464526923748,-0.757720359563846,0.314401722074701,0.69621856881656,0.612553623871908,0.228074857189646,1.37620268186851,0.199237264341716,2.50225719904279
0.449938789439487,0.421829645495317,1.73249406643064,-0.766836512657911,-1.05006043003701,-0.0608208712272121,-0.19107110362402,-0.415105570528794,0.0550622091299138,1.11808963241639,3.59851998817685
0.553296221232665,-0.505753145139103,-1.6164688100918,1.63610496795986,-0.476619231465762,-1.06873350410727,0.465291220969706,-0.441460601720801,0.621083911660686,-1.24521204388474,-0.626346149325986
1.38654448265013,2.21943386140455,0.118050957847685,1.33022134322014,-0.0618323588113675,-0.868809572566103,1.81606561129455,-0.0278764505415456,0.708042386458983,1.41407636294724,8.15093917507143
0.432911770870839,0.708953871625645,0.862835191698898,-1.61848255186692,0.720580883709397,0.621577860623082,-0.275481718693226,0.410080249110646,0.443751561646023,-0.68306398079622,2.32581737591991
0.934102974519338,0.632483743715115,0.507050111045765,-0.180343363378958,0.281498621538948,0.408230343475368,0.482389254037065,1.63663892923477,1.67633049699531,1.37649472782003,11.0211336336105
0.523772345965852,-0.152219429154344,-0.665566515294399,1.62488346707768,0.917386704496685,1.50621293481324,-0.261424204974023,0.528160076113751,2.0893558809181,0.138705082292951,8.70032581784322
0.557702626997091,-0.577735746074786,-0.688745775508791,1.44110067507351,0.185935707805841,-0.38751421417188,1.50355132843988,-0.532762427298728,-0.958691928949037,-0.0474659426377033,4.62349948321424
0.494545479477143,1.44839986309605,0.0384294380762429,-0.114564658110318,0.599917491423443,0.593001457876892,0.483827742791008,-0.181292715030124,-0.341782097156795,0.514363802787169,6.19839887137548
0.724470158254024,1.12647002510137,1.16431001729142,-0.203481870032788,-0.897013697806331,-1.00578728466633,1.0221613851522,0.0671287843663913,0.319506161454689,-1.44440111864171,2.17383658496707
-1.59678686731745,-1.04883567253638,-1.327463383424,-1.27047650266121,0.382225263355866,-0.997125105374823,-1.42115880538921,-0.564431050916332,-1.31002208194373,-0.0852540118292896,-6.69862446033108
-2.22842979930204,-0.458341747576597,-0.62530327325077,-2.59504736673362,0.189592545867186,-0.677870454513382,0.234650282649967,0.852355969352971,-0.468256537289465,-1.72425886582807,-4.98280078836834
1.35272321718289,1.28708353306245,0.10982709344265,0.492901664024248,-0.37856285225866,0.408670960395216,0.49310583928871,-0.7826001606744,0.917317553631298,1.05501452407942,6.55926635068681
-0.838833384385688,-0.68305810387052,-0.623022320970952,0.310464823750107,1.54784562752175,0.376854789842779,-0.616642500889122,-0.969155475475572,0.0428606393486754,-0.202979926302654,-1.4477472772714
-0.488212436173405,-0.906146516672245,0.488757662544246,-0.282904585279396,-0.591998960561621,0.318380412240591,-0.20530677793524,1.37402943291517,-0.157859771601664,-0.798147786536555,0.0136593338785443
0.103129408762451,-0.612920368448968,2.58155476136223,1.00838567973545,1.89288221730497,-0.0395691627072203,-1.03856190723155,0.507146096731509,-0.0768263905471208,-0.077260040635967,4.76926453327658
0.777281806931535,0.770129581706352,0.540914533125592,1.02950864495511,0.108297219795966,-0.240252669384392,1.38677568247315,0.598191348533116,-2.86526004072581,0.67139511149437,4.91789438516224
-1.15837204384689,-1.69165429199892,0.944661544443508,0.644734985902543,-0.126018721313314,-0.0812665331373903,-0.821860611981956,1.22931962767586,1.66763566578082,1.35378791552979,2.28509823707359
-0.0446947850752724,0.256581781100193,-0.17400319596423,0.0609955726663015,-0.904990524648926,-1.41615493021151,-0.657679489999937,-0.13232066723321,1.38957346153472,-0.578492401213772,-1.70829443317541
-0.0336753734115639,-0.763196213141607,-0.430784576590348,0.244589123544262,0.106490500447319,-1.52942969076093,-0.826078370136612,0.0811252977756803,0.167515954285366,-0.531256578115984,-2.19363796921994
0.541216347510821,0.481469665465664,0.431008313183949,0.138837872516396,1.64582550589476,-0.38008234428576,0.923485001275592,0.413018468232123,-0.806180107432103,1.15063571868118,6.06179650462258
-1.17704550777464,-1.08745626147808,-0.667662235974726,-0.867272702570484,0.356144962298343,-0.993177097326031,-0.611585046071773,-0.6208424681191,-1.87001325685679,0.245070749925748,-4.29179560707927
0.234196626721584,-0.735339378049962,0.631117013207084,2.26586324071694,0.843763834436671,0.42333379813299,-0.0356737632812734,0.980108865058425,-0.0948905149215754,0.399172315957215,5.60254672590923
0.786384499129779,-0.991940970263231,0.553415878126407,-1.24737132678225,0.835832815532898,0.299304071832975,0.377565080387926,1.33301186381424,0.625400398447955,-0.450020045521629,2.92459299569266
0.886472230405621,1.55416368309851,-0.197372198280594,0.669280525463164,0.443093348298107,0.155752954609525,-0.540642642718365,0.136726622205081,0.614269475058933,0.205466600392496,5.24411643866385
0.298042242443309,1.08921984657763,0.850229329820254,-0.231393135348124,-0.595147069598226,-0.403416475270941,-0.0858769738181941,0.711865943843438,-0.323296914464932,-1.40701210323442,1.22694418815425
0.937642890070016,-1.33013592722708,0.67072730494575,0.461009134548822,1.28626918485061,1.16541946064375,-0.704205174925624,1.82631626834864,0.884238722371321,0.679487452229835,5.20915087161945
0.240815713537064,-0.858020778799367,0.817914258379203,-0.735270739873696,-0.453174853361103,0.353128479387881,-0.56603549122693,-1.56644185771459,0.912156944314735,-1.19294599804828,-2.68101266304473
0.460721647305338,-0.0724310694492404,-0.0146695687985537,0.79041739834917,-1.06583009135835,-0.130304309225724,0.235510042056291,0.635413058756937,-1.31182613599812,2.10896199449636,3.90930852124388
0.865627104140534,-0.141860070903357,-0.458202503241498,0.146861386942445,1.22077603447897,0.94612947994223,0.352627220360316,0.217761060643172,-0.0893541944240972,0.108903091668946,4.91603459352035
0.666665786536312,-0.164537623101847,-0.178405785558303,0.982001546102731,1.60072013230708,1.14527514522496,0.335818628992823,0.510572694825298,1.07000843525265,0.507052577187618,7.03876435622408
-1.15810291063827,-0.198904367420019,-0.411655733346181,0.604190930344723,0.569135280614816,0.406335121176483,-1.41579567475437,1.15837544197565,-1.98117845508284,-0.432357840867124,-1.50519352988626
-1.12258277469692,0.566367055222162,1.68905850560135,0.645119356414997,-0.0811163006022308,0.587992521448143,0.841363892412689,1.28957802018254,-0.352500531757558,-0.618311723173371,5.12663961534248
0.975405191550934,1.2900848510515,-0.135644980729019,-0.332391337314703,0.478522934385828,-0.315999439347554,0.357973913580461,0.556483998302097,2.09087052303306,1.11782399341785,5.90260359383295
-0.299444583285005,0.691132727370357,0.636053883629024,-0.289726648449922,0.496313633588197,-0.160896073742126,1.65041877408049,-0.478479144094357,0.106548212409348,1.20202824273608,4.48063598430903
-1.25986446949394,0.872215704522139,-1.5257590841701,0.307306165642768,0.74577603028398,0.367199480981498,0.311979653493254,-0.749182972954406,-1.92384760226459,-0.117846261091547,-1.74944289454661
0.906755794467443,2.1364741887913,-0.032730708040611,1.33832712270259,2.07376446836701,-0.48114160923343,2.06951772731213,1.19363354131235,1.39682030483477,-0.299129449189138,11.8532534367669
0.815958197172015,0.693592415941419,0.826196307728685,-0.446227394525748,-0.772231802511804,0.659238609128919,0.910127293868522,-0.0256520888688327,1.16841676501267,0.925798085172551,5.43062891305566
0.529866474944233,1.31368685716187,0.143712522144121,0.834463180242292,-0.288552059393295,-0.0737644094977569,-1.37443236230485,1.11864004690242,0.722881822013704,0.158286095708389,3.31868563001477
0.815958197172015,0.127063602434605,1.44003281531749,0.7705561341909,-0.897212557176744,-0.0394589460881651,-0.713116843150149,0.889157364803551,-0.368049027931123,0.363493510003568,4.76253864601162
-2.12426743043194,-1.70281865021603,-1.34236018896067,0.222065489286658,-0.279934354160571,-0.945400922721983,-0.651729346892539,0.746865727021313,-1.9559449584265,-0.331760167102344,-6.83889153623939
-0.80087020993355,-0.20473701933902,1.37784951292296,1.07053939499461,0.0585916958066012,-1.18896234138246,-0.661389102505958,1.46366649682471,-0.447407326367333,0.663664987870636,3.55223297207158
0.774889844056412,0.747798327296215,-0.29128845007569,0.938179664587381,0.389174326150211,1.68933120677751,0.902682712290628,-0.115713572040743,1.10539152409987,0.708942880146448,7.76530972588976
0.0712532520210853,1.81198177119529,0.133735301873525,-0.243478242114251,1.39645470767807,-0.09621987541371,0.591566720927627,1.70866503513779,0.83364231409261,-0.524754310309322,6.20562792752387
1.81327272879558,0.567387348032829,-1.05934985791231,0.0652140318956902,0.338516911856849,1.4268428026126,0.615678882777383,0.146040871115281,1.08332925731474,-0.683986105699034,5.93760635382186
1.38341007976729,-1.30223351369663,-1.25905316468862,-0.997341876564947,1.20963299281766,0.345545158668318,2.40271093349765,0.588328293422429,-0.434340967013974,0.988694039277989,3.90630778223352
1.40514787377737,0.131436412771492,0.123181854281162,-1.00864791938049,1.534325598454,-0.232531263374269,-0.00874865490186777,0.804232284201039,0.454246991867405,-0.304839952114521,6.1643678384345
-0.662366219088051,0.00581327254919684,0.371721452464468,1.14262987493414,-0.0985270534353328,-0.00273666624603296,-0.983034245315266,-0.279757355044934,-0.434624424695307,0.602933135497082,1.43401938279136
-0.736585761351688,0.319259344881905,1.00203319857765,0.803075258725191,0.15215809934538,0.29378572673533,1.23165939998305,0.801627730123154,-0.118417010764424,-0.792928394072554,4.24728692508811
-0.488119897370702,0.568090103327441,1.07698823653303,-1.51457565669161,1.06760414742338,-0.371137404700235,-1.22468324367167,-0.302256369482488,-0.615020505938895,0.517538593465982,-0.447958934076811
-2.19983875091708,0.646333471992176,0.629009228167448,-0.09116123907539,0.0105046181754181,0.0113439381121969,0.325756271978377,0.436004075577291,-0.336264001960489,-2.18460648952047,-3.03363948102059
-0.0446947850752724,0.402958364986507,-1.32900706907841,0.168803361079419,-0.096918278255663,0.621846631381951,0.906040903486691,-0.027292676493059,-0.79315413199391,0.910244556699302,2.62177405109377
-0.432017059663287,-0.322869262110842,0.806579267506603,1.87880633966111,-1.64610953327669,-0.308518268976137,-0.84106336267544,1.11808275957178,2.1455371610167,0.816324815066669,5.54393523421538
0.384330319877687,1.14919177402201,1.5808900154715,0.0577091145290726,0.768716482027019,1.46852745220072,0.930661648581412,2.01213704566194,0.423713323230212,-0.720569405173508,10.1167015069472
0.350507894229638,-1.34161944341587,-1.04341373376508,-0.224250837940629,-0.198522179245944,-1.33856639033844,-2.85753506036004,-0.575442927165729,-0.4651958807161,-0.487345839214398,-6.57134840028042
-0.700048835915955,-0.508918494035867,0.689154631799561,-0.343152809120176,-0.444264979341098,-0.725738423191767,0.393544139380087,0.0517264452266288,-1.01496927596809,-1.03709664158836,-2.33277123669248
0.463823254042387,0.713685340566457,0.148260392878414,0.94193586993856,0.402022833241302,1.388779209447,1.75106026897337,0.508259935097921,-0.497033410530194,1.17963220502375,8.33927442917616
-1.63375825890228,-1.45250431743605,-0.240256792850393,0.464069348149542,-0.258252461309616,-2.02796866942234,-1.45878939791958,0.295990691697124,-0.462738446087305,-0.0469046056981058,-5.34915147130912
-1.54820331307604,0.131108825631925,0.221695718372606,-0.468008385960524,-1.40046916590791,0.622637121975049,0.0426018770341767,0.904364599763273,-2.07114865313109,-0.574931854942785,-1.12667644456928
0.0891943678802146,-0.693891761410039,0.851600776164538,0.764512326744137,-0.525299351711192,0.406851635245549,0.842105297179103,-0.873324922391371,-0.863561245409699,0.734766319762994,3.90777505248416
-0.669101965070357,-0.901178707709939,-0.602544894014336,-0.636747096156395,-0.77114240672806,-1.56801212042207,-1.92712722040844,-1.63898348446166,-1.54824559050919,-1.58627412068992,-8.08143250194563
2.55668307013658,0.383864639600572,0.0988882682274598,0.441706914556963,1.52625171136331,0.734695695225249,1.26504152026765,0.945300811386379,0.959670797315635,1.30544827376347,11.9604654381564
0.523772345965852,1.7539577194719,-0.177418282013176,0.823367370458929,0.959124457495998,0.751258904444939,0.956340908382122,1.51538978574242,-0.128982695244362,-0.0507323896809313,10.8970728125401
-1.15810291063827,0.336953931666774,0.484250223820487,-1.6751193982474,0.23007907745649,-0.245195813995874,0.750904389192332,-1.3895056700361,1.05159504966317,-0.938363704765226,-0.861602145390446
-0.0233692361586472,0.367714910717351,1.01408264527546,2.74110127075757,1.09662303150236,0.817568135283958,1.59809043150798,0.611385171729437,0.824240234988187,0.937291233452581,11.2601801684094
-2.79114601403967,-1.09471801890616,0.794508610806169,0.840528910712733,0.333457769902371,-0.608328009822891,-0.733752009783787,0.971131283675042,0.175659078387267,1.97324905471205,-1.16154975702905
-0.817234439840502,-1.45463442357736,-1.01139935841499,0.0687239019806025,-1.1124111665471,-1.21663176951691,-1.03348822351863,-0.20746840946725,0.0148679388300458,-0.917532379970224,-7.16244823847857
-0.64741127144798,1.53773353169283,0.278979343294178,1.03710326144206,0.661854327404906,1.22258137549629,0.017225109739806,0.576906419712306,2.45606133870251,0.640781976334917,9.88816527940554
-0.0972844153981087,1.98775653918814,-0.263465989169443,1.49828374041499,-0.645410036385683,-2.01137356280013,0.228521132340237,1.43091607569452,-0.276066539053315,1.26034464913012,2.37784093544785
-0.999463830076038,0.544879343006581,1.06555590951741,0.594020403253733,0.092581926327664,0.191989255509532,-0.424601223615991,0.993429269368309,0.0691694676361467,1.7337322288209,5.06724093843396
-0.208599148901322,0.0165555368114779,0.130988509060905,0.527649015525975,0.598745454156998,-0.815801668885425,-1.52758808785288,-1.35967296720229,0.808147711845873,-0.543361864890161,-1.90674244529121
-0.366444172232245,-1.13770333017094,0.705165689513629,-0.35051159517528,0.116824666060236,-0.232758398785376,0.0864119267858303,0.740384243390428,-1.0862257448305,0.401840265975486,0.726400976194341
0.687968960153845,2.60568116982466,0.807316733595212,1.68146497198713,-0.692209463290671,0.660821994516975,1.12840010279445,2.02806734988133,0.992941581007789,0.90244978402906,13.066903208335
-0.792032971731718,0.074053158047918,1.31727190162122,1.48718908313788,1.10115684791492,0.898019567674907,-0.755714565244949,0.659219066624946,0.388266975430325,1.54262336271033,5.95685642607666
-0.989364144894052,-1.27069847932974,-1.57748908288808,-0.471359014586482,-0.588704137527712,-0.641224915165201,-1.41547867920859,-0.996138575152912,-1.00192139596754,-0.331881112466347,-7.78965428465756
0.363291490318086,0.984766861971994,0.915596049838419,1.29021896087426,2.5411827484112,1.34232815161622,3.47738824037677,1.07939932421139,0.672645050776636,1.57960304323491,17.6451578696999
-0.104427487982856,-0.95527901579541,0.627259825814436,0.98992331974828,-0.425417398125798,0.652984911254705,-1.5260255390156,0.690790100553673,-0.930249377558694,0.724324029014573,1.1009611332395
1.62185846961103,0.129615795359523,0.757013795159079,1.19138836746712,1.27809866675129,1.28466726879797,2.68939603605906,0.323798025839606,1.91903824460628,-0.463188588054991,12.4210051099228
0.510650477124391,1.18642656109373,0.459863830134563,-0.150709224073967,-0.155525663027015,0.917895003501921,-0.755755923767635,-1.28841688943482,-0.185428233885397,1.59434075659689,4.59412942655466
0.442340455791456,0.800465195134819,0.77316081650822,0.581433329791558,-0.375284216640659,0.156412125584035,0.72163758085867,0.117382319488338,1.4779788114419,0.0196761309225691,6.92422978027668
1.20075874894639,-0.528725189128697,-0.861514238062297,-0.469625491840986,0.101809317460881,1.42384931635567,0.00039573519175862,0.806959337963081,-0.0766375402730106,-1.22691360704857,1.5475246779222
0.612879986733851,0.696818761437651,0.434903875022412,0.436518769747527,0.522516944583461,1.0634512191191,-0.414174053992779,0.140284739640333,1.20468562820658,0.251954228041141,5.92561275399273
0.858285032663761,-0.460234990433111,0.0207308723267521,1.13515682252022,-0.284894895722827,0.391256866247723,0.612123652416668,1.22288554521735,-0.333469371899792,0.887667855935164,4.55802957051317
-2.12426743043194,-1.25715917152995,-0.924133239357793,0.0577565938607042,-0.194791871508121,-0.543063431923738,0.093205073045884,0.441822636460616,0.744129269975005,0.741586097461814,-1.08348888653188
0.557814117887036,0.335974540069126,0.810299357733016,0.840739301604111,-1.19259155954402,0.23019968060502,-0.0935201676704319,-0.612865491161857,0.784505104813199,0.825746219877085,4.13002017888941
-0.197458339694644,0.474342534925652,-0.189717747062982,0.327381962523425,-0.224375448527248,-0.395981356192911,0.201227968070381,0.416052179406159,2.10169093426862,-0.345021981425468,4.11175325271198
-0.10813264945082,-0.902436809076825,-0.643704279654139,-0.0830586818926234,-2.04198471836219,-0.875780010070575,-0.691214856176112,-0.0352136837936217,-0.244162371137177,-1.84070655423378,-5.87834734570161
0.687968960153845,-0.473327201531741,-0.582271718865534,1.60122497796801,-0.52376226426501,1.77646157606312,0.91223350123233,-0.0434983979818371,-0.414917673213298,-1.63355827965475,2.37311619130853
0.217907476827906,-0.83618066533284,1.08044309709911,-0.134047608514248,0.27703455123845,-1.87315226272242,0.0984865931619544,0.892387169623892,-0.273251238503375,-0.672129020328284,-1.93740016695053
-1.48549130485906,-1.21166689300081,-0.766836701573803,-0.0144513406000216,-0.486277550636355,-0.844177430161461,0.750098533423472,0.347641879928263,-0.878867413490704,-0.0485508011764657,-2.74335496551776
0.55413518148798,2.06066745327958,0.427295495633876,0.203667618964979,1.87110456021457,0.0285342811064933,0.774277927148208,0.518428141160254,0.397313394573201,1.23793426679459,9.96663568300199
-1.07424713799431,-0.265691334558629,1.09751861729588,0.302482620543394,-1.70845784728785,0.738319406398918,-0.997914328165032,0.29995080418756,-0.558638745447798,0.388392840769158,-0.885657882154673
-0.484279626467052,0.761329956523622,0.809032160427743,-0.3364730114105,-1.38520693389859,-0.0907641089140945,-0.561368445467408,1.11356510234959,-0.210278900612003,0.109719290448782,-0.0556872231552716
0.0351722375829726,0.961986569052559,-2.20415684201386,1.66527544874094,-2.28686407360989,-1.84085538869365,0.0509840478134351,0.174715671921787,-2.20688122400356,-1.44685466091711,-7.15497573626088
-0.807259018186937,-0.903362748522578,0.415986138004229,-1.65805225843994,0.556026328424652,-0.168687144926496,0.0792614851048676,-0.49072670232829,-0.789314202146677,-0.563201588308996,-3.12975913769962
0.600421953900745,0.109717009287342,0.16931233366757,1.59836748118475,-0.17523582211319,-0.475591244433978,0.0320337264704559,0.469310402169133,-0.287047039245098,0.898597151911544,2.57621927389431
0.539148505658766,2.71853866062337,0.334240448600568,1.62524701669817,-0.310030206216186,0.0930531143391243,0.198332582470175,-0.819029038751923,-0.258657204555559,0.586579274037667,5.47162203040166
0.330971075391185,-1.48511049632955,-1.19731594185502,-2.380074733018,-0.333606732145692,-0.650860773745352,-0.561054529088279,0.34056352524799,0.863525105100798,-1.01842501940874,-5.0507223870734
-1.52562663228492,-0.896435300357137,-0.395658096585221,1.5960315428164,1.10787057688345,-0.542814929515356,-1.09313861432954,0.245013782779971,1.84253955314288,-0.951185927645106,1.9678007229654
0.0776069691337025,-0.25359088458696,-0.656732016513758,0.59371980358358,-1.72752945182743,-1.15676785899254,-0.715119352576743,-0.61502095765393,-1.0984521480876,-0.718331652808106,-6.08640157417328
0.0269789145306223,-1.65509702320098,-0.111467627204229,-0.991502527702074,0.192311119696452,0.0854744588204811,0.449134000149069,-0.695791290345983,0.879629992711642,0.388148859076754,1.57971658601447
-0.160152048683072,0.0792613717494243,0.206387203273867,-0.668847804668009,0.39253892777423,0.51300941241534,-0.111174282403216,0.924326213554012,-1.09022638599232,-0.574718800970244,-0.525255804851042
-2.19983875091708,-1.43685716295863,0.0721575095027351,0.590532301250811,-0.501458589541187,-0.307489681768775,0.047515775533389,-0.101830864825667,-0.528532381709505,-0.457766438925665,-1.3280419660002
-0.28709325613586,-0.515345701484295,0.452127233616559,0.555542114425337,0.675361336888434,2.2190341765899,0.662906327610061,0.0531762706063597,0.0152077330360632,0.161407059038259,5.51384607647782
0.333080958943432,1.10038917911775,0.333220609236274,-0.578610541642076,-0.00124531250422641,0.931575200326312,-0.977524920395475,-0.0693931353707192,0.771481254127149,-0.888728536826346,2.18785774944902
-1.06879879356154,-1.10161194026865,0.105607507166895,-1.78966606829385,0.324332656279325,-0.688858172735015,-0.410224614924155,0.116120875505951,0.284049326698043,1.02448917676103,-4.32347317314597
-1.85857153637902,-0.621308234299001,0.235669992369624,0.58418186817176,-0.756141007448522,0.167954861490602,-1.5229547130472,-0.878468546367596,-0.25477503550306,-0.757600451871663,-6.80905719113389
-2.79114601403967,-1.99652200873148,-0.479367000873771,-0.774549394533383,-1.02656569588823,0.142250299190334,-1.7660200750844,-0.657365461970145,-1.24047136906165,-0.532824857810662,-9.52711262623389
2.22242311827622,0.289217287685633,-0.179609553641042,-0.494679072349224,-0.0950606001800869,-0.531117682264753,0.95162175548916,0.0799621827381617,1.19876539786051,0.268149156101299,4.86369786304
0.651153058028908,-0.364196900543542,-1.36444291753977,0.967402796293859,0.0778259380902561,0.399684229489525,0.532568411231969,0.155852324469385,0.80063210506424,-0.419832711696735,3.37935443068941
-1.07685839462753,-0.16073011881229,-0.236298337298644,0.957671433428962,-0.0767886165598028,0.334269626950009,-1.4991321055588,0.431255490076554,0.249053672135887,0.0925449107125889,0.290786051684911
-0.019289886613229,0.839645616779317,0.0410228897692393,0.00455259189572649,1.11838271561971,0.302861390813529,1.22322739791903,0.441223264262952,0.818241444742102,-0.0890293391883027,3.99712178108165
-2.12566765011727,-0.216635809798302,-1.51820822696645,-1.59169256476085,0.462416900034322,-1.69493049078584,-0.0626299095958578,0.309634248397812,0.481128157573087,0.547087056761195,-4.16999297104396
-0.019289886613229,0.997303938485369,1.56035880219409,2.04760829182368,1.72732585611671,1.33644562027905,0.53206930565193,0.41863743980152,0.642260592566527,0.24346536637851,9.39644217216544
-1.17855469897242,0.223153132056909,-0.209987871594876,-0.659625141930895,1.14938226969018,0.763358049131427,-0.142483837010821,1.23827582193171,0.643831049022215,0.518807853820903,3.89869780429289
-1.13810142123352,0.351883046533467,0.0709887488075272,-0.52818704014006,0.9989073546728,0.359142199027276,-2.43658525245786,-0.109468307300902,-0.443405413420528,-0.275661089160547,-2.39129845964277
1.31655867611766,0.237849736023325,0.118174619373556,-0.726974538881008,1.14445740438263,0.344052895371037,-0.644044831209319,-0.431990424101451,-0.146311048430159,-0.762282857617049,0.519220758378467
-0.282895743520407,1.00629297960398,0.0501334245650152,-0.6860219921452,-1.04222574806401,0.307456642702272,1.10898357309661,-0.147935855667408,0.279800142651894,-0.790845868271678,1.94521131559351
-0.127372583467714,-0.652059483563601,0.369470979700413,1.0064320911015,0.091648641413597,0.921235761203431,-0.428132578866264,0.306083594670009,2.05895947018521,-0.937736021908704,2.38011046100067
1.51741514541418,1.04980396855048,2.34526615451545,0.584433479926871,-0.237072028186742,0.392273625262203,0.967310008676263,-0.915886248404334,-0.604771241538017,0.456240394578791,7.73353073513994
-0.216426994891583,-0.76833997760835,1.59361795902215,1.01637461394393,1.70518857331175,0.533031659540486,0.458684377426047,0.869703340317919,0.671759786307295,0.135582985028016,7.1186030641063
-0.294808346162739,1.74105336511287,2.18315590455134,1.943507098185,0.0207560904582291,2.01212426590593,2.2242124065831,1.1133185754729,0.798098383247619,1.01529081098246,15.3441380321236
-0.081075973088027,-0.71039272558074,0.508356192951974,-0.639631562313249,0.225273293705157,-2.3135560851137,-0.2633004594959,-0.367191937812528,1.06213834851734,0.0815598295889429,-1.14295681992232
-0.306905815050089,-1.08521953438475,1.8556328279351,-0.00705811645352639,1.20579487415387,0.512403246595088,-0.0423094223934632,-0.12513908642501,1.92723073558256,-0.80503645721991,3.85664913168615
0.0753321970628454,0.564943607640679,1.93655145865639,-0.336152945999224,1.18311010426744,0.255311004373031,-1.22001377572401,-1.40147428831967,0.784751547986787,1.01257898751206,4.65672191981325
1.20075874894639,2.28605260669794,-0.176920164847907,1.885693061696,1.23876047856388,1.21060085948166,0.952395593637722,2.98255210889531,1.51423174694381,0.429381489256266,14.8020125810854
-0.849347900532068,-0.521891588800048,-0.452110638061008,-0.497402024814578,0.140844223408094,1.09462828851865,0.0736647033569273,-1.37508687277527,0.859190347801468,-0.997509742219415,-0.478128989060574
0.272539058976948,0.251014582260244,-0.54475423418226,-0.334004101458739,0.0332298355342595,1.58206666009044,-0.23408577373505,-0.144235117991312,-1.069845045801,-0.204022410709116,-1.61472220682646
0.872537517155731,-0.547825028729631,1.80433467505314,1.50322161952066,0.0964568642109702,-0.611310055560153,0.302086150981022,1.33569922643143,-0.190039186027428,0.629362969566279,5.68999859940142
-0.0918250580787556,-1.57771201933364,0.259330247848448,0.127806541161583,-0.9031747643654,-0.40856563854162,-1.57757747421825,-1.09751496692151,-0.178486804930955,-0.641290608730996,-4.90172921109965
0.536649153404715,-0.693405379427537,-0.922024679837812,-2.12323994749923,-1.08605210223032,-0.212034014702048,-0.862718745587878,-1.66379936993993,-1.04155692733919,-1.4888122318255,-8.98995938933982
-0.470565882309655,-1.30470588805102,-1.9661081654844,-1.7349301358382,-0.735994943161072,-0.473125855930813,-0.733080718163563,-0.0767855154966379,-0.445257500090657,-1.16829703800388,-6.62907753239535
1.09648855812161,-0.190525428952107,-1.06705164220529,0.637966152374547,-0.000328895356880063,2.04109268746564,0.681082640251282,0.0157165496669535,-0.238886059430775,0.0200365293145839,2.15303641818864
0.867659855761291,-0.295163410034458,-0.383462991948671,0.585373306783855,1.08889388410402,0.014033113920485,-0.207386615014244,-0.527599138823655,1.97880758834268,0.270772969371,4.68040345180173
-0.124400921011421,-1.32288707013281,-0.5365251891151,0.210414864776261,0.0745090166894845,-0.968902594080594,-0.566742884191198,0.42094235309539,0.247548961090627,-0.0743539888125139,-2.64565083647249
-1.03029345068658,0.227787078450428,-0.61143222718037,-0.508211436205371,0.212989276218513,0.338804782323746,-0.660471277794949,-1.11098694376459,-1.43417560476759,0.11963712993567,-2.54262195829353
0.840399784124051,0.250180730181703,-0.0904032641874419,0.167680627723703,-0.563597253906785,-2.12307702057989,1.5002984296653,-0.680002018810333,0.751773569249498,-1.31638646812526,0.767996784227854
0.0819253980669999,-0.215158495823549,0.946089476755933,0.0611991727441593,-0.247371782222101,-0.0709532215466122,-0.43420322595888,-0.930261931940098,0.897495261787605,-1.73276596909566,-0.843280292585342
-0.403229329891082,-1.43884200214504,-0.573941060990699,-1.03312863943118,-1.07578663888484,-0.175020953370161,-1.6357244132436,-3.08658831614111,-1.23873218062493,0.577511419803386,-10.1483504232961
-0.201438386367778,-1.35932627919024,-2.6957301230429,-1.79134229087039,-2.05929868723355,-0.603851945315941,-0.734837481803903,-0.760872369226359,-2.00174330743335,-0.434504347354243,-11.3299723528331
0.640178389243286,0.765883111031101,1.25609735823442,1.56699691017287,0.71178320102405,2.00563946439065,1.71806884306655,1.33664938783022,0.625813985564818,1.69820991619041,14.1737265212194
-0.208599148901322,0.489251580394701,1.22306420779498,0.489023498655018,0.0114145502469483,1.23840831230122,2.12019177163014,1.91493052783635,1.39150405592091,0.573463622784459,11.3479875091644
-0.472450821737301,1.17742625631658,0.134547703507802,-0.515318615663686,0.26487201874844,-0.159828587182885,0.707187849995265,1.11640410682421,0.512620454089249,0.765351833105207,3.21223337342484
-0.0733885793158819,0.0215980391426057,-0.375250166373864,-1.47616522694725,-0.27004714839618,-1.47736732194469,-1.52417660591569,-0.635631677821571,0.119194447922285,-1.81887375987085,-6.92400904303606
-0.311501357760236,0.144997907004824,0.0748054638859258,0.11863330802611,0.287501736265352,1.25065334803054,-0.421106115368204,1.93316533454097,-0.435527782818428,2.00141164078238,5.14392565083851
0.263024195437624,0.65289487709383,0.499307308793738,-0.590169687140341,2.53820787019586,-1.35827817616773,-0.0803140728017274,0.719307986192053,0.928064631733564,0.368583915563566,6.50234380271165
0.00492795583736329,-0.273480075893868,-0.613642871481582,0.266980237007541,-0.968230835724508,-0.603490753026904,-2.21434749546113,0.0433659109306134,-1.25701734038477,-1.06573998860714,-4.68008475895081
-1.10904159966023,-1.20324217426269,-0.435499968135343,-0.278617225676897,-0.0198756977080059,-1.20314484126977,-0.745841363547114,0.654770412181169,-0.444493294084605,-0.472739439598122,-3.36465911662955
0.506277264148548,-0.298295520975748,0.477884005821519,-0.46567511066237,0.0344637236716774,-0.860915492181545,-0.281854124418545,-0.179208273343326,-0.275336129840332,1.11979552510346,-0.305008456528438
-0.736585761351688,-2.86498492322599,-0.695576852774418,-0.635138527550067,-1.53692269464793,-0.761970377086954,-1.14405698591094,-0.345490944415542,-0.395305697176519,-1.12917900352889,-8.56706392106015
0.0413499576355727,1.17197888730934,0.237797659348619,-2.30875522771346,0.0130312349570546,0.182787017041563,-1.85514764964858,1.60052200840545,-0.393036955944235,0.0583465519708603,-0.582906259420941
-0.728812550438846,-1.2121474235753,-0.204469094139002,0.838590214661668,1.06508842624328,0.466687121738242,0.875119723704759,2.30280581281314,0.852571370187908,0.167217742281522,4.38002439295972
-0.284771726253312,-1.35531524194833,-0.705640221343817,-0.287004943017053,-0.615200486878689,-1.28543599536868,0.188165312926224,1.04710032314015,-1.54555537362753,0.332669567101978,-2.40438822341271
1.1128079426193,2.17563159915246,-0.208747620625744,0.106749150216778,0.432968361201129,1.25609721257894,0.595766564333749,0.397086963955585,0.935390501671834,0.723880174400217,9.00258460220135
-0.720180493576386,-0.391037698396235,0.911633703877976,-0.220591800745289,-0.148585406708841,-0.391512356913041,0.34953108000688,0.804941892207661,-1.71553509731784,-2.06400822702882,-4.05548100004796
1.11190028644062,1.45154587161299,0.296850003483351,-0.477216582734965,0.710937069873801,0.145017620151223,0.296236283689288,0.782218288188795,1.94633286773899,0.75676310582496,9.132303668765
-1.50246894069954,-0.847878614069554,0.0564644613006292,-1.66128667700719,-2.18309917057539,-1.47766005246891,-1.82613040436127,-2.04163930683346,-1.17630927143058,-0.124741827698671,-10.6652470753235
0.69196987710735,-0.271370782932059,0.189444120197173,-2.47660005667835,-0.897553772664553,0.335374769001704,-0.0944922280629655,-0.389738401040714,-0.137672448269346,-2.25841548914549,-4.42224619676434
-0.165749535866407,1.66813443093514,0.77087814002049,-0.231564013817672,0.647884923939182,0.924041362651206,0.0626609613711177,0.0251368407972681,0.699324470959461,-0.168341735823793,5.2586698133434
-0.28709325613586,0.812510890213141,1.26446756257282,1.25335190172652,-0.421835449227979,-1.19832516472836,-0.596934540219193,-1.18999451831004,-0.385246418921573,0.960304006562149,1.61865127824103
-1.15810291063827,-0.297269181763479,0.105896223023545,-1.11440312272777,-0.477589028802897,-0.552390666475558,0.00807687773719912,-0.284308283634798,-0.939487937233455,-0.17115040590398,-3.68155340269742
-1.17855469897242,-1.35234361358024,-1.3630483689221,-1.24911851985325,-1.37057242091847,-1.45069669891324,-0.356456187141484,-0.764272963984674,-1.55014713976023,-1.43408319913246,-11.9975491562612
1.59930189952034,0.335531560447941,-0.491798679979843,1.12456548536653,-0.242014009509164,2.1391663054743,0.290272104424227,1.24111960363682,1.3861184712354,0.0226958128277904,7.66959683264494
-0.611823307388442,-1.29859610153124,0.593955519767128,-0.510841576097224,0.765802269810207,-1.0693231323199,-0.534044145714718,0.0756351619900606,-1.91156021752634,0.446496982945058,-2.17716766431478
0.157400369597787,0.69003088573237,-0.0207262644724485,-0.203245480706848,-0.192727347770722,-0.648552967181152,0.601451672865217,0.309507628141765,-0.420491909765015,-0.527324942841565,0.463335468000438
1.43301777124799,1.22572588456657,-0.691968663743648,-1.60606895700624,-0.558351481941912,1.25430635936559,0.084049275430123,0.00993172433731518,-1.25484530858664,-0.78186980929688,-0.358926196952872
-0.329765672599166,-0.469857650953907,-1.38897391079714,-1.81371454731502,-0.818303050890805,-0.611759773494944,0.0917739400063465,-2.00350214469287,-1.37282147381511,-2.08971281384175,-7.70143927024027
-0.372566559142716,-0.403066918332304,-0.49872434212973,-0.56814766860459,-1.21524722320252,-1.23314722949484,-0.537449103632694,-0.151161118609093,0.270804679379598,-0.0209723916931646,-3.27281298351708
-0.218914951072393,1.17515103201112,1.44796828502198,0.186676071193507,1.11089744902364,1.68350161228855,-0.310067070536019,1.10470673163016,1.83049977482351,1.41121438944311,9.07117888803673
-2.12426743043194,-0.986405753708021,0.379250968513911,-1.41037894566015,-0.0297296922804028,0.505855392515812,-0.767917754824875,-0.650481505117973,-0.0897661911079661,0.336858847076918,-2.61305223827766
1.62185846961103,-1.46797347009175,-1.57741889595211,-1.31498308387355,-1.70081910323823,-0.713975135723843,0.0636614102469643,0.63913634464705,-1.0635624107466,-0.4756448681982,-5.28398281221807
0.557814117887036,-0.258575348541248,-0.338639694157748,0.802360087441649,0.917039454540394,-0.276506459265688,-0.748408819374572,-0.107579930963531,0.000532512562516935,-0.0556051210638634,2.31650809004776
-0.759149775662575,-1.4788028855076,0.466036659347316,0.154472399819021,-1.24309736177406,0.420986432893137,-1.10700346633237,-0.6184391282129,0.517972831659384,0.530654994496526,-2.75107595046708
-1.31974267377121,-1.39429500502595,-0.489039520786206,-0.824974783440084,-0.0631081881261678,-0.810973589871156,-0.809994516145674,0.419909736779078,-1.93087752698,-0.672401473888673,-6.85792754820825
-1.38871498006262,0.574059694048933,-0.0945500808511261,-0.0939407832638986,-2.10598535437649,0.274232820256725,0.00375094155214306,-0.161709388501146,0.855356651071865,-0.672744686564543,-4.46585123752499
0.719414964385484,0.70834366322756,-0.601613447912438,-0.343398710998531,1.56488958642881,-0.21095223032439,0.48028746845946,1.34838356849619,0.0723592902785579,-0.225095473680359,2.09547193696774
0.633387225766099,0.811228817285074,0.798706992524435,1.02228495495877,1.31667982470888,-0.869065456717226,1.00963899540978,0.520483379880644,0.500584233601741,0.373187991587325,8.59544852843204
0.628196053627876,-0.0794632547328881,-0.445976026503253,0.695308958319769,0.69546804280225,0.0451442842609894,0.28574621178205,-0.391986956533811,0.406459305983446,-1.17438348053416,2.47626493695125
-0.975225177567612,-0.563063780028294,-0.306775174847385,0.148259266301674,-0.818454547414677,-0.298279736064264,-2.09983289207716,0.249635326368478,-1.12473049488391,0.0879106781305605,-3.71861608163822
1.41344931593849,-0.0192845594811095,1.188036146013,1.68393342075551,0.412266731156268,-0.0460651767643846,0.861897882040754,0.788081950022991,2.55515576728385,0.224833113416024,9.16053981644101
-1.22478448391395,0.307730169239463,-0.898260269783777,0.0534845324389266,1.16349743614211,-0.123584291488207,-2.34531961486465,-0.798906991429729,0.290975148568896,-0.620946304069365,-2.85920736990462
0.253760403970888,0.356822157258384,1.50346370598304,0.489986271804795,1.76764060997815,1.19333197770204,-0.287380267264039,-0.440457298728786,0.317223468689961,0.881451657707393,8.25153498592625
0.867659855761291,0.240286763890787,0.372037884205891,1.02417756748175,0.89584763380936,0.0145597332018458,0.599936139765634,0.129359042481887,1.47961985964532,0.124945617280822,6.45449651082718
-0.916268597042792,-0.619751172913224,1.12711034566755,-0.731746665837067,-0.647453222799219,0.507676336765516,-0.0867244167092138,0.578757204055041,0.955841937082049,-0.97930345126238,-1.0450674682254
0.994755026431749,0.623110120978542,0.0768153158425456,0.70358708817162,1.22985450817317,-1.37008915794018,0.613689790561675,-0.54752254885054,0.590698709672493,1.23781441653822,6.26659391549172
-1.07552073148143,-1.40602656558604,-0.506736210137549,-0.199596397877203,-0.460650533427424,-0.664815538475889,-0.310513647114609,-0.718970356386399,-0.283727471362017,0.220423281761899,-3.09177104703646
-1.85857153637902,0.305072330560717,-0.804812945437121,-0.369475503765924,-1.51942000672256,-0.322386411539705,-0.483335121319251,-0.270527515869537,-1.43221479099811,-1.01185246264782,-6.34386131656467
0.0413499576355727,0.526327031116944,-0.249400125112606,1.20100383036391,-0.564718327737872,0.330441091757543,0.241131053258304,-0.137771785775342,-0.11469172815797,0.297380454507725,2.38282674868589
-0.28709325613586,0.908062599439583,-0.150159831656696,1.20204414730273,0.590719161268169,1.75465568836744,-0.905488684401474,1.36815203906489,-0.477033115070864,-0.169750331626268,3.72083113091527
0.168860161987689,0.143465462192371,0.00857625705444999,1.05692345232517,0.925131573173818,1.66326278985381,-0.294139714865386,1.44073218617971,2.3470201537666,0.0833363662444364,8.55882906538551
-0.0854859305944708,-0.41255941875567,0.388696979396413,0.0667623079681364,1.09807053362147,-0.00633175548405662,0.972193258987811,0.711273060051936,-0.353052028781686,0.744648810877137,5.2046659884668
0.481702106433203,0.943113131138791,1.8264099397161,-1.5547790336791,1.87830524401706,-0.314403638660492,0.926111318399444,2.185960151327,0.964672169217495,-0.165175820646132,9.70961468760004
-1.13518977837165,-1.42647083430891,-1.59094382828171,0.344585760714888,-0.538136488750476,-2.32236296904892,-1.23234936174697,0.515443380715608,-2.30494012739386,-0.232415820686759,-8.43519345471574
-1.94834308240656,-1.68631943421555,-0.453356366733456,0.463654929154974,-0.362946746872792,-0.480962954305676,-1.35989182150282,-1.01173879274091,-1.50059546928381,0.851722793532714,-9.85999110724125
-0.807259018186937,0.168585273007638,0.99079337369309,0.761621166498084,1.34935698785411,-1.32815523898001,2.26353090772706,1.16054186812006,0.612754589629461,0.64154586342121,6.32581236076997
-0.545122325456314,0.912450130851664,-1.3518928820673,1.06438287783214,1.31716161892114,-0.220219443230779,1.57712743101093,-0.409504119807191,-0.38507208797182,1.14987166787605,4.0099431550021
-1.15125364720748,-1.18908483101965,-0.287919136086936,-0.470289953914408,-0.181857482553803,0.629129127249284,0.165181013111473,1.2418324969172,-0.556505027369889,-0.744117729766065,0.765018740161094
0.463823254042387,0.933357947661121,0.143609660780259,-0.0624523559168357,-1.36190338638278,0.144135995776801,1.64185205357693,1.99948947087635,-0.0713932454306123,0.805680738967023,6.38522353378796
-0.0733885793158819,-0.303075991660898,-0.0173338894308773,0.979036195153853,-1.27555821310346,-0.854391441336068,0.00064178691244726,-1.03487103130198,1.32232218959164,-0.0554222763667065,2.13017084730701
-0.0854859305944708,2.05848761302598,1.10497617906805,0.676459733447052,1.92433606363492,0.824273247205079,1.00906484112612,1.51985257064693,2.05424479685049,0.795478421549275,13.2151960583064
-1.31974267377121,-1.88439861547937,0.729655569423464,-1.374270363929,0.886566488434683,-0.672852916149818,-0.599048956693905,0.326323584629502,-1.4300242355203,-1.4353396246621,-6.2874120724822
0.642843460481423,0.0888760405223664,1.95011415669995,0.873787449744029,0.400430316316923,0.209876110078544,1.04668643796642,0.439853395254229,0.387202306433744,-0.382004748626361,6.23915420871101
0.715720073438648,0.0938509316327953,-1.04330816982055,-0.123882022649186,-0.682117283222509,0.564037446315424,1.94125894370168,-1.52927387759064,-0.356296021237832,0.668329724508706,1.42893291403464
0.263024195437624,0.696565416660496,0.860165154288515,1.36431687214492,-0.276656187015521,2.23651030901082,1.49662917471846,0.563681326060927,1.87874654027571,-0.838124489617436,9.52311875946686
-0.0698466476608966,-0.525486286224284,-1.43234921709857,-0.719599625539984,1.34744899917218,-0.620064951959036,0.105178877897131,0.0115004342850646,-0.983294825496714,-0.509737201032029,-1.34704578775755
1.30088151794474,0.49528710956783,0.302149594718847,1.12321265513519,0.346245254410466,-1.63373804500523,0.0647771792823029,1.35556680434481,-1.29194285767486,1.59952994614236,5.22610675843465
-0.759149775662575,0.269247136741014,-1.20012111435753,0.866637527617265,-0.471141542345819,0.0128413587993899,0.113861381074928,0.725632454117275,1.13612925007915,-0.391187875163676,1.76574536455103
0.858285032663761,1.28466983576428,-0.324220501167215,0.583884708310451,0.0389275355987703,0.844231316974874,0.833052683036527,0.0963046416999384,0.685052334608603,-0.641129065351357,4.6787297017623
-0.545122325456314,-1.6280882638167,0.630780328899953,0.899125355535981,-0.506314252571245,0.637620925561036,-0.124348338298158,-0.219498105590742,-0.196233407278369,0.680173831058082,0.132803409142726
-0.529760636143811,0.00982756849469621,-1.42836135364823,-0.529976435373922,0.0818822412595521,0.513152559163701,0.159355509436702,-0.0993947805349104,0.0658141872030202,-0.270092191225402,-0.987837308610696
0.557814117887036,-0.175888271399747,0.0993403345528988,-1.50028611774371,-0.911999374343734,0.76875344758202,1.32417942165612,0.0299918057681687,-0.481112977187159,0.515502394329927,-0.357702666657675
2.90193274803211,1.38514536231593,0.268595326815468,2.77661343986813,1.23405562150126,1.18347573301951,0.706326855085787,0.243542901456608,1.24840107094501,0.892459140813117,12.1642556533793
0.192819006532791,-1.69697119644667,-1.40189923761651,-1.18207285566318,-1.79956071763887,0.290319047324842,0.522603676585589,-2.34083103213059,-1.8211589482488,-0.639215063392885,-8.18997252795297
0.0338366811853992,0.807688888463072,0.0402282847304034,1.14847076374969,0.507058285459378,-0.996303512523851,0.301483685919964,0.172378030803848,-0.164672037593203,1.53359273288688,3.68744388213561
-0.531138708930751,0.57773383095302,0.068215923403516,0.28885404362789,1.18557088734686,0.311363409723158,1.37518271877433,0.885224348031881,1.05143945763334,-1.24469480564572,5.85790522818999
0.332324933797496,0.389580475738876,0.590990113711966,0.73306673448317,0.985526365124624,1.72021535021187,1.44290009270458,0.46218396055945,-0.024772216968716,0.688200314789498,6.74158049123974
-0.127372583467714,-0.479578479347015,0.457284425223681,0.697780414217503,-0.347658119441018,-1.40994605793338,-0.192130604929898,-0.88898319435219,-0.0900931836560448,-0.246746607883677,-2.17448329780603
1.11568945516,0.275203899801015,0.057570491256582,-0.450840266298067,-1.15115894849705,1.25704495494548,1.41453480483029,-1.77690180580896,-0.443692562628801,0.0961182304273871,0.773232664480461
-2.01062729568755,-0.583961608049042,-0.630279203180113,-0.0968044521259604,-0.289689509242103,1.13338179397887,-1.39292225927682,-1.18834135596043,-0.8962294390459,-0.225235196322038,-5.34089787974394
-1.40291941587896,1.36478142655713,-0.111877642213748,-0.0813170414230261,-2.49907213079993,-1.78675465414906,0.281725063364199,-0.3506128546908,0.669458116106534,-0.632404109718275,-3.21455943752877
-2.16941069584695,-0.916557446307455,0.496401854911379,-0.802935177103141,-0.466037706723403,-0.694549737273147,-1.62100640609721,-1.38712612409024,0.59879282004864,-1.54324082549655,-8.263978354822
0.416823536632591,-0.433719678838591,-0.577088105927306,1.30311159542348,0.323364512916518,-0.00782055633162614,0.463122233356652,0.414483983348774,0.423146641415216,-0.418569920515363,3.1492571170773
-0.162804824999334,0.651081534582219,0.798704738300949,0.383145420186873,-0.271092950754622,-0.322675309771175,-0.288392671207207,-0.0349812487851509,-0.192385357705759,-0.759562757840533,0.747762377947063
0.867659855761291,0.573059654854476,-0.775095828765478,-0.0453425938399299,1.19758402099253,0.610722565823003,-0.261816293324401,1.03911866978177,-1.17691715322038,0.997085232958162,4.25495216765126
1.43301777124799,-1.02617422547095,-0.21899131386089,0.0753856390432647,-0.463385865743104,1.45527757904923,-0.936683844901956,1.04003934516535,0.521293208350394,0.290461874496389,3.31162003238331
1.30088151794474,1.18404277415945,0.738305651844005,3.02396025191297,0.648172677482387,0.330548043664306,1.39986942545163,1.22653845548045,2.64937319397314,0.0229602593031675,12.5527858832744
-1.97028187904477,-1.42633484286478,-0.833776696595643,0.0410069084331953,-0.0630387293500023,-0.0101887515883291,-0.236897540328906,-0.691850285402581,0.173668867572931,-0.126451037161846,-2.50204991973686
1.41344931593849,1.06309840691327,2.84850832172834,0.40003712290918,1.12759091864119,-0.194069279166821,0.485713529327772,3.02125629134995,0.236563202362746,1.0294927137706,13.0949131676635
-0.121377220586646,0.466551827806343,0.976441895070463,-0.620423604536003,-0.751483555214374,-1.71086477040973,0.588888067626063,-1.95906969294382,1.39437662408053,0.228550375895986,-1.58488950690725
0.330971075391185,-0.842292883362115,0.468442996794215,0.564295558592457,0.349536433622492,-0.366756192695207,-0.380993864701902,-0.0709649237534128,-1.63812045120126,-0.521841513813873,0.379629264150765
0.845946162250905,-0.79257100696281,0.724212873350677,0.0360246784206286,-0.6175286505649,0.184972220158948,-0.305509953718978,-0.930396197411481,-2.80629475943044,-0.311552301064437,-4.6686832457576
-0.324004957475618,-0.512774085819811,-0.282714614100733,-1.21014979931925,-1.09987519234307,-1.13375021614497,-0.772767118663533,0.18944664927734,-1.2113215022392,0.114796508842057,-4.36762061176549
-1.31974267377121,-0.348039005841353,-1.7184922175373,-0.820065666822998,-0.139761890256946,0.00372202054738291,-2.06748652275863,-0.127274740405857,1.35980456657918,-0.168974086354864,-4.06908487110947
-1.65339818613897,-0.54315923788447,-1.27910981606601,0.118834311493056,0.545053891581923,-2.27744055923401,-0.157142325194574,0.0531810529060189,0.485633172486159,1.67746948653747,-1.95012207978161
1.32669175207705,0.963836313169593,1.0331215548802,1.34355958177229,0.00278497553273094,0.963106660240795,1.30038422455134,-0.527179194126079,2.93729778178334,1.34147587434251,11.3883693054485
-0.23237252360816,0.017646778771348,0.576999132529082,0.828904525703366,1.86740657707929,1.36806101781153,0.730866929735869,0.136259356886765,2.38653560665945,1.07363929842702,9.63496636641892
-0.617805980233754,1.33277118378891,-0.404301661697566,0.661511468608135,-0.341601036552028,-1.08110380915659,-1.55042246865995,0.485155614513861,-0.869385828245274,-0.998147583645927,-2.15419727842509
0.380823371209657,-1.82021343302945,-1.41772478173365,-1.15238560226551,1.28669788323647,0.752612612208455,-0.972719691143353,-1.30539927747157,-2.09557604609086,-0.345626101425645,-4.42856997023934
1.11190028644062,0.934019932669935,-0.077053320322075,-0.344057600767072,-0.222231584717038,-0.100047372074537,-0.601316002089134,0.908868285327572,0.243499555875085,-1.28891572647519,2.05192147030447
0.494545479477143,0.56223869229204,1.06996371235699,0.642228115072734,-0.228764147951377,0.0555202895596909,-0.700955883007415,0.219040019913517,2.39024047786463,0.271172181705744,7.0649099903205
-1.49087403472401,-0.547417168605524,-0.134905342206695,-0.657419008885711,-0.584268657476806,2.24576142908771,0.355336232230684,-0.4209615012513,-2.21894304288228,0.03810878334016,-4.90759200617488
-2.12426743043194,0.337173531800247,-0.536780802686391,-0.632839980410103,-1.84370993188551,-2.78005746890253,-1.30707260870053,-1.06570708507991,-1.75426985425594,-2.72934541226335,-13.130782938289
-1.03029345068658,-0.694271718230942,0.748177541448291,-0.762783094465092,-1.38157910289487,-0.642216969227488,-0.462765306818006,-0.659544126337773,0.982751377308883,-0.87629956727619,-3.79274556567208
-1.32681422613015,-0.392719409166774,-0.708639787542102,-0.192359471430609,0.328419319633738,0.334724021519283,-0.333136153660139,0.0250340920831604,1.07680389646314,-1.04243408839646,0.408536031200325
0.721919675265511,1.02768676658293,0.182982542206233,2.14183855404474,0.461150802626588,-0.500094865820471,1.06672165492667,0.265313782573751,1.42107730417797,-0.374701975988927,7.01402155123559
-0.364991312883564,-0.194366258456698,-2.07556324119858,0.515689855281924,-1.24594545969728,0.898818903618166,0.523115718239559,-0.74775222884319,-2.69000799836052,-1.312259285804,-6.3267243678155
1.03180390745308,1.34787159703521,0.704663413958283,-0.704667450411198,-0.0474280338561662,-0.0725376151916059,0.817842488547465,0.959623624421517,-0.0983984924355624,0.0512169676358577,3.31560834453468
-1.13810142123352,-0.288817026293699,-1.3353522234795,-1.28123733158569,-0.352087606636741,-0.472033025715844,-1.56110876587574,-0.0632386081975019,0.156705482594687,-0.795249766973815,-5.53583898479446
1.60404204892235,2.39258198527378,1.59141867341038,-0.908679015910683,0.560755348733685,-0.684696482193848,1.88655096069193,0.175401841823407,2.42496271424829,0.386245146608604,9.67910316679886
-0.227760734840427,-1.26578960103892,-0.552104167312762,-0.615317755660271,-0.204152106864681,0.296196397976883,-1.22973751379476,-0.335994338505965,-2.39782829086611,0.110324492475037,-3.0878261338691
-0.568634650540174,-1.27671272463997,-0.842112096516734,-1.30388961893509,-0.942732612038097,0.97109388573412,-0.284053343308803,-1.16951979712249,-1.30461472022204,-1.01227055328917,-5.42945180553383
0.0322268223959718,-0.369233009130634,0.11084385495325,-0.319466223223361,-0.85543199465046,0.51873814068717,-0.998400674063353,-0.129242225682136,-0.754732467725677,0.0481024546923258,-1.51346957422907
-0.736486812502384,0.315002262730348,-0.318820861489137,0.992983586916336,-0.231887841721438,-1.31427424920161,0.192553649806987,-0.706325953269362,-0.266692901340483,-0.885246376827473,-0.869602513461488
-1.31974267377121,0.908286907413325,-1.21735530029638,-0.339260385631525,-0.414934461284477,-1.75927119951957,0.290652053413111,-0.611315323710805,0.0798645211518267,0.519986805520474,-2.79052153677136
-0.480858042932076,-1.07457933934909,1.16548252427372,0.459121612947754,-0.841020673095972,1.46859087426495,0.465001860195026,0.903401255815768,0.33561367439395,-0.770498790083412,1.94681603236787
0.970048187619298,0.246881299783192,0.263009574613834,-0.55380321336285,1.92105723734776,1.2034643179171,-0.00288866752727757,0.712900507819439,-0.568527168260088,1.65822172592834,6.19944119465366
0.0269789145306223,0.68168148813272,-1.58218156455091,-2.64063715731321,-0.0696432142856767,-1.47764682644883,-0.703942150230837,-1.30211307198315,-0.755695793740302,-1.85652982389074,-6.21788049796892
-0.104427487982856,-0.12646665104754,-0.449379647909805,0.102884508394142,1.36098473058167,-1.93929266681693,1.23350199966466,-1.67157127502197,1.34878950341068,-0.0811324378145309,0.565240516203049
-0.737468015843561,-0.989052068455148,-1.44845278665624,-0.48571017999018,-0.986448671036212,-0.516611316312214,-2.19734942384774,-1.00762905980016,-0.923615828877311,-1.30825638534814,-9.09229968025891
0.0412132894197882,0.685422011461481,0.106468779698362,2.60200184067147,1.56972196369536,-0.481126062530184,3.30477053632559,1.34454083206586,0.577533349415853,-0.175684088487183,10.6827147248623
0.834398160969784,0.16999972702262,1.51050994528597,1.00637823126149,1.40569775659362,0.833188993832325,0.465568414217934,1.31734279655525,0.34650195727433,-0.845371561502336,8.20279795883004
0.721919675265511,-0.161328265651584,0.411816061988229,0.61621896713712,0.875809305809904,-0.440665094351279,2.21898038389318,0.269912670281943,0.377321986468488,-0.314704379435238,4.58636014176588
-1.61201572663499,-0.278104016837941,-0.82148267554603,-1.22372532244567,-0.973861309625808,-1.44747244088764,-0.116756310637675,-1.28654902650698,-1.89007789914301,-0.265346752824689,-7.31924796973219
2.07390559034128,-0.4076342749366,0.720968217827667,-0.670290510570189,0.866270397178115,0.799331448719754,0.944777931043142,1.0415701011712,-0.412194127841122,0.403629603138351,5.58727691956174
-0.817234439840502,-0.303395770062323,1.21602904467401,-0.0254191066501375,0.0347743560135646,0.297908893186839,1.8172503857543,-1.47285660388384,1.48727602293569,-0.77009690599848,1.52488008942296
0.584599614640666,0.255539423397799,0.644686984900593,-0.0703122158616582,-1.05156286460764,-0.571241747074362,0.619744889679089,0.962875523844115,-1.70286977403779,-0.184391118899697,1.66034019755026
0.865627104140534,-0.342748463548838,2.28831577994866,-0.658568032818542,1.76866131564396,1.00689244727186,-0.484272469005591,0.612927435630935,-0.197474000621654,0.364642642627112,8.05911568402062
-0.778495010870845,0.86850780010728,-0.629884137195091,1.6993715513185,1.63448377331323,-0.827044562144385,1.3414250531254,0.921498556661504,-0.605175602697941,0.344368676982073,3.39296464222486
0.426530448944466,-0.623233546498285,0.498843861884477,-2.24052713543348,-0.936045140019729,1.17855888534409,-0.273139113205614,-1.1394872803974,-0.632414183266,0.407982868064952,-1.42488369768759
1.75174767842075,0.973788147119732,0.750295311802043,1.93996914595737,0.844034087278713,0.786703289111525,-0.413010341749826,0.519100936273285,-0.402977460575201,0.724062235890551,7.64377839430455
0.886472230405621,0.9752171047327,-0.425199267393299,1.90034872662899,-0.56254087416692,0.604737222186255,-1.00676570802253,0.0813435853100825,-0.41889564129599,-1.06377411245279,2.11924065728313
0.666665786536312,-0.693847247020849,0.599011756603928,1.00383973563113,0.174066697375495,0.192669649111649,0.661382759310459,1.89093261307727,-0.570625233497232,-1.40591123253373,4.48904358745634
-1.23025737333234,-0.618181058275176,-0.617085240518502,0.623633668944397,0.312972903584936,0.180468390420729,-1.02229872646252,-0.849445579603626,-0.61436100615589,0.547070403593614,-1.25623566029639
0.523772345965852,0.528835898349374,-0.248699692796891,0.490442784334399,1.8051731823729,-0.61081383628869,1.33721107163557,0.394334766679224,0.200192684473214,-0.290326534579837,5.79571175561852
0.0712532520210853,-0.192580215351354,-0.228727608499128,-0.0457901755318413,0.546302069400095,-0.0421995517389448,-0.27651205015682,0.158184239740985,0.710545875133752,2.08079050699548,5.69332953996693
-1.4279110135045,-0.490595598795172,-1.14470692873623,0.478162052133434,-0.23494699296299,-2.78833415235343,0.657560083383069,-1.2874694099225,0.632856509214733,-0.493181608994817,-5.29532729642702
1.34656463755918,-0.0308936287854846,1.56987828805423,1.54996620937297,1.3414885359494,1.26405754691494,0.682745017802822,0.38188042209859,1.27348992477352,-2.56448748663269,7.58686433100564
-0.376426805190789,0.595322464727897,-0.299411819547802,-0.697033085098039,1.57522495212695,0.6929169410535,-0.568207535587951,-1.22396340540298,0.0282796206356171,-1.26864521377021,1.01407284729527
-0.480858042932076,-0.901035596142233,-0.543847061957124,-0.169237876231604,-1.03916155849661,0.0802845288554184,-0.042906489029823,-0.419720924701235,-0.647024846812315,1.05702617565133,0.338657194792366
-0.669101965070357,-1.15858380253577,0.113415540265095,-0.220528016590772,-1.53161829189803,-1.10115620745601,0.570819397994379,-0.581955972425434,-1.09674899244255,0.444205843045815,-4.61712426978896
-0.392973503828972,0.338822772232911,0.600748920628507,1.28564434994281,0.642937719623821,-0.380804154021752,0.417098539870923,0.778697808727369,-0.292982899934244,0.802565036427196,6.24389067090598
-0.617805980233754,-1.18227644284551,-1.164540328479,-0.0770315973902955,-1.27788886186878,-0.627074376063119,-1.66483252032619,-0.851386304959401,-0.992175055551169,-0.61598496135295,-7.38828052899886
0.834398160969784,1.27782954124724,0.621960066924468,0.805279934538423,0.736924739106639,0.218794954334678,1.42504533481554,0.524052244041991,0.468087985292494,0.620689616879916,7.71965091976481
-2.16941069584695,-0.540400370485893,-1.03070920422879,0.272806863350513,-1.46371216261115,-0.201287080321305,-1.00299929246962,0.683753828258812,-1.17843639778671,0.973607031823979,-3.43541084821151
0.57856873299651,0.0430292236368994,0.301545708979067,-0.600905310668281,0.194373197630074,0.194221303686124,-0.674098650238241,0.956409759831043,-0.651193594970535,0.0459956443366353,2.41812343914943
-0.142046931664817,-0.0601653294181303,1.67984064142512,2.21168449790173,0.939764864604335,1.28079606247716,1.13177229458293,-0.41986481885619,0.7727384120681,1.98542985035856,9.62998353321472
0.633387225766099,1.32024692072742,-0.464734938110806,0.233478053296061,0.51647359071426,-1.10026544124767,0.629316655504926,0.229558512295084,0.447872418607969,-0.510452751494339,0.867486832002659
-2.05333004040611,-1.09602409547951,0.652124283729452,-0.769724632054927,-0.335726863110155,0.81608853509953,-0.275222586090117,-1.11190888204109,-1.03850781098588,-1.9457163760955,-6.24015783790976
0.715720073438648,-0.459081123964993,-0.253887875011195,-1.86636770855676,-0.439788004772096,0.313226001664214,-0.77436505678059,1.09878712777805,-0.932272516209433,-0.151149083956806,-2.61930465378867
-1.57055256404084,-1.26936560957441,0.887534895122439,0.968144982740736,0.376945874638793,-0.243340900613395,-0.60454543477718,0.0297064207461708,-1.36330047752578,-1.85564017370874,-3.72720179322166
-0.568634650540174,1.70552795733062,0.624627504119724,0.149652433612587,0.224973467254424,1.68499081572809,0.941597550283388,0.927958357739271,2.01828510016062,0.923775235129673,10.0674508958619
-0.0895059810617629,-0.149860216257285,0.878587661832653,0.768220991865331,-0.714746516449365,-0.0184300563216351,1.16076948881889,0.589277125421596,-1.05348027513909,-0.538410832147068,2.20137093430272
-1.54820331307604,-0.0112565548399985,-1.55630269553354,-1.23013510362686,-0.234232226069935,-1.15676601720726,-0.106474835434547,-2.14272164306388,-1.2076550492965,0.944524881478481,-5.49831791941508
0.865627104140534,0.0726681092109586,-0.66606655721015,1.18320062500903,-1.12596716233004,-0.175702800379927,0.862965192800728,0.995872772083328,0.257103516300774,1.29697370929946,4.21386632887321
-0.324004957475618,0.355988543191062,0.569821070314744,-0.61206481411253,1.53275888554497,1.53990126034584,0.106685072092225,0.908172400024018,0.071392973892051,-0.411654721700511,6.2924432694219
0.174022117109024,-0.425375699556709,-0.889067257622123,-1.2095893264407,0.993215176477492,0.11962111689192,1.27152473660011,0.312034203889375,-1.25938242516348,1.067137896921,0.0809400539948282
-0.206857836918733,-0.247369400754933,0.946071191489981,0.0112900548593275,0.15635322386816,1.24904209602407,0.406212640567128,0.135674848203672,-0.607003285487972,-0.178691195611438,3.61646498936686
-0.019289886613229,-0.335709058650258,0.421503345751544,1.10340359266469,-0.0610104332539347,-1.97046064627314,0.75530689565825,0.242601000781735,-1.21627635585367,-2.0272444866488,-2.46605814038552
0.57071230015733,0.55019384324775,0.912538986044489,0.528599286685752,-1.25965560206698,-0.683418314611015,-0.511763219952734,-0.0730909429627019,0.51151703806889,-0.360723847562606,1.16217838596048
-1.54820331307604,-0.260118706977818,-0.4898954955283,-1.04581246949975,-0.228793535294645,0.586091507546998,0.319975942144404,-0.0720175981549699,0.310111862786345,0.352176418404709,-2.1909574077111
-0.916268597042792,-1.41390694138046,0.268207582250826,-1.77968527017304,-1.68923586407632,-0.635401405185547,-1.41687262030402,-2.28249823941322,-0.912079209100119,-2.00949710501561,-10.6684504972869
0.71842430969742,0.640955215839932,2.37459022483629,0.850720177498315,-0.260916024809499,1.68154647037229,0.342905213871619,1.55880905557355,1.34135769166446,1.31634418160212,11.9784750409751
-0.488212436173405,-1.52449973218233,-0.964252601786219,-0.679557120316545,-0.522493493387169,-0.38361771583379,0.597671599503415,-0.0636801483399019,-0.89077173057163,-0.0280876714162981,-4.26288585169836
0.159106433453261,-0.41535223399056,-0.182638932134499,-0.028974729217791,0.141189749145828,0.106325276761928,0.066748200145972,0.11800229729738,-2.43233457519193,0.417259489320526,1.16773309734675
1.30088151794474,-0.66256649033154,-1.28752998115922,-1.78011162234501,-0.894591519128677,-0.317710840565597,-0.414578490284236,-0.78740188412125,-0.147863735273378,-0.311175904026361,-2.2448384214604
-0.27835536922847,-0.500522647910667,1.22346400562226,-0.00684716442086336,-0.0126721245130744,-1.72041693924228,0.190710884969683,0.26886563758688,1.06439998033914,-0.354021909729494,3.43628488467142
-0.113095779424039,-0.750124326043976,-0.253183430168544,-1.57267974417939,-0.551411402943455,0.268208208768575,-0.396272993402941,-0.88759856575996,-1.17195201368382,-1.45489494899351,-4.74165820081811
-1.32681422613015,-1.49157728837945,-0.379362353063944,0.875122357027642,-0.226560698376732,-0.70133640336303,-0.520965608915002,-0.852975058469711,0.298739605529581,-1.42905752625972,-6.66976816821511
0.282022026043023,-0.61650697464241,0.287092675455198,-0.0138066952420063,0.158610852008424,0.44264379491523,1.29666501749525,-0.848134341422375,1.21960872538017,0.452186888975084,2.42810716668482
0.65783619243996,-0.20074185728852,-0.381344774546168,-0.187490224297417,0.96235758633104,-0.31028518523914,2.43819398800913,0.983562292994374,-0.363742249322108,0.0903805041317073,7.47240892833867
1.20075874894639,-0.739465255431593,1.08891810815706,-0.330788136652422,0.131387412082697,0.956445160553139,-1.04711858377405,-0.666241380419098,-0.162662871056546,-0.143062492659332,2.80175732818427
-0.0918250580787556,-1.89352434014417,0.013411866941239,0.574555304530725,0.621617690936949,-0.0504715183013923,1.7867299218396,0.60500465023756,-0.664818681627246,0.305531752473258,1.12746844084754
0.715720073438648,1.56888542814341,-0.30730960798384,-0.877685584864493,0.208085327433108,0.0468127624248603,1.74076573228343,-1.2427585111637,1.01383265200236,-0.508097960388157,2.53503265246302
1.48232784786515,0.0511318817053865,-0.620270629797557,1.08729916065034,-0.705908698593141,0.856153007835239,1.80326098551382,-0.847558347352995,0.718675217736661,0.089919802819734,4.80088284817848
-0.165824901450155,0.735363941696604,0.80718536199175,0.0680604933691834,-1.17616379757512,-0.49345450739576,-0.272534490885107,-0.515845366890833,0.726339826014532,0.042716046912717,2.4226648589966
-0.720180493576386,0.163194171763185,1.33961035787383,0.888984630409211,0.725533688223156,0.637769157377936,-0.295931966902998,0.328683992994887,0.984326595086551,0.956061258838583,5.15002506366842
-0.142046931664817,-1.17450311352863,-0.149450429269144,-0.449418467758934,-0.371740381395675,-0.132164292102306,-0.632948354055794,-1.46298694404786,0.940979107477759,0.0962199740667827,-2.36897294156162
-1.41010727384402,-2.40004516282775,-1.51165595162181,-0.474582374150384,-1.3427840015872,-2.18938687535872,-0.0460395332005876,-1.61448820561359,-0.503557709267268,-1.74245829692501,-12.4887618512416
-0.376426805190789,-1.56946328580348,-0.667763368624492,0.238903555268093,1.12401168494093,0.519569127403685,-1.3839163942705,-0.734832463673848,-0.475687345955183,1.24898820393439,-0.394951549999718
-0.759149775662575,-1.23303525544338,-0.918374674468657,-0.887794705002893,0.845208787398473,-1.02400369065732,0.275714501218558,-0.970218956489941,-0.0899861365075444,-1.33812639269991,-2.56243223725228
-0.366444172232245,0.065502161276573,-1.61415203652138,-0.438013466293291,-0.362842160470162,-0.661395208753078,0.792629246052867,-0.890493458266312,-2.46392347547441,-0.390272275953246,-4.75850587332592
0.159106433453261,0.922233964322145,0.811304349465657,0.622111577369165,-0.0282718869039437,2.00761967978611,-0.373308666322021,1.28109288648867,1.11808420741402,0.343902035621163,7.57704706910266
1.15215734847389,-0.240432583504831,1.43677591220727,0.637396280600912,0.397182989871021,-0.750732374187396,0.927397110225932,1.06543215849957,0.522934845213035,0.663498424345411,7.41975425242473
-0.0386990476205184,0.390309995298183,-0.289239322768186,0.0953182131238469,-0.00742530007082691,-0.823077929495507,1.29594207892171,1.67179661169037,1.27734462450563,-0.276762732899346,4.79448593389955
-0.033198394259452,-0.246541150683479,0.84787133600002,-0.078459855033877,0.91495980988217,-0.753731045991128,-0.342112823489462,-0.319934094471244,-0.283156725967022,0.562600668564274,0.340542253544611
0.541216347510821,0.0508757015690565,0.562885906366019,1.84128961101096,-0.222579641857191,-1.14704113418882,0.936635905870157,2.51734756830271,2.04690780679285,0.336292333590369,10.0289776613962
0.0322268223959718,1.03274410500604,0.782851637529854,0.0179378321327336,0.555116691965627,-0.734704678592888,-0.17819500133152,1.44605875889105,0.182296178948299,-1.45739411126359,3.40853106947399
-0.484279626467052,-0.906253960040006,0.46410394575593,-0.587437148430966,1.08223130435471,0.844054265485448,-0.782014941457801,-1.43775434329588,-0.238454418152697,0.741546497743237,0.101161029315423
1.15641694432011,-0.731664149919141,1.67894118552502,0.646997304946524,0.0432801008571491,0.937150821114628,0.279860120774339,0.983867530792988,-0.323031220578679,1.25682015460022,4.63213362861282
-0.977933275299088,-0.288740528127367,2.07671444397049,0.926406769614491,0.0795113033441942,0.683217723233628,-1.40664862065156,-0.318981977615915,-0.826340966886208,0.912008723713113,2.69202692808233
1.68508388015002,0.782574838641585,2.73894377807797,0.163928546525288,1.33528599135517,-0.196976097194673,0.491543142867864,0.723547793854348,0.164250720581202,1.35224650189366,9.41129730460578
-0.792032971731718,0.691543004030281,0.407152256429516,-0.0974545572679581,0.852911663538011,1.19174202936091,1.3699336004972,1.26458593507077,-0.214327464604751,1.07616113727503,7.29112118153691
0.157400369597787,-0.613733789538048,-0.234324735773435,0.483227567924073,-0.373786661445782,0.942110420244254,1.49004941634044,-2.03988449350815,0.623157749362221,-0.622279623398543,-1.13760062157872
0.263024195437624,-0.405425036775778,-0.917731511170692,0.200205563230018,-1.47569299609374,-0.126678449297081,-0.177636138805792,0.294343529235687,0.325614581506727,0.181071777838015,-1.12593505537965
0.937642890070016,-0.781023968514994,0.650000009326754,1.17667944238145,1.10519942461722,0.46594569691223,1.17755870135796,0.75067175758648,1.84731869461761,0.176121404452866,7.31411729994336
-0.690055608981749,-0.170839154121266,0.354010805891574,1.76134244344854,1.42586514363432,0.433245986995086,0.0883529701060298,0.56860641036365,1.19761959449261,-0.368815584369415,6.44862198485502
0.113329928419715,-0.794222697118996,-0.700249044127098,-0.0700193196878715,-0.403525994638805,-0.80202506584908,-0.820175632033613,-0.0546919112258761,-0.771078608329303,-0.617027229211218,-5.43788009159036
-0.732726054409158,1.47262743560599,0.738776650792974,-0.704657678163856,0.364737717294273,0.357509836628613,0.606120948806813,0.603695727702699,2.36258586768934,0.391345939550428,7.24518469346934
-0.0733885793158819,1.00435055249514,0.792468855200324,-0.509306815374771,-0.757920624913284,0.11374180987316,-0.475742019087071,-1.18798771659137,-0.28612913378556,-0.440432452721872,-1.9244667329683
0.234196626721584,-0.00875114787720298,-0.220893259070932,0.668189234486511,-0.537238974871626,0.270887659497966,0.314435922541331,-1.22263156288454,0.804796816886759,-2.38318753969227,-0.341769726845326
-0.0972844153981087,1.37342839880088,-0.427716492839885,-0.399360303678149,2.2981805375097,0.0780852956764643,0.714992212585885,0.262310809462023,-0.855353137355236,-1.78368176667268,0.516003918417791
1.23242339451874,0.259348627475298,-0.487979303168394,-0.409015141435794,0.320695461842762,-0.736409368945337,1.33213917271815,-0.171758800355257,0.831451795368262,0.479566579991899,3.87056779722752
-0.855796518390777,-1.5758261035013,0.461340352029437,-0.0702319944264609,-1.17697375643563,-0.220840648373628,-1.59661785708586,-0.547422259346369,0.415259777575333,-0.752242293899984,-4.0501266597031
-0.0344687066229756,1.00422023622268,-1.98139346139201,-0.243253617441516,-0.464669344820293,-0.660000611397989,1.73956854550906,0.0558922454784324,-1.09337856603954,-0.175220875577843,0.153581194423063
-2.10494141055543,-1.48136402754331,0.301019702612659,0.828917359566719,-0.402011731207814,-1.29912174234702,-1.5999585586609,1.07713882423567,-0.48582177907878,1.58183039007122,-2.48913298253885
-0.443456954069743,-2.0777773142067,-2.12854058929156,-0.362666566598942,-1.06873508930489,-0.855328545959915,-0.21739436187447,-0.029600608239194,-1.63350792286368,0.0355862342344062,-5.40945644661
0.46141820466044,-0.212749222271193,-0.416683223523972,0.49365505168014,0.141278000562449,0.436378704073193,-1.50055034927228,-1.10635411775406,-1.32761605363794,0.217801813632534,-1.21804225453201
-0.10813264945082,1.27846831596364,0.0484966849299306,0.507002888406469,0.00239775166799275,-0.589386720173311,0.0261147649608158,-0.609299915624812,-0.278141549308241,-1.61207782708195,-0.810154639834349
1.81327272879558,1.68566513202518,1.42612862926959,2.96180198231052,0.953587586078962,-0.106470743354555,3.09459125766421,0.402015275690312,0.0143381451677826,1.09672530770333,15.0974360353116
-0.322176949954514,-0.68112367896132,0.949370501849611,0.045952613878526,1.15726817460184,1.03321722146146,0.749828664491864,-0.512109190743537,0.545351687173885,1.49067550662977,6.44461306785916
-1.96761984043428,-0.488280574839666,-0.233493911740681,-0.0783685067505761,-0.0340945342861411,-0.740374540412188,0.0399817631885002,-1.06629272124111,-1.3200497639634,-2.73430807888083,-7.27260550498945
-1.92815806462509,-1.2689618988685,1.34515011931344,-1.74753218920923,-0.954723894260503,0.832455515760026,-0.450611597056712,-0.744227984144835,-1.39268397139096,-0.0591089902796258,-4.83254496632174
1.58608138318019,0.49129925654865,1.90880247642236,0.392067685093906,0.702852174841985,1.94575349163418,0.823326105834158,2.18669945422924,0.845807555028619,1.21281197931929,14.2659166188095
-1.25986446949394,-1.39372296994616,-1.20738172238849,0.490315558652582,-0.698704159535751,-0.0786127889059048,-0.919482320276813,-0.691912897609162,0.62737969753057,-1.25691738046416,-4.607571206825
-0.419291916003418,0.161530087860344,0.675819715127215,-0.447548826839076,-1.06089781332941,-1.23439541046502,0.653678486499615,-2.25374628853076,0.937004578503914,-0.891341653644413,-1.8213894016124
1.09648855812161,0.315275591547358,2.49701168444135,-0.487791084117045,0.958854702818086,0.606781640781424,0.810765155294486,-0.692282446233433,1.85525334647812,-0.291992351552013,6.62528001845041
