"X1","X2","X3","X4","X5","X6","X7","X8","X9","X10","y"
-1.05563012930993,-2.6142756673807,-0.43608908442349,-1.11228578003548,-0.664915612871454,-1.44234458825973,-0.834928940569612,-0.255353234727216,-1.13976267225655,-0.94241779994513,-11.1330921085981
0.0022379194186519,-0.213314181219859,0.638159866661534,-0.504826800697952,-0.24865150078253,0.0385648767798373,0.408600829904496,-0.236446549957739,0.621798618890495,0.592441203333137,2.56560963209647
1.08436370830791,0.17547674830903,0.767272435526875,1.1590607889533,1.94424537002392,0.0860340240036502,0.654422337187675,0.420567529205085,1.42145418773177,1.07025132411436,12.0430668907755
-1.63908258507742,-2.37120097314874,-0.71395631615299,-0.00361929807789796,-1.37846985841227,-1.08105290829465,-1.04768851946666,-0.64101504106906,-1.15299856466915,-1.47050013247195,-9.95637646618626
-0.119351027347709,-0.956195976194109,-0.869470069811603,0.36251322439087,0.0223121532590754,-1.41297757141076,-0.244876418835802,1.11118076227385,0.0019956263105772,-0.967223492699401,-1.11175445397228
-0.702653817331103,-0.729900366099761,-0.344434633452607,-0.487587611843368,-0.912070340655393,-0.673778678704403,-0.473967245291235,1.08332595909069,0.330165471073758,-0.830019834106609,-6.28415305922845
-0.0858122135332368,0.783168469428107,0.57164098238014,-0.219588961807497,-0.0656687882642083,0.467148117870333,-0.391449948209832,-0.134849722660704,0.0447271227787354,0.766876924391918,1.86018052853631
-0.922575704275906,-0.875044311351565,-1.127853779745,-1.44286809219651,-0.633296102769973,-0.648057930146418,-2.19727708004398,-1.717661807467,-1.67190396353321,-1.5045821169025,-12.6874414381767
-0.841844678280591,-0.64727719026117,-0.27973704461916,-1.36791997168341,-0.936497272162627,-1.22308853298864,-0.575099027574185,-0.630787610875157,-0.697601591165579,-1.45095719584124,-6.42262381099624
0.231028506635639,0.494743491785459,0.504641448628287,-0.476391321469646,-0.462899814946967,-0.186890716556083,0.913231879779176,0.532692827254785,0.793716062288025,0.145302121729363,1.12972998346853
-1.29715439467879,-0.672030426530769,-0.132752991084847,-0.638968846015825,-1.0201643355839,-1.29766615462246,-0.33373601060216,-1.0459963011492,-0.653451798329681,-1.56867110051685,-6.91028563967185
0.307969076487801,-0.793803911170729,1.09091050104701,1.20340265722395,0.897220748753921,0.99888254973631,0.699623494438549,0.365359688318967,0.435071568346424,0.97453256935923,6.07787562264732
-0.0514814144922993,0.854228755784897,1.38091554347263,0.905020147206766,0.656429348661464,0.259721099352794,0.679783086760944,1.46252494136722,-0.669732182111164,0.531172978847662,4.90302116618586
1.28565761508682,-1.09178488743962,-1.49253431456014,-0.219949051708403,-0.592199908542402,-0.209969165018776,-0.595235713491994,-0.591737339693498,0.0458662125230845,-1.45202677018417,-4.06695066587442
0.211428722412295,-0.222341326835807,-1.60766189931547,-1.54065674111842,0.474802863174506,-0.416321733081819,-1.40701608089227,0.012151675006177,-1.03827098525571,-0.741773779841161,-6.10920400585344
0.163560372295848,0.924342816603008,0.0947076340748898,0.465512944184589,1.62787994468969,1.11660657115552,1.92725201104,0.689654939834134,0.632149824348887,1.43850928093939,13.0303476248303
-1.1530849893463,-0.126203336996138,0.123583753322804,-0.396196568751119,-1.88238019010863,-0.814545670566708,-0.410535611329919,-0.693262812421124,-0.957776784597147,-0.4540495083831,-5.77412908801998
0.22299460263,0.0647478956422419,0.401766092374457,0.131545880867524,-0.637079905956523,-0.275249500094972,-1.552952107057,-0.377161798502267,0.611800465774564,-1.75666062889316,-2.84363019113323
0.0105853877208131,-0.56053433874511,0.175600283477129,-1.00512635412129,0.404958860233283,-0.861174962880103,-0.578749849398583,0.0167168741534218,-1.11399864527535,-0.406306676815675,-3.56442193426993
-0.371653227102344,0.441827386569682,-1.07417333056578,-0.491605175817336,1.51566741802091,1.87942187719663,-0.149000120771368,0.62274499823197,-0.431133937887935,0.428078023900163,4.3115575028114
-1.5676650220121,-0.472790698714178,-0.797976585661361,-1.10818434151793,-2.6602108511777,-0.655796005654592,-1.50156217910433,-1.10358762748058,-0.57189090281675,0.00573154953054011,-9.09432700297231
0.319113840381664,-0.373059074280403,-1.01162176389442,0.763530286881066,-1.26510715680097,0.168252399952337,0.187514437507134,0.46088889415935,0.181696968989897,-1.26254365768581,-0.468721363049331
0.106960172233354,-0.286269091522853,0.816309472728903,1.90696894413317,0.0921796752015654,0.278516137855352,0.727581156673224,0.735942396611826,-0.084404548864915,0.343631409684324,5.6987378016876
0.25555742867479,-0.306920007971143,-0.716167798318708,-0.197240945194758,0.158161832700878,0.156053583649585,-1.34489623149392,1.39252932566585,0.792692783958061,0.084821355630186,0.214540886608155
0.474742297188341,0.556569280531555,1.3376747266033,0.0499898266826503,0.845896404343038,1.39343222644935,1.20357102824639,0.4600013163267,0.644176207097603,-0.0448176430405345,9.98929729222428
-0.446498746959198,0.417578968613216,-1.02673087982461,-0.204402496543326,-0.568562397825371,-1.08336946907833,0.255169050664661,0.0100542356065923,-1.40853831072828,-1.21815325943656,-3.76235619314516
0.846521587367134,0.505181764985465,0.364579232785511,1.30350915152304,1.51545539426689,1.28982606182635,1.48904777936856,0.106000653224372,0.864605808885418,0.929179163565928,10.1659599341655
-0.626018408133798,-1.37978197892577,-0.0956288549642891,0.0332244388844064,-0.355529006237451,-1.12534162073156,-1.24150581396634,-0.0782474492164877,0.402141965781022,-0.72063692509639,-4.18276101911209
-0.789837372433591,-0.646065817610668,-0.903447426393246,-1.40531411422713,0.134882613085149,0.213156427843169,-0.80058093298291,-1.18393467543886,-1.63183932878686,-0.918252528065235,-6.7913548210907
0.538130869588574,0.189060127028423,-0.708726837064784,-0.127595755128449,0.539723588282881,0.197886812839628,-0.319772695742613,-0.0964902308987382,0.840660377886205,-0.410546132653991,0.26537316237143
0.967408450547601,0.525457778905903,0.261391545218873,0.014725987871657,-0.0991494262868466,0.0202938669641727,-0.119898440160214,-0.0869421761627523,-0.187961268392453,-0.177400836807947,-0.343138126611404
0.318528427594725,0.314786700294473,0.0646966791747795,-0.596045298314756,-0.103303048982778,-0.517185875892665,-0.369880940927496,-0.630429636008851,-0.416890823163221,0.713081212014534,2.57110356206333
1.46449452988911,0.320401147196488,-0.809492227761421,-0.531091382773357,0.270150632224276,1.0157893288255,-1.18538582747148,0.0418382315350116,-0.374255797955153,-0.627548871331471,-2.06965725499433
-1.01967031962456,-0.734015907741552,-0.753849994279071,-1.2899429191963,-0.228652591684056,-2.57816762580684,-1.73662568642259,-1.14151957222556,0.00593918435807295,0.0808407328421399,-8.1209857624264
0.528990721249001,-0.290670612236199,0.595302102194794,0.812619915638344,1.1015076670483,1.64334327508263,-0.296144990947862,0.0589083434898652,0.604298443544133,0.560367180052317,5.72056031674283
-0.205409804557249,1.08819172910442,-0.452638885845873,-0.530323851268399,0.991078686354978,0.493361611680807,-0.343567422825806,1.02702880779087,-0.140175850955367,-0.545203533127403,4.63386132321793
0.0822686185978518,0.409565183934581,1.20921134791787,1.29037783736504,-0.304891387240562,0.337659807484512,0.968630097849424,-0.572435836570192,0.456584274565872,0.286913851730922,6.37677409061716
-0.573657630632509,-0.0743444522618272,0.0142826618897115,0.126614831362056,-0.174966209331125,-0.225331342462487,-0.318726886173567,0.429398685511626,0.161249680655476,0.0624613610930288,-0.702901124739989
0.374186475441578,1.42090713917022,0.968935148365083,1.34081588928147,-0.1798037343098,0.531684022094392,-2.07918554497199,1.07683236781477,0.643562186203743,-0.677293563158378,4.41884678472921
-0.30420295526204,0.178112524385958,0.980273085187602,1.31181623543449,-0.78371319189155,1.36824472056728,0.0839001838874931,2.27678194394204,1.26231023079611,0.430345090435819,9.32308701841179
0.172939945279435,0.0270588100248305,-0.636074141183146,-0.653337829168304,0.985014421200049,-0.561821381741294,0.110677457954311,1.25922092888253,0.0301638543035381,0.132020595367944,2.97986459036495
1.28565761508682,0.978332298088371,0.493146755597227,0.632063454357258,0.23203376466455,0.546656356249135,1.12779590133505,0.379628106275939,1.67280955227743,0.275437360805689,8.36035831249727
0.188866632403967,-0.263789236888042,0.081840356681081,-0.192788156436026,-0.885292133869741,0.0927568640165712,-0.619361932250837,0.327173298040829,0.0993384905093445,-0.250898355535553,-0.1065424767226
0.413717147588716,0.420197957474699,-0.52651893518918,-1.24903817895537,-0.879427869493652,-1.98965807444444,-0.723729455458953,-1.56483801688518,-1.09541148445161,-0.354562937647229,-6.87775626315385
1.13973313944719,1.00329035904207,0.263149783139383,0.640280764330809,0.210113065347632,0.444946209647146,0.415618152852545,-0.287517338751187,-0.125037219930039,0.80822553047222,7.37282071132295
-1.06324985065222,-0.0177187136615476,-0.340173294139556,0.351516889582808,-0.910629469395328,-0.871891353480344,-0.181253487165461,-0.76793804981526,-0.725946277690404,-0.127294169686761,-2.42604057830346
-0.232113271985528,-0.493943637224828,-0.970398101307409,-0.966328920472463,-1.1370491109048,-0.930683443103357,-0.384178204849279,-0.504395775373021,-0.105681475625719,-0.499484936400784,-2.97694706625851
1.72505784167952,1.75112900858195,0.445792423216453,1.44303814752083,1.11254147789543,0.859946354435138,1.0343362974956,-0.0746653775717547,0.734532614759797,2.03603555810601,11.6623310813153
-0.656426986355431,-1.12956100708996,-0.122770860550813,-0.124004873645413,0.361886420569172,-0.628896797271988,0.0653646124114626,-0.191516466886812,-0.101701980134299,0.499071841434527,-0.417018221916131
-0.120245922636476,0.0788638062579922,-1.64568695334184,-0.148498722443016,1.16788611877276,-0.208826682860001,0.305211414008725,-0.287930458482499,-0.988102603766382,0.00808014500058052,0.188589200591413
0.108951174596484,-0.326198059842132,0.379987744939724,0.253641217432212,0.50470161410437,-0.365567054237251,1.00038519798904,1.40719959249141,0.571358091271853,0.295608730518631,6.01239450045417
0.0936227452935004,-1.25057931708581,0.443339701451832,-0.393479783815683,-0.252921271290253,0.227744451478085,1.55195383596413,0.329025997985903,0.00652718117857923,0.274323484372647,-0.939573959951689
-0.173994722929313,0.5044807292644,0.519109909904994,-0.430535730183375,0.178571947143868,0.795313488939895,0.838813505994442,-0.0803356199018125,0.241565358017292,0.620664703826831,3.9196280389994
0.623787780638242,-0.821462489795381,0.5501336750828,0.100111215639274,-0.199552582143085,-1.11387107449206,1.03890742712398,-0.500719160499612,0.484921781659588,1.43712697015712,3.64337024805691
-1.02986006715203,-0.605272994086416,-0.737014387120498,-1.10204716508555,-1.3330532297797,0.805784967830327,-1.39484189251706,-1.76186954532855,0.126310875120776,-0.0156036277665883,-5.43284797364223
1.63885491296909,2.58466132841352,1.74353889826323,0.21053050192239,0.324410566276601,2.16318982068877,0.963167721314293,0.467039256837539,1.9605261647841,1.66765992171308,18.6911020822853
0.892657824792483,-0.068969332575587,0.87505723078185,-0.214000128932506,-0.483508820070189,1.40277723190057,-0.339722709796466,-0.204620892250851,-0.166223891508153,1.00939204219351,2.41003173610255
0.103977207512208,-0.369634265190941,-0.184837613759036,-1.68638188802943,-1.20621837872105,-1.12996310792761,-0.801811242799134,-1.22261064884537,-0.544409823313668,-0.0752625691653082,-4.59584303541709
-0.0821924961828566,-0.360744451102353,-0.683336834546321,-0.735283815340636,0.590057308415156,-0.522894826252848,-1.05486724761583,0.177996521919533,0.845915106428494,-1.67640681242325,-0.404631387718032
-0.459932163196472,-0.530932478043836,-0.472703014959154,1.16324014499493,-1.40233371910092,0.291555144169609,0.512107653933654,0.252726952594516,0.595142261072704,0.148280739976184,2.17360272599108
0.859533292282914,1.59648092931217,0.353637673891506,0.575197855650804,0.638170020979741,1.52626009399216,0.291146454166584,1.54396507286625,0.779969329613301,1.50908209549481,12.4196986662833
-1.77844438409331,-0.0887200659001085,-0.616950556947165,-1.14478802795643,-0.176321476498519,-1.08877274184793,-1.65019005721003,-0.417104569240251,0.0200165192047539,-0.843028277043034,-7.57060439228395
-0.949301407154318,-0.914914412538505,-1.61482848550903,-1.6843632591694,-2.03575373022208,-0.258228414579389,-2.24313166023178,-0.955948805889397,-0.329054298868635,-1.75231960727539,-10.3346747122194
-0.922575704275906,0.313037024635041,0.0731064989748477,-0.825981187300552,-1.46639193194804,-1.61621467819215,-1.31893179271384,-1.28177905888312,-1.85952539887941,-1.66057540827505,-9.8034097479598
-1.95242823564599,-0.52248792205816,-2.429726659568,-1.13438259230421,-3.19524765183003,-1.82311152895771,-0.83260114133655,-2.29966313317889,-1.35973583486223,-2.62724803661264,-15.335983330147
0.00917622586817349,-0.426147661713406,-0.589027654151782,0.322080447258858,0.42032899572962,-0.328850639020328,-0.216858080945938,-0.889876441522049,-0.458194213291745,-0.559586384035786,-4.39364950369441
-1.05080971481408,-0.865874629487411,-0.517749626867696,-0.180011530186935,-0.409118286981797,-1.05020200636423,-0.817614362918578,-0.894866327307739,0.293137650542907,0.811385950850284,-4.13245796020675
-0.173994722929313,-0.425549756564291,-0.801498684778106,0.339173469883091,-0.607659575930776,-0.03719708479869,0.0914386936691461,-0.768133821942298,0.414831989329631,0.538247223653381,0.86296599086394
0.0105853877208131,0.955235987748225,-0.291773736660323,0.169826740341429,-0.681364088602269,0.0450003406568193,-0.504482425611165,0.205351204048199,0.0230742140295827,-0.483227247301589,0.837054728032555
0.302735237255912,-0.897034943305046,-1.90228783306802,-0.663256377289031,-0.126032587456376,-0.455527875299939,-0.34925356761831,-1.22289708517174,-1.03171564045262,0.387758061708721,-4.02787798097789
-0.615336891702685,-0.992274901453282,0.430133097106228,-1.73934023230799,-0.4966629657545,-0.718076749550838,-0.501023123956061,-0.364277234034558,-0.393314571521052,-0.588299667793031,-6.56259899925406
-0.366555113855585,-0.919318370676772,0.263605734292101,-0.206233471157573,-0.627674577402411,-0.595030492390047,0.160448445343414,-0.471223759672419,-0.561012329766921,-0.232723074253158,-0.363297795030702
0.483829183183645,0.897903289838972,0.889296699970455,0.344192344976222,0.251919756660367,0.348956830236759,0.977105276290665,1.56709786600901,1.18369391992567,1.3398977993269,10.4896194765116
-0.651058813273201,-0.183794209019249,-1.47239948297129,-0.0236672793148026,0.0274928907599431,-0.612257042761913,-1.70617033186538,-0.431588223489673,-1.28061300657437,-0.367351888427512,-7.20198966149264
2.09431690433664,1.24627157613034,1.64165158287947,1.39958367100738,-0.216927849657093,1.50721017972284,0.199471238280429,0.486705221498424,0.780318020210785,1.19565942309357,11.6768707947881
0.171393190667911,-0.938019559365804,0.431203319233125,0.830762142039425,-0.667871200915193,-0.837932728195627,-0.369036180561912,-0.0424888691635359,0.257185879931658,-1.36256737153756,-0.0953527727760586
-0.187842148006679,0.462082808455514,-0.254834560883145,0.0343623487813038,-1.09394608747614,-0.542235577288666,0.506967775093692,0.486404694521716,0.383112496981233,-0.731180203892958,-2.11503452959232
1.0809488440393,1.1481796676418,0.579300208941804,1.20961518232603,1.27137963002962,-0.722161116932374,-0.380932413923762,1.39813214448715,1.14158853673577,1.30647406362019,9.09216431988509
0.504071042250427,-0.18929573514435,2.00266996634453,-0.0615686004258508,1.6908468007838,0.491421948832373,1.36046147179566,1.23180233584,0.556293258901559,2.06255913005024,10.7282499938351
0.106960172233354,0.110726710201199,0.0946356691979394,0.753635393005312,-0.89095785333845,0.312812333816976,-0.905929079201855,-0.248107718994235,-0.39158643845011,1.09777569425174,2.27283647841515
-0.651058813273201,-0.836074698686021,-0.653759829811346,-0.0296457067237751,-0.289914786806809,-1.34496565406273,0.388097006954841,-0.776646958104908,-0.7118337080098,0.000387445093352368,-3.76255381864724
-1.06324985065222,-1.72610529605902,-0.64543175448584,-1.58173791616224,-0.854892385857519,-1.55779113352517,-0.856527262569955,-0.951356550235115,-0.460829390952438,-0.464498620878709,-10.4223573717314
-1.29715439467879,0.52723405991287,-0.0518099587915745,-0.154080746997528,0.415193768008223,-0.264793481150753,0.734451821213463,-0.389793863688245,-0.664842338677548,-0.0291236611364619,-0.82121742543957
-0.99206571301465,0.382153968347701,-0.404404634239267,0.233494623419154,-0.372029613420442,-0.541842971791392,-0.465789130351979,-0.709862276353715,0.0904104236463552,-0.453672693214022,-2.09425080401731
-0.539880570532704,-0.187758286633959,-0.875512208222333,-0.286544106612673,-1.18955750678507,-1.92434378877641,0.0870022306752185,-1.17217352058831,-0.482373619511237,0.813462682838259,-5.74534938755348
1.47017566218544,1.68698334454594,-0.117440935491713,1.39789055610351,-0.305026449092809,1.77724190170853,0.406904575266042,0.83303295657316,0.867490297343286,0.349464966090303,10.7400205796879
-2.50095657975585,-1.46019652443632,-0.962676617004498,-2.29607092191605,-1.81077541874927,-0.912943858186972,0.251922683522694,-0.725200693173319,-1.39489810746014,-1.10762779234954,-9.42474451155918
-1.5676650220121,-1.36896593795654,-1.24954118568586,-1.72222451481983,-2.00072917222207,-1.79772347504127,-1.21433153842507,-1.49290564936778,-1.19571229699192,-1.56328983820082,-15.2466215273837
-0.90349960885966,0.849826733179567,0.544067402533678,0.0378045875652966,0.734608879786666,-0.79694675748836,-1.51086676157058,0.730942982038979,0.679874523631681,-0.215258002918261,2.29231276849484
-1.17979690938968,-1.18760423808986,-0.98944015931884,0.0918682112862297,-1.27846309735841,-0.0351992574254537,-1.50157873981503,-2.0128261631147,-2.4640691185252,-1.33625751055156,-13.9817504678617
1.0854389546746,-0.334499194220524,1.040546130744,1.35334315366304,-0.0610752794787691,-0.107175554911631,1.38195669005716,-0.572705025063699,1.43084227004184,0.530028227744443,7.6658007360013
-1.51458755223237,-0.445956434966931,0.0802234205665819,0.842988068823446,-0.193290721129307,-0.645795094525755,0.0392938876672906,-1.52891749713413,-0.542925029331813,0.331509269059569,-3.94413059439793
-0.445148674903716,-0.680234846144183,-1.17797701879197,-0.308545209098605,0.35729040446194,-0.112570345431668,-0.844663354250347,0.969123122587997,-1.34442247461285,-0.379332790135987,-4.3142837713056
0.391428889238694,0.0687837984126525,-0.542632012413201,0.177589665948528,0.109704865544186,-0.0835582933043276,-0.237969994136913,0.00574546925243395,-0.83210381293656,1.24700678958274,2.52575706196299
-0.320008713264915,-0.725783489997481,-0.250888721721411,-0.62600833260037,-0.149687587692905,-0.657117836433618,0.186024552425152,-0.449958239365774,0.418285350587579,0.143922979784785,-0.73559360244644
-0.701141918646064,-0.703167000911124,-1.34202699109619,-0.57683401389925,0.516063998316021,-0.546088310867298,-1.33718611543412,-0.886549555137197,-0.395759994822412,-0.958546063857781,-6.12848142434738
-1.69916317183784,-2.51460694887659,-1.94011553484246,-2.18969772662885,-2.52378434064116,-1.7152849376806,-1.30609858423633,-1.72090546180015,-0.423439257048518,-2.13883327695048,-14.5597065015393
1.07859799005859,1.01868292383916,0.648831348106155,-0.676662957515607,-0.357274921377206,0.730265354878045,-0.857333229470381,-0.0651548650354472,0.552141368779748,-0.315831972868903,1.42612507238114
-0.958235318105466,-2.02023185767378,-1.77903813450534,0.0962645798640542,-2.00889993643119,-2.21246256391146,-0.957580801810177,-2.02229134470236,-1.47915784019715,-0.576430627055779,-14.036186054112
1.07859799005859,0.729712955535083,-0.173481279398897,1.62389656566099,0.435511195044954,0.162776966851094,0.723962848858444,-0.220717778253137,0.312144757653817,0.165440031881166,5.39311950815613
-0.53867862723575,0.205313132837212,-0.18009588208249,-0.109355908654691,0.666752437934256,-0.438723749380629,0.384864929502103,0.512389065874707,0.350626880591454,-0.0928387254444887,0.0328823559668769
-0.446498746959198,-0.711076084704397,0.63968444553195,-0.846947762975308,-0.537049247919465,-0.837818198688098,-0.901300862230626,-0.391044963045488,-0.0372384689807876,-0.337464924617263,-3.49528804617588
-0.592066073967777,-0.664874522309546,-1.1754286419867,-0.102389973482495,0.544920154394671,-1.00915605263317,0.127701758918344,-0.387141274699678,-0.313492219458457,0.445394708017832,-2.39535020551657
-0.188746066340983,-0.460288075753811,-0.0979040698337438,-0.928921426735804,0.668218810156964,-0.92024037430474,-1.55011917103726,0.651557925430298,0.0139011061001975,-1.0883757030526,-0.138099147146771
0.0703159719510411,-0.187092410161064,-0.132267210589967,0.176183498636439,0.254852093894564,-0.152224944170298,-0.347115581719025,-0.6051601785722,-0.978548154350375,-1.68265052013227,-4.19759145623617
-1.5995100416256,-0.178125733351972,-1.06699295604336,-0.583944961597343,-1.62104632883512,-1.00575962195271,-0.93884213639898,-0.691196515209994,-0.5251402738201,-1.57234061138755,-6.57516665347861
0.171393190667911,-0.924563248635462,-0.919487793797797,0.540636012006827,0.142819331508221,-0.0991774928678675,0.0495829258886645,-0.192843161263233,0.220791934851482,-0.538820917178373,1.21909155689347
-0.175686841835208,-0.948062134236391,-1.61556621644777,-1.69971824134859,-0.066591412433749,1.20326429379607,-0.947544629980878,0.269662453867907,-0.269200976094274,-1.5540067747584,-5.41958717701839
-0.0471226828162331,-1.44168098009974,-0.744021720780028,-0.299163536177444,-0.809276081747125,-1.03345398016708,0.100867960332312,-1.15751630973498,-0.862438910178908,-0.766439134199461,-4.33799416670774
0.387979557298673,0.271788309542786,1.32018559783583,-0.769442936813419,-0.115088352697472,0.116948989556397,-0.636161864341257,-0.819627421192747,-0.0607442388870698,0.00446970781943765,-2.84357550941341
1.90213214817871,1.23363210932576,-0.498856109490123,0.186096897814141,0.33639852712935,-0.721456121546228,1.59317146853972,0.0180817116809338,0.152616190041804,-0.304436704526433,5.23440345339194
1.01590028420016,1.5275406012458,1.51602840406204,1.59770685725244,1.8551550479502,1.0660654375094,1.72424807784954,0.755227266704663,1.47633461526656,0.899531324937245,14.4295857966601
0.0822686185978518,1.67307251026055,-1.02301311867508,0.421584017633303,0.0692777078341225,0.0641692450710814,-0.173191366990621,-1.29199041387313,-0.647305972377859,-0.471508766600204,0.344953453300293
-1.2130020119644,-1.33287366860995,-1.18077017267176,-1.5915033355806,-1.51666964013238,-0.760397153579235,-1.59788162050794,-0.825927613662768,-1.3325727376536,-0.145677873370358,-9.25496640432043
-1.2107093703587,-1.92712809567195,-0.741462343142064,-1.15984958212322,-0.769671137209821,-1.70619786462057,-0.418875440929918,-1.3183611508972,-0.732032740160674,-0.899174525487307,-6.99670984635202
1.65098818753537,1.72729033233823,0.662849535803841,1.45624391434513,0.414727102889613,1.40759678367637,0.702288423350553,0.540335408876064,0.926131702126829,1.63190934905407,12.6597277927822
-1.35760866199171,-1.15064881124806,-0.548350157492932,-0.692331632237059,0.973727735494395,-0.741262166914865,-0.783639421189276,-0.255120225205889,-1.16448654237083,-0.957483948977587,-6.42318415711962
0.0022379194186519,0.683668947978611,0.493646510673037,-0.373991929492678,0.589580690250553,0.123650681277745,0.634947676272944,0.713001849700291,-0.02546324675053,-0.0282801528104706,6.12098421464305
0.643507621874234,-1.34940848235922,0.338003984318874,-0.544363956897895,-0.109949244885922,-2.10048274365614,-1.59585259948272,-0.997239092739385,-0.179092693803269,-1.2472087906129,-7.92468448747783
-1.5676650220121,0.106604881674723,-0.93379366658183,0.323413440380252,-1.12647947288629,-0.701997859198628,0.00420692039544512,-0.477366542420342,-2.47584287028805,-1.18817206805535,-4.2728552422286
1.87137526157355,0.60638557705076,0.0538131396276554,1.22423979448678,1.02536274827351,1.15059086387477,-0.93293221511047,-0.936402365406733,1.16973470835783,0.521153729033135,6.79385028884529
-0.261585088822889,0.497378012424132,0.175210770511902,-1.4492299953923,-0.589933260621846,-0.332712934102368,-1.0129909307319,0.00815173967955607,-0.501925128722193,-0.500698564151093,-4.18590531535346
-1.18326010245103,-0.368840111707636,-1.23446144673233,-0.196621314392858,-1.25009382434081,-0.251156876439307,-0.60395173257401,-1.56853128418385,-0.72482757387167,-0.303022177467416,-6.40670548144572
-0.0249893060476067,-0.0359324245420464,0.971309498724737,1.81973379572757,1.54201901976403,0.51687560008512,0.902080862989169,0.50006114491919,0.899145688822363,1.49077789390165,11.3852120085808
0.623787780638242,0.382854014649359,0.436337253453365,1.48231952054875,0.0348158201013754,1.03139644998561,1.15564540920548,0.216597613064514,0.0534186832686415,0.766249626466496,7.80374409146447
-1.01811145723733,-0.328499880666446,-0.438006996874567,-0.234230722173965,-0.778312651013383,0.374910743869491,-0.855376296693396,0.317590656240086,0.136918149543981,0.873039401733795,-1.57726901970464
0.233872595123315,-1.66853706096546,-0.844145686902628,-0.346773589082563,-1.74623639399359,-0.00381625280217557,-0.245910360401643,0.252933520770249,-0.316688461346335,-0.307912356045821,-3.61776707284205
-1.14379799442333,-0.168597773686469,-0.405421090718074,-1.37189896101593,-0.880281127455324,-0.617728057376466,-0.539079358336722,-0.538400730112486,-0.488350550601441,-0.555063205198818,-3.73875013352379
-0.197837282443647,0.632083712832753,0.215398894265393,0.467140039653656,1.22935913390405,0.514542262918551,-0.0278079617188623,0.101551877062757,-0.497860801585775,-0.226177789293794,5.73491934231782
0.0936227452935004,-0.199512957188085,-0.980929235915081,0.920270179482399,0.47665170851551,0.284647405142772,0.393803709780429,-1.08496525011702,-0.260393660579045,-0.170685325181034,0.485322059790389
0.750969726020929,0.953440474230179,0.907452866165604,0.628052074864767,1.06053226018147,0.702724257855601,1.64161633165729,1.88039557220938,0.67976021542355,1.03790215955014,11.6877915259158
0.509804095788167,-0.518069779666109,0.812011004367021,-0.694331135319069,-1.31973485009694,0.068523951534681,-0.865982309786625,0.430792027635184,0.582983149213974,-0.817109900797725,-0.467461039572641
0.302735237255912,0.654575099573376,0.878962588013539,1.15471547438023,0.194812535906321,0.788188731261988,0.402215377661479,-0.149574869197719,-0.259922292295196,-0.477184452453956,5.82966840759099
0.108951174596484,-0.502772609976286,0.471393009782034,0.415658497803443,1.44439440073037,1.17515436463845,-0.122748760131933,0.80177496819735,0.99283348657325,0.215652963315034,4.33757955217382
-0.484505708899602,-1.14542745627893,-0.732220520637344,-0.11753167171221,-0.114413340640979,0.186323473538038,-0.566124374525482,0.78832813163441,0.280891095911117,0.372294138761273,-1.67940027166207
0.716355596128931,1.49005593677224,0.247685787155772,0.373559328431255,0.114209620999427,0.528301397219639,0.355607681626619,0.313628749818916,0.736511257132585,-0.685445407889838,7.67135010907014
1.0661125119155,0.92161868448746,0.476831400018515,0.922713438185317,0.763912607013991,0.575865360734734,2.13210891859478,-0.0286347339907513,0.52006266501184,1.12239679053311,10.1140230092963
0.497953148878532,0.672122944424641,0.0427131702657851,-0.0357945418357411,0.103840541460959,0.66012004225731,-0.133285797942336,1.15791021796937,0.304369267680206,0.192874458025971,3.97558675346013
1.08436370830791,1.37850610941116,0.393139384654481,-0.951548336175694,0.949188135053338,1.08688140274301,-0.00657520650886489,-0.641527015456912,-0.939645214974079,-0.404554267441736,2.90761994514926
0.859533292282914,1.16261969150283,0.833106171973557,-0.0751210450100448,-0.262070354132918,-0.944778395160259,-0.213166870998885,-0.481780854989101,-0.712158572916605,0.431022872817255,3.02654016607368
0.237767691608817,-0.38526307268935,-1.14645730816057,-1.10905011676111,0.0607872159695022,-0.2024761888369,-1.00761020469676,-0.167329780330132,-0.176985973318288,-0.125506991204862,-2.25606107128581
-0.222093713669857,0.170526089105516,0.0760825596218821,1.65780363308258,1.22427304231609,0.26338888633797,0.438196621230207,0.178466151220465,0.75576097892927,1.20923643212297,9.61498998398589
-0.0858122135332368,-0.68978378467836,-0.0238321380581362,-1.1092679025183,-0.734010891957091,-0.354882299435793,-0.350151980569981,0.130955356601768,-0.448794258886809,-0.723990185400158,-1.86869483302323
-1.44832340381934,0.112123588126348,-0.87441178187727,-0.846816232765735,0.647249065018177,0.00390391368001608,-0.245524297466267,-0.0965632363006827,-1.37458859324477,-0.0101778646772311,-5.04130176417939
0.452562350552983,0.50042131865123,2.46104019423553,0.960739403402585,1.75761074784638,0.602108649842657,1.4771153739476,1.82822548692861,1.39917099070752,0.639775656181987,13.9929306893831
-1.69916317183784,0.423791597419031,0.404901947325905,0.101032341145409,-0.013370554325431,1.36441526177454,-0.501150444201099,-0.00588032566454536,-0.0105265870044583,0.420028530392308,1.4331952594474
-0.545943260036275,-0.725572110603662,-0.347944905385907,-0.0935958465439185,0.0966802244508823,0.248257390878478,0.147870806406235,0.128875895190086,0.504449328220949,0.0674526958041161,0.956421367420433
-0.737948774157967,-0.271182510836303,0.276821033425226,-0.386041323899569,-0.151077673850988,-0.40770955358473,-0.835760880301283,-0.275652940806317,-0.13475237623036,0.0774884823180128,-2.98833437773958
-0.0858122135332368,-0.414369827485781,0.962893124137609,0.319981222941102,-0.471529777461583,-0.108124918617413,1.66009000109383,0.258891627147945,0.636958744992108,1.57972458825115,7.23069871316744
1.72505784167952,1.41059437906575,1.21270335692941,0.70921748125429,-0.0162762503408151,0.437632533709862,0.971887620830254,-0.382446731444527,1.90627519256117,1.82300588857354,12.1628562419439
-0.197837282443647,0.166121998091351,-0.875294542115089,-0.24024613922517,0.196840273830772,-0.8141026226777,-0.473691936658494,-0.483320015300517,-0.668818451722268,-1.68283166998623,-5.20615875472167
1.72505784167952,0.792595590328551,1.14571369508916,1.13644495741016,0.506041722170742,1.30778650478098,1.77206664367469,1.95042221738046,1.21071208725078,0.842184917622531,13.2148241429795
0.524820904988663,-0.464744873043276,-0.547907281657511,0.126005757141431,-0.44543660652563,-0.365554827829417,0.0940056981903417,0.849178056356953,-0.202917200687045,0.173293637485198,-0.115439672272957
-0.984841549258721,-1.08266371344749,-2.08217392700396,-0.948699974786333,-1.08599176709551,-0.919700921334627,0.121556106407614,-0.64110548741772,0.0927795914087413,-1.82019489212653,-8.65385041618843
-0.141463982173168,0.495745926145157,-0.241455789817246,0.241386149495336,-0.4012788747143,-1.25267042670061,0.247741788572478,1.67672465918174,0.483827513236978,0.590650174658975,3.19695171713898
-1.89300325660733,-1.19213733407829,0.237698616629646,-1.10677806034781,-0.708735434197258,-0.341505342394074,-0.629331136565956,-1.04243661676702,-0.756035125209453,-1.53415667326013,-6.49790964332527
1.30977675373608,-0.78636149813096,-0.300695912850733,-0.491711875408512,-1.09956863670947,-0.559945000208246,0.68731091841694,0.378066594981976,0.52527257815814,0.932057204376228,2.14476604221928
1.2915357296112,0.579971834593691,-0.448917823516834,0.289720576885632,-0.638769542020553,-0.228382208767439,-0.0903094553722389,0.870182596640099,0.33454016740739,-1.05456322287314,2.12592246012409
1.02574295372388,0.799178114160978,0.641443788814746,0.332943696827461,0.276282476249091,0.581216081454066,1.36120348288517,0.785733698666157,-0.0370618708508923,0.954036131573899,9.10586721870943
-0.0514814144922993,0.425113278367721,1.16215707745629,1.56314221661771,1.17563959856161,-0.35067328356657,0.875163180295827,0.0759224718091203,-0.784799541926066,0.863973229546846,7.19224569473982
-0.701141918646064,-0.23797577783904,-0.51313637997099,-0.673990093790428,-1.32250571950936,1.12409148068318,-0.143408156454823,0.518533434763236,0.324572532949638,-0.237779211365466,0.608269367283136
-0.384370335062113,0.646921172043854,0.422470985315579,0.135890056353061,0.322328750420746,0.539776798372513,0.953266743534513,-0.24294774412956,0.860286247733561,1.04541747840856,4.67646541179591
0.171455724340841,0.364236079880851,0.00624648578025913,0.589276757623589,-0.0589850120744069,0.0381445709444082,0.311838570280752,0.0281592959855967,-0.192181990894363,0.00661691263487341,0.338502038851665
-1.4627822820678,0.100155166331698,-0.109659029963739,-0.00112279645365337,0.754379604903018,0.785909382704253,-0.637698898608242,0.466435694661111,0.0351834953485762,-0.749386266397609,-0.49054379011227
-0.545943260036275,-1.08217237156272,-0.574065190369259,-0.254034421431303,-0.582112891110069,-0.289570096340627,-0.824202553492538,-0.327874153065503,-0.921766495582389,0.0526453655736091,-4.85745501598895
-0.175052362441907,-0.707688970246008,-0.390117288643692,-0.0379733351170907,-0.282172024581302,-1.66802489468339,0.172426971439948,-1.24281514074974,-0.0706550022596538,0.268086699148578,-4.13470172805843
0.716355596128931,-0.162194825664051,-0.975707343878863,-0.465881188639123,-0.519237339670666,-0.405495941613933,-1.2466998171784,-0.290078200879492,0.187573394985657,-0.482369479096708,-0.874439644066026
-0.507834175467458,0.254272973617939,-1.33732598791066,-1.1302792334486,-0.456355345185417,-0.218016406109669,0.289142300226594,-0.156182433460133,-1.04150171817415,-1.50362467803904,-5.00253519859726
0.716355596128931,0.352664449014594,0.524968004175695,0.313282491329325,1.63583912017745,1.30003283146689,-0.266812826280203,0.196910829535868,-0.326710236917849,-0.522591129066204,8.00476731684023
0.846521587367134,1.29169976027236,2.3702635081005,2.14853348984026,2.55506888623693,-0.0806282768979507,1.72188910128524,1.62130332273846,3.03915465744181,2.18822208896537,19.9965099537842
-0.930568412352498,1.18036091971488,-0.167481659542337,0.202119032234429,0.913730632971191,0.380395293165402,0.493708877181102,-0.0345034736268253,0.632362855023757,0.132199542546364,2.21264542352111
0.490202721211921,0.530411758210366,-0.478822781790677,0.128719299059877,1.29837086125071,-0.0107087213147351,0.73055179217569,-0.110441170427453,0.335635367467299,1.09946377726889,5.85276717186205
-0.657327012352565,-0.216706273506634,0.285273225672284,1.59550832186754,0.961865773180101,1.62822065822486,0.849327747209759,0.418747149933835,0.395452149825569,1.1955117729472,6.59334707712863
-1.5676650220121,-0.929842949238838,-0.772698476133281,-1.44662688509078,-0.783802754622553,0.238562595651143,-0.646307344501364,-1.15586049521528,0.206953821486167,0.360218916264788,-5.45976036980599
-0.196061677094253,-0.0694901974805805,0.151079648672215,0.32368738066657,0.0122916593554148,1.28687221811224,-0.125767335533683,-0.371752454633176,1.16274369394303,-0.0497797424061419,2.64609921039542
-1.45077720594515,-0.404378008414157,0.290765222081875,-1.2970934777327,-1.33256001196652,-0.370460960056305,-0.353493553586935,-1.2983245536047,-0.251044466788194,-0.26215702301728,-4.06430166450377
0.418904593487809,0.149263707878848,0.00644358079245019,-0.5554467774892,0.0739446813214427,0.672686597103334,0.981516939474412,-0.820716241752007,0.123165425879105,0.18864309579564,2.56992567734154
0.266837782131447,0.215660760318509,-0.781694558310724,0.26716361220436,-0.0759875469002952,0.621113045952591,0.130148389187782,-1.00074366802458,-0.765660331525307,-0.270086863279938,-0.0240748519928719
-0.817120437583155,-1.55444595098747,-1.6891514249015,-1.5328340145426,-0.155984452637969,-1.94327042261978,-1.48391274718452,-0.591658926142806,-0.979207801491114,-0.793705209423038,-7.48100386626349
-0.426185214724277,-0.475052833681504,-1.21253680094856,-0.67943587370728,-0.275244839264016,-0.591946228295845,0.194669309907974,0.0930935986368046,-1.18656711109138,-0.545365119092575,-3.58411728799205
-0.657327012352565,-1.61738684001236,-0.575219474108912,-0.26439470721759,-0.207825287465218,0.579775907066432,0.558547031421764,0.0716576752997294,-0.0819686859706458,0.755047912618682,1.64573506411189
0.40879051554376,-0.0500263668579445,0.314476802319763,0.366040951560517,2.38486209994944,0.425180817954672,0.639535421317498,2.32155360388852,0.78651246581819,0.315456904617861,8.23380380648977
0.419673702161812,0.229743731739018,-0.106541070602031,0.598376352299671,0.468912010029106,-0.530041779861543,0.230346134918235,-0.882735873595165,0.802902305613602,-0.061948868959929,0.710636173176788
0.983911506100226,-0.391748195054615,0.693132286914703,-0.207262754625845,0.0213076996395247,1.16429888827766,1.17146414206165,-0.588391273995513,1.15314497641277,-0.225942723545356,2.52542793360884
2.09431690433664,1.90427972747118,2.37202601176868,2.29576049948441,1.14154432107366,1.60317254348911,0.470852428289049,2.48911336566254,2.3661864818169,2.8441605412007,20.523706936173
2.04724035567751,1.68562174366269,1.87388596461451,2.41851445113759,3.19225863689956,0.948287427588663,2.45727715739813,0.934227104107875,0.238734822530618,1.99780829930196,17.0752995226466
0.387979557298673,0.131314581499399,-0.141434903832938,-1.37788347774135,-0.117684222860853,-1.3096779106016,1.08944999437897,-0.01364378618832,0.402136818647024,-0.556189208527284,-0.273261355975926
0.284746533776413,0.0213330580192625,-1.12937229378409,-0.325760978948801,-0.64622268696437,0.0215163910060912,-0.759867869229384,-1.33815686958722,-0.547566942609509,-0.0885125157460514,-0.21548521347733
0.524820904988663,1.05938755811757,-0.633359461041504,0.945920465183173,0.155536787815101,-0.0671456005514023,-0.345756618214396,-0.33879990905141,-1.09943471481218,0.75519160199101,2.57392040478241
0.171393190667911,-0.386229396545856,-1.00174171764474,-0.0721428144523447,-0.30061727475913,-0.158142061764369,-0.94352094746015,-0.631502070225453,-1.08580294185002,0.387905301726548,-1.82386766864441
-2.57818302391747,-0.0934276047128655,-1.08318848007896,-0.243795423447737,-0.797657289346098,-1.21284373842337,-2.2204670919808,-0.622536308182506,-2.09700177632798,-0.450959813409126,-10.444189293321
-0.276412506209104,0.287490978969632,0.423459235688223,-0.792684227775655,-0.134211124736579,-0.419900918920292,-0.549389218134725,-0.537089487071463,-0.932970093872805,-0.527175754385165,-0.694782816500697
-0.165730828858228,-0.0572067099564679,0.613722025514141,-0.220878304811812,-0.297177197729062,0.368258834562626,0.763193614604004,0.0340587053714606,0.476824521027314,-0.905806991500811,1.37989530060038
-1.1530849893463,0.686287098986671,-0.438983628988886,-0.635286893823956,-0.837575638728656,-1.47232241752418,-0.845792933889195,0.625306015714245,0.0949247655647624,-0.740947147067067,-3.45211230633982
-0.566155124783362,0.322065517376054,0.245076442632459,0.116004135981336,-0.808541327818777,-0.594188466029364,0.0705433441046832,-0.914393087785433,-1.1196328344364,-0.219359596698545,-4.39916761345358
1.94718488120178,0.031500847022597,0.690270848109115,1.12643083372256,1.37970886202446,-0.30757214614427,0.410232161152622,1.6990397863872,1.05384574828932,-0.0628035403487007,10.2505724576589
-0.813358095370725,-0.158424273072807,-0.348242360403847,0.626627367461801,-0.12790690109113,0.241567139972627,-1.34206873029401,0.864245893344529,0.0738209312500043,-1.12848814965281,-1.5290790257648
-0.261585088822889,0.553921631282068,-0.0189710514458016,-0.283012687241799,0.732303233051653,0.562851071380965,0.084490815635384,-0.251882738456734,0.0808742595992335,0.967373237332744,6.05894763643298
1.08569448709773,0.660763229220253,0.727523742004063,2.64695579180511,0.132740815615927,1.66751599584758,1.69761794144725,1.10838226074402,1.06806104110134,0.981534941288172,13.4197498400857
0.643210386237678,-1.31000471678605,-0.383617530482197,-0.179862663654955,-0.407466664466699,0.112545022483953,0.295610801530959,0.657749494664348,-0.644405954521558,-0.0645531016141985,-0.590191006026548
0.557129157738773,0.904696798806887,0.602924075832285,0.452937554460974,-0.0937533054709055,-1.01068418508744,-0.109814293804437,0.323190314059779,0.383425658632049,-0.0885831614818658,3.68693900158944
0.0844853700381317,-0.816521100443594,-0.349490962958596,-0.462553694030228,-0.22011414246675,0.382078016517089,-0.770151638325058,-1.17462463233654,-0.00109062903564172,-0.167607720138856,-1.14378310022872
-0.985363438090194,-0.408616904561264,-0.586666419762395,-1.5141159201584,-1.61106308402404,-1.34649448183476,-0.315175350437305,-0.699088950167186,-0.52621768083233,-1.13740185962727,-7.06933552508804
1.28565761508682,-0.14189833180946,0.896253148422175,0.424396935166197,-0.346480036235898,-0.162490023259738,0.66216806344979,-0.36161522711952,-0.342176359609667,1.08020902896036,6.67009310097679
0.0844853700381317,1.60307192929152,1.48577154479047,1.65612347367716,2.79320615936821,2.19044447629076,2.04525324494532,0.723425241429485,2.04360287047381,2.51886745072532,17.1933264340104
0.786466869734448,0.690454384391779,0.742372088297052,1.27467015841427,1.27973643039331,1.83541113403028,0.790969637430917,0.681683160949214,-0.703670112328395,-0.206587621759228,9.88802014885172
1.31441969571503,1.58886990167389,1.04665924743839,1.1334451442869,0.529138503057498,1.22755927664867,1.02644984726771,1.334994118964,2.06990993665604,0.555193616782028,14.1268503672518
-0.658236596033201,-0.0375485159098581,-0.740763943487464,-0.103785563083058,-0.26969185325307,-0.122159124529616,-0.471627254619986,0.00825421476249188,0.0382714349551536,-0.660931920152948,-3.06111794309446
0.0512180122387768,-0.440564144663675,-0.382292165866488,0.493057079207028,1.04472191440203,0.594608655826772,-0.105967416004245,0.0465439461905647,0.170931586309895,-0.561186505957689,-2.59248941941771
-0.202393818577253,-0.855761103168056,-0.898444044768612,-0.570292106431668,1.21592339013645,0.642523809863832,-0.923469457362333,-0.136461209185165,0.257392427420158,-0.264567185224569,-0.522605115752334
1.69477169037274,0.727716542194276,0.913024517017028,1.4632540952256,0.840844324063174,0.461656891139255,2.00459499372279,2.22238914500673,1.32324957391311,0.65956335466938,14.516486953167
-1.2130020119644,0.412110917036893,-0.769445808656418,0.353414966177349,0.655239296298115,-0.293381700353627,-0.0435859039402274,-1.12984101994405,-0.790618601339235,-0.209125999796547,-0.835629686036921
1.45197279822564,-0.0745277309241354,0.0243999817691453,0.424081138983634,0.837286105637404,1.68628367959312,0.456489425908678,0.429676928643979,0.748809179041153,-0.686087089674021,7.79044970288386
-0.304318088508008,-1.22608069676117,-1.39782333650634,-0.974848278534055,-1.22072732798556,-0.420631866613524,-0.920885259169628,-1.01908709516917,-0.142555503555658,-0.777831224871247,-6.85868751755604
-0.30420295526204,-1.28148237794117,-0.303616449032188,0.850501977061942,0.747284591966737,-0.945359909777688,0.22560048147096,-1.66628742513844,0.00831717237547719,-0.0795146903178456,-2.27016663018195
-1.69916317183784,-1.28478021485118,-1.0574161080502,-1.21721656676901,-0.91664329162054,-1.68000036494955,-1.41133842534443,-2.33148169902006,-1.70797615898728,-1.88766169832642,-17.1591941160759
0.885893597283652,1.53711624876682,1.55018316330642,1.66840144539082,-0.00434247412944377,1.97139276988516,0.96076927610365,0.9262506978468,1.17879120967712,0.370866824009549,13.6380973091245
0.138488975985739,-0.236237940009153,0.403619248336246,-0.081702147990808,0.467075209447349,0.39249808254861,-0.309558366201046,-0.337709626784381,0.0683320219966512,-0.812606342422985,1.66061182146144
0.678040499046805,0.0311572206736648,-1.16292820376818,-0.452187061058787,-0.665472499636911,0.380468732441941,-1.69984022772447,0.526702054628539,0.222963680507629,0.544854964363644,-0.939052575933008
-0.121448777690464,-1.19002921450629,-0.60625506419418,-0.834638915353755,-1.19506738235462,-0.677268099019801,0.432207306069363,-0.422475890260157,0.168590919592412,-0.179357586147033,-2.93893189411954
-0.517471579353562,0.461396535925796,-0.669207536369324,0.00914086650607387,-0.341087142578526,1.58708550006953,0.571090891878527,0.591934524166599,0.375551107107539,-0.879655096231999,3.10299556393463
-0.660218547856554,-0.739502269350992,-0.309741048048134,0.51732007290183,0.0741897629354636,-1.67116481352305,-0.360652033545894,-0.631666865019458,-0.381875891842163,0.86056523768421,0.476893296260174
0.0475168425487507,0.53257240743403,1.87265474362105,0.641570726047072,1.08224173081025,2.0671032532995,1.37392763895671,1.28684758487015,0.258361146239756,0.581948678908044,9.47593028858675
-0.623841365032257,-1.52688179422557,-0.0370261341189462,-0.300055646882607,-0.334783160793643,-0.431485700066123,-0.486662160643035,-0.366274293198547,-1.07340218208308,-0.91970956305604,-6.01131281593363
-1.69916317183784,-1.48444516421186,-1.46677267413037,-0.829768224340925,-0.862134365311726,-2.5687745934557,-0.459528578761815,0.247055382050475,-1.34484971668344,-0.424936908323371,-5.42639540340289
1.31441969571503,2.09282807414969,1.04837332433846,2.30280944412396,1.91898512341214,0.603105286711492,0.585191313813701,1.37428668805003,1.79327202219399,1.36183586613144,16.7510181035338
-0.146248858629366,-1.22963057173199,0.478467643589618,-1.14257391263845,-1.24392218028352,-1.15059979092051,-0.160789164006218,-0.916185376366387,0.354375513270747,0.0330612929886577,-3.51461682496873
-2.19071187316479,-3.32534662222867,-1.43075941876622,-2.89772753383643,-1.26567491706693,-2.91429010925475,-2.22897036158405,-2.47729588821298,-1.76550308312032,-2.32018522672193,-23.8256331486597
-0.00505844702075673,0.943991792886478,-0.0928490677165294,0.351031099462641,0.454891061081566,0.546030337173706,0.301727023959655,1.60201446910689,0.557660240966221,-0.86979302631606,4.24154513582174
0.436200993593753,0.875871496250191,0.497412892547508,-0.182454492714254,0.288913175773909,-1.04915456780703,0.303781179390126,0.568952637274,-0.419655233352354,0.390770235610816,3.5001886515796
-0.151654810521921,-1.77652005521349,-1.04995645300934,-1.43576234048808,-1.66265627464771,-1.26829815302426,-0.372135114777976,-1.87820179429996,-1.10739705247317,-0.79246241394463,-10.7486484581819
-0.0917221359347851,0.444589733455392,-0.116914325025123,0.479596725779958,0.66584522878226,-0.141556029572002,0.824744596146585,0.732096949765903,-0.212078595356426,-0.765242608450061,2.54248149718851
0.159173071417089,0.751712390421763,1.66029011709643,0.371089425807116,1.31279204296064,1.15172795851782,0.857003953279621,0.8757192971235,1.16796173411728,-0.435185329643459,7.381438039252
1.65810763548756,0.440133554237533,-0.482271228792648,0.662997914725062,0.970964545445623,0.925744919123582,1.64867867260639,1.62136805537687,0.449757460448044,2.43772302299881,10.7338611703671
-0.173994722929313,1.26148008756644,-0.653046197878422,-0.485954481731742,-1.05835312919658,1.5738130982541,-0.205748574849591,0.323920726889929,-0.508274549427507,0.747870569565853,2.93141301719021
0.73433356091154,-0.103351494774032,-0.339390662758553,0.0332529695420936,0.194864107777587,-0.294964285054221,-0.975345107686765,0.567377600357142,1.03190238169026,0.593510890735803,3.31900845147583
-0.364497172797299,0.119132737128062,-0.229486320963958,-0.258583033287001,-0.861868197767199,-1.99172786019407,-0.580459904528616,-0.981960467795487,-0.71830929498187,-0.153072771336061,-4.49815716136302
0.118633115020084,0.313665278096479,-0.913170552381837,-0.00282609666404605,-0.772351542061973,0.981903649825577,-0.381631514179438,-0.217195901079497,-0.643695482038106,-0.789878660492456,-2.402922108407
-0.205409804557249,-0.406499679372234,-0.286600003764233,0.108815919054368,-1.21129194248892,-1.40201391971647,-0.661200762720536,-0.243851708666367,-0.382239717173509,-0.0199478498253828,-2.075313418747
-0.257393704793128,-0.303181463779154,0.0735367705589307,0.228220361536013,0.183265936773936,-0.000412844117794027,0.46412181652882,1.25254739304289,-0.151160988629217,-0.354012373258431,3.64886059720685
0.174653851863051,0.406045697658268,0.268418059081644,1.14210414495992,-0.191139488710534,0.251846641607495,0.439604456975419,-0.267914383400518,0.226958089295407,1.50956484937045,6.68140800491578
0.194992687141825,-0.26014526578423,1.09540300045088,0.687953407850248,0.303415014108692,0.486218036816077,1.27346504903314,0.280055174598288,0.68902371620677,1.33094568771771,6.90729740342524
-0.282465442995657,-1.36796704611624,1.22594353770019,0.119318503051548,0.482424112931451,0.422620054714582,-1.18054505206371,0.109911561258261,0.698796312974081,-0.0183058670477801,3.50625445487315
-1.54840974618224,-1.05061261252329,-0.182349333482165,-1.21825062084689,-1.83982051675584,-1.30297500195479,-0.82882372539372,-0.770323962044365,-1.92816184771263,-1.67399439300814,-9.88287885429868
0.794514986237074,0.787868598617551,0.0734525456856859,0.152372563637085,-0.0340980195486664,-0.360759332071222,0.180624486878227,0.942377893436058,-0.15762067512523,0.44454327210381,4.64776708694506
-1.45077720594515,-0.960585070181864,-0.785256643759497,-2.35833001760354,-1.84667510048811,-1.70659227160263,-2.60457601264697,-1.46477701202653,-1.52185184272007,-1.25374450338308,-13.9242429403719
-0.754112720228259,0.244672049698438,-0.420001542513556,-0.834535154448184,1.13277624843629,-1.16273335735497,-0.302662933557629,-0.35363630994012,-1.74902299259084,0.603216767584043,-2.43745724770206
-1.17979690938968,-0.443081375195153,-0.348029446562375,0.572674161585554,0.436907580418269,-1.28001282486269,-0.956186064299187,-1.00149208435547,-1.8466013499977,-0.926555753802009,-5.05170193051083
0.00917622586817349,-0.335167606822148,-0.404818007701203,1.31719063418166,0.634798816652799,-0.44996426006103,0.1821622898098,-0.0228755971258107,-0.459888131771801,0.255351516141003,3.27882468588191
0.616508409613429,-0.819026254402896,0.533564986440847,0.450152858357863,0.4220188662488,0.541165627260283,0.135427836535505,0.453710496969568,-0.00325275654590873,0.174812399688985,3.41599335216309
0.384142358286154,1.813659471382,2.5612317295957,2.42776237245985,1.94091688850025,1.21278602500568,2.12521064781389,2.46911015570474,1.93130385869298,1.87628642581077,17.3769321438765
-1.97826458189118,-1.58579465106472,-1.60500705042088,-1.16650293780071,-1.19052308344623,-1.59520523262734,-1.22234518678353,-2.13609094335176,-2.26328642331399,-1.30572518654775,-14.3159817246914
-1.35760866199171,-2.0623527164482,-0.85110872838618,-1.25410880853814,-0.325465896044085,-1.8551369552266,-1.88703220220933,-2.66295797952074,-2.49567751800564,-1.45518694791277,-17.8085930155341
-0.0858122135332368,-0.516603652599406,-1.12921297425261,-0.123046705122056,0.993495327224662,-0.0487768385936715,-0.782563270376786,-1.07686116232724,-1.60883045264074,0.893039526945563,-1.18217571477096
-0.0243271744721319,-0.275436174622087,0.471427771124212,0.703006856860989,1.11039237816524,1.00667195190573,0.8528531074507,0.832747449461492,0.21574280029255,0.648639178138999,5.59526672384043
0.769279653173444,-0.539394010538214,0.394406078194936,-0.379050483673844,0.896882073857526,0.647104273607249,0.309747514647571,-1.45144709832835,0.936420549643909,1.22041088478953,3.88145240450618
0.134855931135045,0.447989163751092,0.155563863663898,0.255657656127899,0.46955874090162,0.237150725012172,0.552684700127195,-0.330230858379527,0.522073966824626,-0.11052370483955,4.48020075023883
0.952636867398874,0.7839795648446,0.782542754714646,1.76277152629666,1.84858975063115,2.20611801017931,0.468126877494511,0.949742657230917,1.37665716173321,1.73098915351653,15.891095100215
-0.719895298359264,-0.600650726013991,-1.40429526344553,-0.7300897992301,0.595413413111661,0.681807184261058,-1.08229532583019,0.56764539527149,-0.0484102424013308,0.923035174184671,-0.488499218476258
-2.26995915104017,-1.26342330002845,-0.55662952717511,-1.86911933090989,-0.956789582599619,-0.548659746597419,-1.60629218759269,-0.795288733621705,-1.32386858383465,-0.997677612105779,-9.13823010126773
0.15285963530518,-0.929061298373363,-0.412460599877321,-0.133928255701621,-0.334744244007537,-0.977841039973071,-0.379092272635977,-0.831633645125603,-0.0848823044987915,-0.768228558794035,-4.96803227723342
0.0591387898707936,-1.22994374943126,-1.04365602783097,-0.545556530311267,-1.59172752181939,-1.29122945525601,0.0458754183955468,0.0801714022642936,-0.205365310127241,0.0466482620769768,-6.43427865571142
-0.48990174587081,-0.923711518136795,0.337026361321328,-0.430228169988144,0.197352737539087,0.633593035349281,0.54637913999151,0.296059537492944,-0.171049790290911,-0.540630564414582,1.26788092030026
-0.251134000594451,-0.350100228611018,-0.59909967087783,-1.16165511919655,0.0724937003480481,-0.932479106156076,-0.0953277605974189,-1.45202890639111,-1.01549877571757,-0.939738723779737,-7.53566410467607
1.04473832798434,2.0200794788409,-0.61951649206862,2.23154995847369,0.813659188633413,2.32821282553063,1.41782500237703,0.426174586689087,0.542825641334079,0.05490823844441,11.9197589964486
0.869151206109129,1.00861920897811,0.917793738429032,-0.662732360887571,0.268042201925692,0.799718611702672,0.172749896316265,1.50337957516005,-0.733063465136486,-0.458964913524232,3.74816936895883
-0.354881661608585,-0.823343475889491,-0.196747127554514,-0.389237064644469,-0.197392928249359,-0.495797871647947,-0.0129181331409218,-0.43547189233902,-1.35683106934075,0.129666152996242,-4.35801785356627
1.31423567431481,1.42965960099525,0.551701660608709,0.315207122419397,-0.328401000443662,1.77200498319494,1.51428468469647,-1.29191079002439,-0.268052326355053,-0.736597740381686,7.20376512990937
-0.121448777690464,-0.81854772419533,0.0108261914798534,-0.528624099008339,-0.358949836543624,-1.7611661326934,-0.71093402808193,-0.807098237659659,-0.552472856055932,-0.222619900029643,-6.2457574344183
-0.331329166698229,-0.0908022064434511,0.0784525536471902,-0.0403094560862163,-0.610000155647892,0.0897549511522672,1.25788147513353,0.511164329280909,0.352927552652064,0.13754323381951,3.29196971033334
-0.0243271744721319,-0.115159258193405,-0.371114515127862,0.161407895080275,0.455829443965593,0.845626710058934,1.06760546537798,1.34661059489948,1.46423092312107,-0.0836737323475988,4.67708049142749
-0.921597858243896,0.599181603525961,0.777291237517347,0.109026394675422,0.185567584191797,0.575882526352758,0.885567521756204,-0.0810260795528299,0.843476951139459,-0.415921603234315,4.01932340721781
0.283697152524846,0.35980188151966,1.10298636186411,1.06658715249589,0.146541209706925,-0.878055863003547,0.295723727549543,-0.225666898195443,1.96334849013181,0.276958482161177,3.37619047868112
-1.51458755223237,-0.305901057824163,-0.208378896046178,1.1158292900846,1.32434662696063,0.0721026734839329,0.0218795861399556,0.412892570533431,0.662506857158199,-0.256483722774387,3.7606995151306
-0.877432800506597,-1.4508446060785,1.08238111370749,-0.449757420725471,-1.07641591626892,-0.424525687578031,1.00762563581979,0.195675315983943,0.449068974294218,0.651784479746525,-1.14024239847717
-0.646574255020792,-0.0508159687481207,-0.0189621131613829,-0.626855584581652,-1.06667597898245,-0.0185289177230304,0.30935413547531,0.109267320039726,0.488101024601106,0.412533540006108,0.583883352800438
1.63885491296909,1.42928796535103,0.0255881732296357,0.465445422759201,1.19068984416734,0.852284720895757,0.397979660330566,1.1153948936821,0.857919561983827,0.634193641930893,9.95349425370214
1.35018379943737,-0.123710468062834,0.249998926428812,-0.596533006717361,-1.59532785780465,0.573447120996356,0.228690808374503,-0.677260202614597,0.231425943641138,-0.648912872966623,2.10185689641689
0.528990721249001,-0.20471160829937,1.02024025930722,0.977014287730219,-0.129131607555684,1.19362108613566,2.45711928665029,0.167011939390159,1.4272857566629,1.94574047855202,8.60363505159017
-0.517471579353562,-0.981238123027855,-0.130804467839906,-0.676564678039514,-0.137427256518608,-0.417431138961034,-0.500774676312664,-0.851861988844252,-0.188379198801546,-1.02683321248443,-4.63590603274285
-0.251134000594451,0.320294811259564,-0.664608688130061,-0.0187895200750353,0.241759126417778,1.04406940702417,-0.47038979307101,-0.801783258645037,-0.472889525879385,-0.309327350212469,-1.26450208043077
-0.922492839617752,-0.631804563408482,-1.54070112385755,-0.645131703489893,-0.906515120651561,-0.633676677309466,-0.864381013703454,-1.53128866348545,-1.04335278724587,-0.502698872177802,-5.43798110028448
-0.658236596033201,-2.40791172852025,-0.875819688663206,-0.811022044157536,-0.710511650467006,-0.900373092902581,-0.570353220345849,-0.594370412983975,0.259969324480333,-0.330617600581798,-7.60841115131211
0.716355596128931,0.0754053196678554,0.343943219401289,0.207759176781069,0.116734852388586,-0.567263105585657,-0.736780179305215,0.328371527610709,1.05588588548155,0.457206357995826,3.47724342666955
1.12164089757685,1.30075237967896,0.268403401434828,1.71211104714557,1.10994098953315,0.811118356650505,1.30654069047572,1.80158850612555,-0.296376705195528,0.925233032606868,12.4202933475062
-0.459932163196472,0.215832206113448,-0.362671326330631,-0.241631522755552,-0.953521628134684,-0.249260954092345,0.083377163501311,0.374792293250019,-0.111486804818576,0.546435582167049,2.04805422493456
-0.268447436561005,-0.816336313966488,-1.85592232474562,-0.742189910922422,-0.335829685719528,-1.3587429425845,-1.49776426788182,-0.535320925428029,-0.74309396837364,-1.56608246975875,-5.51778533958711
-0.985890839048318,-0.575490345903903,-0.317967534067588,-1.05310591738264,-0.921529254783996,0.881487348842338,-0.751026578329752,0.27208523260002,-0.810185981549762,-0.787911111445563,-4.24482465304245
0.0022379194186519,-0.61607087296828,-0.562780376525747,0.755279753920578,-1.75969454250059,-1.01738092341936,-1.38530754767127,-1.45746765362324,0.844844253651559,-0.866619308962082,-1.9598161084755
1.26736385105262,1.3017226536777,1.35674783410751,0.722805074079906,1.38113013897693,1.82495832174642,0.970040222842934,1.44323586957634,1.44071374820897,0.766581609181772,13.9407666695261
-0.626018408133798,-0.509550248833109,-0.166503601296102,0.418168763067863,0.644398247489449,0.386536330490923,-0.269808354927128,-0.173014594599585,-1.68658937424101,-0.185517880587684,0.816751470830441
-0.90349960885966,-0.302368981981557,-1.39523923588406,-1.25579594474406,-0.379387846863893,-2.29329303075945,-1.33974451360063,-1.23604668956505,-1.83083129496109,-1.52132796441433,-11.4545657951214
1.22177479288634,1.24334040815603,1.20362655713828,1.73370185774289,0.886942507859966,1.68063525518464,1.18149225981256,1.80622847165135,1.49405576798138,1.46002253145247,15.4235921334283
-1.69088700740946,-1.04633629658242,-1.29093616635386,-0.240711056879641,-0.973665251970369,-1.6927111567546,-0.540868719077384,-0.726242355182908,-1.98450085183686,-0.616191151074222,-9.87938295387647
0.436200993593753,2.80750745710791,0.119702763983329,1.31082556755816,0.664715575320296,1.51040082353098,0.613377167485439,1.90204064105662,1.07876440291735,-0.279429914519915,10.8037076117079
0.744512874682202,2.67274842862595,0.740706986357945,1.54931600986831,0.3389733826734,1.44103620383069,0.836669586856056,1.13914476867607,1.22390431704243,1.92304906934603,13.2308769788825
-1.04910691285097,-1.5049409423065,-1.06952028330635,-1.1610008933602,-1.39362612674371,-1.16303301625589,-1.30518012867297,-2.09827998967787,-0.0785596770929293,-1.19295108824943,-10.9905299545212
0.967408450547601,1.67418940330248,0.292961798944274,0.26948390127362,1.33877400875408,0.0679717539728982,0.926094601984832,0.671449066375182,1.50100574464286,0.790272606812316,9.47746668731995
1.53885792803943,-0.228997811144925,0.263955620357109,0.896703067767239,-0.222830443495871,0.221402524484486,0.189240701101398,-0.0989448580589645,-0.8485178070249,-0.732714760275636,1.22787678123844
-0.921597858243896,-1.13844525083329,-0.331564880487883,0.285445578665241,-1.31144415577266,-0.532308918217501,-1.97568572838021,-0.820656432664802,-0.0818498369802518,-0.499082254317045,-7.27028932734998
1.26736385105262,1.72911050310791,0.894458595640153,1.23101808429166,-0.382723940387349,0.983081893955081,0.29159322546196,0.516649383980431,1.48128279015411,0.908061936652429,11.312560554672
0.0936227452935004,-0.0367243204636935,-0.0710171200097772,-0.528407376751857,-0.284577129376498,-0.430319713954768,0.302625420961822,-0.0940929310727666,0.251793874760568,0.120749511334523,-0.85377634916168
0.384142358286154,-0.442832768718972,-0.889248183640631,-0.408597638039552,0.934392611013448,-0.891854140097166,-0.924577948157307,-0.420568490214796,-0.569719780482265,0.0325291552393661,-4.49886152372491
-1.01967031962456,-1.02455306734175,-0.943438019444608,-1.4923800410329,-1.36795957872494,-0.302132899970826,-0.841861163290628,-2.00885554332139,-1.7006767698612,-0.787731088401876,-11.1269951096402
-1.43354561572031,0.0105379619997229,-1.50548316156615,-0.156303788522339,0.324222171106096,-0.570078536221978,-0.573523363762262,0.482213947101417,-1.67235157462976,-0.955826607866826,-3.55822319674613
-0.0981662069434601,-0.556463328805897,0.79358051022479,0.067126450022137,-0.695359227938985,-0.307590087385652,0.236589866885342,0.514659230844836,1.04246998137486,1.47318655232703,4.06461024904312
0.474508537276854,1.70120410040824,0.0582847369019101,1.19900504136996,-0.806041372694339,0.204368976559576,0.0366369271471301,0.461607781788333,0.677693932428293,0.70907879995818,7.2051953621605
-1.14379799442333,-0.482661398942939,-1.59454956567699,-1.42582838513033,0.634787281220137,-0.761943266169545,-0.52868340056852,-0.726020486257627,-1.14427737104707,-1.57556851749548,-7.15593320038441
0.211428722412295,-0.405563031215606,-0.601297073943283,-0.975689310902343,-1.07837200913415,-0.27899249512406,1.39543494982842,-0.306252000362724,0.0609273588799156,0.108572174042744,2.64925214932251
1.49547607382312,0.717848691573338,1.35127543065862,1.92335149059543,2.4617421137505,2.25848423662945,1.76724905514997,0.725105144687737,1.2015197367874,2.06445874370102,17.4658951680152
-0.545943260036275,0.0915177950572575,-0.354341746568484,0.860307627611436,-1.09169023939467,-0.603572462431855,-0.00809837218037127,0.130056676270354,0.313939289590591,0.646187901725599,1.79776618366587
-0.927043598329326,0.209524547052734,0.10644217609746,-1.06477177578589,0.0696648382592158,0.569903164444033,0.442723393084275,0.123089119186264,-0.554261684666648,-1.08578409536468,-3.52280050281617
-0.0917221359347851,-1.51287669146381,-0.633398665010993,0.791167675932848,-0.599110686430351,0.436350019709541,-0.825741064288124,-0.568661260695075,0.132820531121015,0.449644943139205,-4.18589022813268
-1.77734134853361,0.631262768201984,-0.671480196697602,-0.900625891893476,-0.276776259588658,-0.0317768120326814,-0.282309104864609,-0.263877615118486,-1.82407579539271,-1.06428686971551,-4.93373333122116
-0.523004136727292,-1.22941086744889,-1.00635236590854,-1.08393306219328,-0.628100892587004,-0.328340743066109,-0.562069847608525,-2.12021973993445,-0.996453344162392,-0.499005250291836,-8.49764931176917
-0.490605285012623,-1.73185008297367,-1.14495933469286,-1.34788062947404,-0.191624295788642,-1.2964707425001,0.232571082357124,-0.219313991403872,-1.34630130408116,-0.264169865557938,-4.25340339102129
-0.555591938883375,-1.50494454363009,-0.334037647241494,-0.291247173503609,-0.561689417832971,0.281120100886361,-0.533467366849828,-0.641404806533956,-0.764880269847775,-0.503386542349425,-3.46003262277925
0.293774828229347,0.304790685390681,0.197766351531118,-0.353483253213583,-0.377618738253293,0.118201571254253,0.0192697274835884,1.24923652511899,1.19211683484588,0.646989939185603,5.38483008616609
-0.211165342241906,-0.60163286062547,1.40498060195306,1.69146576928011,-0.31037754061604,0.113141899186352,-0.959632396470682,1.07318847544261,-1.00060578300693,0.400698485544479,5.16470433496139
0.750969726020929,0.827031222328785,-0.30429175683054,-0.479404915126653,-0.154918194738278,0.584025999157494,-0.425027547013935,0.797269788141098,-0.305675895478625,-0.645259137940916,1.55182466048964
1.72505784167952,1.38248985940725,-0.00291073734719971,1.6381325349959,2.11147234157597,1.01348703663918,1.62717680874963,1.15926392675454,0.481105072061274,1.47385089046565,13.1357487813802
0.159285746653101,-0.661741885065068,0.354810985548953,-0.130346911360837,-1.02504977382749,-1.98273879413203,-0.215013097742024,0.0969237278084617,-1.36923766711327,-1.07986460137157,-4.86022793952844
-1.65019659087175,0.0391420288667601,-0.0819315998019265,-0.275126613658606,-1.11176570236421,0.162710900067735,-0.417836411711823,-0.798323716073367,-0.716968354391285,-0.581540251870095,-3.73974167314977
-0.312763738887365,0.722934786384717,1.28698159951869,0.137454323877983,0.533995497954629,-0.305073705724675,-0.44982463561762,-0.803465207302701,-0.367828669576702,-0.0923811433517748,1.34288134637427
1.46449452988911,1.08357193218622,1.60280210323779,0.508407471153645,1.31953053861925,1.29638007670168,-0.115093488520006,0.736657065969244,0.82754513018903,1.68708337329977,11.2090380021117
0.983911506100226,1.06632074822404,0.300658252279944,0.730055255641747,0.947463568485113,0.662851812810258,1.23265907217268,0.038916448654765,-0.106443733404971,-0.021179590439409,6.70275410786123
0.983911506100226,0.451645379576746,0.562854460409999,-0.0757157020695757,0.533928647879076,0.328734014457439,0.410198328470209,0.731943852571864,-0.440498291439021,-1.91593322345118,3.01305099568827
0.248346160807034,-1.08289646404096,-0.238003797147439,0.669559750764107,-0.578128852634282,0.615336333751935,0.391914050166884,1.15535843574126,-0.240702375514187,1.15091168110007,4.13471659359912
-1.1081752897546,-0.503023015835508,-1.29277615548709,-1.6701123319716,-1.89684234863672,-0.428008161595839,-0.661703337138221,-1.70187024774286,-1.89197512874711,-0.997152336108956,-10.7634994189035
-0.0514814144922993,-0.0135749312680061,0.138589488114468,1.12292701225385,0.858888873980934,1.66326402107674,0.0743968034028616,-0.409563677994392,0.022117784022829,0.572219035376548,5.13038579927238
2.19385659145028,-0.2989222127136,0.554324452625412,1.26021064386129,1.46342844100159,1.60950380410388,1.21332426812018,0.690710891347028,0.30861637013582,1.73856526035784,9.92363456925545
1.45197279822564,-0.754225627170055,-0.223279549863696,0.711837129937525,0.681650462840396,0.455049129045526,1.35479525294503,-0.422326672093295,1.41855040126026,-0.318568254081459,4.10733283966148
0.983911506100226,2.20770992629796,0.52485322110105,0.696773705614652,0.775467972043747,1.41082337011772,1.7066089058248,1.94122935770722,1.99833178058752,1.08563850645113,13.8339467628521
-0.460441180393852,0.275022028222173,-0.00976565142981611,-0.4733995375182,-0.265717503648629,-0.646936305546153,-0.200853499504275,0.380837369457677,-0.471218825889265,-0.267843789546297,-0.854231441960155
-1.054241441577,-0.520951303401455,-0.488020937056267,-0.622142727629415,-0.88393167263574,-0.282580706205215,-0.652283094679554,-0.913629942977401,-0.45255390540413,0.655281430139252,-5.5650234238007
1.45620819338228,2.00835703915683,0.812812664138711,0.98374105348688,1.05247652956756,1.05681177309366,0.267185282579756,1.59945977192595,1.45051316474803,-0.0140139845695288,10.8986059274293
-0.656426986355431,-0.548035369456291,-0.0739078129392446,0.00806400322419593,0.0596425634166003,0.322838294001367,1.23673873603512,0.276333691224953,-0.993765971902071,-0.707398011202008,0.404808659873107
0.528990721249001,0.270914625036067,0.29872490108908,0.421741068819555,0.841609082826069,0.497531174635458,0.0145436905575238,-0.0540316146582264,0.952123831769514,-0.148661414704535,6.29732344600365
-1.01811145723733,-0.836020941842009,-0.845296807755515,0.134118755983575,-0.266208712437256,-0.530439965451423,-0.425841523318951,-0.852140335263035,-0.0533644017313305,-0.175942142705795,-2.83898358666897
-0.354881661608585,-1.2088333451646,-1.30076428218511,-0.876732603296582,-1.51241425279483,-1.00453875323068,-1.4695007721614,0.0517961710468544,-0.311303401480881,-1.0824415239417,-6.60297408498512
-0.784987349115901,-1.6602339830233,-0.376610020085108,-0.352298581627051,-0.77815224554448,0.663868792295597,-1.5948156990218,-0.51548636760578,-0.825341034534678,0.0101751494029649,-4.29812479008686
0.613676098047277,0.211015525357478,0.0271464996217309,0.265767601481737,0.867009225781708,0.479796338129516,0.242277061462949,1.07403842727133,0.635868090142201,-0.17621855300454,5.20221577272638
-1.50026840418518,-0.318371180573015,-1.00883395586292,-1.23872937353822,-1.35374118836515,-1.11206241421338,-0.630659046941169,-0.558214758980041,-0.405245442359312,0.380715209886909,-5.18440082050157
-0.557670678875086,-0.515052165750657,-1.87679777099561,-0.557281661849431,-1.21845519127294,0.201820598379755,0.951146495565043,0.84237421424952,-0.981081356664418,0.182385518419369,-2.47697676746372
-0.582092675108401,0.466488305780795,-1.02148135907016,-0.491991167753409,-0.00540756048568303,-2.18550737391144,-0.873460458543634,-1.84932816199265,-0.821738497344283,-0.509851027913332,-6.93312808941925
0.0537481921568574,-0.974094834961118,0.694469931382773,-1.34326568369018,-0.988533545307668,-0.579398832927122,0.585032579731201,-0.250712341430453,-0.438248721906161,-1.40164107095373,-2.90704159099269
0.613676098047277,-0.513857541689107,0.166641303428529,-0.814221004149659,1.00063782362755,0.0513546936393901,0.353264745066515,1.06606296941521,0.265142071752762,0.134031278593668,3.4773773920335
2.1337627873567,-0.103576244938561,1.29272952419881,0.970845531861101,0.988152540141934,2.14905175538548,1.4040807473934,1.05446856620316,1.8449862151226,1.53401585346411,13.5682710935006
-1.30124888547204,-1.10065070815255,0.173696309853955,-0.488595382957755,-0.127589971209254,0.00703618246463455,-1.29703154656933,-0.956189879834249,-0.141577073102042,-0.848525314927846,-4.30801094355282
1.62461279824772,1.87118885891625,1.91061104352559,1.5883383241832,0.834058612879098,0.383191008182071,2.40613111684851,2.55838168274067,2.07861356903875,2.3337010383259,20.2414611048662
1.08436370830791,0.097505637212947,2.63708972149964,-0.000365938177892211,1.61680756875319,0.759839349284327,0.831858989476208,1.37973088591002,1.54796115462317,1.99405254884664,10.9435247714422
-0.519283817877388,0.865722271314601,0.110334364677118,0.698014399296968,0.870299019471581,0.90688765902497,1.80654734101744,1.29396045447972,0.811498196578389,0.79402779491232,7.19519463334485
1.0854389546746,0.156016263671595,0.257848988465727,-0.159585582928359,0.59827567676503,0.321615466836752,0.605400162257335,1.6114357578323,1.45549036401498,0.352474993241807,5.62677319487947
0.965878573159929,0.49788060566952,0.710876004971618,0.767240042576506,1.95061623765132,0.901134352721494,-0.0046790154919929,0.567644794744153,0.386742479691198,0.430640972032155,6.66084243956405
0.293774828229347,0.996889918311047,-1.10268826403957,0.234057139452454,-0.793765976713853,-0.062376919630565,0.272998883187718,-1.08473357301879,0.618439512910457,0.338912810897646,1.84510844335162
0.705732572158714,0.590787801043853,-0.289977618363171,0.764963043607492,0.14776190823268,0.302810348997515,0.951961142025839,-1.09219966291825,0.495354584128966,-0.99294888292255,3.28749945321992
0.095271887886737,-1.58030934633867,-1.21981595747037,0.0247435436215879,-0.893758517379045,-0.775862537138234,-1.04631673463979,-1.25646126606594,-0.630832291937711,-1.33682864757724,-8.57397988580389
1.22177479288634,-0.274248064077481,-0.18418311243814,0.893274654907985,1.29418430505298,-0.638795267686757,0.379647504534594,0.944532484137913,0.561386002794648,0.185327218918542,5.49990344924247
-0.992442666111792,1.66270393771277,-0.304239941832479,0.518213883148491,0.60647521161087,0.197125030046264,0.523868680055394,1.14617279070316,-1.07084086406608,-0.00439541017329285,5.1576663009705
-0.460441180393852,-0.527337408664427,-0.00832297139987298,0.138011798093474,0.0154577235002256,-0.962417819297847,0.478975493622187,0.0228803429852056,-1.31675950876962,1.18647197100479,0.7758909473194
0.413717147588716,-1.39233981936376,-1.17580539708065,-0.912563764583081,0.117592958451148,-0.690426821490323,-0.352729457803442,-0.723415739605672,-0.906276148513505,-0.668654421572987,-4.91181323820257
-0.527907631381967,-0.877159771793625,-1.17216936191452,-2.16509993519364,0.114723063564565,-1.6526239093625,-1.44143890331171,0.117991018978336,-0.774222764559448,-0.410257796816509,-8.454783967201
-0.772141367448142,-0.413874544660923,-0.339896150024426,0.0875626128158236,-0.550462355056733,-1.06871490044027,0.466909626360024,-0.363707333004668,-1.06848544041437,-1.61213545875754,-4.02355007202281
0.124971034734653,-0.453525490364535,-0.830167194957575,-0.580845187947641,0.37938298647539,-0.72610176721776,-0.231566363915686,-0.550939996368023,-0.21816885048068,0.0804738520004438,0.960290341571139
1.08436370830791,1.17543282489819,0.184198066906673,0.602411593571498,1.19492780882861,1.28641157520678,1.41428749536608,1.23873689484839,0.653138125947523,2.0250433154106,10.9056098234961
0.399186029968852,0.765225051807268,-0.252234620484361,-0.766956393042359,0.170881187329669,-0.316587627798316,1.13305409479145,0.100521960604388,0.430789955469982,0.175168447404765,3.05712782371004
-0.187842148006679,-0.0569643712145346,-1.56612021643682,0.509264558355481,-0.426665074136274,-1.27325180648649,-0.419406857125736,-0.946655552060664,-1.61077929570163,0.108663190605148,-3.05074500510367
0.868550442380203,0.632086813141765,-0.184787423960956,1.20479373258234,-0.886705261153419,-0.503967128421858,-0.70856673258216,0.479422113469704,0.0893341632539346,0.944626107638274,3.92859784785109
0.379150771124925,0.646534719174765,-0.0927615864140628,0.510683421442832,1.1795848322087,0.0116376321835675,-0.185210570001475,0.720827646795752,-1.06416981919515,0.47549685960003,6.49555044271138
-0.459932163196472,-0.742747682494175,-1.96735726789491,-0.531840082872949,-0.158248868628776,-0.788130573439883,-0.565721974606257,-0.9571539594454,0.454696655786563,-0.43660032194551,-3.49198635537741
0.613676098047277,1.47846767711682,1.2260579561859,1.14505259936236,1.55131276634063,2.35344704030844,1.11144962403418,1.07612025153492,1.03887354567448,0.588925429612326,11.2629553865833
-0.0838848382069008,-0.0635700381065126,0.360578132950444,1.34257807410991,1.41654267827094,0.254570040302133,0.272330060987763,1.00207469812628,0.383526950091977,0.182982262096645,6.05950431970764
0.846521587367134,-0.883829441897975,-0.0234646081108746,1.04852645258089,0.370095121526219,-0.403692623654514,-0.441689615172809,0.302415744723666,-0.432750250209083,0.643606314181997,3.52621922738687
0.613676098047277,-0.840563474218156,-0.192969364347268,0.527623871475806,-0.921299382356689,-0.410075305014655,-0.196383662324801,-0.527169172176087,0.211306015768393,0.806932375874697,4.15089462229257
-0.0243271744721319,-0.141730210676357,-0.948493633299938,0.269547844235084,-0.069081543208471,0.29137413413888,-1.2566051335435,-0.654022014870909,-0.354273853710292,-1.49419637899815,-2.9143651317863
-0.426185214724277,-0.631047503053038,0.670352208701677,0.388426636795492,0.135712239090184,-0.231730654867675,-0.338972035729016,-0.971516983729694,-1.21242745956189,-0.452199680815679,-1.7709048247265
-0.0865721266684066,0.313465285218229,-0.819780836192893,0.192640211450339,0.0472380759726546,0.00682160034380407,-0.326239924816017,-0.0461523144970509,0.555329206474024,-0.449407642177381,2.11087300300165
-0.197837282443647,0.869005350745333,-1.32300492249295,0.499881286104974,0.15131813694439,-0.804926834419956,0.399621435142319,-0.183774248536364,0.128934968246807,-0.246135085684794,3.13485225810833
0.211428722412295,0.240506337110477,0.323628585045475,0.869856643707543,0.213030792066704,1.07112735858493,-0.206958183173461,0.776873023894688,0.5810379389863,1.11943884216829,8.30934747539475
0.0489501635972738,1.76641573540479,0.535731609609362,0.322434402743265,0.36239890903809,0.219703749570797,0.0896934446039664,0.70885565730147,-0.308872657744734,1.34500912865503,5.96681433702054
-0.309518955759911,0.479533990855802,-1.08382369528389,0.481530791917907,0.431162056311416,-0.275052884136705,-1.21816915109321,-1.31310448604403,-0.801819640415066,-0.0547626802576771,-2.31491540722154
-2.50095657975585,-3.4590381535371,-2.42389296421424,-2.48438162781178,-2.2960239106477,-2.58414594300043,-1.69666069542366,-2.74918619288894,-3.25308261457259,-4.20560795423665,-25.2574758092517
-0.53867862723575,-1.29511878947394,-0.477140165051643,-0.505394612272751,-2.18557603722436,-1.32799383720347,-1.27358201948023,-0.351695276118726,-1.09635696814251,-0.968065808159133,-7.31656478544563
0.0318140874445683,0.190593982861681,0.51167115873722,1.07465212507152,0.238459082019661,-0.421297657286948,0.609891063786475,-0.521498987486154,-0.0840352177272283,-0.318035722424597,2.72544792222889
1.2915357296112,-0.697381927050586,-0.27056326037934,0.551866556497984,-0.97284868732239,0.177742374143009,-1.59436957150221,0.27047648040276,-0.350306903243985,-0.261498779440371,-0.402825951707761
0.233872595123315,0.487478059118394,0.49122676316375,-0.292091254697553,0.930079335556232,0.558205180516247,1.11482879825726,1.26448971879884,0.304604057881852,0.248682794755036,6.45606228147193
1.31441969571503,1.83844859842368,1.40677821345091,1.22146455837641,-0.035484348407846,1.24406292152093,1.03669575994715,1.47174676387051,0.634640430876846,0.334163909610161,11.7099489408224
-1.89300325660733,-0.82184377448819,-1.23353944491753,-1.70779510760379,-0.0746728689855978,-2.13427957241462,-1.00199299923927,-1.89928180291043,-2.75915390520403,-1.62589400446782,-14.315387648224
0.538130869588574,-1.060309220943,-0.710992034166224,-0.377975848458323,-0.931991167691317,0.1526030786229,0.299073669195633,-0.442713908187183,-0.701677763285446,0.178684978403897,-1.74730284841612
-0.660218547856554,-0.496401525542598,-1.13638435499146,-1.61927428964016,-1.21405133998315,-1.49344923589926,-0.638583862668052,-0.387011601387436,-0.832617537474233,-1.35693897212231,-9.4060715914145
-0.99206571301465,-0.577323135692552,-1.03860149032218,-1.14577166299597,-1.1716415762981,0.884247791651444,-1.54818303214116,-1.43365397733704,-0.237241430971432,-0.407613497424808,-7.81358492811877
0.134855931135045,-0.204135448607861,-0.423440022846804,-0.127892264031104,-1.44172363527614,-0.998056791221193,0.120505541327031,-0.588328964412665,-0.184495586053171,-1.09283939113954,-1.78876165541651
-0.146248858629366,0.964462626425853,-0.439036157967001,0.513328355153946,-0.152524516473601,1.39566940767266,0.267578344248208,-0.582966506913015,-0.283002657344046,-1.04632520797946,1.41304103340926
0.106960172233354,2.07851199944466,0.803776094814441,1.4921894665824,0.895129521421914,-0.0484991488267534,0.371506195945708,2.31221498284291,-0.730246935269253,-0.531704233800235,8.88585191905845
-1.18020744640328,-0.132871910854002,1.25186177094518,0.416325928881532,-1.24433951405039,-1.76069720183585,-0.178444264450968,-0.180416540985452,0.612885505634984,-0.15285021821166,-0.117009187899991
0.418904593487809,-0.23008446221246,0.380481351245802,-0.534374156448719,0.684564532112594,0.571943759791302,-0.593338471408309,0.349025087999676,0.202290266979215,0.534091922370573,2.74604020290257
-0.420440441012298,-1.71773243369095,0.219124649270721,-0.688294932433553,-0.281974801872396,-0.355917789113064,-0.753262442385207,-1.10395785040811,-1.59857593044643,-0.248349714077573,-4.9005747783521
-1.54840974618224,-2.17251126988225,-1.44420435926522,-1.20429505948246,-0.646612564849344,-2.35029660414241,-0.0189425930175218,-1.07340702202803,-2.82836998780506,-0.943802904523921,-13.3606243549751
-0.505873764318555,-0.452554608113775,-0.831556571316616,0.0700563941907429,-0.300363245141384,0.617857035294094,-0.549697981030899,-0.408023208559611,-1.05468488311093,-1.46694698550608,-3.98315683358221
-0.462024286184595,-0.0245476051503751,1.22844491204629,0.566511250183443,1.29750497676641,0.595273565512273,1.01734651270991,-0.299743398630008,0.416417363549185,0.371697660810909,3.7906883683625
1.31441969571503,1.8710081794419,1.04382309011805,1.98282362614159,0.748479142091623,1.62787313588475,1.73127304641053,1.47436601700698,0.148959331265763,2.49730915645242,15.8113758001836
-0.466492469597156,-1.0012016596584,-1.06015579739706,-0.483648249489012,-0.819389239954809,-2.43928620937507,-1.36052424630653,-0.238312428420302,-0.751595282308194,-0.507051447067726,-9.94251129408766
-0.305975081665259,0.382106024574946,0.181988853710416,1.24500600462292,0.363676575961607,0.761574115713402,0.573638111870179,1.11879718485688,0.749561688806998,0.381244848791556,2.03441568188644
0.318528427594725,0.133790508417496,0.10061121080757,0.429011560170681,-0.770997367234303,-0.271339594139698,-0.432356897800517,-0.415526656168995,-0.102037272948436,1.22725268473749,0.462669760031555
0.40879051554376,-0.129686976561962,0.337301132901274,-0.114919350974413,-0.266566648751241,-0.227685781305449,-0.322004490577342,0.374884853449609,0.642254440286851,1.30139786841645,0.787458770387623
-1.06324985065222,-1.83053546372071,-0.871755634869696,0.252925862514683,-1.32927887679454,-0.50376990427771,-1.05832320205384,-1.0163869868055,-0.941976569048781,-0.858573418131124,-10.7781666415076
-1.2130020119644,-0.783884897453277,-0.0524854049108229,0.530168845390799,-0.350526617684662,-0.33747051256405,-0.716528418796409,-0.354741495973201,-0.103592800854131,-1.04217767790867,-5.23451342760051
0.750969726020929,-2.28674998813257,0.494530431080905,-0.641970887737737,-1.762598638301,-0.570559710546448,0.0168211195551602,-1.51704904133066,-0.448728698912763,-0.434579873185749,-4.04281567389953
-1.04514105012488,-1.59679419383659,-1.03989655682351,-1.43899735702141,-0.632856099212603,-1.13853588366109,-1.29229030058052,0.0167400596148046,-0.619130285106559,-1.22986015827999,-9.19677235686122
1.34954646209464,-1.14392677693724,1.1957329017454,0.369223951636499,0.144203673660478,-0.414629510910643,-1.1137515809068,0.4731158001807,1.53201528904392,-0.604039301967857,3.6510006638577
0.418904593487809,0.0165973508680604,-0.658049997606328,-1.02861914607385,-0.211981353982793,-0.180801849486043,-0.257870373027782,0.589236061309264,-0.257632382646156,0.118333234546146,-0.347395515736589
-0.626018408133798,-0.615636185435506,-0.986854848073377,-0.400100391412048,-0.42421717482678,-0.252491496620864,-0.0787062617742287,-0.906802811284796,-0.238036771658304,-0.700904994997016,-4.22686368971415
1.26736385105262,0.845609067057045,2.1075666500653,0.629328193337814,1.12788947168487,1.44414458548485,0.240882730933714,1.5369150947556,0.650420725241482,-0.393712209605247,11.2349757579693
1.22177479288634,-0.856519308257551,-0.0439381981053419,1.97096187367035,0.661545303493489,0.521076323675634,0.174091795198119,0.339951350529164,-0.0641451205917162,1.55746724599841,6.02459713363384
0.983911506100226,1.17387032510806,0.628851639205024,1.2328196309697,0.922514234023148,1.127881084219,1.51863007065103,0.219591205914181,0.529092208041576,0.432889552228668,7.06926556558031
-0.623841365032257,-0.651071546703396,-0.767424847832567,-0.120308975237912,0.795916446903404,-1.01544594273286,-0.651544205295781,-0.262360341011982,-0.355781932056349,-0.72314366341975,-2.11044489725829
0.500191113429112,0.904499773043908,1.04522466132689,0.0390563110805978,0.163975030869723,0.655076147483084,1.32636410313414,1.86340706640751,1.10961802336821,0.647295770258938,9.10382501488272
1.0661125119155,0.0593528501079218,-0.833643548989356,-0.627702796847605,-1.28979740127479,0.318252996741472,0.0736806974413145,-0.523648208930443,-0.191266452841225,-0.891679200418419,-2.01180069960036
-0.517471579353562,0.372549761524323,-0.347694269742075,-0.687195025918031,-0.632520286367952,-1.21529227240429,0.511181249882493,0.155320817091852,0.535908455246465,0.896935260141703,1.67393489991839
-0.255630716113648,1.18286026844393,0.254829127160514,0.373756448255156,-0.422018326797317,-0.342128249387292,0.689107953277867,-0.61018738297542,0.0367720343188128,0.137763352212673,3.48694198295966
-0.063798192960944,0.433842161789645,0.968019674504973,-0.0851025106169909,0.384456191509259,0.959209038452426,-0.157378595807182,-0.213090715373435,-0.00926696651908909,0.615896700876167,0.661327094597706
0.825929860923386,0.440134746752484,0.152619461689476,1.17123875275497,0.113088150594391,1.43903701607418,0.567235870833803,-0.80724670711287,-0.396638316973681,-0.0056274561727826,5.23220179298734
0.79838392216853,1.0651640610338,-0.18157691853023,-0.693370358600565,1.66773360903983,1.30375975424234,0.645663166298123,-0.667913725952429,0.826755803303317,0.911122408824116,4.40756247597045
1.56628874429435,-0.104890552571178,0.382934432167174,0.252711158593813,0.744432643930141,0.880626558475406,0.652676074587196,0.820335331855358,0.435433619358292,0.143387472272172,8.02751265495156
0.379150771124925,0.618916411611383,-0.512859018428441,0.273445286058197,0.203478531908286,-1.37696618827152,-0.271211773010458,-0.705951218824031,-1.18365487166739,0.584614912817548,2.16377414445663
-0.3505512466861,-1.15226198658874,-1.4800038057314,-0.498352530864165,-0.0434016950641407,0.102152954560286,0.216434334878491,-0.463339541833124,0.0520951166757602,-1.48575713982891,-3.91396767113185
2.04724035567751,1.49545407426619,0.755839419788656,1.48001974216635,2.31649382572308,1.92282455300987,2.33792189618641,1.43817616139485,1.18896469908802,1.66000696346932,19.5342411497561
0.40879051554376,-0.677318969624793,-0.27954176533511,0.41371996355914,1.37746270997265,0.830353851137406,1.43269643380164,-0.0858039987651132,0.444683061756305,0.713534513398264,8.14977435648994
-0.90349960885966,0.229839687578352,-1.61916569205215,-0.602474937491556,-1.04337966167765,-0.286079696915319,-0.42995735150426,-0.266259452828518,-1.01390019949663,-0.632758784103765,-5.08281660935422
-0.331273637382372,-0.580952948165403,-1.91609752792599,0.256465739956022,-0.450905055447671,-0.511262955602739,-1.43736522349248,-0.617638573299458,-1.09398547164526,-0.850113793375125,-7.40590751232619
1.58680390776255,0.858296865321324,-0.194432693096675,1.0468606447707,0.859329146282739,0.7992625828834,0.455106730229389,2.22886347727368,0.573665830295149,0.0530927734950176,10.7294626277605
-0.111961426740216,-0.385664613742187,-0.597351894287803,-0.30707298814898,0.195554611700309,-0.371803983329463,-0.576365737223863,-0.233225118435567,0.292616728748221,0.478582802215146,-0.806587922977001
-0.0178489742384014,-0.214315131746389,-1.03395762734343,-0.127423042225248,-0.544258632654014,-1.00697175096372,-0.44377380883349,0.474374467149149,-1.74201396793133,-1.30097565568875,-3.58478778807238
0.470501960947933,-0.0376896398794682,-0.919752461210578,-0.351511620718318,0.669992317698077,0.0639511162889839,-0.995979522463878,-0.673465132121914,-0.307134142902506,-0.405680512142154,-2.55214094887417
1.53885792803943,-0.24659683976808,1.63017918905985,-0.119813680369902,1.25555812849239,1.41278735301484,1.96075898225612,0.278498094386116,1.27974863702254,1.93193036981037,11.7376927333268
0.436200993593753,1.68483456107592,0.479043191754488,-0.103047878255634,0.352128148108709,0.647030568470631,-0.170736571936001,0.393768227765639,0.516963006948482,0.724129975539815,3.31323215440482
0.0521175041227017,-0.823402886007098,-0.75601562286513,-0.907110914471099,1.29062249669092,-0.83575613356966,-0.11645183562667,-1.54929103863699,0.729277199360335,-0.408980148363972,-3.97858883577651
0.134855931135045,0.0417744382004782,-1.35821246227674,-0.36514945620374,-0.0778834179857064,0.844172658756251,-0.989314349020289,-0.304390521662977,0.0477073710296211,-1.44092760048513,-3.1233600669525
1.56628874429435,2.0530109788305,1.48815932324807,1.82527963901711,1.36762620788637,1.6944375649226,0.837783128368303,1.55339538337022,0.73529994314839,1.43844521800434,17.8961502436808
0.485573405426655,-0.152350652208588,0.745801139346224,0.980038583169473,2.11297214826503,0.192707730475579,1.65810536712882,0.885995827167681,0.938612960300828,0.165992372175879,9.29523578239203
-0.557670678875086,-0.431231415796782,-0.978610237930093,-0.850076178372981,-0.391382700109015,-0.701175369787625,1.09110293779533,0.487863365203849,0.310613915990857,-0.570116069877932,-2.97987091418099
-1.26624564117726,-0.394343886239299,0.298186374911825,0.149710301555114,-0.36652295576458,0.225547924929308,-0.245152042878136,-0.154606030356,-0.247876548985277,-0.83302348808424,-3.38461458892323
-1.15843303955783,-1.18971538470962,-1.32922110549375,-1.84688927071433,-0.213570255357227,-1.18460397181254,-0.0763465172134739,-0.944071452227497,-0.721607282963328,-1.69381793066231,-7.99350941666599
-0.592066073967777,0.624639768694072,0.439610560713212,0.436532216778194,0.848056570851762,0.651771568049053,0.710310141212806,-0.597803824117076,-0.883795182473206,-0.648163592795566,2.33810402151699
0.83844692793666,0.863626663014762,0.702110104393609,0.533956786785267,2.0070018666417,-0.471556903780463,0.336308235647458,1.8184657781389,-0.673940459356501,1.58416379033634,8.49209741366509
1.46449452988911,0.448023774023201,0.894286776073602,2.18072837789389,1.23771585516183,2.28338249084758,0.395945686104241,0.420277939368202,0.626604319277566,0.831459688793502,9.90915712779689
0.423597547874893,-0.779138953820996,-0.150135360526992,-1.55552263984802,-0.224865010745239,-0.938861940318255,-1.20700389111443,-1.23888505635933,-0.600199546513579,1.31023982115068,-3.21164963263962
-0.981046995137614,0.517085821119527,1.5218794150303,0.46138827908621,1.10280106217609,-1.85116550599821,1.48700759559514,0.535217570805992,0.43291747068065,1.52746896081707,6.18069299848877
1.45620819338228,0.774116357319015,0.180298679456567,-0.128110875794264,0.621088321345575,0.675050077438448,-0.285068843073895,-0.200275012053541,0.318909828171141,0.706160981634214,3.46997707018119
1.47897273423721,0.325726071432625,-0.883254002567873,0.21418550832574,0.402434890889222,0.0768494296906875,0.482428293604317,-0.551457144567254,-1.02893070954763,-0.220500555775525,1.80023634036792
0.528990721249001,0.755877412582125,0.205288535446116,0.598357212121614,0.750335199621881,0.227841841587119,0.200884298628699,0.512743808440658,0.0821880254645466,-0.0654876786867413,6.02296888847764
0.205422717242485,-0.130772395867971,-0.468619103496897,0.0681568543361836,-0.107980507387728,-0.223208255024714,0.250182709557683,-0.601491188092411,-0.427162342048457,-0.125190684780384,2.56911344675911
-0.626018408133798,0.813123318259123,0.429536453359141,-1.09914556132643,0.630199776838063,-0.698510726519121,-0.963501536057246,-0.553800933917632,-1.4459205293782,-1.05128809789486,-2.64981484097169
-0.556438023767411,-1.61586987909801,-0.218336777784939,0.231495001629465,0.15552970614979,-0.504651841848463,-0.968724511497269,-1.23898192098283,0.991817819515334,-0.215889883553809,-1.91003206042159
-1.6032606172291,-1.64023981510975,-3.38352083123186,-1.68319054114068,-1.50429165428939,-2.37085124685523,-0.473236970052577,-1.67214547561191,-1.59804573414428,-1.02770198608822,-15.9857520440358
0.0591387898707936,0.203986166466144,0.887603509501989,1.61317271161185,-0.126502052222072,-0.607183051466583,1.08367283323297,-0.199528613178277,-0.2987560211025,0.534737730114622,4.47497453195973
-0.489162549967733,0.614863740480723,0.0928746818377682,0.541214581517573,0.708952111772738,1.13647037375831,0.0869583086517865,-0.0503934972026688,0.0186229654408717,-0.112555151821242,6.31742291543234
-0.658236596033201,-0.683193986834793,-0.982565700578049,-0.561116847088673,-0.467869262229232,-0.658397780859948,-0.356375925983824,-0.705089178476681,-1.75968366517312,-0.162313671829291,-2.36609561304003
1.3752586114635,-0.0512332577129763,-0.0935303457948176,1.55220066040494,1.95600733222931,0.562013264051051,0.172072134021486,0.823569166238684,1.01774685279659,1.66831616568397,9.00259960065275
-1.52478178773352,-1.51617358869921,-2.12408957732555,-0.443824073660504,-1.16183977691352,-1.08226775493638,-0.24198503210417,-2.01886238415961,-0.568675363264363,-0.754131177142955,-8.65802657544758
1.65098818753537,1.75476011728398,0.489604594750142,1.03913122260291,0.664268002892549,0.576770151141991,0.375580738711629,0.265167793617189,0.0160223935880835,0.587511014776892,9.27095087168065
-0.466492469597156,-0.550777353017039,0.448848700184484,-1.67170711921011,0.382912745728042,-0.595640525869187,-0.250932633478222,-0.981422819096838,-1.53343548099227,-1.51130928247607,-6.78959776175737
-0.813358095370725,-1.73171920510583,-1.12375675670614,-0.206915183131971,-0.90718087919956,-0.513787881678079,-0.597217551295346,-1.83993069389604,0.0857868613943904,-0.943199288166906,-7.35924815743197
1.02000584154504,-0.077935687183603,2.027626039284,1.230887659768,1.56007665893466,0.146952241489638,0.155241218181185,0.394229289561378,2.60366179131282,1.88720917187115,12.249534782389
-0.519283817877388,0.0402086065920275,-0.289335583659792,0.48249651420261,-0.614397234657032,0.79923912792113,-0.209213938216498,0.206619552442581,1.78363990116907,0.645192090527879,6.07364995093647
-0.0178489742384014,0.730097291147025,-0.379560871015036,0.0711929953405739,0.960772139261459,0.340199513719027,0.276227264072707,0.108900598560152,0.444560147614429,0.173080471583186,3.57339969474016
-1.1160391404674,-0.389666695710639,-0.355009275793851,-1.04015899583554,-0.224689766414286,0.404224410428235,0.45810451729211,0.198083597382645,-1.1605299993587,0.421782764717115,0.634619678137479
0.452562350552983,1.55334957670159,1.05800738382459,-0.187153148527226,0.150944902275597,1.54076359958657,0.204845889804617,0.321248116579815,0.12671060854671,-0.157369320361097,8.68643536504654
-0.927043598329326,-0.219421137294186,0.296861033313028,-0.538489778408108,-0.109362686275136,0.0357929885727785,0.100567382978189,-0.176790149370679,0.53488233141992,-0.117432049440808,-0.482409931490755
0.261338808867402,0.706157478620104,0.493651405307095,0.98937795773786,0.423500509073753,1.34677418872046,1.32066857360104,0.722015694755145,-0.154929506859465,0.135885016271886,7.95853175124295
-1.95242823564599,-0.882084355525274,-2.67071104815081,-0.661825101965923,-1.68130470081294,-2.4399536716903,-0.202424602055765,-1.002964928673,-2.16639326800674,-2.04384896182403,-15.6233461723159
-2.38554811925784,-0.508542506184096,-1.12897369980557,0.269934548955666,-0.822631361313001,-0.891625482649171,-0.0131905649909477,-0.369791124867558,-0.381754449300997,-0.678384036402144,-4.73449841406571
-1.6032606172291,0.32881370683743,-0.218665567788062,-0.0165329375421663,-0.917312765219012,-0.84406970386541,0.144220756015268,-0.244382543509346,-0.123378374957202,-0.452686135032442,-1.97408876967058
0.885893597283652,-0.988148848588975,-0.986398730076754,-0.678259148066898,-0.753504803578732,-0.544754342204823,0.278171117026318,-0.229756666469716,-0.0955726331728913,-1.18094111288221,-4.58542256926702
-0.529174259564104,-0.954295510392159,-0.393396691676403,0.478669026878909,-1.25390786582502,-0.598379065493963,1.50873251280347,-0.179774956784425,0.213969939063277,-1.15260214130984,-0.440498682402697
-0.582092675108401,-0.257515064136229,-0.1451756328847,-0.620487363805021,1.21059396443845,-0.768462003629967,-0.248619204798243,0.18425733507255,-0.866961015089632,-0.0426800208071746,-0.210494469351965
-0.529174259564104,-1.0466073240095,-0.994101281211095,-0.72739845365304,0.183424253013006,-0.163243159658295,-0.161832791712866,-0.473683777351396,-1.35633454049618,-1.34040434136936,-6.69147618720923
1.34954646209464,1.58403122517605,0.759041397480131,0.525415819737593,0.662022851679604,0.624321418670938,0.363530301995811,0.074945270275126,0.546118217311729,1.45582493022647,10.0863989649386
-0.111113135445582,-0.757440077630588,-1.36514301797225,-1.57945855724761,-1.04824669040194,-0.0711154688472092,-1.59648654836249,-0.308105092292087,-0.995954253330515,0.079790231501556,-6.19250781430424
0.302735237255912,-0.167335665638791,0.159944150952452,-0.195212605185614,0.778157075562606,0.214618400460594,0.697980969713791,-0.0666699820605877,0.0203650506306212,0.451610204313514,4.52146197545383
-0.453686745694579,-0.574318777657939,0.607868589814231,-0.0368559020475457,-0.612451872315918,0.0114866007754943,-1.44130291163753,-0.0720449388790885,-0.0157955294957973,-0.155894575621167,0.588205010480262
-0.243431913154139,0.120811091140312,0.134183953320591,0.098851529966189,0.869106038978574,-0.752635379181296,-0.176488501919998,1.18449149196091,0.0190048439386167,-0.0945565670084922,-0.273158537669713
-0.81053928724662,-1.19966638808059,-1.25709794669542,-0.250883568249174,-0.233615724570163,-0.171886155204439,0.293075645077957,-0.853270378163051,-0.851791670714741,-1.00777558268488,-4.69596482706907
0.134855931135045,-1.399056171914,-0.991993203445915,-1.09033841136592,0.548070078789631,0.203318909035862,0.119570710143621,-1.44255384481418,-1.25289455134645,-0.789600897804568,-4.13729571005836
0.892657824792483,1.02000639549796,0.996366369474427,1.87858531490164,0.809658171476317,0.962561278660139,1.52863012224391,1.19706017555691,0.735508924874575,0.5952600432176,12.0734698428457
-0.660218547856554,-1.07802215301809,1.08494530680173,-0.261554128498307,-0.978694353187289,-1.83253443727261,0.560007338523364,-0.211318661915955,-0.598282340551335,1.34716150401354,1.62538717773252
0.816918973005376,2.21878888583245,0.280249415534511,1.95651509670358,0.0875233450836608,0.799502615998421,0.657564381764051,1.39016773230115,1.8404772541567,0.467422952481483,11.7176771502887
-2.57818302391747,-2.15386073113798,-1.16673390842489,-0.888429233329482,-0.658265132519118,-1.50753473966648,-1.50851370964744,-2.67780278844093,-0.934081420187045,-0.790387677036989,-16.39674786211
-0.658236596033201,0.99464913303704,-2.07795432982903,-0.608525333357357,0.269756267254599,0.808345383035579,0.15259317097345,-0.660643759249943,-0.836548411750211,-0.877703644500139,-2.21184017979679
-0.445148674903716,-1.39808462028176,0.180411833330676,0.209121607418038,-0.651347837385137,-0.600160472528881,-1.38950246216942,0.35199838141817,1.02045556562762,0.357461944267621,-1.32137721359841
1.30977675373608,0.807971070476418,1.4801576491858,0.626228537766645,1.93236956532449,0.543680246887578,-0.67278976242738,0.255087111025703,-0.408133653981157,-0.09173382456926,7.58200670041858
0.171393190667911,-0.372422177846125,-0.213958459259164,-0.797241513618286,1.17204107142829,-1.19948794686971,-0.303845371118811,-0.576867223007058,-0.92218571408411,-0.872043721863606,-3.11789042222448
-0.0878707014768571,-1.05500875135889,0.0359870792320622,-0.885949363858591,0.163394010007735,0.204639432086821,-0.126364923381824,-0.50434890845405,-0.473603207722149,-0.053757434280822,-2.91061704100437
-0.31965266628663,-0.494852344508706,-1.30206451558313,-0.816304997016222,-0.686153358184116,-0.53019012225412,0.268756668089103,0.367557954273466,-1.84895043115741,-0.11666530563443,-3.50010006690714
-1.77734134853361,-1.13201377387462,-0.883013500816222,-1.66335063067589,-0.321775613765787,-1.78919192538983,-0.754829535452115,-0.638657559430361,-1.70046418340373,-0.862232580042336,-12.7213285845813
0.418904593487809,-0.587839709147827,0.0372188659162374,-0.119427626049232,-0.768822249621445,0.094674146126896,-0.426942219342201,0.239983178112952,0.0741493028679999,-0.75262223367862,-0.123779548940428
-1.77844438409331,-1.11263275628808,-1.36889403153928,0.557549744738248,-0.0497317008787826,-1.72375829037293,0.759063255469397,-2.35516120384085,-0.293568467983164,-0.338111521866541,-6.72801134510148
0.0475168425487507,0.126295338119162,-0.0275860059582489,0.806781972739532,0.444466666202551,0.393743688964037,-0.710614652760715,-1.02087909862431,-0.0847561441682679,-0.545115499290369,-1.36395631860154
-0.210725172264822,-1.00623295861865,-0.841238496431067,-1.34862913265817,0.130342490503118,-0.598120727208622,-0.964978476848797,-1.32274139045414,-0.577759559841881,-1.09272687728585,-5.80412299659755
-0.0252987325964362,-1.3256992776061,-0.966021407969783,-0.00295776776129775,-0.752608247155606,-1.04337690636876,0.554307267216198,-1.92286315586795,1.19126717649445,0.234792576492315,-1.61757949813087
1.13973313944719,0.284110826102206,-0.556181510520321,0.261323944968175,0.77865857234915,0.359671865591113,-0.211132439784938,-0.329560961066029,-0.0253378034035482,-0.542174372210694,3.92103252744095
2.84590743337827,1.22082510629036,2.20330199760991,1.61804889432315,2.10226146784565,0.53587620077705,1.65936280509979,1.41286366282031,1.69590228915769,1.31021674185747,16.8306461831791
1.45197279822564,1.45193491914653,0.419452149682602,1.92066241605805,1.20537963614712,1.9283972176816,2.30953413632357,-0.154084128448406,0.891495915602324,1.67543446307762,11.5961954858055
-1.54840974618224,-1.55633047011382,-1.21962283052755,-0.246375287805873,0.651054738915059,-0.660668120444391,-0.733758837063579,-1.04180338229915,-1.76332244871243,-0.560237587314179,-7.54391811722123
-0.0838848382069008,-0.759359902414369,-0.787167945253242,-0.88653309851221,0.20854674060776,-0.772464693704081,-1.28874487645425,-0.748268422007389,-1.4407033089889,-0.697029794513533,-3.38994413365592
-0.141463982173168,-1.80910140722647,-0.348221448438965,0.164981473562161,-0.405913956656383,-1.64611028247671,0.22020098042497,-0.513931931107059,-1.21903774351918,0.263560966965872,-2.74936536905576
-1.83924500216411,0.0314353245321992,0.225998400452986,0.10963344700355,-0.275215367261004,0.969756657779573,0.180449551338474,-0.52632925446777,-0.165724593533687,-0.891081133048005,-4.31120954948332
0.961829148222224,-0.0886283791237418,0.070869640765698,0.615138752588711,0.349742636514309,-0.27316562023806,0.436337426074268,0.700250821122319,0.486741106280936,0.179434517875688,2.10667658749736
-0.0865721266684066,-0.739734603120384,-0.368248858811969,-0.961246044563448,0.0529488555716014,-0.3666039397937,0.265240436596294,0.0241162714946007,-0.0959820726576978,-0.717300088689565,-1.59342472295002
1.22177479288634,2.14600658202501,1.81658405743657,0.54140775472439,0.236849477991455,-0.273513645282418,0.198699719267655,0.327584231917932,0.633817046368474,-0.34185968129091,7.26292756511338
-0.120245922636476,0.386509861553635,-0.533278026025348,-1.27121041130086,-1.11781860707844,-0.316826900976086,-0.0283726112272961,-0.715819514538234,-0.342121291383289,-0.417456456801152,-5.57111470734461
-0.346364905169691,-0.267266845458122,-0.225181784824959,-0.670273692214152,1.02490463658438,1.16830152451998,0.928429410682691,0.173944878610862,0.855913146208824,1.32435663597963,6.65659437404386
-0.462024286184595,-1.62290560998216,-1.29030327519966,-0.862642664722621,-1.58126678502474,-2.23450022891588,-1.04941345211166,-0.817259943594641,-0.415305444635556,-1.11802226090742,-10.5105461647559
-0.802533287245034,-0.424265622256715,-1.54773540194146,0.2394705154757,-0.682710490805754,0.201109216245344,-0.0127183974194672,0.0680371789927385,-0.735300961261584,-0.526219333488141,-1.95649207835031
1.02574295372388,0.618586003531245,0.925958490666448,0.3496430478005,0.261192404626413,-0.588696162905959,0.00460031090956792,0.326319049566928,-0.0492133222240063,-0.714231783270814,2.25354865588974
0.983911506100226,1.16128045747433,1.34211313040523,0.158660746934161,1.16167799773865,1.38100709711641,1.19531381788278,1.53371720569253,1.97999876846428,0.68411059721983,12.0291855620335
0.252951963030379,-0.17186453043891,0.0260339429952805,0.614137371409589,0.764075434614568,-0.304671455555165,1.13644880618656,-0.196216438518209,-0.579313545693795,-0.253690064694741,1.68112827002628
1.00333332441944,0.0961770915172686,1.41310140904643,0.889009364194303,0.538115003803227,-0.475717986558064,0.653555889827447,-0.153005579176073,0.925610308899313,0.894262099239683,5.55045330037679
0.0366674793121212,-1.11754380379291,-1.05558649764094,-0.290572498500953,-0.662707633860848,-1.4263124877528,-0.470863560437155,-0.814959719784341,-0.666904759348198,-1.70276942260005,-6.41154876639373
-1.43354561572031,-1.00209567217477,-1.65935419388323,-0.289520442282153,-0.936984342397162,-0.536205660399025,-1.57656112023605,-0.615260366581378,-0.24869943856338,-0.702251979964159,-7.51373786062388
0.0318140874445683,-0.376342374190431,-0.520128153109434,-0.939883017258703,-1.0101984034956,-0.192132649683212,-1.69498549604968,-0.917958836158901,-0.0829311378978268,-0.62201793710807,-8.01362519688881
0.384142358286154,-0.450364032858616,-0.122719645667751,-0.451952412206581,-0.909282996219508,0.205889680792818,-0.0319510139765858,-0.0769185756525165,0.698170785250675,-0.524427578503669,-0.190928501867286
1.53885792803943,0.728904212917774,1.17402092787555,0.0430544447643993,-0.221286648514265,0.768299763280556,0.171642917924344,0.889111206381631,0.0641681919114473,0.133360657752199,7.03817561171072
0.106960172233354,0.202736180752389,-1.14881785824748,-0.314576472555919,-0.554147171282192,-0.194635355466208,-0.694403016379435,-0.201989593523196,-0.0429841183897765,0.54300918514466,-1.83382912787179
-2.38554811925784,-1.50064580815361,-2.31441196938792,-1.6495738492224,-1.52211099387647,-2.52467296765795,-2.64678498184585,-1.33025749345715,-2.42905388059129,-1.97699555007092,-20.5635915886898
-0.312763738887365,0.447137941686603,0.642611408791212,-1.30717779024611,-0.995457889698664,-1.29876743692792,-0.606252304315578,-1.58019474605654,0.353426685811882,0.074525455801782,-2.81490541125771
-0.211165342241906,-0.261830503439238,-0.643276799563857,1.10218358207698,-0.237952276620562,-0.214058057138273,-0.12634481680697,0.905610181767563,1.04829485205154,1.01866959221188,4.78029713653927
1.49547607382312,-0.692557867851476,1.18519617921917,1.08721664616913,0.730169975675707,0.0674884755456248,0.488063919915774,0.52815833768585,0.731008100883022,0.232923648794723,5.2601989509057
1.90213214817871,1.41267569578347,0.168793177065426,-0.440549917129375,0.700891169601376,0.323801088449668,0.662278926365069,0.00560756418263941,-0.50726457230442,0.257371908804908,6.12847255413379
0.846521587367134,0.981654894241482,0.851508734963286,0.702693878982246,0.918148169601786,0.546924970429107,-0.355197251351661,-0.377847326764133,-0.411374220985178,0.146045621153079,4.38695206556249
0.231028506635639,-0.543843889328174,-0.251002515975817,-1.19698342828209,0.0696759513622617,-0.550119256816827,-1.05549927745771,-1.04144552834926,-0.41874850430973,-0.0677057705787472,-5.23493029966319
1.20922929715022,0.0806956793988163,-0.544891051812911,-0.67560727445828,-0.483681609383953,-0.13635036326319,0.362307021574475,-0.274946310571706,0.0128806331611872,0.286856965886993,3.64095773253051
0.864372526856215,0.331971626310209,-0.888230375447582,1.96999993786056,0.533626764401767,0.59370746080583,1.02058457478634,0.44281953797086,1.30074276230926,0.161450833174232,8.58313646529159
0.231028506635639,-0.623002228109823,-0.266514478198063,0.0350147496419156,1.53139270774974,0.393749047904373,-0.411908290991832,-0.289512705134489,-0.418060246909277,-0.0932203214963644,0.587232528460794
-0.922492839617752,-1.07998520661797,-0.758087477442407,-1.51843705275055,-0.472383682937827,-2.38011374771584,-1.48803260410816,0.470384952436661,-1.72529807031313,-0.484117736961799,-9.02015414822958
-0.717611526873834,0.000647955668480749,-0.439471676124585,-0.57169808146848,-0.316091949895741,-1.4210508544679,-2.32724884933718,-0.989555458676326,-1.73697584731111,-1.19309104668656,-10.1502444004712
-0.063798192960944,0.816420018064216,0.286576286854831,0.417366107034346,-0.897234035114711,1.21300399736933,0.716553072953242,0.946293711657509,-0.297813646025564,0.144675538224383,4.23346438641332
-0.981046995137614,-1.49462895547921,-1.88164476766264,-0.391107595724864,-0.0150723466591015,-2.12497707545638,-1.02305874918055,-1.58959021468912,-0.311366951621085,-1.28452432920005,-10.2473300380312
1.26736385105262,0.890645930314095,1.04337456664919,0.488869411801133,1.22255885392822,0.791699396607182,1.43136821958456,-0.325091079691766,0.167785680807045,0.811704719339563,8.38825575087975
-0.0859216600272353,1.40925769304021,0.543981280533604,-0.74661678648898,0.460673900436394,1.43186416837327,0.91527045420152,1.2602368856464,1.56603652841672,0.267557906222273,7.54930299009829
-0.728181896753416,-0.569776852747908,-0.17919852582774,-1.35163765055546,-0.712219355120341,0.21340229872342,-1.82509050137171,-1.7554065917958,-1.60737869107356,-1.63889654274119,-7.87898558399589
0.0703159719510411,1.31548741733066,0.653053707908424,1.32911619449253,1.65345012034481,0.210104288969258,0.852031111225566,-0.894178050735676,-0.0917571413650356,1.01040089994368,4.09336433494876
-1.20252429925939,-1.82645331694768,-2.92588448180124,-0.669154998022979,-2.17493590132296,-2.01696133010944,-2.52890108976168,-2.64715360948152,-1.66259149445096,-2.69152557024507,-21.6068033196893
0.525249762566601,-0.409208686368025,-0.204722260328885,-0.723538513729332,-1.59730890306838,-0.929693157344464,-0.0220986601881951,1.22484225314169,-0.249594702383955,-1.24118249171853,-0.952389142919828
1.23719253168267,2.11443121455621,0.273899360696179,0.637014307493627,1.16239642024111,0.816306229168818,0.47020232255218,0.770282340276807,0.704289010445087,0.860702360656671,7.9757638324714
0.645710056231155,0.583097586015348,-0.191082445294947,1.10494087788081,-0.455544093734004,-0.751273402199447,-0.461911573190756,-0.0987709798701119,-0.424886165775432,-0.911070660838147,2.84197896431193
-0.146248858629366,-0.979640519889122,-1.1517744933592,-0.216147689637483,-1.01704830468779,-0.393344366242692,-1.05047121143981,-0.693251950768444,-0.609504448720827,-0.919993221924516,-7.57755177449281
0.00917622586817349,-0.525990660516789,1.00756445544281,0.748959031493692,-0.829790200814301,-0.555631133062147,-0.235819916544568,0.616477503344481,0.337883981054665,-1.12730361800799,2.13396458271234
-0.205409804557249,-0.896857847216653,0.352054243264178,0.306815284602703,-0.361407989159916,-0.0869910616287322,0.118017886974935,-0.700561426707867,0.706978605420605,0.20030459165809,1.96269567361967
1.21786845936775,2.77181389769468,1.47663774227171,1.63589156634614,2.39939788613487,1.93566436207372,2.41475168254646,1.59588351826446,0.727680796630267,2.11714075554162,18.197825458474
-0.668627463435683,-1.54740474833626,-0.128139204554543,0.293647027726659,1.40168449971988,-0.627723179720614,-0.62561949802483,-0.0573489134972312,-0.128748965528456,-0.201870642150798,-0.182618443879815
0.248346160807034,-0.0163312306729275,-0.454459835303329,-0.493592420533499,-1.58117934801976,-1.07887901257883,-0.266953612504938,-0.0433681969858563,-0.681061917841849,-1.55032986765713,-4.38959446847981
-0.992442666111792,1.20318310182497,0.410887690119568,0.856304811713332,0.562739525991941,1.08894186260072,-0.594403570214789,1.2049858247076,0.0833625280834315,1.11470739856181,6.18283305340994
-0.151654810521921,-1.04691429974612,-0.395291277895934,-0.57080937958673,-0.282853782389796,-0.53369523544888,-0.480387188858621,-1.4137603809832,-0.353079622456956,-2.22673544187232,-5.52908273416956
-0.701141918646064,0.0583317174965189,0.206669717617321,-0.389683509234141,-1.33749408530598,-1.40900811559621,0.176216491523591,1.03284524577909,-0.5515061155177,-0.170414950307375,-0.282426697717721
1.23477783535566,1.09560775386659,0.234788467306226,1.89078528244268,1.17915673216826,1.44714667449229,1.50241143801728,0.371493464874101,1.19491100592629,0.782950926376121,14.6255300160491
-0.445148674903716,-0.744065811834194,0.716700804694025,-0.691807972055292,-1.11820076482236,-1.19476426254681,0.121432033868052,-1.9604110749512,0.563903466364953,-0.593479299765362,-5.76648919730609
1.0661125119155,0.0734935657582266,0.162765058922744,-0.138034268292507,0.606071281022362,-0.376054997781754,0.26204712790935,-0.0788714908973716,-1.13506349536723,0.180141891815386,0.958939667909003
0.229901048232541,-0.395936925563486,-0.28972931022876,-0.789019179458831,-0.578334893394254,-0.253838958821669,0.757872026589807,-0.577351264509872,0.0175389894030817,0.462723419974477,0.53648907540956
0.198569974711619,0.145761204697978,0.414808797793452,-0.0438986903530055,-1.59011673876785,-0.157165990307661,-1.6102856764147,0.498501549848559,-0.977178591737168,-1.52158655253623,-3.14833903492798
-1.95242823564599,0.0900680807458376,-1.48156651757285,-0.0415315468434505,-0.582347833321683,0.0601856952784111,-0.587488432689239,-0.338133121757432,-1.20697259678394,-1.00413783787311,-9.03151228818424
-0.623206284596931,-1.45812672262235,-1.13889534568647,-0.640060041789373,-2.04287255557654,-1.3597386768989,-0.494114996371522,-1.65856576533584,-0.901592017831847,-1.38147993500468,-12.3339517124002
-0.754544580713544,-0.837313975806959,-0.0781360918195959,-0.840555750613978,-0.556040057860238,0.0808326700359036,0.107584143491143,-0.689545579414006,-0.375725245925811,-0.465889510509096,-3.74927879899183
-0.519283817877388,-0.659878522145554,-0.483804402269073,0.365206964339105,-1.22054289160383,-1.01689337451677,-1.04478605653998,-0.949165838212788,-0.0370933889245886,0.337185848011533,-5.47157864897732
-1.61500383156819,-1.3805202531796,-1.52866864998342,-0.811858900340021,-1.46005028414299,-0.888774399083291,0.141058661091697,-0.4847768351419,-1.5591151209834,-1.9594896499858,-10.2652453165649
2.17334461595715,1.32073635646625,1.5401341692219,2.46901762035471,1.73986476026451,3.52487663979796,1.02252305424628,0.942326820555544,1.44707563774528,2.76686810220717,20.5454021186755
0.81862820340553,-0.245690975568708,0.232023035027907,0.532709805771311,-0.0615374651641613,-1.06434851903703,1.42513469064443,0.364768608153394,-0.450911591663376,-0.176658500057286,5.37451398697346
-0.656426986355431,-0.860857392046699,-1.20430334355819,-0.503598535999827,-0.565802185128333,-1.17811552452227,-0.691662738782408,-0.271207358151454,0.401903676719945,-0.929560880121808,-7.62604765725012
1.65098818753537,0.431360575008126,0.339750575502595,-0.609143869988329,-0.594013876510723,-0.116043543380744,0.50332168963897,1.59088432243094,0.530317560410009,0.985971958504491,5.09736180876574
0.221617254626319,0.944492474962998,-0.10053399606488,1.31987375629019,-0.122953577873984,1.23207496557796,0.57892554267494,1.072876926074,1.26960926533858,-0.636540190884071,8.21804948970989
-0.917538960247419,-1.27291582320318,-0.655156328208276,-0.716653329386208,0.916434656661229,-2.39304560655351,-1.00894875570647,-0.424346506191035,-0.289214621154671,0.210775964332959,-8.07942854700863
0.233872595123315,-0.94839872347003,-0.767635456570765,-1.63886116810513,-1.00625128689335,-1.23090602557591,-0.313639697856773,-1.21312938712962,-0.343268436001577,-0.268943351611471,-6.19159707140707
0.159173071417089,0.468195504415418,-0.728870584935921,1.73120004537434,0.180294143801709,-0.78843637454579,0.584079763383725,0.289390752124072,0.237539910016214,-0.341713795523979,2.93303005374796
2.19385659145028,0.713092398772654,0.726190252082702,1.67729710918621,1.18463423237245,1.18555723411729,1.11658722702741,1.2264568933478,2.19277531649167,1.43419568853081,12.0058165567584
1.90213214817871,1.01432367092847,0.658698669013504,1.34224492577035,0.0902012897797448,1.22684832858579,1.23789087644968,1.72638124098658,1.44640027561896,2.07031512453163,15.7749791698866
0.26712237303977,0.106197177528788,0.554979261877942,0.655564670562842,0.475846354261972,0.83193622767481,0.347645478130737,0.00465040301222119,0.12841405254619,-0.59147591940974,4.91728406217622
-0.490605285012623,0.886782983186694,0.419512782272466,0.504995750950989,-0.380425597975695,-1.27760978782714,0.127490117604167,0.287139636436112,-0.143089790732706,1.33628795659471,2.72615122275993
-1.95242823564599,-1.64051743664795,-1.26700476993243,-0.993393253129565,-0.31761386289463,-0.955580773415365,-0.877519151276982,0.124500020664001,0.737794609698916,-0.192723836242839,-5.23316296161269
-0.354881661608585,0.569938854123286,-1.5669882257341,-1.34845667040887,0.066082329753768,-0.456736074733722,-1.94515809414697,-1.20687280234769,-2.04891020481427,-0.375757653281002,-5.60216565719741
-0.283076072178483,-0.897132219491235,-0.678064602316502,-1.48022920076439,-1.19570097575629,-1.60213432950844,-0.628915418460444,0.0631183760312839,-0.458690334113972,-1.16762053814645,-4.18441770061472
0.759275888755806,-0.462297215629484,0.630843394452791,1.52483241562259,1.5591622981747,0.499454906755101,0.206261046308036,-1.40121589086227,-0.131556821707373,0.779569625092596,3.45606810601474
0.528990721249001,0.591228740205851,0.742315072739754,0.405267233168502,0.152037271918757,1.02906060514701,0.123992034142834,0.836343162918951,0.2370437461185,0.332249635696477,7.62850294594495
1.58680390776255,0.350102994022525,-0.402085605922046,0.959228468368155,0.909327510574335,1.79643730275514,1.03822281715762,0.288156782149352,1.04147122858306,-0.147507138108464,9.20012720546097
1.26736385105262,-0.137906528776334,0.824358250902783,0.816135793013953,1.56219567711696,0.257032613300582,0.96272139834534,1.53590966783179,0.3450472284857,0.9501455023331,11.6878782285286
1.65098818753537,0.85880840581665,2.80065467766296,1.72160898020056,1.74281758277526,2.58457205382246,1.42538325584254,2.60798679514414,2.1030156437538,2.78739747571453,21.908602700241
2.09431690433664,1.39514687212478,1.56596554161516,0.866855958611239,1.96663739879401,0.895461634970779,1.83152741888898,0.478788713007836,0.768318288752071,1.23660660638673,15.776547971822
-1.54065194700177,-0.973539227314633,0.392567097063618,-0.883316690833729,0.254571808962609,-0.19629450557832,0.86598285513271,-0.57734550973447,-0.0740064016885644,-0.919137004605051,-2.24508079735658
-0.99206571301465,0.266659635399415,0.0834176582698923,-1.31547576218321,-0.69898078212763,0.319792392733134,-0.320024715521849,0.271915378974674,-0.251699481864992,0.0789323608294992,-0.0913088743530643
-0.384370335062113,-0.737924051497822,0.25836441554042,0.233493685861155,-0.441680658477027,0.585710820101746,-0.999218198466908,0.842886211082231,0.840557238672934,-0.0653213652028874,2.91723000381577
-0.119351027347709,-0.464297255732258,-0.54757758338459,-0.205393943544818,-0.220625406189697,-0.297143382373322,-0.331685864953821,1.3286548892194,-0.992227047943363,-0.23243285288705,1.45636259110783
1.13973313944719,0.488820351305396,0.339948493878839,1.34118686847795,0.996595235778926,1.18228800066349,-0.414581750873238,0.915134478757403,0.818483510720398,0.217945590854092,5.6018943070731
-0.063798192960944,-1.25826347930426,-0.728318444059116,-1.42339322353157,-0.142993931632936,-0.335787541860562,-0.175527372719783,0.238574479281127,0.23901994582531,-0.499874114505353,-4.09982567137667
0.0537481921568574,-0.536779677683462,0.0980806221064487,0.130263263209375,0.780339381168168,0.282807869444245,-0.419427456732551,0.808705576366956,0.020344075786139,-0.757263979894943,3.75986183946038
2.04724035567751,0.676688636390111,0.218810721630813,1.59922672610395,1.72835238484618,2.29602465269886,0.862154084265447,-0.269271153463128,0.542519954204317,1.75071232998225,12.6343013594125
1.24877671254452,0.13254334933385,0.552014362276563,0.366475990554013,0.762789251273862,-1.02829884718465,0.598320089618691,-0.411399448628026,-0.0406401074442791,0.29823634184082,6.63572600224982
-0.557670678875086,-0.983549693137945,-0.371492024045579,-0.352107778260607,-0.472460027167372,-0.13682026401147,0.40421678282925,-1.17681387724835,-0.929822869572631,-0.631231122205879,-1.55993672273717
-0.31965266628663,0.328047696449837,0.251876440960794,-0.186682290976507,1.55863220169154,0.427007773862384,-0.271276620377487,-0.326239644538738,0.459408234412034,-0.555817064036066,2.8948842956716
-0.151654810521921,1.29143765478977,-0.240636119279233,-0.824747895207721,-2.1164089447143,-0.371151783770698,0.8415856129156,0.121504485056137,-0.0968772810029504,0.61512554501393,0.970494158740766
-0.202393818577253,-0.342475795294537,-0.68864301669258,-0.92669165085578,0.368077006476535,-0.748253154535112,0.116759084708676,0.549881543555884,-2.62716555198338,-0.80682514639279,-5.25108687512724
-0.556438023767411,-0.15553986657472,-0.229138904417974,-0.138001832565379,-0.738325495489779,0.1841110358698,-0.26705117723562,-0.608175223196052,-1.08079805061629,-0.790881411217757,-2.95139383762046
0.716768902774151,2.05174831182154,-0.428209147637863,0.698172340021514,1.83913890714627,2.2745245395848,0.796089290166644,-0.127917681279919,0.476611123447914,0.886533373212785,11.0147188418025
0.0470147361073705,-1.09857269516649,-0.59957232089133,-0.467114911911454,-0.690622253344283,-0.806399205923028,-0.00112267075861855,0.250574850562604,0.0924731123119404,0.620935536687658,-0.423723313211855
0.690923859601525,-0.686648034382268,-1.65555412426174,-0.785049172128412,-0.880311482098847,-0.945988753869049,-1.72302991243154,-1.00360178630731,-0.605784709974016,-0.823140707176597,-8.34355268535072
1.10665273204054,-0.307159240468799,0.596071995063497,0.122768415834066,0.691769357770902,0.609665916293893,0.0891763795648141,0.681575871096865,0.925870012994974,0.734021263716788,6.34370486663255
-0.877432800506597,-0.836963074548495,-0.430507435312549,-0.169260851074501,-0.770339548355709,-1.39161100431032,-0.695517939180331,-0.608429134993048,-0.506891978338896,-0.016955981331543,-4.57692445992644
1.87240267141925,2.41523125494918,1.57816138016744,3.40106735360453,1.64296037790541,1.47905140145902,1.57240271331772,1.8427470884599,2.2700752511308,1.6298675499901,21.6704912171181
-1.17979690938968,-0.774015953752885,-0.140683561953513,-0.744265234779715,0.21898166397751,-0.098225307816067,-0.289003575621662,0.00455589838519693,-1.94657078072986,-1.76418661540762,-4.98000378333984
0.0435623254566037,-1.25104280669817,-1.91465434818717,-0.222882924057459,-0.930938635176934,-1.22420635933182,-1.3898879037978,-2.40586854333451,-2.04860535875301,-0.783446759320534,-9.38110217411601
0.634603630249611,0.435157775011332,0.209534243282554,-0.329328284861031,0.676389171138604,0.0341438672622706,0.262435898045943,0.524094862045909,0.349131833710433,1.8377259464193,4.51485092766339
-0.364497172797299,-0.685787531205462,-0.0861412416123831,-1.39446509529656,-1.17589919572129,-1.70831747578175,-1.67422245383861,-0.624629728607727,-1.67282553885226,-0.917008005331009,-10.5939418037487
-1.35760866199171,-1.43612389132574,-1.0887534155203,-0.442725598089561,-0.824572381938784,-1.18589406178049,-0.63290240352658,0.122287535675367,-0.940966785126636,-1.12818693019302,-9.25838882067703
-0.141463982173168,-0.508770198057055,-0.0247706853233571,0.685930019192954,-0.59027966699794,-0.351057574950503,0.349398651998561,1.00286957917478,-0.135332249086449,0.0505217672251945,2.9613009802028
-1.01967031962456,-0.972432157445558,-1.1064911529138,-1.05499639364447,-1.54132402854085,-1.1282968267816,-0.563408065794567,-0.312126837562057,-0.147623795923958,-0.819424911085142,-6.86351014800595
0.643210386237678,-0.768947991946171,0.299469301367818,-0.0959056860905385,0.766498605885662,2.23959419149597,0.59702323167685,0.385298629502618,0.992088479712482,0.424631869642812,7.42617353202318
-0.121448777690464,-0.213826838972133,-0.449096163249989,-1.13016516224114,-1.65936438381657,-0.638291045039507,-1.05432762960983,0.488271747806311,-0.441338108838544,-0.388456328684636,-4.23312104736521
0.825929860923386,0.785864068259977,-0.27909143112902,0.938145919735359,0.752983141999996,0.56903594834667,0.0589605785212816,-0.314471158265106,-0.0894631123461497,-0.490815881137262,5.30674206978783
-0.309518955759911,0.308664995581631,-0.118476352901625,-1.08032176339147,0.579550648291502,-0.0512549875709607,-0.231763502700889,0.220475690879938,-0.791019130972281,-0.164565562060678,-2.52180489404153
-0.274690175052852,0.11804697663971,-0.847963503739221,-0.202599698390425,-0.340323190451062,-0.444729158414157,0.869294037518577,0.939262060618171,0.364275779701504,-0.859614794485534,-0.476435876611994
-0.22898880060083,0.392302781064897,-0.0199997327898428,-0.911551443495393,-0.00752114585938526,-0.225955068221849,0.920672739296946,1.8314872586605,0.373896593291222,-0.708567078700388,3.7584331817463
0.975429858168392,-0.0747280076520291,-0.467531197719119,0.0544625958791007,-0.599135311686525,-1.18531445307,-0.440418031292931,-0.441831099081596,-0.577547946637842,0.0796220897163151,-0.0506740275238864
-1.17979690938968,-0.0402625548043727,-0.607478195885623,-0.342092335563524,-0.211162206134807,-1.15117446202645,-0.277351351685855,0.578609007638018,-0.112844719962946,0.291385114873648,-1.60425346316392
-1.4627822820678,-0.182804035113204,-0.171376168613034,-0.350533102930158,0.561047218161658,0.641007365188834,0.980818918686935,0.707253241818124,0.323429138068834,0.7491378213325,2.50387957671957
-1.95242823564599,-0.438526182021644,-1.18525061347069,0.732875333331472,-1.14362516303259,-0.932496197809083,-0.945388038717186,-0.782608954380382,-1.32239090824351,-0.658950616951942,-5.45267470473129
0.528990721249001,0.826742830803367,-0.258168668571075,0.490325818999636,1.04899099561479,0.149645586346212,-0.0232755627280459,0.307795802412419,-0.779120179326441,-0.408945599827363,2.00726888243816
-0.0858122135332368,-1.03003860622836,-0.164647373735933,0.028902269966919,-1.13456417387215,0.533648151325575,1.03536005123578,-0.420632428153673,0.0718164977246144,0.441722177139852,1.64758161425556
-1.63486332648084,-1.47425507170157,-1.60863603501924,-1.37462835198575,-2.78553962842688,-1.21987431660487,-0.0638829500300453,-1.28531572859259,-0.278876074729274,-0.403595010579438,-9.91923464584042
0.0512180122387768,0.947631081495039,-0.388269428879804,-0.103724093592638,0.235183942502577,0.166861166431598,0.306338782041434,0.0587082773981092,0.653145566729871,0.289397813951157,3.19335204320984
0.24792998633246,-0.274573712212861,-0.839141370586678,-0.46971018514807,-0.237880631061807,-0.217081210863888,-0.713628457154489,-0.759026391266291,-0.894248748415708,-1.35639957461089,-6.94031869692851
-0.282465442995657,-0.901928266716531,-0.298299024482493,-0.781278115378604,-0.402157197655411,-0.0471059021424822,-0.486968520825792,-0.666683966070673,0.403496711650319,-0.537509649022141,-0.262902073175437
0.0022379194186519,-0.964073408641394,-0.201485859626555,-0.178391762846156,0.143239309318404,0.0662039898136764,-0.100014354978143,-0.22811367576484,-1.03411257070047,-0.615359942373098,-3.20573346103687
-0.165730828858228,-1.15067193414489,-1.09264990848469,-1.77251317354723,-1.4440259341609,-2.78757425036735,-1.78321179096977,-0.0922240424100254,-1.95641940415695,-2.13203206662733,-13.3860953386452
1.22177479288634,-0.140306970330604,1.51997756051794,0.0680326756705623,-0.426172136871157,0.316925784684544,0.564951901361203,0.308631978945035,0.284261612097703,-0.0214248890540318,5.6232106649042
1.48915842114904,0.0705710217721772,0.833105553808054,0.194294811598486,0.691552841092765,0.625021857538145,1.11251472527249,1.92741814165842,0.286227794151724,0.643069421960911,9.34270785935905
-0.53867862723575,-1.78209473972051,-0.597075619864351,-1.26040979518581,-1.36671645158615,-0.246038638943383,-1.11559097613958,-0.411302497363824,-1.34828940192398,-0.661546332815789,-8.49436949676089
-0.592066073967777,1.26129138696646,0.991723253588629,0.894657146563109,1.41201918520355,1.05244965146003,1.14606326500147,1.50681114408766,1.44547552028196,0.881375347674551,10.2926773852102
-1.77734134853361,-0.752839221008544,-1.38243487457389,-1.14279412347869,-2.57323583327508,-0.154025787672905,-0.509565246860826,0.103199012344148,-0.473476722468017,-1.23518613966187,-8.77397440160029
-0.460441180393852,-1.26822998686896,-0.0816915829387218,0.484590105956924,-0.18327207242001,-1.74396396226746,-0.0523884797009737,-0.192719853461121,0.39319600494909,-0.343094235184931,-4.55979960009256
-1.20252429925939,-1.7046000984046,-0.38885525892794,-0.999763674318478,-0.834021415946283,-1.69250892656493,-1.7978231932695,-1.16144050399603,-0.340185519450617,-1.2600517942614,-10.804013377077
0.0022379194186519,-0.049272518441837,0.506097319641952,0.8812124169268,-0.225148858783356,0.285962892874755,-0.297732382085271,-0.837066592124392,1.50620877964096,-0.716759505121771,0.482810317305201
1.28565761508682,0.194549351256618,-0.195875896727165,0.590953734790535,1.87719080448073,1.26165968044479,1.22203094665791,-0.626253657911591,-0.289170160824093,0.142421335226708,6.7865710598085
0.793174462662028,-0.151086560148706,-0.211165209789811,0.463407982133535,-0.457954081966583,0.939718596513356,0.68165301261694,-0.199610727539852,1.03586087214302,0.493139430716307,4.45462457573367
1.29784031570565,0.22798222885254,0.0465131364077134,0.834990240823989,1.1442179381235,1.41218578226363,-0.558954449929346,1.55330957803338,0.999980815018768,1.71880931554855,6.89024421088503
-1.14379799442333,-1.71632069836706,-1.14072981322308,-0.940596077750626,-1.26088686690409,-0.957997362827189,-0.977234712299006,-2.13954365816494,-0.693195637346497,-1.84906402397861,-11.2381622651742
-1.50026840418518,-1.35293439559337,-1.33043786425632,-1.25289587376462,0.109829717975918,-0.92956498914342,-0.422874688680562,0.0313662173121341,-1.21005539168523,-2.24547766160594,-5.25541802361297
-0.366289255904771,0.477994751539544,-0.395171620546661,-0.0907011419705177,-0.604427696902194,-1.18240715452864,-0.0921287548601642,0.536748179556793,-0.0228959655108886,1.63608831230763,3.56758749449936
-0.817120437583155,0.555261293458354,-0.336949745226094,-1.3430913759247,-1.10478460423534,0.929188255666515,0.337233858024877,0.154556407312918,0.248107279877244,-0.108958935747549,1.2612873195685
-0.464065709082548,-0.722087317612852,-0.818313094236921,-0.953485766696982,-0.544977214992943,-1.72480652033045,-0.54115325275709,-2.4303870914541,-1.59108555309576,-2.00283482543718,-11.5932408579421
-1.06324985065222,-1.41446266943686,-0.565791248049635,-0.748436660606213,-1.05012950375532,-0.750046743677771,-0.25560689796611,-1.16699971130437,-0.291518847341605,-0.617305948113777,-6.8237739881106
0.914397341701937,1.62884760334129,0.631966818331532,1.14060161503034,2.4897934450305,1.22695574285135,0.3546157816761,1.31931742954899,1.59849098126307,1.75002007652879,14.3037502376836
-0.646574255020792,-0.554748838331568,-0.346231786146117,-0.437285128564304,-1.65764481528746,0.769203502393693,-0.788393235182174,-0.120257588589044,-1.38780713752438,-0.97638493993654,-3.37723545061353
0.967408450547601,-0.68161535592446,-1.03289771350195,0.0830228997984023,0.891031446498178,-0.252302764082775,-0.65627909527955,-0.44245598602671,-0.697493413034587,-0.911052693855814,-1.16691014583494
0.691051385331847,0.056343968872347,0.461282779528411,-0.181049382580323,1.41587611869339,-0.569137959960552,-0.634052558478883,1.74848024056159,-0.276776472345204,0.593021946283148,3.93107704145052
-1.09445437538755,-1.11494798625097,-0.426119581152264,-1.36444474704121,-0.830005651681515,-1.56910437114329,-1.12436711687011,-0.385833739043504,-1.72662148643184,-1.22748180631269,-7.24372856580273
0.474508537276854,1.83183334761565,0.0676857677720125,0.80442893794474,0.718490085414135,0.993004245390179,1.20879947801647,0.188362872659151,1.23448825578405,1.01213828550161,9.41226155297441
-1.63908258507742,-1.13334826546435,-1.30924154701716,-0.648076154805443,-1.28221676742992,-1.79925980064107,-0.822104737426913,-1.08824257697294,-0.54380729543256,-0.899509265917012,-8.96204473755164
1.30977675373608,-0.546988778427313,-0.057487938580734,0.162381378104848,0.365343866503813,1.28238197723301,0.346597455479096,0.266307434135882,0.3255859909956,0.89640063982368,5.50963089904988
-0.844563684386254,-0.137951869969632,-1.31369621540698,-0.700577356181833,-0.408622098137526,-1.39548605398704,0.161321447152402,-0.663445614769476,-0.945072087536062,-0.375304419363066,-4.12561808820434
1.07859799005859,0.892782977425391,0.584594085303408,0.0442863821814168,-0.0880494409624211,-0.387095803576082,-0.393201773011434,-0.346636904002763,1.07663084404483,0.38187040559238,5.57581584569121
-0.595360674579738,-0.073343967885002,-1.1008422389538,-0.789558142466128,-1.26461197666931,-0.40524824830974,-0.746931620861642,-0.645910855349336,0.571253178705563,-0.0932838418758324,-3.49838445406034
-0.598751150136614,0.289449429643757,-1.22266779241036,0.631336106581615,0.184214902876001,0.502484180422693,0.669464060640436,-0.295430382798558,-1.52286825140657,1.10471405450754,-0.0837910935827144
-1.14793965288479,-0.183158372655795,-1.64345672950881,-2.20909523023187,-1.13241901739911,-2.28621192412513,-1.64096749131836,-2.48382565814644,-0.44155093391933,-1.81760363549011,-14.3990538070108
0.134855931135045,-0.251704999184823,-0.459990762028519,0.26261182473745,0.268418120643768,-0.843858680032907,-0.0596787690521736,0.310635607196238,-0.29295384655471,-0.00841705059148282,0.776631053722276
-0.988864891781841,-0.0143764775104716,-0.567730476719359,-0.87217625187277,0.903335061183413,-0.663593793506591,-0.0120794237593579,0.612637074283222,-0.900664711930663,-0.6091984577716,-4.03899492062886
-0.36146929332385,0.18678923565827,-1.59814694322652,-1.21122037365201,-0.424731844712398,-1.40378625580355,-1.04092109609732,-0.057412549829074,-1.04104258262287,-1.69003415888657,-5.7222225492932
0.387979557298673,1.22231690153214,0.417469630020269,0.629003216367773,0.644384851259458,0.930246978686018,1.59737044486671,0.00122579817526569,0.397709963140237,-0.0783606734807603,5.7691378390843
-0.274690175052852,0.153110286480634,0.0811272767810969,0.899148809420967,0.792312297456634,0.892866340422072,-0.06504952788847,-0.641787316088356,-0.321247420822633,0.941827253928763,1.38948063366488
-0.685978293748544,-0.951409442250016,-0.641592354496929,-1.08182742172135,-0.77963191678531,-2.07307291115631,1.20895816026197,0.855509735626796,-0.114693002527291,-1.08842793176647,-2.70154971276344
2.84590743337827,2.20017037055511,2.23601479333498,2.33891162589247,1.43349448547953,0.372347147307668,1.75139199476627,2.08502679463759,2.53370612152382,1.54421066691666,22.6100455671789
-0.000655906842596565,-1.08743501286568,-1.34420126354392,-0.298123677618071,0.68688458471352,-0.469940983189294,0.521686266152737,0.0361840136750176,-0.0988244062297882,-0.287036930364862,-4.1028732098634
-1.18020744640328,-0.272432207318016,-1.11673728592688,-0.373558188957529,-0.932646121104012,-1.06621438663288,0.114534783555164,-1.94594944325389,0.495015942686444,-0.434080555982954,-5.52239529237335
0.00771481182745873,-0.970564091417347,-0.445263247089912,-0.438428981703883,0.436606452523582,-0.621091460634927,-0.855236464944634,-0.979808784388925,0.385208066478197,-0.415860593170717,-3.70717092900331
0.0844853700381317,-0.583600394063148,-1.15660157474576,-0.422136606186681,0.542294690018105,0.227024247208151,0.628250214047464,-0.157584738900694,0.575947632695376,0.186711965434266,-0.111491041464785
0.0366674793121212,0.546579628807203,1.10717419375455,0.849216973740465,0.855454756511121,2.57189102767974,1.19520793500829,0.872966072381999,1.59884300803719,-0.129703325322422,11.3269198919205
-0.623841365032257,-1.67891187002187,-1.27635639051833,-0.49920174185562,-0.855383224997017,-1.61879307362379,-1.43100858064352,-1.62201666874378,0.137415862418543,-0.951259255463214,-7.27349143639653
-0.205409804557249,-0.239170147748503,-0.639555015051262,0.0442254594320043,0.503985930784601,-0.668057626537298,-0.0386391714710566,-0.273863644160887,-0.597188876757035,-1.23215093717172,-1.97382743489634
-0.320008713264915,-0.310547834946951,-0.985664071896991,0.188000473071769,-0.580212675521662,-0.459881960779662,0.89622966844072,0.938410006685859,0.51666121257951,0.00687146863991997,-0.73967016247696
-0.312763738887365,-0.0949961420723439,-0.0636476458829235,-0.12399225586254,0.584695686830499,-0.476710060038812,-0.383837912663279,0.141691496982733,0.0296533632163258,-0.791146766849014,0.671779982044616
0.471935225545593,1.27052969396049,1.30233600397668,1.15558186160847,0.670025944016796,1.76996851379522,1.00848592325996,0.438501314415239,1.55709134286935,1.13233623659943,13.5903422825019
1.56628874429435,1.24007541697755,1.7760768313854,1.36369863924042,2.01112918514798,2.29339178348623,1.03348523951272,1.62838629356669,1.3546016679428,1.12364800983354,15.9086225286122
-1.05563012930993,-0.38289494072729,-1.18625313857135,-1.2230832467915,-1.62199495829723,-1.92441897802295,-0.0909230518907307,-0.701191917257682,-1.69524229439341,1.05562662813174,-7.23684375781444
-2.19071187316479,-0.314585323162963,-1.68124467869721,-1.76968199823687,0.0280004152723932,-1.96276929361632,-0.39914215169299,-2.1911199442499,-1.93985522974823,-0.878759058323386,-15.0469997349263
0.691051385331847,1.47660085521187,1.36952402733831,2.10607772704519,2.90240087334874,2.38479333587858,1.6155657583635,1.24753612994185,1.97330496886007,2.11177891645905,18.3846247707935
-1.05080971481408,-1.54678509022453,-1.0156038084365,-1.42201144235448,-0.900815639909315,-1.14841192984026,0.380458079624318,-0.40886056669521,-0.432716265442549,-1.07812531284257,-5.99452948275438
-0.0243271744721319,-0.356837678044579,-0.958425592448075,-0.943203761843835,0.611478703643156,-0.592838505112528,-0.994321667877019,-0.495199839803687,-0.0998677098568441,-0.670487088928057,-3.28793069792496
-0.426185214724277,-0.74742290840796,-1.31748565618724,-0.432223122741528,-0.99639569447104,-2.13909465479481,-0.781418773152677,-0.331544512281249,-1.64472024199513,-0.555668983061754,-9.76775946471955
0.975429858168392,0.73137016242498,0.0587165417945667,0.859177383087459,1.07304998526639,0.349716144604696,1.48732792785484,1.62268320674461,0.366088394112698,1.0397657730443,9.1965610426864
-0.202393818577253,-1.35649069802698,-0.347073461650865,-0.17871525331954,-1.23266269773389,-0.753847469263496,-0.204907770804702,-0.708163337590908,-0.131259788344191,-0.648445501810767,-5.80016927040621
-1.02986006715203,-0.0966467959711076,-1.479764953959,-0.501850173379878,-0.591471333382584,-1.18571184867398,-1.00010155818354,-0.430177652575687,-0.0540075226270286,-1.7515374006105,-7.72670381586272
1.21786845936775,0.421297000574748,0.669381275537212,0.979786448110793,0.825983904560619,0.622045314894704,1.6181576302453,1.12330304837744,0.680079545177543,1.20727217780914,11.8362134951161
-0.215638823195165,-0.811909702926608,-1.02296512735746,0.830256653980231,0.629691297824555,-0.2175146426236,0.704303765183779,-0.504983100034922,-1.17051190703357,-0.102736352707648,-0.00580349064186902
1.23719253168267,2.09127527602863,1.74423060521402,1.36699755102512,1.54519119942001,1.3060082748591,1.71600081556207,2.83049071817732,0.975859490227979,0.968298225973794,16.5461487112764
-2.21857155451762,0.305724697968304,-0.981396278976072,-1.42542039296506,-0.377455096640328,0.233724661650176,-1.05348633097214,-0.199614834165551,-1.11975643025143,-1.46480078064846,-4.5850859602084
0.40879051554376,0.56429977239453,0.294111867349278,0.170906607926577,1.11053967403531,1.49941882825201,1.7159980086554,1.29892952756167,1.08377121377866,-0.0395445704779294,10.5283232296183
-0.988864891781841,-1.09343194543768,-0.244353166961049,-0.367443396151809,-0.290093016641839,-0.664583170408972,-0.394203276245203,-2.52747688058931,-0.457554907988756,-1.67504147535402,-7.6808758336016
1.62461279824772,1.01333791328424,2.3509876546718,0.739830883551378,0.961741083796467,1.72697425085565,0.481570611319521,0.847057716522836,0.52506910370912,0.796826842952909,11.4354362468609
0.324927406182388,0.343495355387911,2.33179946242477,0.51543740162694,0.350968467853323,0.252772261693655,0.671724440821779,1.07345990819127,0.562485403450001,-0.324554002944662,5.65937117749124
-0.283076072178483,-0.20048073394626,-0.917815620260425,-1.39761103610152,-1.32591084271469,-1.24246410655193,-0.3866129797472,-1.3890083300394,-1.1972422944212,-1.61548428875068,-6.5664385928018
0.436200993593753,-0.165025032061746,-0.6454485575822,-0.340859435217883,0.217061095088801,0.0153148019505411,0.121506318692195,0.236818443353693,-0.43579024493161,0.459205607699355,2.87865905226267
-0.374455457989942,0.119304885170922,0.0233526143932495,-0.756064017952831,0.307852304131049,-1.35798567374231,-0.407619021963752,-1.29901371087269,-0.5091107834588,0.138005526789301,-3.40442905477811
0.233872595123315,-0.0901680823150941,-0.469045895461109,0.28487034429169,-1.069133464223,-0.0528949347680034,0.387495201038123,-0.367581386877547,0.314064986511548,1.19092750910211,-0.494269928574465
-0.651058813273201,-0.761380488158625,-0.35585953513549,-0.216646556859403,-1.85095698027296,0.363655679554878,0.131105115885309,-0.830533050582978,-0.7833919603579,0.143356475604634,-3.31671966442061
0.0475168425487507,-0.32228450542597,0.472036590776499,1.1204470263245,-0.616029266041257,0.213089858291264,0.283118707156012,1.20448793622492,0.952733861276812,0.490293616576535,6.06343578620132
0.293774828229347,0.427205223489196,0.394343388444986,0.355496098491155,0.499935803193066,-0.757495899833992,-0.197960874060992,-0.53180878838195,0.247300146100345,0.533971110313532,1.49617901717203
-0.251134000594451,-0.332794831018916,-0.59895760946839,-0.497055806858979,0.403356893245148,-0.774099642849044,0.0229018433272413,-0.467658771821802,0.543596939334437,0.209717136088416,-0.27137767181728
0.613676098047277,-0.570632210302611,0.15370360979056,-0.796837587448855,1.58376541986394,0.515809072958554,-0.81462328304698,-0.353052271240169,-0.218497486249596,-1.34210753056647,-0.730321184026529
-1.69088700740946,0.808705017677537,-0.260043075264225,1.46547668781437,-0.507066209205175,0.363169138912813,-0.342060891274026,0.2145235730218,0.427396226439012,-1.18812409473709,-0.244432484223036
-0.3505512466861,-0.292101533815775,-0.019605909849228,-0.144456469428937,0.375674070098271,-0.48942640348217,-0.970033683097996,0.0594169096520011,0.210638153234155,0.588170699834948,-0.0963422163501427
1.13973313944719,1.5019520121839,-0.261269607704255,1.28749644253776,0.81503916699752,1.64573048270394,1.71568577305797,0.464008735159166,0.920357500771135,2.39400899689659,12.3970336506682
-0.354881661608585,0.808048656001431,0.128560903600843,0.529648095060968,1.23922190220069,0.622656164260377,-0.0333288300830609,0.216056355882834,-0.298474846352407,0.809612173540573,7.32524895321482
-0.063798192960944,1.02770587873236,0.721256080159288,0.712518710147735,0.659609791902646,2.2958378394807,-0.232849278442235,1.57802431156979,1.11514021761761,1.02196711155145,10.0505635704558
-0.844563684386254,-0.636929882509171,0.149814532684176,-0.299166116393518,0.975615934442159,-1.28497413303443,-0.279624591103852,0.594934020196876,-0.741229851689439,0.0121110239534832,1.0895768466224
-0.802533287245034,1.35025005068653,0.383315633825887,0.516763772025341,1.19483641906987,1.65475321388914,0.611684557118104,0.827824118814963,0.982007072942028,-0.07147603345845,6.97619110231237
-1.17979690938968,-1.10532653750191,-0.763640842111954,0.0132691594215076,-0.438797848692537,-0.397597735597949,-0.377521526704484,-0.195863616361678,0.360179046710743,-0.540393625248658,-3.45833195858726
-0.120245922636476,0.681616909220659,0.126453517174665,0.694902303951239,0.840496384383514,0.0633938322133415,-0.198697820075822,0.545075215734116,0.381911671034437,0.137092725637809,5.59181052594497
0.335578910295734,-0.689469837642717,0.479643909905422,-0.45853730753624,-0.0841239465898444,0.71493409017684,0.182110014203852,-0.167113583770946,0.71685683937371,0.665522855800909,4.33290503341553
1.08436370830791,0.963299981311381,-0.0560383003953463,0.213847106669326,1.47801664033058,1.16109790703492,0.841743125181628,0.604915037962428,0.000533312232376959,1.54212395149574,10.4937213217561
-0.0249893060476067,-0.27763316976037,-0.67728900089932,-0.086164497957036,-0.289382948518047,-0.448316476644231,0.0451454518095037,0.166138163989577,-0.380065443930724,-0.831602792008748,-2.81818893528158
1.37135154096698,0.287402857144369,0.766076437322964,-0.469699243510341,1.60185267844735,0.229618561867029,-0.940487655621541,-0.0394286344842499,0.520491518675374,-0.72454103599508,1.97401628461827
0.293774828229347,0.258725052508028,0.0889202537642978,0.611059542894043,0.713917777321777,0.625995720554243,-0.495527591159586,0.149447181991349,-0.151263877698441,-0.244652382396811,2.95689553219652
-0.844563684386254,-0.669957096147172,-1.79215750589728,0.187776077753776,-1.48190678899522,-0.440391991130489,-1.17211533676409,-0.544456913209978,-1.79405807231905,-1.41639656553337,-11.3814874474865
0.844785407980098,-0.104512374727312,0.00338743191066479,0.968270078452917,0.458075323779369,1.08703343269947,0.560978285712763,0.419739683525928,0.468660881675385,0.275854129046363,5.79604978423856
1.48915842114904,0.572764987745087,0.805677667604432,-0.0327626147569136,0.232406730967257,1.46545931661579,0.92323491696931,0.543982479938526,1.69851712950898,0.852945043739413,7.69976322455262
1.49547607382312,1.15463806338892,0.263958519803471,-0.0872962554530111,0.598877148844304,0.156449902451471,-0.0520781572750337,0.749900208388005,-0.229702433115004,0.193568362053678,6.31192749462279
0.474374002763651,-0.50288609012159,-0.00428116587180835,-0.479481023005898,-0.404010159917835,-0.723652264966575,-0.572874674358845,0.849200256879921,-0.10502866647695,-1.35230849753677,-2.76399445071131
0.00917622586817349,-0.542758146876646,-0.835484031952761,-0.438973579583471,-0.130494275964083,-0.335518594738755,0.140634163579032,0.0162962050101825,-0.589437177274765,-0.0935510183873071,-2.53622245854111
-1.77844438409331,-0.972781025345334,-1.53216082964706,-1.08318646743875,0.144722059814751,-1.94773113669885,-0.808563601152425,-1.40207034511105,-1.9223871884855,-1.88836935764088,-12.4469427486487
0.490202721211921,0.234742766467971,0.0541335969685262,-0.631561583653569,-0.471823446214194,-1.39067741028453,-0.217370762693003,0.470297272637612,-0.469942807412553,0.200178479749987,2.04404871275798
-0.37909145406574,1.50722211206552,1.10129997158449,1.44554742113286,-0.396917350249845,0.682178923028668,0.12438324272205,1.20179315591377,0.354372999562956,0.48721595593349,6.68995625616773
-0.53867862723575,0.547246094479513,-1.33032301337036,-1.39409849075895,-1.23975989598785,-0.869719924593171,0.0108713681104262,-1.40080147489002,-0.0223597825476356,-0.811878885922394,-5.99863841830621
-0.524930055617346,-0.0875980824510052,0.309456679509154,-0.328520449914784,-0.283006647172873,-0.793796002782664,0.0581309465818727,-0.296087547346746,-0.974052756116429,0.0918441564146162,-2.40189067097852
1.69072314938105,0.663302710898665,0.974006032479509,0.741179862112043,1.03203725554581,-0.0968843779069017,0.837855475581436,1.15273843205747,1.42176554824718,0.984625081607381,7.46186343217565
0.83844692793666,-0.687167451916911,0.615218909212345,0.767973922330161,2.49999205630268,0.49421196009409,-0.0790028419211811,1.26774056311646,0.0379699371094017,1.21120396922547,8.62212466004553
-0.522603575802441,-0.172872542376503,-0.0108267378140866,-0.0232189731469596,-0.656313278428928,-0.595592976787592,-0.227927000642736,0.260242935661393,-1.14353740161705,-0.568684107499786,-1.73039176385671
-0.53867862723575,0.116116045178744,0.197855400458973,-0.12360739413552,0.169806834163799,-0.285742971798761,0.204807593115778,-0.815843135153821,-0.894943755403889,-0.843517919943179,-2.93225004139122
0.620003941747622,0.64720963342697,0.193422113522978,0.100160153985389,1.2746359671199,1.26000457241116,0.239881526524486,0.180958560464031,0.248084096726481,1.16247681337868,9.08121145829618
0.801203637608454,1.26219533338686,0.183880537739454,-0.365051096418237,1.90430651977118,0.715194808899045,0.658675585304847,0.683685673229577,0.314028613357939,0.762626311765777,8.97789929764971
0.118633115020084,0.302363732546405,-0.327812258670488,0.417605582258886,0.525930290761708,-0.475143486551559,-0.0381773547789912,-0.571591209911538,0.540378271970913,-0.212256471655733,-0.386067976656556
-0.765220831832117,-1.19662069492411,-1.43228504420373,-0.383521478800579,-1.97908162613267,-0.226561238411657,-0.311686470086792,-0.929477990143403,-1.3279086266419,-1.22545917407596,-8.20963225382718
-2.28976827297781,-0.521914270821069,0.0717074075270301,-1.09355467951087,-1.33083327719741,-1.06093994906375,-0.550139526946971,-0.358145481788831,-1.47298685916792,-1.48501701372302,-6.69770790357275
-0.717611526873834,1.12535207555281,0.130074324029139,0.643839429038208,-0.404368924171822,-0.0155697358089442,0.370878656763542,0.660977220007712,1.52041445464422,-0.877029773002921,3.5401477402622
1.72505784167952,2.10605475090342,2.41789760527154,3.33660185237704,2.11713499965984,1.26632482283282,1.69643921831128,1.79328551278685,2.40182636406419,2.50215107339241,24.2187723879413
1.5343215240914,1.70392568603955,1.40906680432685,2.63831933648773,0.928630286509601,1.91754180647922,2.33324523310892,0.760792152866706,0.945337397731012,1.60519072935052,15.73480802468
0.252951963030379,1.35025228346956,0.294145229350702,1.15005313804849,1.09066096236081,-0.096177109216266,0.993505116365248,1.848008192843,0.754691163888695,1.21961849838592,11.2399564164734
0.825929860923386,0.415501963639635,0.313934781436077,0.411907345742869,0.0280690206848467,-0.774049321061038,-0.185276866767552,0.162423385233348,0.0464242878444278,0.476571526654681,5.48598556369542
0.118633115020084,1.23416213674923,-1.22405410627904,0.0021315104221441,0.73579837471017,-0.410352009177039,-0.788195625143817,1.10869414187166,-1.39092725931259,-1.20503175278423,-2.84271120695814
-0.204149746167287,-1.19755335399781,-1.6247292518503,-1.06116266484609,0.156794413477282,-0.970532031026841,-0.0456003320611832,-1.15108818510673,-2.36238824937435,-1.22931917283752,-8.56334285031839
0.00771481182745873,0.634992702770343,-0.234846309950087,0.149822944802744,-0.312382317079246,0.542120515926185,0.396000741410559,-0.0396872314655544,2.00206413265263,-0.0107510910907098,5.32235000497208
0.528990721249001,0.442268515076837,0.824463411731825,0.47303046435269,1.07799654622763,1.07477485380621,1.37672002869145,0.846937134266354,-0.187778972422979,0.607629356256769,7.85046711993824
0.237767691608817,0.291922130001928,-0.776990448842486,0.953532781031801,0.000122131329036351,1.14208969348419,0.909438436640046,0.87553880632351,0.618915222195304,0.162693980609412,7.31756463738383
-0.813358095370725,0.0385117702445609,-1.00574855627132,0.263233426363889,-0.691641343051512,0.700360911093426,0.481647969666767,1.02988308879254,1.21583190063027,-0.201069865643691,1.51978843949429
0.102848764167215,-0.495733574372638,-0.339007961844056,-1.52446839382041,0.613674983563279,-1.89178157977941,-1.29763971804135,-0.442406246022783,-1.36875855764083,-0.622455675033809,-6.56255226990819
-0.384370335062113,1.43970135044648,0.531926607334662,-0.543280598887265,-0.186320995839812,-0.489028453571217,-0.929212649142266,-0.177594906060854,-1.11266937074837,-1.19879541164548,-1.71644373083312
1.24877671254452,-1.47078609385786,-0.26427518682868,0.480308026937635,-0.515717505472224,-1.37426531971031,-1.2932542414541,0.154296721308135,0.231934146135847,-0.255127583572582,-1.78404502809233
-0.802533287245034,-0.840540322576357,0.64725357962141,0.464786451003283,-0.702925795716007,0.260284995284275,-0.0410476129373581,-1.30806950577677,-1.15090225723086,-1.58209246146863,-3.71881926764592
-0.556438023767411,-0.433873538869221,-0.366895417758999,0.0121674443571962,-1.41236009387566,-0.693885755697289,-1.19331996875066,-0.0930684012364276,-0.759558822617457,0.103683185307244,-4.04497138271259
-0.462024286184595,-0.901225998792105,-1.26780862181618,-0.477734399316517,-0.477954444876113,-0.220867985063893,-1.00754745666319,-1.04604845057505,-1.24228040217238,-1.28005954712047,-8.91700166579281
-1.17979690938968,-1.0703967463865,-2.06904646178689,-0.749715286160844,-1.77558008895785,-1.0784052217671,-1.06144878826306,-1.55361853427718,-0.71956217394177,-0.698140920950418,-9.52886511365659
1.02000584154504,0.741681705964375,1.87036443236774,1.22767165574887,0.458669676216109,0.918218646669617,1.84273259545119,0.386783297488608,0.780339014831695,2.40033186695986,13.6665732111192
-0.152754742441063,0.458930155969152,-0.205891920317936,1.3545022609532,1.12147490783621,-0.215602700237831,0.927617143909488,-0.264637683862577,-0.99277780907781,1.41165304750677,5.51488747395034
-0.268447436561005,-0.253177690773291,-0.0134614391718298,0.800842579051489,0.966132403065821,-0.10254397552784,0.0575287268835159,0.114316957033882,-0.33666816465269,-0.621610267494813,0.305323389592452
-0.712528179195567,-1.50180011080267,-1.12126826563666,-2.29064822455516,-1.41880313721345,-1.81488114249655,-1.40228323440493,-0.444554132375987,-2.20814420591127,-0.374011801087035,-10.7545044166268
-0.922492839617752,-2.23251764792768,-1.67889921453611,-2.57357746374889,-2.90201037226019,-1.82498859341871,-2.91786688286263,-2.64776404444268,-1.05020770814138,-0.964664090998824,-17.6485134088322
-0.754112720228259,-0.410233491303575,-0.345722488438965,-1.32443151745835,0.13237922055599,-0.752368055870659,0.246084545719738,-0.438503328315564,-0.47363817571005,0.847302969002232,-0.804706410980141
1.03150182866354,-0.295365264175502,-0.659624277968952,0.157303239414615,0.182262739673988,0.856724180687538,0.346035039741103,0.829487831598589,0.373003960513592,0.208786352650482,2.43377239269164
-0.449741146185052,-1.23472713931202,-0.996352334988428,-0.07116757164473,0.850984619574688,-0.819155273187757,-0.619500350282,-0.384507969113616,-0.347390364512483,-0.0519852522995906,-4.0250706698201
0.616508409613429,-0.941664211521464,0.617121319536508,-0.609627540207083,0.82498721803073,0.75626017038303,-0.106746167466686,0.480952610887235,0.22425076738093,0.246062094854014,0.254037243671408
1.53135384549097,1.11132689570037,0.236119512589509,1.0728830182848,-0.0833109235244129,0.673590021921754,0.225501703255844,0.432131998773299,1.12206663821772,1.07166950239764,9.37250437833618
-1.05542192754463,-1.96949848505297,-1.49568136900107,-0.902220612976213,-1.91285130874407,-1.45179525964306,-0.991982701362399,-0.883164608080799,-0.220576117809144,-1.65176113786381,-7.67895402825556
-0.331329166698229,-0.342642221052048,-1.52431477523394,-0.203652339887346,0.405368222791082,-0.436352122405455,-0.705584140719846,0.831662628220997,-1.71632197645149,-0.543308490281602,-2.84629280574497
-0.459932163196472,0.175092945302962,-0.676766881752476,-0.258607800600375,0.0198663696251678,0.271764741746091,0.0658899990944521,0.656682306039971,0.730516860222063,1.63221323059757,2.58702530154889
0.276401527753945,-0.611449517358778,0.85954502206745,0.731684994248006,0.440179765763275,0.42389273329972,0.0261082013459371,0.615655286169524,-0.367430767541945,0.486851957251398,6.33307804063442
0.485573405426655,1.04042723134162,0.0907848709623111,-0.0439192865745827,0.912731183116548,0.675940060089701,0.325453927220218,-0.200884272516649,0.317432723231437,0.019250589549872,4.39150985018999
-0.507834175467458,-0.826351028635901,-0.022075173607404,-0.688143750136565,-0.583686192913959,-0.00951921170137937,-0.950507483451096,-0.874862824250121,-0.756265454488007,-0.255334774149942,-3.65722771683745
0.678040499046805,0.310068736104605,0.99786585332363,0.435627483295034,-0.174255133643988,0.242434038107949,0.956024898329756,0.531917447379573,0.457082032433948,1.20510566179216,9.75480589053494
0.869254379298634,0.702959850835507,0.939272658738898,0.65606917739463,0.853333815775364,0.77101013502902,0.793659647220726,0.171833671927991,0.403853041632475,0.708936205546337,7.88470442886269
-0.646574255020792,0.12121945106824,-0.874217898926025,-0.278725584865854,-1.02090059983629,-0.674278437289557,0.0712347683407937,1.1000065492639,-1.1714727202746,-0.306358022408806,-2.95792067902796
-0.529174259564104,-1.86913659478739,-0.49642728845242,-0.575893068660849,-0.340287820571259,-0.454263839809236,-0.68547636459817,-0.552643861342992,-2.09355280718272,-1.80214418292386,-8.63357380538071
1.31423567431481,-0.624398223369395,-0.744910464515722,0.413952224056024,1.28800425773917,0.684297615982328,2.34264328540676,-1.42058700173352,-0.352735368717293,0.34179701089943,3.32598656440042
-0.331329166698229,-0.573977855058615,-1.09459638564116,-1.52209430443287,-1.0679698717245,-0.677662123590642,-1.02784472941827,-1.61662431437599,-0.992711167043027,-1.38481353418097,-8.46831344169517
0.643507621874234,0.0587585879994049,0.0274704037531153,-0.474108959655106,1.0357409679387,1.22003941784441,0.382034340051142,1.34941751783027,0.319793198110667,0.951435688024108,7.7667474984573
-0.063798192960944,1.30595031739235,0.313232213353746,0.523118222492744,0.241016554517416,-0.546343006807262,-0.319128211647861,0.829583460676919,0.565821808560681,0.70734705625194,2.4884432394041
0.474374002763651,-0.124397010178244,0.48899124606999,1.06851906369918,0.229362132973657,0.920861767754089,-0.575407287810552,0.263944906402011,0.538871760774796,-0.409801471061508,3.56087432047633
0.786466869734448,1.13242792019508,1.63658802746873,0.0490000899722376,2.00762360700688,-0.585335848280997,0.64495385312975,0.42968099649056,1.20333350466777,0.808210665445691,7.4540336050663
1.11759745528335,0.816124622742936,0.798905693205419,0.136667704157714,1.12700586859094,0.693069973619274,-0.0187295767928387,1.23472002220157,0.470322939226286,0.892469122448445,8.67825796953389
1.37135154096698,0.0413937733849911,-0.237338171168471,0.905837813360917,1.52719249005585,-0.119701970077372,0.952154837751301,1.13408672081889,-0.0797367872870597,0.209069785821085,7.32742779680367
0.0512180122387768,-2.47156828365896,-0.861764796195994,-1.36147497934006,-0.63669660821118,-1.80698231840484,-0.39183845094708,-1.40831678184422,-0.143034869194361,-1.14331619928653,-10.4639111299407
-0.529174259564104,-1.58170275408245,-0.470600365256098,-0.899848591328021,0.361521063814711,-1.24975823830065,-1.43754485522486,0.0305421633317563,-0.373903417258699,-0.252593215033427,-4.33699658916908
-0.556438023767411,-0.0992467868242831,-1.02071548429251,0.375076103954747,-0.797986008013743,0.266606898734008,-1.14464661738249,0.313207423318661,0.0790187901676819,0.192696996633504,0.839715518504956
0.634603630249611,0.544310022035637,0.338661771892724,1.67073751159168,0.595911342341574,-0.106309320259153,0.432197095009464,0.77245621948956,-0.439741220366171,0.194910186121348,2.97844064992116
-0.00505844702075673,-1.28355705265881,-1.51475278320464,-0.667900294091898,-0.520222963256123,-0.659565832506068,-0.613688766438349,-1.80479924797989,-0.570064617280053,0.195998829043296,-6.07762838364256
-0.51323644857838,-0.974913930076085,-0.399659014748652,-0.343842507016636,-0.11798342612998,-0.557144975678547,-0.820896580459482,-0.785208607280739,-0.512778468357969,-0.476107008283817,-3.92393377739737
-0.0821924961828566,-1.45694937139812,-1.5198207544214,-1.27818691086697,0.0903653889434244,-0.975426231065006,-0.830833512167862,-0.999501140269112,-1.3102982592856,-1.48245030293456,-7.18887490580655
-1.6032606172291,-0.386197250138634,-0.296109879150589,-0.332871561955335,0.364174391031972,-0.437082024749154,-0.267336603404199,-0.57598392213559,-0.660879176887138,0.616244107059465,-1.35278177619927
-0.844563684386254,-1.46051228758882,-0.978253193475124,-0.502796900697701,-0.186811259018606,0.959071574304817,-0.607013265754481,-0.222287112948538,0.0734737387718888,-0.258721500336227,-4.98043518816397
0.869254379298634,-0.0749224816780569,-0.231512998703031,-0.0628225330907385,1.34001485397985,-0.448022451184157,-1.26996133809647,-0.288565256207188,-0.417597818486184,-0.46152934650371,2.53512343760937
-0.0514814144922993,-0.925731931935603,-0.391795229393165,-0.466490064426152,-1.25603185573736,0.360231502244938,0.768807224295229,0.258055494606932,0.31118766592976,-0.881194597852728,-1.34594939254044
0.220308668887942,0.497288948302399,0.385093392163237,-0.918234926283084,0.0400500263997396,-0.830344859196517,-0.330089074808984,-1.01925988183906,-1.92075227263637,-1.00624694271452,-3.78468550142892
0.371609104221349,-0.209590711592253,-0.143284516945883,0.0437116355313401,0.692387570094829,0.911818753104858,0.274721689124657,0.267838481305224,0.822524179870585,0.598437344485848,6.04641979649682
-1.14379799442333,-0.510941082543768,-0.706492753120788,-0.355215349337322,-0.35661158844413,0.0641344193683504,-0.417473045505809,0.480242914958039,-0.293655187135283,-1.93891570691901,-3.52162880951967
1.0809488440393,0.0811884572409766,0.2435400311498,0.771487350300373,0.125822217048983,0.983430111772327,1.35488926685245,0.291247687263908,0.842929551252237,0.124379640941819,8.4181000234154
-0.11346858822582,-0.28414878928456,0.14263884587466,-0.380395339897026,1.82288578218678,-0.167818727280159,0.0458844406880804,1.60650274053206,-0.0407129377254637,0.721303030753443,3.52633348602077
1.23477783535566,1.10099794657358,0.191058537427034,0.942077715164836,0.942665949156356,0.730026312763587,0.544210710007413,0.158571645720009,-0.543040659679546,0.527528161698011,6.55353582038422
-2.28976827297781,-1.12955640777815,-1.6957806014074,-2.06188064029519,-1.49800425043575,-1.1140430870675,0.20381452467021,-0.538275300738698,-0.507244483116701,-1.3794465086657,-9.87950106282678
-0.287102514102215,0.0558621705144843,0.0277898789361456,-0.742593474983485,-0.350285045236164,-0.206686818956988,-0.178509341786188,0.722044938113896,-1.71718969307914,-0.939077919119126,-4.91536983025789
-0.3138004701217,-1.97259930487487,-1.10769305291968,-1.54339829567019,-0.152987218572485,-1.00304676294498,-1.90108920052013,0.470187666051876,-0.542846811205144,-2.07910002645881,-8.12590344899007
0.79838392216853,0.92125612386782,1.92552398447484,0.936560643102432,0.652875939816434,1.73052801179436,1.12489571496756,0.704916782046593,1.00871021351004,0.457849954546192,9.95710449901871
0.3573281553089,1.0249486195323,0.757313388317099,0.844545202192271,1.02550892031121,0.175793949502773,0.150708810893196,1.5741050120868,-0.017399176873243,-0.565951856509881,8.7502747755904
1.49547607382312,1.40622543847304,1.7941801417659,1.43084101119132,1.55539084404571,0.93932719531043,0.618058008625685,1.15206371752571,1.73562417407157,-0.059588837824377,12.4443262765885
-0.981046995137614,0.629479019672277,-1.15068192583669,-0.532290054612304,-1.36630458764584,-1.20275376196974,-1.46436843468892,-0.896689330267382,-1.03823699101191,-1.22131787870756,-7.3513244906815
-1.18727336146393,-1.27757951318734,-0.0867035869917021,-1.17980741789317,0.503380736730984,-0.224217686655622,-0.352044127335624,-0.906499316007334,-0.380116803833209,-1.99373048660186,-7.22035538247103
-0.141463982173168,-0.828688497644067,-1.12086568833021,-0.0908933815164479,0.249561702280616,-0.610659730393844,-0.169698541336621,1.01056699719393,-0.412025765449741,0.370901917047829,-0.267116877202433
1.26736385105262,0.917016507572825,0.933047289705804,2.26385470988991,-0.584089407921658,0.376553927469157,0.69841845672637,-0.0873603617189899,1.54522850555309,0.685432706572891,9.28216768580366
0.211428722412295,0.968981477914337,0.959784900552461,1.35456302081711,0.340074820872398,1.03017092923751,-0.193309505344047,0.56099134435918,0.266052364175674,-0.130783539521635,8.20918797339314
-1.01967031962456,-0.445871527043895,-0.619917336956787,-1.39342403768702,-0.157357031537871,-1.60825538954871,-0.358959777426457,-0.878541825125676,-0.888464085260399,-0.568520673871727,-5.65492097836754
-0.141463982173168,-0.377395788980934,-0.497823882683074,-0.374980881234318,-0.262516055456325,-1.19088810162541,0.276049772654457,-0.0593776155819613,-0.599769295349454,-0.386597922753741,-4.43452359475094
-0.615336891702685,-0.607300914685214,0.981199324295452,-0.129377745848209,-0.565159588187502,0.769393869853364,-0.493343056549295,-0.448536728757256,0.409475688351241,0.583191692217391,0.348862967474932
0.00917622586817349,1.9939167432946,-0.431691343317872,-0.433089968995106,-0.514172786969794,-0.317425321364598,1.11185798272699,1.5072904510972,-0.0613095704541384,0.00481939893150603,4.89695636898121
3.23944993412368,1.60236667889142,2.75987610898456,2.09780258269861,2.48962592495307,2.14788997795885,2.84451106793921,3.53840875005086,3.1480639372344,1.35740412876821,28.2982848220772
0.107174135503265,0.576588921660121,1.21796524791357,1.66093020418202,0.738895919290341,1.53617494962062,0.776697794249017,0.914825599333089,1.13636960515982,0.994558682799137,8.7480289858771
-1.06324985065222,-0.340726741295089,-0.716342598792365,-0.505465117907224,-0.481448191517695,-0.535233342507147,0.134608449689634,-0.233723979352849,-0.513205820469711,-0.295483427334864,-2.96964416756605
0.801203637608454,-0.28250301987065,-1.13102605713591,-0.183980950467413,1.33628223512448,0.200081526255435,-0.433444584124045,0.493284639449939,1.48008722262567,-0.190770687933143,1.0326062307312
0.967408450547601,2.26805541273324,0.721170249644219,1.75210311015017,1.62250898050772,1.86488635616211,1.39031909122182,0.359610477900144,1.52158189124619,0.704074953075305,14.6577714411709
-1.06111098027853,-0.341218495104162,0.104066609208521,0.0540137671393571,0.612943489878279,-1.16352566790734,-0.586924999902046,1.46611709160468,0.333606537267561,1.31059037157031,1.11168508949406
-0.524930055617346,-0.0842869786177954,-0.0736791139085838,-1.47157855884801,-0.728321918875214,-0.300740268662124,-0.150626661549933,0.0073709657358515,-0.795014589141725,-0.623522291461972,-2.16689370614049
0.220308668887942,-0.85179851261482,-1.09510570906201,-1.6963487797491,-1.18669359114845,-2.28823633554048,-1.73603743718971,-0.710537685880509,-0.344384927856925,-0.929522610688703,-9.03594950533856
-2.26995915104017,-2.63782490010373,-1.06818308680408,-2.10281161873144,-1.11600136588548,-1.44542002198814,-2.23496784479744,-1.28243904595179,-1.94289897804655,-2.28802359918133,-16.648945557688
0.723680168523524,2.11180980143319,1.76043959431813,0.580694864349343,2.3339900968967,0.227200021291846,1.2127387223532,1.32740900032557,1.45126024464056,0.911746354951378,12.4300295299991
-0.464065709082548,-0.224670940322967,0.49549843182336,0.396638633199604,0.100316022187061,0.0956048788566238,0.988721914511427,0.893325588855755,0.233812623611956,0.445038845367878,5.70046319006121
1.54625853560761,1.63869984311659,1.86003268215008,1.43701812844948,1.59058883629227,1.44109176280744,2.00349502247992,1.21215399177178,1.39767684209323,2.29010156653441,18.2314830131246
-1.02952987099905,0.22215865542536,-0.745967503391284,-0.652781324132131,-0.673118326119732,-0.147390777475901,0.501340727099864,-0.138998165897761,-1.00292331126553,-0.592513614534783,-4.07513012826913
-1.14379799442333,-1.88702831562503,-1.34369929941588,-0.308514616592836,-1.22053758559901,-1.42845832393433,-2.4659032618588,-1.11118631070771,-0.594575624672464,-2.4473810525438,-11.772601863915
-1.95242823564599,-1.19879124684796,-0.84535266463848,-1.28575208250161,-2.48671988129976,-1.35855891675139,-0.676467824036888,-0.0823529245639956,-1.86613590882072,-1.26189239222631,-8.54598136719995
-0.668627463435683,-0.615368111086746,-0.616688929605555,-0.255109375380234,-0.40314344704138,-0.143738724940965,-0.587405894246424,-0.130299189283902,-0.69546433640426,-0.55009022717719,-4.52023445924884
1.90213214817871,0.877827454270723,0.845902247714168,0.482316099555482,0.0438914705232769,0.507652368872731,1.98560015065253,0.64451537362141,0.347271564118825,1.09224178548447,10.0098884372418
-0.236980271785771,-1.74674709156316,-0.681452824376881,-0.763927940748972,-1.59131096733895,-1.38454875597041,-0.908171306481575,0.182522691164968,-1.22919206701132,-0.083300781265449,-6.14871866331171
-0.0243271744721319,-0.0885463756179595,0.232722402677593,0.202607022065357,0.907645713536421,0.505003910908965,0.294124209452895,-0.182740681419054,0.353304543542905,-0.317028122953802,4.08229025511593
0.413717147588716,1.29336371844334,0.7362157730076,2.07963657429847,0.780973943042248,0.435860763084117,1.23378012952758,0.899000837431842,0.438960423717712,1.41822672910231,12.3062491033882
0.00917622586817349,0.0447397072981356,-0.654185744290335,-0.946118287722228,-0.621644226122257,-0.727122560401351,0.473140960907757,-0.58324182207102,-0.698115615641363,-0.34586584696678,-2.79843475216841
-1.1160391404674,-1.09712772429971,-0.561664499833162,-1.72310544242717,-0.116158065790239,-1.68834106618274,-1.21625820749071,-0.444037029447044,-0.087245735970961,-0.720404355759124,-7.73904075345219
-0.984841549258721,-1.01413829255823,-0.709306754588733,-0.881395129280761,-1.87647485549152,-1.0110787623817,-1.75120279828035,-1.64004250877691,-1.40186103200395,-0.874075828758806,-10.8936184878577
-1.1530849893463,0.801312201137011,-0.811481992115996,-0.688775225769019,-1.43041415535256,-0.794308158794196,-0.202956242969256,-0.298985174106075,-0.0122016438341004,-1.23656261537983,-6.42608407332218
0.793174462662028,1.95193083315822,0.778881810605165,1.63274034673188,0.546801026716132,1.10031734406387,0.430184929215326,0.147993635758862,1.04804690891738,1.72279980745775,12.0420946649833
-0.680811096586971,-0.488548625919044,0.24735510343811,0.649605515173406,-0.32155939743341,-0.601627450897552,-1.86333140113348,0.254069954410167,1.38774952147443,0.328229352872229,0.56575939692153
1.45620819338228,0.565850955905625,0.79594438217397,0.137313655817541,0.774034615878636,0.571078773403936,0.0398480311923273,0.174025213350242,0.244531907796647,-1.01717659158261,7.71361149847873
-0.981046995137614,-0.561988589442505,-1.35739671538511,-1.4754219676081,-0.731682748653159,0.231874257002815,-0.46619685497406,-1.04527624830385,0.0100518305749099,-1.29428819883013,-3.44036660282718
1.45620819338228,0.48534888937974,0.824547060787583,2.17525035493278,2.40672135325516,2.35381739308961,1.46771013314141,0.535233863735724,1.21168958509602,1.48822925839471,14.3434114184501
0.0559296179140949,2.15238256050715,0.701503289188115,2.18089665733006,0.719428187473789,1.49140856933344,0.281667710746494,0.630963411813297,1.68251525679816,1.52221526758162,12.5335891207112
-0.0821924961828566,-1.08125580251659,0.339745442609367,0.200691086334082,-0.704395083699093,-0.406273879847398,-0.615432348745222,-1.22680109091228,-0.111024008493149,-0.234745890988852,-0.858049930982686
-0.468252624768157,-0.0331447509894304,0.232124053018947,0.942263369803843,0.691418270040082,0.835197501542874,0.604958761263753,-0.109118805558842,-0.377087766173921,0.160288062686003,4.03066765917346
-0.545943260036275,-1.22586875914799,-0.86247928331084,-0.476993159470495,0.941879246136352,-0.792309795283687,0.160239479008765,0.0997992844427932,-0.182290864459629,-0.598104697564909,-3.61792336722439
-0.215638823195165,-0.994232177731554,-0.261218769812381,-0.000568456166226416,0.332046690004564,-1.05019408053988,-1.80484148924053,-0.712264462800759,-0.318528719670806,-0.556988294966626,-6.87762035722077
-0.345886538266546,-0.447083006680109,-0.996424490861577,-0.669669539413983,-2.23936848593391,-0.84263354295674,-2.10041516998265,-2.25485604500584,-1.19901121779159,-1.06830939004053,-10.8003174304422
-0.324279465333418,0.638962544979125,-0.169710117429817,0.267258742372657,-0.87310533598861,-1.07789794974455,0.531958450080928,0.660373534773897,-0.883538170137544,-0.313199755985625,-1.44390887768091
0.171455724340841,0.719947328677026,0.348476800402827,0.907138977546033,1.13914773672476,0.476797705211859,0.856729872116051,-0.238632014538288,0.258310900973831,0.374800062507453,8.55830426065299
-0.211165342241906,0.287430862784639,-1.58517594723458,-0.927274027181966,-0.841293238260212,-0.772013994972639,-1.77830383699691,-1.22272638523785,-1.02390504331107,-1.09924466604495,-7.77781737559792
0.24792998633246,0.404426720792215,-0.718553400591353,0.404884023620726,-0.113397327678587,-0.024736382998897,0.375627272746199,1.4842150713931,0.810550551588646,0.687237869543989,6.161787372451
-1.89300325660733,-0.158015563245805,-1.22347305521766,-1.30064947591475,0.152188702919094,-0.598123141461731,-0.178894803500904,0.668756861217509,-0.206487961253627,-0.122346690482729,-5.79720760705746
-1.95242823564599,-2.54525868509942,-2.44301044032495,-2.73570490508768,-2.93053364184463,-2.86097087128385,-2.1399076518806,-1.86574124431029,-1.95620704698009,-2.67245676003289,-23.6688439772641
0.322654166188296,-0.0646707034319577,0.532872796257421,-0.701938375659414,-0.721549400000559,-0.05857256610059,-0.0785188675954723,-0.0178359611434949,0.600318769638787,0.306445269524823,1.59883026988271
-0.197837282443647,1.56114744466758,-0.526309125237748,0.275618913454658,0.992041221702371,0.919732603843729,1.09489481233959,0.328060178281302,0.597695245492429,-0.181374491299664,5.76326076337204
-0.320008713264915,0.342267852470441,-0.344719505838281,-0.0822716950136037,-1.12012775951376,-0.687372803133377,1.24369753739164,-0.0507658334852728,0.172388489373307,-1.25167232636485,2.03442738530124
2.45381806886246,0.493056303627435,0.755249137209253,0.851391768605306,0.442042998012552,0.204474750381663,-0.170525783749879,0.750485321700807,-0.00938718449662512,0.271289421469561,9.83686849309548
0.322654166188296,-0.659935151406177,-0.321488852556297,0.150177940801918,-0.444508335927068,-0.711218078415281,-0.720605703840348,-0.327671284026264,-0.009701859629762,0.115994500594234,-1.22635842545014
3.23944993412368,1.52569104386255,2.51043927740172,3.52995983395676,2.62981591925537,2.51609184322912,2.68810001366234,1.69908819140531,2.7534813915643,1.96024796796002,27.0020204133841
-0.582092675108401,-0.0477254960831911,0.015240015648967,-0.0266069200144915,-0.354662807710726,0.590752849417816,0.254069415750745,0.311710416278067,-0.459098846595725,-1.0073647897596,-0.293432984842018
1.72505784167952,0.384743333773735,0.0615225984594205,0.939090378422839,1.36796131389886,-0.297080352099364,0.889138610287773,0.248475886087303,1.9771778707266,1.38343823387538,10.1683580005753
-0.346161840651873,-0.792275141117386,-0.122579425505571,0.840460621271527,1.11727159258867,0.142992925225748,-0.201368017164616,-0.080902236358635,0.954911341396717,-0.340550955164324,0.136540035810786
0.0671358028605725,-0.149746042640364,1.01300203088057,-1.20407181885117,-0.403067178700612,-0.530235836869901,-0.917824662337689,0.477400168556416,-0.37860137297761,0.00834717997988549,-0.833920495666032
-0.274690175052852,-0.751760696453883,0.259109189318835,-0.222224087988914,-0.465779451175899,0.0301827934303819,-1.03104441212215,0.770049463850812,0.663913018302684,-0.645820338306846,-0.198213602271331
0.423597547874893,0.193608883656275,-0.780202081936731,-0.260171735212727,-0.462554798070069,0.727713924053894,0.740349178632167,0.328120531415649,0.673566182954191,-0.691713717178569,3.91912125786156
1.00333332441944,1.21084556588059,-0.347706208779676,0.0614837132604376,1.6143773710518,0.345604448896228,0.0156259914474419,0.40856378452968,0.885098717090674,0.638293905711885,6.95672930872543
-0.0514814144922993,0.407534777231906,0.0134654115096045,0.431695078606393,-0.138179926147317,0.529446792398875,1.24779917184079,0.565844240736089,-0.0170543494547375,0.318674928592044,5.04638564081192
-1.26624564117726,-0.0451049256364857,-0.507431270424295,0.461692677608997,0.235316233783457,-0.458957297538119,-0.381824928412131,-0.324318199677135,0.250699519928899,-0.998733131081244,-5.0151508742061
0.616508409613429,0.139150170821663,0.911535951464656,1.11613500607298,0.836417416410879,1.04200981642223,-0.0703542835595913,1.00194824044863,-0.514960968737521,1.11460382560948,6.83213591260879
1.28565761508682,0.0959108393591561,1.37656582786319,1.31971442918104,1.38308270273953,1.67869132772451,1.28590187592147,1.68098207891584,0.775398612093947,1.70656665504465,18.0209404909247
0.79838392216853,0.750933493962479,0.46350221072223,0.150047293453146,-0.664304105585919,-0.311478966998592,1.12507589981063,1.47046818249063,0.681086637733623,0.240310426995314,5.63353684814959
-0.141463982173168,-0.427456681378995,0.542236775637021,-0.55536330913774,0.154608545220349,-0.307849825848569,-1.1677786127887,-0.787633056021828,-1.0129054051244,-0.754659476196981,-1.47788091749598
0.983911506100226,0.549288883825647,1.09225177313534,0.094195849316147,0.461607420309602,0.359952864179683,0.616797039842696,0.745889868060055,0.239434843010072,0.666949944428908,7.05146870741352
-0.0514814144922993,0.930817173626152,0.151817815152927,-0.0856077870558831,0.598324223695587,1.26461566478737,0.459501862705868,1.03801936069303,-0.268705633343087,-0.0509507824800913,5.26608547284071
-0.0178489742384014,0.0121149747937695,0.766675753508592,-0.0213216231240133,-0.306393041801691,-0.372808374056623,0.127453118211192,0.899003971485361,0.868684205412677,-0.206488577788279,4.58068237165645
-0.593431386538678,1.18279863582901,0.474893480310137,1.89771819018484,0.176568120837121,0.107809207129772,1.6803456374999,0.498781491796631,0.479800930213105,0.941697708659425,7.48251068995302
0.983911506100226,-0.0208348072453814,0.0892194411422372,-0.169211264511814,-0.77169460519372,1.48472177311218,-0.539538926035881,-0.00530283273921178,-0.0959778632481069,0.233716161391464,1.24867936337325
-1.50026840418518,-0.439154267146985,-1.27099873817206,-1.4123294933439,0.0937659379135536,0.339264841341802,-0.924118672130472,-0.826360816000561,0.358104297156773,-0.113727412156845,-4.38960272725465
-0.255630716113648,-1.31921850160464,-1.12319090721904,-0.368006236140011,0.693582118807289,-0.550599194630576,0.01792927297299,-1.28875566463659,0.14754227774216,-0.652780670722172,-4.83324965666023
0.869254379298634,-1.34253971021748,0.046242876460356,0.145183340065591,1.58307524768205,0.346036460878333,0.661635903495522,0.00512373073587233,0.212576143573117,1.13722867091805,4.17915359352383
0.0671358028605725,0.145305826851155,-0.869675333064171,-0.905520762997341,0.631014760304549,0.31141682991715,-0.243443378260624,0.439001911117048,-0.211520258438923,-0.0104058405602064,-1.09161634304825
-1.06582752028737,-1.05641319256657,-0.93679688258414,-1.01536474570468,-0.425966602310265,-0.986171637089951,-0.575064766831674,-1.10012332409674,-1.09343475948455,-0.138694455733632,-4.25004487520974
0.103977207512208,-0.860222218489418,-0.200293730493968,1.05334130948793,-0.903206398143307,0.721811558042258,0.476702397404812,-0.59673056676665,0.414888563138012,0.321039031678989,1.79120365004218
-0.168992991029259,0.141294850071956,-1.15197073541315,-1.16772885116356,-1.80331853681947,0.459223808580204,0.272365829245761,0.488944596165161,0.728011813603037,-0.740861464382094,-3.83558244094025
0.490202721211921,0.845656532263523,-0.402562247624351,0.618106021306989,-0.0378787607830395,-0.513769767478444,-0.219218933145697,-0.610221407992141,-0.608084424047166,-0.994467132361643,-1.01491615070923
-0.884223495136031,0.333354284621086,-0.15698758000946,0.91262675441377,-0.268436358335121,-0.305688092107728,-0.568748075686848,-0.111594092713002,-0.10637678399398,0.354504601456274,1.01179237351473
1.02000584154504,1.44194095530985,1.29800417162054,0.463640011237986,0.655114138085786,1.14758675523096,1.92873994033423,0.631955368365088,0.146635232388152,0.578076642280095,8.77512048054545
0.591455835692086,0.0739957788590586,0.0793680039181419,0.616073299910491,0.0309811522319507,1.79868062931087,0.362944838818795,1.32211966856806,-0.0914063609786672,0.413627207118662,5.75441026157983
0.892657824792483,0.84875275104977,0.404602403406306,1.7281893435528,0.592022063087343,2.09015400728857,0.569655603000425,0.437959866455764,0.752521126590422,1.22259096707485,11.7120743020884
1.0661125119155,0.692013662311704,1.47173521169656,0.430807241220886,1.87861972225303,0.570827153951704,1.04644261618811,0.974910038880324,0.822037756915243,1.10250292537766,12.3281383706564
-0.453686745694579,-0.0657959977646247,-0.55729060793233,1.25267571873244,0.723220169767546,0.369459102643235,0.105797040896044,-0.833406171459112,-0.468733068541836,0.300315891968341,1.17889003973699
1.23719253168267,1.18810871297467,1.68744582218091,2.44009374586161,0.473497691725846,1.13103493392593,-0.0364953676134963,0.469005357071641,1.3128670337759,1.35198286924885,11.8498555930069
-0.492949115267236,0.053448195506377,-0.689156461327789,-0.288958754167051,-0.0334348678181876,-0.013429326255773,-0.986571197441502,-0.613182897091687,-0.846831318088437,0.358009801543325,-3.67321196100331
0.0475168425487507,0.39819596106521,0.567034853787926,-1.43284974583158,-0.123240485694186,-0.279580282382761,-0.328695292443789,0.660371310351883,0.58693873114977,-0.132879848925126,1.42552749295491
-0.657327012352565,-0.241479786876692,0.197983481350127,-0.177704564932562,-0.202344142378276,0.484849516458399,0.503832267763185,0.249898612386629,0.792256028525206,-0.0441659839138978,2.59740587274297
-0.477373059394191,-0.34696616930216,0.809933515896838,0.633915899911359,0.638453027452804,0.524776689683316,-0.313736651511944,0.874852810514843,0.922657398819476,0.34471172149291,1.85948748484099
-1.35939283520179,-0.714332457289635,-0.448177963079596,-1.27821729288522,-0.703203724020274,-1.99113304943907,-1.2136171148472,-0.170707516262472,0.00756895138683444,-1.83163455198529,-8.04042256697938
-0.344244693634466,-0.767675586585831,0.10452579826712,-1.57602263775212,-1.26251940805397,-0.646370029668226,-0.829223093609617,-1.08770052801152,-0.265989139341801,0.922061811279501,-5.12171892672977
0.273357308820715,-1.41820506756727,-0.335390896271945,-0.939926474121969,-1.09932902600608,-1.86890693551612,-2.1216603408666,-1.00591177239186,0.110928676300424,0.307712639559707,-6.01505637212891
-1.06324985065222,0.888630397086545,-0.392860070707941,0.441807604720713,-0.540405961689531,0.814300553534368,-1.36785179891404,0.249008336141325,0.606307910394109,0.125383522998762,0.288741137991865
0.452562350552983,-0.633375595499924,-0.528691817311143,0.456109183931097,-0.117051876850101,0.700228012543151,1.02100617962352,-0.148062059741287,-0.48978592916742,-0.913055708964592,2.23124940416611
1.05573585985156,-0.238242544647368,-0.0740537116952298,-0.189746246116012,0.660469835444983,0.293132525207714,0.76130091293224,0.202806357355835,-0.332336537828782,0.670874010595673,3.83155862824723
-0.251134000594451,-0.0111883629450382,-0.701564451758131,1.10622146166926,1.62366412419718,0.474249776572222,0.196823488676386,-0.346283207200886,1.27581318175285,-0.224628240847056,5.74819303252099
1.47017566218544,0.55372104468205,1.61699895353651,0.183219926277526,1.50374667739959,-0.0711457195825608,1.07261553433858,1.20570234638525,1.20019771162597,-0.508738093718062,8.7907961505957
1.72505784167952,0.544735774860805,1.129128237636,0.529402816169821,0.590458936418736,1.12450766381766,0.390370711657946,-0.745730914516857,0.780098618558926,0.896635138644099,8.18041201682679
-0.505873764318555,-0.585538740348279,0.463858372205478,-0.895288449185842,-0.211801105761023,-1.47091717971959,0.822843008380887,-1.26106335680963,-1.86260332937747,-1.18739116220361,-6.05437664084398
-0.261585088822889,-0.373124116480732,0.125676403943743,-0.661362700121322,-1.53234112885824,-1.48841990794561,-0.43611915861506,-0.964898768569501,-0.150809578840341,-0.80532402606598,-3.77282336886861
0.509804095788167,0.376798362357137,-0.741111341978103,1.31203888788288,0.534341562418331,0.517168239574393,0.730664235210121,1.13435386246601,0.690933458271955,0.304234125577955,8.32909007349789
1.69072314938105,-0.570266477047912,1.00246700658315,0.379749087658983,-0.387778295426026,0.801960100947901,1.85816193314622,0.29223813764599,1.24647139253177,1.124863844094,8.50140539855395
0.322654166188296,-0.100002510418553,0.112553565692527,0.452682240058095,0.189353239228856,0.969002939766016,0.444702405589956,0.649783333356117,1.07206746117481,0.0417553026097002,7.1869532728486
-1.18020744640328,-1.13927033840162,-1.4004105591472,-1.47006650535028,-0.99724661977031,0.493112460867586,-1.00852842275245,-1.7036033415942,-1.31237780258643,-0.324657328931124,-10.7266582206798
-0.119351027347709,0.285545713007056,-0.69187487418036,-0.581650596464903,-0.0818956011076725,0.272027874349706,0.240057392925143,0.811378315607457,0.491173206439534,0.30408643863501,0.168559887202246
2.45381806886246,-0.104907865924842,0.0823692409182191,0.871638651848601,1.01944264720942,0.731405481971934,0.760775203051989,0.349688718807106,0.353169240758689,0.928108572357453,6.1635654983213
0.220039497770255,1.81384108742834,-0.85934356336482,0.0273862683036428,0.0464322891932333,0.426637986738041,0.596615146061254,1.2076859627851,0.846644711796423,-0.345564425943748,4.01277739034295
0.0575135672835218,0.289022192108687,-1.01643658838865,-0.996528491768228,-0.0232993872668805,-0.115428551800163,-1.14899380485038,-0.467890927900754,-0.384572802131001,-0.189398731094541,-1.57351089165617
0.171455724340841,-0.477048957349771,0.678015424522309,1.43465874324706,0.301798765085141,0.844648645519264,-0.860989300197992,-0.0607501854973796,0.293970985625627,0.418006609434211,6.74612349437663
1.65098818753537,1.09628514449071,1.61969144993192,0.803856025542683,1.17593462887742,0.562811763709344,1.14222680728737,0.368648549468913,0.941377091005889,-0.145215204837757,12.0390406534319
0.0512180122387768,-0.721669841743015,-0.427068320581122,0.0742637664171644,0.352991909348752,0.0189681157031054,-0.140989664042055,-1.38447785576503,0.988838704489653,0.902436450527212,0.461570569076718
0.434854359384113,0.498187656128918,-0.322197300878524,-0.182214654680822,0.0120021561917626,-0.114975747913246,-1.25827304055553,-0.473856522823921,0.288467028167222,-0.903166098135716,-1.64565220083704
-0.765220831832117,0.302338731637785,-0.381539323610247,-0.43078376175155,-0.872470384006878,-0.646562396089795,0.25954877565748,-0.324736105552815,-1.31080283842124,0.183004479460859,-3.54936223058168
1.31441969571503,0.859909385991008,0.982091888269509,1.38225747000436,0.96991188102062,1.60410110457343,1.4246256102244,-0.0825639851181632,0.641099416422455,-0.0976444920309006,7.10913311341538
-0.462024286184595,0.73621222206183,-0.313922709337269,0.351235106764825,-0.531805116244753,-0.108052176929834,0.731766641702921,0.573217646050998,0.141828995439765,-1.46664793821653,2.71283728331978
1.54625853560761,0.136746896544393,0.879281880900685,0.603199897210682,0.771316629027424,1.11655766166045,0.58742275854328,-0.320621124466051,0.307355889075765,1.69269871381728,8.89384084276534
-0.48990174587081,-1.49359229572007,-1.3435406608334,-1.10290939149839,-0.516160500195256,-2.18916714402149,-0.611730840771855,-0.779889556907778,-0.974781761963003,-1.27793438779499,-8.91424033854794
0.965878573159929,1.12783174840946,1.3626388440422,1.37777916076575,1.38970293291155,0.397901774236518,1.5748676377129,1.40274825924688,2.2969567091099,1.69596963189231,13.4291556223302
-0.466492469597156,-1.19110327505792,-0.159099506365064,-2.84687323535268,-0.40595935949386,-1.39682980600412,-0.870788484929864,-0.337536135014551,-0.112064872847141,-0.899609438122105,-7.65395389438546
-0.626018408133798,-0.341632533349369,-1.49915557932612,-1.3267639658482,-1.77810759728216,-1.56235992911986,-0.879542904359994,0.700520664811289,-0.446420589178778,-1.16080705815072,-8.5524749223064
-0.152754742441063,0.677710448492044,0.267339182477731,2.31479706190379,1.82069513854523,0.968545228421225,0.226052074101979,0.933417531073259,0.61090473976413,0.189507783149353,8.4576200867762
-0.563441241572679,-1.45762253365247,-1.3119157852532,-1.33759190724446,-0.283396138202567,-0.234585101594178,-1.58440778702263,-0.755209763356986,-0.830706497615158,-0.101629922847606,-7.29559106693667
1.37135154096698,1.15239100291987,-0.376714175980008,0.778653184497775,-0.887542547633379,1.53948625170025,0.326596465007716,0.270042355421385,1.36697777790725,1.3577136391988,6.55649101115251
1.01590028420016,0.161523944368628,1.29543972102784,0.404014850700979,0.831782355632752,0.21257821412411,1.40968193061932,0.295553038171739,1.86030266370563,1.05635521109596,11.6177253722212
-0.426185214724277,-0.879703096225342,-0.269436748188934,0.968856605233146,0.541117172552774,-0.412592300902476,-0.505523038417926,-0.520046865022048,-0.87721612107964,0.0386130568838891,0.704994162259065
0.231028506635639,-0.551426386452157,0.564203899630193,-0.00537803496352424,-0.883859116154752,0.152843072186658,-0.858922917043188,-0.0800657482697724,-0.708618119784513,-0.00606214089372187,0.0730934257706779
-0.623841365032257,-0.225744430608421,-2.20830702140404,-0.0950223414580954,0.197056157738433,0.286143071816223,-0.760379329333011,-1.59872444878619,0.105408774349242,-0.966959715958532,-5.4847547959792
0.952636867398874,0.133565472242651,-0.531689569798821,1.00933320448983,2.23228575432616,0.861901107160262,1.54170283192711,2.2310311221331,0.658187262293407,-0.119936780174345,11.3737476875146
1.26736385105262,1.41741966348857,1.49836695221179,0.228834950355892,1.17471180129896,1.65314115285828,1.04275189246837,0.420655586172253,0.942325490140257,0.648914886554725,11.8919096776287
0.194992687141825,0.788827838492334,0.014097841902207,0.687477114669212,0.0839293112293394,0.388565785750267,-0.991665028881769,-0.583005435316904,0.483471755189789,-1.04844394868893,-1.06077857204906
-1.61500383156819,-2.01758997632031,-1.57338259288108,-0.122773146787031,-1.23607906238455,-1.7607267993676,-1.69910429075252,-1.29159952935679,-1.14773297220766,-1.0712867055495,-13.1885495015419
0.163560372295848,1.75162038057196,0.129607737993154,0.536664444437946,1.45565785583885,2.31523739653927,1.17583314526698,1.41530348694427,0.195044870219462,0.384736312213051,11.8686400732034
1.07859799005859,0.432086940763503,-0.33025465768462,0.729671232795108,-0.180479737028237,1.94138437162937,0.350913054742486,-0.216345583705256,-0.871256331365585,0.382399671461031,4.22452238312541
-1.77844438409331,-2.75013678045517,-1.86026198852554,-1.5154116958933,-2.86463148293079,-2.58638509528744,-2.73725184628318,-2.48593752309067,-2.42237209671087,-0.0373528813062287,-19.6879059889746
-0.0243271744721319,-1.93682111988275,0.633520403980792,0.587860863851505,0.0802764223180673,0.152211609662391,0.244417488638584,-0.848051447116885,-0.0477777928361176,0.485211672117604,2.96018730320871
-1.97826458189118,-2.52819457599377,-1.93088623768203,-2.40449989727475,-2.05673348777968,-2.8460228060703,-1.49076622478398,-1.73599569287208,-2.49443579297888,-2.98438258664581,-19.9449505589814
2.09431690433664,0.317285099770996,1.05070804188212,1.16059429088776,0.907282993575809,1.54658245907149,0.769054525152514,1.86211020638774,1.55597405465768,0.363497914195513,14.1335177050722
1.65098818753537,0.70493055712422,1.00954800599641,-0.474265172572984,1.34792052287804,2.25914975983851,0.57160458291254,1.09353529676135,0.986176979394918,0.449548538421214,11.6141185564573
-0.384370335062113,1.02874768168034,0.0373086723816135,1.51021772875217,2.14999522016699,-0.309678982081195,0.764108629113374,0.47627824810039,0.305515652863304,0.406077333293867,7.91036981058132
1.48144688601709,1.94245511065847,0.738790096095885,1.20146499381478,-0.527673201277352,1.02952997549865,0.631844609475591,1.1842778920583,-0.258294853157856,1.26865261490297,9.16430532294932
0.43635135177771,-0.452280208241815,0.766618660734153,0.687049066396037,-0.00991602253913509,0.995353334526042,-0.0845300955179317,0.0140002296934693,0.294477451577132,0.442136420454782,4.38050883016679
-0.274690175052852,-0.00967003289004731,-0.24613329822809,0.354718685635626,-0.870934899218701,-0.113499537239991,0.432501101630635,-0.363917609378379,-0.122809774574385,-0.234196512217547,0.167709348593054
-0.0981662069434601,0.846394051363074,-0.798898337943087,-0.471240283732107,-0.873424602430516,-0.551444604033754,-0.762027779863459,-0.727780567122278,0.287993017164376,-1.35605691788786,-2.16269133184082
0.410858897421837,0.595038823391325,-0.200144593688415,1.04229135275039,0.0819980605467183,1.25425286274093,1.16682199903938,1.83340561881072,0.508604519884666,2.04663966326524,11.7017248800896
1.65810763548756,0.0607160595955285,1.13166515873269,0.532813281682299,0.785985852630993,-0.351063154252875,-0.421509611926955,0.916668875538004,-0.0657392255101926,1.83093217313656,9.41177521771854
-0.527907631381967,0.552478490481796,0.210999548854528,0.433126138803733,0.0940314624786666,0.222609775072215,0.859853802138162,1.13562693954853,0.205257039926701,0.0493855514214472,3.71966542642995
0.331781988358605,0.829343445885639,0.290582842116042,-0.724980075078277,-0.168789966826797,0.180933313456306,0.469179889388111,0.247742565161634,0.378951697997216,1.57686575568621,5.38961403675412
0.643210386237678,-1.57436240050485,-0.490396935182404,-0.681593373706169,-0.145937367128034,-1.63175202690155,-1.30604581175293,-1.00638162992245,-0.663590470239079,-0.197092060005763,-4.8697676619058
-0.149925509682899,-0.0575761069078828,0.398413013183201,-0.106132574769175,-0.726886349892219,-0.912251792585093,-0.115487290753378,-0.762322808839448,0.423480838726442,-0.406791778403371,-0.223229271416216
-1.01967031962456,-1.05390990418635,-0.91166265264412,-1.09387251622183,-1.07760073612242,-0.923864532749461,-0.522432497748345,-0.766577959725228,-1.52740669752414,-1.3359963476684,-9.95712173160554
1.63885491296909,0.375567742564105,0.745850265076051,-0.20865212783847,1.30763259038234,1.29217518015266,0.803795724191882,0.373416792894062,0.309723640768919,0.18313535240922,7.69174061897584
0.824632528866234,-1.0266614761762,0.30389253472894,-0.269621546122267,-0.343374939213863,-0.590997783860347,0.841998941157545,0.594854827779668,-0.917601154455751,0.52269703559942,1.00613559769363
0.172939945279435,-1.35395615933574,-0.51062420179843,0.0154793082934485,-1.14032964489482,-2.0150321542445,-0.311062351154139,0.104943076178914,-0.696723294169929,0.501891191161751,-5.6486994513521
0.0911296543980793,-0.921290816113539,-0.904458614654155,0.929835931500226,0.706078564541031,-0.820550728407904,-1.176222681614,-1.15609511734248,-0.000791826849000254,0.40705005858518,-1.61814111351447
1.35018379943737,0.285382397424821,0.964082952599057,0.692501812833134,1.8637940139243,1.03597161406943,0.870484685717908,1.45920420336646,1.76212684228908,1.44237163354046,14.6059690741604
-0.3138004701217,0.655397979852985,-0.13388588200492,-0.245868230972008,-0.650823498456803,-0.38465483638278,0.0205380504476551,-0.769404776342367,0.109205969696436,-0.525963327324702,1.13574922448273
-1.02952987099905,-1.17131021045155,-0.139241333662135,-0.919377644236815,-2.05158802608513,-1.17644048282467,-2.70631249275269,-0.27331787016809,0.361464531752063,-1.1527999169036,-8.7845227649988
-0.119351027347709,0.348965178978203,0.613827526141788,-1.02880640573274,0.557381347004126,-0.358403931134471,-0.583693946204743,0.47365896923943,-0.571537575229206,0.0525882035473315,2.45704024682935
0.0519263813395086,-1.1764129087873,-0.211067076434112,-1.53711824591364,0.602720684028623,0.543484401920039,-1.66925225642817,-0.599968189694549,-0.526132305107301,-0.658531435272152,-1.93072557007201
0.713835068471076,-0.140986859582925,0.544390406614544,0.944097014582208,-0.853833036292542,0.705442545423837,0.378477322315198,-0.514915352122372,0.94720899662451,0.833867356807839,6.10882091945783
-1.29715439467879,-0.160605016603,-0.231568287752787,-0.0304553911606453,-0.270752109481902,-1.18026138796006,-0.801583255680426,0.363417895119755,0.267848753392513,-1.37563614822642,-2.17651043091446
-0.626018408133798,-0.426287798163848,0.634100857335941,-1.01704607902223,-0.836269133706104,-0.572353126829345,-0.457468507394316,-0.699295374840006,-0.105184851930778,-0.0127068652568787,-3.5632280210027
-0.222093713669857,-0.846919407998628,-1.09081748609157,-0.307592620553741,0.0778522650244677,-1.9272676694443,-0.79065229566121,-0.642378991266736,-0.673935580651661,-0.467760491479388,-6.89742644328949
-0.274690175052852,-1.24409406169187,-2.40507878554017,0.394733354828901,-0.625082608549982,-1.06226670893992,-1.56089918560348,-1.1106342766679,-1.20334141340239,-0.573765116316158,-7.43034261576168
-0.468252624768157,-1.63318968748931,-0.826274362722167,-1.76037658578153,-2.32184269871695,0.969255741566009,-0.650127025759592,-1.55655025334327,-0.521122356058228,-1.43894932574167,-11.6628182283978
-0.426185214724277,1.02843227025878,0.037975513716255,-0.0206042872602681,0.597390208186516,0.749033058531771,0.512703706817309,0.861143986398376,0.0800105791899288,0.117583655446476,1.46031183636164
0.379150771124925,0.208457654843208,0.714909146275871,-0.437018645000933,0.675872898395053,0.0749754097835512,0.908355275502126,0.547924850423493,-1.21824253722852,1.22613790033441,5.001158715505
1.53135384549097,0.765849088602746,2.01501696869796,0.98296238426126,-0.700413387748556,0.138004656863417,-0.0254697021219892,1.41094320687836,-0.239372119936896,1.03199376070671,10.6901160837725
-1.06582752028737,0.107317080616413,-1.34713721147962,0.438883451791279,0.0948066993245111,1.02235584585778,0.54585877272375,0.151801536700269,-0.341830707100635,0.392891278400752,0.802134446502429
0.064466868413079,-0.398356973987509,-0.291805045473258,0.482569836396166,-1.79456868487178,-0.0820277156474487,-0.46224944020212,-0.840470573598986,-0.0346235553157243,0.427990508255876,-1.3393397214403
1.58680390776255,0.502679505817273,0.355287000098534,1.86440777786786,1.81118608024075,1.2348225112327,1.46537682096923,1.70255579549511,2.02410992432038,1.29489372094516,15.7158712498778
1.66074889159813,-0.0602400021323423,0.934732772743704,0.0270384742358019,0.693211345691449,0.0572070039996463,0.54370329851777,0.440990595187105,0.255593171698369,0.296926321910379,6.49514659272302
1.94718488120178,0.625517236340835,1.99451692742517,0.872247225286356,1.16734754150653,1.45632366142279,1.15807315188735,1.52324671921865,1.5774671913586,1.20404692348535,12.7852263687048
-0.570754834779387,0.328649652782203,-2.01867238402957,-0.021466841623029,-0.355111192948107,-0.406465333835076,-0.398161377807621,-0.0662664512533099,-1.56102805094007,0.901854485013123,-4.00884097029444
-0.312763738887365,0.497113999882444,0.290978539969502,-0.404722726261798,-1.3294921324154,0.239436319564926,-0.500928064204311,0.533404161183648,0.567891467907462,1.12780782355397,3.56793938238466
-0.626018408133798,-1.1665238979146,-0.618724743792384,-0.799181230194731,-1.09278492044044,-0.735286607948141,-1.2779656787335,1.30142169970167,-1.06273698527622,-0.573839788406253,-4.99963177650745
1.23477783535566,0.0180376532450101,0.0429802614638507,0.697488198963184,0.0941326957735263,0.781340880673814,1.35494440291459,-0.188305745415603,0.606472170799541,1.586819860873,7.70376582250579
0.468192180569587,0.972662387241444,1.43108391070986,-0.489831050507127,1.26964787422004,0.651889848679683,-0.161061040612014,0.344180500164231,0.733088959810064,1.921470541558,5.44661906323913
-1.45077720594515,-1.19849114553871,-0.479791149743317,-1.33484279311695,-1.22757974726517,-1.36582013952751,-1.10684673693496,-0.86803870591589,-1.29663547972955,-1.13589577858914,-11.7049074389476
0.095271887886737,0.122365539260342,-0.195866953931445,-0.537314697586361,0.127847256192627,0.573240556482908,0.112878366229506,-0.0846157698732736,0.514838036695383,-0.267784948683024,0.470792193703494
-0.563441241572679,-0.783942964029112,-1.02660077891057,-1.09021987414229,-0.949314947559988,-0.945327843242746,0.931363675737374,0.294261647118088,0.98944132146547,-0.592313385045642,-2.01568896695019
1.45197279822564,0.931978577899473,1.51786080329878,2.36569196391294,1.15543533294271,0.0892138773826274,2.57712117909583,2.2332526878851,1.67403251537261,1.19467204165584,15.3900189323318
-1.26624564117726,0.473939733822127,0.915281851579207,-1.38237130799447,-0.441025635031196,-1.01975382938666,-1.23285337974624,-0.196273328080089,0.281928310425252,0.292959020886097,-3.9604805581194
-1.30124888547204,-1.79790471874362,-1.45292810747779,-1.10150352359541,-1.66800771023782,-0.964768047894244,-0.963179607904874,-1.17810616035572,-0.977658039801338,-0.707141660707388,-12.7586245046731
-0.420440441012298,-1.09792151954686,-0.988307790786962,-0.425752283652688,-0.388466233292836,-0.631854005063353,-0.949734703324203,-0.767272135076173,-0.698947346018086,-1.40593809168414,-8.27498183808706
0.434854359384113,-0.735432609328532,-1.14251729731182,-0.800062000157951,-0.258825118974701,-0.642622731622361,-0.361589629299142,-1.24600070225797,-1.59713890805765,-1.76033903279471,-5.87994205365165
2.12443852843699,1.02805441700035,1.96202474715184,1.87100808178723,1.39634269360622,0.796137310850957,1.94762172509764,0.683444994702111,1.3588883023957,0.142978562650824,14.6565934392775
1.05573585985156,0.861150207619712,0.105110278283792,0.927101749516111,1.61880055712931,0.755680669984917,-0.0506699438165844,-0.0128257900510662,1.21555565375995,-0.34105297291244,7.16441189901879
