"X1","X2","X3","X4","X5","X6","X7","X8","X9","X10","y"
0.573339947105926,2.30096683606365,0.185049591677156,0.295008591632327,-2.35788191703237,0.15646532259477,1.90780785853071,0.627669403978174,-0.729650874920821,-0.910218684733393,1.97200186034665
-0.789489207735538,-0.970703527696413,-0.617427107369009,-0.114014703062588,-0.518273490705537,-0.824650384856576,-1.45636237919471,0.780088782368505,-0.408259987491803,0.143654658162807,-2.54617441766526
-1.49749801053613,-1.2449081268737,-0.211135752149195,-0.317122532665414,-1.38972872440861,-2.60883361411803,-2.56480600533561,-0.819705448574672,-2.11420936833512,-1.96986621248835,-14.5096440788414
-1.6995243480703,-1.55584511837061,-0.369124226074117,-1.06455553440345,-0.681863320791067,-1.59576670800499,-0.999045523035654,0.257248764041863,-1.48035773667039,-2.87046564188294,-10.2581426135603
-0.79635965804859,1.74673510315901,0.885894647608739,0.42547223124032,1.84361770635718,-0.0908070194829886,-0.435806801727217,2.29113947141785,-0.814809197341484,-0.886294973612203,4.05390199950471
-2.00828456471557,-1.19569816969336,-1.00133233864651,0.521761629942697,-2.15236224780829,-1.69636930040435,-0.449332000906752,0.0599534725121007,-0.181577552605725,-1.42437005232958,-9.35539385373879
0.61287356022735,-1.99660760543946,-2.82756104338487,-0.389859512135727,0.106197963296154,-2.20727613389504,-0.441774462771052,-2.19827855496454,-0.531762092860149,-1.45053988672387,-10.7601418763569
-0.930610428314338,0.901217423546088,0.839995319456385,-2.67516200123036,0.179985943958443,-0.644381985640037,-0.718676341833582,0.677108384453751,1.04370790490462,-0.421156387895785,-3.20750026265582
-0.403500099849084,0.596531542847732,-0.048644632969804,-0.643486758572359,0.455023654464827,1.32011121088966,0.148387429816356,0.167506325413623,-0.355961082687261,1.72279022792273,3.55370561387638
0.312905995545414,-0.870754729254206,0.35833470334509,-1.27206924294571,0.397316771234771,0.137883648417019,-1.00668008881746,0.159652148614933,0.663623385057462,-1.09244136145157,-1.83822728412116
1.11339423770049,0.223797274669526,-0.271005223759414,-0.997810819887718,-1.36624239525523,-1.69599093107669,-0.586285647023359,-0.292306792485891,-0.20631272175859,-1.98578172200101,-3.92839490770654
-0.172220959428104,-0.070069937276374,0.594802758433299,-0.882847148861876,1.15509880053114,-1.00901526730918,0.659242549840598,1.44804887185972,1.24236596352954,0.757391816582898,4.95388256386702
0.574660252514608,-0.156789979078568,0.764627007322904,0.380231767521907,-0.297230729233347,0.592404792372545,1.20902887657402,-0.237820713332236,1.68167599322843,0.790861305314194,8.67485804291054
0.425294568271466,-0.401166544935286,0.114990742634186,1.03495051484895,0.570309018783038,-0.376087763423465,-0.244885508391816,-1.4343366074046,-0.568743094577802,-2.73705717640549,-3.28113617449475
-1.0251512581443,0.927284538625519,1.41013880862304,0.473117935473169,1.32106712913512,0.338254894846214,0.856774438549314,1.80643959695397,0.0345868321076146,0.306568242811351,7.41817407270342
-0.485517309896714,-1.84074400222152,-0.041167923373953,-0.596736076770842,-0.468254574330323,0.494098804287156,-0.250254209457572,-0.675659189290006,0.523842709258757,-0.163102235392673,-1.77439178976149
0.787066075985604,0.371389239369737,0.585532874799695,-0.636897126037634,1.51033164826555,0.357922182593677,2.36853776620195,0.975218320970624,0.913231661828417,0.709166884776054,8.69133625448524
-0.410054929103388,1.05327953640824,0.246483404182866,-0.852522434578447,0.931999807103746,0.603939438642927,-0.987063981056329,-1.77527073278093,-0.104481407812354,-0.203288665409319,1.50365688811038
-0.0967940222763836,-0.985702920739735,-0.714665555549822,-0.991696467546282,-0.974993669362066,-0.927808454112455,-0.564958281233642,0.287516160494018,0.100679654172129,-0.133713065549217,-4.4947769666223
-2.75357086353881,0.290590607168179,1.47122575099096,-0.149723317922716,0.515209313125998,-0.410692095704217,-0.123366644797992,0.452867512046436,-0.779326927050621,-1.16678525936257,-4.80899433864302
-0.997649094048422,-1.23586174244714,-0.851426000333632,1.06937499550422,-0.854634913774972,-1.60485527557748,-0.203753879537588,-0.582358127927136,-2.28602843033909,-0.520217248066211,-8.12744432453534
-1.05560366191101,-1.81724312891272,-1.29848687820987,-1.08570556749144,-1.71192734969195,0.622104005903823,0.237397317391115,-1.53785711452723,-1.03536529726406,-2.15186921725446,-8.95269310885024
1.54188294854837,0.710714606515692,0.354856894748264,1.61146061554297,0.5292053214042,-0.0196362220988043,1.16784986347144,0.297969386886019,1.09250981190651,1.3000807621214,8.2137895394562
0.563445571022393,0.51201225372438,0.0131649491742059,0.274828076982684,0.556304159803418,0.259379528571524,-0.70512115816719,-2.05991453726171,0.113289182174294,-0.594011204269948,-1.10591828286306
1.04040605509594,0.147830345821085,-0.747531285582328,1.74354801039701,0.137992460409888,0.161315373346127,-0.823442205825856,-0.198446928555516,1.00705889654357,0.955073458621486,3.60217478410926
-1.13234492725345,-0.948873972613399,-0.376528800703364,-1.97357333216343,-0.685767591983132,-0.772724113664287,0.15832567188227,-0.291665087851991,0.646360438838059,-0.642948236207675,-5.82721367556729
0.298710287285231,-1.11926801365294,-1.73195187845142,-0.175381308132135,0.346824471287764,0.460092989664127,-0.387411705677052,-0.0227245496815161,-1.66219684498302,-1.28537859013959,-5.06591047282343
0.972430299516927,1.1953489411832,0.378967309098382,-0.554050310140611,0.753934961632233,-0.026800938517998,1.86790502641748,0.648317467977548,1.39035503758628,0.854330749364735,6.23626853944634
1.27683863629065,0.91779232827169,-0.543049983732522,-0.377314389891767,1.20353851702792,-0.361146821621748,-1.05807533840372,-0.053576511783532,0.525365105114434,1.26046721310834,4.91429707979254
-0.970158158036302,-0.0152883070837449,-1.40672232223086,0.0192660676619288,-1.35600199206645,-1.92017539304769,-0.394340612702671,-0.034038318141575,-0.593932131915739,-2.10134045311177,-8.77980029075569
0.252771328273648,-0.74424540413728,-0.678712753700274,0.159277208548832,0.613234602615955,0.412183008667607,1.04460779428405,0.00644165072420372,-0.0543290256499352,-1.05941496269784,0.329634866381902
0.761695440119352,0.370719523274791,0.68833161102146,0.199678419520371,1.17044413084714,0.122347830256243,0.318617081406889,0.289441562450125,0.962603080781544,0.614290731708484,7.21870137487781
0.344133647007405,-0.738833981568521,-0.40964811536945,0.309277062277833,-0.477815508794572,0.0327774785311315,0.517071267008214,0.230110204255273,0.128019386618908,-0.366572223482718,1.00118410426026
-1.1435296918069,-0.449852316963419,-1.98675903891486,-1.54479320175649,0.499588552048546,0.604678163764243,-2.52678031193963,-1.33875213157992,0.599374993391975,-1.35733898527856,-10.6958644720487
-1.12195757345543,-0.420314243213159,-0.606397215192976,-1.01779241362575,-0.262615758786038,-0.281190495584647,-0.815218079980716,0.0493000284775772,-0.090546632259274,-1.23031185681426,-4.53051878561927
0.357875400763309,-1.25736900502631,-0.255478210694044,0.454933879709177,-0.366442905149178,-0.293486420695747,-0.688641719708948,-1.49952108397899,0.0268499996745813,0.348956807739235,-4.26939974691305
0.550802782258144,-0.543854992848644,0.209188805121726,1.14404762830231,-0.824682033023788,-0.976679886541629,0.327359606534934,-1.96359519053773,1.06877701306725,-0.675986844475087,-1.84639233398986
0.150980216186371,-0.0833858283360785,-0.341912895821652,-0.142590495162875,0.176386755730257,-0.038078215725717,-0.246493160840475,1.06607060731867,0.0671101290459087,-0.769486420082865,4.74508266803623
-0.47959345927323,0.0420439819867551,1.08766596313555,0.951852212981739,0.523943768175023,0.202266135850936,1.19911925590442,0.29853260281605,2.30095575683888,1.22747800973749,6.12721092952849
0.683323469007994,1.1130154115198,0.218892875525843,1.08858712904783,0.355966659828299,0.0129460727000659,1.0733811569821,0.551967592095821,1.61643776483841,1.11068059095184,9.07887580341943
0.778064949208333,0.949295880091648,0.0678459335550931,1.49477118695288,0.937215591168082,2.05811075402094,0.224657636122975,1.92274598028566,0.276761057961995,1.43577159792696,9.66795934514833
1.68006035306078,0.0902884913436997,1.00857380352094,-0.798043747235037,1.88579134884611,0.0571423796817041,0.21474801611332,1.28618614028329,0.967099298170055,2.03721387855602,10.5857773641202
0.0509227214115129,-0.163124468830264,0.456192335737358,1.57516852278077,0.821566286007646,0.552400118246749,0.7113106469469,-1.18402771694403,-0.18033017165647,-0.754080793580449,1.73892786523114
0.367261874818294,2.73429354509955,1.10720394179148,1.7394759678553,0.827345604047791,1.32124239625475,-0.450462817550251,3.12955507972498,0.69171774431623,2.58550012213197,14.8842365754115
-0.970158158036302,0.375301694197064,0.358554137488441,-1.06418554780833,-0.44550981755803,-1.20901661646958,-0.173469013120741,-0.433302337229402,-0.457174822755052,-0.152006783484624,-3.13136628161848
0.573339947105926,-1.00498502641243,-0.251793646073497,-0.363937852758211,-0.188398959782831,-1.62501027870884,-1.71575462401374,-0.146941315818342,-0.856982373814307,-0.265139455886164,-4.33074933952334
0.0752138649825504,0.330478250138069,-1.4380641773083,-2.12466906849553,0.582702391051408,0.343073334712971,1.45438536623831,-0.047376087993812,0.992042839523476,0.55696583053858,1.80742987814455
1.13608189296372,1.65788569074513,0.588617439678449,-0.259257368085148,1.89937059551398,-0.13973545796063,1.20836625373249,-0.494252993884088,0.435862665306085,0.910052638919814,6.98770201982793
-0.396135106155131,-0.797051040716989,-0.53875432123905,-0.288411305672996,-0.0489156200181843,-0.528918905837826,-0.0489513797337997,-0.857372442903126,-1.05192643028668,0.421043123437686,-4.95418552428427
-0.51112141646074,-0.603667382356832,-1.54051242562361,-1.17525218095786,-0.546761696959683,0.604623427962884,0.279712434697876,1.76225287509328,-0.755448771568769,-1.20480506116717,-2.40189286673606
0.103308954551413,-0.433082455204168,-1.2567786119072,0.515869968167282,-0.0130027761941645,-0.627420634463115,-0.161254976678428,-1.67275800517185,0.879583476055799,-2.34183024404807,-6.21670505441239
0.183546386016241,-0.661011048255936,-0.999008738560228,0.0174523396096086,-0.333102802918346,0.625482816989568,-0.791196056804203,-2.56737889624543,-0.439592972994246,0.0393775175693816,-6.2105904370093
-0.930610428314338,1.16697916086904,1.10805616526798,-0.236801209819716,-0.791534756753421,-0.953239322951729,0.746982665019357,-2.10975823483501,-0.39822843731469,0.241702633942413,-2.34569889567264
0.157964322456884,0.0477724904820258,0.528984266870145,0.424793910306836,1.0827718218019,2.3205540798455,0.0956361428021926,1.7139209790132,0.559936562107621,1.02191169006686,8.62631707505232
-0.0323678647478024,0.092972356570124,0.411084417823839,0.801705999441655,-1.31288272713604,-0.387722646632473,1.35618065445074,-1.78815507752439,0.426699118891234,0.959875930814787,0.196587724760996
0.0167124360954761,0.773732625314571,1.6188532211526,0.97632649179616,0.589387232510101,1.96237082047216,1.27602797986903,1.71817719090749,0.617024474582719,1.2485252841527,8.56302474604433
0.801193301615607,-1.03757978046459,1.42427441547412,1.57941513918657,0.803178019084151,1.5416709961531,2.66857497530065,1.03438113431673,3.27216581388555,0.967259692662725,16.0803639424369
0.773905554232016,-0.737953176279556,-0.167807219431412,0.635331175121753,0.394804570360977,0.223134763923613,0.900186817475857,1.1834339779553,0.368113165802067,-0.633191861433771,1.16795107515271
-0.139377001689284,-0.271100215313655,0.674483135687875,-0.0752485145209907,-0.646278406797032,-1.00784040631698,-0.334932594871198,0.890220743954318,0.438583232312067,0.667125002837605,-0.344493127410815
1.06671992156558,0.744524497800989,0.664939352037883,1.56915268535164,0.868727461733618,-0.723637930382241,-0.397251132769459,0.860619954386012,0.614666677264172,-0.619872136306817,3.84318062751383
0.799916961893896,-0.971300788395987,1.55438223502283,-0.426940835178788,-0.185977982972348,-0.00291723898919682,0.158008926154531,-0.784104971382917,-0.209956372162453,0.625825676668263,3.05024978009766
-0.911663088805397,-0.227124816236379,0.498242109829358,0.801336185275533,1.26379651497968,0.0171811826662749,0.867011627343226,0.858846866852472,0.240168911542306,-0.0927332387781009,2.44002531895928
-0.483837398388516,0.648718752898408,1.62599640505705,-0.492038095202669,0.469850323700593,-0.665903228229956,-0.342425886843614,1.21932675316049,1.56896629479767,1.02113836452016,7.53223227764769
0.638468330555703,-0.7388765936645,0.215814342448104,0.156954535401815,-1.12116643854018,-0.575110354566619,-0.723170597427868,-0.329966779478923,0.19296143885125,-1.85275874905203,-3.73807694003694
0.683323469007994,-0.670012635002766,-1.19608790450119,0.574155909903646,-0.209294148689238,0.644553963589338,-1.16923388638377,-0.0253315459539145,-1.26128589893232,-0.607900573185037,-2.98361314742769
1.24767824356237,-0.33260646623602,1.40487837643373,0.494678411863379,0.705300641996246,1.2943478787003,-1.84041472866668,-1.39527063144518,-0.639085755514472,-0.985075616850702,0.632308921187094
0.369825744443385,-0.473232262988469,-1.30652165131709,2.01952029687205,-0.722852588344807,1.00854575305267,0.399996100801998,0.162407309988241,-1.03933615462817,-0.751028427841044,0.839605009903412
-0.695141345518935,-1.05394554179665,-0.0267267138732806,1.02472795234562,-1.48530325794749,0.0981052866803733,-1.13959111239678,-0.929767484864011,-0.652023013306739,0.00697089787871308,-4.21752809866353
0.773905554232016,-0.210622926453556,0.270042393488175,-0.676520192111842,0.07450780343008,-0.0236838457130248,0.0549134923491252,-0.26354512310117,-0.323539756896647,-1.24598237124109,-2.96467398466356
-0.0323678647478024,0.944686963963526,1.07184063133145,2.38164903744807,1.15493597318757,1.07226416975316,0.365717866476793,0.358925700624634,1.06373806912873,0.346132715749956,9.01347709721472
-0.110886705637704,-2.25031948501614,-0.78988139045726,-0.0469484156252075,-0.202268982493702,-0.5573533893588,-1.27647000840071,-0.618812171967877,-1.45607782013396,-0.429870374699949,-7.71687706926449
0.573339947105926,-0.950826864899224,-0.884226376795423,-2.10542460666974,0.147918195569251,-1.5193451676042,-1.31230402937318,-0.0130719355156961,-0.291597062226985,0.549669419358998,-2.33734628486514
-0.745669538860319,-1.3127790062763,0.336975198346947,-1.8690094225768,0.455378615116264,-0.0486997363976207,-0.506097802456372,-1.08222271080514,-1.23630827895738,-0.207926525869446,-7.12600683948687
1.11694169418133,-0.688554584878923,0.971369002087236,-1.11984832498684,1.04913537821539,1.39864808846235,-0.722068146185708,0.181152972805325,0.877110515156282,0.117564447340113,3.95249269607802
0.203724776409151,-0.538394652601143,-0.14725774571077,-1.31850979612417,-1.69720903175643,0.365012494054144,-0.412978683971426,-1.87044617303482,-1.00389403511327,-1.06613715871396,-6.13268106900363
-0.997649094048422,-0.670735503712045,-1.99390049094695,-0.39154824325967,-0.0817723269995313,-0.709692385400648,-1.71500764008758,-0.562029072579454,-2.5346871218358,-2.60730515669075,-10.169296791745
0.504026030150945,-1.37648913972601,0.980281492997597,0.0515940510442451,1.05736785427001,0.674160325147478,-0.950944083596738,-0.455479357195261,0.314979712015418,1.21584493587032,2.21219293902713
-2.13862553199878,1.27007009444004,-1.12746348839926,-0.680254054293999,-0.202479477081949,0.268254384680003,-1.15600786398669,0.456482383642989,0.748360220918034,-1.80729089684146,-3.87231580006453
-0.524014247372976,1.00453354545627,1.35468750206842,1.19266670411006,0.105634866353334,-0.0912334954983214,-0.433591807177491,0.111640022166357,1.5833166102209,-0.0122016036147994,7.52803593898505
1.82522211213753,0.32197298874163,0.541399731608492,0.0816880187534805,0.498041278395308,-0.0748136611835787,0.352977765811375,0.954515166239819,1.72652073774597,-0.154835413547026,5.38205829080825
1.27314715970514,1.33085397221333,0.315239668893791,0.784190491300012,1.30486735990746,1.71169004157877,0.139276868351452,-0.834751491630425,-1.15324591846504,1.10082789866392,7.86084398551368
2.18105983693147,1.49104131925035,-0.210895214132029,1.70864710531968,0.383279788612291,-0.200780748329009,1.60266956665807,2.17121390304727,-0.765000189947602,-0.0335397605375176,7.73827998620986
-1.03269027267295,-0.328564811598492,-1.12553983614466,-2.81275139311851,-0.478597459359358,-2.48690029029041,0.945553955478743,-2.33867565498069,-1.06168871488746,-0.00685279137049366,-11.7436355685745
0.625748210104155,-2.45525070252598,-1.15395611924723,-1.12457461096469,-1.39449103088166,-1.11629613407663,-0.326597932799655,-0.76703660138915,-1.22098154454973,-1.03889461864689,-9.12243223824556
0.307706104378156,0.232706982046834,-1.03801746868199,0.629151797311471,0.310601105904865,-0.527833663783387,-0.893254062601988,-1.61122144277946,0.0432454552245807,-1.5257479418559,-2.8168596444372
0.61287356022735,-0.343550381281105,-0.742710998950746,-1.50334309902782,-1.0783355987826,-0.74779250309534,-0.960153165584149,0.895057434178552,-0.442953436765605,-1.88701063224373,-5.29209822668551
-0.140294026696565,-0.903593052421639,0.769852835666337,-0.689682721151443,-0.628477303601095,0.585188455793771,0.952105743673846,0.215255453172953,1.28128572424773,-0.639216054980071,4.05684852858553
-1.20540971333127,0.427048748833582,-0.177570043656502,0.724380975798479,-0.252075257863413,-0.198582575195356,-0.342524938225526,-0.111491341642028,-2.09407387215563,-1.70535501398079,-2.63561488130909
-0.171168789914265,1.29496819420505,0.1149762246977,0.0250335550079452,0.0798632928751973,0.294452887175239,1.69307893442183,0.462559947151278,1.66961070504485,-0.210241010784953,6.4426358070622
0.0936547888430509,-0.740130736521633,-0.0341177107283818,-1.34366553113896,0.970555400752638,0.310566050824753,1.50538833867034,0.239990924897182,-0.36207428378928,-0.3537673685282,-0.445135085518259
-1.12042894195678,1.71084762232122,2.23780067743718,2.15418983082623,0.467745468105465,1.42294646228295,-0.204032267663958,0.26199138442919,1.3012390266096,-0.849019330039001,9.93060891423868
-0.974582551189407,-0.0377006245162437,1.19130243892057,0.808374532614617,-1.28667237750675,-0.121550983738528,-1.33641498086518,-1.00581185119458,-1.58748545293457,0.306771995609794,-3.43582772294565
0.753142407798701,-0.81620556932164,-0.372109761475441,-0.138456867671267,0.663544334230442,0.0142485828187107,-1.7360265547972,0.955216520808829,1.83966057454671,0.125206844865596,1.05685514766133
1.59862013723953,2.17384740162517,1.59320564152494,0.704808593013788,0.172251588175719,0.805167751898353,-0.712282234003461,0.699686383740712,0.981617352656053,1.66647611357555,9.31520553408475
0.541754823500315,0.3511506990551,1.94830381768155,-0.273995150671569,0.824704942049195,1.23168325583673,1.02134693174611,1.19460757276528,-0.252882499913168,0.812282893148003,10.0439050949426
0.52712060791408,1.72046491273137,1.23520410990315,1.25333448860131,0.194522164944953,0.53410253019697,0.513574111844995,0.146675669480611,-0.268194131206305,1.25488822564245,5.91380139051689
-1.14224849057451,0.187178576413325,1.83475928218766,0.0993368018865123,1.08076934958091,-0.211752595813535,0.0225863846065157,-0.0616544086453032,-0.902589878660767,1.63777631168491,2.20977831103009
0.773905554232016,1.60483696018092,0.429085983697848,0.282941556388638,1.02607834276128,0.695211608662798,1.16777717802833,0.446487571282921,-0.358678935723626,1.9425468381603,9.34708180435847
0.367261874818294,0.431024441967809,-0.318921292499581,-1.22631256274388,0.461043500936727,0.325274940205785,1.09784980909966,1.68486407113775,0.448722391782846,0.919184596691148,7.83931999669124
-1.71406500919098,0.652034388214083,-1.21839400641468,-0.669766038158402,1.18963204335866,0.0685564276462064,0.256671708318837,-1.21462198528613,-0.440369222991039,-0.283651512388382,-2.62449691386712
0.80495889962383,1.00820551152074,0.186700485956283,0.983575583061509,-0.491986438351184,0.776472068347782,1.37483022489159,0.320282421799947,0.767718170017527,0.100228943612617,6.47605648573239
-0.02464646466251,2.1233059873969,1.33920265965695,0.0862076395042177,0.112956074005523,-0.017229008015541,1.05134537755514,1.74569226454082,0.744895189857392,-0.869705351910166,7.68860167704417
0.71730996109923,0.0501384770101729,-0.760570498928805,-0.51249039459256,2.05937807575926,1.1810953410546,-0.908954617708749,-0.999795545529671,1.5305571221222,-0.721758411259774,0.535840139447743
0.569309149446343,-0.259370732694647,0.718225312999859,0.83638302880772,1.15371675409887,-1.88663213277196,-1.02024718290497,-0.57690284035464,0.746548639853278,1.25246612004412,2.56769637826576
-0.142331586278546,0.443856943950845,0.758094021356534,-0.878812374306318,-0.600403077613418,0.401018516624704,0.135119821507544,1.371317995853,1.37790022011744,0.163723861739054,3.23196326394994
0.915719465482739,-0.130414950978755,0.926071736222842,0.459999147779405,1.18481053097429,1.14777299174098,0.201022401750716,0.184820738917423,1.61895150364982,-0.22186779942294,5.30657807343345
0.563445571022393,-0.14894153905489,0.686278236320716,1.04054674824189,1.0616390252711,1.27994668989505,-0.228824691226662,-0.0689845682485331,1.58591436204903,-0.210483434134445,8.56715022465931
-0.624637367007784,-1.04677739787787,0.341672728188976,-1.49071715839066,-0.94082887136049,0.67919639285022,-0.765314149111353,0.359478593383947,-0.819217534781153,-1.53142588265245,-4.77623429662476
0.0771278039794979,1.12308221573815,0.152765008007651,1.28119379900742,0.268008429916177,1.09419056360977,2.64028775775875,2.64762220130438,0.948984468702384,2.17264375782317,12.2470536379036
-1.43913181384199,-1.21941756987125,-1.11683108466187,-0.995973767828411,-1.00527886068823,0.17167867948297,-2.18357520938945,-1.30869146258744,-0.650885656074425,-0.46252251944005,-7.94565020596185
0.183546386016241,0.810833570005089,1.11231527654133,-0.194475611698622,-0.148091494172576,-0.474056610367192,0.482567935794695,-0.817097593649016,0.293665495023348,-0.277771942822072,2.21793982065999
-0.898763694031414,-0.618520914719972,-0.677392084219754,0.576126316367386,-1.87983070087179,0.34993626286966,0.664082763079334,0.499132262377494,-1.53871056660018,0.0343956925952439,-2.3639202436471
-0.557847273198628,-0.394883275812697,0.900301998946808,-0.625404210163733,0.584826226409457,0.451591033148663,-0.430289464326646,-0.633316146583277,-0.536385135595029,0.284230464189027,0.163953855382767
0.801193301615607,0.246765174824836,-1.23725705075054,-0.444234358396776,1.38301615813766,-0.212738539174612,1.75905136204501,-1.66755012886103,1.07872239604821,0.57970706492831,2.16581191018817
0.973614816079766,0.352673503804388,-1.49328520044168,0.881286357724736,0.684089170803528,1.04316816343715,0.638415976405276,-0.0595206797763635,1.37797540385652,0.95427960468053,6.16486494543264
-0.4829376779041,-1.10802275602368,0.437051648591552,0.801392660754797,0.118555343135892,-0.0347310168936629,0.0462929901597572,-0.483434092482744,0.563674638946587,-0.0822102351231072,-0.109144621434348
0.869448083822353,1.18066730635394,-0.486223044265497,1.11476022722801,0.547580462274426,-0.0947748779446385,0.183934557505617,1.30920062890939,-0.24207719192818,0.965823723546488,4.16124403451569
-1.71813454192581,-0.639232498127113,-0.871019454497621,-0.884745593013949,-1.04813429173522,-0.252808483807136,1.17257404232604,0.00774439227922852,0.133497098847786,-1.52126355275505,-4.98555538125028
1.10290159300473,-0.391476277307097,0.737162402095343,1.28880658066491,1.96899317989779,-0.0695335427366478,0.631846556146759,0.563451299055351,0.609283703638262,1.95445949706152,7.39471461376563
-1.04968938644239,-1.43208805292223,-0.652967758535233,-0.259756187473822,-0.0688315427667356,1.42569267321757,0.0120089162558663,-0.406633510714437,-0.514074769772974,0.0711826868458271,-1.86791039565462
0.638584000669158,-1.16209636056966,0.592914048589173,-0.37078191093653,0.427373699014324,-0.666457921207041,-1.64511674234902,-0.122117558279738,1.79151207007973,0.156626586697741,1.02702588062778
1.10756473536732,1.56840736205182,-0.623889562622303,0.0152161901916119,0.197452344322934,1.51960018048683,2.56236949276571,0.938942620262253,1.30912935493078,-0.513061080820402,11.6824085296179
0.62590297793988,1.27611582407751,0.19411277464072,0.358747633876945,-0.353181380545831,-1.76249786489596,0.0341197678733272,-1.20136021967456,0.37683795107823,-0.281755570598429,-0.789399346280719
-0.171168789914265,1.66534235188906,1.15056486451062,1.1537232905659,0.617578307345467,0.477034113969922,2.21362994578655,1.70708232652281,0.228845879223395,0.956570392914064,12.4263929282649
1.57678708570965,-1.08776735571301,-0.160586595830103,-1.35546637576778,-0.86004331028784,1.64860073029003,-0.458664893108607,-1.85711667199217,0.227304390408133,0.673350462182724,1.13272995392049
-0.311078852422341,-0.39064430964241,1.1562699196804,0.932328504717019,-0.266589047107983,0.27162242410198,-0.399749125752695,0.531729145252839,-1.34771339343668,-0.927782794536443,0.716181768962864
1.29449615698283,-1.16150743519179,-0.047694856205368,-0.495201779176855,0.979738234583862,-1.09457883297876,-0.211807375317763,1.18239675885892,-0.333842084723073,1.10797191188447,-0.633204522149153
-1.60161856845058,-0.58028763319828,-1.2633628526116,0.00414026061132433,-1.14445272378874,0.74780695241356,-0.215253825484723,-0.581581178711001,-0.609309991312513,-2.66627173793412,-4.72956410182827
0.992933001998381,1.55229758234646,1.95401305711179,-0.262187071990086,0.229087970238526,0.545548798706431,-0.316804584043204,0.982918374539153,0.030406549260822,1.23075651495295,8.8714839244424
-1.60663615507521,-0.490583312583677,-0.911377089354345,-0.429883634715818,-1.04194677680602,0.298327602827925,0.611754784390649,-1.13885544938934,-1.12444214410971,0.495568042568235,-6.41463037768486
0.623407217567976,-0.310385023386601,0.00375150525848628,0.281808570490017,0.913748244069195,-0.57769112674303,-0.898676381590717,-0.481861283378016,-0.529417401522799,-0.104930990965577,1.28654528731928
0.291104841944081,0.0379790649483014,-0.600914602957267,-1.45781006159991,1.04283320787541,0.998290621165661,1.61361148587898,1.19214042608929,0.193149653906581,0.257727162619005,4.73887480600505
-0.971003888659304,1.23042712440689,2.10388355431454,0.112496522032544,1.3620817443674,1.09007646624358,0.498679846885252,0.770159630610068,2.11169392406543,0.517419458116383,9.18941098881172
-0.760671489289689,0.494567542361834,-0.00689100060094262,-0.0728219109026825,-0.507795115852037,-1.43687073826767,-0.412549346358828,-0.410320767833193,0.670026616709376,-0.322680634483654,-1.41927172980904
-0.152222698965429,-0.026326101098819,0.823940039314197,-0.955115596140293,0.0395119884310724,1.92420721867908,1.61313157936385,1.89339458768398,1.12022437085736,2.50662558496765,9.98193290533878
0.628602411591733,-0.275265395619833,0.749770622461749,-0.389094678685833,-0.388816791907048,0.660282633975089,0.289832921199732,0.216440599386215,-0.509531157952732,0.43598664753327,0.774893460649414
0.787066075985604,0.228628905108538,0.284412038413032,0.610327635549918,0.421575443462461,-0.105652085015011,1.23408855821938,-0.589195146907695,-0.217358990833073,0.203035215765106,3.6919729603624
0.83115453726153,0.616662207217691,-0.0192381994462504,2.35717200455503,1.31295809634727,1.26633863151946,1.60880837117589,1.61942044314642,2.45749545063306,1.06884787311219,13.5201273191778
1.82522211213753,-0.376585054913963,0.127146816845163,-0.785074936883681,-0.801459473497392,1.0454206660325,-0.16834900184915,0.055429992212682,-0.0507362773539338,-0.231830231900792,1.58316163083731
-0.140294026696565,0.262609770581252,-0.0908337845907823,0.0473523428800782,-1.60608349679505,-0.3662519108704,-0.341769747422701,-1.18832508987536,-0.464266688330434,0.0673207478173133,-3.62521213578712
-0.408227464753848,-1.07013324904196,-2.62266246868491,-1.3164194843112,-1.79433789472809,-1.75005557041426,-1.55575138882693,0.132415398473194,-1.31818622627898,-0.797223713508954,-11.5132803924068
-0.171168789914265,-0.516108728624717,-0.684762196455548,-0.332138271410603,0.163797371697507,-0.144134819378159,0.752100536900359,-0.12418058679061,-0.650146067811671,-0.64965329399523,-0.420591349477523
-0.701912346393162,1.39812322294566,-0.0734994236506845,1.59175409483344,1.29902947023214,0.943460476154083,0.0302493364139063,0.688971754379688,0.254467622268582,1.07303427806591,9.05646490729174
-0.53772039572913,0.405022217864994,1.2969928431024,0.278218642669256,0.800196784839737,-0.50016328737297,2.05376116334463,1.64840213700443,-0.905421083485065,0.59555078775598,5.88105353964263
-0.606543757900799,0.290971400516899,1.41080565736975,0.493089846991862,0.342364499611865,-0.782582984542739,0.36202690186437,0.0160046676089269,-0.185568942547237,-0.373909048243573,2.55369249988582
0.602925166840861,1.08524477382484,-0.0623475371738495,1.48587668175084,2.9765900075448,1.57838170320461,1.55850693310807,1.31573191798757,-0.0367443095261322,-0.854906168516623,10.0993413475149
0.771772559369411,-0.663718970162762,-0.334129660329266,0.615537885276998,1.29426915679529,-0.188910561205406,0.484033640330956,1.48172683445725,-0.247415322753793,0.853217378814635,5.30901229971151
-1.35039465437814,-0.858251933458788,-1.50930365582091,-1.64326983272626,-1.21775328590278,0.583648123919887,-1.87298937885132,-1.44583145988301,-1.63253142957245,-0.455101826420822,-10.4934761745531
0.460222410027456,-0.34643525430552,-1.15991065822583,-1.81630978159583,-2.49067369093182,0.327273477186743,0.0842579480295226,2.58672537050323,-0.303507331002972,2.57268234825366,-0.667879461765319
1.56608497591758,1.10872645401865,-1.19329740004638,0.761197031379699,0.98141484590232,0.387793717667436,-0.592243927867332,1.38352729523802,0.183786127595952,0.75885451264831,7.17506419119147
0.358317025723808,1.70318177018822,-0.109433418317808,-0.0345920571483451,2.28130039539778,-0.0484693054684905,0.486743376854229,-0.407074389208328,0.209344099133115,0.492210710752207,6.33770407996323
-0.245111099880186,0.874367351598854,-0.5358157146895,1.17323988628195,-0.762334960181924,-0.894361845474746,-0.307487170840091,-0.705906210058621,-0.568541921693813,-0.585284523507907,-0.620815013233591
1.52944466597806,0.587810031355143,1.23907310047923,-0.0692877138630865,1.22798396349574,1.49270220059214,0.328340766139902,-0.0869203136655508,1.25087972288815,1.92168573098614,10.6196666944756
0.509068513197748,0.259711274338395,-1.09097728485612,0.385804730306183,-0.247918514715042,-0.308013625748316,0.325415483234687,0.32333043416676,1.16532826958028,0.235984506673554,2.26445723104831
0.973614816079766,-1.05932769765452,0.929916833673299,0.00401747197425133,1.0063061035625,-0.209330445420809,0.295262628395232,0.442724780356543,-1.09388051223491,0.571500742620763,2.98002869772158
0.904766155886303,-1.26926590015189,-1.00828287281257,-0.00467734791453422,-1.24707750505532,0.190544924146972,-1.7124551130978,-0.794719380628003,-0.397289384388063,-0.336774640349274,-5.13892816287998
0.0906263161249789,-0.683750843673396,0.0878211513786515,0.343316265081843,0.323975959785055,-1.03923807669762,-0.721786939836575,-0.195715027475245,0.0307243654509781,0.857817477984061,-3.38071348353365
-0.51112141646074,0.442197865258994,-1.17323366021892,0.235182784077864,0.733711016259875,-0.540564004301697,-0.00103595810333183,-0.0206542058141043,-0.846695239490673,1.17594580643413,2.39230517287241
1.27314715970514,0.345626442990581,-0.855558117167573,1.86934824919914,0.778529766243652,-0.771638640121108,-0.17291820537415,0.122940354957567,1.04042389249072,0.910129893039306,2.17939471951515
-0.685815115027129,1.25400360582508,-0.276612856698556,-1.70745682282501,0.540932520862976,-0.395653417106149,3.05289544901289,2.13816868049783,0.466646509379216,-0.648957472130997,6.83639169007586
0.240856557390838,-0.27868701632554,2.01168520431465,0.0334835459907977,0.525535627806246,2.40280632868234,-0.547796840625527,1.61773650976026,-0.0379991251083809,-0.404872308904615,5.8919511447297
-0.404037333892493,-1.89586759317016,0.970164806893748,-0.169516158175191,-0.646806494086502,-0.340877347724341,-1.92581761327442,-0.53262098236685,-1.12892180893571,-0.516215311852361,-4.62037074873723
-0.715044299490639,-1.61945311689304,-1.14466165545448,-1.23983379607666,-2.91906582118333,-1.13378410292541,-1.08367321579354,-0.370734549271285,-0.46931252446788,-4.13309503107015,-13.571651966652
0.713839325118012,-0.719591354574369,0.619878173701299,1.29113156757957,0.259951454183022,0.304150895206207,1.90366974332505,1.24385643475756,1.13473422072378,-0.692979960943878,6.83601254359451
-0.156902498793548,0.487962394605833,0.256279671459178,2.25989318284565,1.01632009272199,0.206756409463909,-0.00552474891543403,0.961583238780871,1.36228056212502,-1.22701761481906,5.48537011962914
0.973614816079766,-0.127650317574468,-0.526135145042041,-0.0784146784335214,0.816597759471634,-0.51082371757202,1.41664164616027,0.468863927180203,-0.294969796719854,0.547622207764066,5.25020838907536
-0.949990659416873,0.211654030650042,-1.95364485398157,0.436140530851198,-1.13128483878389,-0.954606558864357,-0.646414832958933,-0.990035952674934,-1.12914592294061,0.639707248665516,-6.84456692897358
-0.470093535616786,-1.52246289207468,-0.491886478038755,-1.35846376507882,0.139488390605647,0.268313278936128,-1.93333528220196,0.500594942066807,0.76627870840292,-2.08878418120417,-4.26817735362143
0.569309149446343,-0.0810746821589829,-1.52434222717677,-0.272110359204709,0.687975279979041,0.916179318059078,-1.7431135815431,-0.65943330207633,-2.01952151241747,-0.759879361055932,-5.64034020643664
0.918202328329434,0.604984833019478,-0.723718421756116,0.733791119296825,0.648151816833006,-1.05167090450727,-1.51975454497082,0.874337148869959,-0.349172678627689,-0.0775365355576642,-0.331785230070688
-0.590601651622919,-0.0921777119427973,-1.69366416617745,-0.299117235776138,-1.13943130639907,-0.325206140346005,-0.0253154437310275,-0.723337446847686,-0.205648875064648,0.872804391911499,-0.0464160815529402
0.125929901830513,1.46693538930934,0.989143159382528,0.638222127861803,1.34507617258576,0.0580664848993321,0.669537445620185,-0.469691378221957,0.203777607827109,2.28493172461565,9.03251412392332
1.21786943378633,0.576369988678108,1.5057144700778,1.61605427160219,-0.0461192407180994,-0.08315713859259,0.665027657580052,1.40168319362675,0.178746649668938,0.651905696844418,7.38716302780302
-1.76430791590356,-1.76467184060341,-0.806104177600428,-1.24051505038062,-1.05434780822734,-1.15707043314687,0.958830872258917,-1.15594101206098,0.430272852828361,0.0569764987774883,-4.56054658407879
1.29449615698283,-0.322614593920625,-0.623635920892561,0.13143337040563,0.00341146314120336,1.89651985847048,0.267656237087913,1.17807159140487,-1.39035383323468,1.20820310884665,5.80900928417054
0.940091175188922,-0.0618199890271426,-0.250476183119324,-0.859667597219414,-1.491200865883,-1.69459606528077,-0.489779008097407,-1.26995699566893,0.261855884793616,0.329745700005548,-4.59164137475098
0.240284578320054,-0.398641111438318,0.372560433858869,-0.647444009881311,-0.756942043463128,0.43981215895059,0.300685828284585,-0.337821237619212,-0.0752703535746542,-0.0836153720483466,-1.12520356592034
0.628602411591733,0.31838635674046,-0.878935552490287,-0.754409377826683,-0.291740774399242,0.277104190938629,0.522420620596683,-1.02165326964904,-0.0837564823169303,-0.852737286344819,0.308701396576541
0.00355776995744678,1.27213634016904,1.70967542131009,-0.296153513621888,1.29527567318005,1.3907732096774,-0.334298634751466,1.18190990341495,0.585207996285598,0.210500641306716,5.45711387227126
0.823311177483721,0.373822098334715,0.243900862476443,-0.364789139342351,1.22213041295495,1.40600927995852,0.720765210597362,0.117525216282393,0.279595770835717,0.257313949444079,5.77695386637291
0.83629341252007,-0.40676152477104,-0.84156759016685,-0.424519288889154,-1.98943804827218,1.22938100250688,0.460240438381592,-0.0268160053189603,-2.38717126267217,-0.533012297143596,-2.53588851074473
-0.251194086019144,0.251805350476981,-1.10587063930834,-1.54464169331255,-0.370761816437509,-0.305975322785981,-1.73866168689426,-1.58577637503286,-1.43311474881886,-0.714144089071929,-7.3069072701532
0.328242472466141,1.00773911861067,1.60965289585976,-0.405861347081511,2.31816311015824,1.66296890209121,0.765264915156436,0.549689320857692,-0.0477057109666195,0.50737884523943,11.5032967116801
-0.400793169524828,-1.75613134933248,-0.696976741811915,0.253842611218699,-1.57470200788604,-1.48891781457575,-0.759539103187233,-1.85122699935408,-0.108586798669414,-0.634580186136783,-10.0853632983852
0.307706104378156,-0.264855388951784,0.126562556349336,-1.83565563277657,-1.30229312923906,-1.47174213536962,0.191049196648237,-0.506693288515339,-0.379861314726576,-0.965292417967165,-5.00142392731562
2.18597705157313,0.069532415414662,-1.22222446927725,1.32953454623127,0.74340908504094,0.982330754966309,-0.305139607905638,0.655287040705782,1.2249583945053,-0.698798505747281,6.11367329239457
-0.695081695796898,-1.26115654879942,-0.584707166522399,-1.33713141863882,-2.15383243951149,-1.25951030154541,-1.63015885395222,-0.053066582775574,-0.119425877571825,-0.787732759003239,-8.0461763657289
-2.00828456471557,-0.891207230041614,0.0737026754771337,-1.56410209032894,0.254915530971455,-0.0293182901508225,-1.43206778400518,0.4742057681545,-1.60343527538616,-0.59849725741756,-4.67270395109047
0.134195200136422,-1.13210677142684,0.0598006288539766,-1.89586456875729,1.73143282612606,-0.664956288209615,-0.603060889627422,0.8264399758117,0.423065127531612,0.0143653934040424,-1.26784922195085
0.460222410027456,-0.0404988345508044,-0.0883718536480851,-0.824915089332449,-0.0937773891037713,0.26989396110368,-0.765422261684509,-0.949988506794286,0.152488122157285,0.700426435180749,0.605209437113592
-2.08070860868054,0.0176227386159141,-0.0795679170066314,0.0707855743083379,-1.64077442926303,-1.02118708039486,-1.28387805544015,-0.532378504534821,-0.638247856592652,-2.64552591031072,-7.24293720287491
-0.244915564778742,-1.55441597721585,-1.43760682202402,-0.590216809710643,-1.53655536974866,-2.50077620561584,-1.18605838555332,-2.18361032851106,-0.847506910857148,-2.65185180143818,-15.7912552767686
0.0692691298602404,-0.603083049181734,0.35387475904647,0.0951399506209151,-1.14028054109046,-0.51344024846055,1.14940366883689,-0.382076298980851,0.333916286535647,-0.179587718924047,0.37078915622359
-0.624857376933844,0.261686254472103,-1.02582009662665,-1.25963798435476,-0.455612012041104,-0.621737120513853,-0.62398727377269,-1.04596272560578,0.119361507150307,0.59875406398724,-1.91567634825968
-1.0251512581443,-0.410264111938476,-0.127215953312297,-0.386308402395199,1.39079477189124,-0.695854234196998,-1.45427907061769,-0.0437935021756641,0.432800513796551,-0.196634525499349,-2.24492357664585
0.550802782258144,-1.53356044248101,-0.858755445801371,-0.748021901980692,-0.79484818007531,-0.380184393877456,-0.820607638822553,-0.508824758418031,-0.315530152168556,0.0526534007942031,-3.14566998956603
-0.968287102499769,-0.394337658697166,-2.34128514943494,-0.421908253693069,-0.931242100551061,-0.940877123433491,-0.00694874235609066,-0.884771872711899,-2.19818905526023,0.473617550523952,-6.66537950992265
-1.04968938644239,-0.688834736286038,-1.63305252738736,0.588013956611821,-0.272611304348718,0.167022639780404,0.94758823868657,-0.132158952113315,0.326350991340245,-0.801357714474846,-1.95570063987512
1.16165843006965,1.00170706757311,0.860617245675457,0.820338818082563,0.287640007460323,0.832951534397048,1.02015915985053,1.39955713777246,1.09771587575107,-0.377690059968927,8.76921439948699
2.62693901411038,0.113890089250372,-0.582924648653389,0.887382979447505,0.695542121444243,1.29690107415157,0.577050235568818,1.21288976787955,0.4553332942309,1.68844143921444,10.8537997070605
-1.26507930532189,-0.738070555188383,0.672094762608058,-0.301801481297974,0.950966750178128,0.60142526488299,0.765554860587184,0.949870843458708,-0.910142624827305,1.51056054866524,3.82041087987793
-0.524014247372976,-1.20498760470268,-0.94129450056132,-0.550512991681803,-1.1789653704253,-0.887595588300591,-1.31911990533811,-1.4333618246305,-0.165395723499752,-0.0382445230064079,-5.65022398319693
0.648636851663453,0.56317943803972,0.360855410195899,0.702695341243457,0.569937455671574,1.76717897548458,-1.214272933243,1.58917197342745,-0.842650790325262,1.69854923812414,5.67746902649474
-0.0374460648706338,-1.02821541013,-0.152807184468938,-2.08511793368493,0.640719197428803,0.413612159789612,-0.904012605166064,-0.287678697318124,-1.26974827642551,0.509220338968927,-2.05141790436515
0.0207256255806399,1.37021711536585,1.15493705042432,1.80088808257771,-0.484979155676689,-0.328304911814866,-0.643062537826727,0.44671587382205,-0.394696821128996,-1.04360237889307,3.51054862909298
0.561105475660703,-3.0711050491156,-0.575492957765248,0.790257097741623,-0.966047392462918,-0.623356348107532,-1.75230291083583,-0.047979644563405,-0.210329919343959,0.0668973966906382,-4.68182860962719
-0.207736627429299,-1.96478830607697,-0.546276290409439,-2.47540396953631,-2.30412518438808,-0.243549372429606,0.786756408629053,-2.02927832240493,-0.549639134854517,-1.50409168317964,-11.2595827120888
-2.37044137226152,-1.38551911489948,0.191267445383835,-2.50549266796858,-1.68338806872594,-0.663487367429751,-1.22112460092547,-0.287014401020179,-2.56181604154325,0.217372134416104,-11.6935773777139
-0.898763694031414,-0.408426171675555,0.369204340353846,-0.636732312111287,1.31558129702202,0.171406796238295,0.434027701248094,0.141591902302801,0.964556773816445,-0.41073415029099,3.32581649575748
0.240673409556112,0.454581310319949,-0.166844670680668,0.502319104883291,2.42370236116994,1.50455750858043,-0.237622350448542,1.87538633636216,-0.121850395404638,-0.488800370548763,8.39457010222898
0.292955998922569,-0.783639402471706,-0.777520847826447,0.662018434429655,-0.775185160452634,1.07647435124438,-1.18399813930266,0.11038859695004,-0.9688555252721,1.01503467774502,-0.100210676362927
-0.422192969062934,-0.64905636759059,0.473501608068779,0.810922047298511,-1.20818818895602,-0.30095815868729,0.376857295567631,0.104347556313652,-1.14140568532076,-1.29583938647971,-2.15081491420432
-0.624857376933844,-0.733017702114349,0.653229361673817,-0.161765306734504,-0.0217296111886768,-1.39572578091093,-0.579184802957635,-0.963500176486539,-0.200852927950792,0.915920226845366,-2.12623005662845
1.41773651345277,2.53219356612411,1.29217401808505,0.821988057474121,0.567575808225515,2.20849925729255,0.324905727349732,0.788680213949159,1.37076897937627,-0.362714711257994,11.1633691363787
-1.00030928363436,-0.776861280873405,-0.631738832048762,-2.07686145480261,1.23982753481267,-0.751414137692102,0.712508166304173,-0.671464360127376,-1.05938098543442,1.39943242823655,-2.55615859769859
-1.12195757345543,1.50018846136168,0.79217934390738,0.242763394775502,1.02033809089599,-0.70980123325929,2.12519494535236,1.75273046462018,1.1966190855894,-0.309263792668968,7.73210420323343
-1.01167415382782,-0.621499102733025,-1.35843769130812,-0.159238019718608,0.541194423620041,-1.400739433663,-0.688548264855217,1.02082610253266,-0.647295396010372,-0.0275519382985754,-2.65362869139237
-0.970158158036302,-0.155259704405367,0.766252502425149,-0.184579428424669,-0.0253998244873968,0.0977567069047446,-1.29997779093071,0.0804038712520483,-0.229656755951323,0.732653838404485,0.289574629245376
0.611783735619057,-0.410094597448036,0.58435041831597,-1.00965258782694,0.343977022825571,0.196707446631755,-0.464974208722269,-1.22310356303225,1.26246037033978,0.365225224861786,0.608925603200828
-0.715044299490639,0.584556481845067,0.858625043998978,0.0548705638465443,-0.296706448222545,1.09040035192556,-0.187700612842893,-0.0571793667842798,-0.244489135014346,-1.54251247117935,3.21154079673948
-0.361806652392769,0.487100152925478,-1.6779272286289,0.0836384735300028,-1.99329650134542,-0.537261364297239,-0.61221549104044,-0.113866148005917,-0.76967213806121,-1.60532169015885,-5.16896504585474
-0.104811441057884,-0.301273016354615,0.482226119569235,-0.193367485613944,-0.617738987135929,0.465872217341214,-0.769988062364156,-0.300601894087707,0.633228966247551,-1.08896825297888,1.12904187047068
-0.435285830446911,0.435917819835905,1.62297844410475,-0.72718445377306,1.05779154025671,-0.274574773022894,1.03682639985229,-0.0102956184269861,0.182008463695685,1.41207884634917,4.32026002464306
-1.20540971333127,0.769938012762249,0.571894451729118,-0.806567578296005,-1.62170345348203,-1.13020757039244,-0.827443954359557,0.109381268585633,-1.4620544225128,-0.178302455672901,-2.13532103643969
-0.576763905547149,-2.27145794707251,0.396849475582963,-0.611395136284947,-2.3329692257997,0.725686425539328,-2.01056361524955,0.448316300944058,-2.00467316301253,-1.25567579249267,-5.90622891323046
-1.04700293792634,0.674992271997199,-0.875076134065111,0.46712151899897,1.00496783789791,0.0269116178164338,-1.4970005637567,0.829477268695459,-0.210268737160464,0.198676124727951,3.17427362177627
0.662094409242771,-1.64716702594821,-1.44928762229054,-0.998908585484028,0.752626503751116,-0.245283769554144,-1.48031182930932,-0.219215501875852,-1.28830397676265,-1.03206278645472,-5.5321788513801
1.16165843006965,0.676684473472232,0.788471840785479,0.183919827984525,0.731296499961654,-0.0184951751640984,0.590500598972604,-0.723954301098895,2.12638789992059,-0.336015684893599,5.49938411816993
1.16165843006965,0.110027583923865,-0.0075647824482365,0.26066677786349,-0.744807309058958,0.151061412523501,0.369490747511187,-0.810584778135402,-0.0577902005338617,1.64746967422877,2.88026217348553
-0.92027786037939,-0.747468904555485,0.0830473032613671,0.476629657249472,0.28778214485035,-0.94498131591121,-0.579583258632328,-1.42069146062109,0.785476998656869,-0.62906217085138,-2.7405456904912
1.73863472026395,-0.324303454525991,1.40689084271189,0.981750400027827,0.46702533051439,-0.459297340073259,0.147632325832756,0.955096250140082,-0.415706500713172,1.4223170859559,8.20543461145886
1.73863472026395,1.35664823480384,0.364217254934383,0.404399522006365,-0.10086475219502,-0.63614454327758,0.687408247050426,0.334872937068047,1.45709478116374,-0.0412596022710816,4.91874997232185
0.0305758493209434,-0.358543468181128,1.184124144585,-0.987402024746323,0.340784384080697,1.32071012928405,1.61067945789157,0.392754182767327,0.125873898836105,1.32173128547441,7.13931694551648
1.20241916135206,0.579833381412793,-0.75470097708553,-1.32121454618998,-0.321182089060939,-1.5971979472009,-0.150159997809881,1.36369566169667,-0.0328362839900976,-0.929118350915622,0.40302373782665
2.49932998888989,-0.830608918764354,1.93251219234417,1.4058388319236,3.22232518463626,1.37682871183676,1.14603393759106,0.382888442445473,1.1311370165915,1.06153645086622,15.4584671437309
0.423071241712441,0.454163205440554,0.26240310755898,-1.56531932506558,-1.1033385306677,0.124609073113629,1.0797989891204,-0.804577221589098,0.0210393770173983,1.23456406942871,4.76283719126295
0.206125763347833,-0.234537178166971,0.356867989825904,0.458199918071478,-0.171045481406033,-1.59878579663575,0.642370934306824,-1.67014642506451,-0.901244602557659,1.13256900589257,0.265654414071398
-0.132227903306109,-0.779129112912063,1.29429025040725,-0.661279102188242,2.32610930859606,-0.241467274277166,0.55432646339595,0.949952124488707,0.0614703484195362,0.497373797044772,6.61131772911067
-0.706877066567861,-0.263153680811726,0.595059056234095,0.580584532693489,0.268939956573644,-0.712839732185062,2.42897166640657,-0.981715864085558,-0.540409783370975,0.655865850344254,1.32842822032657
-0.761583089420509,-1.72036219239943,-0.479088960588707,0.124403600970696,0.00960002561504125,-0.0209992783173807,-0.853726665248033,0.541289034534097,0.924125004791786,-1.00545930317856,-2.53874893161059
1.56608497591758,2.02692132671756,1.77911261491252,2.06216854013314,2.06051766360631,0.574809268788622,1.44548890809287,3.44248053351647,1.7838469017846,1.00580506838139,15.8128261122355
-1.29281483652714,-1.92662752750106,-1.25462691300932,-1.08359032510308,-2.03747902939465,-2.11195538560679,-2.25336797323212,-1.15046018569518,-0.670931325191987,-3.6484754809322,-16.8490079094488
-0.810562644485795,-0.722141608352153,0.375752510920369,0.587597434622,1.28828022053865,0.312662191358899,0.511973606565061,0.307788412812722,0.934078937024031,0.680915570321191,3.91935400187487
-1.20060265265071,-1.09953422407229,-0.842570593008568,-0.65083848578698,0.62133924819558,-1.49222517516929,0.365545348223171,-3.00086534823765,-0.0731816627837847,-0.0948979838686472,-4.50131907374018
-0.574277272972088,-1.13937738023889,-0.446919013638357,-1.01834480444568,-0.462446548506421,-0.66822969602962,-0.375729404744749,-0.21324887519613,-0.137082005734753,0.246438314077554,-3.6026664658894
-0.520966148216866,-0.472627655341985,-0.459260709372936,-0.829628339478362,0.690079519152914,-1.03239992052704,-1.06046879187903,-0.0377233566475725,1.19458481567597,-0.934277167662644,-4.45067295832004
-0.644867940208869,-0.546021877954315,-0.867204214296502,-1.10311143056857,0.22625001918623,-2.10094619392185,-1.0489304904261,-1.43288390971281,0.464729584844467,-1.31315152453123,-7.0010995158832
0.0492884928441073,-0.338810966184789,0.302557943066632,0.395593223658399,1.2734283468133,-1.01047017925845,-0.40788357036157,-1.01766595808577,1.23158267977975,-0.0603105159972238,0.778693731787927
0.563445571022393,1.36071006114798,-1.6522345502635,1.86569996620437,0.105089979093711,0.5916614213228,-0.169249322922923,0.905977839570205,1.3194138854231,-0.408500353710614,5.92096294437901
0.449349429968311,0.440550349515893,-0.0391889236615614,0.268001122439166,0.51207774451556,-0.319967482285161,-1.18103199590229,-0.0655786565818555,-0.750514428574261,0.284402049856987,-0.139460321572592
1.11611723182857,-0.696314690023024,0.744438252808283,0.932818165333917,0.539387955211143,-0.354723059563979,-0.313901592502165,-0.239169785766089,1.15662512274971,0.80714796199212,3.75728647565723
-0.938445869992309,-2.01477137053559,-1.54328363660573,-1.11118895567978,0.186662607738802,0.11912284272212,-1.11083173241216,-1.67501910561276,-1.29230607107137,-0.97231535553179,-9.61467515961485
0.0248421656594409,-0.501466328931092,-0.157041498220549,0.266348958021242,0.114608866165143,0.392030914029111,-0.512508148455436,-0.718013895392385,-0.948852998276162,-2.66602535882843,-1.09149800686659
0.470095813839635,0.64937979238958,1.12738692433308,-0.371732071651083,1.94048367260105,0.904197977731161,0.0280193108200814,1.28529617172796,2.13208751923914,-0.546525989760623,7.20028051179911
-0.4829376779041,0.217731746091794,-0.274389235556751,0.814029020097753,-1.19639027519391,0.741271562521608,-1.98347213495969,-0.187757090917237,-0.00103409910830213,-0.566615618385858,-1.30701442242417
1.82522211213753,-0.662044789581908,1.01763914972887,0.991465595565255,-0.406702527602925,0.554878208558355,0.144284467920571,-1.71202435380562,-0.0982466107892771,-0.04022843062693,-0.127930469772331
1.24767824356237,-0.59554646962546,0.0553008668375784,1.10867362552272,0.258417685499934,-0.869226714749948,0.00746431896349622,1.40916016029783,0.92690797723739,0.385320603620354,8.04529437552203
0.648636851663453,-0.379688787850203,-0.272951689795457,0.539572201529636,0.562912899256334,0.135143505030782,-0.0316562152257881,0.560427356406284,0.830479773901218,0.793294404835794,4.25090768201619
-2.33820077885976,-0.102324336531378,-0.670717839597043,-0.16522141745814,-1.07781401690522,-0.466084480181542,-1.3974944655168,-0.506692248104341,-0.957800521413461,-0.110486903713731,-6.06250601103878
0.292955998922569,0.646156973186694,-0.156688298913535,0.489177695479648,1.35007215362571,-0.278270203167328,-0.334687187314103,-1.44322531512566,-0.181814163850231,0.246243155432735,1.4263222618288
-0.404037333892493,-1.01824005501856,0.940543626046515,-0.802953276523334,0.0934970704375405,-1.37091079400115,-2.05402124533035,-0.384002854227532,-0.532195580692218,-0.860818335565663,-6.60020107645698
0.51720716979723,-0.979391115114872,0.963952575754083,0.277708328156234,1.48979743003296,-0.969773509596404,-0.187485155954611,0.00946166057016438,1.98103666335781,-1.12363101288512,4.15572993447638
2.19108597655175,0.94732850151878,1.26919313323417,2.338266153889,2.2043915871268,0.632221508985937,1.20245322045491,0.639269406908227,2.19708830932346,0.310813656077157,12.8200720232256
0.354353824218578,0.420177246339504,0.417844257168052,-0.36081199203848,0.212364616244886,0.480200534933765,-0.680412732970401,1.03788383208637,-1.10444558838148,1.11435710340583,2.54868876243045
1.16227214150825,1.67362611284072,0.678971320993743,0.609505169950127,1.31239657984583,0.879899076209018,0.165000965083621,1.18405425907361,1.47745632459898,1.04143290692205,11.2167870257851
-0.685815115027129,-0.631649130308241,0.754898872909834,0.817316156219757,0.471503053246793,0.383586676105768,-0.458220459313564,-0.991170443080967,0.888943709917498,-0.482943090205031,2.01643795734051
0.163605822611673,-1.58163818502936,-1.67208589309389,-1.43738615454017,0.289948684191784,0.835724119800728,0.753692675067026,-0.72821133296835,-0.706955482563243,-1.06285433942846,-2.8225249235455
1.20751268007472,-0.0827021155908933,-0.129935506767787,-0.533546458487204,0.0365889757829432,-1.18198834351422,0.329310565901501,-0.766973826987544,-0.174333142423271,-2.32451376314183,-1.40183770107808
0.83115453726153,1.45258472681939,0.471900530651662,-0.0878251634762356,1.30766347139429,-0.95461296343497,0.0502800082049518,-0.706582169689598,-0.0381449423970958,-0.559583441484892,1.64597577689998
-1.6995243480703,-0.386990712496925,0.630916915687326,-0.450324081287654,-1.12996657669653,1.47138988096458,-0.378958432239164,2.54628464207918,-0.111633947595851,-0.780686686659664,0.336547532289432
1.82522211213753,0.41748178829976,0.813119367319708,0.202657226782084,0.26077542674721,1.6502578477709,1.03963665029522,0.221133324667037,-0.0144295247019062,0.768951848797758,8.70537301206853
0.904766155886303,-0.446635636959699,-0.774521931703238,0.185341700459437,-1.48573845177104,0.646803356064393,-1.19075226716003,0.384599386491523,-0.473050719411612,-1.23335692838277,-4.78704067049255
-1.54978170624797,-0.0153263506855242,-1.22460914066173,-1.03395295473917,-0.194629053903117,-0.387532896056652,-0.267804917308757,-0.844669698083858,-0.238798094471314,-0.925740145512646,-6.60553911976847
1.11611723182857,1.17626945065248,0.321635387272238,-0.801624092311185,0.597577795904482,0.54854275400353,-1.63663497245157,0.990751797442308,0.382202632708231,-0.218808247559641,3.09107105792359
-0.483837398388516,1.74528800845025,1.21382324463465,0.763945502020217,1.22907693582324,-0.554360624794319,0.206999477985735,-0.570293214793699,0.250431257848935,0.831333155511714,5.25833290321824
0.358317025723808,-0.304417553621237,0.00898408763926748,0.430749964389559,0.918062039940366,-0.288501862640193,-1.13665464005968,-1.46182751597582,-1.00272242757374,0.553182380803377,-1.0830216458058
0.636972805169585,-0.877520382383522,-0.145899488971117,-0.416059191134667,0.77339900888039,0.944963848308364,-1.48388192525015,0.099170936629469,-0.811859695372728,-0.889201521838477,-0.070531067497276
0.163605822611673,1.18682395531055,-0.151169682905793,1.05320915038417,-0.0836887224943807,-1.42893363868068,0.203613713126539,-0.30736963225871,0.921584489835271,-0.197644693842628,1.66864363223329
0.438872389658327,1.75391945467035,-0.27886657185682,1.70377380981204,1.39731916246197,1.44535994855052,0.927901555545184,1.61405996791704,1.03650408164905,1.40360686938494,12.3438389500754
-0.043728422987645,-0.0779285437871888,-1.48236871725042,-1.30985490935614,-0.270775567338173,0.014125337077813,-1.27726061952194,-0.765337484627482,-1.20981602638022,-0.375556336687513,-7.07330821149539
0.339736262669271,0.507325906341512,0.326426791686644,-0.235375991523422,-0.00337703858432128,0.606514249594654,0.788096741908566,0.866667405461239,1.01608948689727,-0.622880331675823,4.63862815943297
1.02742023868145,1.27007286838767,-0.3039875401227,-1.20721190578347,-0.0214432756979844,0.299742589691514,0.650806737516625,0.608898578228236,-1.49739808915344,1.45477609331896,1.73163503992261
0.627220197657079,-0.77137857984926,-0.381052147816368,0.410541203003603,0.0457005792884646,-0.905849637878688,-0.128369626232625,-0.507770361978304,-0.790494872808458,0.334584050452731,-1.46886225007901
1.06671992156558,0.136595168189324,0.117492402175972,0.144578645195427,0.977822271526076,1.07048581026989,-1.17006827958913,-1.42159285749867,1.10661513182811,0.733640683315879,4.03518783790432
1.45954859917442,0.438806939798129,-1.12719625019196,-0.697080500332137,-0.880594069931242,-0.325491578556989,-1.0455821565805,0.589450796370798,-0.325994496955942,0.50256857954051,-1.78888180656336
-1.83194902413777,-0.110748974637121,0.133196832594692,0.318834124902708,-1.81111208699878,0.403923211945936,-1.23032305925884,-1.06650766638562,-0.768019461066562,-0.494119841070858,-5.61554613813732
-0.171168789914265,-0.0920252985091574,-0.588080505953722,-1.8288219625472,-0.206896163143313,-1.51288253744849,1.06537606736737,0.62310302288528,-1.33287864605151,0.71224171695329,-4.77866624621926
0.746684015455849,-0.392947481341846,-1.54611948000861,0.146180162832481,0.366393233412803,-0.67390550307739,-0.925750595457435,-1.47834733695017,-0.625830643373091,-0.618034707747927,-6.01467996263962
-1.8945729642247,-0.669059767475892,-0.924616430797378,-0.704193804892498,-1.5736442552058,-0.951378597954972,-0.50727375199648,0.807320658715023,-0.146896087005149,-2.72634043454745,-7.21217985227817
0.0167124360954761,-1.04338246239588,-0.0400906575897827,0.275969490128021,1.0173732583514,-0.501119917123391,-1.04582737852865,-2.00806191355553,-0.826782150020139,-0.499253034308868,-4.81169042203732
1.73550555902335,-0.211266306136181,-0.0570507703734245,0.330478449186124,1.72318131534356,1.03207622923723,2.7181756242324,-0.693157466489558,0.398167189929358,1.93387319576886,7.3662857369359
0.00884980647857523,-3.18751904673313,-2.19500646128289,0.405192986282677,-1.17052768426456,-0.471312503381555,-1.6203649178298,-1.40181404850018,-1.86842588711051,-0.649669937936687,-10.259377809238
0.71448427425429,1.66826471610755,-0.176924874404168,0.504192022137154,0.706165797582326,0.808015868313902,0.425490234910208,-0.594547477899071,-1.57703836482973,1.50016991900177,6.41208335221305
1.93248391957933,-1.14430546282783,1.06635092659587,-0.212510413127902,0.114547387970814,1.93756188688681,-0.847964426056802,-1.03986707395492,-0.513524061630608,0.0234638475977291,2.49872885786142
-1.49988922591074,-2.0945837439571,-1.30434186896502,-0.534694163434714,-1.92329830685363,0.143076363311001,-1.01082288156401,0.493964291718771,-0.814778569085694,0.224965223779623,-6.8440493932648
0.0936547888430509,1.25232661675041,-0.853235290599196,-1.36740941224094,0.376973139986896,0.474916095082639,-1.83365603242305,-0.292954217292199,-0.804525262718407,0.433261566314281,-1.46901064650574
-0.0513569394044807,-1.61068944601383,-1.51958536970603,0.399045371941207,-0.165053494015928,0.518049727568253,0.826582792800782,2.11904408148675,-1.03537898502405,-0.508103927371564,0.49380519333112
-1.06708189856111,0.379689280088972,-0.733350170292366,-1.24263896406182,-0.274343225620912,-0.344879843675825,-0.683309561188579,-0.129129435836863,-1.19926893925106,-0.538439729219995,-5.3189784509928
0.00884980647857523,0.33236598582064,1.89717367734325,-2.08345931991514,0.352984905170177,-0.0177670184473372,0.851176328956312,0.442673588983163,-0.880960859338925,0.312689687471948,3.81608710458613
-0.298544410827428,0.130745146063832,-0.567142814267977,-0.0589621273804617,-1.07351348279136,-0.179693708528365,1.15645988451926,-0.296704755268733,-0.720020860349885,-0.615592608299213,-1.83041999431484
-0.20347799253441,-1.14551338884142,-0.573300587437747,-1.09732548196412,0.235210434864606,1.13661573730022,1.58915780347026,0.416158558630625,0.168549663663004,0.81026712134352,3.24538162649651
1.56608497591758,0.456896251973142,0.746699447072273,-0.267120008474821,0.10007380302623,1.65653904270884,-0.879048828875305,-1.2195245168369,1.59955124659837,1.66994081269418,8.78118644966811
0.982647848244809,1.50761168312169,2.01062284829629,1.4336994998336,0.82203419789624,-0.502267425553159,0.244470168767767,-0.0496359151489206,1.09201843182781,1.00728307767682,9.004461902737
-0.966327249023266,-1.20762935467115,0.839404630089857,-0.333070402593086,1.12918117054758,1.60212767457669,-0.377891814898313,-0.306274513373502,-0.493588563808506,-0.38085816180278,2.72619076122147
0.352927743131396,0.598698200361654,-0.739379842285489,-0.519291479349049,-0.0357193523954782,-0.639106795615496,0.377027222272161,-3.39076581695309,1.68757016347932,-0.517894524721604,-0.230793589368841
0.98769378494178,0.598474713186321,1.46489859410039,-2.01438723767383,1.15891082580047,0.109211778465,0.00230121112006271,0.295504297875838,1.50819077182638,-0.893828581379355,3.28601842657231
0.915719465482739,1.3854850830552,0.680703761096586,0.297699123500842,0.0779856388045805,0.455390104050882,0.650062537759921,2.41197117566322,0.422659100409186,-1.12616990735451,7.55534641519656
0.80495889962383,-0.931109104626835,-0.342368429909779,0.719017462977063,-0.780458539589744,1.28745035357976,-0.0518540526314073,0.443211874986333,-1.02245383518042,0.170548414296884,2.13824916459776
-0.574277272972088,-0.982998670736181,-0.422378645627992,1.0999561981988,-1.11128231691499,-0.237983424413162,-0.606774414062122,-0.351908752378273,0.0569372373947137,-0.0971746550260892,-1.39972266055421
0.32736278683056,-0.180845960251806,-0.696196486346848,-1.16373079331393,-0.244381971109215,-1.28400064444357,-0.0909272470671655,-0.750214384758269,-1.06518290365776,0.34221982263662,-4.84062406245355
-0.3805318984491,-1.62805717086599,0.511642577328143,0.479066024406176,-0.0958517208957655,0.880605380345404,0.0251324732375938,-1.06432888093267,-0.503485437827473,-0.880269374120974,-1.92849745004949
1.04040605509594,0.124503956689372,-0.29688787526553,0.517702802267518,0.784704816862396,-0.701261639641894,1.05468825349801,-0.0560952987830411,0.536739948621356,1.31841067536587,7.05940736042447
-1.1435296918069,-1.29381905104477,0.231499699597784,-1.43828782132897,-0.354059919285779,-0.567841276848801,-1.28239644463243,-0.404653390838789,-1.28692560223199,-0.750052992487556,-6.75285925625695
-1.29281483652714,-0.687954023008789,-0.950252977031522,-1.28219378259053,0.108245660692266,-0.88556172439091,1.59781797740158,-0.543238973618564,0.996329587084466,0.21817926626406,-2.8542088876747
0.584681217284339,-0.514865328626493,1.48258121372895,0.13062535301693,0.744436784438728,0.271942766636031,0.29058369958992,0.561999518668187,0.20667859494918,2.06234651301816,4.9449651485516
0.713839325118012,1.16087936377312,0.725596101394018,1.15607815918332,1.00985893385795,0.861800024726699,-0.0805475991391458,0.377669745431564,0.00031842684636862,-0.242416411304592,6.85212307826389
2.38210229519502,1.49729454595015,0.0245974614281658,1.35648546078385,1.38828707509301,1.46914023539486,1.89898427848941,2.0270613246082,1.24705369172251,0.0893612060405866,14.8953435743567
-1.1435296918069,-1.03988241177095,0.349987875773331,-0.68862643561833,-0.00199662536267681,0.3388437916847,1.32397099880727,-0.598012775723834,-1.00760690275625,-0.107438957298486,1.63556124073698
0.449349429968311,-2.01771374221458,-0.527121098983716,-1.55627232717283,-0.0185581441084237,-1.94405837556468,-0.749611908937227,-1.64191928744917,-1.40879405318378,-0.781358166142025,-8.28884834164263
0.823311177483721,0.329616445407328,0.834539911630866,1.2104296885776,0.94967217559994,-0.931442784326955,-0.818888112674273,0.339968744166387,1.08722780731055,1.13860580599746,5.46874336197106
-1.80676428949313,-1.23191326232881,-0.521464535807877,0.687735666324507,-1.93302572470113,-0.826694788062474,1.15818238254486,0.033943101271114,0.218069214049939,0.00237496201818033,-3.18224985436716
-0.816842329731586,0.730449606695263,1.24187577132844,1.23801993447129,-0.197301563945355,-0.814050027501954,-0.115218015208653,-0.438452028152502,1.62430213142056,-0.409383147047589,1.99874994937661
0.904766155886303,0.989752348971567,0.200633968440649,0.266493773268638,0.142178961279649,-1.34755906716425,-0.356013783499914,-1.19364799354327,1.46123515206739,-1.2015446217794,-1.4627597462233
0.0262483833982124,0.760846624559864,-0.234667984950464,1.86349190502199,-0.576103267305576,0.240443972787637,-0.378877052168019,-0.903886958614733,-0.11337130390318,0.723941703587456,1.27983102125223
0.569309149446343,-0.248162697369387,-1.01165511841008,0.458567611714428,-0.450542834939797,0.933670651215548,0.493034279372223,0.651120625433697,0.47532267092868,0.0446863488755559,4.21592093351854
0.183546386016241,0.351552212261872,0.189037275961633,-0.995569701072264,-0.635331032532523,-0.355802703442014,0.364364941329282,-0.0397920861656776,-0.268391107698331,-0.0563092472621081,1.14515877132772
0.117001907163677,0.0340311061929742,-2.14460188160482,-0.802169659628404,-0.747209875096292,-0.669166080391089,-0.049825647996226,-0.847553398472387,-0.0200021760592751,1.36718674086713,-2.17744807599994
-0.687423980111807,1.51489913630678,0.156313980487485,-0.652797817080097,0.202418947735087,0.964057346111375,0.223949170206084,-1.1189432643739,0.0929914271931985,0.710064002568333,0.950277887918423
0.292955998922569,0.197317260326917,2.79634377821181,0.337693314230456,0.616780193961938,3.27688606527383,1.3069408547714,1.67965604433808,0.932992492076223,1.76928419211345,15.6502682894282
-0.311078852422341,0.93823770176617,1.4321991253618,2.42666541020741,1.96156803192328,0.306091554941595,0.157870655209942,-0.471872608799635,-0.560792429481227,0.710711392845818,6.38451659864449
0.367261874818294,-0.675097549883259,0.175605140156924,0.523020726249874,-0.209876601793134,-0.563749112462009,-0.166121674653997,-0.712927290349573,-0.850876085151314,0.419807571272576,0.752115693268754
-0.816842329731586,0.443459720777495,-2.00389870584177,-0.886305032697442,-1.0375566250383,1.31647212212772,-0.507759691942048,-2.28614518065592,0.433046741129198,-0.0939465720197201,-3.20452559347709
-1.00030928363436,0.436425147940126,0.320879139666954,-0.72508679188364,-0.8781663043109,0.475754278609964,-0.285743515310596,-0.768112479122334,0.102009914124661,0.567194109037388,-2.91103201228017
0.611783735619057,-1.05412378491012,-0.328445029864383,-0.06853400721235,-0.456559461514812,0.0252747736518772,-0.448616355760993,0.706672337172321,0.218873399762856,0.0464560194146116,-0.45288019210492
-2.08466350437361,-2.60187455872592,-1.72035571903659,-0.137053031801201,-1.11556154993221,-0.077152221049622,0.0690814757108202,-1.3307012437597,-0.260958633523999,-2.46302724333176,-10.7385706147429
-0.470093535616786,-1.38138691791434,0.0483607814531994,-0.637621023313328,-0.177004958635619,0.15024553800562,0.695078177036042,0.223383470307947,0.503520480476057,-0.285598496457897,-2.84165082991807
0.105953040401959,-0.614343937391117,-0.423937605467632,0.528315495042083,0.460242013741133,0.174211770671818,1.48644401536724,1.98101376503892,-0.587277111909866,0.272141501748824,2.30569248036784
0.605522150258021,1.44337296836685,2.16742579579987,-1.21570527578469,1.06639910600257,1.65356896489357,-0.166177213742362,1.81786659726635,1.12519047743446,0.946006140560315,10.5506630750018
0.773905554232016,1.40406252131601,1.65133055333564,-1.20127148943637,1.58829032804304,-0.297962208025508,0.702738586946595,0.677911301246737,-0.516807700615555,1.54359417237197,7.72840347282046
-1.63662837834041,-3.77282579838929,-1.33783528034755,-0.471872792074869,0.424493151098106,-0.712148999529014,-0.993579788647951,-0.552126283740717,0.139177182993123,-2.44174492661322,-10.6399119785776
0.76704508934086,1.27525375415085,0.040321249079273,1.18078193912384,2.69152918442355,2.05188718707783,1.18787150286595,1.80010597786663,1.73956222280303,1.5615398027463,16.7365676544966
1.16227214150825,0.643646296174564,0.802432365394768,0.995938622217179,0.0147871109182834,-0.480754619886733,-1.63947947807628,0.236337863201988,0.683627797962365,0.602524619920818,4.87385427510779
1.54188294854837,0.80529369930445,0.0721439488851911,1.81159170002298,1.1360976700854,-0.550437626733722,-0.586108341608995,0.419626526534939,1.55313188778749,0.813926549910743,6.40454614769606
2.41686867122462,-0.654842450005216,0.814711106924497,0.39557568540048,-0.449459555719966,1.91476605810513,-0.767814819879282,0.809078987692248,1.40540304365659,1.24254789062622,4.71961960656686
0.706043372737773,-1.54845938286872,0.0577139594742955,0.69634199701482,-0.818174554161593,0.209229829349936,0.582993990439627,1.28155051325532,1.18327091813373,0.519236391031282,3.49949181331128
1.16165843006965,-0.0729265326431863,1.48546131382752,1.90753843357773,-0.843185685902793,0.655448629783772,-0.860432626291077,-0.143902300816815,-0.452572141514791,-0.291419537524534,4.44895214927614
1.46134578664493,1.99772015696066,1.82164431378139,0.456110955153704,0.75991891528967,1.19967074380853,2.51461919335178,1.91027508407245,1.144554870559,0.907349300014609,13.447836116883
-1.04968938644239,-1.79221844163597,-0.630436588744308,-1.41832150677262,-1.19098986168572,-0.901078822318443,0.101257550270419,-1.17757001270657,-0.711726627064006,-1.12499792737888,-9.62234784514255
-0.536626277508555,-1.19896822317705,0.73468381034887,-0.319992551475076,0.589664587532459,1.86086231094406,-0.798350968688619,-0.909636621956755,0.991205921519371,1.28502637508674,1.49607551057071
-0.860419287185823,-0.590651960413358,1.51430520696074,-0.458975531489189,-0.487782658768894,1.18358422929745,-0.492948800132763,-0.55250559068763,0.173110081533093,0.491450977754061,0.80440755706618
1.55148623488497,0.514869878717619,1.09893018231534,-0.400904825581621,1.35866259081893,0.311898430490677,0.372781458557332,1.47839951632042,-0.313268200973767,1.30674876964934,7.34013713492986
-1.12042894195678,-0.899464286592138,0.24676774485636,-0.381607371365614,-0.323593519972797,0.0199592450617495,0.178893001557459,-0.197922036325907,-0.567598533868294,-0.358983550175072,-2.69535065903901
-1.87530739188422,-0.375044567556789,-1.94503236563631,-0.451023943309903,-0.112192534859639,-1.58528603835044,1.14983328014549,-0.466136768342709,-0.443016709327067,-0.0868640484120511,-4.55581238832728
0.152103930362163,0.90723460303869,0.0713764885279373,-1.64137675369334,-1.16106517190742,0.633397448763296,0.126977917115126,-0.487840140559455,-0.40977871319988,-1.64359117954414,-1.92456187249307
-0.987843392784761,-1.85527251496957,-3.11799284049503,-0.97531387321526,-3.31631016866886,-1.31189534809254,-1.07854504105457,-0.849650011152498,-0.13855390414999,-2.45246920827844,-16.8139353358271
-1.37061687479571,-1.86232098012636,-0.441352598070383,-0.528475201336471,2.37229257498979,1.3633460256096,-0.144679317571871,0.68245793350952,-0.982433768815016,0.313137726409925,0.849554706499733
-0.695141345518935,-0.981503904800087,0.180214371288998,-0.297551510698985,-0.447711998710051,0.485758899258715,0.547408658357298,0.531289266525578,-2.53043334725643,-0.927265655790123,-6.75136943570257
0.980128095026752,-0.944799453431276,0.102511969787121,0.0770816279109227,-0.839095475759082,-1.25317927061345,-0.307767932487046,-0.680335677179829,-0.958312790128858,1.91934489827376,-2.422067628558
-0.171168789914265,1.01656024067009,1.19207385086667,-0.554188433145121,2.15112458576105,-0.745574588683186,-0.19143331234059,-0.239711368402013,-0.781757412385254,-0.665018801868884,-0.300884529058294
1.72664517022604,0.591767070341878,1.72070088558242,1.93319182806311,-0.188301238110374,0.516554443074675,0.674592472538818,0.587513979187522,2.04259011174111,0.697345968657315,9.3283843878665
1.42143187859933,0.230660758037839,2.00391741914876,0.0430626731096893,2.25677560497889,0.356520730225246,1.75691829086134,-0.33495501794545,1.40218737368809,-0.98216314615825,11.239378918602
-0.275096090618931,-0.0962042181476051,-0.151158341351361,1.35165298194954,0.402031746784425,0.202495465147292,1.28926531726151,0.196857386751742,0.35707806863937,0.474633299465985,3.37166677311691
-1.32937159867416,-0.0990572763220896,-0.25718255944041,1.59411216333618,-0.248509462773875,0.712693528094535,-2.51559236949572,-0.352196038228855,0.492511217393456,1.50095196726725,1.96295515928339
0.307706104378156,0.262679619383944,0.109410220275727,-0.0306773810750627,-0.0830403114578418,0.297897927656755,0.152800389322559,1.23977299307185,1.96053336332138,-0.408941781848784,6.10039799200506
-0.396135106155131,-0.849653625510212,-1.20467642401115,-1.09312464545495,-1.25393725608471,1.23107365745942,-0.0588334492525477,-1.78393359066927,-1.14768557649085,-0.83371192695988,-7.05606545803616
-1.43913181384199,1.12859892568851,1.59639762490347,0.422640925633267,-0.236561090133296,-0.914252061284439,0.787468268857752,1.271171694963,1.05599789442767,0.0813491029502803,4.40948705053957
-1.8945729642247,-1.34308178629251,0.703728759890567,0.410403104468012,0.37066126053529,-0.329130676348661,0.813752231280165,-0.707884214770256,1.17004759533088,0.163113275134225,-2.561986612661
-1.05560366191101,1.8361332347208,0.433180916689783,0.176644384128069,0.885680085769339,-0.894964487059744,1.00868789266888,-0.180201354760766,0.872085926155293,-1.29904894897515,2.49241517906196
-0.553313852741242,1.69088559233465,0.873859459777804,0.882982488877171,0.97373203713812,-0.280846822608717,0.98818440347074,-0.378499513453996,0.212610390080975,1.3176852063043,5.018955495097
1.73550555902335,0.32278577990327,1.37522467022476,0.0916717385584348,2.97018098904955,0.575234847327343,0.406770433969141,2.70628273112377,2.41713453885073,-0.416076177144922,13.8694823018301
-0.553313852741242,-0.780902945325808,-0.00222234099395585,-1.22625962291333,0.218715484186678,-0.324728255841379,0.584131624239381,-2.03414726394564,0.923176869979176,1.13625950830123,-1.3555724404802
-1.12195757345543,0.522874177310679,-0.367602205614784,2.32374490447011,1.33016488782047,0.785700458947942,-0.387060543827574,-1.55555974050316,-0.58273091676164,-1.52710410746332,-0.21520514564293
-0.245111099880186,1.2662012750527,1.09530638384096,-0.489368211740219,-0.0235198951985561,-0.787663983674415,0.263732405044183,-0.155615894808049,0.390651542759149,0.354939161005036,3.20763399301547
0.561105475660703,-0.872930339819257,-1.4459342451649,-0.513679737881529,-0.301477205514301,-0.621177943219259,-0.9339001757213,-0.626563420806181,0.723586574637822,1.1426419218895,-1.98610546036896
-0.408227464753848,0.0973821475327278,0.224695026093348,-2.0470205769679,-1.23102172090975,0.51220863511574,0.684205502013445,-1.15581172263656,-0.849019809826319,-0.476238514835447,-4.23892303696865
0.773905554232016,-0.151153686672471,-0.743131440071084,-0.698988578363505,0.466433838777274,0.119488074751843,-0.153344805770272,0.633423843981317,0.838367238922351,0.244985947032169,1.81378337760945
0.395678250494359,-2.13584037567137,-0.304199109454559,0.155114836408373,0.0542029395413144,1.27749143908647,-0.559152432590179,-0.0735188356533598,-0.242188743349197,-0.185998404304811,-0.982961531000708
-1.8945729642247,-1.23797432130008,-1.06811810220986,0.161845672566682,-1.78592086895689,-0.497960222736239,-1.69902061179851,-1.11079629504425,0.357596442623372,-2.16030808715354,-9.75977594440056
-0.152222698965429,-1.12230737443643,-0.0439254450044021,-0.651940715424673,0.241862233425678,-0.717994028211094,-1.70415370130095,-1.40072288699435,-1.99709716421144,-0.502964525324725,-7.58524370428719
0.826001518163838,-0.130253030080666,-1.50148053502455,0.566787593925502,0.922778346416776,-1.08069496657049,-0.82700089477942,0.241632386708548,0.154794025194134,0.185102797140948,-1.00974640143264
-0.685815115027129,-0.628717168799116,1.71552951551343,-0.42432467720285,0.271800643689911,0.802058668704007,-0.0245441624571379,0.99889594997291,0.817861896769633,0.101614488729308,4.41096386504452
-0.506155681107108,2.00299942688182,-1.44028960889334,0.251101869165774,0.851247960439049,-1.57579273887541,-1.69116443206666,-1.41952610325439,0.634308713557047,-0.629854887458515,-3.7280097843049
-0.823578131511836,-1.07736930157496,0.73420259754373,-0.423218730350531,-0.845624689975225,-0.175865236556252,-0.433683916900533,-0.223132656896331,-1.62756962187329,0.0232303978981114,-2.9382836104872
-0.361599578077864,-0.533831681704832,1.1012691878429,0.992045769891357,1.35843783734738,-0.552013756154225,0.135921748583839,-0.0867212031905464,-0.0296149265684646,-0.984588406241529,1.65875743295371
1.27683863629065,-0.00972878299958024,1.70470934324673,1.13714286680316,1.38874354380822,0.128671153889892,0.18526549250547,0.0725651782576465,1.18624356205927,-0.0116135490658558,5.38558060182463
0.0501692323494492,-0.505570426846022,-0.277527885521695,-2.26285563012888,1.5137054627058,-0.808037606903783,-0.898796036252752,-0.999848988087692,-0.0686723872264169,-0.26805184930244,-2.84132877400602
1.13493508721626,0.988928051904389,2.27320143377264,1.2425331837742,1.72628297777115,1.70107223757652,0.853407844997134,1.94697374994711,1.06213225034662,1.44989589911223,15.1401808792137
0.208751493193079,0.709914835965737,-0.0823608682716456,-0.0241626679798611,0.530363660448371,0.861786421184125,-1.2729056050662,0.404221658039814,0.533101129467301,0.24162447042987,2.51605874314841
-0.491023310960088,-1.82613667096714,3.0043200537226,1.34146253283162,0.620524086120569,0.676321517502787,-0.79875004373119,-1.636407466451,1.48026423648576,-0.330020592625617,1.8408269715748
0.298710287285231,-1.54235672635376,-2.95998989634695,-1.03091576742805,-1.71133142664054,-0.331097407189185,-0.279810288922178,-0.966208088922365,-1.44401029768429,0.351157922909784,-9.05889197183375
0.149164471699499,-1.69513490950166,-0.718688291403235,-1.41086921304909,-0.231693414157518,0.152268066097348,1.37919581794862,0.198604617667814,-1.33833955283091,1.38854103341399,-1.99535593953534
-0.0967940222763836,-0.678204398645191,1.06977500322198,0.446097462349634,1.09155836038427,-1.92301906364183,-1.62114028535387,0.72490684410066,0.405728277542706,0.383266691416481,-0.510133384422277
0.884002288955396,-1.40488508820827,-0.413396941627025,0.566970593371384,-1.99256243397886,0.337998552643228,-0.0604326224694013,-1.48164300647802,0.443872285768862,-0.481226968051492,-3.56741510476031
-1.01167415382782,-0.600852576970797,0.135055071440986,-1.33957097986339,-0.601495470624753,0.231188177398376,-0.760565139545598,1.29609887704126,0.641733184235985,-1.66836742874429,-3.60724919451157
0.648636851663453,1.18833871526428,1.43272800192541,-0.983773355331867,0.124553308526016,0.0468780157166921,0.388067857734907,1.16193667507996,-0.470174959576646,1.04902394165053,6.03342645246055
-0.942896207161531,0.271333435694869,0.357562029859317,-0.850039847851966,0.213085124763412,0.603970423185169,1.21809893653214,-0.145393603491674,0.694870565602342,-0.263145874055335,2.75314408297473
-2.51618527419235,-1.15177568245185,-3.05519248323954,-1.74221131002852,-0.866634986648265,-0.925931701458788,-2.1731202151907,-2.48911439588355,-1.57200511346734,-2.51807325596827,-19.109350652812
-0.0374460648706338,0.129180920520491,-2.52975927672567,0.531689683536632,-1.27699505919374,0.814286626603028,-1.59575023709675,-0.360145554022036,-0.367303521693391,-0.442294039203131,-3.61600410470402
0.561105475660703,-0.536680529706633,0.154037948793614,-0.666046192359976,0.364464533794239,1.16527200962,0.807530859150346,0.469660698744018,0.639379574517007,-0.15550122122044,4.62434035695042
-1.00030928363436,0.12419330527082,-2.53643029304521,-0.619873144434872,-1.98249544687604,-0.556913188565423,0.700315976233103,-1.0335515530867,-1.3164448988444,-1.79281705973787,-9.38372468827435
-0.403500099849084,0.0986158140172398,-1.41078018401567,-0.727124322953684,-1.59243882780356,-0.542723722226413,-0.989235546655789,1.68038090805327,-0.895599146139221,-0.364819693181033,-3.65961820590509
-0.31765623991778,0.594196249429279,-0.553828436793299,0.530149354103719,0.596720453939794,-1.69589935053891,-1.30172296393081,-1.71364385134052,1.70403831034848,-0.957760986592222,-2.10404970924905
-0.53772039572913,-1.74999809229798,-0.373217457157619,-0.336297926354913,-1.05957891000531,0.628121731096255,-0.962740761109193,1.07855707439115,-0.367443639492652,-0.530047508576399,-3.40003386448438
0.569309149446343,1.4045698327686,1.42384260376592,0.658671517258874,3.27309457185999,1.84087036784279,0.699488941188455,1.48288981355875,1.0187291864288,0.0685212051204258,12.3881311582057
-0.171168789914265,-0.447487182716606,1.05888677965923,0.0608671418984907,1.17048664197148,1.1722384985329,-0.284472002607054,-0.436788594085755,1.55469388045336,-0.00278062966859982,4.81008398149091
-0.160089793753543,-0.878641212273385,-0.593264583198081,0.239068091236356,-0.232843052658006,-1.09287681971942,-0.10660846872037,-0.691709965336892,-0.528727080884401,-2.009318750236,-3.46456743167578
-1.70131195967714,1.12266459238678,-0.742841341613804,0.516103813996306,-0.0322943145476082,-2.03325358173403,1.92719818142035,-0.863524587567091,1.10880821688083,0.944537079996072,1.92658230577361
0.0246784681311991,-1.1632369869137,-1.34711410741866,-1.08702644294178,-1.33465630682821,-0.470810380373217,-1.03955998225244,0.356618641464596,-1.67494486448851,-0.977714116371399,-6.98989046377124
-1.72296912331472,-0.609429251923992,1.15869891737771,-0.884888508892537,-0.375900211833234,-0.435995530780379,-0.17956883192396,-2.27586593974012,-0.103491384110976,-0.488303617896538,-6.06346504542228
0.298710287285231,2.50908382456509,2.21330200784165,1.83152474775971,0.95709466402865,1.76519128308427,-0.256268818912663,0.49360560545393,1.77857643205044,3.20472357878389,15.7886917508742
0.103308954551413,-0.697007055241952,-1.40686338562532,0.887352985610632,0.0732006412556585,-0.453823061219839,-0.785747448348448,-0.542016093714923,-0.0129439106234143,1.710442766028,0.148908220279536
0.0906263161249789,-0.111524234335108,0.32645405846243,0.718103482108691,-0.489909599982273,0.386047799382409,0.329119347682623,0.329526606753139,1.64721869351311,-1.30290068703137,1.3740929998447
0.754168716140547,-0.0810667363121705,-1.5595263607854,1.01699976186679,-0.427735768048596,-0.833384057662646,0.135005777212231,0.461086775550544,1.11462814736897,-0.0941038195658483,0.812609062726101
-2.75357086353881,0.0539904975196688,1.08797465018126,-0.99380407288889,-0.619050988418049,0.487788727611169,1.58844545397182,0.768047337280252,-0.615248068899292,0.0714557612544949,1.20435325619934
0.310468169372693,1.14947169905833,1.49226482448152,-0.388246647108179,0.76891459923063,-0.44569431110141,0.296361267945059,0.028212966647678,-1.2260367798669,0.107984791715709,2.29107189415659
2.10216586620879,1.30435417739765,-0.0747601217453545,1.08987341042953,0.488041213912978,0.933645203951215,0.379219850556319,-0.630860515011573,0.333579140801759,0.337592890935599,9.01108361698745
1.55508431527662,0.57514749583085,0.815798008855889,1.78985452950197,2.60447454058491,0.908195050706983,2.0066641415389,0.875914571897581,1.73147798502443,1.97860521796652,16.5227298810211
-0.345771745262641,0.59109845041524,0.343344618700629,-0.798320914285809,-0.211836853108596,-0.425378546064036,0.241186999154882,0.432655472164857,-0.771988775862445,0.0509129602216947,0.587170389790114
0.761695440119352,0.849379285152923,0.990652488324496,-0.128325970173252,2.8531716743648,0.954051575989969,0.0996730580153349,0.457810561230599,-0.465586640910316,1.04686386465653,8.64875106924816
0.869448083822353,0.370114998756646,0.79014860361939,0.557974974376344,-0.0391881005928398,1.21558332789623,1.43966819444656,1.77084786055356,1.18107478783627,0.740542471369472,9.21394710978683
-0.971003888659304,1.51924494490417,0.616947368422455,0.851917127754174,-0.497278231006367,0.681320799293185,1.32285898739323,0.517554748904466,0.611504277543767,0.342272530930636,4.71546286083411
-0.132227903306109,-1.74275994420676,-0.585755140738881,-1.40440751252994,-0.162769816371967,0.473127165044698,0.555624316993645,-0.246127592115929,0.261553096554987,-0.182954589767502,-2.13740630928078
0.773905554232016,1.39210924846049,1.43806757446709,-0.715849773949873,-0.174762619601203,1.69056629441554,1.85502919227363,0.570103267896967,0.442551549496573,1.43679437068933,9.10140171314654
-0.0986211609327213,-1.47608940742464,0.162722906872845,-2.28008662436151,-0.369465933313775,0.463405286659519,-1.73848826716105,-0.383381724672298,-0.501549732871766,0.451940441392923,-3.47484441128178
-0.20029360875563,0.883220313418417,2.03508933689975,1.24068955569469,0.306656918496235,0.59702475419287,-0.481795434277917,-1.46910352395326,-0.73757600034173,-0.82164196367413,4.26680702984824
-0.833931475117418,-2.52905664347465,-1.18912009847482,0.604226731951543,1.51583984586055,0.91836803565289,-0.817681758283133,0.884697216136163,0.30437620644912,1.13564992249859,3.13313110823537
0.83629341252007,0.476165492190669,1.07880822328974,1.23591771828781,0.245217638035717,0.331323025835867,1.34398208601252,-0.293988842034535,1.17507635420389,-0.91468152615246,7.15956981143531
0.80495889962383,0.103726038954764,0.209387692212931,0.422554725742844,0.421822669176318,-0.357100953313456,0.318626020314777,0.263781690526083,-0.0722367527740193,0.847059080906704,3.96354082855757
0.269039456787083,0.975398657313617,-0.634238931924701,-1.59397413988427,0.363182241464489,-0.164206413594439,-0.339480491787666,-0.512600614809263,-0.764130245876861,-1.26386687497202,-2.42100640761081
0.391236403954532,0.39529238806191,-1.6480864746288,-0.649286985788637,-0.445693088500632,0.00617451786510698,0.0156083985637941,0.900526738998313,-0.801915750413871,0.74801331621915,0.278383743735364
0.298710287285231,-0.307524377902028,-0.726954859309693,0.514032766793842,0.489570131496565,0.413942127238601,-1.11436986671627,0.51557337585047,-0.414236107378619,-0.0155360490604863,-0.654649479727453
-0.51112141646074,0.337965943751033,-2.13622565907837,-0.879521739263836,-0.715976396661798,-1.89055848390307,1.00383759392778,1.1387305221397,1.32552020569626,-0.147199490418985,-1.62662586314147
1.21786943378633,-0.541307704004935,-0.480939123709823,0.597918803336283,-0.74549616952443,1.32858798870777,0.838507644601934,1.06031950231448,-0.514956782322591,-0.472071756917311,5.19706471965283
1.58560873629886,0.877854158745853,1.25273126971765,0.919352681602201,0.494659423714531,0.239894612163437,0.703650930820568,1.2412056255141,0.50283045435488,0.35443806308236,11.9659336241709
-0.00797871220365606,-0.312627345077779,-0.0967547264449769,-1.04942741665658,0.511200810504618,-1.99743230494359,-0.858428057825937,-0.756265567889146,-0.619569035592501,-1.87798974204795,-6.96044589188149
2.27883866494387,1.43152715737047,1.95597152006306,0.576818534247224,-0.261556192728396,2.35851941467521,1.551829481201,1.76635943966768,0.88147710126546,0.989262512081731,16.070409666223
-0.200648736668912,-0.061703147769408,-0.199427910943594,-0.0332229549730533,2.59887030736563,1.07144416528647,1.21006627641912,0.996902124143865,0.698875076123215,1.73013221578888,9.10227380415201
0.904766155886303,0.154300030596192,1.40017462010651,0.544091212754186,2.59887360183163,0.533565459735027,1.15114956336397,0.697177371385291,-1.67029066044694,0.274588873586758,6.07426069830817
0.61287356022735,0.356921942065461,-1.88113939138746,-0.520878074381474,0.590588506878083,0.309305319481615,0.273164304124656,-0.652507651723492,-1.27650202057197,0.159527180769761,1.04915915935141
1.82522211213753,0.977518734743975,-1.28226030593117,-1.75906150231002,-0.96475034230523,-1.08444515209591,-0.63612200288779,-0.653679707992012,-1.59767368966547,0.0506934559758988,-3.38619273527061
-0.4977689762689,0.794613848020944,-1.03912779878861,-1.16938824554594,0.505033455953662,-0.207513526139772,-0.480452195055654,-0.0630102447744563,-0.104909054361425,0.176380578413962,-1.2689378492557
-1.43913181384199,-0.33279459093613,0.333803648142434,-0.495784605720369,-1.71680569892905,1.55647753123027,0.39170517004264,-1.16699498933301,0.355046708139092,0.30995728625904,-1.9286506733427
0.0163832371269115,0.107138646961652,0.246817978641952,0.182314330269155,-0.591833590920055,2.16235605737715,-0.661978971661276,1.75938931054601,1.03211688772432,0.230081149935126,7.48114783701442
0.71730996109923,-0.633527232658611,-1.05976472206979,-0.948531606698366,-2.13645283925913,0.283818986427219,0.290518677931032,-1.01300469057541,0.77290403170332,1.89963648022549,-1.93595475864712
-2.34903277787171,-0.0907832830448949,0.509048510739743,-2.22772400226166,-0.681721472045166,-1.31742814944613,-0.218914876252904,0.659083868157042,0.0352314071028387,-0.898785147172242,-4.95472642697703
0.358317025723808,0.64883923160988,0.179151392015634,-0.371363683149874,-1.2207558663225,0.0645778340156727,-0.178711562320609,1.83827118963255,-0.648532722674827,-0.827262615944025,2.36567615710027
-0.920131156837556,-0.652053586262955,0.644811572125065,-0.232300616342606,0.167080958798751,0.366463955424662,1.80863372632671,0.689413465696107,-0.67273919971391,-0.546845326827233,3.07239434621353
0.773905554232016,-0.89575956468093,-0.855094713375162,-0.0675000030352815,-2.33038117524543,-0.283778508110895,-1.75901636145288,-0.950405016254143,-1.2561357805256,-0.730622400621607,-7.52807668227817
-1.28445031127798,0.801071943040354,1.59780994363541,-1.43875910392516,-0.520391707949861,0.0848121373121838,-1.89850308838384,1.34238867706902,-0.743568272815592,-0.100108225041956,-2.63762654819518
0.298710287285231,0.556658626305488,-0.312406259390262,-0.764338958657708,-0.497278650758247,1.33189353277185,1.46998253043913,2.00408503724564,0.470577285491131,1.25727515101777,4.8791382146589
-0.911663088805397,-0.0782918315669854,0.0324956183361811,-0.314508426134059,-0.555334723217379,-1.51027782691191,-0.118241589512285,0.667592818468302,-0.148965556459671,-0.83672477633869,-3.98312506003244
1.62214095370537,0.310300582166794,0.342842460479703,1.10855882179452,0.916768895696597,0.691986558046385,1.25472199157259,2.05348885363098,0.93410698371467,1.7224323412973,13.3794492188721
1.18237634881453,1.16615754258377,0.68213960126081,-1.07321639368713,-0.279877882686766,1.2503113305159,-0.155892150597679,0.623542589026243,-0.60920147220381,3.36317620935486,8.93871758021068
-0.20029360875563,0.356553712156311,-0.974890242008099,-0.829206103649735,-0.817420141959257,-0.793808370085024,0.468422646870151,1.3958639225214,0.145284758831765,0.780364118648228,-0.630325919962703
-0.319936641064789,-0.593096419879647,0.288705932136135,-2.03907431084279,-1.62718276452592,-1.29223589757675,0.188176657324226,1.0535459227539,-0.47357081968617,0.968521402288696,-3.40881796142357
0.116945704809623,0.254747796579457,-0.176892140201944,0.178478272858938,-1.56786320736232,-0.370022196053743,-0.191259059605287,-2.19675624596914,-1.32535850163345,0.540454281881407,-4.76584822911981
-1.43913181384199,-0.916856149948693,-1.17594514284618,-0.8803903770201,-1.49268446677121,0.882928328646642,-0.933098625809165,0.706904029634717,-1.33371943048797,-0.408638953885877,-5.80310834180138
0.662094409242771,0.524342345337989,0.653688474577542,-0.190211404160177,1.063560236258,-0.382147976339017,-0.925233831340108,-0.317875019970896,0.61941348071825,-0.436490013339822,1.79192108140986
0.778064949208333,0.999317394733413,-1.552998061254,1.16649405442401,0.327312127675948,-0.426435393576611,0.631104374575347,-1.17372962718814,0.567625525275136,0.757122349882139,2.48156718574762
-0.987843392784761,-1.38505666421226,-1.50505611736788,-0.5592099471308,0.176368842402528,-0.350861260819665,-0.0640532684812685,0.0291598799330175,-1.0948636509338,-1.24990666700221,-5.38507448857099
1.57678708570965,1.68389396939653,0.975792354510109,1.78478456098633,1.00086074380947,1.69967179351504,1.0172699190068,1.89887844699047,0.301881705629663,2.65432338178441,16.9849913942403
-0.833931475117418,-0.564462266614001,0.0222239278896267,-0.857408224675369,0.206317918070759,-0.101988759930443,-0.148207223921651,-0.470411118728056,0.651689889016572,1.27590259355286,0.0352459422290756
-0.404037333892493,-0.71913764785558,-1.36383817451189,0.23592643460049,-1.05377732879189,0.599981421772185,-0.836059092675009,-0.444586200441843,-0.44689418909446,0.0629144113068024,-5.61647541954193
-0.0176301370320091,-0.146191871738248,-0.459818470904056,1.32162285165834,0.167780000578917,0.902107530282892,1.25513746120068,-2.00925703170544,-0.626668069641568,1.34686008864588,4.31596735796854
-0.695081695796898,-1.96858965492169,-1.39852017938303,-0.216358190317266,-0.955555272970301,0.960798688263872,-0.629824583705248,0.00134104988855388,-2.45562310454165,0.169838303405643,-5.96704739350475
-0.86684964044473,-0.452999193988278,-0.171573088816215,-1.44879932668267,-1.92421944451906,-1.33647949813882,-0.447137610459959,-1.97036475929834,-0.490151457555844,-1.00588638274164,-8.70243519555795
-1.15869582977858,-0.966333136935604,-0.78140855447247,-0.504816406051049,-0.105338269795827,0.138146558334102,-0.50497812351849,-0.621625784158892,-1.01505536181348,-0.973037535577582,-6.87325393450731
0.313131057475424,1.29034097019939,-0.0883879676296943,0.0903125512239696,0.211340764296477,-0.0443911274941333,0.393316366007422,0.0975747430915141,0.261566659378581,0.259148089997434,5.65333274597555
-1.02647289837079,-0.00573540214676477,0.102542579303947,-1.12490443944085,-0.339626945828679,-1.84442235831368,-0.564156629604573,-0.515087538469879,-0.506409744103786,-0.939012277595502,-4.84294881698727
-1.50443769657957,-1.18646514098384,-2.40346222351659,-0.501259560099594,-0.543234764244185,-0.952026335053205,-1.34221503777346,-0.405713210147863,-1.35307794794891,-1.17642099951128,-8.37489557102399
-0.40247269756289,-1.5313383736508,0.812874183078366,-1.69897614785513,-1.3923242805881,0.726253143887418,0.0375360849646122,0.0410987691544685,-0.382852381050062,-0.72301949978934,-2.08138416766059
-0.435285830446911,1.57484517801572,0.737132207508011,0.566926651344345,0.621419147251391,-0.0360532951270703,1.28629378875382,0.398960221308742,0.362244268041315,0.488661316413329,6.93237297925951
-1.18127777353263,-0.622266619921418,-2.10319924852994,-0.85525133265075,-0.780352845242933,-1.30561835617182,-0.0223378865280592,-0.490302388774615,0.327306686149683,-2.117734299872,-9.45559214295838
0.608349467183765,0.545070845960482,1.77535965122285,0.827085416471123,0.84202934342551,2.21114841262394,0.524155516997657,-0.058483260553322,1.08823983456579,-0.381262200785637,6.32257575953793
-0.695141345518935,-0.0900417562320252,-0.0909722655438702,-0.714144187856983,-0.72204296025157,-0.148694675323173,1.88587957671613,-0.62053623182336,1.35855001770979,0.893711439852373,2.1507282854386
-0.695141345518935,-0.226804386356367,-1.31296947803501,-1.37458851035712,0.595029238243973,0.735627642565165,0.813750358182153,-1.18208572346402,-0.521792576175659,-1.16265146896789,-2.47840808748096
-2.51618527419235,0.3973420958236,-0.194776859638144,-0.174802216127782,-1.69980357193193,-0.0994659419061682,-0.547193200607784,-1.43589087384382,-0.531905074436511,-1.24815623937903,-8.27310823695838
0.98769378494178,1.28806125440364,-0.0647363057400976,0.294885792153799,1.01012426487752,-0.829993641975918,0.0622289641801985,1.13434527627147,1.53387921793419,1.34887911340898,8.76954648253497
0.753142407798701,-0.300970351038389,-0.696824968596366,-0.299051884144421,0.0578496889144192,0.555554455252873,1.72819344944067,1.76111880708249,-0.117527950761537,1.56840119082094,8.32287001891224
1.95249154861116,-0.200305904651989,1.36174938611915,0.196901619593973,-1.50402672613546,-0.911861278136448,-1.49960740055565,0.876169720246172,-1.39299977175554,-0.735107748427458,-0.574509759854318
0.949754963965922,-0.0661510253776446,0.170490751416236,0.668465970314501,0.227963005810687,1.0797550417463,1.290669806342,-0.570229373790884,-0.51235232282443,1.51952989700209,4.34552963608187
0.170868878340969,-0.467108354223983,0.347236919502437,0.126963399552752,0.652730957789429,0.695086824252423,-0.881663799239546,1.20012598623709,-0.819664821503638,0.802762600613298,3.93707438783492
-0.997649094048422,-0.262674010833976,0.770783317682284,-0.614479626122678,0.851189185285957,1.23352305391756,0.436918201520115,1.67871406179665,-0.920511933810231,2.17588081462993,6.62684995338722
-0.938445869992309,1.1088324177695,2.3307789268175,-0.588804189540459,-0.416482588745495,0.4625165999346,-1.02092691858162,0.00939689030031772,0.881793501738578,-1.28551275130151,2.16354027707694
0.52712060791408,-2.00849151140805,-1.79926026295735,-1.86118447731309,-2.31682808371102,-0.355912682213939,-2.44298387241759,-1.0150572737167,-1.90709380975544,-2.75881735266228,-14.1944687227604
-0.240623278117437,-0.0676875279997366,-1.26895722143442,-1.89256885100971,-1.78173872834473,-1.64594418828316,-0.30765662254469,-1.15360653195086,-1.77782156513362,-1.60237431579406,-9.66365456141643
-1.70131195967714,-1.34209993198684,1.09265067018947,-1.58235476770578,1.66226956807658,-0.598258087795712,0.294748543154012,0.0487174742491806,-1.44237051977841,-1.79199982403412,-3.8303464305598
-0.51112141646074,-0.791767403492436,-1.23136439260373,-1.53085963056308,-0.311888008455284,-0.707772050348023,-1.47170933695186,-0.349929997161829,-0.975441889841918,-0.173361670811207,-10.7806180288043
2.62693901411038,1.62378621137738,-0.160600841940672,0.805999098162195,-0.226124036524094,0.850555704469505,-0.0482980706149633,0.583554302390073,0.016909376596158,0.981369569163616,7.8195026073381
-1.49749801053613,0.837433098864374,0.1385177259606,-0.0651884788459146,1.01308294918605,-1.2429924374667,0.68151670619502,-0.169773881274967,0.249621046477639,-0.278875846307415,2.09442915687275
-0.789489207735538,-0.845787098239809,0.906727177737023,-0.176537597413411,-0.534787637730779,-0.372870103039651,0.398601451247342,0.38581586203825,0.54271871200808,1.47761136547978,2.51605407765505
0.6469606534678,-0.828692478144146,-0.275181946642979,-0.840641306009718,0.301995113253676,0.0674473964980108,-0.436583292607454,-1.28079719047559,-1.07957137565921,0.625811817652679,-4.7028563419483
1.73863472026395,0.173338211407533,-0.574693870819721,0.31292792342618,1.89279492699424,1.18850968929621,0.820195900614535,0.748507664842795,0.904310528200936,2.45857914954765,10.2907717504237
2.23820970869063,0.701529257369935,0.531802337228191,0.599708366540109,1.05146216847979,1.39286316343773,0.275663994903226,0.636191404165587,0.646526523835831,1.7895494860099,8.11893649833897
-0.920131156837556,-0.973208768664489,-0.178167976670074,-0.921315287830473,-1.44098601937338,0.604347725079216,-2.09433189050795,-0.22701591415185,0.0296503501731004,-0.699978354554954,-6.53875459280779
0.183546386016241,-0.597405442200018,-0.635601226408234,1.10410326712951,-0.627933149893823,-1.30523670470341,0.556583401768693,-1.14156070165462,-0.254779977339324,0.277226487998182,-3.53082650764347
-1.23025670759274,-0.788588088334007,-0.180608020990087,-0.258389973165543,-0.512470162450172,-2.58968952651367,-0.013794777300854,-1.73451969137941,-1.66547427158336,-1.51739413180368,-11.1995756895336
1.52070139579147,1.28983122044354,0.47734075075627,0.168550155319526,-1.11108058116926,-0.473885167983372,1.50655999531711,-0.562448732895254,-0.438256485860416,1.04108237098384,6.39279290353761
-0.20347799253441,-1.28343700500055,-1.02121474563682,0.250146702131316,-0.53236702673511,1.01939157935746,-0.924133802263738,0.243827728164042,0.444123498176976,0.13429246301058,-2.67778889288469
0.374088628340844,-1.85234452309436,-1.47520914549467,-0.431163306098375,-0.620830797151605,0.111214703515176,-1.56765733429629,-0.754497389706494,0.572704179185701,-1.27557060386311,-6.13580459835953
-0.242519467477982,-2.52254680643144,-1.62340071569314,-0.536010984858413,0.202804233075699,-1.47788985452889,0.360052318617821,-1.45840250616523,-1.35077890146175,0.605329388390181,-7.45314384818943
-0.244915564778742,0.231633999509929,1.63578241481691,-0.224865345632662,-1.53681188387276,-0.260286388404727,1.18440706868617,0.413740381886585,-0.240223063793404,0.966774594640563,4.41647205810887
-0.431725707048339,-0.424288066338412,0.264180524322099,-0.361181894726933,-0.249254868035323,0.165028706923694,-1.32459576447522,0.091386734441754,1.26842861440355,-1.24391793190535,-0.67185714264021
0.86219966087175,0.423969142213993,0.374775806342102,0.357523000831123,0.659681098175539,1.15236959533115,0.43913960336376,0.855815186990646,1.03225838633002,2.896688834784,10.4434303177407
-0.942896207161531,-1.03534386600861,-1.08085797531873,-0.856873006149305,-0.229579710500372,0.016246904357563,-0.287327847436552,-0.22192005357014,-0.980677096465865,1.75298198807169,-4.68403892532962
-1.33772907762292,-2.22069413213786,-2.11237976487076,1.02850699132521,-0.672003949658973,-1.32059982493612,-2.05757238112971,-1.48081159492219,0.16013595628481,0.142659210444049,-8.23604071306521
-1.50443769657957,-1.25954771957358,-0.850752833261205,-1.65731438657675,-1.85598522161572,-1.15501831026009,-2.55462052122938,-0.38015545683703,-1.32104794502082,-0.71186001123796,-12.2188366961109
-0.106300025128337,-0.245537829685461,0.787909606587134,0.00679872562329997,-0.0533209053080445,0.192919176953686,0.0188917352003479,1.27334287878081,-0.108607505140297,-0.867003651205777,3.69395542982304
1.45988705459415,1.2829666956073,0.208099069637601,-0.32056410111929,-1.03880891245764,0.85036290666632,0.847625402421105,1.14399927805415,-1.37853293839978,1.54125071251991,7.16295214635389
-1.01432750420868,0.45372749649602,-1.07484355516245,-0.88535331778807,0.172222844370346,-0.454044091960627,0.179927242967775,1.1764652773408,0.593141004074373,0.304409404588756,-1.14686810237086
0.787066075985604,2.08008103558142,1.37577201849549,1.67015019273938,0.73564499369951,1.36994415969976,1.06629617617362,1.09435599596066,0.27456727360009,2.43129727574569,12.2910481296104
0.0281591867018668,-0.91957210643051,-1.13473269865665,-0.930381520420117,-0.89133629537761,-0.399815493997104,-0.764351848494591,-2.4686084083705,-1.97037696928844,0.0572479904202284,-9.76380691620988
-1.26253308332958,-0.174996533394649,-1.26740109239883,0.186792250561691,-1.04253561821627,-0.575622236283031,-1.79846826336973,-1.83926906269211,-0.588697930749314,0.248284505642695,-5.74807621166064
0.875400371812855,0.247579262881647,0.104655063473225,0.276239418050161,0.666731019497204,0.891122728865048,-0.383276927001897,-0.475906215924789,-1.0208829574788,-0.0668029184043427,3.03857776212463
1.82522211213753,0.568714877526752,0.917295410658624,0.541906746286645,0.803987533496212,1.49498766858189,-0.122230557405396,1.35844936686321,0.177951779982409,2.3504535767929,12.7186029803336
-0.911663088805397,0.783286516405747,0.648786925995143,0.521788800253988,0.229706677709575,0.521922273325284,0.53375451909354,1.41110824809422,-1.1488908539188,0.151453715616958,2.96535979501775
0.904766155886303,0.485498581960397,1.08048897295228,0.183391356955123,1.43446177816832,0.409823216159728,0.595790027601328,-0.42259938139322,1.67536215173139,0.958671557859146,9.65412807926353
-0.213645746212721,0.332226529629138,-0.450865999629675,1.26655012416323,-2.08798162309139,-0.133108393614375,-1.02789983609399,-0.0339306291528458,1.31892351311299,-1.76233776482611,-1.97196065749436
-1.12042894195678,-0.629954618614861,-0.492743031445896,0.104613281230329,-2.63186300492373,-2.36376656552121,-1.96165140127883,-1.46793523221905,-1.38562540786448,-0.299068822664483,-10.0593099225164
-0.656831192050706,-0.848912673623645,0.353553193273381,-1.96458763110749,1.15516306147843,0.719659957569608,0.399552590691334,0.582890134597388,-0.854798433736038,1.11987095222811,2.03616345257732
1.45954859917442,0.263089488428056,-3.02405674617008,-0.239359296024582,0.948282566333477,-0.738591637065945,0.11457735914498,-0.294780815713306,-0.0196218806165054,0.580631360855171,0.76823543691789
0.62590297793988,-2.26077726585167,-0.878138597905314,0.643407519402901,-0.297025417294086,-1.99728662536582,-0.640890265524257,-0.0950264680384959,0.0314686287260972,0.216118968404642,-4.31984785934661
-0.47959345927323,0.497522236285792,-0.146058958620942,1.88520066134834,1.25569548344977,-0.569162580952883,0.165812731765501,1.04420211888755,-0.31439765454744,-0.0942445996599952,4.94929663162493
1.58884531670775,0.271095420794178,0.539162023241262,0.36609775999527,-0.348275822345275,-0.20761764265708,-0.178165112884323,1.85510188801612,-0.788009620062541,1.09173363690887,3.87441487865745
-0.706877066567861,-2.33214407529792,-0.601405386810391,-1.64605909742455,-1.18086738387276,-1.43773590238575,-1.85533676531498,-1.64785822248396,-1.93430904458596,-2.75082580454198,-15.0219276444896
-0.506155681107108,0.277862373934459,-1.59944789676792,-1.24686299198357,-1.19842635726815,-1.21458973982242,0.680372736460762,0.396471965150998,-0.322705271450856,-0.450443275140696,-3.89398857964605
-0.363832245393373,-0.782032421403067,-0.466460648576706,-0.337725551916076,-0.155409979010755,-1.00238651330594,0.472143291104465,0.0638594855843767,-0.630763604388083,-0.69846925138109,-3.35518424388573
1.24767824356237,-2.45041659183139,0.0261002487990168,0.662405809726338,0.93844801716481,-1.25765466745342,1.19478700258603,-0.0281308924199102,1.21042121387993,-0.201497550414784,2.16126858940518
-0.345771745262641,-0.372593022205199,0.042844073645034,-0.447936472684881,-0.606436389199077,0.111585335570324,1.0592742854247,-0.880500342942256,0.283325746982609,0.297125343948007,0.554831779089271
1.13226169841397,1.71673000896887,1.19726075993988,0.340853352690914,1.56114480992113,0.688291984484308,-0.215853306379785,0.207037190308143,-0.202771330523038,1.89850209695551,11.7400298558564
1.28666489944359,1.58959887395569,1.70212245945407,1.01579797348457,1.42979530940583,1.55714494388672,0.694617524882023,0.943668208458124,1.41373263430228,-0.588284361621199,11.2829386918666
-0.73858820946823,-1.5940823466671,-1.51008795503475,-1.67538183173334,-1.5618631763559,-0.829625095372983,-0.267644303464274,-1.73490729850897,-0.239123675259504,1.04100053690516,-6.28345714755106
-1.04968938644239,0.802892294551008,-0.207768770785548,-0.440788914516318,-0.305865875393149,0.297462517025464,0.114532146724027,-0.805402602801679,-1.0371980980984,0.106435048660226,-1.69481250395178
1.49935828159967,0.231275542783286,0.596170899905881,0.828001197427475,0.0676263889319046,0.435154495096274,-0.336642643062447,0.846744409200996,0.0947573659892474,1.42239404403949,8.14886932111114
-1.33772907762292,0.739670893000324,0.0573248385604708,-0.57964643622901,0.0287339736498151,0.632822554285148,0.561996330047169,-0.411607743068998,0.533449079203187,0.144756645741853,0.614858950155504
-0.3805318984491,-0.0920985315046452,0.85580162121517,-0.736771372291845,-0.289310602263739,-0.371860737571373,0.986512658873696,0.121105502142667,-0.105191768300602,-0.916319367418826,-0.920093265296716
-0.541306221174558,0.547340791383231,-0.56191853418982,2.39168066139152,-1.00476135123353,0.303601035075183,0.450528538698511,1.13928103862113,-0.718105008721257,1.13096259420429,4.79278647889387
-0.20029360875563,-0.0166516596497601,-0.295025833729888,0.52945013041352,-0.321909357407028,0.385457055345472,-1.76752495030674,-0.541254884495556,-0.159231134848556,1.17696038754216,1.7830742803551
1.59862013723953,0.307649412625493,1.08567270891487,-0.384609108154405,1.24457948714101,-0.7708213786512,-1.17223396864632,2.14904806116782,0.842493472592973,-0.439945838637258,3.69961819258336
0.305439919267453,-1.46329574572641,-0.91252021859174,-0.663029161339187,0.641576177941784,0.00648575538560697,-0.164020446456858,1.34356116950466,-1.70490719465413,-0.382589797723063,-2.31239116755997
1.52070139579147,-0.447514437717821,-0.406208741344428,0.419267322912544,2.05263189719561,0.480115548659217,0.142566380335401,0.364727052601081,0.881757914629936,1.80737374569797,6.90344277625849
-0.0537026556625856,1.35282313319817,-0.499402115401094,0.369300522077008,0.856004843374113,0.0693456904730597,-0.915292216745909,-1.25397097237563,-0.271001093912686,-0.124970572997304,0.361680619542207
-0.860419287185823,-5.2724227885742e-05,-0.706718948413109,-0.52990941410872,-0.0186993471824674,-2.00093923664069,-0.727364061186314,-0.0622929828776068,-1.11538223277091,-1.16930432642421,-8.43423946211593
0.648636851663453,0.845110582494334,-0.0209301914533497,0.567512898888853,2.33890195082241,1.76126695005708,1.69258817933184,1.93612331787474,0.319911267984605,-0.475901554134211,11.4927897492066
0.0167124360954761,0.1083118229567,-0.45049278141808,0.915166021308322,0.0849514935297174,-1.06677864840729,-0.673606368742166,0.900695317940659,0.815628232563083,-0.915179545792337,1.3805070490422
-0.3805318984491,0.576110266268798,-0.318459354812924,0.950772744917697,1.57782955708918,-0.479358436405969,0.344939707006587,0.0592244570997108,0.236361017471119,-0.901868466781684,2.48370934397736
-0.949990659416873,0.454981858029119,0.0326506093895311,0.16912219485631,0.852542745814089,-1.26455665593469,-0.173085783935253,0.600610769880422,-0.778619206580213,-0.196729479178785,0.613034182460729
-1.14791301778173,-0.238331564505721,-0.757009182844751,-0.711629819402263,-0.915409018099733,-0.613961567991521,-0.959056268299362,0.214333921311769,-0.448695378005987,-1.85703470996909,-7.43483262674911
2.39574224536114,-1.07062592194971,1.94403663146949,-0.541263378284574,2.16930072759519,1.96089275541107,1.08756721045902,1.14302328354214,0.943334726984454,0.427807573620563,9.91237183033527
0.369825744443385,0.272882206409105,0.247561478302894,1.40524806687889,1.41521285045943,0.537738066904231,-1.41900284738314,0.635347841750735,1.11649845053247,0.481995616013578,5.98877786886359
0.133273040285455,-0.740068742597998,-1.29142608242259,-0.181567520905708,-0.836487426986566,-1.09679721282059,1.2111280071465,0.147959309445433,-0.933889608210568,0.319136314476174,-1.50045270076475
1.72664517022604,0.270217749134454,-0.276569092655541,0.848512909504094,0.781796716920429,2.19495300610909,0.649320493558509,2.57298511637762,-0.210252767032595,-0.0769183005496215,8.22972247648676
0.940091175188922,-1.00948787180039,-0.0171183849966296,2.20060344598625,-1.6364365484183,0.968784197185652,0.438463846754313,-0.312277370735233,0.185867098887486,-0.411609491985562,1.56277980656199
-0.0944426192407313,-0.00284686834871373,-0.531379279824386,0.239911225291859,1.44428826165686,0.108654517413246,0.926028596394912,1.77341743859393,-0.013054156158638,-0.274579879681154,4.16559650083333
0.561105475660703,-0.848618450651632,0.0527356175727083,-0.24095098790714,-0.492897320526142,-0.24030808932821,-1.4697934160784,-1.15101707225196,0.411497804963043,-1.18642105432568,-1.88435161681603
1.31748928307213,-0.243769138560867,-0.300915955976744,-2.10042680776723,0.347603041309122,-0.056229046744575,-0.969252951532021,-1.003383685909,0.169584035167071,0.475191560466101,-1.22934146979184
-0.66804144370311,-1.06623337216035,1.24446068428122,-0.83090702407173,-1.25723092753429,0.349370455860129,-0.828130963970478,-0.243270537139129,-1.69008404004045,-1.03496217179706,-4.68634476688482
-0.00552683686548062,1.2731577194305,0.52389697626131,1.55989485606835,1.27148451461105,0.94171889558411,1.69740765514881,1.03720057353627,1.42518335258507,1.5433573004831,12.2673967828805
-0.590601651622919,1.17808272782609,-0.925871526619352,0.751478211218538,0.123595896846936,-0.165256353323352,-0.734032832468765,1.36144975648768,0.205265663397864,0.374346918974953,2.80411324096328
-0.198252874748526,-0.595788413927286,-0.958525452384247,0.207915237557546,-0.570499532338649,-0.00084909876340888,-0.464430018012685,-0.234265938315794,-1.58341324655828,0.588322137684514,-1.9295564264262
1.24767824356237,0.371063692945255,-1.73511425571823,0.221268846010764,0.0960232867981603,0.728216434028461,1.20408920257617,0.195633100557228,0.374720878234323,0.657702761368186,4.08656787584775
-0.860419287185823,-1.21265869994097,-0.512564929024538,-1.16511569302881,0.954872771129416,-0.0998768163877276,-0.807325908465635,-1.14020176130298,0.784421912386663,-0.540114446586114,-3.49251536020632
-0.361599578077864,-0.830457829953424,0.646562720812832,-1.16129011723945,-0.510515393186028,-0.467492186574795,0.322152240692886,-1.64479016511939,-1.69381471837043,-0.785224566481829,-5.03763929481693
0.822124074615223,-0.0399422285739305,-0.637429442830458,-0.367438822556829,-1.07478266592111,-0.180559742705939,-1.0733826650708,0.0927825058861361,0.673791054516758,0.392725501218869,-0.660053685304943
-0.171168789914265,1.04530457505446,0.0098949420913349,2.79124149079509,0.153637998454028,-1.13638388382499,-0.595024860848229,0.00649398704878787,0.463545827489428,1.09459070691444,5.01611846889252
0.183546386016241,-0.251783107682173,0.92083273870861,-0.115379061409121,0.156654923009384,-0.771974013133238,0.251685661497495,1.30155373020671,-0.238973615058281,0.637852460462753,3.44869366038985
0.550802782258144,1.42762403830142,2.33782316969509,1.84432040113057,1.82038565045855,1.41588841715997,-0.904427898956275,1.08934866436424,0.601269374635811,1.93767370375811,12.5475143986197
0.80495889962383,-0.604767543918126,-0.123034876808875,1.25966728010209,1.05018894116035,0.0942899815165391,-0.741772252409359,0.662690760077772,1.12572071168343,0.420527876701207,3.83284927513868
-2.75357086353881,-0.392763261743884,-2.026872096222,-1.44548150692617,-0.258795560829659,-0.391419770709215,-0.458027903315562,0.0345713051160546,-1.70895436958885,-0.258471198596481,-8.68985408285442
0.901688413741066,0.457944927742606,0.277466356634735,1.54347461864316,0.197340948281274,-1.00542172403929,0.22718371025547,-0.161468767721538,1.28855568109749,-0.0141424792328044,3.95276930702736
0.638584000669158,1.61861737322481,1.7173754260065,-0.492829540815054,1.47738362174296,-0.273121102058683,1.86119240600214,1.8353758021924,0.575403841669982,1.91376988067133,12.2187557955184
-1.26253308332958,0.375000023636675,1.4404237093621,0.165764306993085,1.50425180529456,0.417625485088071,-0.272879741050435,-0.0464480935816664,0.0989872847173958,-0.211088579749834,4.80780562049975
-0.297161999477892,-0.358636760661999,0.69688891963538,-0.443764949176993,-0.00164777260034426,0.66642576253888,-1.77504230984313,-0.378525547912553,-1.30542754677397,1.60119277080294,-0.0190728812464292
0.601105442025107,1.03720543333404,0.0907194612838325,-0.624952603980667,0.201925418294935,1.38170222427103,0.732171724988934,-1.07889102506242,-0.386718595452402,-0.00490250691625904,2.85925357704261
-0.974582551189407,-0.0236474790629838,0.0340915464261667,-1.04987309825,1.64739453042489,1.10256211122578,0.35468780729652,-0.850875430979959,-0.422669416754101,1.05052919962062,1.69027288780535
0.982647848244809,0.575518288969119,-0.0606812135491934,0.928794461873324,0.953112706339218,0.890709632488611,0.712604208202875,1.61494638631371,1.01548747570674,0.60098743540207,8.68350741424703
1.11611723182857,-1.64921364163659,1.13472746282555,-1.09810832586234,-0.0208135045087022,-0.603113627105769,0.0116786497918067,-2.91119987823615,-0.281534140302911,0.210866697899426,-5.15248057472473
0.00884980647857523,1.96301643520746,1.73573774026404,1.32980191581545,1.35618629010418,1.29934225744595,-0.146590066543563,1.59213297504937,-0.625533679185406,1.16788789898994,8.91945449419795
0.470095813839635,-1.05870425929116,-1.08447495146881,-1.95375437151153,-0.915291760666014,-0.494944533897805,-0.172427372697459,-1.61679830873016,-2.33111536919989,-1.10345152212635,-8.87155684682384
-0.31765623991778,-0.322441274316506,-0.420814978324485,-0.222265197855355,0.938971067527418,1.63109823752887,-0.199864038759105,-0.617441279882321,-0.0984992611563307,0.00046817881640272,2.41186300488609
-1.72296912331472,-1.14146567889477,-0.52199317135574,-0.320251235521072,-0.320606199521263,-0.14277777347734,-1.98632696724728,-1.46134021875213,-0.461814970314888,-0.799835243418651,-8.15158300958836
-0.553313852741242,-1.65235778212508,0.101398692124944,-0.267273837139874,1.05005998001877,-0.0844204964810636,0.0971932280251736,-0.342228685074828,-1.01365887951025,-0.164136705268811,-4.35965154518408
-0.480436388467089,-2.38325113035226,0.431935606019941,-1.20732667442443,-2.22946936925121,-0.529902413246726,-2.35436951626749,-0.907057194140012,-1.81983094435295,-2.27903592396327,-11.0219335176486
-0.106300025128337,1.20114657381307,0.451017842667878,-1.27889230665413,1.1761465598664,1.54628259196327,0.695285541189836,-0.624239085414287,1.31289452390962,2.42940690360055,9.26121693482142
-1.20060265265071,-1.10033636449638,-0.25388615257185,1.03059987623708,-0.187296024876021,-0.802605090625957,0.185412428544932,-1.27624833709678,-0.853855730132803,-1.15422980294472,-5.77366889025166
-0.503530907942567,0.018610929292238,-1.59625284484621,0.0994356498048895,-0.681285799871191,-1.22843763422465,-0.396107092207306,0.233213774884911,-1.07892661979266,-1.48820066585049,-6.03768664128347
-1.63662837834041,-0.232632058502087,-0.0636210642487893,0.209998077862361,-0.165667578649872,1.07366818412648,-0.569363163797431,1.19198236190252,0.187395194241248,-0.872356570761775,1.42915921120527
-0.845998565804029,2.68583401821443,0.0366332727072219,0.155393981281618,-0.229624317734554,-0.19193099845338,0.516743521840503,0.502217311660123,0.106712514464704,0.842266842542822,3.42841985377751
0.0246784681311991,-0.142901963384565,0.253630595848698,-0.523671368696467,-0.799468639972439,-0.319496900307497,-0.140807138946384,1.42909401750804,-0.357984980795758,-0.941963958628574,-0.314515997156764
-0.0112023953764835,-1.83541009993823,-0.713882590976988,-1.51867005264516,-1.30891736732101,-0.559727963019106,-0.697989325164065,0.267611287861454,-1.84621672696336,-1.12877637152713,-8.47413089565913
0.823311177483721,0.742757104553947,-1.99600177056819,-1.31865932720395,1.10395253933054,-0.4118812367769,-0.772615789481208,0.403524440518754,-0.0369460354442517,1.17596420573132,0.872913142113159
0.962148015116426,0.806701770939581,1.01561535294964,0.535310526643993,1.59013936324523,1.25072789822764,1.49291324324513,2.09218857641562,1.40340816428277,0.592890017153128,10.5180122853895
0.83115453726153,0.163269466257501,0.827696319251948,-1.3844334576304,-0.301367315319326,-0.846364314980701,-0.987998027275535,0.607968159525326,1.22163563522065,1.37591554100359,4.29693126166687
-0.823578131511836,-1.19518442583238,0.346382292708377,-1.73266910438631,-0.0574292581278739,-0.0995547076339811,0.562032084319521,-1.39912504585661,-0.920024665423725,0.0832371039055457,-4.52585395477735
0.203724776409151,0.293676109908534,0.493725483834637,-0.140900981635628,-0.978010106606015,-0.44137361101372,0.67606237562225,0.527947996025955,0.90421161064681,1.92059373548269,6.12951046050544
2.39574224536114,1.70807417277876,2.66198761771016,0.707939202865905,2.98447725693066,0.854409572505402,1.25023013533436,1.8564716580489,1.46255411209452,1.82812300571904,18.3967244576686
0.71730996109923,0.368793238416244,-0.535679264489152,0.148398429281412,3.23711098468685,-0.480068334187399,0.564761497499643,1.70936789732264,0.990682449978444,1.65264160990299,9.98452864603592
-1.02647289837079,-0.352010966395046,0.0741408124794443,0.825702555078659,-0.723996016057369,-1.37326987513435,1.99329901474293,-0.223209441261085,-0.789800084665568,-1.35018150526933,-2.45158226994243
0.569309149446343,-0.484668051248776,-0.504654663736012,0.742118476678392,1.27851133318217,-0.658325821717737,-0.761974707519114,1.84506774062706,-1.75798688210375,-0.429211480732492,2.60573104731797
0.638584000669158,1.62265050490544,0.629491653767616,-0.561588065605951,0.301269740235389,1.02153493912863,0.050185089897241,-0.365900778760377,0.0219216892608693,-0.753831121014396,4.91163293107381
1.46477220591107,0.880757006458187,-0.464732267002923,1.31329106968406,-0.130701688153753,1.18273744293983,0.770795885453257,1.28690482637503,0.13850192886424,0.685001580815149,10.5285464109374
-0.974582551189407,0.20575024855635,-0.2160337434362,0.163975092976057,-0.659653938731316,-1.14183417607895,-1.15306659082831,0.597934952471645,0.399879350558217,-0.951947183105657,-5.50622068804882
0.869448083822353,-1.80508927444779,-0.361322075689643,-1.37409173996899,-1.05692648518615,0.344984900339854,-0.323770113969364,-0.833792040996115,-2.496248508189,-0.0383387972171421,-6.18759590715449
-0.853411171597346,-2.60606578105242,-0.620145243935511,0.345464544742624,-0.254401492358738,-0.173311987448589,0.0468630219312759,-2.03604738229194,0.782081042134571,0.619758508107897,-6.11595784763378
0.52712060791408,0.600256988807924,-1.25771394261097,0.0202428760555739,-0.320674155639773,-1.68016343199772,0.942567200499056,-0.205234750132833,-0.583394308793041,2.06123214234241,-0.534754060498197
-0.404037333892493,-0.569473934585401,-0.718037855640093,-0.300269710499408,0.731944057954889,-0.564715813379461,-1.09634653026666,0.693280022971317,-1.18910147215087,-0.232815375808307,-1.60949270816537
-2.08070860868054,-0.472729992806752,0.0579158890475627,-0.835389571022142,0.534567267373207,0.419157960888135,-0.87146172371565,-0.462266415920274,-1.67180420006693,-1.40308515991394,-5.26537518497823
-0.240623278117437,0.842959524215329,0.357567955626086,-1.69848781369109,0.721381580983949,-0.808773090851376,-0.996578534929803,-2.32133427417794,0.295771104309519,1.04176239919071,-2.11416070523425
-1.00030928363436,0.341831230912524,-1.07880906794806,-0.0200338943239896,-0.621479487604983,-1.5299539204361,0.120313324277783,-0.873728373907667,-0.570739614743046,-2.24361545150526,-7.06079153630306
0.00665837673691472,-1.18965914321714,-0.912672594704369,0.65496731076572,0.0900910160725081,-1.05458870191424,-0.520848304649257,0.20436585748351,-1.72320526579693,-0.357108781691402,-5.71779583110114
0.150980216186371,-0.434768661643271,0.899713297123827,0.231575003228616,1.11590208239711,1.26703858691187,1.28065632540135,0.170360706432793,0.667974577442364,0.279386885111029,7.58350678724687
1.46134578664493,0.797058598506472,1.78747703721493,2.65231449862082,1.24515592900902,0.683942193059899,1.79478126875128,2.12571633353102,-0.328300355913497,2.63272097054998,17.2224367562049
-1.93678359187925,0.0313785934790661,-1.3395729070544,-1.27230317978879,-0.9715422822784,-1.25255329619465,-0.0625499232909701,-0.0508213775304304,-1.28753244169434,-1.90528050553128,-7.58256853561549
-0.669227707038768,0.730324211632672,0.539535475941504,-0.758429295291955,0.952829355296106,-0.0263686233715526,0.0718807096221336,0.220920188470586,0.0130336841939366,-1.62000369613331,2.59205044128102
1.13226169841397,0.740361431038611,0.664879727185188,2.66956893431146,-0.0372961785592553,0.60497593306874,0.742267374350165,-0.0855627976123047,-0.487666091322834,1.75729656325089,8.63534586063791
-0.0441846684440064,0.313262987643764,0.169242359375589,-2.35387501058609,-1.1783974720646,-0.870037724049835,-1.37018701157659,1.04926646558159,-0.809303487769462,-0.50961962023238,-1.82627769862466
-1.49988922591074,0.385364612946979,-0.670434272084912,-0.657250069249243,-0.735711467898647,-0.506230772625407,-0.100528345552919,-0.687299730613225,0.290531537068538,0.973110589370137,-3.06479293709962
-0.179545424123315,-0.0194867511075606,-0.241266352877257,0.0288296867330859,-0.901956422899421,-0.144264737797251,-0.904013776586747,-0.0665062001149435,0.247485481046742,0.830346792668353,-0.975185290219354
-1.0251512581443,-0.446327081481022,0.23848517341942,-0.0943648969104728,0.645700410887174,0.0977282188056276,0.349837114557326,-0.163187867202263,-1.28437646618391,0.276158429171761,0.734281330797179
0.326658746483801,-0.507826167509319,-2.1967241531957,0.224062653678464,-0.249125310806364,-1.04058926394846,0.0647685140513827,-1.18303033533005,-0.838553226137999,-0.519385823281096,-6.35005186974172
-0.02464646466251,-0.128709970530937,0.483336965953568,0.50405891371032,1.78389693487948,-1.17061901243111,1.00582760664541,1.96318344041174,-0.399306846165021,1.84755586734806,8.05136575026725
0.884002288955396,0.803156848147614,-0.405150457417128,-0.254738567470119,-0.335553499230713,0.0500512314760687,0.449393463974537,1.41046498822843,2.20641833279373,0.540976934198238,5.59485431606569
0.662094409242771,0.317622547349721,0.0725225582982207,-0.96719291421842,-0.865316739533664,0.475836337632659,-0.362799399631914,0.106914419759871,0.139127594768102,-0.486926125445422,1.88276791330526
-1.07137423680985,1.07807230895767,-1.4979820105319,-2.39678878768305,-2.065214140688,-1.92563183350291,-0.589203221957072,-1.74865042994698,-0.254107862613008,-1.78435873865156,-10.9162062860682
-0.942896207161531,-2.12992748452592,-0.815065574504214,-0.735250519354482,0.652207987789767,-1.23051253140655,-0.744270261907863,-1.97085161787526,-1.15760849522611,-1.82073102292269,-11.7062511015012
0.125929901830513,0.920094792691939,0.22014660821601,0.510917811313287,0.280768646397704,-1.08532195297938,1.66683959558899,0.153532814046451,-1.16374706370177,-0.0295234043486715,1.59661603751204
-0.308151442530471,-1.90092108018787,-1.64596697159196,-1.27738121342668,-1.09040950207636,-1.67117192566746,1.02825342584313,0.320213544208973,-1.36313767953561,0.437158879417334,-6.24345559385554
-0.73858820946823,0.214268023327486,-0.218666867550736,0.547148345094945,0.204352309925499,-1.39979500128196,1.03475207446464,-2.07512703018714,-0.209948841145001,-0.0755645844822696,-3.06200088511722
1.31748928307213,-1.68744654671906,-0.764167859354034,0.892828143322634,-0.521059468575824,-1.51118871937279,-0.506485042498616,-0.870297375851306,1.07032044607001,-0.279200842015171,-1.2297807900797
-0.00552683686548062,-0.967199382830758,-0.415666108349214,-0.281820971742184,-0.105394731277994,-2.09318793178593,-0.00043206546714186,-0.201103720532522,0.477883579795076,-0.696801290874375,-6.20103989191659
-0.781455372566394,0.123957753978853,-0.0849696352648637,-0.774867483020204,-0.465191986745709,-1.48414173838827,-0.668833591882684,-2.74225409746014,-0.191018165577297,-0.172749583322568,-5.58594246739222
-0.911663088805397,-0.498787029537077,0.688477992113845,-0.0700869841721075,-0.446947987035355,-0.980714318950241,-0.316379201667174,-0.70619659024354,-0.764649099961074,0.889931514002685,-1.74521682103477
-1.72296912331472,-0.188685758385863,-0.170258586248164,-0.9810680491131,-0.951544393074011,-0.381698517502999,1.1483780685299,-0.158745621180866,0.0373131647879584,0.829004883865817,-2.48066510023183
-1.35057353963954,0.197157336941389,-0.436384134017922,-2.26866603319723,-0.29990364433588,-1.00311746820906,1.39040413440441,-0.611599552484467,-0.618682486247209,-1.08540826396531,-5.84326181400265
1.51933848374834,-0.106308419791847,0.21337015048341,0.19472426505353,-0.352373393662974,-0.380494809512922,2.14695170834792,0.664947570773506,2.4546191365215,0.161622280328006,8.04414179808866
-0.4829376779041,-2.00536666357282,-1.01567441283441,0.203891208661929,1.57545331763204,-0.829629956823235,-0.296307671900134,-0.682601205106428,0.601682700810857,0.586574311410466,-2.45454343427561
-0.970158158036302,-0.2594378450764,1.71507035103421,0.0737536979158036,1.30275956950723,1.88154059795956,-1.56588859306659,0.694678059315689,0.761423324836871,0.938619139499023,7.64533653783786
-1.6995243480703,0.478682888578328,0.0392502546401156,-0.964209978458257,0.443896944207427,-0.988728181251604,0.122922848170282,0.334054710180052,0.08988968230863,-0.799099008036386,-3.08634842242099
0.977635636602923,0.832061147585147,0.258861899610813,-0.259524865145003,1.27303136919284,-1.15133303327409,0.520068383663362,0.728162640400789,1.5496268556101,1.57078586603001,4.87026146078533
-1.99563694151138,-1.51075471448125,-0.9645568164031,-2.17723031950443,-2.63524344557428,-1.07158816615625,-2.6776791693175,-0.644513247655234,-2.21257029684924,-2.04655215821824,-14.3074528734557
-0.139377001689284,-0.39110832787896,0.734464044243236,-0.153010769387351,-0.488105777283066,-0.193704854503671,1.53579612423364,0.718720927076748,-1.24928779313175,-1.73655964715735,-2.03376033026963
-0.408227464753848,-0.0609841881339306,-0.879780078631169,0.989509237000838,-0.6541447290552,0.189695519942571,1.39149496284756,0.690509333171435,-1.65172580963562,1.47934574372908,1.66320793979242
-0.485517309896714,0.329304493407256,1.44136598101565,0.0837563858774524,-1.98206729954406,-0.935947428870813,0.287698609823581,0.181134534364405,-0.651777534726402,-1.93526030758525,-2.01270807306006
-1.87530739188422,0.654812022643421,0.0585292171842325,0.701041736208581,0.972574836043679,-0.63858919178528,-0.618638980299136,-1.43678572061156,-0.228908430769928,0.76433485894047,-2.0906938768046
-1.49988922591074,-0.552355060068026,-0.594326080236974,-0.653923558953414,-0.359355225479715,-1.1446473668307,-0.128176025290291,-0.297899188401248,-2.08417405303062,-0.533011164263693,-7.00087209562198
2.1299931831453,0.854994426120159,1.984676921468,-1.50809242119006,2.25300660719791,1.30240417887034,-0.235531397161836,-0.225775384339961,-0.39870079417314,1.10282130143454,9.47050166862945
0.713839325118012,0.403794432819384,-0.879785282403644,0.0226169244080726,-0.37077858947232,0.143441484144812,1.61022110483641,0.243540913669083,1.65462537812898,-1.46645449199398,3.17587754337396
2.38210229519502,2.47879175915477,2.20649334091807,0.747148024971658,1.83843625654916,1.62319896350106,1.33600890192475,1.54551585127214,0.882222017497384,1.89886555618361,16.3637903342891
0.298710287285231,-1.99059317375038,-1.60492798270414,0.22318605565325,-0.660972277164979,-1.22188810067567,-0.501191935300241,-0.480172228918639,-0.732896087829955,0.936999218870705,-5.71745609523834
-0.137500644465685,-0.522764645288681,-0.495962318151663,-0.571976929567514,-2.19256596477157,-0.862776565007268,0.654712963820891,1.09458330107332,-1.47687678922277,0.0239228539213659,-3.32143161955887
1.82522211213753,0.601773138923,1.14791620319838,0.551665484590204,0.847633973898781,0.116031409107632,1.56895282550998,1.16306104857484,0.232626142521309,-0.925705791080822,10.1875902022395
0.0305758493209434,-1.02485785530527,-0.949545461224389,0.0265593047922831,-0.753293563238726,-2.11346020517474,0.281474783134737,0.468259286333851,-0.0981316410742777,0.230984873763193,-6.267776922849
0.367261874818294,0.412907538075933,0.298713909791668,1.05062926773185,-1.44968686381045,0.0693596604770716,0.131150840666363,0.837266775076137,0.782188468772317,0.802426406581893,3.17722702439105
-1.1435296918069,-1.32981923181758,1.11181449213185,-0.798586804208959,1.06656262057415,0.200618648100675,1.91037264517429,0.134659310870907,-0.302998924010593,-0.219067351333249,3.24925191575868
0.298710287285231,0.00579721435628261,-0.366443704630488,-0.0881203548707724,1.00871250869173,0.584323019956292,0.752344937209028,1.7176356645348,-0.626081565643684,1.50496382895414,4.68112084576965
0.375993046339782,1.31132281993433,-1.36441007417486,0.745092633973679,0.64767203022821,1.19487618154317,-0.430688418340098,-0.926867081878151,1.05455431501935,-0.433820676354385,3.4331517449414
0.374088628340844,-1.41309446319454,-1.51835318851204,-0.598046521544411,0.442683098487751,0.666029069795521,-0.643598347576895,-0.609938850116877,0.127963620334156,1.33182142379412,-1.99336827419972
1.93248391957933,0.386629539562063,1.72007092354995,0.039279250830951,0.700573707466896,0.994711753164502,0.177707386713655,0.965153841552889,0.2169671741273,2.54830224404812,11.1873029040207
1.37692933192637,1.20876475869114,0.139616224031164,0.280808630954492,1.47970856035465,1.7656032355655,0.849881311015973,1.72293706281823,0.62173578932539,1.4200888026355,12.9934111932106
0.276922332605732,-0.574142544238562,0.764576381592008,0.406165807339327,1.25063912146599,-1.34105055704356,0.798088476000445,-1.06152319156823,0.850256255165688,-0.691437451620383,-0.705264236819933
0.706043372737773,0.020091543568252,1.03089720690592,-0.115443996913822,-0.299317712415232,-0.300877366694554,-1.51069989781334,-0.312233630925703,-0.140811434503951,-0.521763482314921,0.127722374102652
2.49744241649578,-1.0082112222805,0.195523895469557,-0.176856962764099,1.10086247095032,0.375632545626265,-0.460319685176328,0.543190782292239,0.116833612454743,0.448722976646386,2.93287938760132
-0.688200719636586,-0.454684222617285,-0.335295246587905,-0.74518648239618,-1.08576353657687,0.30575512255119,0.0335638351658152,0.418782254869558,0.1131796819079,-0.907509252456906,-3.95612908436956
1.58085427026941,0.474453455472948,0.729731492616566,-1.47716145772222,1.26880589867844,0.0909681695257462,1.01961988801422,0.492904892639122,-0.944636303291775,0.0806107624575318,2.01840892593778
-1.55596958250125,-0.206152862868198,-1.22182267837858,1.06886272883545,-0.485737280495552,-0.554772518859759,-0.60892449368279,0.40399866405647,-0.587827814422837,-0.699869064320472,-6.85534973524633
0.167837198316155,-1.09950541778394,-0.435979003633809,-0.649923437894391,0.587431857818559,0.272690948816764,0.0321177909611889,0.179945710225166,0.281086176834559,0.0259177098613427,2.50519593450454
0.367261874818294,0.514916597518066,-0.724854612604498,-0.0333123910655552,1.56226510657148,-0.398171795821152,0.296279038433347,-0.481536253084619,0.464029611491931,0.718185242571388,3.61702622472735
0.0281591867018668,-1.30773889722961,-0.429983411590754,0.96038531835275,0.303865957460339,1.2230155374559,0.480162317564647,0.714935519405298,-0.654745633978339,0.124752504349482,0.856107448699605
0.292955998922569,0.288181612592259,-1.12499936783597,-0.808406493293179,0.697124625347327,0.186821984232088,0.95549458694303,0.763370817648087,0.738558776399386,-2.82803666173569,1.14818543501944
0.534866261854118,0.257946285880491,0.364367623484221,-0.245004601852377,1.6713399258532,0.59283281339113,-0.0589889753534178,-0.495534022041654,0.854028379963773,1.0641439977429,6.70991262476813
-0.404037333892493,0.726700059420851,1.34640333047392,-0.659766845291129,0.432683869204058,0.601393149471596,0.265277722364076,1.09241587924214,0.352074506746582,0.177916188563674,2.93089737956225
0.357875400763309,-0.441376596174881,-1.45911697817547,0.307131213592731,-0.973486690527494,-1.75117000303707,-0.346295560850813,-0.675323507254272,-0.689179854163855,-1.1810554606365,-7.02469523521685
0.0509227214115129,-0.546788100205641,0.0306742516014231,-0.0178706348725115,-0.487284615560624,-0.663337586153079,-1.07975620549468,0.190508533399102,1.25436567129626,0.618216924428421,-1.3010577854148
0.884002288955396,0.433236911460128,0.475601997487677,0.728805290539229,2.06456121430194,-0.628653539196437,-0.939486056202525,0.927928485868886,1.10089172516213,0.600267443664262,7.80928616560417
-0.695141345518935,-0.757460000851794,0.675484872268124,-0.670482484748621,-0.255420852917337,1.08743489563412,-0.773448563465967,0.730362625324977,-0.0936025665877776,-1.1018091574085,-2.3608869244551
-0.0537026556625856,-0.865022441144222,0.271167694453651,-0.093154956025406,-0.328326143806278,0.0560108137033059,-0.169315734728728,-0.868439850480258,-0.756264265431301,-0.260062941815747,-2.49584828116268
-0.576763905547149,-0.464371356490353,-1.2288484161985,-1.74242302094865,0.311457570739193,-1.83170145901649,-1.5381971047241,-2.39618800733691,-1.67119688868693,-3.61960045417403,-11.9679090954651
-0.0342570969984904,1.64540870538449,1.69295511275835,1.48641635412504,0.356185226761199,0.209843283522099,-0.098068922147776,0.658871109262509,1.46466584114605,-0.439481700246108,5.3200697203461
0.240856557390838,0.929063343512545,0.608042664129527,0.812766164864182,0.731510794730088,-0.0784307702397618,1.26207415443189,0.754399653567846,0.357596725322199,0.733991886664677,6.93169622803795
-0.218427232728103,0.15908416702035,-0.431688879965753,0.607306795209372,0.145839137453194,0.558100997013717,-0.183434335506514,1.14011844377743,0.120766894118511,-0.560390908233662,4.64526729061558
0.902252593565405,-1.97324453819392,-1.75424174006315,-0.454670362480255,-1.39348125759945,-0.937143360707787,-0.251119899701135,-0.661690513584439,0.520042006746598,-0.353994235536055,-4.73162030176912
0.982647848244809,1.91185310852041,0.148072623024373,0.891765381598341,-0.188548208262446,-1.75204263818904,1.36473895683719,0.303995233661696,0.139051255345058,-1.01549602226405,3.66240604012159
-2.00828456471557,-0.645400341191763,-0.579385426756333,-1.21820651741223,0.541603037531359,-1.12897689312835,-1.94912762702691,-1.66335692293805,-0.889934433077222,-2.01544681818923,-8.86189775334088
0.0906263161249789,-0.248254519604007,0.367296167678805,-0.244436149243209,-1.09122049627498,1.62276382963011,-0.381780770771066,0.761229851963127,-1.78380502649947,-0.0691681902335506,-2.03298697453095
-0.207736627429299,-0.0658659538792127,-0.43939694342265,1.68317161256791,0.457693397844453,2.3065928628854,-0.381395000794918,0.439570358197106,-0.373606382243272,-0.414893019793653,2.81915304754037
0.423071241712441,0.539922429787836,-1.05270890152771,-0.340076927487983,0.278883853670342,-0.38047186192182,0.229496528423134,0.266369808675874,-0.0554688467773995,0.0442896991470262,0.272323496531537
-0.504016730704087,-2.0262361589888,1.05308727658248,0.681529228261244,1.68990600566137,0.544255968656621,0.252182255989994,-0.32387984003866,0.462822395430618,1.06191358261808,3.15279695401329
-0.644867940208869,-1.50057777521009,0.269884267921094,1.44776807627492,-0.271347168513773,-1.93867149964739,-0.789491826398828,1.42581358438434,-0.317740166909447,-1.64327769622045,-3.69387829110982
-0.422192969062934,1.31081312644109,0.195551518091519,1.07880990564237,-0.823638586895382,0.3195262313899,-0.311412894556181,0.0224732915332189,-0.701907922074154,0.80257787815982,2.779035248699
-0.403500099849084,0.508644307418664,0.947884478151923,-0.541605926624096,0.443582188923447,1.45071569189138,-1.07967724544358,1.06018570406691,-0.229398534517881,0.565508108326312,6.92159989003962
1.82522211213753,1.39991090968873,-0.842255224208075,1.04855161933136,2.403889422449,0.306091079190684,0.560654686227473,1.19877795688258,-0.390242802340815,0.664034035534213,8.78330228199398
-1.43913181384199,-0.885651057087549,-0.835402954318698,1.32802021132522,-0.689652995776931,-1.54747548706088,-1.69989057636664,-0.137013050779077,-0.307516022574363,0.0691908572700619,-5.54196459369765
-0.404037333892493,0.0882967385336615,-1.70414670295395,-1.18649161687847,-0.858305167167884,0.241218476328042,-2.19190525448089,0.693314380994786,0.012702663576308,-0.517597667578249,-4.43110095515896
-0.970158158036302,-0.5888794252256,-0.832539202905125,0.788941105989635,-0.835325120399652,0.633844831415323,0.397264872242299,-0.187498900468102,-0.293314164474615,0.335290579632037,0.406953730483755
0.898747414616081,0.931499963081327,0.565915900029105,1.89133667744862,0.276753504131542,0.542288124711471,0.391272201232506,-0.354554000302588,0.942054933142798,0.206228719023963,8.63376595436083
-0.404037333892493,0.177084690553711,-0.838443802939127,-0.786102641435944,-0.410053855409979,0.243365231971617,-0.866588820489204,-0.801481981061509,1.06500925811827,-1.19886311361472,-2.85364017053125
2.18105983693147,0.644772711476222,-0.483946962022879,0.182215659030619,2.9195697888851,-0.0638972496899771,1.95607434496378,0.210210475768451,0.431156677713849,2.12574481414441,10.3505647642682
-0.990051612240404,-0.770385102814328,0.550282935412424,-1.4236413757946,-0.99494183134119,0.25898550750809,-0.961993062445913,0.59497191855099,-1.46062621913966,0.409526846146229,-3.29229386182054
-2.51618527419235,-2.09061251010939,-0.76816495158044,-0.393420193268742,-0.122984890388257,1.06981700232855,-0.441287576388853,-2.07889201790424,-0.894547487625877,-0.0436516675176452,-7.42375811805155
-0.0441846684440064,0.404643464063484,0.11082418902191,0.271800930175192,0.631751302474915,-0.0598288437525103,0.362134903972392,0.0507529097272737,2.0209726368039,-0.538360187786416,6.7586145710246
0.117001907163677,2.81497952608349,0.833005821428947,0.197675844663104,1.61520862854434,-0.0752423282260091,-1.13092870517358,0.111012111396194,-0.152787962282414,1.35218804025492,6.75009936295041
0.209078556008607,0.57706958693556,0.491592098170537,1.68741210808626,0.187956755064228,-0.289551044453811,0.934469736177225,0.977012017862925,-0.127534962282058,-0.242726855206393,5.94207148360694
2.17258829093881,1.76137377785099,1.49786698037543,0.634678247146966,2.30435712967404,0.186529141801732,0.142577089274265,2.81280622386331,2.56666882949101,2.79134130386971,18.6427520262999
1.13226169841397,0.400677773093973,0.935845487790976,1.22556328015683,1.08792700728681,1.33495589507218,1.72711424984273,0.540818423920658,1.08232847629539,2.32278980399165,13.215181678319
-0.200648736668912,-0.472803166155105,0.0744144575681438,0.537112739250054,1.49583906256995,1.53948633732156,-0.289785397172812,0.340983676485035,0.117836788029454,-0.414461918162365,3.57520359177851
-1.20540971333127,-0.564738035904792,0.635921844857734,2.01215393462411,1.60467485762186,0.686524425005026,-0.935117864035601,0.0347216217594897,1.49203555377829,0.43253866660864,5.34781891576051
0.962148015116426,0.187532725068561,-0.541652386419231,-0.03587375750008,0.755303645528771,1.92273410189617,1.24443655594261,1.44943558566173,0.839702559526057,0.566442709600601,8.95136541258101
0.773905554232016,-0.36925868526967,-0.903442656157482,0.230521394216645,-0.857168596181693,0.728812897781733,-1.2464025604082,-0.376357762685104,1.13539414670936,-1.76679926157593,-1.73218763953035
-0.0967940222763836,-0.54160554150184,-0.693639315464379,0.798304347426798,0.924184766523532,0.993086819452597,0.144067223708831,0.300873891574253,0.511025655506103,-0.130806046636969,4.80093090387365
-0.685815115027129,-1.93400323497388,-0.272008824186397,0.453537610613983,-1.7077800044389,-0.763863582526871,0.153797889418333,-0.64295718525666,-1.43511142636647,-1.62550310591043,-9.2871989556797
-0.337625190395542,0.568600391608272,0.71644898010753,0.821784266631269,-0.139322950101988,0.212693448335394,-1.79687501855754,-0.517846674012831,-1.22856347153593,0.100932671102229,-0.729858318144351
-1.43913181384199,-0.320215847565333,-0.13163996298526,-0.667295779243149,-1.40117676334859,-1.12947891218905,-0.235293460999363,-0.792321621929846,-1.85480792024096,0.86291193872116,-7.84010925128804
-0.974582551189407,-0.584589166019629,1.95156864051955,0.649143229146167,0.00248643639486651,0.859000248832189,0.0985793180987638,-0.506494372158458,-0.82117924833964,0.75286179208526,0.20940599761361
-0.153936619314304,1.26374565639857,0.422268286899691,-0.220120249280817,-1.01193870814734,0.426564741943103,0.278791826238611,-1.04808009316704,-0.711779204065219,0.50966403029505,1.9171789557074
0.962148015116426,0.386915543041879,-0.837705486882097,-0.802236381807586,1.23593063450409,1.13524169932899,-0.833141286458713,0.357711776264207,2.15394106529453,0.807620714249446,9.26282512454546
0.509068513197748,1.07163142579028,0.903868586412114,-0.0798788380038381,0.826541174233997,1.16921383296551,-1.10670379385152,1.07006729854531,1.37413428476792,0.702028313652248,8.73467092623051
0.470095813839635,-1.19964147186424,0.909671363361582,-0.822113231783987,-0.76993469657932,0.91937803676529,-0.107292706400741,1.27957418361021,-1.81151569793939,0.271053994229491,-0.37243282705903
0.86219966087175,-0.913451765439729,-1.5922607913809,-0.0481877814126121,0.522907564624371,-1.19885434528882,-0.197705822555101,-0.373805306844572,0.231082046284398,0.233785878936316,0.278961617002769
0.773905554232016,0.97491940072299,-0.535390010232492,2.50812066291483,0.721011985803144,-0.306103666897963,-0.255474630050966,0.0986257347116392,2.24767021986753,0.993091122811885,6.72642479474166
0.157964322456884,-1.55734275801443,0.96046308589712,0.538936614435139,-1.26697416994002,1.02146894653155,0.455127195042219,0.518256409645311,-0.502868993111317,1.10812012093018,3.04150402735112
0.962148015116426,0.214827629245522,0.186199397634111,-0.166926021013404,0.15531897831925,1.039880403139,0.992155573719592,0.738343703134946,-0.80980343230846,1.11396548057435,5.23731347569327
-0.66732779596183,0.910804331793244,1.36968615851575,-1.67094844015976,0.675715439915107,-0.554426547010377,0.10517018771717,0.110424318323475,0.239850574551609,0.887839612902863,2.09426363115261
1.41773651345277,-0.310273896013999,-1.2089712342351,-0.124227477641846,-1.07090592875174,0.750464418351603,0.814504583029125,-0.731831553668335,-0.992080878520205,0.593338985134413,1.50933194034389
-0.576763905547149,0.84428446819818,1.50446618686655,1.27244107344828,0.225155284746405,0.914023495655446,0.439601291433105,1.58714965327853,0.0814943425955613,0.406542065881253,9.97351551467416
-1.50443769657957,0.0214892921200546,-0.378039706635787,-0.495242131161632,-0.470960574922096,-0.499370208810596,-0.562165505965952,0.623566601289146,-0.921004343385296,-0.998342575939579,-5.45255334164816
0.116699666042995,-0.234265570290126,-0.0271423646564442,0.866938915770476,-0.0209870901055763,0.0831443736316408,-1.18250709864263,-0.195272352622134,0.535922953509035,0.602622946685758,0.426799697928755
-0.4977689762689,-1.89484775036716,0.6881378688583,0.84585289788766,0.592185360851994,0.730216762724965,-0.577884979791604,0.314489864546261,-0.168361654720203,0.323116930069132,1.9617294944269
0.793863070391873,0.223136396999135,-0.833263038020952,-0.0389780906113606,-1.29714725981871,-0.216339775185764,-0.270246437982902,-1.17826933512793,0.367575444782808,-0.978587633427652,-2.30294453664671
0.778064949208333,-0.341834035534522,-0.170235089294725,-1.79300548065833,0.45996165996427,1.00843615426387,-1.36664110977726,0.835001668901111,-0.447412068653784,0.62999652014378,-0.176072210019939
-0.249913391060422,3.09356781600201,1.0702402260629,1.86056398210833,1.59355577362037,0.722351041338118,1.88465330454139,-0.708212417862817,2.84360221192931,1.26778379510772,14.0708930802134
0.367261874818294,1.13439451137169,-0.059163229049242,1.18701375352073,-0.57934837676258,-0.154581245621708,0.702329941369299,-0.191884184289964,0.475435825119392,0.290856349004713,3.30868323922119
0.125929901830513,0.551196936270028,-0.48101003380232,0.504610468073024,0.818099265108998,-0.00302325948485707,0.235658104805389,-1.23320429091683,-0.14861662075884,0.863813789798138,1.53138326072986
1.56608497591758,0.270432246724246,-0.0103876848042685,1.47952666904937,1.25133003665022,1.68304350545642,-0.718394560409285,0.512484925738037,0.929315323804593,0.0339801023527715,7.22969518275757
-2.34499490400686,-1.31510625405937,0.136696092276758,0.0347345107253699,-1.33696602555253,-0.733264644477985,-0.590961750244453,-0.175596637542138,-0.117823001175842,-0.42629919980867,-5.57974091637281
-0.422192969062934,0.866022482571835,0.738959717381457,-0.366434521781995,1.54388442284314,-0.232255402836765,1.64286020199515,1.41610888397811,-0.0616522711919943,0.573042267525004,5.90879008406499
-1.70131195967714,-0.663383802739389,-0.75597612195082,-1.03678326350381,-0.600062708658956,-1.47504310930925,0.0256741703769854,-0.640815929502072,-1.48184708803522,-1.03425660616191,-7.08669969842508
-0.422192969062934,-1.4776885058543,0.0731316642898411,-0.232451122538843,0.342544495221338,-0.171904759554852,0.273421338815937,-0.780656602110825,0.0468986303135149,-1.29664414255551,-3.36436759356749
-0.4829376779041,-0.845222780545913,-1.21529135653374,-1.35437274725128,-0.6994460645837,0.0434070386442102,0.0753855451529095,-2.4176283646542,-1.81306293945053,0.780602175956098,-9.09874399420275
0.884002288955396,0.270887679242284,-1.83020825177239,-0.228628896911239,0.963338479159391,-0.759649805423105,0.553815365795555,1.36277544886365,1.04565166720684,-0.137325740885715,3.30473123953424
-0.715044299490639,-0.311797921748745,-0.656246625537145,1.26930704692278,0.32965944468867,-1.76255889146355,-1.18453270642291,-0.966870689689729,0.92685187806977,1.07527883848687,0.699485264513153
-0.0436773905027216,1.73175356618743,0.72391908191378,0.126560890511387,2.76929834330207,0.980809000820448,0.338941441600148,0.0318657391459954,0.232009626016565,1.50527190436647,10.2624139853222
-1.03574555220909,-1.21243588772371,-1.07502775010096,0.166770375017832,-0.603828728905155,-0.857406395757191,-1.69223178808779,-0.0959179368506909,-0.146395718320293,-1.75368274246993,-6.1101627598514
-0.371019194371413,-1.65389563550354,-0.460079840357688,0.820386147027889,0.145670241387771,0.0276048715063766,-1.21257775908576,-0.0310403480767099,-0.496608802654979,0.897094186106608,-2.31445278969545
-0.00805891211604295,0.041952120501865,0.334444087650316,-0.479390139902364,0.421434120874852,-0.812849500509446,-0.584413061812868,-0.454365986406467,1.7083873476221,0.692756154436679,1.98629343590293
0.00884980647857523,-1.27988608802785,-0.32792549153545,-1.08639135116718,-1.34625322080589,-0.261363793668771,-0.709807190699174,-0.361310902090772,0.797229525230859,-1.69384483039852,-6.9196933952504
-0.66732779596183,-0.180369746450192,-1.35689253782383,-0.32444683697434,-1.46747098407513,-1.03731374468492,-0.506366786836839,0.209333431138666,-0.796346791276244,-0.523312524467466,-7.41130030381509
0.203724776409151,-0.565079613585044,-0.253017652776583,1.14643454502162,-2.58846296790556,0.125336307443861,-0.797297232379787,-0.34981687775165,0.697658522894177,0.317922153413087,-1.58992616083723
0.0771278039794979,1.11191362025672,1.21610641707429,-0.198604030425474,0.358989771779087,0.395237734254308,-0.463678595928047,-0.343947997416341,-0.271755170362058,-0.692656378338565,3.52753498698071
-1.70131195967714,0.43869166918504,1.2643398429796,-0.0462297702563097,0.67713488408979,-0.601647045452216,-0.464660409972735,-1.44702063585525,0.533733375133606,-1.41123084259412,-2.85057212873808
0.904766155886303,1.07205099036561,-0.074484926339856,0.0457965304877825,0.235612315785658,0.173266207989212,0.701509790094666,1.53397124078126,-0.906629697109472,-0.165176989208474,4.76723636281099
0.165041939393198,0.807627857495276,-1.22187705464948,-0.380627012842655,-0.75163470342325,-0.89292731571815,-0.824638886944349,-0.210539673676512,-1.40475087061611,-0.509116843404786,-4.16131360895743
-0.974582551189407,-0.702804425914773,-0.750095716294832,0.730465909613255,0.191546367997668,-0.787179786100525,0.687438439823765,-0.679477712525432,0.810134490295148,1.08501238291586,-1.02473129730184
-0.637793610278346,-0.0860169577422216,-1.17384943318957,0.549299972799763,-1.39277284685957,-2.35637372868859,-0.1019328682864,-0.678112771978442,-0.719890095635647,-0.917801048384948,-5.99548334140139
0.425294568271466,-0.442991641665804,1.18511679489591,0.0792009799658761,-0.470540458060229,0.498462877993878,-0.266604813337517,2.34156927898978,0.783751600711267,0.456661085059908,3.45040355480643
-0.152222698965429,0.511181280141355,0.485785930080249,1.85589835707481,0.27359366681984,-0.905245967100426,-0.935245914356292,-0.384960413486075,-2.77562248869743,-0.507447090777533,-4.01370423130183
-0.911663088805397,-2.9942428614106,-1.39574983400044,-1.39302980634924,-2.83330070889611,-0.163098980425609,-0.886432845578277,1.16765680346378,0.239127179833686,-2.31982271414682,-8.60987413013063
2.39574224536114,1.0916258803437,1.05287678521159,0.416581955075308,0.776154282579227,1.55019306396178,2.98434582377861,0.55584058643023,-1.08441034950217,-0.229577731702341,8.64335107259101
-1.81890438493906,-1.28968289879133,-0.859024232593213,-0.0636895429392896,-0.859626725378871,-1.42969182771162,-1.93352075608128,-2.10938894946711,-0.0539953277900463,-0.145864931183478,-9.22341455990548
-0.845998565804029,-1.07667374160628,-1.00507819254243,-0.534144899933389,-1.1607386069021,-1.28358550853319,-2.14284057650792,0.365588233782156,-1.05763735684269,0.273040288325743,-6.25262006440305
0.904766155886303,-0.0817177994827989,-1.16099277791037,-0.489465901036772,0.759296427045678,0.556529021584199,-1.05349554363702,0.86789390123312,0.109356109630372,1.14280848938753,2.28903572290277
2.18597705157313,1.66387030188984,1.16515402386108,1.42820763934301,0.453939547117961,-0.180144806790259,0.580111364353718,0.52562759970093,0.328721368965281,-0.672529129068242,9.11957126722196
-1.03574555220909,-1.35806356301204,-1.24793723398927,-0.187720251371306,-1.15540349485503,-0.808076187416627,-1.81201766249933,0.21747632443202,-0.992541181516331,-0.516358131022219,-8.85813701554804
-1.72883579362329,-0.709868543201261,-0.664449015643299,-0.302400003724277,0.164925939076488,-1.02787263141765,1.06940947998954,1.34612101908774,0.46627079673757,0.200564315250426,-1.34966178888892
-1.00030928363436,-1.14371661481335,-0.26338198060613,0.220892284220839,-0.61693673401074,0.759513785866498,-0.399818303749695,1.17168053523894,-0.55999880951239,-0.629069901938028,-0.46834196793321
0.561028770591753,-0.842421627305085,0.979319310405602,1.93741260699713,-0.310752746778536,-0.598228332663223,0.650291098400386,-0.529036076246937,0.969072753542314,-0.464200956023292,2.02192033501072
-1.56567033014923,-0.395157886855688,-1.29048558416633,-1.58204631455841,-0.679330136499837,-0.743883779180404,-0.370563789190359,-0.914392888102531,-0.616017286601819,-1.14439783582513,-7.87780840601892
-0.404037333892493,-1.45093744685946,0.0106658554706362,-0.300386606863219,-1.5218463783598,0.932029751918975,-0.634071844525879,-2.63070779807285,-1.20295864198094,0.726170322377499,-5.45658790010327
0.369825744443385,0.265403281866886,2.39854637369058,1.52102316533132,-0.39041446115418,-0.675370968130858,-1.79962283305161,-0.227051443547776,0.0650585523144345,1.96343587281578,8.40958912484071
-1.60663615507521,-0.475544112823633,-0.684884506274609,-0.253225775871746,-1.92383013487795,-0.468260246232658,-1.52640465701388,-1.34019061021432,-0.578796365091281,-0.996904440028096,-10.9300705523748
0.904766155886303,-0.633292833229692,-0.142621183652543,0.524593121181618,-0.610456981279649,-0.0238131652970663,-1.85175729649465,1.21375000375631,-1.30835325803215,-1.38363435010836,2.05735254964606
-0.909305090539096,-0.953521170736655,-1.90247370533249,0.036455232934133,-0.286305789860929,-1.60637732883874,0.655601829619521,-0.896054533155898,-0.731610344582767,-1.67888872215701,-7.13903751185391
-0.0720911304749263,0.392859818801307,-0.63381691525541,0.233160433178636,0.91613461094142,-0.557523333273832,-0.0065469794469692,-0.19539657148347,1.19285808352051,-0.373273192991362,-0.810692404463552
0.799916961893896,0.547932554194404,-1.13534194168787,0.94419040890669,0.674411185640927,-0.860288630693021,0.138445718478389,-1.92602513607036,0.374982797947794,1.88144428600119,1.15176351525348
0.977635636602923,0.251763192501682,1.40587855765684,-1.92268429484781,-0.560474076899917,0.0390203010931439,-0.151996514981807,0.390970855822587,-0.535834649036802,0.0981898684853432,1.68645471400476
-0.878867721556701,0.563646189809897,-0.588742868734914,-0.697842277974312,-1.64001550524822,-1.77595543804087,-0.228805233093645,-1.12555742560277,-0.0292617701190814,-1.81030279418515,-6.75582518489049
-0.4829376779041,1.09876812386642,0.505443376217661,-0.125781920618961,-0.143347724262108,0.88400453868701,0.11383398309265,-1.10836877224835,-0.255923164545187,1.50819249659123,2.81883380424599
-0.553313852741242,-1.88419805883164,-1.93408331867224,-1.06429780965142,1.09625045485646,-0.620708331115593,-1.89242928341093,-1.74672028341158,-2.18488393286582,-2.15317837202471,-10.3899646953113
1.27314715970514,-0.114329085218677,-1.87413900988279,-0.135843972898639,0.232776834196605,-1.45432611739862,0.65282659796432,0.144186784065841,-1.60009511882851,0.776460193453118,-1.72223143874006
0.00884980647857523,-0.406753113735589,0.305905801857899,1.15004427772429,0.305435841614354,2.03808139523826,0.775062770073148,1.3922402173248,-0.156498740629603,0.789621625132715,7.59019919452113
-0.997649094048422,0.117805325046284,1.29885515857472,-0.30918131972023,-0.199739625782719,-0.234928674485034,-0.00080094134876158,-0.0593277536069826,-0.319248755067766,1.03876997142365,-0.764311700371127
-1.56567033014923,0.577744204611021,0.487369345851194,0.068655365885527,0.144220019881333,0.754721006870948,-1.12716984296249,1.40214513235779,1.16620058489304,1.15710745405771,5.78988771075322
0.423071241712441,1.92019048580204,0.869305687965183,0.770568883681494,1.29323253188947,1.21546532042281,1.14325225441421,1.4414424843098,1.54626724581518,2.79310643975004,12.3420639625784
-0.520966148216866,-0.671100009834865,-1.16034442096817,-0.848133814062592,-0.292381604492524,-0.224596402733714,1.43134893188646,0.920321326413394,-0.520553194014695,1.03053954305085,1.9258153391994
0.307706104378156,2.13655519967843,0.814763324438252,0.797908776733266,1.11469737652188,0.83451782873901,1.53293286459206,-1.15516947248283,0.254156075007646,1.18226373131112,9.43206977105606
-0.396135106155131,-0.667729795828887,1.19545677034876,0.235381082382305,0.780603631610091,1.26930568956277,0.904525078179281,1.21130654008652,-1.50280173403356,-0.437790227283714,3.65679639460104
0.826001518163838,0.129701449264837,0.475944398810103,0.566240037978892,0.507562621400511,1.56909291655604,-0.465310080066392,0.207299532132926,1.05212918380755,-0.783083487007837,6.29780979378165
0.902252593565405,0.336618172556805,-1.47731283687132,0.891775948081163,-0.781694537897559,-0.886468835861845,-0.32892643725478,-0.0151029130611072,0.615162037737597,-0.574815813272514,0.358728722893627
-2.08070860868054,-1.2308030135674,-0.666272309949751,-0.251780180444998,-0.943818369138321,-1.82975788051243,-1.12159910712634,-2.78756633975354,-1.10569245445454,-0.943146321392804,-12.6405180055354
-2.13862553199878,-0.890468854425787,-1.75098118603846,0.704661578749424,-0.723120556305559,-0.863782770581839,0.211271619117888,-1.02729803203539,-0.563688406244572,0.611330320193325,-4.84956038763452
-0.756100431160385,-0.164245477729795,0.237797032223685,-0.519351629820316,-0.319060764639366,-0.835661569754782,-1.09247748959934,-0.568495844194756,0.652466181228705,-1.11666704627711,-3.09547868250093
-1.03269027267295,1.01711392319372,-0.960744449761941,0.337779320392736,-0.0961932505878072,-0.514600960439546,-1.19915819351101,-0.61687258008491,-1.61490668300662,0.73608057992152,-1.72918927799392
1.55508431527662,0.998927691820618,1.21140396540656,1.12816059525805,0.395176394064889,2.45370090419039,1.44248603376167,1.76260719592227,1.50851527992557,1.29367297498614,15.0307321771553
0.393574866752787,1.19268423467289,0.24785221585272,-0.649245756432901,1.02297401512502,-0.302822673311685,-0.00635075212759839,-0.108727344868294,-0.635568878057853,0.681333035299831,2.55273570070469
-0.170864069684651,-2.27412541627586,-2.6913209677418,-0.172211362744612,-1.28784083565512,-1.60850167079771,-2.0738323129466,-0.262726880849359,-0.46104966728628,-0.979575117349854,-11.9173350161272
1.31748928307213,3.11974202351459,2.99809208775201,1.90488356008692,1.15298795542961,1.95152940351619,0.100979745664783,0.642954189041404,2.02083187221576,1.47760916172146,19.0749760974137
-0.752141082965941,-0.173446472531526,-1.69133013371277,-1.50150037022181,-0.778251787065146,-0.20079119571488,-0.950507697123193,-0.989255068875353,-1.50118510260638,-0.205980846226588,-6.46150958388315
-0.298544410827428,1.72862838636599,1.81690214180198,1.13012679723201,0.754757781110833,0.37307319686398,1.52565417707514,1.01263578510004,-0.787698343154638,1.0535488393092,8.6506388649841
-0.153936619314304,-0.639822638346898,-0.466062903400826,0.251986481657269,1.01963198824685,-1.1389199929223,-1.08290209310459,0.455365188412413,-0.795486580468237,-0.839644755614803,-2.90791563205113
1.42143187859933,1.01888704513748,-0.799053845154606,0.660411747167859,-0.793028394233605,-0.872404108154522,0.361140178480877,-0.283918063780075,2.8995642256281,0.475203304411441,5.53827452838797
0.328242472466141,0.894410991644711,0.798995242342357,0.906607531101575,-0.633673733771878,1.40301971995661,-0.711598583288862,0.599993027037396,0.472914056006672,2.34602766807607,9.70534457860422
-1.87600884696788,0.0800763415818001,-1.5386404155583,-1.85901182966939,-0.169226868085485,-0.228895579961612,0.231832630584725,-0.0656189351023746,-0.285460491385232,0.0924695900336738,-4.36898193218615
0.233002357766981,0.421224372086524,-0.280196150061541,-0.113569711794157,0.56379843033124,0.45489526863144,0.177259870288167,1.77278039002868,0.262133840491793,-0.853520815569119,2.10700336015521
-0.180685300890109,0.0420277837305344,0.80700670517489,1.08697714766842,-0.841783694727807,0.0233474161828315,-0.507126210307326,-0.257615086501223,-0.949379741175337,-1.81434048833276,-2.9678656523698
-0.404037333892493,-0.876846572013458,0.83132268210169,-1.15086447268595,-0.75497015666254,-0.146895715464229,-0.394428426352905,0.0778610273418369,0.110905709921156,-0.324995636039881,-4.43772164456612
1.75497328647986,1.12890954549066,0.973353147645009,0.0478024643633317,1.82547198414924,0.938195401211372,1.06594408937497,0.790262004846433,1.65974162771843,1.36149965256455,13.2552436691498
-1.55898352080566,1.11120275973991,-0.510617255615574,-0.739030626026415,-0.183729878205639,-0.647399029139541,0.449076516372931,-0.762985980815036,-1.16112680974717,0.622039728510545,-3.45604272499215
-0.73858820946823,-0.199671361797031,1.28096058563302,-1.63812258583323,1.25013310388454,0.298485872774445,0.0359179315603438,0.272640617345359,-1.99207606738147,-0.280896894985645,0.924186498091174
-0.942896207161531,-1.07796934280819,-0.518761282774226,-1.75480124389774,-0.670040828475712,-1.69791012294593,0.688988919987646,0.363984943834121,-1.34174798655687,-1.04300020807565,-9.25235216539197
-0.877279054175753,-0.388483165949554,0.529061243340763,-1.21666852581194,-0.355032886664004,-1.67973194978393,-1.15015248184785,-0.48035120438871,0.118770647190199,0.415942341250696,-3.43355204313064
-0.86684964044473,1.20087797230028,1.22189910043491,0.466442283184794,0.615595779736027,0.672769588018819,0.423486746871106,-0.476949803963298,1.26314417195811,-0.428564949926659,6.71122885894294
-1.01432750420868,1.38482116361718,0.000717660419833094,-0.659287874227311,-0.856744104559149,-0.721886474929397,-1.26144891194814,1.15458206697489,-1.68374606993337,-1.47392045426175,-3.75881187863254
-1.15869582977858,-0.782132223300897,0.347268056885254,0.0465067155063815,-2.14015838655723,-1.13513839817775,-1.48943182790063,-3.89661041118591,0.0416363694038223,0.214062044482007,-9.68131953984675
0.460222410027456,0.295624162746369,-0.228397876949644,0.994966355338803,1.10066210296924,1.55772621417096,0.982599857209353,-1.06273837053659,-0.595051949094942,-0.131239297523122,5.22710184285
-1.06708189856111,-0.782900286631415,-1.30647476413917,-1.46167130097794,-1.12180594819343,-0.686971651183684,-2.32037459942168,-2.08437661135871,-0.423658232432133,-0.634756496480472,-12.4050049151059
0.0729569632132709,2.21558961968584,0.866785854030256,0.352777392677971,0.769767899512486,-0.196901572524432,0.902959708079525,0.695494464436761,-0.360739251772299,2.00817962909652,7.43644467493474
0.793863070391873,-0.552864121795218,-0.706776275675576,-1.16198721340552,0.465814976703316,0.474496757162749,0.0978069330485653,1.87724567339864,-0.691834656275958,0.587736806049252,3.11685323177079
-0.524014247372976,1.79146165670748,0.518107583112833,1.87948913479269,0.233344282251422,-0.200842013973917,1.80396943080302,0.304200373756236,1.70228140874304,-0.422385695523018,7.25889937756269
0.139737985325847,0.330175292214681,0.87650197033429,0.866857089322238,-0.53304115103735,0.987307697568247,-0.594887724784121,-0.997081715615741,-0.159237315254743,-0.987100884415457,1.08622574569941
-1.10547571827925,1.64154797835802,0.635957295095769,0.0535052713605084,1.21988606860825,-0.144103975214088,0.184275832778164,0.443208634374859,-0.602178331652496,-0.44886154926221,2.12094519775642
-0.0372376054307206,0.755021156423288,-0.0606968658783891,0.199485821665425,-0.443020556072138,-0.168595017840643,-0.0735401564346325,0.163601272579257,1.17915061937479,1.27435189048109,3.00842620584387
-1.20540971333127,0.236977639934145,-0.687009539855318,0.547558705638239,1.07935929310582,-0.80438714809077,-0.175827925306803,0.877791262094349,0.141062737706228,-0.630310729229057,1.1493010311299
1.21786943378633,-1.09564309237801,0.991373947682613,-0.216526824219332,1.73117248677985,1.18790265284907,1.17649832323269,0.452658496740954,1.82909009080004,0.0373454513911449,6.99067733137325
0.646294089779839,0.274433233164819,-1.22467810478417,0.503390849849783,0.170534762194416,1.87097420388949,0.901774167443878,0.104349294875214,2.82834719605532,0.0365376142704398,8.74434413688632
0.0167124360954761,-0.915469394402177,0.974649358569593,-0.142445129937614,-0.275073882072281,0.510926055966931,-1.56218712448427,0.766976133175598,-2.11633498211784,-2.30588862506891,-3.72415463961826
0.66672211843886,1.14850046495189,1.0514525641799,-0.451597426743424,0.783885828409902,-0.0714002228929757,-0.245191591666686,-1.81803663878234,-0.048685745975402,2.30708033193664,4.57679253893853
-0.701912346393162,0.71703234941546,-0.531227831994019,0.387815323003842,0.904706850596686,0.3607910129137,0.212287471792717,1.37316917817496,0.35938393038301,0.325097958848985,4.29771899306116
0.71730996109923,-0.0170053349456641,-0.217193818322936,-1.27733450515011,-0.0510096924093465,-1.02649742706645,-0.510187175453279,0.386751325210918,0.2204730130825,0.063690951788406,-2.07476935548599
0.240673409556112,1.12825408611394,2.28424348524229,-1.12878280747656,1.71173020867931,0.724690011179697,1.01743932764805,0.878239801534775,0.590678871555632,0.75068922459971,7.68904385467718
-1.72883579362329,-0.341513880794187,-0.915094743819039,-0.86651496446254,-0.419412052897262,0.726352519786567,-1.07748516666775,0.769058352713094,-0.923877217101884,2.1367238278069,-2.73185997926462
0.572994813913885,2.17672306611314,1.32793051797724,1.03631939042821,0.769052658699657,0.902720792145472,0.349605962148531,1.2587143633658,0.926803241561744,-0.782240317930086,9.4468401031791
1.57640173424449,-0.526981287871115,0.0497058334308331,2.10102679501264,-0.258071544427635,1.52710266268242,-0.578777362273633,0.311053195730984,2.38183825409235,0.103143561096253,9.42466717855599
0.0501692323494492,-1.26716421504713,-1.94775383434517,-2.33369993761629,-1.16352054767915,0.291976126018626,0.447761837863008,0.298921610451497,-0.30986652585758,-1.8341386299305,-5.09309326606916
0.638584000669158,-0.595665520590013,-0.765096935400483,-1.62124824694852,-0.263666581295263,0.698652839198961,0.538472149328638,0.560708862479584,-2.22975862989809,1.4911335732756,-0.908333445411345
0.386988635383141,-0.556360276870766,0.0281735354604386,-1.86093600466989,0.192586352499726,-1.12197274939165,-1.56685791567824,-2.38449338954385,-2.38524601696685,-1.54933483225135,-9.42860064502438
-1.41341612319941,-1.00206028461934,0.236397121414256,0.865096737174273,-1.93240669375287,0.602376064346009,-0.13428650101267,1.24073738230847,-1.39830524217079,0.223179258315179,-1.860986824739
0.977635636602923,0.837209149609537,0.707938272582846,-0.518136605535845,0.67147305581065,0.947222298562161,1.55236059166329,1.51902626720401,1.13569334102563,1.58399911270028,9.55750932026156
0.504026030150945,1.43296821077389,-1.46065175301359,-0.752362758947527,0.368597700423784,-1.86558236559829,-0.0677637524521169,-0.421635323880105,0.00715921209046122,-1.35272201285259,-1.82064488790604
0.183546386016241,2.80043847686446,1.80020123985823,1.64995643380184,1.6986740183632,-0.943611600138284,1.01469698477005,0.902282245279033,3.35018164320562,2.20365683169068,13.8367534237737
-0.40247269756289,2.21152615740742,1.11292918471354,1.75126013100924,1.6430151427746,0.533320869092057,0.10807925551826,1.66139029724782,1.5530579716236,0.125762656123569,14.3418880119179
0.198839376726878,0.995561155030131,-1.91429167522819,0.680141662720068,-1.82335044978164,0.0523097599965162,0.569570605839174,-0.104274523985096,-0.405370324252474,-1.08273356642866,-0.734670536861959
-1.05560366191101,-1.46570543088481,-0.20072273782856,-0.91692256739129,-0.611715759848182,0.0434389079896295,-1.1797212999535,-0.0799240544650945,0.0759344421780046,0.212019966298454,-2.19426735741619
-0.435285830446911,-0.0397621728033304,-1.67897416529322,-0.837388476836293,-2.71396677330146,-0.859812717621746,-0.144489431092708,-0.204976535289382,-2.00015605780617,-0.290636235839272,-8.76298568906023
0.449349429968311,-1.18060432821115,-1.02141665754631,0.466544149285335,-1.36633186103599,-0.571890184420694,-0.70211359094745,-0.474891287897025,-0.916749670566844,-0.962068756139134,-7.56720536496377
0.83115453726153,-0.186053506914587,1.75202543995742,1.58970308642766,-0.625321073013594,1.0992170325296,-0.881172193779274,1.13009096573323,0.0694958409027191,-1.4870361901092,5.04423240185579
0.549370914086167,-0.373192960614679,-0.443764248458068,-0.897245878528265,-2.27630789238533,-0.905563654208839,-2.58590670805736,0.0741140015542748,-0.680252973611559,0.94521948111951,-6.11342956709078
-0.132227903306109,0.350927259099163,-0.566475237284209,-0.0146111788488201,-1.18101571756016,-2.02665848690437,-0.959478666114852,-0.639971287680135,0.856403259356501,-1.18657622822589,-4.66691802974163
-0.404037333892493,0.0980792192352518,0.424200895526088,0.586916876064908,0.559018187834054,-0.626387538438262,-0.113248081760496,-0.306297063093684,1.00148012329333,0.883688915666059,5.2177092048702
-0.970158158036302,-1.94930569496786,0.0819494258343513,0.113767487393153,-0.278443367449403,0.512202980655214,0.658033966170354,0.0393433295259432,-0.659557094500129,-0.268941492109554,-2.19319859661565
1.16165843006965,-0.131615303378778,-0.152874244672345,0.652857041188029,0.582265531057542,0.210045460200575,0.798145619237311,-0.176818321987326,1.20033447536433,1.61899572876195,7.46898170395241
-0.200648736668912,-0.034621957247863,0.476666557317681,-0.542615763866595,-0.0606150167637515,-0.0572425458284004,-0.388106526301882,0.117445773606892,0.413836635077336,0.238121419259342,2.5217691799194
-0.152222698965429,-1.57454367784587,1.84150172845186,-1.51712822280144,-1.07520781973211,0.396520892933263,0.491538701409305,1.12644747317326,-2.12687679253346,0.209505998417205,-1.8807294564235
0.994722121331665,0.0886822385424205,0.459066118396919,-0.377319060966037,-0.0283822214394865,-0.336327440680217,-1.32305445162482,0.240258639984747,-0.344918171232343,-0.0275315718279428,-1.38890713389317
-0.4977689762689,0.0912214140784461,0.991549636483444,1.13677141828131,1.14621479820844,0.437317867579301,0.111005208628647,0.610901085678655,-0.62932017006811,0.0186428890562294,3.582512690264
0.869448083822353,1.42226806915082,1.24649400909218,2.18683587020893,0.208956305197039,2.53694418094397,1.52875968653917,0.118807727999776,0.580209971386983,0.270510194032644,10.9104925093139
1.56608497591758,2.65724279890996,0.0146545525335606,1.27784829509683,1.07036808641713,0.969082919696116,-0.801724884020072,1.06020215846717,-0.808010105908802,1.14939770980573,7.47404342073115
0.292955998922569,-1.67757898371102,-1.72453146733148,0.10149300914459,-2.22878996418249,-1.14492548454664,0.260963341843692,-0.570538081949422,-2.53259408265692,-0.598894429720994,-10.6198572059328
-2.33820077885976,-1.57930836727043,0.0302385981972971,0.2102203891098,0.500594187051252,-0.423138576081205,-0.0489307214462557,-0.637664167474521,-0.0604018562241567,0.230225880030779,-2.13984735620844
-0.535807707266486,0.300472386714975,-0.947681967696862,0.349003997305452,1.38713188032145,-0.80662719021146,0.0857896722940937,-2.07153546400228,1.32167709218097,0.106289516732724,0.701858093606635
-0.992949549255832,-0.96189199647336,1.5223490419383,-0.628380417119516,1.51075838339818,-1.70707876090064,1.4176419164858,0.522916169068037,-0.662049391196804,1.26323311895729,0.361774057234046
0.367261874818294,0.53365288934283,-1.19041452867118,0.884191742312248,0.111528181437024,-0.0599499265234071,0.718777566287369,-0.00437571172726237,1.43172017450055,1.92066853954823,7.02823542022928
0.627220197657079,0.493670978681898,-0.410140064453205,1.14143027447057,1.02945634142843,-0.351388664622313,-1.22544135723553,-0.491656676178517,-1.26174329687406,-0.744344826055786,2.81073716104395
0.221161620943602,1.11560026311058,-0.0692771489133863,-0.151204999050052,-0.494939409046372,-1.32743098240825,-0.436208565316889,-0.779865302054892,0.0445743815827408,-1.32031402540987,-1.73694422598012
-0.816842329731586,-0.589877297773614,0.410444565437705,1.31532395284683,-0.455417535437635,0.623569008675361,2.81090861699929,0.4597732319041,0.0189653134558782,0.0588741706466923,2.83699239601515
0.0752138649825504,-1.9722722254014,-1.6545508792767,-1.85405412566672,0.842392706680376,-0.922601507134559,-0.956686213622223,0.554669004511318,-2.43930808933638,-0.61600406769261,-8.11632341030439
-0.4977689762689,1.447959555988,1.31058702639814,-1.07701609003081,0.608927988773663,0.794204241737283,-0.117998775947129,2.34488065546965,0.473577578074436,0.0570290301890308,6.68254540254699
-0.249913391060422,0.174208772133527,0.379422486455713,0.103419123985204,0.598713929743777,-0.454574298610621,1.16168066272873,-1.54797922732838,-0.767355390523665,-0.555387911563193,-1.51593346770588
-0.524014247372976,-0.415863115005883,-0.833931413505972,-0.190254736591565,-0.992939599455273,-0.536682731607412,-0.829100933372583,-1.43385844012488,-0.652267016387625,0.114642833515647,-4.90844956043751
0.904766155886303,0.659372570158768,-1.62947116867117,-1.00685103953714,-1.00447883674677,-0.605181076786892,-0.563062585752541,-1.31001227342916,-0.851769050464432,-1.50143404801374,-7.75908475845582
1.45988705459415,-1.11980507662347,0.620614685054117,-0.682171400135475,1.52739470467284,0.751985893735229,-0.488602866967741,-0.0246273816272212,0.421113209743213,-0.451680203844489,2.49779999821152
0.307706104378156,0.437468143914358,-0.54948947590271,-2.55573228805682,-0.463908408106536,0.716579989677195,-1.04732635146834,-0.680509438358649,0.414276765438611,-0.0596843849586776,-0.683782778022713
-0.153936619314304,0.278562196427456,-0.772843158465496,-1.07911659136245,-0.700967093833173,-0.191733423500617,-1.32837344085563,0.188975700600204,-0.540949758214879,-0.0675139869564165,-3.87692866356439
0.683323469007994,-0.37276303774811,0.556536351876366,0.796346604042117,-1.86258760982435,0.820893464670152,0.0260367350826692,0.477148708064574,-0.908544218776529,0.500463616691134,2.02451051137046
-1.0824269087848,0.287902615557298,-0.505272719121353,-1.11828462654543,-0.555090021888867,0.773797418593166,-0.380771038098277,-0.303538091397869,-0.967165527170997,-1.24406680673275,-2.62874173446276
1.55508431527662,1.43377529685151,0.0515375198440845,1.45406183598063,-0.698252167515925,0.992163937452929,-0.303954143285793,-0.102117148065937,0.178502178671399,-0.778229819868276,6.02072537557103
2.19108597655175,2.2251831534907,0.226163709534336,1.93165320924819,3.01256257431834,2.0848556156259,2.75570535702334,1.55519327196541,1.46044985552243,1.8478762600253,21.1953727807051
1.02742023868145,1.58087214727018,2.13143475826612,0.830878957582451,2.70809645863087,0.0151831423809066,0.881725333392124,1.57206805981965,0.546770621001993,0.703637502114157,12.6798587122381
-0.949990659416873,0.824203330249024,-0.854889780008731,-0.318090545760776,2.67483729374813,-0.860368231251403,0.755083598439098,0.406790803783154,-0.300084344150207,1.77775307001364,2.28117644168382
0.252771328273648,0.351400920519051,-0.0822115396624041,-0.295604804781306,0.1207403284588,-0.296464185998019,-1.75343188858943,-0.147409776052075,-1.4307175778905,0.409277444861527,-0.311640612394798
1.16165843006965,-0.371122039181225,0.00739227887183554,-0.756489411935202,0.0016255687458078,0.673403250128987,1.89469811269384,0.937780525151356,0.783303951042479,1.80909117527194,3.7503535538792
2.41686867122462,0.957229888270286,0.0709581424594907,1.42875486784736,2.00224729975363,2.27774503323992,0.941623251590451,1.69460448004445,1.60634447077439,0.440825109241725,15.3550382463208
0.66672211843886,-0.973712942738675,0.56776683582242,-1.83432332360399,1.03101721508658,0.575952996056115,-1.52980869600235,0.112035159236892,-2.14049098670568,1.94031792091107,0.642000058308253
2.27883866494387,0.644931453336317,0.0417182339863524,-0.602437799242932,1.3637267915822,2.4285101694115,2.0018823898673,2.74762518764345,2.01512343965514,1.02697900985564,13.9554618903602
0.627721728584535,0.0680043501718254,0.76788920857213,0.621901197715538,-0.68561806886447,0.567184627605613,0.165869545881477,0.928954030111623,-0.784763983218358,-0.861454780303279,2.47456546391228
-1.12195757345543,-2.24138700177567,-0.920140873997317,0.174019212678855,0.212607171709349,0.940527086879033,-0.115608872614887,0.515594756173243,-0.132370858603476,-1.90739123081475,-4.58971614237101
0.487918504795657,1.4579536124144,0.939406527939263,1.49737285916802,0.481434003894712,1.33641971926304,0.23219812911774,0.598058166527346,1.66052187060058,-0.808335205625831,9.48448665465817
0.638584000669158,-0.0659082182770472,-0.426462293112008,0.301021924030534,1.49371721721396,-0.115911784051242,-0.539747293793268,0.0754374616854773,0.364567149453803,-0.329004821521792,1.19918831641076
-0.0595040617765246,0.102522178477878,0.68142847255706,-0.0391396100307121,1.26858096802105,0.962692806126674,1.12246509641399,2.94630928751985,0.164700992704423,-0.917118821658552,7.92765612973659
-0.752141082965941,-0.535890435936199,0.366151125219815,-0.543167778867844,0.649891780439014,-0.191092749514286,-1.64813754780449,-0.367222106124049,0.20461135724057,-0.763732376125185,-2.23127581544119
2.41686867122462,1.09129532239293,0.529162985768102,0.0672069622625528,1.210992275307,0.119322117882669,2.36155611283665,1.9771543688385,1.06275490840299,2.4219483433473,13.9153193058319
0.51720716979723,-0.957756799638183,1.03026107607215,0.668319489800842,-0.65994643997439,1.03131273312805,-0.390468498856407,0.387787513177551,0.925067419629457,-0.801911228719982,4.37952445985949
-0.4829376779041,0.865630717636336,0.663364322478342,0.506578184980024,0.050365629928399,0.735787709879528,-0.385197940005318,-0.0501274854209952,-0.419681340893271,-1.04916978154685,1.3413179549992
-0.132227903306109,0.242928362097324,-0.118362233707322,-0.729693236343356,0.336396864975991,-0.142701767276525,-0.687735395701683,-2.31648169091334,-0.868628732219588,-0.994765431247224,-2.90174420215425
0.43009810698716,0.0621346539029158,0.241798199320213,-0.971174434792981,1.52132268166753,0.620202085176917,-0.637481126294987,1.48327259908185,-0.565078182803552,-0.915456485511082,0.925374428924939
-0.685815115027129,-0.301821044539523,-2.18199161212233,-0.537436960292776,0.120634630689712,0.237013186413194,1.63169482468698,-0.409972090780487,0.0329195385860944,0.243016011366453,-1.09819620094171
-0.53772039572913,-0.251627913743344,0.0054456497154986,-0.182610399625108,-0.72185150086224,-1.1189642372982,0.846746979278882,1.45819330929272,-0.587390502383561,1.07836365452804,1.89436776344038
-1.85960633818277,-1.42341627241886,-0.244588199252373,-1.59967900161508,-2.10582681568651,-1.75691686762328,-1.48335607922268,-1.5610881377985,-1.13461413415925,-2.27045594523618,-15.6929275164766
-2.75357086353881,-1.14166809598948,0.863941708756146,-1.13882597250031,-2.07451472339096,-0.246727375356022,0.412517417225787,0.316103739168339,-1.97034819485129,-0.839358791668424,-6.77459773394873
-0.229630151895429,-0.303778920720999,-0.206174324996602,-1.01185495674782,-0.298630892201575,0.730380142063697,-1.67442077341084,-0.0487271296234877,0.885601838795936,-0.0699414702322523,-0.376811708877112
0.62590297793988,1.30811844489615,2.14162225803812,1.37103205513891,0.0867861850903742,0.40874685408832,1.73112134302892,2.08203018681326,0.520795426549355,1.03849052156577,11.2076254514159
0.2046917360052,-0.227570922423073,0.928952082804497,0.814111868499114,-0.652593383299498,0.479089465335315,0.548697267901721,0.940581215795633,1.29383130282875,0.777391977582157,7.77639364629559
-0.798651291376798,-0.886668746103148,-0.171529319778452,0.0707464869790651,1.16860513560875,0.955047111478183,-0.650682906238843,0.94435319803339,0.99770190565772,0.122193786725978,4.10075540004577
-1.1435296918069,0.919339916652812,0.472736585929675,1.22745697412712,-0.554419075655144,-0.419103745558767,-0.0953922039772351,0.0784168831823265,0.200652962193299,0.742780369066545,3.17748735364537
-0.152222698965429,-0.592135406824814,-0.614453233526632,0.143279461395472,-1.1471886424177,-0.0223372620197207,0.637228889994059,-0.982705473690865,-0.472131007527992,-0.202207509811238,-4.20434781879915
0.574531800715722,0.555321902275348,0.425706197130713,1.12321056424228,-0.350914197984093,0.63444490845785,-0.0358823932739588,2.61847464748076,1.12010771794359,1.06874086554128,10.0647488315747
1.02742023868145,0.236924379311707,-1.41729025369386,0.159623541078828,0.671844451472159,-1.04222638032693,1.28886065350518,-0.242238590110509,-1.0072432257098,0.753665242088097,2.39459905428629
-1.32937159867416,-0.628135622077233,0.662898964929588,0.328781824816617,-0.8030008284,0.0722152212833807,-0.0537333945019748,-0.061261067703461,-0.345344575167316,-0.734204962583485,-2.41644318932192
-0.470093535616786,-0.982271903341297,-0.426955815392917,0.875331816995164,-0.775411125476989,1.12641004019233,-0.900863314404173,-2.21021735421219,-0.843425936677435,-0.301444486428697,-5.19029665495948
0.915719465482739,-0.384811780801946,-0.752425628502942,-0.16268270686207,-0.986798118445829,-0.0789463093512475,0.666326531740495,0.428297562611077,0.307932702596303,-0.381403721969953,-2.3272999839333
0.240856557390838,-1.03874714378098,0.4063538214228,-0.373546239906724,-0.101622687637563,0.0579822801121495,1.78506879745416,0.869067809080775,-0.56907316362861,1.10008019184563,4.35568616991868
-0.524014247372976,-1.29514086397768,0.840642539548494,0.501735467365905,-0.333781446510716,-2.14715418017191,-1.16226080584811,1.50659864229876,0.168929442153138,-0.3853654785703,-1.95444346714041
-2.08466350437361,-0.479776335194812,-0.552005721828956,-1.59563186027765,0.482311193747569,0.762382970360103,2.93919451654934,0.400712693961294,0.00812441335609382,1.38100283107259,3.95457154648735
0.773905554232016,0.412481527504404,0.138003983325641,-0.413471419606942,-1.04189132398741,0.323705001247974,1.46746688138613,-0.99666818158503,0.101310578478299,0.79306284689927,4.22115438921595
0.973614816079766,2.44400491221223,0.806590718207504,-0.428560500491192,2.12953855432376,0.316486826898359,0.772414487966299,2.08478536790441,0.933700228248055,1.62180906037964,14.0333404638942
-0.31765623991778,0.603520313398777,-0.984099667944875,-0.858620787339788,-1.96001008369271,-0.402815310458758,-1.78935790105462,-0.718405698055379,-1.10191346877179,-1.9827299276456,-9.86243586962967
-0.0842404163711793,-0.682796731972162,-0.124235346662071,-0.159368733491595,1.19774684532745,-0.969887066636451,-0.182504697020003,0.999743590204576,0.618057405868338,0.975747633148591,3.46443973875478
1.24767824356237,-0.770873648920952,0.250340756695484,-0.475507379327443,-1.98282725334122,-1.92960576292282,-1.37034233681988,0.154520637035524,-1.35088454099946,-0.214134730254096,-6.42259086891892
1.42821205256288,0.692113359929376,1.41230857434963,-0.306670947416177,2.20078721494988,1.54637155537965,0.610370776493675,0.846244550243994,2.17643247705384,1.04438281273486,12.3150175359639
-0.970158158036302,0.406247352800731,-1.57339827763022,-0.369060120891105,0.178354058509583,-0.222179655671215,1.09572738316441,-0.0156817037141895,-0.014375575110517,-1.31624446626628,0.409445079552814
1.56608497591758,0.968836278380872,0.105000102413642,0.306215334171969,0.803560548001012,0.512191366056376,0.167561890877587,1.41391686978204,-1.0091906642856,0.0975369116254265,6.12429239273354
-0.833931475117418,-0.448017955413751,0.183514302125915,1.30207488455494,1.30323029580781,0.102524101887215,0.834773371862703,-2.10712520633966,-1.07698282474289,0.948222320260193,-0.782103434342984
0.608349467183765,0.997763695592627,2.0418441815835,0.396714895977175,0.714181361154861,1.64253517906814,-0.139814589304643,1.31210711622418,-0.191834160758833,0.138045355573019,9.19471031979489
-0.756100431160385,-0.24345222113344,1.07737977697317,0.23829440619241,-0.494540147412398,0.708598456010699,1.3141671411633,1.30043107510563,1.70216687588355,0.853383744121655,7.92222117740687
-2.51618527419235,-1.25718574799056,-0.824601947756798,-0.754732116529229,0.297767126974704,0.0589696401719296,-0.0748246202369562,-0.493985661969366,-0.360402172150384,-0.939113401434406,-6.03527531156887
0.572994813913885,-0.0141333312982707,1.47695571282533,2.77865901067195,-0.789673515128136,1.45444715098977,1.26834455635825,0.738471341794387,1.37131366405272,0.480997376655457,10.3146650307785
2.1299931831453,-0.767505335461191,2.44579522000595,1.06690767577247,1.19086835939797,0.94734094012745,-0.497113976583796,0.009358842745538,1.79951252310034,0.683482268539668,8.38465045788394
1.56608497591758,0.832501794146482,-1.33399920547478,0.142112035122724,0.107012534475478,0.125699099545288,0.848965720701415,1.1971085638313,0.649681068763026,0.876855910653607,6.70002943073612
0.973614816079766,-0.0556787575974635,-1.13187255938606,-0.397612207768623,-0.737261023712296,-0.0899533029155158,0.0843701214394527,1.02365654914152,-1.41747716759594,0.482479004870107,0.645022759657233
-0.111401783481065,-0.992752676255983,-1.61264416053766,-1.01482911065526,-1.31889767119814,-1.4438313718886,-1.05566879840115,-0.919390131677973,0.789730768355461,0.306128902940091,-5.47503568610855
0.71730996109923,-0.736495449581097,-0.928478525845572,0.5807708974899,-1.04872883057735,0.151963495499391,2.47025735215802,0.756483074236847,-0.953752734877023,-1.39856013458174,0.269524069889084
1.64036734922004,0.88897152759304,-0.362532725659333,0.55573373089996,0.311450153493886,0.494658952859287,2.26061419274075,0.677963784431519,1.21443051300974,0.917347862819959,9.36684766575499
1.56608497591758,2.00410908743291,1.11506764574118,-0.213940530435285,-1.08800649196561,1.92706135737984,-0.887135740702409,1.1038828506773,1.16668881331144,-0.622332037428426,5.91820710086463
0.573339947105926,0.515238622364659,0.118154131963293,-0.561247141657296,-0.688400226417222,0.751108387024021,-0.244179899439734,0.831945999545449,-0.321218614510144,0.294738091173373,0.909905967491443
-0.66732779596183,-0.82639700676366,0.355656457900584,1.46879468326385,1.1133785980582,0.898334198635667,0.144895353679093,-0.0519177028849268,0.885383406692374,0.400549833867932,4.27038140536683
0.103308954551413,0.170427443410131,-0.330308741904759,-0.457584330806223,-0.0930474503117673,0.171524180810384,-0.494427833575774,-0.274556161961305,-0.225212155780357,0.386085007550571,0.570747842825269
-1.56567033014923,-0.642070319269429,-0.173890071079104,-0.836906596583944,-0.547830234999975,-1.36120635093266,-1.09093763885249,-0.317074477127234,-1.27212288054815,-1.19069338350509,-8.93479111865788
-0.816842329731586,0.215877287942907,1.12558362022733,-0.476741530649576,0.632260457869177,0.321410379082468,-1.3042647863201,-0.351279623901002,-0.491046427810662,-0.193893744233206,-0.65985010630413
-2.00828456471557,-1.93266845686577,0.0774103422382019,-1.27061155709054,-0.536601399235868,-2.66079296069874,-2.02015962055387,-2.07714782489913,-2.0701535959308,-2.86048639583623,-18.1743978073474
1.13493508721626,0.475869175194063,1.97605687492331,1.06878935158715,1.80696608985874,-0.159996686989536,1.38944445929875,1.44288736242195,1.74969787227609,1.57909452557221,11.4677395185107
1.11339423770049,0.583400382003008,-2.15322866119619,-0.155429154746174,-1.43451835490038,-2.57838577116133,-0.803691399686141,1.46662669231188,0.639830359804073,0.186615305084716,-2.53776177747501
-0.337625190395542,0.445833403154459,-0.376077846312568,-0.926885908906281,0.979530260552543,-1.27361990612043,0.0970077474011038,-0.162454844130384,0.354953898905302,0.640357525052176,0.934333530311645
-0.361806652392769,-0.837767709818785,-0.17252180561748,-1.32226902099057,0.293966342341751,0.0206293260406045,-0.844635607108886,-1.24156626513594,1.78897424251473,-0.652230966401787,-1.39362056247477
1.13226169841397,-0.405531918345037,1.77437816105003,1.53073325923041,1.15975059126597,1.14488552294688,0.0426995050390804,-0.815542995657584,-0.207575892248739,-0.455649260054535,5.36246536442347
2.41686867122462,0.996918455543203,0.517816038529767,1.89954200392134,2.9585967541923,2.45477009366172,2.76904345166695,1.53483573719977,2.51805869885983,1.21623677238409,18.5357462525395
0.166590859327128,1.49903975606824,-0.80648893771213,1.1064057396683,0.479928395958805,-1.13114684896566,1.75878711338191,-0.0907133858978379,0.524033824291912,-0.830826858546146,5.54550105404986
0.628602411591733,0.207077608368947,-0.939811133108728,-0.134658190961207,-0.570135989447481,-0.876260047265832,0.681836514190833,0.888879747889967,-0.391435554289183,0.624347619255206,0.0603453764110495
-0.51112141646074,-1.06316366056273,-1.54857802962217,-2.19952283553479,-1.0359495325297,-0.669792894348701,-0.548928498526124,-0.027204767701947,0.779994450982583,0.260703747097401,-6.65380452405947
0.915719465482739,1.25950739756955,1.1984424470965,0.820936997067112,1.34454549530125,0.400414422969165,1.3273950405319,1.37891718582549,0.855147839914205,1.53686243324296,13.0185462626841
0.0305758493209434,1.75353905703067,-0.0595839547623639,0.048260279074619,0.532364236195952,0.432210026981619,0.340067051231436,0.662915463490143,-0.046511388614878,0.372406912788071,4.58138867857577
0.746684015455849,-0.472655232453068,0.784955581162559,1.81433057616942,-0.296603989030643,0.27657581365067,-0.352249244716922,0.151037159214782,1.98917877237518,1.9529153773113,7.09747272518658
-1.71406500919098,1.30948587429242,-0.48865290598697,-0.205123757623692,-0.320566119139265,1.61285689904886,0.547969402568368,-1.09675558946097,0.0554099024817949,-0.312163208114572,-0.864868996879987
2.18597705157313,1.41052472478882,-0.152060607686231,1.49415560025902,1.0965800740065,1.37698277027413,1.06836246718133,0.350993355146476,1.02647172999152,0.913384490356961,11.682442644289
-0.752141082965941,-0.19119043504009,1.09491642147685,0.340248711186256,-0.777857967234646,0.4234533618331,-0.803500212505721,-0.947128320195467,-0.530911503478137,0.318841776982022,-0.143986920662234
-0.431725707048339,-1.852724719884,-0.686338504979078,-1.00773952310161,-0.14920989107626,-0.57832810786886,-2.07413008045415,-1.3848782066428,0.502891057363422,-0.287914404896404,-5.71342269926129
-1.09002754695429,1.09197900516105,1.14589577328862,-0.393060410904848,1.58906325065567,1.19246009741689,-0.181043252908654,0.203897015707704,1.48258973214807,1.09757739056735,8.16571763951
0.157964322456884,0.711747857856702,-0.0748873048373306,0.474946525761893,-0.033051176636903,0.139263161450632,0.537896788222988,-0.902924471704419,0.310358867285983,-0.192219411625512,1.72547643908945
-0.853411171597346,-1.54220136052434,-0.661177898080723,-1.46650082034987,-0.474959846969612,0.732580450691096,-1.5731743701418,-0.394920361254244,-1.91443894657951,-1.76370850272379,-8.93550876153043
-0.275096090618931,-0.644092139342882,-0.969214957485513,-0.722551344395382,0.68230244985457,-0.80990508471316,0.593637807471519,-1.59553748440404,-1.64298736660157,0.243782294937341,-4.59844558118849
0.688186505576729,0.419379778330427,0.264215682969324,1.14115013283871,-0.890133315079134,0.625670464504166,-1.87457663890217,0.936245663447319,-1.10245309161491,-0.16093795450286,1.20282407219581
-0.0176301370320091,-0.346462850057467,-0.86662671004924,-0.559803056307559,0.365846569908402,-0.010982386267427,0.92131788099308,-1.34007654491651,1.39681546804789,-1.35506856815274,-1.80274691668787
-1.00030928363436,-0.0911177211045207,-0.0793818348308333,0.505176451738386,0.680739983883607,-1.59363760202951,-0.227499367699584,-0.916809559922033,-0.112778446183839,-0.358435133992612,-4.04017169018666
1.31748928307213,-0.496869918369551,1.1942613976873,0.962273782426359,1.20754686618609,0.744054537633965,-0.533204010782134,-0.100152498510343,1.5144003205589,0.806270161458491,9.07864323535059
-0.0909876179482422,-0.115399304122912,1.12664219908824,0.538627489669577,0.253362663265073,1.07911844387762,-0.59017783538364,-1.59301148472734,1.59229297774542,0.867042267085096,3.97483906163126
0.627721728584535,-0.304772504160527,0.755445691040372,0.961111033733861,1.27985212238384,2.69084367041541,1.45781530490545,1.34766127773202,1.14333523514274,2.03803088209698,13.5397491805795
0.509068513197748,0.535313563408604,1.42837944497767,-1.65251549440119,0.625245512201556,-1.23764451097804,-0.788304830825045,-0.146916065023373,0.246867734813001,0.829882384006715,0.970814021678042
0.516871275952491,-0.263674193109434,1.92477707537098,0.458144218486712,-0.214996511229608,0.477644954045703,-0.738876143295493,0.723635210754195,1.39186106115736,-0.0894573154523,5.2175629733058
-0.695141345518935,-1.7638634081134,-0.0646668961964688,-0.148787934333171,-0.99934655003025,-1.3127186360156,-1.25394617889087,-1.4186138310789,-0.270520741670074,-2.03782607831902,-9.85352889775633
0.0906263161249789,-0.721133747676992,0.962862730948905,-1.55361440757778,0.991475147786743,-0.820911866023378,-0.472148080544383,-0.47856398878094,-0.0134120529512518,-0.611267098567755,-3.30950298961436
-0.0323678647478024,-1.50978362453951,0.781746998240179,-0.664031014361012,0.0893461556994039,2.09253201726034,0.613999368735006,0.870982389778029,-1.69878735203673,-0.36755489822136,0.417393174027144
0.0207256255806399,1.86678220538315,-0.236094548686399,0.481949247628137,-0.52710429563195,-1.11276169115112,0.317190652472379,0.139012413546422,0.735279127157493,0.918951077225763,2.04044633747817
-1.63440080636213,0.164624737757341,-0.981834275645146,-0.924356897547797,-2.15610132369041,-0.261771566879943,-1.7591366137441,0.276242729300943,1.60489150442239,-1.25873059893883,-5.80448945293886
0.298710287285231,0.480434017477092,0.915086791900794,0.87877308273559,-0.00467268077068406,0.364595857221085,0.285995148353968,0.876678715424508,1.60286388957162,1.05864536007103,7.68306935849509
-0.66732779596183,-1.72588847761124,-0.922724765388332,-1.72922769426572,-1.39202122808047,-3.21375059379281,-1.18022623509275,-0.886123064132695,-0.589117545132567,-1.41964649350264,-11.0750376528458
0.359739053863958,0.477265086492625,-0.35476606259318,0.040545651983847,0.190895887666943,-0.330185599826171,0.663324638680311,-0.550442854636717,-1.13472026596051,-1.13447574476136,0.0845939476416617
-0.86684964044473,-1.09709165358019,0.377815070445732,-1.59785839425542,0.671597219725315,0.58386834614373,0.197462076203907,0.423528875112898,-0.988275278394337,-0.986097603918283,-1.38553848837644
-0.51112141646074,-2.17286935042344,-1.69888460270447,-2.19019731576149,-2.60985204363089,-1.99136647801241,-0.531359972689322,-2.7920755819433,-1.71238148499978,-2.96490024973381,-16.0743964829483
-0.938445869992309,0.0516559481179632,-0.987444037943973,0.19858456382587,-0.200094054923436,-0.500128981773352,-1.80016687802752,0.735817570356896,-1.34316073347088,-1.29063463994389,-4.04307314684004
-1.0863123622566,-0.103556084546181,0.616437884896345,-0.175529146229178,-0.487008574985452,-0.897703363728674,1.44268319300769,0.706411413555897,-0.999630152937908,0.84283988334359,3.82005300012577
0.713839325118012,1.95408058395493,-0.359308179979922,0.18157617534933,-2.00557122612065,-0.252245773804842,1.71869420174594,0.592081296930654,0.781063849400475,-0.703019681779014,5.30879099724397
-0.153936619314304,1.10852713480176,0.845515484616116,0.281075768874009,-1.10155058292388,-1.0177400067988,-0.276064564353428,-0.0671250793719262,-0.210614678337963,0.881416746039126,-1.25193592164157
-0.86684964044473,-0.0918347931316228,-0.38354483859,0.70688689535059,-0.0833610295197333,-1.08038617426561,-0.724692091026207,-2.51533155532763,0.907840983927949,1.09387325779757,-2.06929091085732
-0.853411171597346,-0.492540674794037,-0.587292383807099,-1.34594623041619,1.59179829617573,1.4808043011057,-0.388560364464019,1.20940222435848,0.842975720060272,-0.868437707271616,0.830692832912624
1.27314715970514,0.793687381004591,0.969954518502866,0.138830315464711,-0.878583319411255,1.14122873496645,0.57981967463806,1.14651480049262,-0.0327818614581163,-0.305476964087127,5.42543820422846
0.962148015116426,1.27835799995682,1.44950780951757,0.782548446552378,1.03610489755251,-0.474264575523193,0.30630357412405,0.776512840598717,0.096898768511393,0.612757767560141,9.35858267790141
-0.140294026696565,1.14095103197557,-0.376602425546614,0.277657480447415,-0.229008655507036,0.138646393466783,1.77724609482089,-0.706570067849728,-0.164769741097713,-1.30266588763132,1.30059881227374
-0.949990659416873,-2.19868349677131,-0.166111624450258,0.457252660867631,0.569003038827981,-0.987047388605172,-0.175403914026438,-1.94345875517278,-0.203173205948952,-0.65198052675106,-5.86911172242102
0.83115453726153,-0.0699318532429526,0.0622080152429552,-0.185576195812306,0.291543316394272,-0.249179488548491,0.712244531499444,-0.612828797787717,0.468105501849377,-0.121160354891584,1.9485229373657
0.166590859327128,-1.33701229805454,-0.309503901302642,-0.639579304801596,-1.42789387492191,-0.300946925966902,0.844298317193777,-0.887448544160476,0.673508205403316,-1.09174932667801,-3.53395005632243
0.884002288955396,1.02699561914392,0.603166643627985,0.757816215000073,-0.438437702681245,0.338332511159864,0.489180805900131,1.19481205702815,1.52867942896154,1.78539987046096,10.8850614241149
-1.0251512581443,0.80355811566696,-0.841784531850042,-0.057318746193835,-2.28214300275566,-1.8927066694189,0.197996320554941,0.968779599976634,-1.47254450759531,0.881757841757303,-1.77493825667561
0.32736278683056,-0.802995053104955,-1.8373807422951,1.24436546715937,-0.291673602146229,-0.252210499582295,-0.726058253011308,-0.699275994672888,0.15455618659326,0.13960176006876,-1.58919184279777
0.771772559369411,1.53838091918085,-0.184711301282429,0.56123186258783,1.03726626018601,-0.622284124725867,0.632736132311134,2.34912685422633,1.3492715601475,-1.27998819237258,7.07209277751443
-0.240623278117437,-0.569718649791618,-1.28079690777948,1.84456762984963,-1.28952927444043,-1.89260063849637,-0.336101107221343,-0.527419573316994,0.435030233001134,0.352620656333654,-3.10140578095009
-1.29281483652714,-0.0864471983825118,-1.5779364247588,-0.75213222910147,-0.556552258520109,-1.51927017676437,-0.51941325075793,-0.822285640557806,-0.767640021342696,-0.904993706339736,-8.60317522554637
1.46477220591107,0.444458669505975,1.33663289749934,1.49552639360181,0.404304567154921,0.474959081666871,1.10666850908332,-0.85104792873406,1.03512897377408,1.21214781430456,9.34002052376858
0.771772559369411,0.645423116641895,-0.0315389608202772,0.735416312504829,0.68658040807642,0.670069366281845,2.43656868116654,0.288754791680565,-0.954541474699615,0.708980071110266,5.36845305125433
0.645031887697479,-0.977691861167251,0.874126789069383,2.18951728335194,1.04213953850162,0.417199080526408,0.951153190159967,-0.109430260893129,0.588093624081204,1.42412277645762,6.34009852754329
0.269039456787083,0.585789458730233,1.55904111381872,-0.985999955973866,1.83056652111496,1.49227174294938,1.60388453017722,0.805235427094913,0.324553068071027,-0.869594563999561,8.78411549617876
1.14085813634107,0.233146085620862,1.2397635512978,1.69894819592348,1.60071693236337,0.391046420541591,1.33663206969655,0.672648565047421,0.206917358980995,1.47018842453589,10.3707544656982
-1.76430791590356,0.228299470649003,0.733586991007431,-0.893513326896678,0.726721861290507,-0.869070810341901,1.08704541989729,0.475750609022759,-0.272760274908264,0.106672858496269,-0.405058149549923
0.391236403954532,0.901439942522144,-0.399650917255228,0.653139735346189,-0.365045849810103,1.17481633534768,1.59409329822475,0.307711672597326,-0.0194552006666525,0.251728289231636,6.38988774890145
