"X1","X2","X3","X4","X5","X6","X7","X8","X9","X10","y"
-1.99473912050368,1.3527618266027,1.12142112935163,-0.239276603454972,-0.132149949279843,-0.219881488565782,-2.29071020436909,-2.03405858420824,1.36953535539412,-0.422114336659597,-3.3015902136069
-0.923757258427427,0.978817498898686,-0.109885928630367,0.561907468088879,-0.241936329620875,1.30218574311309,1.19784220986515,-2.15598166332423,-0.950916336693353,0.773655310511333,-0.467616342284062
0.844237392922289,0.509387069341162,0.233300068917558,0.0900514681010372,1.30187840773693,0.982094219085397,-0.334417831082137,-0.220841903388712,0.478969382652568,0.432908610425161,4.62523074485506
0.703665551009854,-0.937145524741418,1.04010785370701,-1.91892905352315,0.688956824824776,-0.15423924974067,0.679080701907563,-0.256989170353274,-0.72721255206765,0.288957439562635,1.31268683732019
0.703665551009854,-1.02922506361525,0.392420160777337,0.60783292513131,1.73851944644305,0.475936086608729,0.820818624897845,1.14930048015051,-1.73887654427831,1.29087870798471,5.82411724280745
0.76371128549908,-0.302509200261171,-0.0139156274479727,1.35080738552424,-0.356352357587004,1.26109103961554,0.288244157188323,1.13362216436377,0.0182094211185107,0.216330857664512,6.30079162460019
-1.04389232487936,-0.698221031086998,0.479909202154192,1.12496182849759,-0.405148827273445,1.57852156053707,-0.348607730975425,-1.08458573986717,-0.845203446908039,0.513793793461786,-1.43297872310855
-1.07232205464979,-0.0721125650492029,-0.697703165960226,-0.487872998839563,0.960498197254143,-0.0389138010885429,0.923358369892869,0.699041878154075,-0.698046196489157,-0.273976354881154,1.5867180766937
0.223520149266385,0.927230474920475,0.2636409842775,0.635066050967501,-0.592025640791285,0.387057470682367,0.42188141897522,1.79586049951334,0.18146950436797,0.157183831990169,5.5627484962036
1.23935895136024,0.268428577265944,-0.55815711371806,-0.57787627259728,0.0694686175618047,-1.99441359956852,0.251227620235723,-0.264998738923005,1.00829413707023,-0.879108122347304,-1.81250041041506
0.129930332168449,-2.12765987341127,-0.261575791192856,-1.37343922890847,-0.60386759072932,-0.744076325315351,-0.094787949224078,0.68084806621975,0.751530249371009,-0.800265891470216,-4.27944721180751
-0.00741003028944155,1.38708493595062,-1.55491201017542,-0.41635882970595,1.45569276164658,-1.16259512810419,-0.236155751595436,-1.03252956434237,0.018227334092007,-1.41422153664543,-1.58297182736424
0.623086653885599,-0.848795422649648,0.585634467116636,-0.169255429097442,-0.470545574956853,0.245706034821006,0.454217235159063,0.19642609202781,-1.15762117151387,-0.210282960936137,0.29074821558898
0.223520149266385,1.28400912504749,0.352133168649961,0.131151928243273,0.281953267310684,-0.444808586587266,0.883956349361545,1.16942062855512,1.07989311889381,-0.627283027260361,7.33642860847208
0.00980342454340322,0.174722793261956,-1.11565723342959,1.06696982981952,-3.19015901047743,-0.054892789999364,1.35204697454031,-0.188602523866797,0.366497030196333,1.65998467411145,0.669553925775527
0.109797789666771,1.8041866615378,1.54954147271289,0.0218069108863173,0.816610795035971,-0.726620987501125,0.638218538415726,0.305412681810283,-1.11772757349305,0.59105054992241,5.60396242696879
-1.02448133566216,-0.368840285715464,0.633071147447033,-0.620604223243804,1.6998556921721,-0.759513600030036,-0.348065735893221,-1.12346109313423,0.320904747945331,0.366724778884276,0.287076708646487
-1.23619351073141,-0.555199022837675,-1.17584566428934,-0.0896504172277509,-0.761897054177185,0.133203007768081,0.577101274670113,-0.176495014101061,-1.03229948488846,1.22557439267758,-0.668884631199173
-0.389535678409902,-1.4290358918627,-1.59246734468796,-0.11677222759081,-2.88240672875123,0.619968076741108,-0.409577383009637,-1.45098906154276,-0.0222102108005118,2.17732723224663,-5.41728305189027
0.0293169438168317,0.764889749456496,-1.30964800934404,-0.575843390559388,-0.505077078736647,-0.331470673354769,-0.500324446086458,-1.37263553117808,0.896593863457897,-0.856508580744279,0.0007770393325579
-1.16573226275953,-1.153279566036,0.292879158781689,0.515775433239089,0.429367817608652,0.444820122886773,-0.000540470388604525,-0.981603781406794,-0.510751688066357,-1.19978293230382,-0.898071800897989
-1.0665125471584,0.23139354420267,0.9116653450978,0.549577005869289,0.191860939339769,0.085765887842574,0.234700000018878,0.560168600430503,-0.203612054092537,1.99428697730057,3.47852233699109
-0.777609230806776,-0.365256629139753,-0.33298976868994,0.109168934893833,-0.293844439694296,0.191893494080654,1.39067227339831,-0.74338060965278,-1.06438382623812,1.18759501649665,0.673634873810098
1.59287830110611,-0.398381438712486,-0.24997156222008,0.113855653098473,0.646395798165758,0.344943371091476,-0.848938729847097,0.509981131879483,0.822384733113829,1.14583659784125,4.99061347880119
-1.30819437531979,-0.179009210815465,0.892124996264926,-0.721428904665063,-1.555671132496,1.34931144840436,0.598568652585655,1.11626109893707,-0.238538830833068,1.01199247659741,3.83379053826069
0.252513759222867,1.16626415808444,-1.27320709800422,-0.00390833381637081,2.39038621225896,0.639694642566204,-0.346303935470716,-1.17976230638652,0.153120344359719,-1.61392094882404,-1.04763263848475
-1.23619351073141,2.16676877600885,-0.977687786217611,-1.24010689218209,-1.28327879286532,-1.77387565732143,-0.596449029412442,0.519097952968943,-0.374572697813405,-0.706541175196371,-4.57695382119965
-0.343441453335863,0.251305598029551,-0.875184754676792,-1.01488404723355,-1.82631855553433,-0.10244577162302,1.19628188188307,-0.808223011292378,0.816542750031532,0.212702918978847,0.06678025527952
-0.781431668424241,-0.860102170612792,0.103454627444539,-1.89914492560349,2.29799686084287,0.676569093241571,-0.435265108854333,-0.451242612358302,-1.24919862915302,-0.102117034999532,-0.189515681376336
-0.579141255872608,-0.0295195554315383,-1.01786052542732,0.489456120784822,-0.5244212581058,-0.749274232094354,-1.95339027966367,0.467263899412314,1.56217914541688,-1.33691426925471,-3.47635780860219
-1.32761486199068,0.316874897051626,-0.864212302955561,1.23337655362734,0.889468434958269,0.238188670329335,0.177726540676319,0.509408148515968,0.527077952967171,0.540892818386037,4.15663484601842
1.21788074746323,0.656185536279731,0.352458863584671,-0.513150330734165,-1.27162060435482,-0.293573647466518,-0.262209823828832,1.07256641365246,-1.6162836427177,-1.10339642981261,-1.37566641478242
-0.454350314354177,-2.43605195657904,2.5710115261971,1.08506535276715,0.0876439894487798,2.6287087993043,-0.380731613920215,0.410063813956603,-0.228769304190828,-0.239456413308185,3.85648127603194
1.18832003592823,0.174266117015253,-2.79622276377274,0.175753283334523,0.790147992155702,-0.293631122108933,-0.939452048546037,1.11843637299544,0.198053177126038,0.696029346591569,3.16634177520085
0.941620630386597,0.757457451282304,1.3312654043531,-0.621425200887742,-0.139866735065023,-1.69507253261032,0.0978307559527422,1.10246913874598,-1.07299248287707,-0.267189379396404,1.30066873187512
1.42304269829589,-0.837241355635917,-1.39221544411342,-1.52614056892434,-1.47490222091608,-0.471850288819769,0.457566722553479,1.03241220350881,-1.46772991322123,1.24211794378992,-2.9944560346642
1.1177580664206,-1.92658157970664,-0.631063629250946,-0.143635813893465,0.690668771611139,-1.48392535477901,0.409111473939794,-0.317127086575658,1.1621511043077,0.366221689897539,0.118706255563789
-0.0184694019398081,-1.02603069164029,1.13328850212603,1.18254508691988,-2.43353530320498,-0.811605516990068,-0.997845617247409,-0.58314534245465,0.458580959493066,0.115835307557584,-2.19954611114504
0.756009743443516,1.81500758328032,-1.02906881458023,-0.936756078097657,-2.00753182719171,1.88539812396754,0.267964005322727,-0.452294136041218,1.21773658576718,0.0116347115727993,4.62557249634757
-1.02703955599595,0.378861134964172,0.0628025528562505,-0.592954448460151,-0.482632045743424,0.900649756123159,-0.34798774841896,-1.38074849907348,-1.00346493996906,-0.90594527545459,-5.41499716002545
2.43848975286818,1.38158636972339,-0.304984311420142,0.759069572077888,1.86501161241936,0.73233465304808,0.707370363472936,-0.0692430145008447,0.765243091488695,-1.16597745245984,7.93453139525751
-0.510098564189295,1.39987545215746,-1.30508290157116,-1.49955128066726,-1.53016379454154,-0.963492395377871,-0.563098168149226,-0.0587960680847578,-0.491089676319152,1.6194121571508,-3.49527171351765
-1.7059911621692,0.0092680037550016,0.775727277106195,0.734139803690026,1.85472644518774,-0.955115611750537,-0.0216192424200479,0.921409793313932,-0.592040075426403,-0.0689612000646398,2.23929881260479
-0.875300574286575,-0.865134890146387,0.696324654472229,0.483677175513898,0.668614360245368,0.910915797029405,1.90888295225463,0.527419125950508,-0.307742435757564,-0.713471843944062,3.43303746945456
-1.33921484651026,0.287508777548464,0.303469150446128,0.752094673189421,-1.10980388831176,0.93094205934169,-0.635065160270834,-0.711390998983839,0.256911895842797,0.672850378641528,1.38270706784094
-0.550278491702901,-2.09118525073328,3.14717632568852,-0.640249606139245,-0.989878794456062,0.731373585222932,-0.925852661121447,-0.226032956428526,-2.00396039976022,1.21444095378606,-3.82956678438427
-1.32925561366211,-0.444987589152957,-1.11604204190306,-0.765998236685745,-0.258380750882831,1.13922401945092,0.140859638037267,0.204745416663147,-0.325528162518842,1.67713351536661,-1.57701882566007
-0.453409354763628,0.217419212908116,0.0513337522831419,0.020993377565667,2.76937818258466,0.128077623356433,2.00626620870792,0.929426429590511,-0.106188553457866,0.795417405819176,7.24808438474527
-1.8826604462806,0.347685628588653,0.046590787987869,1.00418390044717,-2.05940758779141,0.983846723089969,-0.623522952678303,0.118343399432308,2.10601521100338,-0.514673127883336,-0.0590320413828601
0.000611229653819567,1.79762221535335,-2.18774290172723,-1.08031416418194,0.9220363588379,2.89171630520817,-0.178950950780116,-0.127797875550321,-0.328569295311752,-1.31442865857386,0.918557139804431
1.70082433976451,0.771445729483322,-0.271101196605389,-0.992123327188945,0.965843194939433,0.768995608855104,1.11239757335915,-0.224860900225693,-0.067613325330759,-0.0953783198923793,4.6356929203779
0.494151776904431,0.508459483277043,-0.0981602362808391,-2.55177867030772,-0.554435349097624,-1.9045589900897,1.87445899340253,1.52411091092339,0.3727596059488,1.27989835504366,3.12641373841967
-0.875300574286575,-0.665850847036593,-1.87080418016754,-0.554779723029153,0.428981260134328,0.309345463804507,-1.03095232626993,-0.463075567348034,-0.101777305986669,1.02794100805149,-2.91386156478166
-0.695084548424582,1.85549911296638,0.17747714187334,1.41756608272999,0.41576868457536,0.410835269536965,-0.151249437831515,1.06814057357445,-2.81524891569954,-0.00735692847984018,2.04659362433897
-0.408464633967459,-0.667498784815966,-0.171706293745582,0.708339138155,0.419635286715225,0.720606444123097,0.424431166238056,-0.206742122771655,-0.17241676020241,-0.0855354509351665,0.468706665535657
0.187951202449774,0.467394327370881,0.00160749024016676,0.384255980542094,-3.37382599407733,-1.03046814787752,0.141155332962087,0.493157484237842,-0.524762066469514,0.572991727714182,-4.1044159386961
-1.43241952446684,-0.520938748866075,-2.77756820032068,-0.768881566733346,-2.83897829149889,0.663426430673949,-0.000830560242485123,-0.0194685233065958,-1.13745043729541,-1.01452255657563,-7.98392279445991
1.27059498487269,0.648761840092688,-1.19622484439685,0.955350961494986,-2.66873685303273,0.832584520746772,0.285930869589188,1.73477380245411,-1.2242856549955,-0.701066973005477,1.32508033827656
0.730327068092128,2.31218789884052,-1.15400949943651,-0.208425715378498,-1.33533126473601,-0.175495043160215,-0.27867729676065,0.767030669319751,0.349488827956568,0.129270780316622,2.39101538122833
0.207568757840865,-0.461677108256383,-1.40826042292555,1.42205384194287,0.730847094254721,1.29167334999268,1.44370120219171,-0.4358800030134,-0.382578394988571,-1.85028228233019,1.1090177539859
0.018078543868185,-1.36075698258247,1.83606894325086,0.662855719700882,0.472394246179161,0.110858840581585,-0.820693145425589,-1.43892332139674,0.669162249733956,0.658086362807386,3.54251284257893
0.186261168602289,1.28839484254473,0.779277381154522,0.277489030342625,0.562152724269203,0.456135607880889,-0.331295996197135,-0.263531631195516,0.570790860926178,-0.565609912488161,5.33511091113389
-0.396313577892824,2.17274787888303,-0.307614804746297,1.89357720671396,0.657186950660475,0.492852672653197,-1.42605421846487,0.382630067459132,-1.2118077363943,0.994250889152916,4.13181664540769
2.18744308973893,-1.0074397027391,1.30768992335497,1.18943864419235,-0.613039951803912,0.94971698378367,1.60151549562897,-0.372693550367297,-1.40358730073473,0.435526745402561,6.35742698836759
-0.939215700054906,0.816673815047441,0.0224110450489197,0.719816813758628,-0.514174648305598,2.11746580549186,-0.751232597641903,0.750830246219592,0.477659697885817,-0.598482745950935,2.17996770273543
-0.678629300003564,-0.0675617866809389,-1.4296247759909,0.349240658718821,-0.670185846477862,-0.205849539999,-0.139692404354354,1.25480271577237,-0.380263558262177,-0.272143360178009,-2.99470959268614
1.24528905519169,-0.0647097196274466,0.872082498159795,1.11452148664577,-0.21102842379916,-0.472915071369511,0.89303707601475,-0.150121425525396,-0.583356115559977,0.206896102544847,5.01500190965155
-0.408464633967459,0.249171441748089,-2.80978850834087,-1.78715885651905,-0.889040756918346,-0.635073219926527,-0.0292953646521665,-0.115816950447282,1.76028024640376,0.776977670227707,-4.69853949083543
-1.30819437531979,-0.820722482427197,0.0586435523562539,0.99214685688276,-0.0732931084507599,-0.189652637226917,-0.427074442133583,0.472619720984088,-0.551504713158821,0.863371010958878,-0.515873624221567
-1.09273008632399,1.96275228372063,-0.889723758488073,1.18647936261951,0.327360838862395,0.0171632557209007,-0.40430476344944,-0.137228910938206,-1.89155478968071,-0.107492995999801,-2.55635074362633
0.186261168602289,0.0553729455399034,0.749306493428719,-0.215724866847302,0.0314151045709212,-1.39825355942407,-0.481702287294206,-0.856006498137112,1.06927806158522,-0.395279250884471,0.334879847690595
0.844237392922289,0.77634531148861,-0.442086463084523,2.30048488484819,0.957201039504455,-1.51096246498078,1.50722098567433,-0.119221878258587,-0.703474626060179,-0.602495151290454,5.66350432650506
0.251635031651554,-0.47103929298436,-1.11679930724793,-0.4479414962472,0.734335506360664,-0.45527834042871,2.11832106494845,-0.40010991474874,-0.262439039135386,0.468988420452734,4.08205461931192
-0.842610338037404,0.662755037740563,0.508224819233193,0.0394042926102919,1.42687170759453,0.721298930528484,-1.13939275290172,0.182443249058228,-0.357802996599499,-0.747148009273219,-0.636104756936624
1.14254843693432,-0.0830614228342025,1.32867162193791,0.436457437305482,0.750952015104738,-0.337608515443822,-0.253143959006128,0.231296283454861,-0.451872245151892,0.0559154037554831,4.36428776915602
-0.892085984842616,1.28123214332688,0.167773893908908,0.983343331354388,-1.49281903907758,-2.21535289450512,2.9217472242712,-0.47637694133718,-0.491997633138272,0.982857963662175,1.6036155645935
-1.4966155661328,-0.376217265517372,0.713004998990901,0.0433068482490934,-0.318729001187987,0.650076076092143,0.10680634021662,-2.13004689143178,-1.19903915975774,0.984345778509424,0.704576290336543
0.830737709367571,0.755859945135339,0.399523886494342,1.14699230744183,-3.12120772031547,-0.482403269828642,1.60212748994588,0.228151591651548,-1.12089237042747,2.1033160339328,2.66068061004359
0.207568757840865,0.782702600593381,0.587218207368332,1.33330927915299,2.83921529374356,-0.835003764865841,0.396949034628485,-1.68992571037707,0.275252428072468,0.313003105877548,3.92471579485424
0.265769855766912,1.83599453806789,0.361489866354591,0.377984994810935,-0.279395402432176,0.76494692980458,1.33699276406927,-0.760040376048077,-0.442619507809714,0.486615859082386,4.18237378426482
1.07050474183758,-0.681936076208724,-0.0234830788886331,-0.756004534451167,1.54968756142947,0.432006474433278,0.0772107538816987,0.793042881392573,0.75799932835149,0.044720020591463,6.43349974229187
0.0710571066303327,-0.499664926356524,1.28318757531879,-0.288649864332841,0.475352643910248,0.0453312652442503,0.623144638605877,0.611235749240407,-1.45026990634597,-0.291459650945389,3.28128032104215
-1.28189797412221,1.43631743825705,-0.690472197064099,2.13146272562826,0.466157993537772,-1.35150178444969,0.413923469388548,-1.28562553730403,0.390224286509997,-1.31307905780126,-0.335166851047386
-0.0560824251815117,1.20341793812126,0.904233828175885,0.525531763717241,0.706972053330308,1.13396764581919,0.89366264484977,-1.32105155216109,0.573687870652918,-1.80016174363176,3.3333544723952
0.660067318540856,0.983879163285726,-0.605341438033131,-0.694462262895113,0.239351091424737,-0.0839884139660235,-2.2186447276009,0.450781262194898,1.21508580702584,2.33042066905659,2.4499255081716
-0.610819786184662,0.513639836573529,-3.04662672417097,-0.879029442208412,0.47015278076366,0.765729850612063,0.327780559349048,0.1020767074755,0.598691329267353,0.696618042290981,-1.96642384849159
0.0731509278493189,-0.559255835349,1.43064959921909,0.126717313459931,1.1599590040346,0.451859387773133,0.405392799201968,-0.408215958416592,-1.0086055437011,-0.826773456780716,3.99439277925259
0.427633612526697,0.0854620732437276,1.19962945133992,-1.01076789738366,-0.933045385838546,1.40864679401144,1.04778167291348,1.04411321472366,1.72199386803502,-0.000606976857325636,5.25950618690152
1.3152176977304,-1.58264540713643,0.151118709300632,0.685691577644028,-1.23704722485228,-0.229238234177857,1.29549127019263,-0.96242454981356,0.0538288884058595,0.415639853137697,3.19535604345825
-0.246788364454517,-0.601113201833962,0.911613888893726,0.626466419814432,-1.13026754576946,2.29010798617757,-0.489231599771863,-1.24349647777293,0.480084160326362,0.485586540150747,3.1478232049391
-0.507571809915197,1.24014052234031,0.973042677553482,0.0155627463463831,1.05730264733857,-0.374580477869434,0.0348738275350845,-0.646117329473652,2.00518594771625,-0.504199427821901,3.18471874245684
-1.35203821625459,-0.468871072156259,-1.44972774397754,0.404667096885434,0.527435836535753,-0.356320486787373,0.178774992847493,1.97663486216983,0.845095862390924,-0.78680350082845,3.95262356494087
0.294453277232934,-0.442522275759679,-0.682321600675475,0.0157198702617929,-0.890113304143471,0.0780469080381784,-0.142608181066214,0.264972105064872,-1.39203045306491,1.11841105327868,-2.13555056903288
0.812818038618884,0.590389563201233,2.95528920636208,-1.1372906900509,-1.83448823939053,-1.22656360373607,0.618655209722334,0.56514018103084,-0.40572246750038,1.11360413217656,2.79091816352368
1.88564822788034,-1.90184769221987,-1.67748630364808,0.717543054755431,0.814161924992667,-0.0489817042375123,-1.39597367311465,-0.989610197654032,-1.37352362063054,0.466159572816683,-5.8188375105922
-0.744166814501579,-0.680919411822694,0.357957733320274,-1.05427533025985,-0.539956272844121,0.605391901951615,-0.280312944540432,0.637097685983712,-0.149757794274222,-0.410132959064772,-3.23841689897952
1.44635462392024,0.135701791588695,0.150631579326729,-1.24231052366592,-0.548273928708775,-0.971436643523895,0.522044170757358,0.594974763624337,2.76257800717633,-0.609500213428407,1.74894577883526
1.44015973470294,-2.73672644141572,1.42444814983408,-0.996013456194965,-0.565539032967877,-0.533439588684253,-1.26630133446356,0.563245362458198,0.460525755949092,-0.730616817527157,-1.26150548067954
0.494151776904431,0.568295653267866,-0.64716820866074,-0.995403894113533,-1.78361495023116,-0.0894089384196556,0.236992199923425,-1.23575536747384,0.00752617586254269,-0.795425268826099,-6.15946147485546
0.294176860889864,-0.685059491112061,-0.978146628839599,1.23108447488982,0.958898508711327,1.16225759413671,-0.278592786622758,-0.892894647616516,1.70732521380491,-0.766039078303157,3.50446018209118
-0.689992849785956,-2.36297486902394,0.229506135841178,0.450888361323304,-0.460902206878036,1.34606061275783,-0.634562457780941,1.02873827299716,1.00466343047981,-0.0637572048338098,0.869548247310457
0.252513759222867,0.266537904195674,-0.563328272776514,-1.31343951070769,-0.267609146543568,0.938094986538589,0.629996371556379,1.42614523302047,-0.0996790031000383,0.278023755465165,4.62633239437168
-0.925428489889072,-0.427601459455867,0.171869976358941,-0.701765739926238,0.711512186300668,-2.35504529401521,0.549624367747873,0.0668137616643423,-1.29599472844582,-1.13993468256402,-5.99767796641215
-0.762983832062579,1.25241263495745,-0.0492141565826373,-0.196728385350129,0.322645047187465,0.529480895453157,-0.364014612458849,0.516657917120147,0.150362471492648,-0.59547888995742,0.664101772298756
-1.22374394283792,-0.250609805276317,-0.0552001926370661,1.56859747130259,0.463268811332853,-1.63321997979482,0.293030167931614,0.496488961071925,-0.181597643424987,-1.50085001469077,-3.06046597518781
0.370401627040244,0.708046587446404,0.241822612766242,0.149048983074786,-0.0160131436346849,-0.241868742129461,0.590705108191495,1.04690812332881,-1.38863968548683,-1.51480954696755,-0.448081664349118
1.46505332393812,-0.522236872991179,-0.472906612132069,-0.863417958134025,-0.765061898140509,-0.325976017831409,0.0128910679003968,0.49663404129197,1.27761161330262,-1.7280858832533,-1.98909577819554
-0.1589598295783,-0.120534026628786,-0.217935457738405,1.70682573427013,1.17270594109951,1.78840118462103,-1.17690445214334,0.74289955250332,-0.82688738514181,-0.118448072192641,2.09830770202349
1.48090214608782,-0.690830631319407,-1.09851641110287,0.942535196833804,-1.30714930802224,1.50591719507215,-2.18207062476946,0.898261363308289,-1.58290598204892,-1.55212557354141,-3.93995166506322
0.379237462990665,-0.558611416793347,-0.589441769525203,2.94028877287025,0.118660310282559,-0.743231330974489,-0.325651172357537,0.526167177605651,-0.839968357339367,2.51033892998017,3.99416302976304
-0.474929188207478,-0.818563666316599,1.29902651634228,0.0581120086006907,0.124566606664715,1.89903324283179,-0.146193628801201,0.262902089547754,-1.19985958925199,-0.314709964396559,4.72781315495664
0.451213736798779,0.850895428727689,0.680866086758294,0.144187001686587,-0.0850884938323469,-1.65641008411485,-1.3256760016644,0.419204275508884,-1.07344534294426,-1.98127733750695,-5.29492459225514
-0.408464633967459,0.177767343723735,2.21206591646225,-0.948252827145,0.26743041946954,-2.1361296788129,-0.702094672961353,-1.17624722423938,2.81172128332223,-0.239132967959074,0.684468626756321
-1.17316162756827,-0.0464041191220224,-0.346406631351813,0.798152343163477,0.267630574549467,-0.152231797915424,1.03702681288773,0.068263087586772,1.29954503951654,-0.656142107862826,1.40224491565914
-0.0984474884365288,1.29335695697366,-0.954993190965935,-0.24448920680314,1.21130397103432,-1.34967720953432,1.33245204971988,-1.2155150846349,-1.29958240427038,0.0685323745906612,-2.6573358805515
0.672075132748511,1.67496434555932,0.533984221377818,-1.17797002509188,0.611110633663534,1.65697142441839,0.577871857450355,-1.84548967022681,-0.225672285506151,-0.320714321330914,1.55712380188345
-0.714141881126307,1.7821688328876,-0.100193666708183,-0.825185852637955,0.448436967379519,0.858188851067217,0.496105313090198,-0.515304920710214,-0.761764979320684,-0.662248219390367,0.206602076882954
-0.939215700054906,-0.933838545230633,-2.26363513762972,1.0885648470124,-1.36163918185198,-0.247874257205701,1.10086983779844,-1.64574070078494,1.34213263976467,0.133158437483413,-1.79691300921533
-2.3002305370179,0.666606753450689,1.02264434844183,-0.27931477961792,0.752040446149021,0.620402372392236,0.844630804654267,-0.967362683378871,-0.345803373222246,-0.0814453004201231,-0.15229680778884
0.465907000048803,-0.67451000720685,0.988038301759031,-1.33722195959152,0.656154729205348,1.01063546320108,0.598756996835046,-0.706879689597171,0.709035865046467,1.44685972834529,5.13364148083494
0.812818038618884,-1.33058513344376,-1.21271360424537,0.101312688397634,1.7157359306716,0.0223338342869188,0.0634940744627039,-0.0638436710919883,1.39678376813882,0.357194054054504,1.91272689136123
0.406635716866544,-1.18865905808791,0.350918280412245,-1.25057442945916,0.971058805842295,-1.20671366404443,-1.07129089728023,0.906595874277987,1.82374397977468,-0.348655309591639,1.53170966646394
-1.09273008632399,0.590532870619975,-1.83161243584425,0.570538621624754,0.115331436336807,1.48291717467485,-0.376030695480382,0.573707735728388,2.11477773396134,0.655756565795242,2.28549995780907
-0.490786194503576,-0.368068385525303,0.676176747662082,-0.0534813194766147,0.789087973099066,-0.957032753662453,-0.375862323823597,-0.0889386865889028,-1.9721702528047,0.601220242412025,-0.869920147700303
1.48090214608782,-0.656257432877527,1.28368862274627,-0.487968726335881,-0.90405446781721,-0.372233301870343,-0.977425597724927,0.562940331507003,-0.0356629099429429,-0.423138992005797,1.5847901339837
-0.904209356200785,0.390938397383744,0.177354513880467,0.0711126839870417,0.305970951669437,0.211706823689502,-0.61464013509133,0.665199519702576,0.302009880154942,-0.958897357135519,1.70315660502633
1.2136744277776,0.639011153480045,-0.61470863956563,0.888674344163665,-2.57453498048335,-1.4405372777394,0.18506642570252,-2.36618452144343,-0.998575320554667,-2.18409525797744,-8.13251107845273
-0.982663891146924,-0.341385574132946,0.286154452046249,-1.14214056691396,-1.79054398674822,-0.643303654107599,0.305099771693866,1.59840687061262,0.237475801651387,0.470098499300473,-2.13164564236053
0.436410058586808,1.66518787988577,-0.24069091238967,-1.91488911660942,1.16723241312316,-0.54507097718239,0.273141303143082,-2.22500490581466,0.327491953909229,0.504977875537402,1.09287024264958
1.10510302671868,0.763576591955443,0.985330488274031,-2.2160849892447,-0.823394588156337,0.835460378513462,-1.92637252364106,0.933871461406621,-0.0771574016686547,-0.832380903994101,-0.980816047158217
2.14233519302046,-2.08221807688084,1.34341233106869,0.699393994829138,-0.805165658941923,-1.66023872408928,1.00127256109247,-0.207093445634487,0.918788886576657,0.524250588974486,4.25626160270676
-1.8826604462806,0.704839597791063,-2.03667540559417,-1.11367621791707,-0.381215800315842,1.29634840031592,-0.617398826809013,0.893275997894398,0.36447111874445,0.467528861953228,-1.902554162599
-0.63987356615146,-1.72508108279559,0.23116664348578,-2.03920937855351,0.139895191058722,-0.861010123737218,-0.416936371658036,1.13693324467313,1.17113908089632,-0.86601011761329,-3.39862927564377
-1.8826604462806,-0.975150151595588,-0.773054940789774,0.863967794638369,0.263959534904546,-1.12934561945598,1.09813075003932,0.0577816012756276,-0.942729893180105,-0.58604785245884,-0.884332953781852
0.130063993997919,-1.40646037154516,0.755917106009141,3.06179124067366,1.3198185046107,1.08458531897654,-0.11211940795803,-1.57357035500152,0.931587770628928,1.77990519237385,8.32660004435379
0.602929468904527,-2.4207938224005,-0.047148413035723,-1.8292424402481,-0.0475874173291475,1.61631852510596,1.71700728928899,0.27751627051085,1.2806716447156,0.57892157956526,4.12056282173512
-1.32761486199068,-1.77143045956781,1.17966877850717,-1.79024627056109,-0.0831460322745827,-0.764038555405815,-1.01150065323634,0.368206567388256,-2.04384557550668,0.104061289243214,-8.25211034403068
1.48090214608782,-0.550270509831247,-0.0435645595482891,-0.50870219233173,-1.12659644862703,0.512704198530683,-1.17548721615602,0.240469218521212,-0.935487213555605,1.13372381314224,0.498775724138249
1.01504468090517,-1.08365569810869,0.278658921298442,-0.12342138447434,-0.587442338910523,-0.425536010693243,-0.495987725193708,0.031643459043917,-0.571627966791869,0.334269684093063,-0.947064100711323
0.505770068737263,0.993298155380113,0.208386551912578,-1.71077042800694,0.425045601722195,-1.31249280038315,0.580042116730689,-0.328296181200759,-0.800085821033478,0.032441964380974,-2.51891290320577
1.386486909863,-0.754669776605353,-0.0513393695945641,-2.01681406470269,-1.11028476891369,0.0408856285999727,-0.517435485014778,-0.815211574881305,0.913377726027347,0.48744987648604,-0.622064266297528
1.33398859897362,0.131255937487609,1.54797847409664,1.95267143225379,0.291063329515408,-0.286987342632538,-2.09495312788676,-1.11696241223215,0.289629526215857,0.0628264342819485,3.60568209368105
-0.490786194503576,1.15593944735996,-1.6347964857025,-1.94573264959061,-0.208259375985642,-1.85561462013622,0.44469948244592,0.167128871986026,-0.720203896857555,1.05472276399287,-4.04201708949164
-0.686989223539755,-1.9033167125962,-0.108822715038907,-1.37609164093708,-1.11367585149291,0.935552930587695,-0.0746472733603317,-1.72774616694073,-1.00156203193457,-0.148001196889976,-6.92517219808461
1.11710057381252,-0.971909755944536,2.13955172612592,-1.02194801258866,-0.00205243334587893,-0.130436706798947,1.08045984395996,0.306234677542714,0.90660559105861,0.0593893249866507,7.70855846293396
-0.897307825203866,-0.502889695708134,-0.689162556672892,0.0784676778517386,-0.267163660620651,0.611671486877135,-0.978910903006612,-0.848303099227931,-0.450764861222702,1.41898223006981,-3.03448944929665
2.08403261651092,-1.14475342130602,-1.19038280695536,0.99706928718153,-0.21608600997368,0.221027377821344,1.94134116531778,-0.303444230241653,0.90300471564107,-0.147475395444666,4.50773134059222
0.000611229653819567,0.227911759360887,-0.576925614225967,0.142456021460492,0.317712577242136,-1.32580794796916,0.836374532387949,-0.168535672831093,0.053171414206463,-2.46637614079933,-2.75125434528796
0.505770068737263,0.451456393343428,1.64613962788847,-0.134972653523966,0.374685586747026,0.395783982636424,-0.524997795165173,-1.26248737547503,0.629662987945159,0.715191579894467,3.35509140124651
1.76665912506781,-0.0385436761811395,-0.67979664409392,-0.83781378079554,0.476086655987664,-0.466881402398875,-1.56881355618064,1.67135157219907,0.168739226634135,-0.890621957542158,3.79368024440654
0.864467942385231,-2.19783613840005,0.100339199086142,0.918856759891892,0.534745481891525,-0.402963230193585,0.252786377494486,-0.31345022107174,0.643430604699613,0.251408163879085,3.69196028272128
0.314634579962687,-1.34570778165603,0.471734994993732,-0.0376978550540122,1.18944832098439,-0.298342901202094,-2.31014262621309,-0.335368600268383,0.405361331388298,-0.687785766842439,-2.00468266110461
0.632361689944156,1.11791693958061,0.31905658977044,-1.12323148355052,-0.769176663724568,-0.311276688322783,1.40114445281711,0.582199311890699,0.109447250907621,-0.756513534169397,3.91424311419121
0.0403538663213876,1.65255221389005,0.0907308215229525,-0.184322915321778,0.695505623579103,-0.723435824100695,0.222349895675116,-0.175729175649501,-0.240256667827969,1.92686216247036,5.14139381150664
0.436410058586808,-0.455873744601331,0.123930603975015,-0.503073066723261,-0.0777109902375255,-0.836187377330578,-0.393494733836309,-1.34271128179948,2.87528604277365,-0.233356250149537,-0.864181488511028
-2.3002305370179,0.749428169130542,-0.118201759384575,-0.0945903093813696,0.309765381784875,0.732631981349724,0.969479974070708,-1.69957689610471,0.787809473542037,-1.70982458111053,-3.31608433707553
0.689326880051323,-0.640586235567871,-0.96134927151535,0.448849827331108,-2.34889727221154,0.281165090800469,-0.0861348854020338,1.04362802307207,1.60267851563363,0.396952323559613,0.697571850034374
0.252513759222867,-0.891144258516289,0.356957005669533,-2.29082352532752,-1.06302174033915,-1.46949913604589,0.67645977959608,1.27253508388816,0.980329316663941,0.239598008747005,-3.93200504398279
-0.387712445555892,0.303800130026305,2.68197861348421,-1.8049391443671,0.51822131305055,-0.445527510320094,-0.475450769537448,1.72518537568373,-2.81172961205285,-1.73829961170526,-2.66235649330868
-0.456744696399841,0.755665372970711,1.73379914210952,-1.06114231754212,0.318789331582756,0.34493390798989,-0.550825083463102,-1.06871871641523,0.955909568071475,0.382726870048243,3.10553580396437
-0.474929188207478,0.213266533615656,1.44378124639709,0.798221243520393,-2.11285094001972,-1.72149196720146,-0.847644994733644,2.43405740698658,0.371127440777881,-0.690686162463044,-1.00448049727616
-0.459704909736364,0.662424345686528,-0.715848816152403,2.03384057793927,0.10724559682934,-0.871541647725528,1.18503106237388,-0.415498211205175,-0.638516125482673,-1.0915457859805,0.633661111838479
-0.168377949673096,-0.931918661458779,2.25163549464996,1.14618870028753,-0.330554577452684,-0.580709767625359,-0.0910133110808685,-0.597023261663672,0.155896408885235,0.435002981410612,-1.18939711529951
-0.30861559025694,-0.50065637727788,-2.10368873745855,-0.780309739801467,-1.07127606180678,1.73999137480116,-0.617071846484641,1.02630155259744,1.29765560243883,0.211913549336354,-0.300672328829899
1.21788074746323,0.152655766032875,1.97875368559155,-1.7739196563428,-2.17029785956922,1.3647877513911,-0.434241519385979,0.504328198364902,1.05343536432761,0.308566859942152,3.75078240141947
0.249985526474052,0.928841301976857,0.59955541009488,-1.59858436546398,-1.78959777810828,1.02671177239819,0.417221875135264,1.08627504347141,-0.343284398876761,-0.269799787245183,1.01414022143973
0.730327068092128,0.315945125971539,0.0286104392095998,-0.483424793996803,0.606968480409523,-0.91187348720293,-0.917330211268367,-0.0313561454541601,-1.27227079248382,0.651247243359108,-0.161117191951984
-0.72950979757335,-0.391623974272104,-2.51549689952897,-0.124845306577779,0.850066700652513,-1.02398530545199,0.281727564332663,-0.294119385522777,-1.15822140017618,0.613448230489718,-5.59482329185494
-0.0623701907675234,-1.37727990089182,-0.29329996594404,1.34289259567211,0.116012963455182,1.12881463162461,-1.14084538281584,-0.322806705828901,2.06184755301746,1.38810762734267,2.68907086453581
-0.707373970238481,1.54273820501933,0.896068873271926,0.744706854477659,-0.538410572632663,-0.914265388394831,0.157513245769286,-0.515275078542044,0.90368153823935,-0.212141812179426,5.93836850167389
1.08004773151395,-0.284987767051542,-1.21448091157787,0.0793941082617829,0.0544146883812703,-1.78884821666026,-0.606889666083474,1.07458548395525,-0.90753296220757,-0.212389503533632,-0.622115033184867
-0.0256761479062393,0.521025728250635,1.82391343992643,-1.57959433369588,-1.35511551949255,0.521325896986589,-1.70296794865291,1.25653145821073,-0.208764854701903,0.388539152272277,-0.538005116200337
-0.726220727245229,0.477204533907149,1.04141068871554,-0.540465779807273,-1.38452458879722,0.598894755922205,1.23124790126847,1.2640365236956,-0.374953160907896,0.691725219802668,2.31085740889377
-1.65929114685019,0.00579907286175126,1.29557825565306,-0.821295862392287,-1.39719611690565,-0.794750741750366,-2.19749426150777,0.541821708573269,-3.24748581083825,0.859140041834136,-6.47663501130832
0.186261168602289,2.06036008638285,0.101177626382536,0.570954988242619,0.504602466535386,-1.8730048828681,0.201110744799687,0.0896757726183878,0.0512117725435293,0.389350953201103,5.56808716880556
2.51209840365901,0.59221416240409,0.650441496663936,-0.82376516455244,-0.152662213591081,-0.145657517559434,-0.138556315465488,0.184243390630304,-0.424848046879397,-0.152169395516805,0.707491935110641
-2.3002305370179,0.753396476257165,0.0228894273043729,0.532593506027746,-0.922666974489619,0.54706870477796,0.929292471736365,0.415850035392253,0.282519168907886,0.518864925179098,2.40271520854805
0.359028964312829,-0.435650102999995,-0.756155754445897,0.671932120735389,-0.924734676644793,-0.0457589282196949,-0.580903781169698,0.973011572587366,0.9962180149728,-0.486383428614702,1.55641282812799
-0.158851773669182,0.624334533600259,1.02859489748108,-1.08945418380105,0.403126619463121,1.22353639905205,1.28323957658096,0.24609847811677,1.39053589443437,0.0901677892182997,5.59144445113781
-2.19876733354319,-0.995546460270218,0.978777118592751,1.15026557522513,0.426815788856976,0.93506476566189,0.85041767791898,-0.41938940954858,2.07105929024996,1.66176328687724,3.08630364674238
-0.678629300003564,0.527606630183554,0.720035525072297,2.16355046181933,1.07604795620504,0.326577825197724,-1.24004345404738,0.529185421859868,0.0309455088926638,-1.88466378602492,4.04017542450941
-0.0692323391405289,-1.15831601015819,-0.33930792897143,0.264957405844148,1.07465884107216,-1.62611801375682,-0.0358921143801798,-0.68705299973287,0.425609766315943,0.836869120912914,0.328342111960219
-0.122668850183466,-0.845893232776008,-1.15659178600566,-2.70226576505456,-1.29788912832553,1.60632822177657,-0.102423005854935,-0.438900234367061,0.422455982667386,2.04951527435314,-0.0362837706896437
0.0621617605695245,-0.46468368868581,-0.883990586393649,-0.105784798171905,0.197653668478671,-0.319228140036551,-0.0599940899472273,0.400154026296966,0.0612262254291123,-1.17143241080623,-3.14355413670583
0.226832158994473,-0.0507949052240298,0.270412835334365,-0.167742458323215,-0.244690718315062,-0.359076877055093,-1.26185224685982,-0.489555957932199,-0.923694486188492,0.937146545580177,2.45789302687012
-0.459704909736364,-1.09718311589744,-0.60056348524071,-0.112145762124263,-0.510112049718442,0.419613186144347,0.607711913674985,-1.74145537439268,0.951725489997159,0.47363990499859,0.259615239543131
-0.459704909736364,-2.28363943262569,-0.415075542518567,0.891545563603133,1.31521589993427,-0.167896134513375,0.387236884306447,-1.24107404303109,-0.487491065783001,-0.0896862114481841,-5.27472367984865
0.768097500038749,-1.45693692787895,1.23937682367268,0.0609250662293909,0.638767935417427,-0.760284568481156,0.353220394952603,-0.783089831880084,0.441402716135259,-1.44491259981999,0.35890686998985
-1.23191230084693,-0.000543327070442871,0.462812295357117,-0.873704459605944,0.682953458839014,0.272897593871972,0.0337649393951569,0.447628075616365,-0.763194579776472,-0.00956117087782216,0.372495112323778
-1.23619351073141,1.46800375224223,-0.267135677742698,0.416134394143866,-0.00938285944662338,0.765688892448335,-0.622484981100973,-0.802861670572047,-1.72846662099101,-0.416133234436163,-0.950318063868025
1.59287830110611,-0.599953473603648,-0.430478069790917,-0.107003944049367,0.418328522442948,-0.225291966614876,1.6669879589362,-0.612279722251864,0.348358462074983,1.48075353302669,3.93116147093339
-0.123334082850544,-0.901664701811832,-0.20500767979939,1.43689289723373,-0.673342880110974,0.493474973928594,-0.0866846842795873,-0.910047395157936,-1.21315630032565,1.00112092648048,-0.898815017993373
-0.510098564189295,0.290554012959686,-0.538334240701054,1.64330967283217,2.23435651696365,-0.48384025137191,1.26261292024832,0.423297059005614,-0.857128858401192,-0.995781573657226,4.86381051641778
0.611943208130648,-0.909909687664391,-1.23878331836214,-1.28296075556935,-0.541031952662173,1.36477519243157,-1.49301323539118,-0.0175955057320639,-1.64775702437883,0.804789692579183,-4.39025045079119
1.69379234435513,0.629401224195987,0.465948592618044,-0.0672116982686484,1.16522568652313,-0.132692564805096,-0.517557449223329,0.182155564076113,0.595630866103988,-1.0138382735232,2.52982720638431
0.662677447671602,-0.115409157460702,-0.442269438255281,1.26995747508371,-0.237729275162928,1.67743258324653,0.736805214171298,0.148700992024734,-0.507064046385422,0.958174253793451,4.52207064714473
-0.0765839598058105,0.963359216482096,-0.799645510207655,0.64681165225587,1.09698079416047,-0.177784616072428,0.319748128096116,-0.659237220303455,-1.32491465000603,-0.850797389881768,-1.08219054866706
-0.387747431663645,1.95849437413679,-0.163701503628567,0.0820332430100724,-2.59395861126817,0.666773122796328,1.8083726706175,0.167766169061742,0.026323284822299,-1.54882735017247,1.02067216329838
-0.307067960434676,-0.324030680848311,-1.67210540630087,0.717883332234312,0.557717021641721,-0.881264935602622,-0.473924171710111,1.24932946878852,0.366366367905846,-0.304298463085983,-0.205903226744045
0.505145966344856,-0.26217258322098,0.668759619318194,0.481108301739585,-0.910781048864063,-0.992137518382206,0.158434801302103,-0.0655299452256119,1.39669351075194,0.905898331790104,3.22066758210826
1.46007084535712,1.04745980476329,-0.39446602097562,-0.0043767338358314,-0.262029990469373,-0.718755565895526,-0.379489391360695,0.125176521392281,0.119524906353676,-2.10190626076347,-1.79010166600646
-0.809893769798413,-1.36545155197819,-0.86216055121238,0.832659982509531,0.359679811049613,0.288186459217685,1.07096723437436,-0.931669558879768,0.976817259117613,0.605669164463274,1.35786945148506
1.44015973470294,-0.851902294529336,-0.0257838489960709,-0.848260555325599,0.638250654473207,-1.35385390837166,0.26301952307654,-1.97993508557165,0.587380284957185,-1.01200851810189,1.08893543148581
-0.577368800945328,0.122117825718803,0.684381299921068,0.582819658915582,-0.104398386034679,0.600070871495563,-0.151829400816291,0.673911185248139,0.248815268400828,-0.640077945237791,3.72282499624812
-1.33785387270616,-0.759146256112377,-1.2596937106669,1.05803750826511,0.10290255640993,0.802687304923839,0.0202228629203995,0.357712637803424,-0.476986629316999,0.200552139727876,-0.763154844159356
-0.499727433317599,-0.458443638926286,0.215456657656323,-2.61672427887645,0.125688829563948,1.36232909854288,0.0718170758636757,-0.242236066454701,-0.683824378107781,0.514034260352592,-0.195720808950879
0.427633612526697,-0.256212364459754,-0.216128822375793,-2.36153708683496,-0.490749921634802,-0.395414005124172,0.0747557682607613,0.879386713261571,1.23859094930023,-0.488965084944067,0.107718998914791
-0.0519487992492347,0.654152677698204,-0.159527277122963,-0.980043640319081,-0.218179940601909,0.492098080094269,0.497189759821709,-0.504583483520023,0.173412279356394,0.0921818473410971,1.49593021431947
0.661763585367643,0.239006982294488,-0.929947199710927,-1.76433353546353,-0.830068009910937,1.34828277092803,1.68252961237232,2.53552732085227,0.125681807884218,-0.0125872108900604,4.34930420393908
0.329369648896622,1.41417072133474,0.0335898567068542,-0.0380076400364591,-1.25431173410936,-0.978311314963663,0.744592788797943,1.13277273626063,1.31056193346277,0.679406359109576,4.68644808601081
1.09690940453679,0.211749278363256,1.31884780998325,0.219601921021885,-0.775606372537376,0.075426929360593,-1.45441020233878,-0.685315871304641,-1.03621332168273,-0.219296252647779,0.870509639376769
-0.049737551329784,1.18364534223898,-1.48672676673975,2.16882826044216,0.549207028863708,-0.120588909018115,0.80956134050755,0.265146972368313,0.936714681393225,-0.706690526303825,4.47576269149472
-0.108936595544778,0.327367390747282,-0.491879782317406,1.07429504726085,-0.119004455653029,-0.614454518973444,2.40317698953565,-0.503108592047273,0.637445666475276,1.05483474525693,6.66037535198843
-0.264192790237613,-1.18145795376426,-0.1177094225684,0.685163532173169,1.32899960100609,0.926913107907221,0.868339049875214,-0.293886426428681,0.943606252483451,-1.28849644332469,5.408191306516
0.768097500038749,-1.03298619885822,0.215988358439643,0.15632900552724,-0.219737351311005,0.978333343658527,-0.609555722782657,0.601436347628336,-0.712244123832874,-0.383175125064725,0.30349738241612
0.119933178839597,0.758688979270979,-1.59170802684234,1.02117468802793,-1.06005401513442,-1.28832097483816,-0.0267830807730737,0.485573289125106,1.62288142379563,-1.11457432874604,-2.76061258766018
1.22860796391724,-1.04266884322507,-0.664114707211067,0.0684842768046678,0.292929409803844,0.324106721251074,-2.45729403937553,0.575849734442496,-1.27483835847136,-2.59038984253361,-4.13657028634459
0.953061773222692,0.0734316473309405,-2.00950345590948,1.28197089680637,-0.244595498871693,-0.360192555155249,-0.0850173023479009,-0.309450045733721,-0.299469023321429,0.934549830659808,1.06142243234872
0.427463298466996,-0.587648932875437,-0.467954533230441,1.5358950441511,-2.50255466377086,-1.29916018606023,-0.65244592964549,-1.59734220629639,-1.11201366394253,0.612834144159787,-4.36946521104101
0.730327068092128,0.826841847585814,1.42040335595774,0.622671573807401,-1.44596119987075,-1.34979718857018,-0.603874986140278,1.42962781575625,-0.876978456236196,-1.08812235978965,1.19906477758453
0.94007495379335,0.139561735116804,0.738737100547165,-0.0497922035265888,-0.238677924399594,-0.0270440708114429,-0.610559807786086,-0.537657712244284,0.598394141286949,-0.285625545302922,1.68989769176134
0.00980342454340322,0.0121698536205115,-0.570595901231731,1.25114304610367,-1.36377027588874,0.719043849692356,0.0270404763336164,-2.05304790860573,0.908702686365962,-1.05449780922188,2.93474604597214
-0.30861559025694,0.363139689172572,-2.4371693415157,0.915830101956465,-0.207167870224829,0.767485281206477,-0.616975408169726,-0.636995846442974,0.421994923958792,-0.392380928459332,1.2641762798254
0.730130244772314,0.0864126845674989,0.287833614179574,-0.554629038449777,0.130215477555072,0.0937723525779522,1.15993603428423,-0.0854486148361217,0.362936715659064,1.78056445153981,3.14322939342885
0.672075132748511,-1.25502452942989,-0.74912016704607,0.886259370800323,-0.622482320067424,0.846498228733635,-1.27777877236661,0.0965307556249793,-0.761782565660264,0.150601073339745,-1.66213682987252
0.592976245542308,0.579773313675945,-0.950839359548435,1.38496597248435,-0.156329376014611,0.23252495541599,0.385455804997107,-0.624894754172831,-1.54781622884605,-0.104189107501505,2.62497967770558
0.660067318540856,-0.634589556082117,0.669512735778121,-1.93823332674191,-0.725094666934545,-0.162543472994425,1.03537078841441,-0.232471223269931,0.589914260703571,0.972436351587221,0.581751028796556
-0.892085984842616,0.631168375945911,-0.746018641477191,-0.0161033189527578,1.96572311171339,0.846906854973676,1.66089012716904,-1.83172104122896,1.27235468134271,-2.14491780555807,1.32820244264703
-0.776756685868113,-0.322794216991067,-1.02737446262995,-0.352543605375226,0.56288985821936,-1.44571067550582,-0.451319941221964,-0.796827101268969,-0.401202190885675,0.458464060701845,-1.3100751630516
-0.610819786184662,-2.26116939350622,0.444085282376029,0.208449617509352,1.36097040542145,-0.239552082141187,-0.888287391853428,0.471506545440616,1.32205822887307,0.107401918347324,0.401729055926853
-0.350946241971319,-0.0876720352471144,0.409149427908142,-0.508198152494731,0.0304541772797339,-0.970757710061895,1.04643956955616,-0.711112292820792,-0.709514080784887,-0.368750743194256,-2.74380764493775
-0.213321115247155,2.44500627153434,1.22882135449155,-2.01590739704142,-2.26867306338305,-0.641096276419494,-1.45642010676996,0.490165018729096,0.358354404297262,0.114618935246714,-1.49026137439038
-0.897307825203866,0.810773646602946,1.13972095713042,1.04103516385378,0.341665730073504,1.25954281083062,1.3235881382195,-0.392092728309832,-0.381502116341449,0.337832274728325,6.97941407634924
-1.24861187749782,-0.830188464504137,0.971084554366724,-0.730996945935799,0.665808308711726,0.389141703877945,-1.35578852310415,0.901763920353982,1.70755060234419,1.09051923531029,1.79212566613744
-1.11329294947493,0.0403899383528682,1.07848352739837,0.74433757958904,-1.14865668765217,-1.2192475573313,-0.772911931235606,-0.666051129959853,-0.278026925428763,0.7133607402003,-0.308101901731602
0.350729412202572,0.0391460918282053,-0.114769224118137,0.465544789930759,-0.946092324056969,-0.509644734103673,1.75468816820906,0.438840209202114,-2.10877672670469,0.181028334686625,0.891762070369757
0.638290567084709,-1.01767062654586,-0.103588113507579,-0.311658172956538,0.246731296882119,-1.60110247866808,0.05835450474041,0.392823363476223,1.6277512117289,-1.94660058912312,0.156280400012896
-0.387747431663645,0.153551272279479,0.132171577548183,1.6020664375319,1.11861558669492,-0.888663772865464,-0.474673983716977,-1.03473400822821,0.282103782019019,-0.481908217044119,-0.0874379545822523
-0.40703495342957,-0.850474759915797,-0.187595462055251,0.390818299687574,-0.207162472639655,-1.56139234032993,-0.0399298940758385,-0.323694732592013,2.09663435342076,0.674586248021387,-0.435483349529646
-0.777609230806776,-0.110987268122484,-0.940965440950763,-0.509172983447994,-1.04347525432772,-0.340183935419129,-0.273915612593292,1.48578806629905,-0.761666541454896,-0.255876275391925,-4.58917837899863
-0.524180324293384,1.07387598470104,0.0262459354076726,0.0407528245784586,-0.228371836443091,0.896215038549698,-0.904445565394433,-0.0905724415119625,-0.137047194014895,-1.12077668537677,0.978640228964764
0.465907000048803,-0.720434574272616,-0.0942560067922601,-0.855659380426081,-0.151239666890616,0.967639134214134,-0.212894483845155,0.0280417088816731,-0.837219931034101,1.50242930375162,3.20951714146054
0.0624899878542852,-0.905169173084155,-1.83479881017984,-1.93708368290792,-0.396589009386417,1.26655861032712,-0.49883717967741,0.569680520083085,0.23048518519795,-1.57279413279061,-3.79095597672707
0.871519593339753,-0.724542669857905,-1.50025349803694,-0.799907771941992,0.424075960356741,-0.0650387951832938,0.893156496974699,0.106747354208921,0.312720244248285,-0.0207259169315317,-3.35215877587299
0.494151776904431,0.558556397928512,1.04625370915199,-1.22346144755146,0.988452192003179,-0.288378721569037,0.0070981868571064,1.11011500080737,0.585726716040807,0.749953065032505,6.68061016468622
0.505770068737263,-0.197028236501604,1.10193580573133,-0.0546216055485558,0.623290401628779,-0.775958295440522,0.416635766729226,-1.15670463398148,1.29791900350841,-0.988708705642593,2.24412597075879
-0.147916927308028,-0.244717504776057,-0.0335778626626246,0.282716136877138,-0.546643517248221,1.10981107501116,0.515385625610626,-0.0846182449754874,1.59859568612829,-0.517741928253799,1.4523439442105
-0.99277352555251,0.436634689125265,-0.049310881935097,0.109299485657766,0.821510959980563,0.654830001703872,-0.666775905305038,0.128871648756518,-1.50687569704201,0.0709965669730155,-1.53651722934788
-0.350946241971319,-0.079018148856468,0.753595165375117,-0.695477763362311,1.75133428357103,1.12356506843539,0.202745720958142,0.125314168137903,1.01806241199502,-1.17583821006383,5.67033016865577
-1.10699427683489,-1.07260242804442,0.790770792002166,1.01430338580253,0.345149357420385,1.36867587503624,-0.996834924844436,-0.549361679017344,0.341775444777718,0.32290191332864,1.38503867661258
0.274440726524487,0.0197344416836515,1.63007092947881,1.38275207906198,0.821865004449919,-0.447145823320254,0.468808101813471,-0.0553500644204794,0.0639368741587002,1.62089110078259,6.78867252262442
-0.389535678409902,0.164949852063787,0.20236744699113,-0.130644837265979,0.666644711085079,0.817827631837432,0.0516334060631227,0.561649834713183,0.843224529744003,-0.554338458944942,2.68272226392977
-0.979799064327623,1.03721154121417,-0.36343422079539,0.0737084594693991,-2.28788480623343,0.0128136539887525,-1.23558115430819,0.118482497007863,-0.575683976577066,1.96270044143528,-1.06464299114299
0.105338909328354,0.515822319150383,-1.43465031911,0.183115121728918,1.49663037878936,1.38446076027486,0.300830699703838,-0.948042496524991,0.0399886531370984,1.29128782387791,6.24541614912006
-1.00489357651999,-0.669151113502305,0.781498335304213,-0.592099002314215,0.229602681165547,-1.48126097280614,-1.23078359988064,1.52002563938061,0.713381841384032,-0.616805028271128,-0.927035201260033
-1.23191230084693,-0.636315230829495,-1.37794472205298,-0.614808262517596,0.86587600657493,0.518036013625626,-0.194441393713166,-0.433088653836312,0.109727501292726,-0.514365636516503,-2.93192342490511
0.487049319027697,0.804991946249295,-1.59186563043667,-0.296436566368613,0.105768512796302,0.101532726738297,1.24068994116042,1.19491384820158,-0.0770435877054435,0.0322695647075392,1.49108925628528
0.916937135627302,-0.672175578997755,1.23273808597005,0.320030840251019,-0.184672083370007,-1.13950852068809,-0.537145708879279,1.13034040836614,1.77992296329982,0.276204250199931,3.03754405537705
1.42304269829589,-0.295409355031706,1.0184731363348,0.639519328288511,0.82115255605283,0.131162577318757,0.754149989807121,2.34444726911509,-1.78996518348375,-0.916096462018738,4.56799482867206
0.581890165322301,1.84675037937448,0.242218020639046,-0.135751796007757,-0.226103459704904,-1.18888995142833,-0.344795651575532,-0.695701076467117,-0.832359192542426,1.001061518155,1.05798454678884
0.152252849069396,1.07238494761178,0.81356731963395,-0.334385463964269,-0.679353024363177,0.205664425702131,-1.13882255448551,1.94725580672548,0.602022124471276,-0.549640897028809,2.97647380098282
0.654255294524486,0.100515039915236,-0.701315095071532,0.546543248200999,-2.34371362383767,0.60215128828245,-0.438606540316521,-1.33783835040504,1.09860275642896,0.884642973580706,-1.8195449390597
-0.911298306392644,-1.16567898236805,0.80714874891353,-1.23916015521763,-0.849546168807275,-0.863967476173743,-0.681289509539589,1.00298316918366,-1.04206211938419,-0.0100376185709851,-5.24899192532337
-0.168377949673096,-0.334931032085813,-0.356626175502794,1.09458609190089,0.842263592833206,-0.33443579780605,1.463393698241,-0.993111431096787,0.682690221160627,2.17602094424572,4.36801424623609
-0.387747431663645,0.0396013673864133,1.90268059619626,-1.76741283759418,-0.198709122315311,-0.20022516753998,1.06045419923125,-0.138456801053863,-1.31843922923229,-0.711630604200333,-0.0185550149944013
-0.486221987040377,0.573915486459545,-0.224988298773016,1.17854355559612,1.02346580203078,0.738018073036491,0.150619455426735,0.00767285306398596,-2.89460598582208,0.439047030853309,-0.880252460870871
-0.997582018290931,0.211701831651436,0.819852854748461,-0.719596536481517,-0.506805599703851,-1.77221828138743,0.591668466975643,-0.0374550021886152,-0.794671634207924,-0.263808892355261,-0.605580586037375
-0.115753637433357,0.677339352181074,0.306934176851877,1.72451187901472,1.35303312981503,-2.41886240931079,0.618866413922326,-0.0703672473909491,-0.339334041030775,0.709583612212092,3.7296326620461
1.37908649743623,-0.212907984255238,0.0517046965730354,-1.64039504526607,-0.54934930915741,0.169904630053653,-2.00102052588925,0.628928145443573,-0.278640301095584,0.161623526936484,2.05295590362686
-0.861179072907067,-0.54714095862664,-2.35014379656581,-0.0519090090494157,-0.321233159327771,0.459853707519246,1.1118835156938,-0.0293289091254265,0.237633778931976,-1.00346383389495,-2.67656295744275
1.83694557863994,-0.779342704906672,-0.177835094125924,0.368906113434409,0.973751227611369,-1.48798462101575,-1.16196393545311,0.597371859093715,-0.590418011530891,0.339723847073937,-2.87919965067081
-0.579141255872608,1.24151575723984,-1.07321442087897,-0.178066010072889,0.382045142212135,-0.486144475996078,-0.879508480151608,0.526010796738917,0.058225222072512,-0.2564173030275,0.604272471734449
-0.350946241971319,2.01419507572076,-2.5510153678168,-0.795242758467228,-0.886756738621321,-0.547367994014802,-0.256695084359225,0.202765957625189,-0.306521146808862,-0.69060687785786,-2.93296001786931
1.69379234435513,0.212135155790392,0.571241259907997,1.90487113848832,-1.25998129025467,-2.74556107823583,0.0500015309524589,0.696184236175771,-1.18221626757106,0.786158135330283,-0.921549290239826
0.0983764741595445,0.288653095950454,-0.0158775003367595,1.1902150351488,-1.4074649187973,-1.31064494705307,-1.29000997765094,-1.51075111925436,0.429095119519921,-0.366284548040455,-3.46551349729755
-0.389535678409902,1.45804963094147,1.48294971461211,0.512416309361683,-1.15517247158078,0.34584461524367,-1.57871845603924,1.93026925689156,-0.578424007390888,0.377049960283496,2.93602919984992
1.4940666443283,-0.244818993444773,0.476777756166625,-0.24087465844349,0.0889809784787418,-0.829048602705139,0.915530733699404,0.535694538262806,0.583448655408208,0.210028541837614,3.23932120763594
-1.16038607646993,1.32589117018383,0.484897541459602,0.044956357472546,0.827189824154266,-0.317287943940441,1.67750203805942,0.323594577813133,1.07731495650689,-0.0794228152185262,5.15061464790682
0.0189297133343158,0.511185545221242,-0.0673206703282593,0.765364423235455,-0.342344814122027,-1.21798469130469,0.270904568217151,-0.828648840448594,0.0727597247705336,0.0592539155090045,-2.27432826835311
1.70082433976451,-2.02701257667932,0.0251256677553135,0.511259446528463,-0.346030529686502,-0.683283943933834,1.29094350291309,-0.369524551334663,0.896256835479784,-0.692542088750241,1.83907398026313
1.12007922682614,0.579708058694091,-1.95111723397255,0.180905931645541,0.686182085107591,0.153479538412425,0.890978613096952,-0.321259048868304,-0.214150721036462,-0.211364304031865,0.578297595648598
-0.456744696399841,-1.11637145072302,-0.208036478887118,0.824492864682575,-2.50283612159642,-1.76740298178301,0.203050430656213,-0.563639109817815,1.50993699218228,1.63758148975851,-0.490122389875749
-0.252960028257384,1.78431019101111,-1.13193545464178,-0.47134421601224,1.11028183704923,-1.66280723122187,-0.506416134276235,1.5730951416512,-1.14803307268419,-0.219708439509965,-0.45728375761182
-0.108936595544778,-0.376373039006792,0.387129972368535,0.944085822126204,-0.499108469333864,-0.307346014932763,0.0128293834695661,0.0208387423556413,-0.540598197893482,2.57686661521923,3.94619152726078
-0.615822032760384,0.802882536541442,-1.30289279186794,1.42631731073135,0.711974222702166,-0.579050710060495,0.823982888244883,0.582725470227666,-0.486095130753319,1.4168633101178,4.19187458953965
0.57059017763844,-0.00588439918347984,-1.93361128623492,1.24410716230869,0.578939223542078,-1.63551906450483,0.97640871196601,-0.229278909445775,1.2996877086732,-0.0735281456655897,1.28246788255969
-0.437521520463503,0.224860363802487,-0.0557793186931762,-0.289545880814622,0.683122177227533,0.317858817236305,-0.531088947536259,-0.361998263696842,0.145559323002227,0.450505598825147,0.69583891723311
0.881278303329976,0.462222011919851,0.774177261038676,-0.912804694307119,-0.551750870243766,0.423545984230583,0.687058662587827,-0.917707529719467,-1.69166730038025,-0.665757089237487,-1.19162324533412
1.72610735006993,-0.19049159087049,0.894192656777261,0.774588445750286,-0.935305811621151,0.416991174752957,0.73105118352557,0.131958210191628,0.333596349557657,0.702860756047375,7.96470193070476
0.237169359877823,1.37201406453557,-0.791470973835423,-0.00401631769005003,1.97154282288569,1.07953087520467,-0.00542737712333947,-0.163702768385646,-0.296893082033911,-1.96152216319244,-1.03165716030684
-1.12321859143226,0.736669075460633,-1.02535688085341,1.19397619410672,-1.44517970241023,1.09080234270406,-2.30186228631853,-0.672039789612855,-0.911061616649497,-0.9348771136943,-3.89529341886185
-1.32929266014592,-0.641469445504882,-0.983002065280819,-0.676643218029805,0.892380805915228,0.498002741198969,-0.291110985197201,-1.12258383637595,0.429801707811388,-0.921696742521504,-0.660622880427868
-0.459704909736364,-0.0351632036515254,-1.79104088701685,1.14475245502685,-0.103707191186059,0.261429417837725,-0.523200081585975,0.617128782845015,-0.359948858453159,0.767925237105685,-2.7368682387277
-0.63987356615146,-1.74539123600728,-0.59069897815466,-1.22176247301021,-0.5312332583891,-1.53825329990147,0.256842558492056,1.26198144619009,0.0315370008591075,-1.053834341665,-3.66884380187536
-0.452169806486482,-0.671056577333059,0.373945096814563,-0.943156984931798,-0.390379320847819,0.651370429589402,0.00279108648694341,-0.108451287534291,-1.3726608528883,0.0747394936087146,-2.23379365145713
0.358368171309291,1.25959926976257,-0.00246268997322983,-0.164925358669636,-0.3120786597964,-1.0393758009754,-1.21095521257102,0.600803883689893,-1.75956057351854,0.111943552948474,0.251252081635783
-0.109340035165944,-0.912208323650153,0.965945593763603,0.234011900704813,-0.919034228845171,-0.653952529331196,-0.12376597306604,1.10353109138696,-1.23361588371289,-0.474261910094783,-0.38846832369926
2.18744308973893,1.22667637385469,-0.564018891326438,-0.627764164660667,-0.404616441417021,-1.74167525188509,1.81617063135563,-0.155023991794243,1.01539618762919,0.576827340865582,5.10285003168372
-1.67516888720488,0.637713776046409,-0.029229538669726,2.41857037235577,0.197138254106819,-1.45457570750556,-0.00975618903648261,-0.972289685693811,0.513827625584271,0.805285738905119,1.28466188622037
0.438073553825759,-0.845004831528294,1.66264644526375,-1.15420889687154,0.0437948257871735,-0.057576960384365,0.761862906718461,0.0903750498363897,-0.0470127821383726,0.227568092131785,2.55375312390225
0.0239541598170488,-1.70854363324862,1.57866541556359,0.759042772027203,0.286048776365001,0.861609284294507,-0.223406985009537,0.640526305774682,-0.0181666963606036,0.295136411004271,1.77561201322676
0.973736616674639,-0.804786160969275,0.651304597198358,0.511647904890811,-0.706955398678108,0.620707461972142,-0.11248430345767,0.9048985670564,-1.25330644769301,0.555332796435699,2.92495895840145
-0.437521520463503,0.0330001685445729,1.15913628283481,-0.0623528935900853,0.674702277358123,-1.14112653625624,0.216398236530662,1.37383063959646,-0.0798057465569652,0.188499024349986,4.38288355013863
-0.777609230806776,-0.476467696121549,-0.15070780387054,-0.572692576649457,1.09717664483308,0.363165737113729,-0.20623869786228,-0.490309063274467,-0.675950063412123,-0.501510496210502,-2.56145281584882
-0.459863983771223,1.04288025147115,-1.35659952603428,0.801979548415027,-0.576786252545774,-0.815199562481491,0.152843728923433,2.31817941793518,-1.24767489576264,2.07902986128619,7.25191779346513
-0.944443646047887,-0.576407135345798,-2.20038798387686,-0.934716516643521,-1.63461222577882,2.11311090863172,-0.220147626329941,-0.748437894945314,-0.929400170908746,0.241667754036559,-6.32007972113528
-0.0691426690118434,-0.166589140238668,-0.122850382720807,-0.710228788386047,-1.512888292477,-0.260228259951922,-0.49026308018985,-0.019372333362194,-1.28212329232367,-1.68933727610273,-6.88131825832346
0.105338909328354,-1.02005661845323,-1.57760028979714,-1.51101642426859,-0.386068881890716,2.60262260271426,0.290916235692182,-0.219396737648417,-1.03411703563057,-0.279275362139072,-1.168454956608
1.44635462392024,0.218072126789861,0.416503022218,-0.212362514060573,0.900148954278511,1.27175511239978,-0.844061130073247,-1.42744887173698,-1.82077049974304,-0.851885888320466,1.54505157831143
-1.34486747429676,-0.539801942391932,1.08979100602147,-0.739050060953018,-0.841964536811714,-1.25542422682056,1.11925327542634,1.92433774970949,0.654777128859954,2.08142730615547,4.89331420914312
-0.0560824251815117,-0.554411939303102,-0.680689436063841,0.76825533218674,0.320037181973598,-1.28006677182233,-0.829185207915091,-1.2796617318613,-1.25416717050013,-0.0496202750932026,-4.03583168146795
-0.0550427850333528,0.994737974938366,0.383115649416432,-0.907982410740702,-1.24852143781981,0.563619680988469,0.0197735845844012,0.692112419277757,-0.684357233231515,0.314623083864934,-0.0876705123464305
-1.72471534035157,1.24468691842508,-0.0107375280264995,-0.0718253558316479,0.786241698955502,-0.633283889777675,0.703992891324412,-0.151613772654745,-0.192508899222526,0.579995893816786,1.94526224389022
-0.370790442130236,0.0494040394717937,-1.52220452496098,-0.0723572019924923,-0.875277817955571,-1.12080007462314,1.44090165662915,-1.30044725907102,-0.127873098461707,0.130530811251994,0.0195947058549257
0.660067318540856,-0.902976442322455,-1.00695197120855,0.828943357894558,-1.27481125830533,-0.744631592394728,-0.0398187242524488,1.11989614252524,-0.52295612543571,1.0446980359135,2.87442842716984
-0.119180813916346,0.9931849107459,-0.248133330939644,0.495086723030155,-0.184587049484157,-0.112843831055138,-0.985543341518936,-0.226918949336099,-0.680308346095604,1.03211571832957,1.44002804608205
-0.247179592879029,0.0720274949508757,0.193135049400205,-1.78513926619888,-0.0392381813557705,-1.27699100083798,-0.66935672211602,0.534868616062839,0.412522605771036,1.91384241981722,0.561040315655178
-0.926333530110555,0.0301042960547548,-1.64038816399576,-0.112170480043237,0.650531942314362,-0.716727897052982,-0.331922332337186,-0.141794872563837,-0.975458379059881,2.1189427508919,1.32073129342131
-0.389535678409902,0.397416207761367,0.209860775392072,1.51523485506865,-0.253753513272455,1.34084483371392,-0.96035968683275,-1.44528154457866,-2.01581112753519,-0.739901661551156,-2.78551845759077
-0.769767412666244,-0.434297284680404,-0.360328956889312,0.0197593021031104,0.672853963495359,-0.506961998325277,-0.468951702465869,0.881652339189193,0.518335259551118,-1.14552753090681,-2.01568984957919
2.19059140062475,1.14524081253078,0.266889194060878,-0.521242195495256,0.101615018841181,-0.451439326350932,-0.906017157491807,-0.707231820691311,-1.07912379838436,0.00182186060581313,2.5426085174046
0.406635716866544,0.920243356367106,-0.591570674889101,-1.01667746640854,0.4895207749673,0.773163027239088,0.628936677046255,-0.370903531735147,-0.858067180004379,0.236464775957668,0.863190735225987
0.623086653885599,-0.612806340894169,-0.745962364127326,0.730057531368496,-0.459966210333555,0.0558446094165512,-1.77416519751829,0.623732171818354,0.681709684513492,0.351774539267332,-1.65439805750034
0.765116672857106,-2.4079573742802,-0.378832901016162,-0.313832596796783,-2.37413785092338,-1.05452297022891,1.0221162860705,-0.19774169133167,1.18621021229317,-0.610513099556753,-2.96077572023955
1.9083449651161,-1.04925319543992,-0.221422579208269,0.92739129179278,-1.05673177661394,0.190386710086786,-0.362353244711117,1.37844365558787,-0.0633203562798448,-1.19259734355906,2.70200011653317
1.26701587091894,1.32262289929547,1.31537338363987,1.17497328393676,-1.14091518406841,0.610061602109397,0.384129935622269,0.0336169037072087,1.98248045367518,0.595498191582282,8.95051800109649
0.303869371177159,0.91553906415518,-0.895800844671735,-1.42413312558486,0.77255611832004,0.224010334944455,0.130197082007131,0.447410612329362,-0.211570636695806,0.866546781631182,2.17854877422411
1.11710057381252,0.970299071571825,0.167327545574845,-0.988088151989594,0.475159580575898,-0.753888506449364,0.970649105881475,-2.54259674943724,0.926933863346075,-2.06140469575446,-0.120689944088858
-0.109340035165944,0.599086049700696,1.14919871156622,0.568521674540907,-1.04303935954679,0.707010873681144,-0.225765826527644,-0.124190220440056,-0.0528107282241693,-0.521415698115972,2.29683671064484
-0.0997125174093413,0.959580335187696,0.39771380801625,0.471860088516437,1.51760966982611,-0.380552455410714,-0.695274468915064,1.3774595117093,1.79052572554335,0.0998430469651322,7.79159734333805
0.488442072108527,1.0406665361695,1.12194443672526,2.65105167263945,0.364687957277106,0.282365175016142,-0.440462195541234,0.821408885096383,-0.0966730032864802,0.117129039781933,9.98192567161199
-1.50639192040874,0.626587085144554,-0.4398490299535,-0.261644805887268,-2.16099385618141,0.438114931429956,-0.537366855616286,-1.50814544126898,0.838454573535312,-0.129204575430529,-1.21315770471886
1.30413404888079,-0.511812876234401,0.775097982395793,0.657223648082467,-0.278498527315248,0.955571279127716,0.24620587438965,0.0107214612220802,0.304549784511663,-1.047201820819,4.08557764487048
0.0624899878542852,1.18706702482161,0.742616619620024,0.891056071104856,0.734921606161752,-1.08568558184959,-0.235273311159088,1.2257225878036,-0.0724631856307147,-0.595194663629382,5.08526476819709
-1.0665125471584,0.179749435664194,1.33923465852325,-0.139994946107205,-0.520258077602857,-1.48716125486823,-0.909326427492179,-0.415813682572217,0.545123030569814,0.204273945080239,-1.16314165400647
-0.542527214584591,2.39963984823643,-0.992298118015798,-0.0027735403551317,1.62530753351665,-1.26798930553483,0.91563127402873,1.32939007215411,1.30665640267556,-1.07627248019035,4.01948062115931
1.24528905519169,1.85622523124137,1.2313667964266,0.445272779768567,-0.494591538459339,0.508693930011682,-0.840521542156448,0.770974512784395,-0.275515849336007,-0.90717903685206,5.32110752398803
-0.564619314860554,0.173099455361768,0.544394655954293,-0.828416938584462,1.51248789559051,-0.728204501578083,0.75572435550725,-0.718212040425498,1.3430106234023,-1.20046660220728,-2.38741564346201
0.724769601369736,0.234134385944883,-0.376775280340167,0.647788639395918,0.374981266650474,0.158297514896574,1.53071066868236,-0.426417571787626,1.36487020750578,0.725078213374943,5.78377907350059
-0.218486805209514,2.10937334458075,0.468675081107564,0.73564563041707,-0.226789301857463,-0.55902461948754,-1.035821405733,-0.328794067752796,-2.47597886974142,0.723524843002631,-0.492540217621497
-0.0595750824792224,0.0999897474507235,0.405618666907945,0.4068666368601,1.64249314267768,-0.782580247388248,1.00946561117301,0.261489970825232,-0.931886194199174,1.18776379496054,5.79530732007836
3.30396560954734,0.332762316605223,0.0397781047851428,1.00859305866097,-0.373935310601005,-1.40378926097212,0.291852120005319,1.34081354609848,1.67630330028322,-1.07475468036627,5.45658553795579
0.358109606112948,0.0937108845132327,1.82124075726678,0.976743111344656,0.919631347655843,-0.379214442964739,-0.1786026742133,0.585348371557986,-1.70045742596049,-0.976393481863141,4.42913749051474
1.30413404888079,-0.665624130558523,-1.01483083132377,-0.665659702788837,0.447190249398739,1.02045385081655,-1.72127579462373,0.579169329711788,0.415342641580259,1.29484098885706,1.27737054296119
-0.743428333100463,0.639562249905368,0.537238575158265,-0.282996545563941,0.594224916691428,-1.40463058396355,1.08025383568634,-0.257270164504098,0.346400096856344,1.35211399991579,3.75572067705378
-0.982663891146924,0.718621400396113,-0.219905033032867,0.282448930176402,-1.25648707945246,-0.306145630380316,1.49814001246198,-0.139096223209153,1.37663921497959,0.691210241813412,3.57334073822196
0.268479511405557,-1.34114532620745,-0.0579583363030051,-2.70712866250377,-1.68361987865215,1.11733599261082,-0.00904552558195482,1.68908611372518,1.06757572287105,0.610435541117322,3.09185563142837
3.30396560954734,-0.486035363992372,0.0289509484713965,-0.478470966781141,2.23795011323545,0.316644754060196,1.29481696723817,0.67749294319894,-1.05709039554701,0.30552943154586,6.24519681661759
0.018078543868185,-1.32739129646766,-0.238761758980717,-0.613847714444428,-2.07114094721737,-1.03518412753938,-0.0638485672087728,-0.415291803061513,0.65332613732734,-0.252367626695343,-3.6195768514742
-0.287938847802759,1.53561586806604,-0.367068133815455,0.0729119077977364,-0.217757777250824,-1.1104178361909,0.230105222639462,1.70929664297067,0.946656248052613,0.870125207920352,4.98728779687992
-1.92277326285492,0.333227636889393,0.819891861368762,1.5163450836079,-0.612869631917465,-0.805415432274265,1.37066503790965,0.501171183318486,-1.23432297602212,0.339860981786148,0.968430090631756
-0.0589860345477786,0.723685661024972,-1.03703371977873,-0.155752654778255,-0.65058224729327,-0.0149035507568234,0.435136359025329,0.604172276745402,-0.800764663164202,-0.150760653687177,-1.62848108292814
1.10510302671868,0.574263017474296,0.663321706602233,-0.295719565643311,0.107044936017655,0.469052049181733,-1.7047669787716,-0.169361487487812,-0.155265920138704,0.959498085743796,3.63194154337831
0.474310140668022,-0.230558377944016,-0.234308603605921,-0.418906159130712,-1.06676759436037,-0.222634443183835,-0.54264386628901,-0.220407499272899,-0.864060362066198,0.908929562969595,-3.60328855426538
-0.251188432997623,-0.847457910560372,0.131372454546545,0.0178320349721555,-0.535078041425215,-1.07607566144891,0.182297622913652,-0.0687034738421265,-0.186468366593867,0.906046245095014,-1.59807015897333
0.731478149629222,-0.195784382828804,-0.995962546945462,0.388012618494406,0.00557603616636265,2.12839748689874,-1.02251398300614,0.291264052467424,-1.32332993038406,0.784289893806884,0.147293315876783
1.21788074746323,1.46878997029794,0.0163040402662855,0.67014466175341,0.0504022552160255,0.146769638008295,0.0319763672470652,-0.125169089765778,-0.364379949206096,-0.960287861398118,3.83707373107362
-0.490786194503576,-0.208569047246923,-0.0346326338734722,1.20053213847262,0.634124858198685,-0.351913610994349,0.1053648099895,-0.537874929818217,-1.55164265157838,0.109218994049434,-2.412939884014
-0.817131207756547,0.623819274289024,0.918672397412229,0.805999124789394,-0.884669799264646,-0.67596777464473,-0.516240990300181,0.0490391052634065,0.404392660489913,0.447452336549575,3.42135609403365
-0.122548434760949,-0.124071588354589,1.37350135017324,-0.464688058717663,0.0120685504676852,-1.36639693755778,2.04636921710595,-0.420838950746731,-1.03885162848306,0.822720663659697,3.9586445019506
0.660067318540856,0.490753772771174,-0.379300436190933,-0.589738569915142,0.0223257252805361,-1.12348275825061,0.814787307626294,-2.3840945266577,-1.77387664323447,-0.932888359438465,-7.47621452448097
-0.525086744454968,-0.347542975241984,-1.73378757739472,1.39863322539042,-0.363819114494981,-1.58552050411541,-0.681730572644652,0.796379272575383,-0.162756701088549,-0.633013936899648,-2.04162415986522
-2.30632757592481,1.42114100040273,-0.889439691529859,0.375208160737833,1.16328319644698,0.136025436364509,0.465972874991722,1.09986134573215,2.08552582463089,0.658615892739131,4.80203923196941
0.0239541598170488,0.395707256820111,-0.534827695093259,-0.661421798225202,1.08812406135069,-0.205025683607192,1.46988812205803,0.571750872156113,-0.904888877487461,-0.292223114036366,3.48795685111579
-0.194443597611912,0.482254592458078,-1.15883069652101,0.110166922266499,0.452519512485623,-0.0794363988583179,-1.28915594922538,1.21689458465435,0.533866781443926,2.0888761543192,6.21950052253855
-0.252960028257384,0.304812387469282,1.45889508513092,-0.881922556445269,-0.0437582756751617,-1.4355397500202,-0.386879974766353,-0.0315116350207279,0.866140106773001,-1.37861369711681,-0.318150794155329
0.636748480429197,-1.49552747959201,0.015092020730245,0.1228615081346,-1.75720114229994,0.475549294391116,1.21015418594739,-0.296391555464168,0.50951582823914,0.414405968975356,0.573844053601916
0.654255294524486,-0.250887559761649,-1.51787422938725,0.64673177396622,1.25477794800772,-1.42745911147141,0.481393950956473,0.684820824882567,0.303941141531881,0.919119175925658,2.74924890502948
3.30396560954734,0.0518007440510542,-0.0144594575431778,-1.04009211128329,-0.162321162233434,2.093445004243,0.639123894525099,0.275146143606583,0.83417474599796,1.02539270008525,8.67559951027399
0.76371128549908,0.0418748382449307,-0.977120664227221,-0.699291645019109,1.11667037290269,-0.00357628934244936,0.201266429753992,0.674120312683695,-0.146660535547002,-0.753163576777211,3.04693011397482
1.42304269829589,0.0981122342792862,1.67223298952755,0.11049897811691,1.6873301968046,-0.421818190280835,-2.17284265514981,0.889569351853573,0.197783214384237,-0.5629253375981,3.87228212151659
0.326980608641085,1.96252568186531,0.293388766944334,0.0755361641595128,0.0731559080825879,0.353269638815506,-0.116784637713906,-0.0463087304838153,-0.56043758328049,0.269255512794534,3.11387972478325
-0.699130069547549,0.266444056527278,-0.999375167704504,-0.0640288664259424,0.751537419902993,-1.90009510551707,0.450886673748879,1.32719200574022,0.0898187800897206,-0.741570561526432,-1.23248440804475
-0.689992849785956,1.38061367436905,-0.606739802223064,-0.463039994387777,0.619586824889054,-0.289679096009303,0.420919816073798,1.49453278988407,-1.41164647223246,0.522635972404841,1.56669383448128
-0.119180813916346,0.309081862378125,0.115395246753838,0.571901319166952,-0.0229960959479803,-0.111964600946697,-0.338576163215712,-0.945828179490896,-1.3439729436695,-0.820021043910033,-2.01183801349088
2.43848975286818,-0.41008631417603,-0.918437311044057,-1.37339389159059,-0.374388347096927,1.62230895874505,0.254437441860935,-0.499021401287298,0.51281313709554,0.662077579765164,4.70897408126409
-0.303829998343134,0.404052686280868,0.542427925980185,-1.67606469167651,0.536860034512398,-2.06880484541213,0.593677576781291,0.00868972834308804,-0.012727457279132,-0.72564709166076,-2.88798826633712
1.83748329584019,1.94710412117029,0.371800851049404,2.61852410637303,-1.21474297698601,-0.897883374776169,-0.843880253036338,-0.417015515966818,1.14807807441813,0.313967899518775,9.15050098074473
0.346381962316778,0.816324453948848,0.629525871300182,1.09380304233183,-0.264709470623369,-1.00390944398072,1.16761141916631,-0.456433125619718,-0.755650298742717,-0.188542736520615,4.5773192260752
-0.389535678409902,-1.36647911441658,0.931844791458965,1.43419124805003,-1.18051601424797,-1.08151446113366,-0.840375776389779,-0.0479039043091886,0.674581392286571,0.484957816910793,0.923239014979402
1.69379234435513,0.61802304727266,-0.664623660171746,0.566614995525731,0.250632513999884,0.0650773543935226,-0.531387590461405,-0.40969665236313,1.61338560951278,-0.416552816508229,2.6644834957982
-0.524180324293384,-0.685650009222453,1.50853587014386,-1.39265765554828,-1.17354792415871,1.07194994560343,-1.45412869203968,-0.374776005454303,-1.22577039068513,-2.26201068479207,-5.04447944224137
-0.678629300003564,0.557381073534106,0.165255971070285,0.391300176005393,-1.1163981858869,-0.779549777227816,-0.691479308323317,0.329385352239348,-0.355433842125686,1.73128703261188,2.14648619169172
-2.29514236404024,-0.866674239095844,-1.9248957905908,-1.72738313924558,-0.072648896504589,-0.12950560815548,-0.888105804467297,2.26203125226206,-0.234564957386617,1.83269413991321,-2.60119416003189
0.379237462990665,0.545293174268494,-1.00610304199006,2.20379070318756,0.0264785811996343,-0.573385064413874,-0.224025564391815,-2.19160032217664,-0.0193783801736224,-1.12555092426744,-2.07010613659299
-1.51268365985459,-0.203476300458511,-1.17813542710878,1.4333563824369,1.71224574354831,0.263211146107905,1.02359801617759,-0.555158303702682,-0.987150225857239,-0.113065471678951,-0.676375842216874
1.30281698927221,1.19981159055906,0.708366978923369,-0.0355083319286794,0.605476971003805,-0.271912243104043,1.21477834106085,0.344591898984925,0.233206455059845,1.119923992664,6.44678558910087
-0.307067960434676,0.845192435888507,-0.330689497870194,0.175876244239437,-0.391719803354636,1.99613417006695,-1.61187589463953,-0.515613971003385,0.2869144208646,-0.266520157087412,-2.88672373898375
-1.23619351073141,1.52473028624339,-1.06960759568481,0.134679932382082,0.223682284952146,0.973167487202071,1.69089185775832,2.50849854034293,0.308294230339236,1.69596990868276,9.2249039646448
0.511767272962853,-1.15418274377267,3.45737354124728,-0.257488538415653,-0.731159655330973,0.180297376730402,-1.34575458234097,-0.53539164557074,-0.275152064938988,0.747137976764548,-0.0490237296018214
0.98083118529372,-0.277950586643065,2.0171999397867,-1.67679510950243,-1.88838025314995,-0.521034467616656,0.18446442044917,1.121189599553,0.073797800209419,0.0296998137365965,1.81329575090237
-0.122451618688066,0.262831912094181,0.818296114932722,-0.6934022977599,-1.27020820597535,-0.759919210978716,-0.852834837576915,0.557931545249161,0.921425236782288,0.603770966568353,1.11615736202927
0.870227368135702,-0.26928902785309,-1.95537945736092,-0.827555620328975,0.819591968719781,-0.652866695567217,1.24659865477493,-0.758460986460777,0.150300153552811,1.56252621074922,-0.945408187139333
0.370950509600797,-0.292458466392296,-0.000911622338183374,-0.243126295269677,0.973282820900039,-1.2087423492645,0.535222049416993,0.344492141929352,0.221484992124908,-0.264440268028541,2.05779357577349
1.46505332393812,1.29799717962183,-0.760716049766597,0.0440649878241611,-1.30789818224653,-0.758186697842085,0.0487724140045927,0.270444467582364,-0.579054896906336,0.276942232216198,1.51787563343737
-0.875300574286575,0.803965234371745,-0.164414987008303,0.195719099095341,0.855130905381844,-1.03833944722101,-0.162276182157539,-0.672475183019651,-1.49776173687372,-0.189012174158725,-1.70865882883363
0.838280380511156,-0.141072700886649,-1.54396134536164,-1.18953525129527,-0.515623871833536,0.0477320274521675,-2.15452628301437,0.850972341799639,-1.64020796911152,1.40840186531805,-3.97942967137295
-0.161250126224385,1.33092516532149,-1.00535036953806,-0.0407341917249421,1.07125972066761,-1.70754538254566,-0.447584025040698,-0.174549295227786,-1.38422528723618,-1.55103771938006,-6.40918690693883
-1.62050399314679,0.0914124117209985,0.838405331018789,-0.128813895125756,-0.743888868507339,-0.109659566690778,0.847131344270548,1.39644992608852,-1.3868019390961e-05,1.64341668971807,1.52996347992157
-1.18350860547845,1.41605307401938,0.179304713481645,1.03592513998843,-0.641946647973311,-0.794757212547938,-0.636086484850285,-0.36288001178432,0.281375459857976,0.534172977932184,2.50349900299959
-0.678629300003564,-1.03162749399224,-0.711814740719219,0.954150689335278,-1.9098762834511,-0.358617683013082,0.074900984646338,0.788288675508026,-1.96199431452475,0.0241300377154657,-5.37779862877814
0.0752477229622966,0.244462213266458,-0.814571791606728,-0.2970483522061,-0.096988680650488,0.757049160440722,0.286477652836045,-0.497221870157172,0.403967160918245,0.183959405850531,0.0565783658666057
-0.0099062245832306,-0.514127779166063,-0.843802223904166,0.505779003311345,-0.834556732329799,0.773530653293263,0.938971684765025,0.617480975250708,-2.049690776239,-0.894454556731773,-2.59684563533852
-1.10699427683489,0.385091128932809,0.653287660775422,-0.10011510024206,1.19123725287204,-1.44131919288188,0.574383827702786,0.946080925504995,-0.59681481103615,0.0247229618679116,0.478375815851546
-0.744500096915252,1.18498802979485,-0.622341974657177,-1.37220138005325,0.111717202016465,0.589484770256014,-0.761361695242601,1.53091178968293,1.59831542589937,0.604552155517713,3.105990583042
-1.22829686195598,0.333043937038467,0.398467663776377,-1.0683120389459,0.74232136636254,-0.305409625426724,-1.14704336472982,-0.379768249990526,-1.04622441602105,1.39147433873723,-2.46877931692796
0.686137797434045,-0.841615694712918,1.789843377566,-0.869568991883475,-0.756532971813722,-1.2378421930189,0.0116625920472828,-0.156139236249998,0.387278416267781,0.304449092509647,-2.16641047556241
-0.151446164591421,0.12208672226363,0.08592823352975,1.55447935948683,-1.0585138403597,-0.55589578969814,-0.55131717612976,-0.283687456354627,-2.11364890758637,-0.181565583571657,-1.50824246425354
-0.615822032760384,0.0344957379482553,-1.59044025288279,-0.991070500454195,-0.20284827386253,0.503966319160223,-0.961285463669166,-0.234999649069725,-0.44410641277545,0.286073508499827,-2.97550477608367
-1.32761486199068,0.39112165937084,0.0727927701984108,-1.00583077423672,1.62166547100735,-0.506990190982639,-0.482884547912222,0.522045045108623,0.339618423220299,-2.54721581335454,-2.79022761740962
1.44015973470294,-0.275811880053398,1.73277662939571,0.103379053741761,1.02977779863764,0.113092263991378,-0.558764872382738,0.0316070901288339,-1.87948348116339,-0.56240008425508,1.72182162131127
1.18832003592823,1.65308045422813,0.423741826141203,0.541336991156012,-0.597445484187548,0.642176299063455,0.461007205033684,0.770928894344196,3.24058751101168,0.72233671589956,11.4355343233898
-0.544279816650087,0.482000541518424,-1.21410924795523,0.512135070543462,0.637369951795832,-0.220016120295789,0.0860969810877966,1.75185521481612,-0.846013333257116,-1.4689514085767,0.417786336085567
0.427951813942956,1.02754058836425,1.32990487501135,0.799152798922072,0.988143718931254,0.0910426441054047,-1.55280411184459,-0.214997951052669,1.62440523947876,-0.498006754816381,6.01036843331033
0.818475767594388,-0.959012934886667,0.29138971655151,-1.1148170884245,-0.705987909672892,1.02552447787905,-0.457937559723064,-0.881049455322403,-0.200367302716237,0.338290236888797,1.74686164340736
0.000611229653819567,-1.22651952055849,-0.592829205546711,0.455791451130467,-1.40855396670022,-1.34723909396121,-0.970079350345218,1.01682506016564,-0.966680081205078,-1.30103541752194,-4.83633750153412
1.13579894329541,1.23797742257067,0.457959293976474,0.0194524418254775,-1.09344622939504,-0.497356206909396,-0.463612289694253,1.5720714917079,1.2490411270212,0.269415573291521,4.4045260883133
0.692451196273302,-0.854304956522814,0.203704688760032,-1.36025882072339,1.54022592199469,0.370945147680356,-0.179070106558414,-0.199318372176179,-1.24002601332647,0.205841347716399,-0.331950840377306
-0.122548434760949,0.0856802578707865,-0.693887047274526,-1.00546033392331,1.6212902242421,0.695838064877508,-0.274125219188037,-0.709095983999774,-0.172126943065221,-0.166209207026378,2.449121749004
-0.213321115247155,1.25463087872022,-0.697770821191839,0.511162606567407,-1.21732394013345,-1.2965431131734,-0.968793912042527,0.25342784254046,-0.97001777809146,1.00209381826149,-0.623277228166133
1.24528905519169,-1.38551476090848,1.13952741207684,-2.23372171559922,-2.17777822230729,0.191400485327529,-0.596926460031276,-0.108594454989888,-1.16539357256217,-0.690900154062012,-0.352730557162376
0.0710571066303327,-0.574726588849905,0.200691100822449,-0.94956696239252,-0.110118677762462,-0.921742048851078,-1.18328902053075,0.279209230386674,0.421345566998879,-1.34453079754884,-3.15326514815533
-1.32039211918974,1.36534684626348,-0.77127492820978,1.71993155849218,-0.253069130656141,-0.239825298158849,-0.464421962836196,0.648592965679161,-0.486556138982585,-1.70783095615552,-1.3711853398655
-1.37866198216082,-0.311541828703448,0.405953680605892,0.788727311649101,0.282014757779311,0.668684093121151,-0.167915348400089,-1.20157241783888,0.649910786059096,-1.69085273839449,-3.45142037918631
-1.10642215674882,0.759279154211132,-0.737789995314619,1.4809580073377,0.701454727854453,-0.609400761835741,0.293160031983823,0.608558246110508,-0.0873157800377164,-0.142645823695784,2.35040629515229
0.739925174638352,-0.842126282346216,-0.104396249032103,0.731528499100333,-0.0257783224460239,-2.13501086714822,1.2226853600062,0.0401038307182275,0.144620146563754,0.302644168896593,0.316873544349935
-0.486221987040377,-0.811179920138612,1.23237015444245,0.0500821673095674,0.0242563291907355,-0.238513941379181,0.937637449633026,-1.82982762455807,-0.665571118995081,0.845226024483491,0.967738526822341
-0.151446164591421,0.569910550730621,-2.04040232462141,0.140113911400439,1.63530953739869,0.861531521551509,1.18598471610596,0.603162381656845,0.393636687860055,-0.943760576801615,3.70458647474587
1.70082433976451,-1.04668741327433,0.350266666389921,0.0309722591376278,1.66153049132747,-0.184030051364949,0.504879362957253,-0.286454627465489,0.735204944035271,2.18305996519476,4.48414215510958
0.703665551009854,0.0237228963801672,-0.97407132695268,0.263509013445456,0.128278382448159,-0.157520108171049,0.11097900570772,0.222349914669137,0.116765055595646,-1.42886038100538,-0.0408291420354933
-1.34486747429676,0.0808721854026563,-0.874468955327119,0.316692230598561,-1.37978830809675,-1.08446363492653,0.394481314172699,-0.201069809266027,-0.867516186063711,0.135496337592453,-7.08027768572888
0.161350693339136,0.893477530021981,1.47612169869915,0.0482834262969589,-1.2199790568833,-0.232289591156758,-0.740072634318175,-1.41123072565746,-0.528285405227092,-0.701989156541682,-2.38271718674722
-2.3002305370179,-1.56343113808528,-0.924112630090212,-0.413897771074572,-0.501460236334807,0.296730513894967,0.277428127598218,-0.631850657975598,-1.22917018834497,-1.45429484124142,-7.68026741759713
-0.778327300284079,0.872154983571238,1.20613920973315,-1.2929543490161,0.451809580020909,-0.643742458592026,-0.06820570372867,1.50045355855941,-0.747087054507422,-0.852511630466152,-2.22548541636361
0.820171074594059,-1.31995956064662,0.617148032500879,0.483152825363112,-0.986702062077364,-0.617468830908102,0.952412374798376,0.286825219147844,0.326005419667486,0.642172083091928,1.42610590276977
0.0189297133343158,-0.307928761268827,0.563519463018158,2.01036566707522,-1.98791272849213,-0.619785050961885,-0.525363690953881,-1.05996763143458,0.131628182271725,0.378833630647476,-2.40151876187885
1.88563558541017,-0.458658340546106,0.87409213874053,-1.01574671033444,0.816822335989432,-0.149115797609244,0.966406883694485,-0.303699067888466,0.756610383128691,0.0139974568186169,3.0819839518808
-0.457216701728521,0.126352601439475,-1.69489691435884,0.613097385062225,1.43991527177977,-2.2035514481685,0.454159190556043,-1.41912463085746,-0.188631541414394,-0.802516690586856,-2.41886534984784
1.39810826963103,-1.53599793922108,-0.998322998303979,-0.902236287422559,0.975148525921502,2.97875398003598,-1.34753083511761,-1.28497396204157,-1.31366198250717,-0.393768743836344,-0.380804940162469
-0.255557011299149,-0.0740608922804617,-1.12425047732276,1.08359393594164,-0.59237930024969,0.342395944441467,1.41603187717406,0.205618202281146,-0.193650655460508,1.70150445233067,3.51228416173737
-0.0464084803452986,0.790173639241481,-0.741231984363745,-0.738394464891419,0.26112324737782,0.961249412657391,-0.184977460583627,0.487232400349513,-0.893855142111155,-1.45884162914487,3.22977200413603
1.22013003011866,0.0712345912847013,-1.8098934390802,0.613900620561859,0.20909974284166,-1.23591476513628,0.484955513268503,-0.980441310488996,-2.49527147889206,1.11713153553397,-2.10794529982156
-0.817131207756547,0.483235861285076,-1.21701605687287,0.416047468559361,0.217158023568102,-0.491028059981878,0.147549159353842,0.200783932984086,1.38275253704859,0.916037542652337,3.48865803172852
-0.933463355580107,-1.53864762023152,-0.2798114293531,3.11295567059048,-0.0848337859790586,-0.132385491035382,0.941885581532491,-0.711315664829686,-0.567229012256579,0.627404428425413,-0.564211064063999
-1.23191230084693,-1.3707945943904,0.938975447937894,-1.98845388898123,0.784699842515339,-1.12303625365444,-0.948020766881004,-0.101612927525086,1.14267324290735,-0.4771341602281,-1.99657621085616
0.784681521329685,-0.153104656706845,-1.12926530185004,-1.13164188412044,-0.254563097040639,1.14812286017098,-1.9025263384226,0.33591705695707,-0.450196599918735,-1.03833137344725,-2.38591618483525
0.949429550322963,-0.315069553498015,0.467774723619368,0.686771303489477,-1.56581586839535,1.240738306224,0.970641069241492,0.69005122099746,-1.1243441538143,-1.37754831048502,1.9927787931787
0.578621193801287,1.79315753280809,-1.60771611313524,-0.352911618799343,0.364307973609156,0.0876157040351298,-0.792985794284221,1.11303730664028,1.12098229460633,-0.557540382097551,2.20955067557912
-0.122451618688066,0.976541330548813,-1.61138360669451,0.720107137729149,0.807831510245001,0.909014146260688,-0.398415055153231,-0.556910955024473,0.443438048529239,-1.03098599115801,3.73741138154356
1.42304269829589,-0.305625859459561,-1.40110580735328,-1.13269942474459,1.18704747945164,0.795715024208476,0.713608864912035,0.360630944116149,-0.467954023332236,-1.31204114066398,1.19928195418022
-0.279622115710368,-0.613154807520384,-1.64896700331964,0.604805506258878,0.942932009083965,-0.0889207989719273,0.732521012363322,2.06075767657299,0.21814406520122,1.49918386364285,5.27416282411583
-0.0384595708730124,0.226675356000427,0.0331828076069599,1.74386786561872,0.850819925332749,-0.392739655973565,-0.159479270699628,0.63877772176636,0.198612144029749,1.16468322807175,3.51878160062409
-1.09273008632399,-0.416764841631664,-0.407029059305318,-0.628107931271123,-0.286065277867046,0.978678488995451,0.439999440775021,1.47238254165159,0.533941192556606,-1.4036531236067,-1.50356571455826
-0.776756685868113,-0.508087435615873,1.5227697816384,-0.302544778653284,0.195358540575842,-0.691952534582748,-0.291522602121055,0.649993394589266,-1.09674570635705,0.571376770027865,-0.0293933542468172
1.18832003592823,-0.329371243654037,0.334106513988458,0.542206844993746,-0.759566194855905,0.12059974193625,-0.707894098611368,0.929659035696795,0.238635956461507,-0.905673902481676,1.04714101066299
-0.577368800945328,-0.310744437428091,-1.78493945282556,-1.48321572210502,-0.248437527438591,-0.177528741022761,0.603993189870484,-1.18307794427809,0.381809409461538,-1.1221058851321,-4.56346533865161
-0.923757258427427,0.0901903661059801,-0.606658791169831,0.46764588140433,-0.00599706762656912,0.387825022720762,-2.41455641533673,0.818891197445673,-1.80973249687763,1.1826169718472,-3.62518356341634
0.767460757248748,0.905088909858117,-0.0521974439067538,0.490277401707156,0.477055320309182,1.12853507125443,-0.657752817877297,-0.367501114631484,1.35676812653638,0.139336805007561,8.91461390767134
0.581890165322301,0.49786980958069,0.793199800958668,-1.22905964637686,1.66379305075969,-0.84117213624806,-0.556491380932783,0.233056685332577,1.33123911305874,0.0689855718540413,5.5762339917039
-1.0665125471584,-0.376616753638098,-0.894645871726852,-2.02521988521741,1.26586852852824,0.788634046732539,0.327767274539394,1.48649256366701,0.811100369464738,0.00925181455756277,-0.730554820713071
0.660067318540856,-0.199533413311923,0.0534596368631694,1.59526992087425,0.448533091814863,-0.458125690110473,-0.315801239760922,0.399125075538634,1.12689049144048,1.00234710352283,5.58242021616779
-0.610819786184662,-0.22634108838353,-1.12708380971808,-0.360064302996474,-1.137006167379,0.454129536952903,-0.773889772652164,-0.35120591975083,-0.988308582357566,0.932434975043203,-3.12517948200461
0.623086653885599,-2.15608858700895,1.78851661363254,0.971451044534257,-0.531420968900126,0.282974564156669,0.655259466199527,1.82455388581875,-0.198439626640072,0.245255948992375,1.92740883085038
1.60852554442486,0.679846710677781,0.302494400960245,-1.15612109205653,-1.23272476538732,-0.0118042277410462,1.00514884031676,-1.32215068473328,-0.537303985945389,0.810618808488868,0.212420926340874
-0.699130069547549,0.780618015057027,1.30960339421505,0.715181721067488,-1.1793464259754,-2.51153260077005,-0.0934290894780514,0.748085344434003,-1.78442351799215,-0.219920735314118,-0.929458523413324
-0.762983832062579,0.0445509670335895,1.94470356013202,-0.0321563373595627,-1.46286793638299,-0.373548933698207,0.328529394716026,-1.8571505782461,1.60786670430594,0.749023291470311,0.937330216440097
-0.343441453335863,1.62502601735441,-1.59722612813901,-0.709604570289481,-1.38779002097535,-2.09301074121989,-0.593699707850527,-0.983815040900868,-0.0929461974455064,0.186157131600936,-2.93542409298524
-0.195951982958581,-1.99783920056906,1.39558566894503,1.41465142394393,1.06852910786634,-0.743683899668085,1.91293636628234,-0.243871488595932,1.72296487220835,-0.643812180630969,4.32413149682382
-0.307067960434676,1.15788747919803,-2.05054613028865,-1.75201636948062,-0.504967973830278,-0.218470096740242,2.31126696572603,0.269313349307033,1.35997138267857,-0.691704954831476,1.93762407354535
-0.579141255872608,-0.741845620102921,-0.151833711537195,0.600779511199107,-2.31341604209121,-0.758221813043403,-0.842566093791434,0.285475938820626,-0.0378578326852163,0.157458969003064,-6.78938275171239
-1.42310630134839,0.278501960280505,0.797849934835312,-0.669897338200173,0.251271469595034,-0.0732441566624211,1.54351191314386,-1.34635161789894,-0.0737317029359553,-2.87146043896301,-2.86920005413262
0.478954357553951,-0.996833732481334,-1.99844596777031,2.66891760818738,-0.294526613143569,-1.12199280114061,-0.385381660542951,-0.255310393886682,-1.77518727158209,-1.32835756488874,-5.08802158487466
-1.65929114685019,-2.45917878065694,-0.325883630441366,-1.37523228815707,-0.203548521940533,0.288932460203941,0.977355759099401,-0.136440043221701,0.51824834311107,0.453216372642418,-2.85801203207154
0.478954357553951,-0.495608784055306,-0.77419168099162,-0.257379565879913,2.43669262528349,-0.140050421939633,0.143441133114418,1.5951649570645,-1.36138715657494,-0.228094135827585,3.05689536826328
0.0983764741595445,-0.996974163227549,0.0948114515543911,1.04388115191733,0.938701775725461,-0.425066125239325,-0.0318166798188019,-1.42654945727459,2.07599702941926,0.755923717165927,4.08547723941075
-1.67516888720488,-0.291909790325261,-1.01099639266527,-1.79258208583965,-1.18248878541758,-0.315986725050392,0.344285807778409,-0.0660609803681395,0.543954070588854,1.30931108639557,-3.47417937174439
0.692451196273302,0.814518475002009,-1.40879152860876,-1.00399199460914,-0.24606145933189,-1.02788983692327,0.68129888743922,1.14820773548848,0.0778025183873123,1.17731567129209,3.45823890648983
0.858351591074255,-0.614547242626286,-0.659472794186125,-1.03654448683463,-0.486949278157483,0.840606213971983,-1.24972177722896,0.0498746150588935,-0.768766450426706,-0.889486316809742,-4.71167576585679
-0.147916927308028,-1.12804943361753,-0.332210270010771,-0.458432784835681,-1.02968835828573,-1.36948775577113,-0.410403920323682,-1.29744450292738,-0.888159336069387,0.00630098098205334,-0.567860385379165
1.37908649743623,-0.881054735153571,-0.760062217340739,0.633357929686083,-0.157815711418303,0.817591765477172,0.078833368482307,0.239223409289351,-0.255546841501449,-1.57717599757739,-0.372735284177298
-0.202266175302293,0.420911697095616,1.55961688733603,1.57349087452973,0.694865488832017,-1.04928314374809,-0.93269792773936,1.08769432755027,-0.11959029621126,-0.86898813437797,1.1745507097454
1.05577410542305,0.303341740356303,0.220668311013045,0.17907059689375,-0.92853917604863,0.290997546882304,-0.161446092243868,-1.58897673143611,-1.48264345052982,1.41386601291426,0.253070841439115
-1.30454345458468,-0.457523295457954,-0.907488986248116,-0.477636759882891,1.44438036730947,0.0696658711116154,-0.0906992067308982,-0.0411873631173327,1.65270290796603,0.730754319923822,0.532025857569659
0.406635716866544,-2.07995917544789,-0.202132469056672,0.319428788790967,0.678656385838389,-0.669771006142922,-1.44565901657856,1.14625025189887,-0.0958064357446737,-1.0537692609729,-1.17119525009788
-0.85939176091438,0.324102555134246,0.677345141402614,-1.43687530363851,-0.0541010546369076,1.74789210098143,0.600692380635722,-1.45030151229206,-0.317577754150047,0.959143208568896,3.84099769512342
-1.16038607646993,0.82872733708124,-0.173133757716234,1.4986715077283,0.554761556126626,0.36259947282907,0.69151855036356,-0.887983694462451,0.334235086506343,-0.94939758382867,2.31089570973882
0.211524101814422,-0.9254697613618,-1.02124965641279,0.352837203379331,0.583422344248873,1.38067434837187,-1.63100011859241,-0.0632966515216115,1.12433809312754,-1.13314724199728,1.89693138534467
-0.0649851050625286,-0.795442175717438,1.68428966620592,1.34511047286476,0.308507293281641,-1.23619955790407,0.42445111568226,1.49258190647449,0.954535239939331,0.173863417283303,4.0302141040128
0.623086653885599,-0.0347654626592812,-1.12056387195818,-1.48034323320023,0.184887925471483,0.125695420277284,0.216232483443405,-0.804582489142365,0.986606127483262,-1.26582475824626,-0.902387691111039
-1.7059911621692,-0.0921148874050926,0.30370099938237,-0.200539384234017,2.44358843898179,-0.752069789467766,-0.489628648722854,-0.431389837674253,-1.38978599438078,0.300279055910965,-0.0303656491233304
0.672075132748511,0.771437294754877,0.106730074268251,1.39525650319704,-0.0200668943028851,0.797719428932884,1.53615397848401,0.262184996338189,0.17008639752147,1.39923196285232,8.603898924896
-2.3002305370179,-0.333513085185408,-1.74974081977144,-1.66013332992035,-1.91408002152723,0.54723820320864,1.06754786733745,1.02417552213299,-0.306000300338805,0.938142619294623,-4.0250620297356
-0.923757258427427,-0.702954656212955,0.415225391968863,-0.658545965764805,0.110763279324257,0.44686575193478,-0.916340265481912,0.578697485528701,-0.0282465876612019,1.02830370849134,1.67545154232447
0.10456132630712,0.923889014855305,0.811068537338192,-0.156165968761276,1.06321649158085,0.588137793603466,0.307829397537438,0.499998242154464,-0.0777558978148409,-1.37919140373903,4.90785053590462
1.12007922682614,-0.689140549430862,-0.602544229888038,-2.21554116853934,0.0925362297559876,0.914267673536614,1.6216366073144,0.0486222909280879,1.4622582885654,0.087467510430193,3.67797084519421
-0.925428489889072,-0.62273624798216,0.141904339874519,0.953663259550619,-1.13909405543104,-0.147698553278122,-2.69635910000724,-0.178349585841702,0.535766770408148,-0.947255544551943,-5.47602834675042
0.603417359400999,0.756212439925792,0.28016168511813,0.540659602752275,2.68076658309269,-1.10339432647966,-0.497712167936981,0.0677995544278814,0.0302572193446159,0.731030592035556,4.85174998787787
0.250671871881279,0.316964388014306,0.0512081803085763,0.453360903943192,0.806271937302492,0.183869476848798,0.213938475742742,1.18419049206845,-1.36253878139299,-1.19619711419398,1.96891078496939
-0.287938847802759,1.38840376642118,-0.76109848739842,-0.228028062589558,-1.6777603593442,-1.86901843054625,0.465909457537777,0.884791944087563,-0.437324365055563,1.20512449067976,2.63737100351199
-1.41232961677792,-1.06658352671979,1.75401755922645,-2.11070993130574,-0.811686652679744,1.71693708806656,-0.369861895345041,0.315228146060285,-0.894317113886759,0.756509090836808,-0.0588716422208033
-1.72471534035157,0.287462186665851,2.63880630645427,-0.701362481332515,0.0158562999183357,0.121454436846271,-1.41505300961491,0.304605570350551,-1.43841128740878,1.17439559405536,-1.59476213482556
0.0752477229622966,0.104686356404237,-0.889418380952924,-0.921724964730572,0.915936944477113,0.743316668882205,1.09880236060275,-1.75618254397812,2.15475365025638,-0.122601909352299,2.76201476808042
0.0983764741595445,0.544663983028511,1.22433469257708,1.56867147946995,0.980001077240934,0.642340843061245,-0.243156066767459,0.64680074492929,0.336045540063819,0.531076118860221,6.64290737687602
2.9582882812092,-1.29164553088441,0.69686807132871,1.96107238181481,-2.00599082467287,0.497662918825527,0.438967380180161,2.35365190943924,0.631722954384662,1.07372623515804,9.17946281883453
0.838280380511156,-1.4302762649213,1.24432320181789,-0.759881828669064,-1.90358558883494,-0.541418601921727,0.339744681835385,0.0796364103185518,0.939325755617336,0.628456560465883,2.36993799683722
1.59287830110611,0.394979139792895,-1.38868925179784,-1.02452728180546,-0.908456662318845,-0.173486697068594,0.141280256338853,1.15587808954465,0.955652564000186,2.2956282701992,4.61410278451114
1.70116387686681,0.924944034357003,0.365021159034267,-0.292784581476471,1.03718928209618,0.416191445983175,-1.14743612621881,0.708719623096456,0.674895198371219,-0.551676771872584,2.15809702215152
0.505770068737263,-0.73251668718295,1.46566245048345,1.16183375115714,-0.681527921877379,-0.419737441460138,1.98478368584661,1.0687603633029,0.16461453596355,-1.25412173057761,6.72520510149106
0.730130244772314,-2.43453009439457,0.0669818608407002,-0.788110912303814,-0.605277682085446,0.546888452321715,-2.0876930813196,-0.548897571487413,-0.174624485759652,0.0502773492118137,-4.23383008218576
0.230847906451336,-1.87590049074699,0.859703372512915,0.467740749960228,-1.06324511204066,-1.11407799406194,-0.628807542013674,-0.195774034663983,-0.840033319762323,2.18353725001711,-0.381402869083135
0.018078543868185,0.595104433668342,0.361455317790358,-1.45230027275014,0.682171198162553,-2.04521841223788,-0.994245262959106,1.89851136289872,-0.352093090150644,0.197346683527057,-1.38479481825518
-1.48742088794452,-2.11140827335445,0.161150738899938,0.0796689962529813,1.12179778660112,-0.169022736489499,0.426130751673317,-1.13645762226489,-0.626981746415866,0.49372467248571,-0.80238974325891
1.64216201573373,0.264708654452814,-1.2997476640525,-0.148978618165877,-0.365704576313041,0.0854211655712411,-2.2187708078918,0.389637773509826,-0.508787347293634,-1.69329047706887,-3.97605901762177
-0.507571809915197,-0.276151175422905,1.05807125656362,0.815320941230725,-0.479890772220273,-0.550268745212597,-0.531138824896531,0.471330440490274,-0.815541631877152,-0.280167550453054,1.55641416736071
-0.861179072907067,0.172178854367546,-0.90948071868735,0.152449993081899,-0.75573997036852,-0.0375433410722827,0.0308906012608728,-0.0320346439911054,0.795384910889472,0.910777447923905,-1.14528397616296
-0.307067960434676,1.21825783751393,0.404861430212346,0.675181773418351,-0.199260145054859,0.0805120150810137,1.04584049235814,-1.55680852890633,1.45325596218558,-0.338509284054066,5.11807665288195
1.1943891553317,2.43735407511842,-1.08992925955941,1.22077295843499,-0.117203378240228,1.14526490004398,0.551718045603172,0.622964962882977,1.49699651115178,-0.694155476999165,6.15135005096198
0.124673918622899,0.685887950506219,-0.313216450399682,-0.650229341267459,-1.48707206965498,1.71949496100731,0.366049274998141,-0.511843347516985,-0.331184854642102,0.510284139746446,1.8349134108724
1.27222835317233,1.09799914244256,2.50322839364005,-0.0885128987768278,-0.562155978383661,-1.42290867732778,0.546141346387681,-1.47435300003309,-0.246518735099823,0.341995514192153,3.02075061729794
0.112313775881859,1.22189744827497,0.0998895921475326,-1.17105436593527,-0.188372804170541,0.31403961459758,-1.31421490214999,-0.706805584883074,0.38973006465204,-0.570162503951831,-0.737883407580211
-0.499727433317599,-0.304358316448447,-1.63341837679304,0.923840070431232,-0.137015991242984,0.560346702965717,-1.2602745003511,1.57866147767305,0.909950960705511,-0.13296131654286,2.15112352364141
0.112313775881859,0.369901102790043,0.585325566390134,0.233741562330085,-1.14238708715132,-1.12714271421238,0.771965278576985,0.160647490461661,-0.778390831465975,-0.923613199440654,-3.63534769761301
-0.170088952240778,2.18747864964868,-1.77658099111034,0.127311242813139,-0.104166128015418,1.20185863078573,-0.585447022000207,2.26466178119145,1.77738730188569,-0.927086074029818,2.37181411775138
1.48090214608782,0.825890771281932,-0.635670687796984,-2.2652970282976,0.419990797342676,0.0131103876408624,-0.695457175050724,-0.194937196766358,-1.66197367900152,0.897922493140864,-4.14254782340659
-0.594676561080641,-0.266458014802581,-0.252537035681471,-1.02651033747962,-0.658187041356034,-0.429622313207204,-0.0395722912524094,0.739321193879867,0.61597531670035,-0.980420100770565,-3.49093743646978
-1.32039211918974,0.716697644502469,-1.7941934473937,-1.64732938146587,0.453487218894984,0.475033634012927,-0.7484190750802,-1.70304752953857,1.345127686867,0.641066411153815,-3.44340865869003
-0.726220727245229,1.04318684897514,1.67048703538437,0.365556202104944,1.73391946596211,-0.108350702972912,0.890968168951358,0.944501308326945,-0.216134557676651,-1.93762118840406,5.42563782575364
-0.279622115710368,-1.79210854785971,0.153640162712039,0.252064439450425,0.520321536195599,1.45016865886427,-0.502498632923016,-0.40270136240476,-2.28990791748021,-0.64772988763327,-2.69347597183812
-0.370790442130236,-1.47289380926834,2.24455814399376,1.59139193487082,0.483293427310429,-0.603048106983767,0.982571490987856,-1.85189527149932,0.330840118667941,-1.00191077030446,2.22236441622934
-0.726220727245229,0.703147323215163,-0.245900344208785,-0.201082756019802,0.151476600437597,0.149067628882831,0.711118911359275,0.732375742866155,0.904018078964386,-1.1758894730224,2.4594795139494
0.0983764741595445,-2.14215310711035,2.06716324206041,0.0678720650733167,-0.306756840790073,0.613346076756881,-2.51299602264514,1.01844422443169,0.0254916895761238,0.704501351160892,0.22854961243106
1.33398859897362,-0.16922586106553,2.25112447978299,-0.484670606999664,-0.992661821680491,0.849397227648031,1.02938210029428,-0.619569967081049,-1.11135523396418,-0.393232572541732,3.45882140346335
0.535926266977347,-0.410756110582808,0.442243019206301,0.361844383070233,-0.311213004319521,-1.97381357954402,-0.658081332577309,1.09615778610922,1.04857131256906,-0.639497920809863,0.85012979833376
-1.11780185879161,-1.45936401879807,-1.10632982416059,0.167130884173709,1.12415042816514,-1.2918273092201,1.16044486926448,-1.76257660837807,-0.668780245377186,-0.834690613747352,-5.42057569617979
0.358368171309291,1.52596998837842,0.46805776594741,-0.940861669864593,0.211720041759372,0.738763660679722,-1.24514574562233,0.578113773934404,-0.14715157998606,0.575560606740525,3.92296354118759
-0.151446164591421,-0.038690963181841,0.330977567401796,1.42182198455995,-0.627393512864214,-1.42355555262405,0.270818356964918,-1.52909281324858,-1.48289222700289,1.15734947180668,-2.03432162671299
-0.519115757970768,-0.0275768501105495,-0.13331566331083,1.29655613520016,0.360131438805645,-0.0795385500798677,0.383920904617749,0.2965898907126,-0.135437581988264,-1.20387441415279,0.417022706852466
-0.303829998343134,-0.717732105998091,-1.11203295303719,1.042761825582,-0.205909825141268,0.00296098695623693,-0.537563751138557,-0.673341049014593,0.475088226260171,-0.156064739851032,0.0519625253442395
-0.325283718957253,1.02921168521503,0.296342757288443,-0.317292571426086,-1.09864910695869,-0.268164506247775,0.345528761488715,0.675554467125162,-0.21408914782264,-0.498089314402353,0.616329090507566
-0.122451618688066,0.618139666312858,-0.427079861181108,-0.0542072767055669,1.0024910985625,0.144094875742009,-1.10280947740705,0.362353905093223,-2.37735997815447,-0.668642424126369,-4.85568209089065
-0.218486805209514,1.19966752520774,1.42979055930833,0.256868798558536,1.42328265328845,-1.21621517716086,0.125252920898941,-0.049506144487765,-0.747450187162574,-1.34316701852446,2.16966048693397
0.838280380511156,-0.393943091171326,-0.866982745344581,0.310004159422901,-0.649020708152963,0.506747254137608,-1.34030749145846,0.00298998062371079,0.322878354927273,1.14097695743716,2.84010483288784
1.72954432508125,-0.688805466946474,-0.359489535077514,1.29872347093276,0.820928976974643,-0.936458919887814,0.594789740550051,0.931080726936685,0.93971262054668,0.0403259624797907,6.79655383191552
-0.496160707890761,0.339925072685144,0.36590077404379,-1.11976041358399,0.0184860299757669,-0.598798830858896,1.45206095165423,-1.18861405406531,0.343007623631844,-0.0306965624273185,2.17389817686363
-0.252960028257384,-2.38130181366822,-1.83160731383054,1.46056920078202,-0.425490706826559,0.624941442365164,-0.901299684867924,0.954859302441649,0.200419960094579,0.934443975801897,-1.02632164703895
-1.62402205655458,-0.182060851335824,0.251231834962248,-1.15210651209117,-0.529127128680154,-0.513008975662954,-1.62319868931854,-0.581219018031921,-0.311357291571675,0.591776538374672,-4.43334575840097
0.689326880051323,-0.250290381035266,0.189393226797578,2.77832309758791,0.666600055555369,0.906235618835054,0.219738944959753,-0.221268830277501,-3.13311252602254,1.44690110405548,3.10736886856122
-0.161250126224385,0.894735169708324,0.0263844141838274,0.259716922119615,-0.565563081108949,0.640907982905738,1.14341608944417,-0.603420229370289,-0.93343209334168,-0.198007546061695,0.342061456537605
-0.762983832062579,1.04090596600075,-0.826794334423791,-0.256971696122822,-1.09580817482545,-0.0890143583512749,0.133731472104102,-0.722489565539907,-1.37837847240067,1.31683724404891,-1.14771553896086
1.27222835317233,-1.97985552651349,2.43170547392079,0.0584321879418381,1.01632989910117,-0.0338003058842817,0.547957554564129,0.355659676948962,-0.729013975644991,-0.260881910327845,4.59034698058554
1.16533977409466,-1.42340812337964,1.36328479116184,0.343412806226444,-0.394404600341355,-1.89074000766797,0.160814646099516,0.402161946191228,-0.240692410519996,-1.65425374477019,-1.82028506741563
0.636748480429197,0.937112684930794,1.2243349305383,1.28099197129662,-0.481102711946493,1.82261407729653,-0.827467753486182,-1.88635976828639,-1.11235248976408,-0.201458185313875,0.996054227919197
-0.264192790237613,0.897020754483275,1.25184508355815,0.720535818706587,-0.225340265941109,0.3131727210793,0.218084850921558,-1.75121720343422,0.727264845340479,1.39768987393527,3.45755172193151
-1.8826604462806,1.34465195494274,0.972181480749506,-0.579921555995845,-0.729625080125672,-1.04978423908519,-0.383706989248739,1.27891630386036,-1.14265589313423,1.32921157144258,0.971983056027761
-1.41232961677792,-1.12895893172137,0.245452724229511,0.238254171636298,0.665201463817114,-1.68049982836327,-0.119609756527493,-2.15043219604818,0.157217905586064,0.676331601526651,-2.64646153970279
0.505770068737263,2.09039535843668,-0.857138270218785,2.59106039116613,1.3660629680204,-1.11148078946936,-0.19349187382596,0.0783639542648916,1.45748364605888,-0.144003672684757,5.86498894553235
-0.0649851050625286,-0.684061167088937,-0.236320360632125,-0.146162038248301,0.694392997790855,-1.15823225255408,-0.634968964563905,-0.275314710900607,1.2839400401526,-0.757484125810255,-2.45092709617784
0.963852965263487,-0.518637472467715,-1.98101091322527,-2.46316218161319,0.0223665866935208,-0.00373208438545775,-0.628580074566788,0.905472115626481,0.610887022217016,-0.186928105018626,-2.61793496487591
0.487049319027697,1.01819293689538,-0.909555973332361,-0.0616768394740501,0.638655933690008,1.12025113443971,0.613699650042603,0.513840368920806,-0.239902688064205,-2.83366644941134,0.597481257760446
-1.32925561366211,0.0562228999399472,0.702319065081242,0.884659430004053,2.51142877833224,0.568763675084216,0.834576404333594,0.0576315163093239,-0.463533667103952,-0.377668635956547,4.15974205659075
0.251635031651554,0.920736767733252,0.457815564163912,0.357836782219677,0.429174103067816,-0.72980374417963,1.48766061497354,1.04704914743745,-2.02085913462179,-3.17701915034049,0.436041757734907
1.24528905519169,0.0490015918010355,0.438250190025057,0.845581612071117,0.160324081070201,0.149962816682137,-0.794412713814404,-0.715311196853334,-0.497638680557037,-0.844161370441234,0.833298662855184
1.77941663331177,-0.649282902947558,0.595061866199243,0.304157433283529,-2.16319700248724,-0.360360476425869,0.44043696417732,-0.681318066472338,1.02780178055309,0.878681502794496,2.6880722789292
-1.62050399314679,0.992992891500104,-0.856416484595575,-1.54608974429412,0.676067785897793,1.41072958061381,0.875001159489394,0.7134679947803,0.670562357088077,-0.14520968684633,5.99002296371357
-0.594676561080641,2.68885951575416,-0.382359156146175,0.815075916746851,-0.488794864019785,0.983797953140563,-0.589402271277456,-1.22774776003032,-0.339457667139088,0.383580827495574,1.13731288290312
-1.91065801996078,-0.782072927678604,-1.89905052271142,-1.2976820489894,0.389096082571623,-0.0134990749373957,-0.534374475000012,0.173641976881103,-0.172728412956211,1.84666674191956,-0.388644747843298
1.08004773151395,0.353397840899352,-0.0171019217961323,-0.582453153206399,0.352248881972339,0.313709302225131,0.332505122568816,-1.10203513278843,-1.21701883266993,-0.522323432802298,1.57723597330661
-1.04389232487936,-0.107728533070132,1.26376273552354,0.154802869490165,0.0500888514105634,0.18434586241667,-0.0803770962539443,-0.0620742750278572,-0.0220309586499642,0.078114865894893,1.13753687887716
-0.542527214584591,-1.13889070887743,0.020053999249412,-0.991239489393814,-0.950243358004607,-0.126470834143088,-1.104489076714,-0.334897857709219,0.601505837547974,1.29342541823091,-2.76829892426973
1.17732508372353,0.760253655402259,0.306964427987381,-0.142086937081824,0.710454642304992,2.06234327104747,0.550572331191329,-1.6946112070284,0.384257188770021,1.25481987091127,6.6384260031415
-1.11780185879161,0.273844786858368,1.3480742173019,-0.285831671916657,-0.523693456391364,0.0571642160698797,1.40826846774249,-0.703765906246019,0.776421382058686,0.7838630024214,3.82049599154134
0.858351591074255,-0.789941290529981,-1.34898706407796,-1.14990712332118,0.0581043991893583,2.21480411704917,-0.762648740499793,-0.866391567671943,-0.274215930025956,-1.37628972281862,-2.3874162951192
-0.486221987040377,0.51824977544905,0.941813433497113,0.248805876829622,-0.432843559663698,-0.479418309979992,-2.01868483822085,-0.453143914992927,0.637057572857623,-1.51328330394019,-3.09804581633204
1.59287830110611,1.36475735256831,0.634564042869362,1.25491726392396,1.1087297779113,-2.35859962254892,-0.689942584592273,-0.665998100937212,-0.561037434042536,-0.347535031263774,3.07856375842073
-0.13316936021152,-0.466534591293524,-1.43157025547474,2.07692313073253,1.73685736506365,1.19770176840387,1.7310855206424,-0.210946132079368,-1.17154106189766,0.888341448925466,5.7561745180904
-0.3503895355636,-1.11650051065007,-1.62729034307938,-0.398622625490574,0.831363282968779,1.77833280519601,1.46846842569779,-0.313226944412797,-0.436110684355044,-0.0319630323042545,4.28212779930627
-0.0464084803452986,1.04987377674348,0.600261274690955,-0.233524613399016,-0.378886261258707,-0.518770799966154,-0.656155435715864,-2.37423245034278,-0.275241669098187,-1.99820712488522,-2.83937988713981
-0.626871985243481,0.0226551139551145,0.206002406194502,-0.493992119767644,-0.316172448678694,-1.1595475788694,0.699639857690304,-0.783872263201876,-1.22673547813882,0.845532462200733,-0.964987766424306
0.294176860889864,-0.0545632710963851,1.76391098068256,0.743212978531015,-0.511974001153091,1.42719941576311,-1.6346950832802,1.71193405169569,0.372264354006196,-0.85213531171606,5.13341317512007
-0.387712445555892,-1.58778530664555,1.47154782160933,0.0114702917083097,-0.251069340669759,0.892118923461747,-0.21868202203243,0.639916827295828,-1.59576714780731,0.483756544287866,2.14965461780983
-0.122451618688066,-0.986836663791396,-0.367633435780606,-0.627545839216457,-0.578805656894375,0.677006723672474,-0.637437263213445,-0.0351040937565028,1.08692443613504,0.218708601277356,1.05373790411091
0.941620630386597,0.694111398368048,1.95546227899223,2.00384066216842,-0.405426958149059,0.573359657694782,-0.423040133610733,0.479522222595737,1.32877358746864,-1.41951162319549,8.60668380886112
-1.51875142067225,0.144443391689099,1.71919053519883,-1.3903932921967,-1.30800108770776,-1.327633428598,-0.212555888715601,-1.051481566356,-0.276523415663855,-1.69417859025341,-7.04849033663347
-0.892085984842616,-0.0329748074608438,0.502618577078778,-0.945129333581241,0.481256000467939,1.11981890035866,1.47449893918318,-0.630551750438362,-1.38097913310999,-0.523274915241503,1.13648625792475
0.187951202449774,0.251400734731072,-1.07616725593341,-0.658128369818957,0.833460311986231,0.943623102712925,0.211972973800917,-0.235814424266047,-0.737404613828132,2.62966953949344,0.848614083034767
-0.109340035165944,0.876730533200117,-0.442522218209379,-0.221322823581832,-1.24209984296519,1.08101794937521,-2.15810752537165,-1.96996889331514,-0.512277781052917,-0.775644081423665,-4.38289094584212
3.30396560954734,0.606740257717949,1.21462367641013,1.37947840348163,-1.07033566860027,0.288861270445964,-0.17926064609153,-0.837128344897282,2.5674186520096,0.989478263208343,9.55120873403511
0.730130244772314,0.220661613839933,0.318032809424795,1.07729197124778,1.37438171299623,-0.00526434939917107,1.23269230821731,2.17946025291684,-1.78846410271553,0.338240947269663,5.40151829120513
0.757583455182553,1.25252584868354,-0.462250507277589,-2.65193120710286,-1.56248169286092,-1.39416377229042,0.538445866202326,-0.458271030639729,1.02886153797193,-1.26536782324942,-4.25304883440305
-1.12321859143226,-0.281862630498512,0.683943244246164,-1.11591436385143,1.8482105401725,-0.333536536917185,-0.0224294339680165,-1.58378299481368,0.996503188899497,0.276094768937697,-1.37713651994668
1.68086389182165,-0.0905108957433227,0.854173380932591,1.19692390794735,-1.03316573937705,0.0417504481959899,-0.823963279976056,1.0325808351853,-0.579869410420563,0.315128273810036,1.61906663615412
0.152596479917832,0.781263372310411,0.387767537819632,0.72155478798468,-0.0716475524674913,1.71529382786087,-0.697824003691711,-0.125785855222032,-1.59922179943901,-0.639458281649123,-0.876792716018109
0.365766023429584,1.0001830225951,-0.116310840361513,-1.4540154643325,-0.355347499676666,-0.0223303334057865,-1.00364677619239,-1.31636535006376,-0.139213223039944,1.42947371192563,-0.0516876077778976
-0.241969653852409,-1.40872187839109,-1.41061002008357,-0.375791530109527,1.30413955920181,1.38106405855704,-2.49248148586633,-0.756880245073272,0.70170845183391,-1.08861140268641,-2.62730313424178
-0.370790442130236,-0.381639186651771,0.0109367450614084,-0.681713972267512,-0.233742589745948,0.429777638097824,1.32477668666335,-0.519507104498344,-0.589242313894457,-1.76102630593685,-1.9934706919066
-0.817131207756547,-1.50957569143494,-0.0285763317934991,1.76527303113599,0.351398803658777,0.913770977625529,0.334909445885902,0.914703551596997,-0.0234018427500408,-0.728821892440576,3.42119690830065
1.48090214608782,-0.467022998358671,-1.60918989488626,-0.966243717924243,0.362530188986194,1.49599118151157,1.45510524684856,1.18792540076565,0.738745395053082,0.658683052167089,6.96540529274941
0.592976245542308,-1.205244324973,0.743416842344517,2.11401205960462,-0.328412310811846,1.39114481834228,0.647731101489782,-1.2545917138987,-1.57851961289711,0.694192064510539,3.26439640760945
1.83748329584019,0.288025306608654,0.437478906063857,2.7607601062589,-1.67854653043417,-0.501542267979127,-0.927592409106539,1.48351210067441,-0.700165693450216,1.55167743602158,4.96090804627786
-1.12321859143226,-1.68780747707931,-2.61981752516849,-0.906974719188627,0.361258649159718,-0.742803344545994,0.413511275089887,-1.76502342546816,0.898109427498319,-1.17078602056654,-6.84179401098595
1.1943891553317,1.93430394590888,-0.625712458402198,-0.911907621126703,-0.104079728430046,1.75912327517132,-0.756366557694138,-0.487607830491366,0.0643685754816848,-1.09351863012847,1.47377829352721
1.48090214608782,-0.678852365575357,-0.836092173824199,-0.0243256672354222,-1.00709898053084,1.40305450008271,-1.45368728361455,-1.60742614920225,-0.509279366391653,-0.601853975187508,-3.86569644659502
-0.752356717079005,-0.237986363778048,1.79173162379354,-0.307584719298221,-1.33480707796218,-1.00911680035527,-0.803134322903211,-0.450311655780549,2.06755435065597,0.916316871136716,2.05944942141099
1.24528905519169,-0.657549116492565,-0.263076678863491,-0.216554104635302,-0.895320149789046,0.563445194541012,-1.26437724343194,1.0840716027507,-0.431906237872001,-0.322456537081402,0.439951110918802
0.713478788318912,0.539939926543997,-0.644269307633349,-0.543984173676059,-0.247430141770155,1.04170947939632,-0.168903062992105,0.635070958088723,1.80254688705227,-0.0914258663124252,3.95036315924135
-2.29514236404024,1.23645554110645,1.43992721074541,-0.226755820866324,-0.17079914299632,-0.0264225955461591,0.421097578335808,0.0948419965752626,-0.578292061164528,0.413431092650813,2.35016039839151
0.306618341055823,0.464539681878241,2.97530461386699,-0.212081801943672,-0.940024329896522,0.503329004171039,-1.49900008003602,2.15768639607022,0.520581540516673,0.73049252614441,6.2669542236649
0.949429550322963,0.249940247962074,0.762307235606109,-0.878615750218511,0.709579398615272,0.82053193405906,-0.617707902679958,-0.673006692360293,1.06133551915441,0.195697665728607,4.03456847685782
0.370950509600797,0.570074286889691,1.31902924113366,0.593281032010855,-0.187082814992479,0.702738836046144,-0.0219334257168113,2.00898270030642,-1.2971370888554,-0.937921610401876,2.89069264426795
0.38249191558689,-1.73843585790139,-0.102073500037028,0.0330260852845844,-0.00538198276515407,0.55932491987172,0.465211998071554,-0.447212664381823,-1.20703176468632,0.648606896364383,-0.831100848610882
1.15028321930732,-0.45822932923657,-2.97404683763843,0.271678056593203,-1.59414575977049,1.41333818279917,0.789127675124086,0.0357583305034047,-0.0595144901875845,0.288161298281602,3.02595959157423
0.478954357553951,-0.279080880024023,-0.00975885912560841,-0.956625333500941,-0.0212722977325081,1.58012505735084,1.09763844955054,0.0692820809403546,0.651701305434821,0.966269192999667,3.05055646666731
0.00980342454340322,-0.896415715743244,0.198468707483322,-0.297657572081593,1.43090456087581,-1.52667847166281,-0.0333046609623374,-1.0348240899841,0.519754412274744,-1.50527902219041,-0.878554987627003
0.494151776904431,0.210393669765254,-0.0414153870804912,-1.26044080702678,-1.2761654854693,0.879846764334516,-0.163609556944845,0.22368623397328,-0.645683823727238,-0.684922357608054,-1.05748088967777
-0.115753637433357,0.690609724829475,0.209333105228652,-1.5146526135619,-0.0266628885027261,-0.677196019368834,-0.640975235435753,0.264739484295702,0.0404300203900855,0.913652714092123,-0.243704213356189
-1.50639192040874,0.565942682080272,-0.488592068641335,-1.87035237775012,1.24887161657584,0.371172189505439,1.09660763155632,-0.164830114979911,-0.87843369203693,0.103162147736127,-3.14122701939381
-0.3503895355636,-0.979892294485121,0.724951899288932,1.53544364967231,0.0109467474512793,-1.65810493123267,1.76341015179878,0.302303354150268,-0.336555135913319,0.534228792923089,3.88474630529171
0.105338909328354,1.05733278611456,1.08715494720142,-1.08945979735844,-1.71607389524982,0.652422049596219,-0.964347753462887,-1.72443666493011,0.617422088851702,-0.432930407429402,-3.05188154450519
0.446213978119789,0.791038778970918,-0.681424732636058,0.244280344992667,0.435234863662386,-0.267006986819126,-0.107039704010475,1.26251228142848,-0.842729872663953,0.552607500980053,4.83351924956186
0.329369648896622,1.96633811683043,-2.52637292905836,0.879327787520134,-0.380087604626887,2.24995948878829,-0.959124364742354,0.795310871431465,0.208533673602562,-1.1658961499639,1.71964390756234
0.510962845710776,-0.0819201575602413,-2.83618754846831,0.185472619414266,-1.21595036508267,1.34623336841706,-1.81080506660955,-1.1629390866023,0.362769805351419,-0.267032936630508,-4.26445004058622
-2.30632757592481,0.455338575831379,-0.0673953975849324,0.725631525368789,-1.82990151845991,-0.949290873634707,-0.763397452782011,0.169455647750353,-1.41869210815359,1.13702377551877,-3.83894626132815
-1.18925192277113,0.316018870057281,-0.883963876038422,0.0142226676013788,0.202020386734091,-0.668702981520722,-0.856120252603887,1.07110467989549,-1.86762594718734,-0.895686014762994,-1.41814066028454
-0.830556084126269,2.48741528984605,-0.203927598239587,-0.307953180066011,1.47078635222537,0.640512531978742,0.99938115210137,1.45086252356667,0.184688687847199,-1.60651427203418,5.70673392952157
1.30413404888079,0.756081117325838,1.68392917478648,-0.941044605971306,-0.46154108845966,0.978231522478543,0.920024284306873,1.53015404209105,0.305732050200871,-0.620492220009357,5.95168450956495
-0.769767412666244,-0.097709721401815,-0.854668990109045,-0.728109993045881,-0.478124039358168,0.412663998136576,0.582775277111262,-2.00075604723996,0.0837148724851109,0.810716958832252,-1.03737558076132
-0.109340035165944,0.108826918771796,0.595243606658816,0.383360309080386,-0.994124019002271,0.545785481351791,0.0489281934524949,-0.604122567922734,0.666808109291291,-0.000638410924855493,-0.371540535733113
-0.996330992255071,1.13513025657097,-0.0459421549831959,-1.64688999649849,0.195486231137885,0.819426102737382,0.579771722752674,-0.481740248371566,0.153500648271235,-0.726223266745625,-2.36605759753148
-1.72163246372222,0.20900898460356,1.22149437488892,-0.460081944184896,-0.0346223520940168,-0.344978400780766,-0.820905380586546,0.386901201664112,0.358312192990275,-0.44656937049857,-0.876831086688278
1.20840324516942,0.579713758679468,-0.911260864730141,1.98048876125881,1.5452467857589,-1.05264137866726,-0.544464134919587,1.17335669092257,0.784552694522933,0.029422643356433,3.61068261819468
1.386486909863,-0.412351177237396,0.677833853570556,0.981346967736283,-0.179917251614179,1.94199821378976,0.378908689289658,2.59799926019496,0.305284123839002,-0.935781265977585,4.82537599537906
-0.459704909736364,-0.8055993551272,1.08445499021719,-1.52197534390121,-0.356476354382873,-0.0298963505647584,-1.3008735697513,-0.555011261931629,-1.09512175123938,0.459289193999484,-5.7705831675092
0.574563482445298,-0.589788507603392,2.10854593105124,1.78454579401542,-2.54212280307111,-0.0417674235793162,-1.69158421318933,-1.01773039613108,-0.139981478329932,0.242220307698288,-1.55232227926185
-0.350946241971319,-2.4261559427846,1.93182221930535,-0.100661148349936,0.342043505146162,1.33813838540414,-0.980192153597791,1.1656242862262,-0.319158352652802,0.0223400032172517,-0.606898840825358
-0.303829998343134,-0.343839239731245,-1.54304841552925,-0.0587274894144949,0.855647516334086,1.40539341414585,-0.174894300851461,0.946409707446949,0.251319011771214,2.11169479978446,6.38633861879424
-1.10699427683489,0.163759695407501,-0.79617214275103,-0.520580338354289,-1.39104794267949,-0.98142433079917,-0.665882185046595,1.48981089283514,1.98267042193536,-0.412847290915432,-2.43940028681463
0.675099889633749,-0.107704291275726,0.071883650422032,-2.01539459945391,0.439959177827302,0.97144150671067,0.382429333373455,0.587130128568633,-2.40982005653146,1.93931307827571,0.729172376949159
0.303869371177159,0.297790328088218,-1.20811090147278,0.844716862012551,0.361039210568965,-0.688051259810657,-1.77129747233614,1.45240231444103,-1.94603909148587,0.325322216822739,1.74929906517021
-0.904209356200785,1.66240952429051,-1.15089237127634,-0.739190492458112,0.541768464852203,-0.78054639913093,0.134625353587616,-0.96454817485884,-0.0502414426228761,-1.49618868748749,-4.26150135610162
-0.252960028257384,-0.558098581934636,-2.24882833555081,0.562106863749329,2.19826287713664,0.181103915143447,-0.997959554067364,2.07777439225441,0.708542723082236,1.35731870274109,5.35004203029609
-0.151446164591421,-0.557350102760645,-1.01426951497036,-1.18431418821491,-1.81682062653699,0.916277239368634,-0.0903542674450591,0.313322640464516,1.06269549775616,-0.684417029948254,-6.19898260350396
0.0752477229622966,-1.16212803224363,-2.7705282749898,-0.917507640317747,-1.64824963164137,-0.443324814407763,-0.0964971746829303,-0.861953306649722,-0.968350207590339,-0.743177547496201,-6.56687907561764
3.56683933281003,0.568566854651033,-1.65351023641537,-1.38650505544804,-1.78338705512515,-1.80503060557268,0.608915568520059,-0.440306705766588,0.588731965954425,0.126662675175667,-0.423166815146106
0.881881561145091,-1.16177026711082,0.969107252385436,-0.538827241762661,1.16975559664112,-1.37279647903871,-1.3180877707777,-0.473386939049608,-0.0419622292278408,-1.02164225334395,-1.22314214057742
0.838280380511156,-1.84738625064689,-0.0665313288807021,0.66601292268159,-0.490016384851948,-1.03899076046089,0.668075722217087,-0.896535433643931,-1.23214175841158,-0.976310632489677,-4.9727180824526
0.505770068737263,-0.280723714734281,-1.68385390441046,1.18502621906723,0.17290484613777,2.78041953069463,-1.62264738380299,1.79812438036834,0.760538288704367,0.621696190883212,4.64305477973268
0.226832158994473,0.391474865013522,-0.0572128234405074,-1.38426716404626,-1.0825861624904,0.726084428898593,1.50618579040962,-0.852934272989829,0.613773845194647,-0.0987776428268716,1.41623411432135
1.18832003592823,1.1337941877666,0.322914649011284,0.328064608026,-0.155029672070903,-0.909907464794447,-0.128274754758599,0.577903064156351,-1.65041669636684,-0.795946824731459,1.03730307095239
0.692451196273302,0.846438506100825,-1.89384875295425,-0.00626500897171713,0.238131973914971,-2.0817958920274,0.840618480457101,0.142408210290472,-0.3328633669214,0.17158366949139,1.26040816956569
-0.738668717504303,1.17637282841886,-0.482626494868087,-0.169546452037545,-0.859690489741422,-0.122585221738898,-1.88014145256938,-0.279497408840003,-1.00971894667582,-1.09344980457206,-6.24714154787983
2.78885561235393,-1.66094389545038,0.433547949375654,-0.827884242109823,-0.406742123046098,-0.370308605718166,0.716194750320421,-1.11270232737255,-0.806948032491316,0.664463059833041,-0.00352876830121573
0.623086653885599,0.81704067771777,-0.0599616434142112,-0.350415648717754,-0.280726238223982,-0.378051305663086,1.70806732675014,-0.448158216951309,0.215301992440364,-1.51471396033952,0.593152198566802
-1.22374394283792,0.577670816298879,-1.89761215069752,1.53320657423729,-0.656043168907768,-1.29777641057314,-0.796089851701033,1.6202847898802,0.22069278734832,-1.68628544010217,-3.94378612420022
0.230847906451336,-1.22303643672584,-0.86819453689596,0.656171220744383,-0.785306024592649,1.40967967714592,0.485895120792891,-0.753234527010677,0.870988936977355,-0.729032975355452,-0.782813170765911
-0.892085984842616,-1.44729207612972,-0.56711988873348,-2.03851301644325,-0.689840093519584,-0.279232037362115,-1.23323278714946,1.40817841992133,0.287288158515837,0.906234856996006,-4.45517397828867
-0.615822032760384,0.170071921094944,0.962556088444255,-0.153298618112548,0.00690615975941102,0.774625758806004,-1.43158517658629,0.0777703364558095,0.502150130344267,0.658670838964838,3.33867079050908
-0.510098564189295,-0.997230265284366,-0.7045403459679,-1.43232567039581,-1.94541315371798,0.0997163296118972,-0.882353946297518,1.62347651897359,-1.19999891625544,0.103604058522554,-7.34678260210522
0.662677447671602,0.0495468779391362,-0.845445418540476,-1.38240161880284,-0.162139911124866,-0.814671414664049,-0.808523051124194,-1.17712354821931,0.87826373694674,0.344457940770823,-4.31642621874511
0.870227368135702,-0.159780875235666,0.644694029469623,0.172354600950101,0.354606077489345,1.12819623542407,-0.802894483134072,1.78354874322068,-1.59473513170554,0.0115606149315769,0.249243322710678
-0.63987356615146,-0.513309286265811,0.302443143660408,-0.195462045838437,-1.14555161528988,-0.974148694862816,-0.742817303877703,-0.12624514230231,-1.17876272523655,0.190157889276466,-5.11180035700043
-0.726220727245229,-1.36143098643664,0.188611390137478,0.803413883955312,0.81145012488442,-1.88682745104692,-0.960132510131985,-0.376237564606482,-0.539366006309914,0.187009776664276,-2.42543066100351
-1.54409307888287,-0.550875512085085,-0.310576078988973,-1.25479222008199,-0.764383628235929,0.79258878961431,0.505867806064839,-0.275449376696771,-0.0777448161247085,0.718502779902592,-2.57302960448626
-0.944443646047887,0.666470329243462,-1.58303154070937,0.857519089880594,-0.508459128117413,1.3692605162251,0.126494771480804,0.176421244785545,1.08934100465013,0.189808226487405,3.99205441570137
1.14007130773221,0.435588256365019,-0.677253156687627,-0.704226018387209,1.58253812043683,-0.775834484116124,1.1824657349483,0.20184104126374,-1.37743971289777,0.0805254828487415,-0.0286879686064392
-0.109340035165944,0.929376862199836,0.808402894635084,-0.0596390287981267,-1.29287916868585,1.88237317924707,-0.17209462406569,-0.0117686181405381,-0.430606971466395,0.421149967842228,5.02689425955074
0.488442072108527,-0.173745957104884,2.49338817026196,2.1361826939241,-0.238764062208944,-0.923139609366718,0.147577203089622,-1.80028126864831,-0.243808857172823,1.33286599255305,3.63473345262667
-0.695084548424582,0.210576533225401,-1.74725081093959,-0.0419373203117007,-1.75267874685748,0.590718121144416,-0.735625117691897,-1.277526080596,-0.539603696906682,-0.2647366195351,-4.00366175542586
-0.108936595544778,-0.624483935644745,0.543796604991077,-0.621756382220258,-0.763273850500769,-0.64978988729583,-1.56437001461471,0.93770560513765,-0.75989991794963,0.848470646956044,-1.0836124701229
-0.496160707890761,1.36218832157402,1.57509036965272,1.43834651300342,-1.16672894726395,-1.27532749421713,-0.84490352486733,-1.16173874813229,-0.13940742985196,-1.39334426409789,-1.67183138464074
1.05577410542305,0.775863840670658,0.383939948656438,0.106376852065547,0.698052273218235,1.34375504610343,0.0771262661473028,1.42888376391947,-0.574652754967581,-0.748910646171895,4.14766980122683
-1.54409307888287,-0.888820951207582,-1.23044772265077,-0.0138970471914236,0.84013555775739,-0.723135298964824,1.86997678978221,0.717577226713956,-0.860925063701706,0.0101600581285193,-0.337610657429016
-0.619706651499617,1.1544890221191,0.600908409061303,-0.900823554177284,-0.599518229024548,0.553504981621042,-0.951645901925605,1.28820906896567,-0.804531882459273,0.00494776257123825,2.43593386076048
-0.109340035165944,-1.11290056622366,-0.619181396280856,0.00624972889424796,0.369784058708491,0.872558519059044,-0.121340253515396,-0.346480885112586,-0.578760927722564,-0.400909634410404,-0.744333470030503
0.446213978119789,-1.19605447624491,-1.40145925948864,-1.8312947862526,-1.64364633023978,0.367941734000675,-2.22459632634038,-0.916531209384432,-1.46383977267723,0.961088129261628,-10.544045774216
1.12007922682614,-0.0896293793194334,3.58231471344389,-0.751124437024569,-0.325965617855418,1.2122968335297,-2.05088123483129,0.400381212700591,-0.447271498579315,-0.783273739065196,1.23331863367395
0.436410058586808,0.886968542824452,1.61175375212789,1.01934090534771,-0.417228488235308,-0.755051648569906,-0.634376582763611,-1.16270391966443,-1.26337447446525,-0.726160256636185,-2.11598454375407
-1.36672126578882,-0.553466363102213,-0.337644023802762,2.42009681124903,0.169757966068563,1.12495365314532,-0.216656656159669,-0.586382239053616,-1.90821304699181,-0.573594220863506,0.753358186377843
1.4940666443283,-0.847404631517717,-1.5763722050601,0.103816219120944,0.618131931633181,0.182835642817292,-0.157750479071036,0.740141625143118,-0.759857022285777,0.0666954828987886,2.1273478977338
-0.490786194503576,0.754719874114339,0.272966982344355,2.07204510895657,-0.314617801507977,1.58050110036368,-0.846129512873334,-1.07490364175167,-1.35455779097562,1.2733826684839,0.574170276489939
-0.459863983771223,-1.15588035984705,0.468996560883356,0.795763161634997,-2.39280697460187,0.151908450579266,-0.157887968777751,-1.8950728198526,-0.460810018699783,0.625549021838664,-5.39407925385781
0.505770068737263,-0.948609099349379,0.353523220168689,0.879520067682117,-1.81651330055766,0.246434172384922,0.0788401647690387,-0.198430338891606,0.0316917453531091,-0.187742482615424,-0.118680254354349
0.505770068737263,0.406416539720722,0.18972183310267,-3.38926130997752,-0.548976579396803,1.4994627995758,0.161823942641495,-0.588651091229352,0.00943015439070906,1.03280272539023,0.0217650867887573
0.109797789666771,1.64528628307321,-1.37637522047507,1.98272306220954,0.725686638896244,0.0221849740217994,0.0441101704575595,-1.04605504979456,-0.327438239897475,1.32304397665544,3.85498790881759
1.14007130773221,-1.00105306387795,-0.33451840112268,-0.108094213673319,0.194777713911397,-0.326337795075812,0.590218670522595,-0.454429131582315,-0.649716380159426,-1.1185081911906,1.01319195228761
0.993637656116159,0.54973647114211,-0.0889446081922473,-1.25276106718232,0.468621325136869,-0.369134003754971,-1.0081186985907,1.4445679350923,-0.0314525097518633,0.191386877476604,-0.0747720388075743
0.252513759222867,-1.75972428513781,-0.714267727056064,-1.11281676720511,-0.0121893552539772,0.319968474952678,-0.301108858467934,0.655191367393889,0.782613921953117,-0.0577191952547398,-1.46117942702006
-0.241969653852409,1.12661845393108,-0.317590131813628,-0.496516330731103,-0.938609085428599,-0.78925691558504,0.654575112945528,-0.712701278436409,1.18108905024951,-0.732532418573185,0.380051086255839
-0.544279816650087,-0.477216459388292,0.488196434463168,0.543283533904023,-0.552182550456995,0.69940413198441,1.56042418317177,1.06100952791903,0.581133148527339,0.196139052028531,4.40611010350559
0.436410058586808,0.424166479333585,-0.461860839023431,0.187948707730149,1.70685316162013,-1.08477540211252,-1.04214086494797,-0.240525206577494,-1.9863473036439,-1.29292897610281,-2.30824080946277
1.4940666443283,-0.424750162253761,1.54912328180109,-1.48894798572665,-0.104025037040875,-0.993577636025246,-1.13850874928145,0.141731327286253,0.658712585296375,0.150454273942285,-0.905374218678774
0.000611229653819567,0.292872438930158,-2.31467552761117,1.29275313327672,1.061420711353,0.0989714206690708,-1.14849700914197,-0.851577718567079,-0.965874879076627,-0.185138456186682,-1.03305215192051
1.83694557863994,0.126957412465096,-0.520821758185903,0.204332855718856,0.0117609625513148,0.332530687309424,0.712135952533181,-1.08079864986982,1.94130750750658,0.689971241603897,4.95857380760809
0.844237392922289,0.883232893030726,0.537079292579299,-1.69597106254408,1.48799806421647,-0.309621285579761,-1.70127364516355,-0.836400117032828,-0.34147975803495,-0.646107765315671,-0.0446140226785897
2.02422898495019,1.2314854580032,1.65836916570642,1.19081371105132,1.40722254538124,0.65565709792149,0.826869525168015,1.58572687165248,0.580240035286568,-0.66030199298329,11.272860317089
0.494151776904431,0.96995259225194,-0.223264246436439,1.16376759866172,-0.703606785606097,-0.448834660149353,-0.379491845615813,-0.714953630870695,0.113601086569187,-1.7224169522744,-1.15237598746526
1.26142050789013,1.2600918471509,-2.65722088276285,-0.723717678361451,1.40906200236828,1.70944415740997,1.27153313397567,0.132426192269786,-1.20765932634293,1.70376895441419,3.20351726237301
0.505770068737263,-0.411572380255594,-0.123050985124988,-0.0234558832589683,-1.01646538271059,-0.957881935607964,-0.710478490754806,-0.278189080561391,1.05820086668838,0.0518209975932647,-0.878935706702945
-0.161250126224385,0.120504354095925,-1.01879767888369,-0.740920532457282,0.174985182911527,0.833093466563402,-2.86967634905075,-1.45305499421094,1.31069677165348,-0.893300214791687,-7.20400257955171
2.18744308973893,-0.740633254327779,0.631996829950772,1.73912357082371,2.05973964936675,-0.280753647553257,-1.17989468482,-1.22280809217639,-0.634955537289359,-0.170553432850628,1.70603790542615
-0.453409354763628,-0.623555853234702,-0.481371969609525,0.546648465191628,0.245886218658689,0.5313346896706,-1.16109752584181,1.00617102153173,-1.07229655818826,0.377960637714674,-0.769697208077981
-1.08547568156733,-1.23566290888836,0.047087020327258,-1.71565365717325,-1.40595840544181,-0.222051012934378,0.922580159162628,-1.38616003698712,1.90415925542326,0.781821559551764,-5.0033034661127
-1.00489357651999,0.452584245695429,-1.16298423935526,-1.21734611679315,-1.69862979411686,-0.00737269234648483,-1.53357447686647,0.539160839058587,-0.880549750988449,1.33781353920496,-3.3541131105747
-1.07232205464979,1.45326954526075,0.115347859009277,1.0397191810431,-0.387648103042035,-0.983212595890669,1.05140067717854,1.16692424852572,-0.603181820824572,-0.0902285985176745,1.99646315180835
-0.427025242665596,0.245967167088088,1.09819785347442,-1.10556640709978,-0.317230717682614,0.548264064887827,1.25808872303541,1.04343546400484,-0.453556646961323,-0.128988961269593,3.32427905443208
-1.0665125471584,-1.34750017884225,-0.990627515754604,-0.378899701441547,0.186617565156709,1.1295366680866,0.923709469728514,-0.408484374995344,-0.394945904032894,-0.0179325726379345,-2.0205297692937
0.345014307703514,-1.05630858995993,-1.61890435263878,0.00998842300725686,0.708084158546222,0.960070867363442,0.0671617197516474,1.43577672737361,0.947956293473295,1.02714913524296,5.01130696304091
-1.32925561366211,0.385042024731072,0.274563138354975,1.15120227618822,-0.67867949029651,-2.86289368789906,-1.33378557675633,-0.857212630297563,-1.02256652074766,0.29122555228129,-8.70559286206122
-1.30819437531979,-1.13936443705051,0.182911347061321,0.960750967314655,0.437315999186583,-0.808016281343521,-0.228062370240247,-3.11564853359125,-0.240912788422777,-1.88342349647847,-4.84110309054971
-0.933463355580107,-0.263369391938023,1.27302584443152,0.0763299813002569,-0.844012601740389,0.425076258182769,0.246630590573687,0.645758104203411,-0.325582911700856,0.701808656625136,0.295473679032295
0.612492389748119,0.437852013462179,-0.731751490022166,0.0189963352409516,-2.13107097195567,-0.448895736698495,1.40815156967371,-1.00061699804906,-0.767723463245486,0.828024939556726,-4.07270090078316
0.487049319027697,-0.167201785646518,0.938113377529002,0.0582669932325098,-0.810988739565994,1.30631148442213,0.425428062128654,1.48670243677271,-0.269496022034485,-1.90216623619806,2.10734742001162
0.0496581252773162,0.856758133277008,-0.0997937574342007,-0.579744077532736,-0.588085313630192,-0.119397922043538,0.339558628816188,-1.26103558623462,-1.30933410781531,-0.741205160180201,-1.5507783012848
-0.544279816650087,0.905770490709441,0.839416632151097,-0.270399884784796,-0.558805565428643,-2.49289801484507,-0.368741845797118,1.14347209688324,-0.255082185843073,-0.815655491647626,0.833310224006551
0.974539031464025,-1.31059014252557,-0.631860075925251,-0.869512235184465,-0.149363130705014,0.655506793684321,-0.0999917655943966,-0.265591463736642,1.46854228066382,0.496129985171383,4.6211753442128
-0.252960028257384,0.519449093376336,-1.17872609375141,-1.14524728068635,0.230045647146136,-0.658817103553587,0.135215283596885,1.41237711895614,-0.337421918527196,0.796961485345287,-0.191712519633599
0.152252849069396,0.483016401700662,-2.13948653601837,1.96172277221,1.07436000366148,1.04320517843991,0.609067524086188,-0.682294989194087,0.535889928362336,0.313891011632526,6.47557080927151
-0.619706651499617,-0.498445055884016,-1.35782143763167,-1.40387925108824,1.41954709788032,1.28366048340292,0.884653773197735,1.16890436611895,-0.64713634511666,-0.416065001211138,0.700240165255358
0.207568757840865,-1.18175975543667,-0.108064368289125,0.950426923769389,-0.615898203036473,-0.201755103558647,0.448207759385833,0.668203087025626,0.283365583349915,-0.256981286443216,2.62722528254522
-0.194443597611912,1.92439990768009,0.791022468986362,1.29162489517286,-0.458053685479872,-0.982005267184983,0.701797063944446,-1.24776867898929,0.848142270373134,0.59354165009514,5.17001947727893
1.15900912581165,-2.64756910599966,-0.145948949859566,0.0317076733701442,-1.87714766848126,0.0114675283439263,-1.23099832480293,-1.1607575476598,-0.43522888215441,-1.69246405202296,-6.13839272904238
0.432351745595957,0.308434983796793,-0.0418883860247392,-1.37603364951901,-0.722818478588017,0.664323067807078,0.475051281878286,-0.802402654937339,0.0344751929505859,-1.11181541121255,-1.49504044205371
-0.158851773669182,-0.241906704226727,-1.34361038610846,2.8688681452362,-0.244577157911819,0.268898367622688,-0.220555844528604,-0.141981638375758,0.333346160054749,1.14694225782174,3.6008550925071
-0.119180813916346,-0.503862423179332,-0.885503016834252,-0.598467005352751,0.564222383346621,-0.318508676795745,-0.0174686639508817,1.38995645059566,0.720366998403744,-1.6586499382545,-0.34365068551784
-0.370790442130236,-1.41094293951583,-1.03286742042056,-2.37687630401282,-1.38963510690389,-1.61461424687715,-1.25685057227848,0.4915452589042,-0.130593234189121,-0.0522571424765708,-8.38597115478762
0.534591478424744,0.927646585459004,0.235099142944841,0.282824938967617,-1.28318478629604,-0.087661620183536,1.00826403349865,-0.151218304126976,-0.521740337571174,0.0976288241089858,2.26412961245095
-0.842610338037404,-0.062857073285779,-1.00146133027826,-0.22251594761159,-0.160357592533011,-0.0194751685441568,-0.114574878819387,-0.114996361535761,1.51551683888939,0.522679685715038,1.12028742629837
-0.0623701907675234,-0.221618762504401,1.89534268711929,1.10440358737197,-0.148127803413969,2.57270591757417,2.64914126006778,0.490423081384659,-0.823292580202026,2.04887391362186,11.3094456679218
-0.0692323391405289,-0.192139051941998,0.210572840878632,1.6724817567128,0.906915088874977,-1.52590301379,-0.114745902894326,-0.154455038727352,0.345851748559311,-0.24821272158942,2.73533272001216
0.511767272962853,-0.538040500163644,-1.75913919679656,0.244235105807957,-1.27110658195529,-0.292432865493433,-0.603896139365747,1.2567562575444,-0.0448756217918787,-0.875034854822186,-2.22279816968535
-1.72471534035157,1.01534685854202,-0.630936470339726,0.275593052844223,0.838402700473444,0.520164410497386,0.9083896985045,-0.155502577469019,0.625783324894852,1.22302992648897,6.12614749171104
-0.531883319987799,-0.20397702344786,-1.21539825507958,0.104439450505489,0.387729574638778,-0.641181350940786,0.772632894061735,-1.40177555778796,0.141410993309193,0.0833276071330821,-0.746558619279582
-0.193742191407775,0.316673780756482,-0.196774971120386,0.0344845359244101,0.356855443009251,-0.581885211105817,-1.01444008745719,-1.22696330266465,0.562459682243498,-0.713961365337238,-0.416596490262502
-0.818720894871858,-0.440047969773846,-0.78921954598258,-0.0515474084289295,-0.584928960782955,-0.295614869492303,1.5808616397934,-0.422578725676077,-0.656544142352077,-0.197274475809862,0.455158268467695
0.941620630386597,1.2367914856143,-1.42536839761876,-0.69085543244729,2.53897505400975,1.19154402823114,-1.22348667202195,0.288885537044163,0.28702631468173,1.39975325635173,3.9456994818012
0.36721924944591,-0.455273764799559,-1.93496344046886,-0.211614061339896,0.0547365343256229,0.70527502048924,-1.77937406427127,1.0096040474135,1.44412184942735,-1.42504874504957,1.16305773123033
0.138662812165914,-0.866702352701809,0.660350473584892,-0.0134374417666067,2.28562096759373,-1.39657490466124,-2.72197114716314,0.14275557477563,-1.28490768525937,0.844524000585413,1.66947424898813
-0.223759117932448,0.391858382465968,-1.08411125829587,-0.291185485777561,0.0603348580150451,-0.59911733977739,-0.514512749989764,0.0286754213030513,-0.689800699700328,0.671455499185375,-2.16825064190363
-0.123334082850544,-1.33839833860533,0.995415465709359,1.11127878809755,-0.710316846627068,-0.748240788327877,-0.559452020268656,-0.115789612056739,1.82905276594486,-1.9184332309444,0.0668983831453598
-0.0649851050625286,0.27655913044421,-0.828813281092574,-3.14243494367733,-1.44859833226548,-2.56535446502834,0.640282752433707,1.07700709375551,-0.0265492111453502,-1.63947998592782,-8.64526758741191
-1.65929114685019,0.350329805932685,0.626988550961499,-1.438268483579,-1.42970195291951,-0.0965450934154452,-0.086672319830051,-0.777310292167385,-0.699280181893853,0.463909419469271,-5.02968361036237
0.973736616674639,0.625472636389,-1.92366326671299,-0.720152149578201,-1.90492348637449,-1.64697423324257,1.23904644113253,0.277561744497373,0.470745625893645,-1.05765886939452,-3.39919152600437
0.370401627040244,1.56222134553949,1.48052874012641,0.497917594358994,1.4304841785476,-0.873805570268204,-0.305390556743882,0.520394372045425,0.510576725431898,-0.471128263992207,8.22278875241753
-0.197057276109908,-0.360654337367111,-1.08426276983534,0.754672333497592,2.06633897062275,-1.1220554842097,-0.0920961858194731,0.0306510106830289,-0.701133362744844,-0.935635832722731,-2.36301980605421
-0.818720894871858,-0.885776731874209,0.841939020664588,0.437877669794912,-0.374814291455348,0.295306118138215,0.0296657598867301,-0.642909710065737,-2.14842735455573,-1.33313310910853,-5.97791967424842
1.60852554442486,-0.113826434586474,0.451711031947977,0.543867897165151,-1.10318291468027,-1.56452728438315,0.538294399826088,0.0702574803501425,0.813580588280039,-0.223778128315221,3.74149172050875
0.639453372888024,-0.391125006729253,0.68232661255748,0.551779762138701,2.19970064641659,0.00590940969429649,-0.441760617366902,1.44156530344211,-0.451214337162211,1.41326427615301,5.38615564619606
-0.99277352555251,-1.65360283283238,-2.99193456932622,-0.257932136572364,1.69212038566255,1.15652802676851,0.114384984160735,-0.921469961614397,-0.51645494791388,-0.383681267143145,-5.38318616873769
1.48090214608782,2.0144954004395,0.172923375700153,1.19481984544693,0.767308839511724,-0.447244118734073,0.348111761768809,0.818016964627636,1.00120644754021,-0.852770353515876,7.28625769027667
-0.420280277857199,0.601648950422551,-0.118588800648908,0.365836654769894,0.333827042028083,-0.590944164524074,-0.695772921003682,-0.756326818759834,-0.40120294380273,0.450182576057991,-1.51857892292298
0.881278303329976,0.0817191221799512,-0.531385030572537,-0.809624169933882,-0.57448575336339,-0.734351773753328,-0.0489550461583663,0.223336179160655,-0.893822815567801,-0.907501723500952,-3.78444292685249
0.534591478424744,-0.197087171861492,1.16838054676503,-0.0312449054502397,0.389130906948839,-1.79176656448444,0.17659778474538,-0.0533340647833481,-1.05395807457513,0.406589166984272,1.56847572154991
1.23935895136024,-0.890305547661821,0.516276435750598,-0.864647689127392,0.390100256940351,-0.0389551129726493,-0.485612067407938,-1.57553639351026,-0.775060793681208,2.0755627431301,1.45868842219508
1.4043293737853,-0.269285830267238,0.257239754962316,0.443327763330938,-1.44862263451897,-1.65800693472177,1.09901267972375,0.885516576410252,0.766013020466446,-1.00904398033556,0.509729548932221
0.151830095440984,0.485535071060452,1.47002696928699,1.35829397653463,-0.168402591524401,-1.32204625928347,0.639009308912232,0.434955264057902,-0.23783140463452,-1.22639175667441,2.89941694191274
-0.168377949673096,-1.58731749825928,-0.375560816613374,0.0824216554100277,-0.639895017932618,-0.638846877829211,-0.502576513941255,0.857505077319915,0.618697115252772,-0.166680257133418,-1.81785717066131
1.24528905519169,0.887216292147559,-0.655217135342556,1.76729959969698,0.758790084448265,1.07015564932008,0.0576387765710633,-0.763576232685277,-0.00330472225931469,-0.225010352697463,3.79586407547782
1.4940666443283,1.20825328859134,-0.880376757201717,-0.210627417973463,-0.457743423722826,1.10180943462116,-1.70546019257418,-0.123984254091306,-0.0403351554314476,0.73934167821772,2.94966782250939
0.963852965263487,0.575860898518698,-0.439756862519366,-0.464267432827786,-0.360407138340687,-0.956505354183155,-0.619051226311221,1.36046342281092,0.422796257249842,-1.31787377487077,-0.745309663241266
1.44015973470294,-0.096390029404781,-2.00951883432463,0.59865519884106,1.96141744298919,0.519023622211674,-0.118300982993015,1.07815544330305,-0.329193934922756,0.176506356062793,3.29670229963495
1.3947520970721,1.12009612315697,1.17307933388135,-0.618530165012902,-0.532677335968654,-0.705128062302409,1.56474904231443,-0.0581756643559069,1.19893993684481,1.01030160875532,6.77615020495738
-0.499727433317599,1.42472101115996,0.549776606685389,0.351217506514453,-0.09999416813384,0.340029631881163,-1.39498486958038,-0.80606988495008,-0.888115684537669,0.883611175643649,0.827571446436831
-1.51268365985459,-0.715656340555813,-1.34731834636579,-1.37608671077356,0.0141048447733362,0.557614566707963,1.43983839379601,-0.639694952097897,-0.607451815364121,-1.64212969231193,-4.09990757781937
0.268479511405557,1.6751009815892,0.814193765465577,1.87573841862571,-0.854462735933852,-0.196622204599203,0.943076845803076,-0.734596048708281,0.944991992963345,0.149294451234068,7.68322188131279
-0.564619314860554,-0.595021837265466,-0.466764524575819,1.15586443980684,-0.386826815118656,0.923106010687568,0.259236386692504,0.807555733038348,-0.466066447726102,-1.34311284532608,-0.639995755399669
-1.03817162465039,-0.888372179726765,-1.7633000234082,-0.411547904161766,-0.789858369206741,1.29713054117801,0.461546400473732,0.313752195454496,-0.00388727107557678,-0.286673042136959,-1.55204599815405
-0.39223970120745,0.868713520200651,-0.51144420149437,-1.03784709182845,-0.831375514314952,-0.108021677852097,-0.54707102723228,0.306883239347284,0.272255703445696,-1.36587717345879,-4.34533295352723
1.48090214608782,0.123860961039539,-0.598397486676285,0.841807876916769,0.987479514909506,-1.3137130868684,0.154584877306325,0.843002874791358,-1.62244002173792,-0.312043631653458,0.812491926888143
0.0624899878542852,1.35051972623089,0.0408969204989541,-0.825267697145739,-0.600104166892751,-0.586776283036207,-0.585916759135296,-0.519674810127249,0.290946926768592,0.65645318258983,0.518794456272613
0.765116672857106,0.637638263118688,1.79074297400122,0.558245031053215,-0.628146145550224,-0.231537098006456,-0.0972418820028451,1.19674173003218,-0.662872823714393,0.222469926672399,3.34136696074572
-0.444071966767165,-0.200903722424673,-1.35278154582641,-0.385383975513402,1.92814342916134,0.343365091891415,0.61608397696878,-0.297488144936214,0.735270104750508,0.139877406234877,3.32772351341027
-0.655892529698121,-0.0498134217939756,0.0844221428383536,-0.640579970643541,0.311137983407303,0.713683791523057,-2.12216045261841,-0.0148781527219452,-1.73391202816229,-0.209054808126684,-2.66016794983163
0.0293169438168317,1.14262512838665,-1.30105786540432,-1.8518861411909,1.86824910345586,-0.962997598943542,-0.723860705230111,-0.561383087607116,0.419604095537234,-1.0935243614044,-3.13516126917673
-0.151446164591421,0.288657675203042,-0.384356847094067,-0.0921481987112094,0.921046458827219,-0.0580356231497361,0.750903971187836,1.30502215495925,0.288407588261465,-0.0631743723044802,1.75270157377093
1.76913460225186,0.842382671716314,0.311802345297558,-0.039176307476063,0.0370099624512066,0.96107618013553,-0.0531931561300056,-0.236662834480237,-0.183032752291097,-0.389478473675609,3.4616958393976
1.83748329584019,-1.27904317536299,0.802953848406703,-1.37050070299052,1.52535319169687,-0.384061211318914,0.199960360536932,0.850811075178594,1.36661650603115,0.22088546484621,6.04365743852021
0.112313775881859,-0.0968749486273722,-1.20069472543267,0.858049726787854,-0.17883017347988,0.128982784752144,-1.26885875460679,-0.312016830510901,-0.946224083705567,-0.916063172101033,-2.44762745744657
1.01504468090517,-0.850949482271377,-3.1079024068153,0.623921076924796,0.809479175193265,0.578585298661133,-0.430052154874256,-0.502866003087019,1.11330350944112,-1.24313141755166,1.27016757571253
1.14254843693432,1.79770766879531,0.603939895566325,-1.12629192725309,0.863667193474948,-1.7749133141698,-0.420279335276484,-0.0204335421303354,0.911977582790107,1.39012826707964,4.28752717417714
-1.33785387270616,1.46946606687807,-0.403253613463142,0.777392920898048,0.300269084945409,0.110950523300541,1.5343512818958,0.52585850081049,1.88252565644041,0.932474297573394,8.18281733929726
-0.444071966767165,-1.094862031473,-0.773896209812428,0.00235182664771273,0.164808299773936,1.74868163273716,-0.168861313472964,0.0157936089865642,-1.26805267099089,0.0825118604136919,-2.61819215644524
-0.266621817404064,-0.093630282045684,0.415977270201187,2.46766081040814,-0.987268251108368,-0.454824639698202,1.43047046950213,1.19723617229134,1.66247182333159,1.95042215120223,9.90271343838945
-0.76213371543351,-0.619074256943536,0.310264002979486,0.0117353755852697,0.348711806804914,0.238117577077255,0.0388011716273945,0.947563918006204,-0.727492379281039,-1.88451810079497,-1.65263246806862
-0.577368800945328,0.27971386425167,0.849530089222995,0.355650574875312,-1.64838401343602,-1.66097283034481,1.75550865185429,0.834025387074484,0.0467827655477395,-0.372432999701984,-0.957653325579471
-1.15886214793464,-0.805789475916409,1.28527057502586,1.38613073376269,-0.442290853682563,0.322912742534072,-0.836439839818581,1.20045191359189,-0.124007844737336,-0.190604975495908,-0.920035404798897
-1.15886214793464,0.798676233018718,0.241820617673362,-1.4361073497807,-1.77581220005865,-0.541093581213238,-0.168039401088122,-0.371311256542366,1.03134361717772,0.280504358871744,-3.72951011488591
0.489462018734139,-1.1428579381061,0.864710463970801,-0.440796118574779,0.843683532408188,-0.112812666277642,-0.298119863616097,0.464681470180971,-2.08271889088888,-0.24417319024518,-1.31696988198252
-0.678629300003564,-0.0142844649835673,-2.12939599922061,-0.347548092199055,1.28133708359119,-0.394114264787026,-2.33065983167314,-0.661727919199638,-2.10298728667087,0.550910846531863,-5.66076455429369
-1.22829686195598,-1.5308385901743,-3.11081717772045,0.489869752552516,-0.4869111930469,0.947444760779485,1.54491792079599,-0.917350749741899,-1.8809344263754,1.75896934807286,-0.59887925168148
0.129930332168449,-1.33525426419344,0.983434915587116,-0.66675722011417,-0.952777814959421,-1.54081365689145,1.61291366819013,0.780255264822961,1.15919733973333,0.451306948880566,2.69605800328277
0.534591478424744,0.652780458873302,-0.908880818709259,0.621592992430209,-0.611235539420643,0.16059830789288,-0.0506486225915381,0.0566250091506173,-0.12737773769856,-1.65201024693718,-1.14368818501927
0.140197057318645,-0.651728459364802,-1.60686715535379,-0.236497116482237,0.898873900724901,1.86849403334393,-0.117865740229815,-0.287849174971761,1.55089145378856,-1.65092874753381,2.41501255707422
0.265769855766912,0.221093352973626,-1.86369278474531,-0.911416533698837,0.67884273078524,-0.988831409722657,1.04700761495279,1.48361961113728,-1.18399897185432,-0.729455917081584,-0.346854776089844
-0.396313577892824,0.675404069379455,-1.15790377044881,1.67699813411773,-0.345616760734008,0.244168933252516,1.62786392630269,-0.134279952792237,1.15321963935393,-1.09261120280137,2.67643159976035
-0.147916927308028,0.190288093162844,1.67125430397991,-0.728100082248166,1.70260426899979,-1.90646815618678,1.50123158771868,0.561871719975073,0.267552498911249,0.293826350197349,6.45872424204351
-0.836409397302031,-0.964943208675486,0.148199341026291,0.26327156430705,-1.43843302264223,-1.872857735175,-1.13382279471259,0.334933720924572,-0.459262495830576,-1.09928032412303,-4.70737881394856
0.436410058586808,-0.00440366630053879,-1.89101682882718,0.219883097839598,-0.371485190470716,-0.919362811232889,-0.269488236694815,2.61033306591415,-0.112925400695675,0.474296606159731,-1.62856742409746
-0.170113941819097,0.585529809483285,-2.50910549571255,3.58317286618263,-0.358020677710627,0.156704587114564,-1.85925070644583,0.428776182078311,-0.151109720000918,0.669849793700889,2.29873087680719
-0.610819786184662,-0.723284339387211,0.242070404549107,-1.27618170306788,0.884198512477085,-1.00508662371869,-0.305961512368497,1.11303107311986,0.953747899453351,-1.29937827337599,0.137908695015069
-2.29514236404024,-0.776873646372754,-0.0678333217155171,0.622440762908092,1.47624190479874,1.18464109323233,-0.0261347910166584,-1.05153341044787,-0.0864987719075782,0.913254609754113,2.71000772041301
-0.0519487992492347,0.158307783371524,1.1811552552961,0.370394185312755,-2.71892516464103,1.27663941617186,-0.987925883565867,0.835083557368181,1.25078305352769,0.106763868155442,0.837913871767093
-0.109340035165944,0.793262891274181,0.166199253938074,-1.07552154398909,-1.63846459689379,-0.597758481522227,-0.54821438798299,0.979910043808343,-0.277303437436832,-0.676295700659845,-0.2869112951574
0.974539031464025,-1.60900229802931,0.858250957510975,-1.0814797775188,0.791066799987288,0.551574184738309,-1.27968591707311,-1.71136413543131,0.0178530550874667,0.323434057848981,-0.447475403107332
-0.689992849785956,0.247431579628306,-1.18274171435126,2.03173955083871,-1.38718498421963,0.608848974904523,0.0986451269944286,-0.407730435971989,0.146437677890763,1.59977973430127,2.63937912287684
-0.925428489889072,-0.444683440677711,0.738955208960553,0.10646736015049,-0.56169202479262,0.543289582873527,-0.746137416816461,-1.50099678577807,-1.9293734606908,1.31418914992116,-2.28327550560652
0.581890165322301,0.16955597879939,0.146636279109128,-1.02017655939685,-1.00022697121047,-0.0785256345282212,-0.872029074248389,0.758186461509314,-0.245462575229479,-0.754081004467702,-1.17525433836524
0.487049319027697,-0.188564612372235,-0.423750147503942,-0.648532736971312,0.620299102853431,-0.321927727177884,0.517529366637112,0.608380163178198,-0.16194187039561,0.94262532089993,2.03316180359065
0.755601701955288,1.30402285506538,0.85878015353715,-1.0160124315126,-1.1987310562836,-0.00643577243340322,-0.071308067637268,0.299883200223939,0.663740845615175,-0.314557255354817,3.26453749539283
-1.10699427683489,1.39973225945013,0.772716913968607,0.299219872073302,1.71639069237954,-0.512268486564069,1.10307265507388,1.26262212888002,0.00449719250553562,-0.659157457848258,3.78164058175693
-0.246788364454517,0.902014890126791,-0.20876087150243,0.00324610868315305,1.13933501249162,-2.04189030339495,0.551715484348872,-0.216715882304477,1.17556544339477,0.889640707171083,2.90527608748572
0.724769601369736,0.196064935499381,1.4637823641538,-1.07537711394844,-0.533761616370716,1.72424596091459,-1.49977943455348,0.820722974972966,-1.2808531254866,2.65143903581471,4.42258463372016
-0.266621817404064,0.806016765896617,-0.519512225887171,1.13363553518708,-1.66330029801635,0.477713670361411,-0.681297118903874,0.292126934871677,0.416541255303257,0.249000061231465,-0.416640062104994
0.0622528788826009,-1.0728637749186,0.202035233489411,-0.24325454139866,0.124889884495515,0.156706180027792,-0.387272883281297,0.420105042814639,-0.609142462961775,0.186656589459171,-1.45375317544696
1.1943891553317,-0.284332724510702,1.28178270797701,-0.0422535710344612,-0.698592197781165,0.277215615638653,-0.261699592215227,0.460265004768574,0.121767921995076,0.0265510404859357,1.9738668801405
0.0752477229622966,-1.82709939687589,1.72113854026718,0.474003174500822,0.750095141310974,-1.44615807770992,-0.38680620834931,-2.09103104357511,0.992310250061134,0.247456660268828,-0.722822214636664
1.76665912506781,0.332460066366948,1.22293124252824,-0.729879272395749,-0.834514336775816,-2.03035935235045,0.425316862629552,-0.101385476706444,-0.366057987886141,-1.30359311900321,-0.210919213818956
-0.72950979757335,-0.151003679147263,-2.39300440830421,0.79476011240095,-0.070226091764753,-1.08679740219498,-0.0355992541641829,-0.827201474199244,-0.661850458298444,-0.401375095889676,-5.15479091714612
-0.13316936021152,-0.849043398948357,1.09276781488724,-2.21764578533595,0.922780630063686,-0.667991642175145,-0.672610832680993,1.02448598203408,0.487105599031998,-1.90451145767524,-1.05128982918931
2.03317912990001,0.0219691983230096,-2.37423306453325,-0.56533990890432,0.599932984649735,2.51242562478596,-0.33921451308214,0.565334998005832,0.907722267644087,0.300518077541376,6.32138226193755
0.534591478424744,-0.943977937914193,0.851287531200368,0.534252461735386,0.603262922650337,-0.228498212243276,-0.872892136893189,0.505579173239612,-0.795933069373725,0.00354958976457709,0.97476365379319
-0.923757258427427,0.562449056871501,0.42005801941732,2.25561018771978,-0.231343298097771,0.106009461719661,0.775721374901553,-0.666570780571642,0.0545490129539344,0.114211673395692,4.36725933463592
0.116101388044533,0.556014060243358,0.359331203777417,1.06078035390703,-2.25403810313587,-0.465925713318253,-0.115499766464602,0.538709528753204,-0.152663310770068,0.803473083444175,2.20004015769764
0.406635716866544,-0.155235705107352,1.97732180045772,-0.500859235175008,-0.808681725918773,1.81016481915083,0.132053774651863,-0.103431172275891,1.27055120037179,-1.08679544779153,2.78991509566166
0.858961411815281,0.153152220820448,1.17519264318988,1.28050071746765,-1.03934465795894,-0.0285552951217862,-0.580308804543511,-0.0087309374755184,-0.08048083051914,0.338736153781451,1.90186931501666
-0.264192790237613,1.15016753417515,-0.682834147419095,-0.796476197123635,0.747009089901038,-0.399781382933981,-0.405833243300117,-0.318283934378642,0.142536697118738,-0.477196240644756,0.321274092465521
0.623086653885599,-0.696823175618637,-3.02522204797747,-0.986475140950929,-1.27977048583468,-0.202042254890801,-0.552559457653639,-0.619319066951738,-2.69427975969232,1.02175948723565,-7.74446532237472
1.59200116302176,0.956783057194326,0.258465080775781,-2.01530238417525,-0.861413624507446,-1.5069875381936,1.32972899555725,0.953292486081588,1.10417404250697,-1.01416871600211,1.15223521923659
1.69444819580835,2.0090245918167,0.756597640828436,1.2849887079329,-1.03192786218101,-1.47021522233176,-2.04517844386641,-0.410303167836383,-0.779263429063328,-0.728473705952511,-1.49830293638497
-0.63987356615146,-0.237435338880774,-0.211686442761181,1.06933248923144,0.0986195550362667,0.85978329715022,0.0507245647780449,0.141011025942359,0.264581574716474,-1.09293910783176,-0.834048392315058
1.01504468090517,1.22733691413041,-0.982767067070478,1.32102996983788,1.35867181846154,0.255847953421621,-0.806721248637259,-0.0658828636094385,-1.19706627545852,0.110452845717125,2.90544597331865
1.74135835028704,-2.86775679093267,-0.452246098186109,2.0687125307739,-1.46344091284622,0.638435456766543,-0.74594227340539,-0.572508263081302,-0.100643770125464,0.743932204773724,-0.804130187012271
-0.252960028257384,0.604821377769136,-1.17906055346857,-1.91080950200324,-0.366838071921383,-0.82137341942326,-1.1803909158079,0.0279480311380204,0.595517951305893,-0.837861321672525,-4.63411691434544
0.765116672857106,-1.32867201425536,-0.829539349393557,0.354707206867243,-0.661102234942001,-0.893136135275599,-1.0365652462022,0.397524700103841,-0.375590338042583,0.453044011045694,-1.20764097210387
-0.525086744454968,0.673124878625248,-0.363501139541308,2.43763522652463,-0.653641741512676,-0.0869434943803268,0.984468653309271,-0.967782492515004,-0.652290847102941,-0.35124833697507,1.34813252094235
1.83694557863994,-0.823644652823358,-0.624687541078797,-0.972398403317884,1.17725361585124,-1.21475739006468,-1.09492475553629,0.805133476746119,-0.358992962162382,-1.17543243496348,-3.85592482649755
-1.50639192040874,-1.3216120725092,0.81943555853782,-0.257492638389119,0.499993360609321,0.473044905999108,-0.646337155364985,-0.795995070570197,2.1826657555762,0.209206538940657,1.96987429543894
-2.29402233355621,0.1081074833569,-0.523941903169361,-0.651517528912108,1.02675109160788,0.468141964594633,2.0915560814087,-1.37489796525361,0.0616072731607464,-1.29162667617501,0.541157375870924
-0.781787692899125,-0.00397651674605403,0.494318775930687,-1.79455570410222,-1.63301205579296,-0.102444869876083,1.6489329394294,-0.272484987295228,-0.741154759954606,1.27975404097163,-1.09855750269598
-0.247179592879029,-0.239324614950045,-0.242566626715647,-0.0175509784063237,1.86221381408444,0.733997826737025,-1.29681573150483,-0.933792233724546,-0.0869991552661807,-1.5313447305387,-1.54020213240282
0.57059017763844,2.30389150314032,1.17094508043662,2.24897815871862,-0.812935718031505,-0.950164792588153,1.04012464565659,0.444778771730933,-0.0204906862945365,0.654550051518009,8.92461575663643
-0.762983832062579,-0.566954872790672,-0.123644823190478,-1.52650480364167,0.671721272292571,-0.59833828320508,0.822916755380587,0.852938141030194,0.966793004453511,1.3366566065953,4.46552103679151
0.488442072108527,-0.470200386129342,-0.772048033612101,0.33554549069,1.76243866584509,-1.42002254077279,-0.25559159898073,-1.2984308818768,-1.20662258553849,0.623021024111391,-1.69954337467833
0.0752477229622966,-0.481171347860465,-1.87817379507684,-0.571866117969196,-0.689744464080664,0.0956708910183524,-0.865196631215923,0.179704534919516,-1.06702135080878,0.221672866244973,-7.34691205973602
-1.30454345458468,0.303385726127376,0.456709788343054,-0.704239419734913,-0.712430906859534,-0.0685654840066764,-0.929255854067717,-1.34842548516889,1.24006838245997,1.02968178785486,0.00977718785384374
-0.343441453335863,2.27674232967958,-2.85429236121933,1.81771968342767,1.58761740501339,-0.694691440408757,-0.943672774302462,0.777550638223706,-0.809527711614962,0.894095075499979,2.0124699371946
0.830737709367571,2.25865490158006,2.50574836781592,0.206367713541364,0.400766001912693,-0.863776871782677,-1.22464249692048,-1.16669278876031,0.677300279887525,-0.571506760127353,3.04067552775757
-1.4966155661328,-3.35024662751348,-1.17253870648203,0.797335362205431,-0.267689108701366,-0.373214432872431,-0.769365712754905,-0.190000968064622,-1.12195133362167,-0.0189263899286189,-5.70280096199682
-0.499727433317599,-0.292481424311288,-0.727016638894439,2.34290028919398,0.567261738283425,-0.392122240497115,1.2427783654432,-0.178209926142625,-1.40182579524479,-0.291584762998749,2.02151700487931
1.59287830110611,1.36268031074496,0.407767415629735,-1.64833776076606,-0.888346471054769,1.11400749423011,-1.06936108188662,0.168201906190933,-0.463950105931731,-1.76995427463614,-1.10784965366528
0.625428958882266,-1.52621269380006,-0.285146838843252,-0.571953880517222,-0.522656717376038,1.70503928514864,0.0992394807813607,-1.54080366730915,0.0605000585968032,1.51195435758728,3.8061030351743
-0.25697913899993,1.12087590545628,2.16178904997268,-1.17722387725628,1.71743388991715,-1.01506394433945,-1.09937542208909,0.739095847807973,-0.277763156803958,0.538202175940703,0.0260065418146409
-0.343441453335863,-1.37121597017296,-1.82372738862704,0.00700978593997686,0.148058791656662,0.150361148120348,-0.471392489334749,-0.341388413750151,0.266449079840833,1.37378345909941,0.0479842641563635
0.488442072108527,-0.558814099770875,0.0605908831003324,-0.602449522517094,0.506320893010386,1.39344379028942,1.28625037557629,1.23711551740085,1.15246708955289,-0.178579738372847,6.28575714492937
1.39810826963103,1.66975150775968,1.5443820222564,-1.07621838702448,0.587500432957948,0.546925580877371,1.20383149766668,-0.041093862696854,-1.04874515968167,0.760721679605727,8.27556236973175
1.27059498487269,-0.157026146271562,1.74210528827549,0.520147583324028,-2.22215600785331,-0.517504975072838,0.71928882230057,0.915774809829035,1.45758579163342,0.221060560989252,7.51226150906473
-0.414867909374206,1.31725337674182,0.359675493514816,0.357506315669137,-0.621852272035604,1.07219717090918,-1.08085854096842,1.24494124098796,1.73477731993433,-0.287712335158875,4.40332851179643
0.755601701955288,2.1233065215008,-0.317652382810395,1.84293452600862,0.234682643897605,1.22774057317051,0.137991046701023,1.09096333521077,0.2416021806705,-1.42094657449485,5.3996877081075
0.186261168602289,0.231439076167881,0.161013009856645,0.35960152532082,0.0682242878489127,-1.86805463750988,0.476151244828513,0.307882311614941,-2.37225796820343,0.701486828832144,-2.28583869574054
0.625428958882266,-0.256525015561519,-1.50632151894104,0.0767553007138005,0.233582086424014,0.105412314526139,-1.19425744363561,1.0739732489273,-0.157599441949224,0.601689588427101,1.01952265605611
0.730327068092128,1.32469036538284,0.362287988192939,0.256124929274958,0.145973658123818,0.435064792170063,0.390849798077434,-0.746887637966221,-0.398233088626465,-0.254467631812668,4.46712167828736
-0.726220727245229,1.62487732349555,-0.310479535743283,0.610852595101665,0.233904741390563,0.0487665593091344,-0.000388084857388837,0.389818259940531,0.154449673528286,-1.52048739294521,0.114874977341704
0.505770068737263,0.987276773177899,0.216623447699652,-1.48207824227621,-0.665658452582774,-0.607394556375914,-0.6911602399279,-0.0582552376623749,0.728819792428848,-2.11605597819309,-2.02377079171325
0.858351591074255,-1.23608883323929,0.501740728147568,-0.605853694031679,1.36000616469899,1.82963901817021,-0.320539386652168,-1.31999084395037,0.136317286063858,0.537645787092861,2.5015352807726
1.386486909863,-0.804134441646986,0.0842713492706741,0.570150204049772,1.61490777119544,0.892804382278918,0.00135824071342697,0.343977746184985,-1.10929881782629,-1.35331679787941,2.33197701674328
-0.325283718957253,0.601124745187643,-2.21440544772452,1.54798021494598,-2.16422433301861,0.80057272034669,0.952303759642605,-1.18586325928368,-1.1899319413747,1.0791905355107,-0.228616144331367
-0.202266175302293,0.417941951089104,-0.190282958670062,-0.334564501720152,-0.724266903003657,0.661839759457978,-0.242834768783393,-0.329534328671194,-1.30497179530894,0.429881200654068,-0.512084894996718
0.152252849069396,1.07316872424363,-1.98872699368012,1.3674886909169,0.356983697242013,1.15425274938186,-0.522672120439714,0.123345978845201,0.0296807459991003,1.3082952519987,2.9191399652419
1.83748329584019,-1.24445635509941,-0.839833140656475,-0.683024115467491,-0.77784581237643,-0.246705820854578,-0.132976109554722,0.448969684453981,-0.220230476202743,-0.0747666956628275,-0.443438896583949
-0.168377949673096,0.831706906456857,-0.789590458438783,2.41274963573153,0.373621952027303,-0.0839231244742782,0.312699776913846,-1.50598591866793,0.399931867023444,-0.894656981243695,0.936383513161979
-0.246788364454517,-0.12171454652778,1.58463925094947,0.228418293311378,-1.736855084328,-1.28226738218501,0.850291734799163,0.531054388590039,0.526601657743157,0.665605097547441,4.95693933912755
0.00327771834818728,-0.162169304604408,-1.43237377323335,0.00225232493595538,0.898723483852283,0.191777993612889,-0.582796392949077,0.4104636270535,-0.192355765988027,-1.21708745676533,1.48598456201279
-0.861179072907067,1.24375700797524,-0.189851040849832,-0.483229695289772,0.919974375130656,0.0283985087653381,1.04783961658962,-0.512401847382635,-1.20430160325132,-1.08239648327095,-1.17929683495498
-1.65929114685019,-0.0524656278755024,-0.126930241451596,-1.25846918047316,-1.29837306369634,-0.0320581469087684,-1.2166089965261,-0.445751437058939,-0.451975723930371,-0.61378676147111,-6.56180361710879
0.177372610219523,0.13160539374867,-1.60422453205031,-0.453121143243317,1.01945691901379,2.3191685577833,-0.894759108967421,0.406039561799669,-1.78706532489702,1.58341490906846,1.13149934627321
0.186261168602289,1.15338600048821,-1.62370684507989,1.49734459308754,1.65497571538803,0.156835299228683,-1.30348602493687,-1.04882240076108,-1.40602806796405,0.909529346827805,2.10341071818648
0.578621193801287,-1.35731757702519,-1.38966466442077,1.6114320224845,0.203109987913726,-0.561737988640745,0.958233881834032,-0.501045390759982,-0.481565496213194,0.333581949304395,-0.612664009566285
0.726686284899751,1.38718781928254,-0.590716934517648,-1.22143939989495,-2.04316470728547,-0.685474191895599,-0.955397702770984,-0.578671636085913,-0.524931680115041,1.27216916906709,-1.47411246676107
0.359028964312829,-1.30357965358769,0.463187353929606,-2.40264020596006,-1.32590808375022,1.42586674850827,-0.514853609235696,-0.894947747890287,-0.367138851390181,-0.524097088299814,-6.62468133795385
-0.510098564189295,-0.747740545750882,-1.01991447062257,2.50351343523859,0.729046179916656,-0.488154092113137,0.733460933901862,-0.193483991266984,-0.0412638980701833,-1.52282506253165,0.276305445177194
-0.777609230806776,-0.585428329687491,-1.72454219069554,0.553267680448318,-0.297326555568549,1.7494826797486,-1.95686627802179,-1.69239040053413,0.229305369201477,1.00919839595499,-4.834119156033
-0.911298306392644,-0.494171097692468,-0.259978986309682,-0.950799932230261,-0.799331951027823,0.625932654092499,-2.04007856113122,-0.523799255055184,-1.28544096172487,1.1071996520773,-3.56738804782547
-1.8826604462806,-1.63775449461346,-0.936229359099505,-0.708427240364121,-1.84517671879372,1.21154984623493,-0.988779447207105,1.16659333044515,-0.891811190622768,0.379180773790666,-6.28609503057474
-0.897307825203866,1.39257453702438,-0.950460184355648,-0.0338177564534572,0.482543922242733,-0.785641282303745,1.58612280637752,1.23671488893933,0.28749593642143,-0.907275243506464,1.22414626524395
-0.387712445555892,-0.12300025732463,1.95408961519304,0.905596382321753,1.5005025572007,1.96295236941252,-0.0488369531306309,-0.323727353843094,-0.899026813323147,-1.04861172522732,5.32319902163982
-0.123334082850544,1.44250735496189,-1.00659641121468,0.217417113506231,1.25752216204114,0.00209875524550461,-0.0662472260123722,0.60725074571295,1.01494427356429,-0.9366962148031,2.41790616136523
0.689326880051323,-0.996350301623815,-0.423356938355643,0.329730634129858,-1.31472874615432,0.739655157031836,-0.107176346671644,0.63728168999425,0.526511536750325,1.21114966373504,0.0866467305086953
1.20908136857737,-1.34125248339056,2.33343606699765,0.234568616611533,-0.801535917598848,-0.739892686683595,-0.377604372228888,-0.938118520854261,-1.16638586956749,-2.13377271145179,-1.77693636148333
-0.474929188207478,0.847535662679579,-1.70414851081266,0.0925038676919463,-0.685723282724949,-1.68313334585692,0.294138835508552,0.496233448674442,0.655962552401285,0.991146228844158,0.46817008643916
-0.0256761479062393,-0.252558295230635,-0.842805677390185,-1.12151375754227,0.533154122647244,-0.746797509820216,1.56040971226274,-1.40989912173707,-1.08085084480776,-2.17999286788596,-4.19233682343931
0.574563482445298,0.459178298159477,1.84287103069879,-1.27792659987512,-1.13348977841878,-1.03003514492378,-0.0251550777791262,0.146700302347586,1.75771890689635,0.0303079765003388,1.87448523960094
-0.122451618688066,1.48021447368244,1.69416370249506,1.46109620347195,-0.0373472623990966,1.4612045853695,-1.8924459463102,1.75778102920229,0.55008528844317,-2.01906716019154,4.45693565446663
-0.0649851050625286,-0.751019636550049,-0.048855477699927,-1.16574982126229,-2.78162202255692,1.42443385741891,-0.113043224995697,-1.11662709098493,-1.48787301337165,2.68046108553673,-4.33464398372515
0.487049319027697,-0.0222965159983955,-2.53829025204395,-1.16416300717964,-0.417101692489134,0.954943070173935,0.502232957962285,-0.0743003923633229,0.0774574099056791,0.483524893293126,-0.248738679454989
-0.370790442130236,-1.56085662961585,-1.59810045525228,1.13213412657146,0.306286408544269,1.6884125474407,0.81811618556531,-0.0439292052162935,0.614520954867577,0.980142017299391,0.511056258249974
0.985307874990123,-0.084237270464953,-1.08253118955326,0.0188785983292312,-1.13760568222006,-1.32326500347974,-1.36129950429374,-2.94345327007684,-1.34159555922839,1.83333543733977,-5.39586228902554
-0.479424938646609,1.53896107353475,-1.31159900555408,1.10140857123522,-1.0020229022737,0.0444929256359206,1.08379682726113,0.750979335211913,-0.455201741156459,1.07659329750857,5.71909960499684
-0.109340035165944,-0.429555563952214,0.617476156260214,-0.972659852495267,0.217997073248325,1.48468942803997,-0.243862295368684,-0.094526065694426,0.901609595987511,-0.408746675029723,3.12208456243489
-1.32039211918974,-1.09511316340803,-0.892191406453201,0.0102988910448905,-0.479939782998106,-0.858848143713337,1.22747091665944,0.560511611664778,-0.27963502516877,-1.2407898702375,-3.87711261530059
0.858961411815281,1.55322945275958,0.791645561991517,-0.0494333643311193,-0.59201451718834,-0.624875783433576,0.994250893391682,1.07857237539057,-0.488796190586892,0.420690733919962,5.29520984863514
0.730327068092128,-0.312173041265937,0.724617595515559,-0.176459338905541,-1.29119235431779,0.0251498611742637,0.582506620240483,-0.656152967987044,-1.51654448860109,-1.16951794371283,-1.21378840261629
-0.778327300284079,0.755465774743692,-2.6896163364656,0.52266367175573,-1.01169975988401,0.18261169701569,0.276385211397499,0.0404073123735722,-1.20842145246821,-0.948922043379488,-3.89069873283332
0.00980342454340322,-0.242587005487131,1.21949531524684,-0.449346478242921,-0.102415605761876,-0.0860851773224858,0.0329837803072902,-1.4608086307191,2.36927386569068,0.195007540356237,3.05274779130664
0.574447184440287,-0.459805362036814,0.910429387263793,-0.559244770119066,0.0618969712924999,0.583508424926792,1.78955240879788,0.353663621256216,-1.15188744673411,0.97752828700442,5.31177953187234
-0.459704909736364,2.91729553168432,-0.269627441977597,-0.111572293032201,-0.0346573620254946,0.330544162909483,-0.51212501780872,0.787219823439382,-0.170449240312787,-0.998879685865143,3.92096001732036
0.820171074594059,0.203818564104413,2.29904263698235,0.380100824773156,-1.71492018995336,0.131369586261728,0.731914607665407,1.93818731117008,-0.67929836427348,-0.665225411240769,2.64787614764993
-0.76213371543351,-0.66305117023418,-1.64821600986317,-1.13549448075537,-0.0765653802428499,0.995043298858845,-1.16144601811615,1.26837449394096,1.56163451285968,0.183738877261542,-0.375658307905987
-0.0765839598058105,0.140300753587911,0.989853005597019,0.415510211722674,1.80918162147618,-1.90115599032137,0.121729849277075,-0.229087673792886,-1.2315966855964,-1.81792114853849,0.495104614156347
-0.307067960434676,0.969158808967447,-0.235344787239242,-0.382918800304538,0.784319546124113,-0.536523463546996,0.275198222679747,-0.390798789560457,0.256010240939231,0.286375257746267,2.74201606886657
1.22013003011866,-0.0579328528072548,-0.153798367243169,-0.983294942112674,-0.348061377541149,-0.167637718119281,-0.319492768597491,-0.136628108139377,-1.75676443838316,0.777908880691538,-0.713700273713336
-0.897307825203866,0.941330949649797,0.100529470453462,0.175105253958255,1.04739933949272,0.427284725933014,0.812245874361345,-0.0927448192137826,-0.230146242611456,-1.28403728150133,1.69638411648022
-0.195951982958581,-0.0215880584540912,-1.26379067912076,-0.360230481807464,-0.476912746750663,2.50199674706296,-0.753643432129336,2.24873615009372,-0.211896690843631,0.1862116459341,0.0190808601785508
-0.0915357640856755,-1.87409709737153,1.44858383734575,0.0388230815925017,0.0511380519604602,1.2178426460137,1.57164837899791,0.582482408865501,0.23920658627859,0.324055645929071,6.09986738077948
-0.939215700054906,-0.697237847585182,-0.576741665893483,-1.65486053846278,0.266684280510624,-0.313789507886962,-1.16363513321425,-1.34828762996405,-0.871441248677873,-1.1106569853678,-6.4130555492161
-2.7209324931776,0.492985192039618,-2.05489103330075,-1.15364018991231,-0.842351675667171,-1.2485224136234,-1.31777686341912,0.14281539697516,-0.587810662118851,1.34040502300146,-5.62292665602494
0.494151776904431,1.07242791587606,0.510933135599231,0.835364113463664,-0.943752873718044,-1.70958017811531,1.75075838785426,1.00809690601331,-0.570892441572574,-1.01664705525169,-0.00154950356758654
-0.1589598295783,0.925673888905946,0.0125227301027516,0.438773164828787,1.09871791379857,-2.00899585457605,-0.689477597775211,-1.31368694295156,0.4805276254918,1.37247773327125,0.492283861230632
1.08166072429654,1.21882181778539,-0.860055632440097,-0.946413396664619,0.05922128538802,-1.13126346256728,-0.407376084224669,-0.323689673286733,-0.664455458158411,-1.86302131335619,-1.91786405157253
-0.325283718957253,1.00067655148265,-0.291514059322168,0.970823055359843,1.00007977359117,0.423891134885604,0.522901811574923,0.0492979492595294,0.377978691543522,-0.506878746879769,6.02213930165492
0.511767272962853,0.879375527174219,0.196788552367686,0.385565565573059,-0.284059300152399,-0.679122478085263,-0.291641847930632,1.50836991979085,0.773208620935158,0.5435662549138,6.50292577266662
-1.11329294947493,0.46667898559736,-0.921778477627304,-0.336354932096884,0.935325712761866,0.667667654060787,-0.639524544369672,-0.776583062534866,-0.0970786469534033,0.919482311188991,-1.68618356185013
0.00327771834818728,0.488465800917729,0.464017580028899,0.486740037936419,0.136134711364312,-0.918654582807309,0.44046373703672,0.722684052914994,-2.14920574204488,0.528769534510904,2.59200315870977
2.50697098363725,1.44056569089273,1.83261633627035,-0.630585708379038,1.57950268953901,-0.0948610741172577,-0.847988320575879,0.68467794394276,-1.76181686240646,-1.4469788768009,4.95710002462779
0.365766023429584,0.906389415594203,-1.78794755590316,-0.624036007153945,-1.82190048159362,-0.26152272454687,0.311552992795635,-0.793795118736464,-0.343648068491141,1.16876951373067,-2.47627713223475
-0.615822032760384,-0.192319251385862,0.670539677379822,0.211020889240633,1.05840616689914,0.327886675905379,0.29926278011795,-1.08547697564099,0.953383976550991,0.0958375926291937,2.40636876257649
-1.16794305566545,0.105208511466418,1.95296471617976,0.327787009368044,-0.546904576256061,0.0924597734591754,1.30866519085418,0.265343480271293,-0.781423939481427,-1.07606915173791,-1.90836260486107
0.974539031464025,1.20560428355572,-0.693916678653855,-0.546257393874549,2.05932952356916,-0.649916118807825,0.393236012564445,0.180283927884875,1.103707862093,-0.587676823660384,6.76228683638507
0.252513759222867,3.04507847486185,0.0474604307258905,1.24393639797665,0.176709038370857,0.0416698105435241,0.340337715733823,-0.257659217067752,0.442399567945573,-1.26494894515555,5.79240217016092
0.730327068092128,1.1543193291638,0.193769175491209,0.474864830092806,-0.640397565451865,-0.527361989814034,0.427555366782752,-0.582879970716045,1.30048184407823,-0.684532490767696,1.44217441950825
0.345014307703514,0.25800052471098,-0.468409970098769,0.105551070124265,1.16344092835051,0.105555981203362,-0.143673667909699,0.32608955843821,-1.4512360002005,-0.124961078228756,-1.12340380645676
-1.0665125471584,0.0143925745411781,0.711383058292072,0.394821706435086,-1.92684194925793,-0.581957352108795,-0.868755422451637,0.970645611616217,-1.08160567805755,2.0251002110125,2.39125916514175
-0.194927249915737,-1.68599768399201,0.890302840840843,1.76107613160164,1.29243913324591,0.848444818037384,0.102306009861649,-0.786943681441557,2.10653876459729,0.491298133872894,6.85532129352526
-0.510098564189295,-1.26577009357217,-1.82230683542379,-0.690948641592106,-0.523696789782991,0.536075566711574,0.228321301915159,-0.152750975022772,-0.469445523380448,1.1643505376996,-2.61939755573474
-0.223759117932448,0.480667415241889,0.78653420783759,-1.74839893756561,2.24180340941655,-0.735583423590205,-0.179288246683575,0.519581453643465,-0.431698466535964,0.581107484385757,2.35150077338458
-0.994667067997196,-1.09642349916739,0.485738599079564,-1.12161458858861,-0.318994406598472,-0.330756822288286,-0.834779208652961,0.200586871877615,0.150415141132238,1.49302329902165,-3.39104639299581
0.812818038618884,-0.272182664343598,0.180599262015521,-1.41929608884627,0.25486759275031,0.533703214843169,-0.12825442481284,-0.799889746990393,-1.62787671452942,-0.842347318606132,-3.26665135970453
0.765116672857106,-0.539063637491088,-0.694640916503395,-0.399055548154753,0.245491211687103,-2.09133278427043,-1.36626129701353,-1.20565497986458,-1.08709135799148,-1.24189710540046,-6.69595418649621
-0.147916927308028,0.99880377766944,-0.734425279213263,-3.06813717849367,0.756986344784457,0.984090614942604,0.927218154369061,-1.13997597948758,0.0454951659578741,0.073076903857345,0.598651497121387
-1.59750764079288,1.0589929395131,1.86884137470691,-0.798858345912149,-0.591102500612483,0.416579650220536,-2.47778720035271,-1.15145504637436,-0.476450133713949,0.159790507652236,-2.57400327058542
0.57059017763844,1.00310940746423,0.753690440347427,0.327019507534392,-0.830143075782796,-0.213299399520531,-0.439288110893742,-0.734181745983296,0.847206936015039,0.765457528712313,4.36036262910188
-0.404651271562786,-1.72462064081163,-0.000734980273613871,-0.177074217382856,-0.1590137615499,0.799078912722483,-0.368372762134057,0.184821469962471,1.08872858069841,0.208130578135333,-1.10906166964434
1.69444819580835,0.540990950859844,-0.701561685359859,1.31757969045124,1.02316910108233,-0.586685275586394,0.783223885043124,-0.570409559221511,0.0823392654163435,0.705170047882642,4.10056740627511
-0.444071966767165,1.16082910473689,0.269802225939129,-0.498890589459449,0.454090234970361,0.773776956707886,0.692015243332072,1.19261094977679,2.25798547551494,-0.974709146981545,7.21922800519314
-1.02448133566216,-1.01762847435428,-0.733244510617348,0.24087125359483,-1.29779483782091,-0.993010457691709,0.416690736386741,-0.0360627454284469,1.89537983243187,0.520962183343141,-1.32193387362877
1.83694557863994,0.759207421865255,1.22536290128324,-2.32129012186785,-0.619889791800883,1.07971871717089,-1.91095160292161,-0.774650935282004,-0.409919195018544,-0.508529231956879,-0.220452326364115
-2.30632757592481,-1.69272290009217,0.735025004250941,0.593489459727575,-0.375922927316482,-1.86506685627251,0.386679497943549,-2.13708070579096,0.901840412229247,1.8048637347381,-4.18699030184157
-1.34486747429676,0.365983920177928,0.494650706498643,1.94901848440441,0.758135395528323,0.363285037308684,0.256280939225414,-1.14947440422422,1.48146647831478,-0.320489743883208,4.67009934244814
0.465907000048803,-0.121440685659093,0.336327072763144,-1.40104976656894,-4.26877868621706,-0.682649834571736,1.77877652458935,1.03024816691641,0.228710997230225,-0.411320211693251,-3.15084409186712
1.23935895136024,-0.170071737349853,0.970845461215185,-0.112313967844707,-0.315589427040337,-1.3646551712582,-0.193404501616766,-0.0425253279120924,-0.270228346008482,-1.5625415373032,0.360305075909897
0.514565761383959,1.14509878738113,1.70839958541691,1.52240078688626,-0.147536020355221,-0.67389339363368,0.940473475263475,1.41252281719935,0.714844415130496,-0.207298407437875,7.85628183282307
1.17732508372353,0.565735155684823,-0.305241120893882,-1.20723178099689,1.75829778561857,0.46616406994294,-0.186096175693027,-0.0221053398298002,1.32869676151243,-2.61481972012475,2.08259162461842
1.9083449651161,-0.887090943151617,-0.715032537272315,0.478716003757339,-2.00011334631568,-0.109090744163149,-0.442571526861226,-1.32930843502583,1.23563210657996,0.972378612004581,-0.0516850887080492
0.000611229653819567,0.374623474305466,1.49962920291166,-0.448700021222022,2.53296975345981,-2.62963018218444,0.171818551603224,-0.235814274688483,1.99904645072645,-1.02485086116261,4.37721798625976
0.94007495379335,-0.085514237487576,-0.490198403187989,-2.16116495697048,1.78068651429241,0.480601616926453,-1.21013383369439,0.711141066302704,-0.377672557273517,0.380171298937696,2.18377760140283
-0.459863983771223,0.494927666209076,-3.49660706451808,-1.22468560945986,-0.497715017756346,-1.30639869258652,-1.12598124749162,0.0797080758299843,-1.40337668420845,0.0909292356506096,-5.84487384637326
-0.579141255872608,0.415652778690654,-1.6765212990456,0.178726415052558,-0.762141086155525,-0.0719369452944588,0.436086530071692,1.0086533508023,-0.429995758147796,0.880936887188442,0.747943049742145
0.153898087523962,0.562211558986973,0.348087229605173,1.25580003754283,1.06068209908871,-1.12354111722399,-2.14513126743806,0.919663289016639,-0.413343583531319,-1.01249949158951,3.74230028294877
0.467711304544941,0.26148222283125,0.731946353994557,0.392687146702276,-0.829784613501221,-1.19698365071698,1.10872703883102,0.819383243361358,0.847791431802918,1.09898255792662,4.44665642799787
-0.0099062245832306,-1.08256946165813,1.60377575184017,-1.19627612449533,-0.126252565635201,-0.364215654926731,0.190614461055575,0.873302445490384,0.255729231725861,1.79530047180062,1.72375661278202
0.916937135627302,-2.52518349793375,0.41213990106059,-2.71737127087254,-2.13924775580996,-0.00340551315568707,0.117822301377051,-0.00797371346052844,-0.0981176675365508,0.00798223090647221,-6.30214351865101
-0.907965977011584,-0.255216985370353,0.0968628341874926,0.103980313098081,0.144985963706993,-0.0863641980406323,-0.946477990113927,1.26750390817965,-0.980919299443757,1.30491326250249,-2.04382307600634
0.748500010427619,-0.457497108091197,2.39211428344262,-0.51940948570638,0.805322703682866,-1.51945283033301,0.0442635849956203,0.927293588122364,-1.10569539175112,0.865788345731332,2.77488110254579
1.20840324516942,-0.234264192901066,0.942645822966747,0.455182233068757,-3.27116952331924,-0.0227005173122251,0.825864698126737,0.549575245448704,-1.32723301233845,0.87524171642426,2.18633344184779
1.12007922682614,-1.22335832207883,-2.12889712187851,0.486698609429327,-0.213045681590418,-2.2061192247656,1.21546065883888,1.1766919444998,-0.32884455863877,1.30502094200363,-1.85792162747094
-0.670226283932246,-0.490692467569949,0.847294959443958,-0.410881856940425,-0.526312723186614,0.488148166342625,-1.36327105456588,0.380677703999616,0.196005454252387,-0.592630419753533,-1.2182881329037
1.15900912581165,0.0109714339069704,-0.691435480310754,1.11697046017734,-0.821037541253723,1.87605444749943,0.101200956576904,0.465831496076267,-1.47202293087504,0.427297576488608,3.77253599910296
0.0752477229622966,0.59043161684069,2.31988348416417,-0.39223789196917,1.48822672374967,-0.622716367708483,0.370318185717313,0.0484096403420173,-0.465572824464286,1.32425425499288,6.83168742009159
-0.726220727245229,-1.45204203601917,-0.672071395168895,1.66395100007832,-1.08859589325033,1.15465543202233,0.0935617382046066,-1.42051630596996,-1.25847910128841,1.08806692294449,-1.18624503595918
1.48090214608782,-0.621413796478892,2.30280249077457,1.04729181990551,-0.544968972629704,0.0435888500468704,-1.75321801701579,-0.310339102992177,-1.6028140651072,-1.37858256320287,-2.42229755655555
0.755601701955288,1.61619966623374,-1.21026330104476,-0.114413616417529,-1.47022174591669,-0.772711771568142,-0.638576820607994,0.922049564311838,0.495366318523316,0.736383592431113,3.3119142576539
-0.0997125174093413,0.594082741809999,-0.480536883740574,-1.06205507499462,-0.0369321539035936,0.152825341294459,-2.4792505948745,0.610145031662139,-0.651946853318971,0.496593765352006,-0.828580289563666
-0.343441453335863,-1.20714806456926,0.0142060715703489,0.380003885547304,0.943601423361071,1.22140022548572,-1.90311975593631,-0.405293411023532,0.00675781972589584,1.05403930473567,1.94414378682158
-0.158851773669182,-0.110575573368286,-1.00926070065021,0.586211805544124,-0.803711956923445,-0.807958425406012,-1.46260621700016,0.688198252979547,0.17368262422857,0.296676692979428,-2.21307226486651
-0.781431668424241,-0.506703766023368,-0.566886513043532,-1.31189621120543,2.13408455474129,-0.226015988256085,0.958066635297027,0.299764888012593,0.51092955015712,-1.35720638860917,2.18218546901435
-0.610819786184662,-0.668592084821075,0.391280879908601,0.309295005907131,1.46462501944782,-0.342866114278938,0.902262245159785,0.207685210579673,-0.170044111916769,-0.519090520516885,3.58471206664243
-1.32929266014592,-0.630659146708168,-2.16423530571579,-1.39542102936934,0.822935929698938,-1.64401539409875,-0.241488706107902,-1.00639411411166,-1.92492943964135,-1.50431859720939,-10.4445460592129
0.757583455182553,-0.482879072955162,0.0519728475057699,0.0430735899474396,-1.21773293308739,0.295593212522977,0.23107733812328,0.596226716810252,0.475390633336639,0.371074853947144,4.23434645481974
1.26701587091894,-1.08708117913645,0.960077953975126,-0.0391976520103258,0.200887809256097,1.11198732587801,-0.980001277688911,0.788503781791016,-0.376742358047644,-2.7093975382519,-1.09739722121373
0.429157350030615,0.807586333482568,0.377551826056694,-0.274953146207341,0.312513474268194,0.408657022816345,1.07864703970385,0.276139493819663,0.0887369589295476,0.989813967341436,8.59690724785135
-0.39223970120745,-1.18276668579248,-0.644857268578128,-0.742741084924693,-1.02195154346834,-0.869710706802535,0.276018263051882,0.336827749767038,2.09301044574733,1.64398557812487,2.27149417175563
0.0752477229622966,-0.206856226581308,0.432127929448774,0.670190877579241,-1.49624304936393,-1.472952244618,0.561119608360155,-0.22695690966456,0.730516537815178,0.91131935207921,2.88569996761564
0.488442072108527,0.354881925803174,-1.01286372268961,-0.121103256122487,0.43791263617496,1.75787626168602,-0.391038568373235,0.275113723461238,-0.113045753888614,1.42206357887245,5.88652261207522
-0.550278491702901,-0.608919851541902,-0.190499226256223,-1.67761531947522,-0.803276377646006,0.804755734812754,0.318927064581349,-0.220940854468442,0.152988624715805,-0.369885914343333,-1.28890674847487
0.703665551009854,0.0527093367920582,3.02299002087986,0.529639202371339,0.963876813509191,0.443786160236961,1.23352687351281,-1.04278514516244,-1.30980209642504,-0.383937844135491,6.48149168630772
-0.444071966767165,-2.01706880435881,0.142190431850791,0.467035337794499,-1.15226674898559,-1.22223009491268,0.350804820689885,-0.0290251544543615,0.210157235877794,-0.742254462164541,-3.83537556174828
-0.123334082850544,-1.80174068864989,-0.0927040620005636,-0.337022005242705,-2.04836151118326,-0.85910263544149,1.32788183802991,0.0408310595695109,3.50479347219206,0.785637843503625,3.24560416946192
0.625428958882266,-1.13148985967337,-0.174875008593668,0.234902606105034,0.045912058627508,-0.615681438104436,0.112353260659876,-0.245244074953844,-0.637696606474938,0.40415952314719,-1.08638418748982
-0.0792433558009801,0.0605503051556145,0.535431052387493,-0.365569559459045,-0.389233481522273,0.468751168371789,-1.06088886393185,-2.73466323863826,-0.262854894760385,1.28303154865791,-0.64804951688993
2.02422898495019,-1.09786771946421,1.45713455124828,0.469879592585797,-0.256465067104542,1.29115005673994,1.04277532378741,0.614891962943748,0.208268817160385,-0.320247002440425,6.56240931306884
2.02422898495019,-0.472029749387482,0.278666205809667,1.52944204009947,0.440162217325113,-2.31086214119559,-0.64731746077951,0.947805570112338,-0.509654396365534,0.0464739471364104,0.992791865875359
-0.279622115710368,1.33469217039535,0.298921833891284,-1.26515383904238,0.426513877845141,0.219066535540676,0.441122848225938,0.730007375173965,0.298420297136854,-1.98795716424508,0.0667151859249069
-1.10699427683489,-0.278929721919751,0.0380754014808351,-1.15618847043626,1.02521207370671,-0.727885062795434,0.0982944481541181,0.258493588113802,-0.746644690400263,-0.436432342262701,-2.50167777864658
1.05577410542305,0.386545074921509,0.11883774720326,-0.270923410474235,-0.467065820066974,-0.0729681772824779,0.890243310470652,0.872570134781239,1.97528540277618,0.13228505118407,5.03550697338017
0.345014307703514,0.7122357817692,-0.450625913911743,0.011239291571889,0.137024019341555,0.4985315072014,0.240785391427047,-1.2820108858437,1.35915200182178,1.41297151723217,6.52316905352034
1.55854260706735,-0.954364952076473,-0.854940741519601,-0.53359984774554,-1.56165333557285,-0.301707685972723,-0.341676119915991,-0.486980835202977,-0.546434039938373,1.03858464653236,0.0662315310840655
0.818475767594388,-1.31434996414064,-0.561962862814426,-0.0291535500138353,-0.345500809083646,-0.451206893182581,-2.1396986178585,0.702955822868162,-0.466287036432247,-0.712866518042137,-5.36072900614647
-0.842610338037404,1.97728672388091,-0.132465456709241,-0.874494528561681,1.27671430200963,1.4308360752354,-0.455403024016517,-0.216976033589652,-1.7342323371156,-2.7142732020643,-1.3468240516765
-0.252960028257384,0.897918997421513,0.0411672865664579,-0.20825235944301,0.668106519490815,0.473381291194473,0.510631214453395,-1.65025682954047,0.138493017705409,1.88610449343279,4.01999490058557
0.858961411815281,-0.0356094278971386,0.195384667947054,-0.612146012116505,-0.987254988133593,0.089270614337685,-0.368132945374225,0.764588273198963,1.12663417992678,-0.308194481827689,2.78931759832829
0.756009743443516,-0.950602033244395,1.33199985955865,0.399116062299755,0.48667254919187,-0.205223307870204,0.664897000233545,-0.486536969494359,0.966477701610502,0.995710386576146,3.89232000916238
0.820171074594059,-0.595786122246444,-0.611187556031557,-1.50952213612198,0.317012494658578,-0.014959018534457,0.146926201720031,0.24920502209578,-1.11691212509954,-0.936512298403159,-2.80929421134631
-0.610819786184662,0.00649933519765806,-2.10434355036257,-0.73679951397959,1.44453280822582,-1.0678042743628,1.41309776924836,-0.46431893107903,0.131295235132949,0.145855980832252,-1.92440459810764
