"X1","X2","X3","X4","X5","X6","X7","X8","X9","X10","y"
-0.0484384455104085,-0.236631099590648,-1.25462962213694,-0.673178140131704,-0.605450581291644,-0.769015690918312,0.154611944346319,-0.774756254543517,-0.0685901638321237,-0.175425689311121,-4.99418021612521
-0.0922192106025315,0.649362422915202,0.640965764021934,0.710876356206239,0.675125787073197,0.156539093807364,-1.24051633474389,0.0327609635105103,1.49243179593668,0.538637754234484,6.66294763794487
-0.866488813496588,-0.803107907771406,-1.04733906467761,-2.33651815623262,-1.91371288637752,-1.27727458799314,-1.10224361690455,-0.472048763804282,-0.596856319498609,-1.03935354322864,-7.34923682840689
0.576363812484355,-0.331192402209706,-0.50135769085169,-0.501641120472176,-0.0878170225583114,0.0778560726020332,-1.19148658803808,-0.572804947351446,-0.587563981555147,0.895281986023828,-0.431405865814616
0.58334289833887,-0.427910714759069,0.364670717512483,1.21923240904918,0.0722818379133138,1.36664685738413,-0.0448351343830198,0.889034158307984,1.50055803376825,0.0678613023443631,5.03679888894818
-0.287305682256478,0.628476358144633,-0.315974742389625,-0.768503546828249,0.387356129360959,-0.197478597600449,-0.159134770498046,0.681453099360342,-1.37408144082339,0.313086059341559,0.217311440298264
-0.650333955893935,-0.574587259440844,-0.746622601936286,-0.184616023078183,-0.842525389261251,-1.61770428348,-0.316513457154525,-0.946260233370829,-0.655359071325642,0.0673938567218693,-7.21889601036335
0.185232381984181,1.08552849373695,1.4977584404294,1.23308517708618,1.29489912837035,0.536323431476017,0.620421573645781,2.13650755321972,1.28954592294706,1.50685926207155,12.8426686457827
2.64328147607503,2.70479133336277,1.49575997127701,2.6627603864682,1.69781568483631,1.80966335212594,3.02630188115047,1.45879830093878,2.71789848200423,2.44744263734682,23.6149379780499
-0.741023918755204,-0.95760656893087,-1.482180261019,1.03612695529678,0.283661070906229,-0.236436793804381,-0.638392642282544,0.216350781740711,-1.18547980588353,0.89242645131454,-2.79476616278948
-0.240856732893637,0.0764951282018777,-0.411553375257551,0.224738521314307,0.873460548001367,0.538480254347465,-0.629019438797513,-0.829395331993604,-0.0033268435219212,0.134124690413,0.690216173568293
-0.877829432278888,0.794633766102966,-0.818474467770377,-0.153844389850629,0.485724941035963,0.624715462238165,-0.0757728407762355,-0.47291136045582,-1.07473871093268,-1.10207461824695,-0.731653445763841
-2.30250851818665,-2.69061747902493,-2.39326070399434,-1.76004217372786,-0.889006581342354,-1.78046982659631,-2.80249136350655,-1.12043214615042,-1.32580645232966,-0.305761036814994,-18.1623019445292
0.540868518065463,-0.0173027059656125,-0.321031807828992,0.457284097019305,0.0988011739230729,-0.419357338074888,-0.362602917690685,-0.880566764657864,-0.941157758518166,-0.987885515858733,-1.49868171819354
-0.304559160079875,0.948891382103717,1.39579490462507,0.759044484531651,0.384315573628792,0.851175197035868,0.725158840616027,0.585994464206288,0.190558932688833,0.942335823273787,6.42765264913625
0.81318806826354,0.773555181931903,-0.108714137997798,0.615630189614994,0.922077221336761,0.483722083712557,0.754397851274699,0.892094998890818,0.793095824090523,1.03273830142292,9.9720203351136
-1.34095037901488,-0.670737953831637,-0.589103105158069,-0.494332041516048,0.0549687895203704,-0.913880808126454,-0.342907546758929,-1.63318198310307,-0.446304278845348,-1.56515769903866,-5.46326519913152
0.0905393315083442,0.938573035550607,0.407824127951521,-0.467320147518459,-0.67846424610394,-1.13148064159563,0.83140544376393,-0.203887984311633,-0.0245406715073409,0.216365760053449,0.602609047128616
-0.494587020211219,-0.422990762802957,0.0587998989548028,0.17175917933375,-0.690136598167355,0.127249012339032,0.224003686532812,-0.209233186829807,0.874175620306322,-0.942664501088473,0.302090722541017
-0.690853921481426,0.00459069137422197,-1.26514001211116,0.229893734949178,-0.145096731964095,-0.0815739748389068,0.509360877776827,-1.07594456337916,-0.704107289781875,-0.607052199678286,-3.60629170956864
1.72011129604783,0.579697780371908,-0.0595936506429654,0.158370135808112,0.900469074103475,0.947551858110496,0.91274562728088,1.7470541999361,2.23866269270423,0.46640564764971,11.2562181803576
0.980684057975528,1.29209736339982,0.876968185041299,1.59789027638498,0.0858099488361894,0.895885993519309,0.584750268428885,1.28204486955094,1.44099236002898,0.00917341001704275,11.1665657040267
-0.827813493055179,-0.784305596129833,-0.416129998233343,-0.959747564529137,-1.18902191634157,-0.167923169809488,-2.12011004585939,-0.343005992539436,-1.8235729892948,-0.702513051154042,-11.3342416694487
0.348547475937277,-0.29466319910175,-0.72440206932026,-0.413518373681732,0.792275559111748,0.548959708082662,0.714231971522397,-0.431496941523351,-0.145651732548332,0.213723641070837,-0.876831036246612
-0.281914683783636,0.610670104698028,-0.183820937318614,-0.054476905370534,0.262275855110865,1.01593555664666,0.257093946721268,0.928002980936752,0.842294354250793,0.229752019367614,3.65358662287107
-0.637474391833636,0.108848236341565,-1.00283599833588,-1.16347207300514,-0.512436257923263,0.476947266376944,0.312844575513014,-1.36561453451487,-0.723255289586995,0.676897512405392,-3.73499204177784
-0.911193402866041,-1.32153094117983,-0.679347979688806,-0.794701124640901,-0.067221112790395,-0.940480683364663,-0.798790957188525,-0.670061904945295,-0.742839187199119,-0.339574089936411,-8.57527101259236
0.432672251042442,0.670290090752534,-0.779072117735144,1.37026498443115,0.104845433105363,-0.751255935578128,-0.159376806524746,-0.587729653631681,-0.409895708183528,0.634776800508286,0.777624862317369
-0.0559229067554759,-0.473642881888834,-0.997755738890466,-0.197093718509155,-1.17967247675836,-0.875457480975265,-0.816813549317595,-1.30669364179585,-0.32677025519506,-0.38762483217642,-3.76998721638872
-1.90414632830157,-2.25578034835598,-1.09233529612559,-1.09612272036009,-1.80164815458223,-1.76306624444019,-1.97344475228561,-3.05585954727608,-2.7740181059412,-1.56059814263571,-18.2187876838574
1.70857547785634,1.76541216053554,0.172515617221749,0.021000357601518,-1.15776277966741,-0.243714466567182,0.0633347106215997,0.431819043621271,0.825795815590361,-0.455353217898201,2.53000569865243
-0.292917488579444,-1.73962277822433,-0.844141677480812,-0.783559914984895,-0.0703266858759848,-1.33432328370986,-0.484479197172078,-0.427183774728046,-1.34387957343878,-1.05795678784473,-8.86271635656154
-0.0133097469653601,-0.96071396794257,0.327160646257083,-1.16510522850332,0.22408731374706,0.0226770622474526,0.303289844720847,-0.25285579610042,0.8036345900776,-1.21988909099546,-1.49158391829687
1.58295117163869,0.90241623385132,1.29014414121753,2.00369985583982,1.24761689802004,2.51390222191862,2.32703329770501,1.3332115870916,2.87030910789555,0.992553228079382,20.0917413462554
0.0869975234542733,-0.0315874156090229,0.043287713916681,-1.39255884676996,-1.8629070793267,-1.19084889510336,0.0280399320287842,0.325641926392872,0.616883124264591,-0.459026979262576,-2.75475020103216
-1.61725410224892,-0.785823249217917,-2.0477343033834,-1.61071410306974,-0.559960079711137,-1.79538642324646,-0.652925508470695,-0.710947593277944,-1.84533577231258,-0.77402836047925,-8.83262677289413
-0.451509175481452,0.158926296951814,-0.0127434397670564,-0.3454338117931,-0.195827592203886,0.543827579569987,-1.32116375297189,0.734185750494373,0.43927385752551,-0.688448448685841,-0.159349224679168
-1.50110653962221,0.489606241964199,-1.32116969605193,-0.328265450568667,-1.00216637057412,-0.389999150489733,-1.13345564963042,-0.316594265179199,-0.502231544149362,-0.85543063275682,-4.72321952132145
0.454143811807718,1.10265303154149,1.95958299875231,0.804071061831933,-0.425602168092606,1.85439240615313,1.12731150155184,1.53792142049249,0.399763422636499,0.140033461854326,8.19963097843715
0.378532239820259,-0.29669656100385,-0.141333160284838,0.671279674705561,1.24492370791787,0.124093590598407,0.115007097559938,0.125803973577744,-0.0984628242420644,0.0109003350325997,3.50987926119006
-0.685014653962668,-0.713293417652513,0.0508971042518389,-0.787360556951003,-0.942309161670153,-0.757182792310927,-1.68683221702398,0.58074702330604,-0.774906197623603,-0.552892344686589,-4.81136867471368
0.185232381984181,0.54253897582567,0.818450431373293,0.22903354737342,1.05140118061892,-0.153830140479618,1.08597049138185,0.996820723281731,0.560105888781847,0.145934386564205,5.13310630541543
-0.780159701034929,-0.101745237276482,-0.296523858540311,-0.754385793166649,-1.32317314926427,-0.191818091994586,-1.12910353459526,0.33752590175146,-0.605833161867599,-0.471969228100465,-2.93538923080999
1.69828459983039,1.78680117562631,0.521007082413217,1.71385223286818,2.30234898024243,1.008279035769,0.487830175092598,1.31907129328421,1.27257478363009,0.415509221661958,15.21308055051
-1.34197325651719,-0.939785156363478,-0.843824662846173,-0.886755170080946,-0.134029393592795,-0.194259681192411,-1.62022432993029,-0.358311144979345,-1.57189864333213,-0.485277974761001,-6.57324716788166
0.368133516089662,-0.539783670209633,0.00114071230576369,-0.0409340783808149,-0.607335123626278,-1.16819929736218,-0.589340427317354,-1.86190049369347,0.58889467733577,-1.05046310303939,-4.44791963972239
0.74792674035146,1.41284580412382,1.68433247975677,0.768535362272816,1.2817964327773,1.36522179397305,1.72345626173379,0.882082181941351,2.11701289226369,0.35958326188449,14.428730170682
-0.911193402866041,-0.104770262095345,-1.3633031936278,-0.847523151881457,-1.22107788287201,-1.469873651582,-0.268340998328753,-0.749105481018724,-1.92858586829993,-0.690347453724462,-8.5528443653652
0.898609010345003,1.27061827541686,-0.0890265399628682,-0.209985466807305,-0.03330955746844,0.571416985280832,0.195763984028139,0.393045034542515,0.388608430534407,-0.582410150548959,3.1966443695958
0.0319729567156806,0.814263738421694,-0.456146957320514,0.0928405973905139,0.309050361500185,0.343044304951812,-0.56043185792022,0.0905330490114214,-0.274780456355058,0.0766075682792956,2.30107436879758
-0.363726524153963,-1.11829732854922,-0.783213627329213,-2.57740903496615,-2.21222216369736,-1.18728537320983,-1.15251430453701,-0.757148988286954,-0.132526488653073,-1.11148108123245,-9.1242129632128
0.572738027111575,1.27098405993167,2.093861117866,0.64276652029485,1.69309998469266,0.0459298047781304,1.86783889496044,0.744494362905048,0.407761390599053,2.34858349905914,10.8779675114701
-0.208692847816404,1.28907552001513,1.76948313793645,0.42080746350075,1.44911765794537,0.324542759694058,0.84277253685922,0.100600497424314,-0.504399135666775,0.173065399313409,6.22395638264837
-0.0333867183303639,-1.39179178205296,-1.09880158849223,-1.05812739754134,-1.56169540488367,-1.29365822741354,-0.460167769589471,-1.68210904323001,-0.660541222321037,-1.44335829934915,-11.0925070544812
-0.570154974795106,-0.944817582206558,-1.68400143292323,-0.770361835226046,0.594336525360628,-0.333912165552961,-0.311878404897812,0.232604875935548,-0.809312538430763,-0.132651047546177,-4.2054493116044
-0.948718040534055,0.688607707103313,-0.694834211475654,0.366821396059575,1.15773264654855,0.275292825482067,0.531684220612138,-0.932283067492759,0.166984004565477,-0.505221187280297,2.23969991820458
-1.47383580655863,-1.49678747298033,-1.32208189057872,-1.00195817635699,-0.136845429995388,-1.09914273064151,-0.841804974767073,-0.802801217353043,-0.0588522059027641,-1.26129579137303,-7.00668394245614
-1.44210492224,-1.60978315031366,-0.679133025303194,-1.88996701466334,0.0352505947513069,-1.04479894688257,-0.577775559278442,-1.01094667015668,-0.910898725563159,-1.20926005594981,-9.16941757408386
0.582444774616918,0.52519064546531,0.291354406496073,1.53973224223243,-1.33213834661882,-0.256691138043064,1.84527972776179,-0.234335179278193,0.051809255321362,-0.347528840417749,5.49481085444105
-0.663643473698469,-0.442773434022539,-0.634579690064977,0.412677684122366,-0.793318971707257,0.00718538297629978,0.591755824381133,0.189113937822765,0.722780833345483,0.330249765665808,0.902919758792479
0.129012403794375,-0.620097924836756,-0.113478268782318,-0.388500951747552,0.69997409939989,-0.418178302089619,-0.243352321073947,0.0163270540433931,0.364438295965573,0.695483575726944,-0.0980870816766999
1.16347702263319,0.221837682918799,1.18664154710623,1.2251657076319,0.0354725476606343,-0.207051433941604,1.50213062012556,1.93028617584531,0.77897838532814,0.196146311765696,9.68387223162539
0.480593718620492,-0.273582597088992,-0.401647888398037,-1.32717467367007,-0.428441964594687,-0.61591457030896,-0.6048825186611,0.384317047456835,0.263411052871445,-1.09037532203836,-2.67081334026634
0.576363812484355,0.887175106677927,-1.18866418282501,-1.03603627214165,-0.897424372642155,-0.325109842279432,0.136066212061933,-0.0712382560054218,0.828472411298872,-0.654348473193005,-0.277784377762336
-0.363726524153963,0.491958020667801,-0.187269777883311,0.0805979748275737,-0.301475979681103,1.18473816404256,-0.249886716579213,-1.03277551126946,0.17867156585396,-0.565452782853191,2.36000595646284
0.203861188830602,0.219667659491701,0.223676771737706,2.11400888734457,0.650176138303442,1.05995864665551,0.855722562061969,0.37699777318741,0.0268413073584706,0.870747483149998,7.62234061249639
0.0465520237852003,0.443551362550424,-0.691388056814767,0.241586836022707,0.941981919098541,-0.112944088445371,0.869567762865436,1.36132369722219,1.29814532199587,0.463635218595919,6.69504026564685
1.55435551870701,1.2473924862001,0.508922066085777,1.69893766801526,2.05915631998949,0.33067095269532,0.105276091480764,0.81699585242521,1.45981095062761,1.23129659526917,11.3698958522039
1.1966191590406,0.911089709689725,0.72290148395288,0.306376637575425,-0.376843397931483,1.06249515166427,0.953783040543738,1.27429264304021,0.824440097862815,0.648898562025863,6.44268384965558
-0.877627550197261,-0.319425003169718,0.8371641968825,-0.633009808811446,0.0221087196423866,0.0779576813078577,0.625002394534089,-0.476822755470608,0.170486489670028,-0.0924807354250218,1.26868925371307
0.42118587401225,-0.0340768083459543,0.463225919729291,1.09540510434468,0.483896534345077,0.608909399380972,0.508839238362475,0.23147379694744,0.396811246603309,1.40298219846554,6.37160892942205
0.724623258692998,1.0655654885572,0.834147874252826,0.00317034517640147,0.288990674410278,0.401473923004841,0.0769522284481255,0.655913061496881,0.184392934601077,0.0200851009602209,5.22753820969491
-0.639220875089418,-1.02638267993561,0.24607369259276,0.418786364943856,-0.633457268675392,0.387071289796878,0.917347395002738,0.0640038552546064,-0.767923824001243,1.28891365419788,-0.771607726240974
1.14943931994889,0.528439695557344,0.771034372195466,0.572222615880097,1.15830048905821,-0.473729049926139,0.169736454846938,-0.466392516221978,0.776454177417758,0.343595708850714,4.45742049478246
0.597699107580038,1.46403215979019,2.08469842471345,0.764389794871397,2.20156068253929,1.76801942896694,-0.274144548451518,2.2963166555111,1.85301477852843,1.74311391619271,16.7493484573636
-1.67667303345685,-0.81256112374865,-1.88276400397319,-1.77164755271401,-0.0859754243312489,-1.1009113168245,-0.732444483063799,-2.22044937902338,-1.48218768078883,-1.22647063091373,-11.667252530003
0.461999401937866,1.08586189217748,0.856605675654141,1.16455879554103,0.798813160852855,-0.550514699679274,0.570543575348496,0.516193003883135,0.163256518092396,1.87198006661429,7.81395494075807
-0.65839674616001,0.200862619326417,-1.34890629298859,-1.3262856525715,-1.01413949219412,-0.191435827508302,-1.48219837304541,-1.33508813948652,-0.744329634777032,-1.56017579931139,-7.12664886492405
0.0809700089294986,1.78052404743502,0.0291049535259391,-0.32666163994242,-0.593533168267355,-0.333937435175834,1.04088422120304,0.740277665250372,-0.709510653779385,0.473980347935968,4.42440013458625
-0.446114369292655,-0.548764711477743,-1.24658899418746,-2.04829148542627,-0.898937690873737,-0.955369556749839,-0.00350937771164339,-0.856117281791013,-1.69111414269114,-0.870564789979032,-6.34960852338727
0.599640892847649,1.54419137204015,0.438455220841681,-0.209095210616494,1.12114948577656,1.6201816865391,0.287589033734903,0.49267617612364,1.24904495399405,0.173474702712352,10.5264043164151
-1.61725410224892,-1.70720384186442,1.12708009495161,-2.12251619881278,-0.972010537760098,0.141531241667281,-1.83913938957692,-1.98601123374471,-0.459305443743556,-1.03737445760928,-7.21607244224817
-2.30250851818665,-0.173216629957474,-0.364426251601342,-2.85469226207501,-0.610970469950378,-1.50540767520225,-1.93213696902293,-0.482020454707536,-0.618265102900885,-1.91391025218227,-10.9022732880885
1.42243104326624,0.171441275081015,0.307876403551711,0.877061966719228,0.347429654753283,1.83837463771592,1.03661191029588,1.25293631983289,1.07982178010953,0.483776286457872,10.997680568375
1.47959682357482,0.538014854473731,1.64213642960144,1.06032036515581,0.727937496887118,1.15968380208839,1.55913411696868,1.31297424704186,1.51461801000617,0.618778893222263,11.8729903322931
0.207123019425345,0.781581271179378,1.0756770196383,0.137648568490579,2.23040469963981,0.40119600373904,1.40507585027584,1.76390359752453,0.297133187147864,1.05541937625265,8.89684950725655
0.0499002593816635,1.82965461891277,0.467427825084207,0.703389499711237,0.511067244225425,-0.0617061078356262,-0.133333318985233,0.352022861228203,-0.278873358586518,0.145597871529535,2.24065235014574
1.47959682357482,0.788847532088756,1.74014826530819,0.632916904129255,-0.00691436384171673,0.581425928693973,0.494533624015907,0.973182425084187,0.890452973746684,0.454097742413739,8.30351574390684
0.447990793791799,0.624963559674375,0.433108810073537,-0.216926152772044,-0.234797369203822,-0.715290134073565,0.418447904423745,-0.154891310171458,-0.645963874925845,0.222334734191597,1.79371787176297
0.454143811807718,1.48683389269457,0.658208175783939,0.400488033776176,0.726577877438096,1.1344964308884,0.97858365577922,0.404823333769225,-0.0860330895379429,0.357685476324403,8.2006572955195
-0.512295230907435,-0.662680540043348,-0.984339148865343,-0.755599499214235,-1.56406515939042,-0.0810398662931897,-0.661448551908389,-0.419222929530814,-0.824883680273391,-0.64557135910067,-7.31632003149648
-2.03467483400074,-1.94904932974999,-0.898536830387987,-0.0627847920933866,-1.89031651232432,-2.11233140001731,-0.864819867101649,-2.08448383548621,-1.87295131259278,-1.19728076439371,-12.1187820843957
-0.65839674616001,-0.154343922008172,0.478329368111352,-0.854091244428116,-1.58163748519761,-0.422048668838731,-0.423486088848932,0.225418700094702,0.154931075609738,-0.398658942671279,-3.17397203454115
-0.494587020211219,-0.839315823117435,-0.452057857657849,0.122913606271992,-1.62220127376682,0.400648597534152,-0.168269866148304,-0.482477193633163,-0.640204657464386,-1.1383701073427,-6.79401293672657
0.597699107580038,0.0475653890041981,-0.588407937666094,-0.088922463314162,-0.179962152760225,0.475291822402192,1.34723457246467,0.194885407720657,0.926646771239561,0.457086495527219,4.59636828566859
0.973558618498657,1.59587173339952,1.38006266369369,0.719309798881589,1.46404113201476,1.25141634728946,0.598523696405099,1.03875857432737,1.25254505934443,0.94489568854573,14.5786298987538
1.99474164014866,1.34096387574446,1.83697226345011,1.29648279138653,1.14678575386065,0.426350934408987,0.584122317199088,0.908456486829077,1.72542604559184,0.486901955425287,13.5545227958223
-0.685014653962668,-0.464680189999186,-0.484443377832941,-1.63425123348288,-0.436462142564861,0.105712645418811,0.662369411388137,0.261447134346778,-0.167006780327844,-0.235219178744592,-0.154264126276525
-0.485987695216344,-0.928836341841666,-0.0955666046459265,-0.100303510530386,-0.150772031326713,-0.034690671760707,-1.1377035270436,-0.282552028220952,0.0971726068335297,-1.40604392118739,-3.84650387979056
0.200549131291954,0.0806911917538634,-0.711185861829448,-1.65758574622589,-0.194211516877739,-0.176031701902241,-0.287828363814582,-1.08336430308121,-0.730667468992589,-0.474003816452425,-5.15734491582557
1.24054819512924,1.06131634421369,1.90657547685457,0.10490496022096,2.29202503247277,-0.0281699900075819,0.739633904087685,0.265342603984156,2.79742369061016,0.858424808618275,11.9663156703699
1.55052420589198,0.539748553861522,0.776411459578905,1.16522048345537,-0.10810808856391,0.665382453303132,0.468222436369,-0.0349385960190509,0.381918130618829,1.15812158439726,7.22484617854516
-1.13643362953791,-1.20664409153414,-1.80150941613117,0.306792494553904,-1.02663336519921,-1.37042730024685,0.0813241589539065,-1.9693677846306,-1.41090794158215,-0.916857126380138,-11.6989172375814
1.08904540742242,0.29130179427556,0.732624805823681,1.11674452596903,1.04726285458087,1.72537597580899,0.136969107481004,0.532982942254572,-0.153099565126164,1.19558632122568,7.05758313090728
0.980684057975528,0.817908227102542,1.03222846205571,1.74750082453159,1.0891290290793,1.16957010981104,1.03195446716248,1.51222357430679,1.24236499722399,1.56139504120304,12.3894624142615
0.0869975234542733,0.826831319935581,0.427849385688772,1.87042773854491,0.728871793470817,-0.33392297551634,-0.713073065697966,0.108891450355423,-0.305388150344303,0.797707937369903,2.6812220604746
-0.0650537218599434,-0.166726747440107,-1.77321505454514,-0.246562637061647,0.479786868764396,-0.114040241819153,0.166088060097767,0.0774306664651421,-0.899525750677596,0.869191338115274,-1.73509587152872
-0.278637727072311,0.616299924058269,-0.148634347603967,-0.294027165597558,-0.46388232309005,-0.245734461204509,0.386997605319842,-0.231496628283213,0.398595108332054,-0.521052914037358,0.248301794580775
-0.0922192106025315,-0.231504991401141,0.134410281165704,-0.880836743095129,-0.36319362666742,-1.10110264580262,-1.02779278901,-0.613287717997362,0.811343141277301,-0.466710214906018,-3.54868395169491
-0.881323997147523,-1.19367589804361,-1.09923540476398,0.107106072550266,0.171502437554553,-1.07228677865174,-0.683524962776338,-1.23444722795573,-1.5302323140415,-1.87755398719239,-9.84257904030159
0.541269167661166,0.127933362899131,1.58553298846662,0.979076210466296,0.874578427444387,0.961648280539476,2.75019738496071,1.58189639225193,0.763424665035586,0.507206391177999,12.0627346927231
-0.116545734477407,-0.415503662526382,-0.235152930327638,-0.959481944883041,-1.00295014516069,0.517883629046138,0.10001379538649,-0.0083134620384305,0.26111132300434,-0.619731861948488,-1.0549922182356
-0.00199300360146099,1.05790234417677,0.0220083787202157,-0.0402941879285928,-0.224112193599825,0.762029352844386,1.39559664380097,1.63345642852003,0.744301284852248,0.324871296153466,7.51257162703434
-0.512295230907435,-0.292507009349879,0.495193681197869,-0.328814414744027,0.0425781730254343,-1.21268934883388,-0.773121215020522,-0.439542164675248,-0.693296191850065,-0.145184903034777,-1.49164459884794
-0.429676893579049,-1.44128181708175,0.284926333820353,-0.415122926809662,-0.0896527120328264,-0.312643581376857,-1.10402018279772,-0.559604615045378,-0.687561738564292,0.198644125027661,-1.4133067872075
1.2133225742823,-0.0231256383204724,0.0681091708913804,0.818748653585187,0.0792784087125948,1.27879706826986,1.40839829096044,-0.335834834178562,1.03217705763184,0.867303696157091,7.0706387003396
0.898609010345003,1.41089144759696,1.07876798221057,2.46670772263826,0.230118371421769,1.91472936103092,1.35644261358378,1.22417583224667,2.03869411169931,2.24564239884848,16.8847730055935
-1.90414632830157,-3.33964158777123,-0.630687415247555,-1.69263749691085,-1.66133599016853,-1.57663341968277,-2.20993808223629,-1.82649966398295,-2.52195899944086,-2.49153865907244,-17.5390484623669
-0.292917488579444,-0.233774338354156,-0.152082505652931,0.859648868813538,-1.52216984505127,-0.949312703056345,-0.536226536709009,-0.836849433933679,-1.20301529142859,-0.204001867765613,-3.3162881561815
-0.442373687947607,-0.468529703078235,-0.436226201986308,-0.079684082301527,0.483861964291281,-0.442324359809167,-0.687594305288897,0.656988461160061,-0.976368900615593,0.0509081693630303,-1.97408153491834
-1.37751313702072,-0.614538389603105,-1.32708394156915,-0.529760235463367,0.0963239460910996,-0.713342273504551,-1.25146608054445,-0.858566940142798,-0.893978385868597,-1.23936936156146,-8.3740119898196
-0.553613342081592,0.243994279142362,-0.04122904191589,-0.0181112652566604,-0.981451197703823,-0.543781052166913,0.437250458603569,-0.655142011787027,0.0171744573616013,1.32277360920274,0.16649121499452
-0.717849864933305,0.903007067785719,0.378890811405527,-0.471306969054812,0.593062255735007,0.206709921471348,1.03366531927361,1.543465638389,-0.0864623629021794,0.294719426155632,3.84078145404253
0.421716135476337,0.617337193378017,-0.416695625249487,-1.31182292661277,0.0123260062363575,-0.923126147709587,-0.115331812476741,-0.183988024499711,0.376814949021935,0.540647694686457,-0.759584082480291
0.615503022596547,-0.0327058365480447,1.28325093743084,-0.858940631578037,0.181839501696456,1.06191089273729,-0.764463652777211,-1.45148940041745,-0.449929637960713,-0.179315472506543,0.116700099228061
-0.8304014078931,-0.473301427390008,-1.0664555183111,-1.06967342738145,0.593919602309676,-0.183517560895229,1.07277335041302,0.776861889624549,-0.924983895903708,-0.619490914813087,-1.46597917005053
-0.275655452374021,-0.308916567544577,0.257404194262546,0.00971642181667572,0.977357019429925,-0.371409660856387,-0.472150266771501,-0.574510524538927,-0.50480719013301,-0.590133384908734,-2.07374129799217
-1.38458704535716,-1.12791410395341,-0.299437823072416,-0.609125102399616,-0.724806168307153,-0.441730787327668,-0.306654600728184,0.26590826033925,-0.0748724835093677,0.88966899147376,-3.07917155370337
-0.556788491160641,-1.03986352392582,-0.644724714725342,-0.0843531312792871,-0.786796418908725,-1.08415986555325,-0.763416450819846,-2.01037300001375,0.356936530861975,-0.978783042302579,-7.62111449951275
1.13234429850058,0.586448972715384,0.743286084683483,-0.101363275623744,0.155332212470832,0.613432949941099,-0.243322850243827,0.726937348193829,0.297598527762275,-0.0824798943667849,4.40841971877882
-0.507359105867693,0.220731498371236,-0.185041829458744,-0.615305551660691,0.111757242352507,-0.400375365373337,-0.106277604349798,-1.00684382376768,-1.49993857404754,0.581204999018974,-2.10008325349281
2.56536510292576,0.708696645996854,2.66886190467254,2.19240667092995,1.85678691648207,2.14918362892284,3.10657097583841,3.71220742524517,1.63652267714783,0.431475422408017,21.562862383345
0.461999401937866,0.620679960121708,1.57372391637454,1.2074971803141,-0.260879453722152,1.5693945430014,1.38907889029695,1.65344426810595,0.74240883072708,0.54275599289966,10.4469453696511
2.00019810792491,3.15059963994036,1.2545812780065,1.71369709950487,2.28974951611874,0.222513655828724,1.57745074299321,1.94829159827526,1.04779847293066,2.23197094782596,19.8420698157746
0.348547475937277,0.441492736995672,1.29349875991161,1.52661812025217,0.325824555734462,0.649449803551271,0.477914017913594,0.166643230957316,0.523180668059058,-0.159708246218042,6.57465576597665
1.13080777246599,0.0738083497019689,0.833353980386863,0.782672194074517,-0.3252983508622,0.220250342517834,-0.584331824880877,-0.240772352571402,0.930917799175446,0.638586037691196,4.36052774084125
-0.911193402866041,0.645131619589113,-0.156158577452594,-0.503721808108763,-0.110271990500242,0.130830397574261,0.641705039103375,-0.820139312821693,-0.956976815391916,0.181313396725157,1.94986418852801
0.629845059325836,0.378681419157378,0.211206241866758,1.44388534018351,0.75630232280538,1.55928901699844,0.410604813910763,1.84750418479102,0.674366998476684,0.937799956231699,9.37931091087718
-0.292917488579444,-0.15728325027939,0.836674429380669,-1.04847613325308,0.339356886584995,0.655728421528075,-1.19910863306543,0.205469166956438,-0.463453199487421,-0.734965648176124,0.440647053736146
1.11009189283119,1.04926377535582,0.825191281916307,0.673619010624507,0.811294699168632,-0.500653708721233,0.319817308307538,1.16821401388982,0.652037214226671,0.0660205954480032,5.88881865196645
0.0363016140054015,0.188713542901339,0.557591019133794,-0.137440127919309,-0.906617877662926,-1.57572305136646,-0.170757204196795,-0.584165885195355,-0.00102097788272207,-0.162753185634115,0.561413557651169
-0.788751090621211,0.0136023811074065,0.413952731181888,0.253126438814055,-1.49640650697247,-0.833975580402427,-0.273827984277947,-0.562485779514602,0.072330701379272,-0.571605874625893,-1.09658393801353
0.343555028631576,0.852697144128474,1.51358857422576,1.05450868417563,0.438619088532735,-0.732038146159626,0.170637883992436,0.461412103377734,1.70448662203798,0.629359458118039,7.79547243190032
-0.485987695216344,0.422975712902079,-0.560415589457585,0.280507534524265,-0.194822544963297,0.122958747263535,-0.838502512107214,0.886907851832015,-0.492874418863382,0.747094108052733,1.21055152420064
1.89431503551425,0.395680349343158,0.856671932530744,0.918676297400446,0.648700669444337,0.566879349820429,-0.0326049101445358,0.0425575751924935,0.657377947138618,0.438743782134794,8.36661786388734
0.593859277108291,0.570429417496264,0.357616662207197,-1.42333576679089,1.16267636058889,0.527337209967871,-0.0886916205497885,0.325542192058512,0.886433697944843,0.735507851222909,3.70884513250646
-0.716685202622192,1.50968999119901,-0.530700299527047,0.647774936634303,0.179996399680485,0.470309609346195,-0.722536867659129,0.960621640439911,0.273694646665481,-0.193086233592365,3.45324424256801
-0.363726524153963,-0.272049224112721,-0.792263454251272,-0.0707201264604639,-0.758108204156986,1.49334337812132,-0.166678109590158,0.254394669379946,-0.973266265837011,-1.74535926751693,-1.61714369487286
0.732586100769191,1.18586584000699,0.918108896590216,1.3827357854333,-0.18520601829777,0.48151348000627,1.12280680248287,0.370684938720656,0.416389169265338,-0.546209909085029,6.21135180383395
0.795640343720189,-0.479715764742581,0.0689735306697333,1.52059782036694,0.636379047290743,-0.45275268319017,-0.575240809847281,0.687529104580547,0.653328092098628,-0.649617997909186,4.29404734687845
1.11009189283119,0.218186643365018,-0.0132343261626343,0.129126673310232,0.387722927735251,-0.664483791763481,0.356265532922838,-0.53273878322674,0.356255597403834,-1.33568924201608,0.461295513874589
2.0404916831932,1.16970749026364,0.541155291328484,0.25819570706333,1.27051015597516,2.00158624034277,0.707833712548424,1.53189929416731,1.4475372489506,1.24133045010156,12.9803400356434
-1.38627760918064,-1.19551964088739,-0.921887251371232,-1.14753268088817,-0.211356409867029,-0.165344115513685,-1.6179629304736,-2.68088544899278,-1.23535391247913,-1.49178949687391,-10.8471791839303
0.531284861224214,1.11588785082332,0.691517154879514,0.607790661055652,-0.445521362091084,1.33871888015542,0.68359715179975,0.372904750854187,0.141572070963655,0.123931065686705,8.05340155136459
-1.54703671524484,-0.395231844253173,-1.47774150281691,-1.70945656209567,-1.88997738350878,-2.05922518688803,-2.33792931722213,-1.30561972790093,-0.701833814527089,-1.76412308944558,-14.8022554265768
0.572738027111575,0.390864624086124,-0.0920759791031509,0.878584885265771,1.29909795233298,1.13717428314527,1.29733571968714,-0.637776968621064,0.547951497412807,1.02250375358787,7.61261883495921
-0.882025456330171,-1.96346754038696,-2.14630490048758,-0.976893462550988,-1.43090282736747,-0.829825346504874,-1.14778661046425,-0.91703661344717,-0.600283960547238,-3.45260483709046,-13.128113782071
1.20972545480899,0.0401597429347331,1.07223632605976,0.933759547712397,0.137504037851681,0.366062449437885,1.10143013716821,0.402303481746133,-0.0183645309238308,0.28981984507052,5.18496715066915
-0.546594022158054,0.226192733231879,-0.826010365467225,0.524693516635948,1.59712549669151,0.278363206399821,0.538083246425031,1.58769201087249,0.102894422017206,1.19110933949926,5.37034395660644
0.132917113858293,0.813379443705905,0.0563619788067995,0.17645844585877,-0.179793708058166,1.04024875598452,-0.482321632719472,0.113127813982766,-0.212764333461184,0.383892911777076,4.80400284043367
1.13234429850058,0.230765784825541,0.201746812359998,0.370366981520779,0.307248989508515,0.215732930135119,0.739533953856528,0.771824709674376,0.0563110555745464,1.48735841978285,5.95832628520741
0.107779663732334,-0.00403489034129495,0.0126474616963105,0.672696027380172,-0.0771022130384258,0.112726081565398,-0.593175947330884,-0.32151102096031,0.0446579590624266,-2.02554799036113,-1.60589481574506
-0.974070236861823,-1.20464417752045,-0.104235036221314,-0.469885708686799,-0.715951767561227,-0.674929755619574,-1.73026386749142,-1.30057558871636,-1.5294064947896,-1.50062397752096,-9.90217606546896
0.250108620746947,0.633604447025594,0.0310204593873465,0.136576977061462,1.14981434085529,0.451217969872878,1.68440051741201,0.652029115565946,1.19251860260207,1.07056281485744,6.96947542960354
0.270222328479627,0.0162920193354306,0.206109920517114,0.0133757968351918,0.692835715047746,0.209624190392952,0.239697673569002,-0.0173264704455051,0.504923079765687,0.818432697034678,3.80669043585175
0.323959525911505,-0.860729724302343,-0.489835225519163,-0.746300328666879,-0.872885290360102,-1.10269537721836,-0.471514158077324,-0.785700236070053,0.48663087631615,-0.904052528417805,-4.91581682981628
1.59994140029457,2.08408508592697,1.81720506445298,1.07214764976522,1.24537306148154,1.24423597883022,0.518497881945287,1.36094270628011,1.25356308622436,1.81358242164051,14.0762235444716
-1.50110653962221,0.354347714000683,0.711025464986717,-1.4635349879222,0.145050481796962,0.656332886953607,0.76448162901714,-0.155464649230146,-0.356252903069427,0.0661860698665997,1.15403413069378
-1.13643362953791,-0.345830398699495,-0.904049907566503,-0.762160213279895,-1.3739484137575,-1.19616725476467,-2.28254547126384,-1.72507631295046,-1.1820377647525,-2.67099207969568,-11.5797417328228
1.03949704168025,1.16644093658574,0.420261629994533,0.514095508598057,0.592097741514305,-0.541966143083591,2.42995187515526,0.317363420786332,0.209249581225131,-0.323471728392733,6.84890668960025
0.543482341133857,-2.00844447054564,0.286627982164033,-0.366511902883996,-1.08114294374974,-1.71399882959154,-0.221245273853409,-1.17807398721988,-0.4662105511028,-1.55334359342727,-7.50389376500334
0.349507018015761,-0.139098641953205,0.692601905561368,1.17227377510169,-0.537937304140438,0.582031476148859,0.243001825482502,1.35225626438474,0.819143151665064,-0.304685963945958,5.21959565625927
0.767197105129961,-0.983942638851154,-0.477597850644885,-0.835746327497748,0.761502341496563,-0.887875722093506,-0.0895237461443798,0.0289917884800219,0.301521506856792,-0.473702053001113,-2.83452696421578
0.898609010345003,1.07293349171606,0.249830466081605,2.02235822997332,0.689742338138302,0.609651077874229,0.978981144498368,1.16507920728664,0.254435595358099,2.25832167679239,11.8479873723
0.0535969110548186,-0.622493166692007,-0.0603942562596697,0.0680252605096175,-0.328946755706469,0.822324686092106,-0.119931850284922,-0.422229394304459,0.0240628823306827,-0.60718330861645,0.169417338660422
-0.263050433228376,2.3378379780638,0.788590898307602,0.508083263463649,0.663288004281442,1.00177805831869,1.5074598373911,0.655382429160074,1.74357001781368,0.715462504996629,11.8149436602958
-0.953633641494232,-0.73065667917927,-0.481385056322022,-0.300447959671322,-0.411842846599414,-0.553659180586801,-0.583161800801621,-0.248502689020181,-1.11684303248663,-2.51009025214729,-6.5848329953049
0.461999401937866,0.356205023318735,-0.184884114011104,0.177573225953773,1.03378316022823,1.55946389545239,0.244990663891856,-0.202910636526415,0.858783894440786,1.29771917370819,7.73045954710805
2.40078978550873,1.63782076917284,0.922237795657916,0.819754316409722,0.985660454486166,1.1241578752874,-0.0348208218681463,1.7594721210697,0.366210108565028,-0.303995139473598,11.2553795289577
1.01325882954438,-0.239936924271986,0.895225411502043,1.20491368899965,0.143576500782625,1.76996377644647,0.269055137183356,1.0624594617287,0.897400360762609,0.412088707131826,7.82071126586046
-1.22464880299211,-0.501156889762004,-0.234568984056478,-1.13280151551993,-1.54436088975558,-0.476613504089416,-1.55619882251216,-1.49462333191771,-0.818346406100376,-0.758943751589468,-8.01142063278547
0.969034950605759,-0.387591918529339,0.504066106297453,0.500271094136746,0.592325108401024,0.809258053225182,-0.148389537406864,0.118416230526329,-0.904820757944395,-0.575498751351468,-0.384952482121574
-0.659533709273469,-0.618181138796905,-0.692477951604268,0.154619207619906,0.151455341795457,1.33952792737733,0.0903938217197019,-0.059723344499039,-0.264465487079271,0.746656869460625,1.07531684593841
-1.90414632830157,1.64132211261832,-0.945328563637927,-0.628950832795987,-0.700884589604479,-0.252965975825671,-1.23219974569473,-0.0240593099520654,0.150337666364144,-0.200194699182707,-0.608609789218702
2.88011031719194,1.4051491600463,2.1434894103332,2.42112518045082,0.756528206413583,1.23608810352456,1.77087881448213,1.36819121688938,2.09650275757807,1.65301921451237,20.7664344366118
0.762458975905998,0.699289692027249,1.74182583795261,0.811457154957971,1.42141695717571,-0.131293171163931,-1.44023557302732,0.782291974709086,0.742692836665021,0.59325271453266,5.45448624864361
0.895207466458524,-0.416344487212835,-0.783849300687239,1.22410393117253,0.37509071102015,-0.448439773906171,0.195101232197486,1.46953071121918,1.01131343941131,0.191590119232662,3.61631258809202
1.60628745779298,0.929984775561945,1.98406053977685,1.31942640669884,-0.140743432649612,1.14852294470865,1.34291132538454,0.661256292641522,0.993152913429055,0.803672088898106,11.4719148580037
-0.208692847816404,-0.464710575036637,0.0481998154385867,-0.313538242366403,0.98230738125984,-0.0787168109795474,0.546337164824556,-0.403161413087165,0.128388227191625,-0.286891326669886,1.45655442011738
0.012145495650613,1.09110526192638,0.668130058386985,0.673738495123678,0.351323054379072,1.61900241521646,-1.53519934275099,0.979281067219333,1.18492242855645,-0.481083421028095,7.06461430181808
-0.442373687947607,-1.3870309430623,-1.58412208366799,-1.86454392013573,-0.785645893059468,-0.259672272145502,0.183827492641408,0.202010322557468,0.0554234844600295,0.383694812339374,-5.59109629538142
-0.877627550197261,-0.906439117488143,-0.528847866149585,0.280209012635958,-1.98735513846085,-1.61255252743636,0.12112842941636,-0.440753984864072,-1.17627997916812,-0.0792598752044901,-6.41999815960629
0.021236775464815,0.0401265256420028,0.127108658678798,0.196791215829088,-0.168048622064844,-0.27173116049293,0.847533405768717,0.467792973483687,-0.305497307336061,-0.137314275411399,2.09739736781185
0.848372142948415,-0.500222210817806,0.359903136906693,0.830831541281602,-1.13595276837709,-0.318832455424341,0.261458147022748,-1.14289185903774,-0.580683022888965,-0.382028949253593,0.301626095113328
2.64328147607503,1.40347204459722,1.77281470667528,1.43104477045919,1.86268218454603,0.621259661458926,1.43216321603132,1.25200323683753,1.43876696141273,1.02155004913997,16.265224871844
-0.806742417929246,-1.46153581067432,-0.156534758231252,-1.41418280949589,-1.22230342287475,-1.28850509250602,-0.517536163855587,-0.470237781612762,-1.52406855191222,-0.547492048020082,-10.329974375628
1.11009189283119,-0.336710433950267,0.52598554994217,1.50707071205949,0.472915116931366,1.54745779308737,1.46344956226257,1.20144963221355,0.717857126697908,0.946762277959067,11.6721545381069
-0.690853921481426,-1.19434197078527,-0.999423832053546,-1.50229747289632,-2.70147891440032,-1.92042597820347,-2.45410251346444,-1.96923818993615,-1.56009101449939,-0.882121377271773,-14.7252289124219
-0.793426770911067,-1.25531551510922,-0.775320103934054,-0.550155472329868,0.138901510834725,-0.0391045994328153,-0.907220340807465,-1.07926731316521,-1.08860767057195,-0.566771118495981,-5.15353380288163
1.11009189283119,0.183536897175326,-0.534364482208041,0.645120762816804,-0.6712160183986,-0.0909615560511231,-0.235648501820526,-0.0854940645828248,-0.967126904804228,-1.309012444973,-1.6891855430432
1.29419855180087,1.64033940429515,1.59759783536854,2.38438377786278,0.879299475137809,2.31582583854081,1.6497618813301,1.46682799684625,2.36237088580569,0.466748907576624,17.07127009405
0.597699107580038,2.30960841952506,1.49568138049192,0.790950195632589,1.11576086117545,1.04184341766303,0.488631177783343,1.16546265814477,0.717880257628702,1.68088452345289,13.0249877097419
-0.891386546292527,-0.288380689677054,-1.71051543591621,0.225244509208142,-0.827083257057923,0.429729836718013,-0.577158721168031,-1.27517412100772,0.127035864942316,-1.06608970904027,-5.11499560857653
0.974025358517334,0.0753221557987062,0.131524603023894,1.07488031755092,0.0369347747875666,2.37092090930462,-0.116724420188337,1.99282583425015,-0.266662993041418,0.671772851312455,8.09361527464585
0.0655820813716215,-0.880782680112863,-0.0499078575022135,-0.7110388632821,-0.120917303467115,-0.205251871498843,0.507592336980271,0.0524101064595146,-0.154336701728392,-1.05410587021609,-2.41260572170839
0.0809700089294986,-0.771976697357481,-1.8744702129309,-0.641311328461463,-0.515677458334285,-1.47415724752809,0.309088567899732,-0.341487995140935,-0.387335949307444,-0.441408305078225,-4.5005808302753
-1.01583394592669,-2.10399963721225,-2.41148265803216,-1.59238345288734,-0.558322457788346,-1.62425741020242,-0.566777748690765,-1.11046424921908,-2.20936150960886,-2.37104215891572,-15.1257111675059
0.701768648645496,0.8376730717923,1.05870246846479,0.979141463507138,-0.593652577784435,0.512863104675798,-0.662221769884081,-0.0384738108027627,0.558753071952719,-0.114681774273787,5.02116854493139
0.597699107580038,-0.776794638103885,-0.0621048405204341,-1.21349434377076,-0.811806230074115,-1.00067137155714,-2.69605857351293,-0.969738542080173,-0.419538686431849,-1.17396296887873,-6.66059686374108
0.0386358415860347,-0.12222034020318,-0.472592844003266,-1.0822204479793,0.0668326031430456,-0.613478962169143,-0.399007965586823,-1.46443698581831,-0.948560928708078,-0.720191108560136,-4.35701331599397
-1.01583394592669,-1.12152797397468,-0.944175343436391,0.423163108107254,0.0568137846757526,0.319230689452971,-0.303829988994752,-0.347573141244383,-0.7854699478762,-1.27492738153367,-7.39320866757083
1.51377822174369,1.57373814663146,0.112644323771481,0.288442602848907,-0.394100140654109,0.824320591502997,-0.1215147372787,1.25705546964619,-0.187848631173798,1.64205708155183,7.5958097028356
0.302361835196736,-0.269384192572799,-0.789099497596169,-0.107798846905602,0.553944703072061,0.103769985064912,-0.408584901554858,-1.04632828802722,-0.786065327479199,0.192176837333294,1.14089069840376
1.74653484626415,2.68936331691839,1.74093013870682,2.4705377738175,2.1859780757717,2.0714574473762,1.91791736036137,2.50400741645882,2.19069367475659,0.452763217139427,20.0358797760109
-1.37575794093534,-1.4738785139021,0.649082015800983,-1.54990868020027,-1.00780512854751,-0.260912385867519,-0.273830933625,-0.149882597507123,-0.531148158516674,-1.12519394352939,-2.63164068717303
0.795640343720189,-0.103248614412009,0.650852893421626,1.08141925295227,0.141002412662114,0.961778449308291,-0.603246606456741,-1.44698399887981,1.43341975145331,-0.56632995189471,6.01033215773244
1.59994140029457,0.406834938790634,0.780330414813234,1.8173043978157,1.21477127976276,1.09684354173501,0.140892164380981,1.55953803482778,1.6255823300943,2.21992039777468,11.1660054762028
-0.759977621567058,-0.77782266120095,-0.91519780758673,1.03257487040516,-0.940191973686065,1.00226406107598,-0.287021501281408,-0.45740931048005,1.01233452851441,-0.14623410528101,-1.6889387400759
0.132917113858293,-0.284746077070816,-1.15421109099953,0.522988198247765,0.477443901066277,-0.391679501889333,1.26164196021241,-0.182486331659563,-0.330900043376518,-0.214859647114017,-0.431957730957165
-0.709725902393283,0.399941009736006,0.0910043358153658,-1.34465756220995,1.7054666351303,0.442310617233962,0.122245689365517,0.750349727335393,0.621426935006549,-0.753699710381913,0.848530054024127
1.82095914812923,1.34355871471551,0.583436512930795,1.74299853728802,2.15122988199938,2.45802451019282,0.0362398145043696,1.52738112518173,1.86087577599565,0.23892582086725,16.5929167900961
0.641759732200353,0.400492260766267,-0.559775255614686,-0.320866466755389,-0.419829736673214,-0.0989636749800976,0.0691445559707397,-0.625776125066869,1.01295054585289,0.455475496628881,2.87699265927691
-0.168188206399131,-1.06461262919501,0.102953482843076,0.260202097174846,-1.22164860742392,-1.34253903148898,-0.386110026241111,-0.0517927838056646,-1.37689496018388,-0.47323118447624,-5.53979529865229
1.41912812647268,0.390380805216351,0.487410615550323,0.106445460151988,-0.594330995396997,0.105768120527063,-0.823767802515505,1.04769001726427,0.728839937538208,-0.282277821041326,3.53453426800571
0.481842899213599,1.49805906311923,0.475177667457122,1.1788635050104,1.69090288389638,-0.135278191054471,1.71554034454585,0.930622914751279,0.346096724176444,1.23017764357617,9.86195716834299
0.305924826508338,-0.232856474113685,-1.02836024208576,-0.681441335432429,-0.610399003803987,-0.672273778776123,-0.842073514758157,-0.24130971795619,-0.351703437556079,0.00741139038325889,-3.42436776917706
0.456739202519788,0.310306552251333,-0.316185302026742,0.104774382754369,1.04103667375189,0.650533925816833,0.883833349207451,0.477431810399253,0.828390072456051,0.0948258397847656,3.28117160767042
-0.399996785002724,-0.855181418914476,0.392572486040344,-0.352621748254266,-0.886955522063864,-0.0520350882057394,-1.10675731572938,-0.520250394849971,0.448672023524981,-0.84546215754434,-4.55532640402571
0.431971622217633,0.0735039321509448,0.586445017767192,1.41880761201405,0.167855246753927,1.581808408301,-0.315867515813592,0.630676985283853,-0.341084973545153,0.288649659153709,7.8184754617423
-0.0948289652864614,0.176358437235172,-0.197942487814017,0.257718081504657,-0.255502868367533,1.31874220494614,-0.264260460499006,-0.39905203269848,-0.851802263881605,-0.185923956804024,0.769105157891331
0.582444774616918,1.73893392609178,0.213818537351438,2.41936291736003,1.70754429189642,0.869452508426092,1.73289712786574,1.10572328615005,1.66050213099059,0.993785562494317,13.9048323632365
-0.153453380243278,-0.206555551235136,-1.6531670404215,0.633504159186206,-0.362036212026353,0.208723557188481,-0.321986611980963,-1.65058942424454,-1.63934037485295,-1.57345542677471,-7.31762820510449
0.638781039280149,0.206266467445176,1.92915003927642,1.29611689205527,0.744853851625922,0.420518043854898,3.48050155524472,1.22609820478012,1.43208643999731,1.71516952504802,14.3961025994324
0.620703884147041,-0.0133096511559151,0.811318732716876,-0.733174140261224,-0.291102588283494,-0.85917829275093,-1.28816242090642,-0.564614188771827,-0.17684883700803,-0.72715993572713,-0.427007248595277
-0.141345062188887,-0.194028758417699,0.580587349027234,1.3367439416672,-1.50560239823922,-0.319467735092773,0.904163923396757,0.258408599082272,0.442997988456063,-0.401906934243323,1.37276469663012
-0.960337362590843,-0.298576881345044,-0.486943129055419,-1.06614467994227,0.336881858005091,0.05110471550508,-1.02381744706028,-0.976198643921646,-0.205336494516307,-1.02491411556982,-3.23746520304971
0.233727617138628,0.306603178673609,0.434398381734738,-0.277234263976683,0.309244136151393,1.22011219400388,-0.757824100353893,0.931694970629153,-0.0532901835312083,-1.02118559193145,0.716412938425753
0.0407884027800448,-0.374931935860927,0.261632750267796,0.279643015759387,1.23510800549383,-0.00485919225092005,0.614961296805521,1.79855611176256,-0.00899380256400134,0.895431534878483,4.62866967837884
-0.816669436274051,-0.487078351936688,-0.0593029054303841,0.187503575102116,-0.119349219039288,-0.687590351853007,0.316993005420103,0.225761405080963,-0.931756552086148,-0.278964581367693,-0.0703163907070561
-0.435657184490442,-1.85602619126651,0.0840315612383088,-0.71117564795608,-1.15684349305436,1.12300343939359,-0.44786450759462,-0.0896105357020138,-0.86856001641267,-0.565787737212829,-5.71466679044756
0.804407542004164,0.671225040023296,-0.0571032532573397,1.00172512677963,1.00837353380226,1.21802511964004,1.05270489613596,0.529826822046099,0.161213047159379,0.00847793064995805,5.72537699034278
0.0869975234542733,0.843258106283796,0.960668149206467,-0.125659428008462,0.825853042960285,1.33043158108685,0.2824877152739,0.620680812307362,0.466338777520831,0.870716883126323,5.82665559406198
0.405652015827704,0.279148553713286,0.587959245025412,0.237723294058105,0.180161296729413,0.435947521556702,-0.705976009331885,0.439610340349494,0.829501476679167,0.080169872713582,2.78493131338241
-0.690853921481426,-1.39622703267656,-1.52171102989978,-1.31521018751612,-2.49455130437331,-1.39517565027375,-0.315805567336779,-1.39059350467531,-0.953743016985166,-1.79689635563496,-12.2880941930682
1.74923720059033,1.64040704198503,0.230024406736422,1.14743545292999,1.73116963681485,2.63847640196078,3.64769631478494,1.94895230713121,1.68092012868046,1.18042328890013,17.8351545019379
-0.00777097594201636,-0.64633507665733,-0.457041415504578,0.606371964890734,-1.4547812293217,0.234120111480508,-0.147181621315289,0.733854918323435,0.879740661156309,0.368470174066506,1.97268709812006
1.12514832854561,1.99712055591725,1.38695805412686,0.615802699050549,1.35262569564812,0.9656803876846,1.13880765246305,0.394785474191049,1.39140808039621,0.546303859532916,12.6574537915469
1.64746647780485,1.96927391624043,0.799176522997352,1.26049643940271,0.826141808576856,1.23978851194999,1.70640301033308,2.8022670803736,1.07593824011027,1.4880745389322,17.6265554134445
2.00019810792491,0.999455576070777,-0.377180435736416,0.368438116876779,0.99957331941282,0.0134924278659214,-1.16657631813268,-0.744769949955933,-0.384221657603723,-0.0141217046677799,3.62169238968621
-0.312556750871802,0.759239906206493,-0.671248175284595,1.45280442924088,1.2375170668052,0.859797192037681,-0.0134494244564314,-1.17035651508133,0.359431623778082,0.253778511210129,3.24248668516392
0.820312897648129,1.20617441180946,0.216877567901014,0.642937690134051,0.408751445008284,0.874514246481468,0.459026429565362,-0.186153387391639,0.289701176516604,-0.0528187243197566,5.964767014636
-1.39499860898866,-0.156327516935014,-0.283997230307758,-0.472233847974092,0.0480101029374672,-0.147581433328415,0.67437581100894,-0.343085173476984,-0.879074379784298,0.301445955420819,0.0234853300699116
-0.130824024427273,-0.559495536664824,-0.62249939542939,0.255202559135273,0.0867046149399068,-0.837309531260279,0.397346245223622,-0.116788985397399,0.775841574761714,-0.434676682180111,-0.198719881290165
0.331727942003329,0.56079782375203,0.986191701023766,-0.354674059300605,1.20418294650699,-0.134586837500881,1.69269900362815,-0.19486465315733,-0.296307076658584,0.183143225859746,4.97293538008764
-1.54703671524484,-1.38997881361033,-1.7720120178702,-1.73901458445027,-0.784536886736273,-1.92049106797353,-0.868335517014339,-0.965209938859714,-1.19942095337109,-1.83631907373462,-15.530086146923
1.69398159012232,-0.537397038430143,1.16930967719115,1.31471441847495,0.882919979146901,0.457734553290612,-0.160991135266,0.500002411666404,0.430242804076158,-0.392959485654905,4.59484856704858
-0.266555397281276,-0.639391900014866,0.251054994024382,0.167074364912994,0.247527137623156,1.41286488069657,-1.01149916556104,1.00262270319619,0.694160883152372,-0.583383585605891,1.63217205063308
-0.0399526259046383,0.692285032470554,0.711079677495019,0.129508636928937,1.70236599198193,0.381306409620597,1.41224054752727,1.0889051733266,1.03910630662281,-0.276328420340662,7.96854497291477
0.0171120949714215,-1.16455039827681,-0.839595754733766,-1.41602357931243,-1.1619259007016,-0.856070946838745,-1.14690103112924,-1.39980458874635,-0.948101763970596,-0.793902893223584,-8.37006393994705
1.20972545480899,1.74588664298804,1.20413715971229,1.37876108988384,1.26767353631983,1.69903504665209,2.30250274653011,1.07650995126112,2.49734403325013,1.00446929517939,18.2006630660003
-0.657738225044908,0.652131080623821,-0.617139355579625,0.151945100332936,-0.132931904494445,-0.13426576777887,0.85469104679388,0.326954920409334,-1.28577769544711,-0.512742681598582,-0.822450746288861
-0.570154974795106,1.0180215665677,0.373809725390997,0.144101923361194,0.615788259845736,1.33341621072241,0.0206061734660017,0.654787418799097,0.756407200434013,0.312671228292983,5.55750870381834
-1.37575794093534,-0.411264707283294,-0.241354584764228,-0.625639384033527,-0.000232425634955402,-0.308109428640268,-0.715426009972977,-0.666240938565513,-0.730774253754336,0.0767830175126167,-2.53890235667294
0.292493298425933,1.47054910409902,0.73722613529758,0.165503948570295,-0.273877698046255,-0.506365554263022,0.600525632478942,-0.406703739039163,0.993513622684588,0.893498192495241,4.85670727284907
-0.261708906879715,-0.194335283143783,0.00196691615365524,-0.0343543977511425,0.15002185094708,0.138088559241178,0.6248533060335,-0.317804475961843,0.609963824101798,-0.136676205882954,2.55858206563551
-0.746824236229649,-0.656427028931742,0.0254629926535878,0.650002458339286,-0.238014871683821,0.772817093715899,1.60938384987563,-0.372972607404111,0.738126223062204,-0.761774927251857,1.62867334639145
0.121445077442396,0.13558600422623,-0.874632032345712,-0.688611748744345,-0.393648424677253,-0.427227932773422,-0.137293944875608,0.32924312706259,-1.02332666688957,-0.664054572020025,-3.74810864333156
-0.974070236861823,-0.314959534284121,-0.286612093666664,-0.254203681339401,-1.26345765504489,-1.87969229533147,-0.0169569837798546,-1.11851496722887,-1.44178008654024,-1.89287130611132,-8.83559350406707
-0.0333867183303639,-0.477711446451883,0.105173381587402,-0.915399219659988,-1.82897536808352,-0.0428253076808428,-1.10293381973188,0.0858676401302013,0.144397718367757,-1.90409388215668,-5.62270524035829
0.629845059325836,1.76536340531051,1.33464874726136,0.664906200083988,1.11187096694425,1.19552069221833,0.924294302288844,2.0654918732044,1.23421444710039,1.48253113211444,14.6935541419349
0.808646324464227,0.537718391954838,1.0012717887946,0.00896363054235394,-0.653544046725825,0.140882402520671,0.36279892207749,1.15933231432683,0.984039292530563,0.266649629745953,3.64467005322269
0.108727678406046,-0.0755704773502491,0.422481924419158,0.171647379129018,0.377728736078409,0.817932989222188,1.52275627345384,0.499837947936988,0.709920675122341,1.23263002666927,7.75983607908079
-0.0516186263738005,-0.704568307333191,-0.969525211059433,0.634467701009378,-0.538204896193643,-0.173006079781635,-0.26368388822022,0.237377054227452,-0.0328533593243522,-0.444867569457153,-1.94611702746294
-2.5361330155822,-3.09337948948091,-1.06423664520189,-1.97161022657311,-1.73568915311823,-2.18432768175988,-2.12801980431701,-2.59788462257614,-1.45367774195073,-2.05684218722018,-20.8579288391885
0.543482341133857,0.668112818516039,-0.145462526220398,-0.501834874480878,0.853305188977631,1.40101831221185,1.79330463049073,0.921681071776816,0.686166162887663,0.43746209914979,7.98730634977613
-0.126221830239374,0.639814496804952,-0.1773560359738,0.206514820094179,0.171771031070035,-0.813177435433604,1.37205388785506,0.304067339687211,-0.487471930570167,1.12321705551838,2.11661989834537
-0.278637727072311,-1.04512869483973,0.446561179554433,-0.718196067758781,0.0295574898734097,-0.338052993496355,-0.787357258989722,0.737897169444732,-0.481964053127243,1.22233504975779,-0.825578632759405
-1.8924404132885,-1.59003913810514,-1.12247063608914,-1.85315103172357,-1.88197693784613,-2.25293306256604,-2.05297506840564,-0.458608232244188,-2.21370618999186,-1.30555594307784,-17.1515148020397
-0.974070236861823,-1.2552603729219,0.20055079015391,-1.0483621674322,0.24885868298551,-0.813644320922115,0.0528263887346822,-0.5437438402623,0.377845795192092,-1.30664896967655,-4.65850898362863
0.808646324464227,1.28308963089979,0.952335796638774,0.798924263530393,0.735575378048902,1.64862607133487,0.611133836896513,1.56744419321011,1.15354543409449,1.43726047166593,13.6915542062419
-0.512295230907435,0.249170381843187,-0.0164632914171787,-0.128482563347161,0.0184451710208582,-1.20999330176603,0.572272110325757,-0.263881934468728,0.513622504310898,1.15096250875009,0.371223187939568
1.24054819512924,0.895681826755408,1.40748146596841,1.16320788669136,-0.282445809262808,1.12594548494966,-0.301169980842171,-0.368923256821466,1.70046310845804,0.124926381977683,9.43631079794753
0.804145526711848,1.16925634463402,0.307212821413931,0.341154614340882,0.238166519115948,-0.262882512331288,1.83571704292552,0.987665044932036,1.11035184429744,1.73858598941985,8.03368613228247
0.543482341133857,-1.56097517014499,-0.811330735014169,0.783897848235792,0.0306103614827781,-1.46785263068003,-0.895296543432676,-1.25985150482475,-0.178718923338344,-1.42719747859356,-3.82026767861415
1.47959682357482,1.14329537910818,2.84771426556754,1.20231419746486,1.88499473080492,2.1868522489332,1.18471585154818,0.859318071577759,0.858020043445289,0.101798040644753,16.8152009138385
-0.893058539214503,-0.858554741237271,0.0465173731620914,-0.928392736474728,-0.845310451626765,-0.708533365969931,0.666354193476476,-1.10447704585282,0.33719631318468,-0.223443227397676,-2.19321410089518
-1.20252758515232,-0.18669423812595,-0.484754876002391,0.506799053709784,-0.47986172005911,-0.331443658301354,0.781065013781254,-0.75038449157231,-0.966066066703049,-2.35253981780131,-3.53434287591303
-0.453472858405863,-0.978358002191255,-0.0483805246102605,0.0559301932984228,0.768944650758234,-1.25334825629027,-0.944874830229731,1.30572583498266,-0.563939121674141,-0.393270453749596,-0.410525174390188
0.767197105129961,0.0940626179102302,-0.0786759755926675,0.569384949861625,0.891446595630435,0.611652592434936,2.04213073736542,1.86685661212459,0.346824944793641,-0.224776667695158,9.41039511262904
-1.70059382303215,-1.38157888876826,-0.571792344466347,-1.2651241487763,-0.966814800347255,-0.106683904895782,-1.15808402328239,-1.31377841220784,-1.55274930350456,-0.317253770878135,-11.1793854197002
0.898609010345003,-0.88560653285189,0.525420428596612,0.91841095609512,-0.330869676414773,0.12519813767248,-0.151501960968718,-0.0304921603262669,-0.30537757875378,0.0911468998680489,1.86751651575848
-0.0729229071480866,0.124218670400098,0.830476873074197,0.632769160948955,0.792839498364517,-0.221628930898345,0.478142669079936,1.16589320332335,-0.799129881163178,1.56337768253827,3.35282042671192
-0.525075421905505,1.09608031371551,0.310454196792776,-0.369820144272503,-1.14414779253523,-0.0207456560452107,-0.774141070076035,1.17150131558011,0.433053164734058,0.770079478240963,3.73956587172054
-0.881323997147523,-1.95649226829665,-0.614840387056265,-0.940971441118147,-1.39204670599406,-1.93632693208445,-0.961670466482031,-0.188324921876023,-0.869820544142979,-2.24794418586785,-10.140304050113
-0.934869517887271,-0.0068930350924144,0.135209857289453,-0.262885065489159,0.99922990608613,-0.513340694562983,0.42436227512524,1.70608378450853,0.528971476473629,0.106082916653579,2.62591123136385
0.0932217850843187,-0.915172001164649,-0.134599709006147,-0.529328648298752,-0.22841000165291,-0.562400218437946,0.0253186802561439,-0.955080102724298,-0.828901993164337,0.358512682076012,-4.378940383789
-0.556572559829866,-1.09991890744344,-0.244081151647653,-0.606956913794932,-0.348063292593618,-0.086859260181367,-0.987760417129781,-1.0751805460276,-2.01070494469843,-0.230248779778515,-6.20671312791369
0.390596775039795,-0.615879995130267,-1.02896424944335,-0.0765414438291022,0.0654037526686646,-0.805222468343222,-0.615273820737103,-0.703032659146182,-0.142505808809632,-0.689528939969548,-2.93058951676895
0.223504185941363,1.38878201472928,0.761564840761349,0.104315834063173,1.44932435787123,0.142781670559638,0.22037075742076,0.547542113500007,0.565831938665362,0.527205269927559,7.03687476567069
1.24054819512924,0.901706704204345,1.6209755774245,0.30291496040345,1.38519497933056,0.558370631340828,2.24362459620781,1.62989267904146,1.0715146549938,0.987767999174715,15.2726606742983
-1.41479872093352,-0.593194242241698,-1.50395776028593,-0.563001031914534,-1.62573523351357,-0.611922648855458,-1.46340225833136,-1.7861654700893,-0.826415045370443,-0.536704016990423,-10.7888997485096
1.1246915061205,-0.409659257224407,-0.356654673513645,0.375023403398829,0.214802433595506,1.29646716239893,1.5250226443376,-0.672937660496619,0.527094128896771,1.09799076204464,4.80959951289268
-0.271634661207165,0.936365210544112,0.310087474608572,1.19003556338067,-0.914203492077847,-0.81864497741814,1.7888433594086,0.364438367199552,1.04224989534409,1.2219558604703,5.34928135613151
-1.0201113534696,-2.37557426068374,-0.114203907509733,-1.09729579043243,-2.03028787844602,-1.2498601590603,-0.975165828871595,-1.87470932984679,-1.92364472549848,-0.236415811996704,-15.9002150607758
-0.334968520064076,0.129793544250006,0.932962458241236,-0.732999132497324,0.0496609882842184,0.457616885909682,-0.904530377831683,0.869320033092448,-0.0676528039805886,-0.00655195875990171,1.75394713479759
-2.07840266880152,-1.18832041824843,-1.75754910684486,-1.65040217148371,-1.92160380165863,-0.75198878311678,-0.827177164180399,-1.21921030580948,-2.28384397186241,-1.53847781006925,-13.0864748716854
0.222549809127085,0.998925772078529,0.181911118619996,0.340786633898425,0.993620811963205,0.848228122980323,-0.736442203664856,-0.463260944647192,-0.172480654654849,0.829902912023459,4.10349492835963
-0.734455727711445,-1.32523256577577,-1.29087163768956,-1.31992328318653,-0.198650205472745,-0.38144612788873,-1.1812702935162,-0.787852816919357,-1.00646844138806,-0.644916280675601,-9.01994393239377
0.249200620907363,-0.264606169888471,0.968131647885572,-0.0199767077138605,0.793153342356801,0.320285961378742,0.30110862842518,0.0681629096518316,0.866641329414056,1.30566196117577,7.00956367240321
-0.287305682256478,-0.330340365772344,-0.262004187697301,-0.42139353460475,-0.599791550927888,-2.01256315081363,0.0960520139852751,0.322791933036129,-0.930880699934362,0.0614693848999222,-4.17209323183302
-0.436648118558477,-1.11493149518529,0.610045139494499,0.226229566271905,0.80168483887229,-0.545418171334039,-0.737141721236596,0.733938334302387,-0.283341039816748,0.264324293359376,-1.33766703747398
-1.22464880299211,-0.428548754449101,-0.419510306284265,-0.382210985681458,-1.2815231934633,-0.500184231512743,-1.1767918987042,-1.08048543240809,-0.772423221089904,0.555984179532901,-5.86243088518506
-0.133279981230646,-0.0828472430042098,-0.493333600654598,0.175623264909099,-2.49768091426001,-0.491004253131432,0.450039242261042,-0.415586700351964,-0.279513558726068,-0.812038089955235,-1.80460732941475
-0.980282440507918,-0.190425186223964,-0.827381806037307,-0.291618939234961,-0.106439829508434,-0.207266400627502,0.401575745916411,-0.181095081461097,-0.47266443658768,0.287509902489467,-3.14763379158005
-0.683103006970236,-0.0720843814739465,0.461822800558208,-1.3524980426291,0.634090209731592,-0.737044898582038,0.437152743079255,0.325436003814969,0.143435428672048,-0.110570660132682,-0.644887219645921
-0.216594274089708,-0.941651558557628,-0.30397266701648,0.729983074830355,-0.288825803989359,0.3048112929167,-0.189798745283737,1.22642028783901,0.137784083715435,-0.394907530681245,0.819116462200866
0.0499002593816635,1.11266505478138,0.365938726711044,0.873626170647945,0.567589507900724,0.382361705200782,-1.06204214380588,0.284757321397112,0.600972566631957,0.868805998183123,4.23334416399496
-1.13643362953791,0.0899226757420751,0.145695011477079,-0.900008320645582,-0.141625510720074,-0.0884817634120864,0.530372028560946,0.27206731580063,0.0621987940627881,0.0816321084608668,-0.530503128416539
0.200549131291954,0.884556598052031,0.878389324051568,0.659411990485381,1.97959646178336,0.841030385166974,0.175923838449403,0.308042902655647,0.380472971194806,1.1746322356102,6.81865588318179
0.473429531505376,-0.190893748333763,1.21926310122493,1.06630644772432,0.841858836930818,2.01039934111876,0.57488723562659,-0.0340123274312649,0.710679031313461,1.66412138765082,9.2358314714523
0.947625181587871,2.08944418011866,1.5674430706555,1.79523034507108,1.46238193160058,1.53463402299259,1.08846436089742,1.40285652323999,1.53317646699204,2.19392517230806,14.8465425091962
-0.000785820510374702,-0.638451938995729,0.240799056632375,0.619511129260756,-0.568967897658412,-0.404798793402875,1.4496175050514,-1.11145856806453,0.927251730497415,0.703231397350328,1.40869548236285
0.776348055974462,0.913576457802101,2.52951540133542,0.426641459657562,1.06314098127151,0.326776870477061,1.95445762109204,0.433246243716422,0.636030545476763,0.203334588432647,11.8495083077276
0.947625181587871,1.2592566182863,0.129622883368975,1.90165914872787,0.264145719210984,-0.0177215307434709,-0.336481357684713,0.624778698728928,0.733287201820069,-0.997317520576221,2.97421337522716
-1.12887413036818,0.171525803446536,0.334259973008669,0.0176739337425275,-0.948458101102138,-0.674546057110089,-0.303765275663968,0.555064795393098,-0.535440707283381,-0.161654308134482,-2.66966796158585
1.35932314402308,0.313599396047078,1.50692095060476,0.408567341096726,1.29452158555882,1.28820845997093,0.417418202809599,0.83662713618959,0.970963667796974,0.544924712810999,11.430705203418
0.445615724868021,-0.0808433178558082,0.501294032912866,1.33308745328815,1.12564641921437,1.05230878658632,-1.15990377234899,0.866609620097501,0.463667377112617,-0.689011620150249,3.96167746194577
0.531204789722253,-0.199554839567986,-0.88162953767989,-0.337018031454804,0.93530867312162,0.28539372535592,0.289194565098559,0.418306475783417,-0.018213543431994,-0.208632209567156,2.45654280195256
0.629845059325836,0.46170278813751,0.476760762188713,0.790817590025363,-0.335487582650442,-0.256546254196064,0.0817468398050136,0.292479227962573,0.0388895369786977,0.234574258979976,4.8431839361751
0.200549131291954,0.532772835019219,0.496899325254604,0.906799024433077,-0.109763013646397,-0.0447508733841828,-0.526141739169719,0.638966293013247,0.899582625380625,0.671444139247312,3.34652814401374
-0.00777097594201636,-0.433194564034337,-0.806111391225579,-0.28582149414997,-0.937515355432477,-0.413960332853697,-0.581881692825063,-0.185784276268405,-0.959547391275327,0.00754765277384295,-3.59831709239706
0.549642875938131,1.240635508877,0.133678537100135,1.05311498556927,1.16440724166731,1.04676670011547,-0.368124768529169,0.452084481463073,0.843043275944569,-0.938039696228727,4.5830780842311
-0.546594022158054,-0.282465242523973,0.0236881896771565,-0.413127085914559,-0.267119450007457,0.281189202839565,-1.25410981437958,-0.346635900887776,-0.540118259841105,-1.36588231529362,-5.91132689258023
-1.20252758515232,-0.099023713754683,-0.0893440865439893,-0.0704904428670574,-0.633641813772302,-0.790928459080056,-0.715693243095006,-1.47034169073328,-1.06667105652784,-0.719684452102274,-7.67000159788939
0.746551175721626,-0.151422086616078,0.0811134280450151,0.622699634524192,-0.485779189032063,-0.394628053239542,-0.439245634756042,0.154861546793304,-0.185382550270966,-0.0180227107312004,0.0784522923194652
-0.083603627454985,0.154524856961519,0.685253736300572,0.0132085451672109,-0.547874388212149,0.483044806070798,1.55297007940464,0.161755162638582,0.0960012810308468,-0.00664290413494401,3.51221071875198
-0.967307334364362,-1.85678584584426,-0.904425277268501,-0.903117605217579,-0.312172174140392,-0.865102911502538,-0.136629480510461,0.131194281241968,-1.86046035883244,-0.779397044542093,-9.82435767111702
-1.02614826304811,-0.99838699708653,-0.362684780383474,-0.0446168761312637,-2.38165747893461,-0.508181759009471,-1.22577526517483,-0.909228818583842,-0.865051764608547,-2.50439192454023,-11.1904664160596
-0.602607456434982,-0.793373857033376,0.134073210669977,-0.79012264906262,-0.122680597726101,-0.674154802674819,0.796094744548265,-1.00172235256089,-0.690412295918617,-1.09778665412865,-2.95281599979961
-0.338238347094765,1.21546083157276,0.983945172159443,0.720654780594569,-0.0651392842168044,0.764706468274855,0.822695021611945,1.07900681114719,-0.608381481349733,-0.576692495939966,4.24887697343992
-0.513761027659702,-0.0547720799961658,0.0636395862501452,-0.3285152579968,-1.38996686665571,-0.0138618716031481,-1.46888807357578,-0.291839799611403,-0.648778640170177,-1.13210253452891,-2.8729838631117
1.78250883780995,0.711512506466216,0.677775637839818,1.35728453261831,0.935265440100477,-0.512274868175924,1.89257866430784,0.388058926912387,1.54455279144558,0.685331048731651,12.5326278596067
-1.77632544097828,-0.946778121794115,-1.88175785463222,-1.86279743915699,-2.0437761653517,-1.40656185840959,-3.06041746252422,-1.6685923929006,-1.05888591417273,-3.10540133398945,-18.0574039027021
-0.911193402866041,-1.21415657697437,-0.987134822515333,0.165061053848635,-0.329840848996432,-0.827568369409495,1.29419249394315,-0.602869924985976,-0.785903799094935,0.00951873012146287,-3.12168720765668
-0.113672826361953,-0.836488293546265,0.601272158039746,-0.125082324935127,0.81145811105053,-0.211467948518266,1.4326847608174,0.361321167746041,-0.614205524610075,-0.625862139202179,1.0081335985997
0.203861188830602,-2.15493413290623,-0.127101201958717,-1.46890919829875,-2.60217531856473,-1.77661470969475,-0.875726040552975,0.183011896999303,-0.0395564458426301,-0.0675774527726758,-6.9121675757628
-0.893058539214503,-2.0391278600208,-0.986293006199399,-1.34827601325554,-2.31590986788385,-1.96096055225553,-1.37163616288557,-0.746962019679462,-1.65800343978048,-0.843580104011558,-12.9220479198159
0.974025358517334,1.60105970721651,0.336423100894713,0.643227962919469,0.339411189859834,0.617050984542724,-0.552287582312549,1.43998412627192,0.527164847980564,1.23571392792655,7.44561559309933
1.30455743439727,1.17284295043597,0.518237711154757,1.45056488025982,-0.367665906759737,-0.570744315653792,-0.952610515552075,0.0981368868400197,0.963827565723908,0.620808541389841,4.67792192590878
1.58295117163869,1.37565709836539,1.05234844742233,1.14903834786568,1.10102173933881,0.765565323957789,1.34691297922195,-0.362634204633641,-0.218698967953447,1.82908471400332,10.1567671070278
-0.161019445077892,-0.438985115638506,0.574093762312165,-0.380385782483603,1.43005398278871,-0.151180206659888,1.57102056754063,0.381701531677786,-0.148094194832519,0.435246053140327,5.82997350598136
0.968053455300478,1.70814732487107,0.965575592742627,1.0302010264708,0.676369873928631,0.369813450463825,0.161057243129881,-0.445286958032719,0.555892511385996,-0.926067884944072,7.6729988578669
0.323959525911505,0.55805484298053,0.0513713070114637,0.432374048561265,0.437694196540999,-0.0563191257996732,0.698237713402728,1.27509739036694,0.214539620604723,0.870859105162821,5.4345812126207
-0.0746930548187173,0.415924330592288,-0.639675619959179,0.721178706645086,0.323069809310934,-0.141059579610311,0.654118761801358,-0.586048544468813,0.566840013002095,-0.596052122742826,1.64507788639794
-0.368787262540096,0.173835099616072,0.367624048051071,0.754732316932129,-0.12483912709419,-0.373980824107016,0.525338282933518,0.0959091677101247,1.21990013991412,0.737230893489656,5.95580701077055
1.24054819512924,1.9222961731617,0.529936266514938,1.33431260634017,0.805300278602884,0.358450282204379,1.56497657620189,0.138717245695556,0.202706018114514,1.84778054097067,10.1840728669151
0.00675170572189958,-0.288115845234156,-0.811884383453838,-0.560970225508562,-0.902972540700571,-0.949741785923773,-0.074655697012095,-0.341569762951411,-1.18815828535379,-0.538440380956309,-4.32171777509138
0.0363016140054015,1.78359167301066,-0.214944883611558,1.60676324646941,0.408023008523081,0.373828548263424,1.13163254454735,0.0575630733398114,0.254307690346605,1.14305974294362,9.22808723056136
0.820312897648129,1.70177235881714,2.14035663801994,1.64112885116634,2.92875555128459,2.30153418521186,2.30875681580321,2.35205326254079,2.63164278343523,3.47638123777058,26.5184545520056
-1.10319425784012,-0.979763786891833,-0.710240991518903,-0.66093267091483,-1.39255902164742,-0.140748494349909,-0.546337140112563,-0.132071472562425,-0.96669426915959,-0.304993429811659,-6.41886073576372
0.709483695044001,0.0726049816493459,0.294098673063413,0.948026123578183,0.784307391554977,-0.918698018085429,-0.00192610544847449,0.536932123690891,0.308745349080854,0.318733386681859,2.37104401412401
-0.12252965232214,0.85408818481785,-0.792541893467634,1.2764145241563,-0.436890657870155,0.587151829189157,-0.15925869952934,-0.432205418053005,0.963013249269514,0.285931518769668,5.10298060950942
1.63607569418502,1.80455186379905,1.96149200008878,1.4978915014088,1.77421846531822,1.38022628224357,2.33323941918876,2.03408601699118,1.29128282129644,2.06057214563038,18.8538791898839
0.224893296058091,0.845130270928573,0.175008488176397,0.670915896168732,0.669210568895341,0.315125968739822,0.353775014926215,0.451938325591618,1.01199566604582,-0.279905510675137,6.65550068215302
0.447990793791799,-0.244093863728705,-0.368635076336775,0.750985372116809,-0.0895308415920887,-0.595560201095005,-0.59827081352397,0.543089545955341,-0.613570958174307,-1.18622461434483,-1.87393402115912
-1.32368678896544,-2.09362994535075,-1.23778726567844,-1.29464015146852,-2.25381871674871,-0.832084487900983,-1.8639602342804,-1.03461454743824,-0.756423805430037,-1.06408231228979,-11.8682431938716
-0.041056368993016,-0.0427068623103927,-0.33902147522862,-1.48598078461814,-0.747965336753984,0.649798467794163,0.238703481853306,0.898609840655608,0.178587145480156,-0.166268479362072,0.215181822338238
-0.657045987691999,0.103371839762665,-1.08098980257432,-0.518524097863521,-0.49766238298022,-1.33117595143312,-0.24908967889063,-0.394771660150165,-0.620098683336719,-1.33967568459246,-6.56865169412074
0.612195061590148,0.936442402971382,-0.919125940344152,1.12152471005973,0.228230789826572,1.22022838855529,0.93846742223995,1.23195777881154,1.07514759694121,0.0120828531731996,6.95491353251296
0.871203169335015,-0.087299364598729,-1.50995068420541,-0.228380866982837,-0.437020030063894,-1.03016281178501,-0.168873302647053,-0.365004008473712,0.757882741782005,-0.264320089496251,-0.542092200854119
-0.442373687947607,0.311671323779045,0.703857055859186,-0.611712810429818,-0.0572205316572449,-0.105854812673514,0.324221799837639,0.863573108245777,-0.849672312110268,0.310387703066624,2.03017256808957
-0.279762781448003,0.928365999280501,1.15923354912561,1.17535645402897,0.882692788377158,0.846505134758215,1.47825169805484,0.319413091220079,-0.71441216298359,0.850217665438384,6.54521176759574
0.812971507409308,0.659646271589815,0.867187226893489,0.670893193672795,0.654978733171611,-0.697182957652494,1.52553433426624,0.584141037238207,0.462693164393339,1.40844413243135,8.27451576357969
-0.602607456434982,-1.04207539294585,-0.540504991437346,0.423964507361139,0.380387183332757,0.34211568392492,-1.56132351321149,-0.309007791017049,-0.508394506517768,-0.178975829516648,-2.87198748108404
-0.564015318474288,0.044043260306857,-0.628074627234556,-0.252673852539028,0.0368936253972854,-1.57626091269412,-0.268797639632091,-0.975947241902386,-0.781650866363386,-0.619338466271143,-2.8321853694515
-0.299470614382536,-0.5828014412088,0.105390253537314,1.31609099421335,1.10077856858747,1.10715037805076,0.490451812626267,-1.33129546925254,-0.317770019877613,1.65679779802432,3.46311328677052
-0.000785820510374702,0.695034425868641,0.646346298605923,-0.446345658746239,0.793998106336015,-0.315209082089608,-0.128477933950739,0.0903669271772145,1.43079549939706,0.542491390637143,5.39426296850125
0.613207893184025,2.07583013825856,1.01681124018765,0.87106111945617,2.11043351515126,1.41872795049273,1.38216319987245,0.202703222524172,0.840293224725674,0.550404655605666,12.094435482642
1.29419855180087,0.14233719752334,0.901602387299414,0.387992412065389,1.18018952573782,1.71601186969031,1.23141493230889,1.61857657459384,1.05904938503243,1.41551422952574,12.512842089531
-0.657738225044908,-0.653958254846596,-1.7937457443348,-0.393715587317363,-0.867031229688796,-1.28833030683793,-0.846726036388618,-0.217123738517102,-2.53983068102762,-1.12979426568797,-11.4986805667355
0.540868518065463,-1.07210115564653,-0.995405529787023,-0.371508971872034,-0.927937611516986,-0.783729901186149,-0.0926472647440781,-2.16896897972375,-0.689714887642155,-1.04299339879677,-6.68559368804067
2.0969518614549,1.41998856804961,2.37738598348742,3.16745493835898,2.87923493255147,2.61004223924765,2.54547779061291,2.71450711519849,1.77991407358692,1.63500997130529,22.9314089642514
0.974025358517334,0.307845796201008,0.18159787996715,0.167205358536255,0.379386489048285,1.40455983401858,0.308841086967217,0.86824446500524,-0.198066140502775,1.30968331223046,5.68846004010896
-2.1029629715922,-0.580965560657384,-0.242528329303004,-1.63032455282518,0.00216805340226023,-0.573276566078617,-0.283166091056926,-0.844660171130033,0.0753677091250774,0.143842194828125,-7.23114210956582
1.438032891756,1.93030558060986,2.66957219257388,1.18549985990554,1.55405409883368,1.30824276642601,1.14888949530449,1.44638400927831,2.16513528306545,1.48090061727416,16.5979389254548
0.461999401937866,2.11477508063629,0.773568017039234,0.963737728889328,0.329662798818087,0.134587973072639,0.982582721606397,0.134139794038517,1.14376105358952,-0.27549305284042,8.59843985391632
0.343555028631576,0.482649157233977,0.775620687960667,-0.493505057422478,0.705935635022817,0.160736329832549,1.16880216826032,0.931235388936159,0.189436981549621,-0.422869841183021,4.99296373232153
-1.83821833878037,-1.35370251476567,-1.99754783634265,-1.53376639799846,-1.22519829002172,-1.02247391916948,-1.58562526781387,-1.71011186030546,-1.08193944284057,-1.09567640738379,-15.7017468006512
0.898609010345003,1.42414486841172,0.592879877770046,0.796079724371807,-1.29915608166708,1.66335237500683,-0.351063959085732,1.87039000710026,0.0103964607359294,-0.15633654732734,5.94085992765462
1.99658724052438,0.997147783604506,-0.508007599587029,1.79133572757964,0.220215844027528,1.70132103989956,0.342874843249805,0.331851370154122,1.98542351210473,1.00293539907262,10.5734270800256
0.462289805835102,0.335557074447593,1.47047112967978,-0.417917663204513,0.360713073594808,1.09982642889531,0.164343622786629,1.12212028694468,0.0440106450833924,1.18280624410486,7.34051831711981
1.41912812647268,1.57976751482038,0.908856985511573,-1.04725557961024,-0.140449294589807,1.59715900353754,0.00930404472824659,1.66903434151494,1.30901802477569,0.412919993281628,6.70258059724907
-0.685014653962668,-1.00565778434657,-0.359728081655081,-1.35493757042309,-1.24412123004457,-0.751116276563702,-0.330414821662132,0.138450334311201,0.242686577352068,-0.0995643397722298,-1.5561330339719
-0.859944331498716,0.916424871537819,1.18227678078315,-0.531670577153266,0.46969570012907,0.833804001299421,0.16637151703853,0.202000545956094,-0.12771139072732,-0.0143432868499545,2.78337145979633
0.58334289833887,1.07798451234317,-0.469940550586978,-0.179669582821895,0.0347401920240368,0.22178352738413,-0.489629151021988,-0.41844358707477,-0.953142084403463,-0.072353175025841,-2.79720453245236
-1.89413385690729,0.00668036893625423,-0.681628071945214,-1.04609316814454,0.0348900747740997,-0.563408954033747,0.170515252667051,-0.642224196198261,-1.58891974468555,-0.166878701467634,-5.22571426471012
0.895207466458524,-1.30190472450107,-0.374681850120194,-0.549168296772954,-0.279014880984901,-0.77141453991499,-1.60499461311465,-0.208402134791942,-0.487357544149633,-0.653475701521738,-5.06316710415183
0.572738027111575,-0.114994402866367,0.739967494261835,1.32370825961035,-0.406224048661113,0.107639829763989,0.478701821343118,0.036712710014647,0.719023162132334,1.27485556974748,5.60832383921668
1.1246915061205,0.932175835711543,1.75214771178182,0.126343772507349,1.48756872962372,1.15158851043943,2.35347700933986,1.45245284656899,2.10858276662494,-0.290981616274218,13.6493706994336
-1.01583394592669,-0.235801117678043,-0.773655970454934,-0.414510651855054,-0.674160218087997,0.280196064139356,-0.961304205827176,1.04146626417198,-0.134109865659296,0.147022841693263,-2.96637587228286
0.0209889241146781,-1.16183343525154,0.177642250907866,-1.07747570714308,-0.333732841826033,0.00825577609329975,-0.170169764224238,-0.470050737124613,-0.306849958203746,-0.756945060284504,-1.15077038431619
-0.604826580087349,-0.54655119673653,-1.32562600298162,0.356251159852008,0.503054133809929,-0.149479628135787,0.806124535950248,-1.40692173758119,-0.932291911323828,-1.23762752701233,-3.2576500223146
-1.03111226143319,-0.788038380984561,-2.0247138561816,-0.856922011859708,-0.455758048734286,-0.616438398133757,0.240014773037513,-1.59295682188834,-1.43258175052539,-0.918130181983499,-9.30216084383749
0.720977772678595,0.902825140383549,1.42749223534477,0.721037664069712,1.16815744597001,0.768734241722404,-0.448424118339734,0.705334097302576,0.890037295242462,-0.845404063130778,6.97231306401022
-0.794221503352432,-0.268310109041591,-0.915568395411271,-1.62727880435688,-1.38478974510693,-1.21176759236112,-0.493000730958134,-1.1540827624658,-0.275618762741135,-0.319300520636805,-6.35188847642507
-1.32368678896544,-1.50750110798704,-1.0188857279461,0.0925127192834634,-1.36615620396764,-1.32883415146755,-2.22566233951297,0.400400132364966,-2.05877824933225,-1.14420322910996,-12.45015084125
-0.0133097469653601,-1.08366348240087,0.609395623552294,0.346201456698485,-0.46861142527322,0.0697646315578095,0.500723346405103,1.60638628672533,1.03877750298966,-0.330443995228861,3.42887312424987
-0.083603627454985,0.794857046260014,1.05739146707462,1.1668262705198,-0.230749155138386,0.359494452246887,1.54140769575673,1.10999662912895,1.42923758345863,0.262544707105425,10.969414730382
-1.06675610800801,-1.42586934027663,-1.03730259669384,-1.70827765702512,-2.63761575329017,-1.70629634821246,-2.28263275072045,-0.747061105813683,-2.11235769543876,-1.33818220588855,-15.5733718193432
1.10849776988357,2.06460977700725,2.87068595085363,3.12744029863514,1.05903292415434,2.33597840575728,2.31317231671032,0.904036638326926,1.61702555127791,1.8687128659673,19.4811496380192
2.36719885641263,2.58166727632196,1.1785843558613,2.39307336137766,1.63147768613781,2.738510453479,2.73742278078729,2.92124048854565,1.28182644776207,1.45355374928172,21.2406028184869
0.302361835196736,-0.474766654000453,0.763717516301716,0.0617768205725737,-0.318594336857695,-2.08412280326822,-0.14197338230465,0.0727609727306623,-0.221974715059812,-0.1573050207401,-0.922482374746155
0.0275579290172921,0.61400055843359,-0.0666391033313619,-0.11516461771996,0.290158428159297,-0.0625598945751515,0.240794784325987,-0.425864073764132,-0.760956118018497,-0.362730998697121,-1.37554094955907
0.0959171752589544,0.0123384039114027,-0.500713167475502,-0.341916084764076,-0.271518494350246,-0.0787331630781215,0.838781664690539,0.070428422294832,0.443921978600832,-0.125202688538909,-0.6884716946391
-0.116545734477407,1.44677036757946,2.33154040066718,1.16622495078907,1.75022016268271,0.879414251203541,1.509404037767,0.754185539278187,1.29985275475138,0.54142774133716,11.4200899723586
0.0360710929962456,-0.150567468443937,0.788811841570775,-0.812462611962905,1.24004638306544,0.357960873788838,-0.220256431493204,0.921303102682292,0.500300722094647,1.04039144845623,6.03337825514709
0.323959525911505,0.945266140754828,-0.777350087987655,0.0826366085858889,1.77479127642604,0.669606087079243,-0.162540499936003,0.455683594983312,0.0542499092573662,1.63649183033805,4.06783292357215
0.549642875938131,0.656593449016358,1.08815110567506,0.627493977804034,-0.374550755120116,-1.32516007319278,0.902552297259468,0.00214958278082,1.3174565369811,0.274952934215662,5.81976285519047
-0.292917488579444,1.21513652973738,0.188666263099277,0.839344422628236,-0.56873815796021,0.866780285914374,-0.0734851010600318,-0.30121610290086,-0.327215778785008,-0.828867974709559,2.00449448516663
1.59994140029457,1.92661851999979,1.40649584595083,2.29603395851861,1.30783646654844,2.03975096880771,1.81815974834444,1.19810908091314,1.91835211780928,0.826888597344016,16.4714345376869
1.12514832854561,0.893031798362435,0.379372815600448,1.66587152486722,1.05612143667037,1.48736085936261,-0.232579146362697,0.476452530098239,1.59439225391096,1.44307448783946,11.4111736337503
-0.53432108191742,-1.51535952412183,0.505242240712196,0.514047007204789,-0.494348428702273,-0.339716770345244,-0.634500885327762,-0.514452008915036,-0.42103625928598,-0.887775318579576,-3.86007400317539
1.41912812647268,0.641582727650572,1.47152288883555,0.939231897351097,0.938704824640706,0.566975212797542,2.39348446970492,2.69972474297766,0.267401508744494,1.50676103406685,10.9318005556724
-0.338238347094765,0.101573396272031,-0.490941868731821,-1.27424721942176,-0.823788739296608,-0.326683445634825,-0.255911482031443,-0.234516675715368,-0.848917164150585,0.518084353860166,-4.10714727741287
2.64328147607503,1.73526635642876,3.49409896699442,2.61844390673018,2.8804564354434,1.61459215926783,1.51185166762475,1.95517138193912,1.94592947639826,1.66527893626866,23.3646363535166
-0.839346953816941,0.596950879647301,0.630172343459486,0.708339120577195,-0.817946554495786,0.390418386187195,-0.685777477539856,-0.925482717300606,0.757153786867338,-0.868907929155269,-0.104768703645159
-1.47383580655863,0.712570284172248,-0.481304007878393,-1.12928716825123,-0.274524609940703,0.113988973356544,-0.0337458012088034,0.333064932003919,0.392410873838141,0.00382071765598541,-1.66043332621142
1.03471955603923,-0.148037491837229,-0.185700969810225,0.133173007320713,1.98740695089913,0.627643219332324,1.02277642866277,-0.28341320522151,0.595571909895931,0.916217905518422,8.07143326086029
-1.22464880299211,-0.471217264702749,0.0836477621583011,-1.40643719284584,0.68724797473316,0.256578968731853,0.546831961433304,-0.438492036091356,-1.61654923901895,0.628073275948859,-3.63602731613157
-0.863280285169221,0.597681077963638,0.772484083977944,-0.742512452551022,0.556059578719143,-0.800611220191182,0.215987809347443,-0.609126153122823,0.820727892516409,-0.370960240703788,0.0630874191083926
-0.337151952180355,0.395341095526956,0.395571694880321,-0.280389192872991,-0.665592228766936,-0.589471983199003,0.583047205612753,-1.89861897765008,0.366980356066024,-0.105494348620198,-2.1557388581085
0.65762299948962,0.345585507524638,-0.653136793368188,0.704792666421915,0.353250157092804,0.00277052639431752,0.000524433380531097,0.312413386553588,0.272521948655137,-0.899134595310903,2.68846152507571
0.302361835196736,0.927285397782704,1.36894320279882,2.35447957449482,1.25756186938603,0.935855315233368,1.24870755536206,0.580273836155992,0.944023236912435,1.84171113488674,16.2459791302772
-0.312556750871802,-1.33451049924931,0.333209899256641,-0.586744241666251,-1.3053353966265,-0.362212420038004,-1.02352964690186,-0.535999855687335,-0.618596007826529,-1.02146674118007,-5.01867226331331
-0.263050433228376,-0.166614057142324,-0.183197910245441,-0.839782253883114,0.0473609719446762,-0.96282572025677,-0.995470290727438,-0.209019319036873,-1.27333398937692,0.00849250140063218,-4.57659326364722
-1.1420211330882,-0.767858525075101,-2.47338560408584,-1.42460641715427,-0.804789068664241,-1.49631527624038,-0.435506117048947,-1.77886408677049,-1.07330845569896,0.178918665087228,-9.49278307277232
-0.967307334364362,-0.408902877512863,-0.332009375821211,-0.610554314901631,-0.983766227705504,-0.660241975721645,-0.53839337240217,-0.00982065578433899,0.0542426991232287,-0.63229287915744,-3.87564632392243
1.27939544974605,2.13762020692152,0.131508869168917,0.37242008632981,0.698840161731303,0.382230497997848,0.693248822291027,0.191067832913458,0.663991508257505,0.265746318870122,6.08341678726319
-1.41719402391016,-2.04754160672427,-2.30890388978765,-1.64299217003903,-2.5920257817384,-2.19534977606365,-2.05681979217639,-0.995369540893779,-1.73027715842156,-1.8943100808048,-16.7299305910214
-0.420178307990754,-0.974117383420848,0.0643615495606924,0.595337127260247,-1.03111485719721,0.842079335941597,-0.576885009190343,0.373244969734204,-0.843442033181957,-1.01257862117731,-2.65109580079688
-1.32368678896544,-0.425467570637313,-0.303955307908298,-0.199802876831584,-0.0426218576144314,-0.439151045028216,0.0873384439370867,-1.27602735102245,-0.192517704276486,0.307964692229032,-3.3804853180019
0.0209889241146781,0.343412642526891,-0.0993849983850522,-0.55494883299281,0.734151768855271,-0.42889314349336,0.763429165091808,-0.169704929264208,0.166177802430834,0.960087946703197,3.51948207655594
1.43573921592094,1.52785689820497,-0.453968191827899,-0.0270187269733084,0.709419245961293,0.896367291899546,-0.529142893681617,0.0634771472319426,0.937164899423671,-0.0763742177368222,6.12770415051692
-0.370632693599608,-0.484357050207616,0.606715314591758,0.282315360791748,1.8700988864121,0.101010874865563,0.335280176461404,0.569301196700101,0.419523351929895,0.668904616024994,5.94789873357483
-0.113672826361953,-0.715224981633463,-0.187408379084448,-0.492814586449366,-0.997318066321939,-0.628053037133486,-1.12113874375771,-1.86861038310976,-1.31258566119202,-0.765919500346886,-5.81693433899351
0.864157235667207,-0.437212485829779,-0.242202315756495,-0.328001200241975,-0.482993395789748,-0.171767528489128,-0.423235225976791,-0.344031131280704,-0.0530272354375327,-0.1558555324226,1.28925026152194
-0.546594022158054,0.192523793193715,-0.561512606004683,-0.870696850798441,-2.21000134870938,-0.0663843167796003,0.260399101743526,-0.000876932473583836,0.541652816623915,-0.53577057523182,-3.58863115980208
-0.153453380243278,-0.256822032678791,0.546770632293885,-0.398127582146201,-0.0969004987745266,-0.94060589432362,0.759223353004647,0.280954226441943,-0.338082376292508,-0.155195328404035,-0.62558201391332
0.19376341279537,0.349296885516282,0.736617720502699,-0.066836056321418,-0.493277822312046,0.871790274901708,-0.867838559440636,-0.510252726438831,-0.350101459501353,-1.30532359659215,-0.365907307013409
0.314413901733758,0.533197213746569,-0.320430613799077,0.0690427413298155,-1.86959074282382,-0.325406877447875,1.104979462379,-0.159309090842455,-0.0769713316930021,-0.517202807058217,0.239917121333379
1.1966191590406,2.30234936225434,-0.348714530426688,0.19990349037106,1.77664640019494,-0.297424290452783,1.56319077012903,0.316114263841368,0.575484141432836,-0.161223245197898,9.14124535563521
2.44653562532491,2.01841434766615,2.13084742208813,1.82434360569367,2.58780591022491,2.0652795498598,1.64408301512721,0.831431505322782,2.56549558820838,2.30796562043083,22.6720236394209
1.16347702263319,2.14148519333978,0.433365485639524,1.34956859511541,3.00971514348283,1.01244319766676,0.852925227593087,0.904047673537334,0.773094984585887,1.93409587590343,12.9281246444034
-2.8828861203786,-1.56172194736469,-2.22181316999244,-3.20406812244135,-2.02912715169746,-1.82025306697267,-2.83491278210399,-2.57023966237593,-2.85229909364175,-2.30160851505016,-23.5513207784514
-0.271634661207165,0.543204720259821,0.217576738038703,-1.01450240440579,-0.550155023535627,-0.284549315927066,-0.455852227895237,0.26981696753944,-0.0526537252938682,0.199523653830416,-0.843542916790096
-0.494587020211219,-0.518722458862958,-0.880328798166547,-0.0962070700312113,-0.353738998341703,-0.802663832285384,-0.94680052391775,-0.266617946534644,-2.28932231689243,-0.487252082715309,-3.92486581599415
0.0869975234542733,-1.14729677087304,0.663013061556908,-1.21789078471496,-1.21640069774106,-1.04555068672954,0.326677074384097,-0.223903119443052,-1.171894359941,-1.29709882144653,-5.70476578406776
-1.22587870823632,-0.472759035514609,-0.11506046376011,-0.430644218423814,-0.530648159862965,-0.561618727089022,-0.00454653166272656,-0.615272436990443,-0.235450207069197,-0.580031339279248,-2.30256162758673
-0.741023918755204,-0.748319125516841,-0.647054750290091,-0.423478958525159,0.0294807543136363,-1.11983035489811,-0.703648653879576,-1.05077417925305,-0.593158328653688,-1.17788478308764,-7.2258241866394
-0.442373687947607,2.00561277171763,-0.976170789095957,0.696757717162516,-0.287427009182734,-0.626255498742164,-0.332406082413908,-0.824594484252998,0.224813663275789,-0.876814548799457,2.28504105621831
-1.70121611653647,-0.555916376702951,-1.09311972106433,-1.85927856465654,-0.454100548927015,-0.558064847762701,-1.41343103957983,-0.497243118779133,-0.462986472923677,-0.146684368014737,-8.38038181817085
-0.816669436274051,-0.126685833576594,-1.12719782627797,-0.130032405846059,-1.01360219336349,0.571175859316453,0.117497815412711,-0.359498017776442,-0.481038527954734,-0.578313127552738,-1.44778710697854
0.0905393315083442,0.244098243391681,1.10163557186402,0.332333494915293,0.183210306001338,-0.268747745805713,-0.358493176835076,-1.19436520326139,-0.0595661073134878,-0.779852978540915,-0.566815994445429
0.430008616898903,1.32473927846874,0.227990290301545,0.591329160148288,0.917839533517807,0.581896588605617,0.750801565616846,0.795703550303746,0.702819033838784,1.62080385351144,7.94872840366766
-0.436648118558477,1.90593798029531,-0.880132450480027,-0.118635671874661,0.335747868935076,0.435534657630035,1.00730936431986,0.255706732863237,1.39225635920399,0.0716259178596477,6.04245052474802
0.508104703106992,0.176131368801483,0.919321556604836,0.831253976801716,0.777244672945416,0.909242427537039,0.751652629760325,1.99349233218295,0.513987667711672,1.84096514087807,8.64178985036216
-0.133279981230646,-0.544125550684772,1.04351557216837,1.5310470703474,0.459331904770187,0.135434870013833,1.37322434891406,1.4637881462637,0.972777136860601,1.81125748525923,7.36791954932341
0.226564790867518,0.816590165479558,0.730178444715923,0.222795518380856,0.840328665300466,0.869903723098415,0.393723568806252,0.901321201840358,-0.539582237565921,0.965235604127494,4.53839804540993
-1.38627760918064,-1.42587807134751,-0.603861246773136,-0.334184493698709,-1.23012843262643,-1.64691974046378,-1.06712319817189,-0.710892266889295,-0.614741304944834,-1.01886069454482,-6.14226877431036
1.32567383331949,0.836957332237017,0.840834071444443,1.12478787299522,-0.0350057147296703,1.04712270195713,1.18476752133622,1.45475327881621,1.21206923957904,0.0466659852806282,8.33172983624344
-0.485987695216344,0.452482875336804,-0.977929067961309,0.0356575753308792,0.284405736224655,-0.24225412723452,-0.399321696013142,-1.02104879413117,0.727223019943848,-0.502950665120254,-1.60133956610273
-1.01583394592669,-1.63883166190095,-1.51220300742701,0.589700332482292,-0.635062761727087,-0.915631401824955,-0.741333721721393,-1.17794001536423,-1.82348400965531,-1.27982342191432,-12.4277946869179
-0.794221503352432,1.79855026289216,0.921545824574084,0.309084147827076,-0.12448553356682,0.00728114958387066,1.721508045931,0.945447223247902,1.17491640196795,2.10614113728021,10.1338042431149
-1.9634029643591,0.944102725869438,-1.32908137455537,-1.58109532351621,-0.142195074713674,-0.998504778142748,-1.17702180975551,-0.985748627609816,-0.585738887547473,-0.8474450801866,-8.51698946884896
-1.2549553708399,-1.15942474999052,-1.73672223298596,-0.405454512200282,-0.640065739367494,-1.94603286533551,-1.65626674864641,-1.42132065605066,-1.79669478984084,-0.796079436423168,-12.7677487865545
1.10849776988357,1.99694440909274,0.797141296098068,2.61667798504608,1.12376748717406,1.87408652808956,1.86977239566245,1.55071319795428,1.73519995887968,0.800013542862316,16.9280703418832
-1.34197325651719,-0.422608559837098,-0.301884126625259,0.402842659431034,-1.38348778497159,0.146510678942623,0.820196578690899,-0.305614410087181,-1.76026035658544,0.0503473368435137,-2.81830710669494
0.249200620907363,0.69003526974715,0.0830272958886579,-0.528785339265161,-0.669282280461556,-2.02568539116039,-1.14088006543099,-1.42374478475886,0.16773325727531,-1.36105211892438,-4.02160728986172
-0.602607456434982,0.222645116235774,-0.525974933741216,-0.531196682352162,-1.35869850634727,-0.00900794204509664,-0.699324729705129,0.104717145732192,0.174453139097171,-0.247684159876037,-2.39018440139419
-0.15632019430512,-0.679971664214804,-2.46821456646274,-1.60688426801463,-0.202245930006821,0.466218960657719,-0.571822511976555,-0.481696317962419,-0.52407283061823,-1.32678090255629,-6.21680675632982
-0.717849864933305,-0.736706478706895,0.367413016877481,0.341709224713017,-0.319715238397823,0.173279051864984,-0.920696407026597,0.122290613466556,-0.924956907440359,0.142533746674529,-4.0814923724923
-0.911541557653489,0.512041710797396,0.323654690261797,-1.68336555730212,-0.180397112523912,0.366816158567933,-0.016467732614551,0.244243359166788,0.35758076625976,-0.290160664212956,0.8034718924736
0.259427588492304,-0.661095447627452,-1.36156956624832,-0.175965742643991,-0.269417897453513,0.366003956154076,-1.06749451273863,-0.91932046181742,-1.0229796610981,-0.531908550846452,-3.42948202447745
0.807232501198029,0.958806120981892,-0.0140017835812795,0.12534926634427,0.0492306455833822,0.288564075945667,0.800289938199618,0.101820553801753,0.883145653879784,-0.0810704793627597,5.50751278286451
-0.0133097469653601,0.0118084882816606,-0.946941667739896,-0.294067370263163,-0.428421006616102,0.388523670571963,-0.421358212582657,-1.73296843133716,0.302343117614834,-2.2194895213089,-3.57473314582551
-1.1646267525807,1.05695830574358,0.216167579289052,-0.454488130591294,0.0345556600220887,-1.33003695297861,0.0627486359531572,-0.0694319729753792,0.0508076936019979,0.446584305083958,-2.14558829447969
1.30455743439727,1.30682309771282,-0.39722877731622,0.550162324972646,0.869875417928404,0.838732485390083,1.28161370694075,0.946754363094423,0.457247479551484,0.303083904218154,9.25248189420381
-0.258056818720955,-1.49140513330644,-2.18196751049917,-1.09389575445225,-2.05876243594872,-1.0694776586963,0.519177615419151,-0.768995532210413,-2.3117662180697,-0.581301698563706,-9.94549306782638
1.89431503551425,1.43737659525564,1.50352563891178,1.38369035362721,1.08990034435122,2.39802864744768,1.80531307250616,2.00721391521083,1.65208492587869,0.682917731061121,16.8622588363856
0.871049840776022,-0.132958586586856,1.14721199089716,0.871931931457976,-0.694000207739329,-0.356728899356368,-0.165313482530478,-0.174950999123839,0.831886070285647,0.747118114414196,2.98648415476325
0.461999401937866,-1.40496229431565,-0.382816609040401,-1.18641568412694,-1.75100869066048,-1.73478188307363,-1.06441078995729,-2.15972339692986,-1.27889979087933,-1.19354959296266,-10.3184030986797
-0.780751486783193,-0.543748149418066,-0.409688709322225,-0.533816241814291,-1.83407457057375,-0.068530385412184,0.133538598150846,-0.190030261131135,-0.750395795080009,-0.584410693390752,-5.12510153216072
0.107779663732334,1.08829316661401,0.646626609278087,0.116380005612148,-0.669596318992847,1.18762954999709,-0.268559370648359,0.693438318528896,1.15927376811628,-0.465932174684697,3.46572764206045
1.20972545480899,0.541176530506052,0.0216467458168156,1.49631468829942,2.63278107962182,0.810486462382683,-0.157953887031186,-1.08787215460331,0.717758558714235,-0.00703343769114062,6.98297197191863
-0.126221830239374,0.636826541656513,-0.618297135232813,0.0961899305693315,0.445139152349683,0.391780973242437,0.960503141542088,1.56164939769094,1.26223206169285,0.658800698330236,6.24526195693453
0.446175799575406,0.137386811523506,0.594153799884503,-0.00326590428472628,0.534677315601501,-0.852065009405654,0.111972453547287,-0.417964133552094,-0.446506995397508,-0.0969465429423626,0.918254160976649
-0.292917488579444,0.83751374867031,-0.471769830216559,1.24734428874889,0.119631636067367,-0.628196297998243,0.302492529457017,-0.0710384353323182,0.424144384893789,-0.0113427541906074,1.25664117719392
1.11009189283119,0.50717859225009,0.565092076814801,0.478026404818765,0.729684548359301,1.35721503883004,-0.131704424967678,-0.688764547988225,-0.0477128630021538,1.20857555755952,5.69302724642207
0.540868518065463,-0.0312036829044627,0.304402100378633,1.03687659898236,0.108074547221806,0.685220514445546,1.15389855392917,0.245033182255829,0.587314463464508,1.08035801860835,6.5674415411279
-0.0695531098447924,0.632783487798372,-0.612169046844159,-0.910550174925188,-0.6195561515015,-1.23655917848928,-1.26745631125963,-0.517610926299372,-0.515913435081336,-0.477630244050169,-2.84191678224704
1.51377822174369,1.58410506595283,1.18441801788981,1.56652759945247,0.628416295308846,1.69528776246408,0.909340118758082,2.20113789922094,0.420488664683573,1.93004098244479,14.7650661479473
1.47959682357482,1.15887419219412,0.667982774037166,0.0351647731855785,1.10262457732544,1.37968699964324,0.757092338622919,1.40199573044219,0.354218708750882,0.941046610157746,9.74155679183431
0.969034950605759,1.17898087043302,2.01019212697898,1.17712339412179,0.666187515378105,1.23482570462222,-0.0213856797527461,0.334688266957635,1.20851725586588,1.81547971757399,13.3788515586614
1.55052420589198,1.98302541083263,0.627382925778189,1.14985826410037,1.33143884267266,0.630185101254093,1.78095491550956,0.462456619861984,1.5981297729138,1.13597216064232,13.7621651134685
-0.776610658417692,0.913315618752344,0.591813676880625,0.316341816121531,0.908009936291861,0.912353907217542,0.90317588706397,-0.809087546843692,-0.366031037487459,1.4549076704294,4.17477077327737
-0.863280285169221,0.0708916476251634,-0.940743977833078,-0.780017934159981,-0.239824696624648,0.291478592562619,-1.98803811343067,-1.78196302806254,0.67919288308687,0.0823462542104674,-5.94870982092949
-0.911193402866041,-0.0059423561094783,-0.379883209659035,-0.0235063188456856,-0.629447217292471,0.583873369817603,0.298147179417217,0.322841671963416,0.104117871270416,1.05167641686125,1.53601158924881
-0.798013481160701,-1.65398755473577,1.03911857086057,-0.588231662690131,-0.724234528476535,0.230763517905699,-0.48495320630913,-0.971717934448706,-0.892034872859404,-0.347342644456026,-3.33211455831248
-0.759977621567058,0.272579261990414,-0.181220037252327,1.62226471714148,0.487577636297021,-0.114960993091645,0.404539357139079,-0.0997290071517329,-0.24833687050935,2.04607500617254,3.53878204270498
0.543482341133857,0.883019520249208,1.46948528430831,0.643063702154647,0.856157227478587,0.360418686771104,1.16759377925064,0.489672305447256,0.431790199932969,-0.274529266402322,6.42005025106413
0.445615724868021,-0.10298706770701,0.811602972023911,-0.559140065568522,0.941273304993303,-0.174668265605858,-0.509836818303516,-0.00699537422098251,-0.247059492954924,0.245678825294361,1.06121809450456
-1.19273549445981,-1.12515887048115,-1.14519066440419,-1.00179039244717,-1.502424157156,-2.1367701029604,-1.13531060644034,0.264548368458454,-0.711234917601929,-1.14404540216444,-10.9973019307089
0.0407884027800448,1.18941493501998,0.578500781140368,0.799843475450676,0.136729689435943,1.08439583069092,-0.204507279992403,0.0114662489317004,1.16091882935001,0.666600289355872,8.11975017733524
-1.37751313702072,-0.0425673637062728,0.028296635221878,-0.233590070116185,-0.146066574808833,0.812335647916897,-0.258857534831674,-1.2313605431599,0.918571447015122,0.511764709754981,-1.76126616525693
-0.78468404150741,-0.990302986957602,-0.523727008423285,0.274766174031791,-0.149901155486079,0.424863929215396,-1.15403384067851,0.595159997772267,-1.2425911846742,0.771183323610056,-2.51753166302456
-1.45425854755931,0.0885646098840321,-0.310274761056539,0.29534167760952,-0.00964212770481609,0.0293579263495704,-0.371317340750068,-0.820561227397987,-0.810041369069601,-0.297578213474058,-2.40777427933481
0.448794322251584,1.03558224831614,-0.476651598119847,0.110037019266351,0.522583268868343,-0.188085951539969,0.259494358240295,0.239096240572042,0.561577283944221,0.13496709206161,4.23157596067854
0.973558618498657,1.01093101635175,0.0621630386651967,0.354942096695129,0.964864130518587,-0.271376630128545,1.5676945483514,0.0601932762485499,0.640404944430912,0.898444058490474,6.53747174754122
0.431971622217633,-0.0749705335309197,0.784770320255777,-0.439369724594263,0.95642205469681,0.0245027116581166,1.77186138973858,0.218435677130598,0.529154406492476,-0.0153832506073961,4.36634326095
0.203861188830602,-0.648892754390633,0.381792025513921,-0.0676689568865931,-0.521338853996524,-0.235703125519292,-0.380559408410562,0.411605069841156,0.355682049849624,-1.55192578769148,-2.80990521846407
1.20972545480899,0.371173105241494,1.09334226721516,1.18449048378351,0.661055970645307,-0.0675214253598584,2.10128730847893,0.0580169910615687,1.07571385765561,0.258805820327708,7.01464011018975
0.736762093275562,-0.0668773647973943,-1.21626599105419,-0.766911334363179,0.214388542117766,0.291138167445657,0.0549504818712767,-0.754887991732471,-0.650564187894239,-0.771017626686271,-2.99606871832071
0.309904629046829,-0.517946991522722,0.147600069331041,-0.10404066944227,0.909486284163118,0.0590130804390784,1.04317532355507,0.117985734028648,-0.122118431093353,-0.873109944851298,1.77039187816488
-0.136744012472974,1.26327665997147,0.981200216927522,0.637053821106369,1.07953797348398,1.50073445088291,0.610128300262955,0.9573646664506,0.402733485732496,0.430878509263219,7.62166068853112
1.82095914812923,-0.443431458228133,0.0551547726808562,0.641794470876368,-0.533603614306439,-0.107868206683924,-0.162828466544822,-0.357844782218492,0.406551939843065,-0.275300480295839,4.82542080728962
-2.0791920792642,-1.42501736669665,-0.92551095464392,-1.6477662413827,-0.649662995172168,-1.48884715050748,-1.21713019957634,-1.41782265018363,-0.966481306791063,-0.682152632194532,-11.6312718665437
-0.338238347094765,1.27658287129379,0.538943202241473,-0.625063008922661,-0.802313157693982,-1.85371523743404,-1.0514608014477,-0.0687260071559214,-0.0536049527304312,-0.64064082309289,-2.66958280558245
0.974025358517334,1.16783395533669,1.1113574649858,0.943148794398956,-0.00769839376397274,0.491401875317583,2.12718315558019,1.41030819375833,0.55044272439454,0.694922999112134,10.7674091441743
-0.775522141197121,0.342288577102778,-0.337814169176894,-1.45336210808068,-0.751496688137363,-0.993209609019792,-0.711747164396946,-0.111227206983834,-0.31892860919884,-0.365473665047869,-5.18307580000634
0.250108620746947,-1.04837534821665,-1.01372132392091,0.579039559290101,-0.082895949838712,-0.357918490494735,0.106927090934154,-0.854611451988666,-0.308242621690263,-1.17933106838426,-3.5244479172274
0.718260952803657,2.20818726932808,0.538168107863521,0.883646090377733,0.585514104028448,0.481377276330748,0.453923185013359,1.06198765920996,1.03099599068045,2.25321718661797,12.1211904669654
0.508104703106992,0.841461822295265,0.815172391450575,0.176988256058914,1.3265276923681,1.00917938078778,0.626443154876448,-0.0774780868442038,0.308577683417353,0.887014675365136,5.61998571241629
1.60628745779298,0.386708577081842,1.31324952845227,-0.344657072256632,-1.16191735681454,-0.183178244037322,1.43736026918667,1.2074494722877,0.991339409562798,-0.235138304135043,7.45475914582481
-0.716685202622192,-0.773190765262194,0.0948743951981328,-1.2233812263722,-0.398180089307318,-1.02927432154808,-0.418262390545918,-1.5782580251784,-0.973250822308456,-1.7218187807917,-7.45453806708839
-0.0399526259046383,-0.542711857585592,0.215585093548998,0.716726242356797,-1.09659309598764,-0.355090558599347,-1.70891172529937,-0.787296839519041,-1.57485879627321,-1.41401159514442,-7.85248886115424
0.898609010345003,0.78897634951383,1.12194927978315,0.216174242084421,0.691458918481907,-0.32586851102516,0.409409923702904,1.26115613941643,-0.0720097713105726,0.795818573054808,6.89302434086507
-0.399004033629784,-1.84795438690321,-0.412126567914787,-0.114556033789665,-0.543050120736665,-1.31497038625749,-0.970253953265652,-0.733022889684949,-1.15500295183064,-0.283346444181582,-6.45822204712377
-0.368787262540096,0.355662347921316,-0.0101092395483708,0.247076292748561,0.70300975146503,1.03424602614441,-0.730509519762019,-0.556721512913333,1.11455390426127,-0.0127194702713251,2.77959537220402
-1.41479872093352,0.414511779545863,-0.739305943897264,-1.83391882239574,-1.59048209668568,0.191333842085604,-0.437198745977194,-1.75070342135362,-1.72782649149702,-1.31748066294062,-9.43356181139086
1.64746647780485,0.807439871696625,1.15314875793281,1.50274730034604,1.40377665935708,0.668668150029096,2.42700665829703,1.18326613488361,2.23580943162495,-0.796012337913401,13.382066112997
-0.0882504500926327,0.0259442029310212,0.450003142557951,0.172784354999349,0.116452417502007,-0.421399579952777,1.37800157315436,0.386540343085709,-1.69308384854807,0.800930138733448,2.64128668874842
0.293961566124217,-0.22067830881761,0.681268263091077,-0.0118427429825359,0.837968605438089,0.119729829281583,-0.198295643676781,-0.141792262737885,-0.269711643183848,-0.725301636668652,1.14631082314278
-0.276668789700317,1.59265290455702,-0.538247794425463,0.512220144143635,-0.188745360013528,0.798497589633399,-0.622961217879437,0.567073590196004,0.580600120670925,-0.651379199771226,1.62960837191008
-0.405006805557432,0.318532997930006,0.515857820856912,0.323599601295746,-0.181856154832917,-1.24071775467771,0.711997871189707,0.413136347637134,-0.0249046313029294,-1.18330742300172,1.82217322108338
-0.0399526259046383,0.505130683726349,-0.92067279764451,-0.975857199747779,-0.148450333367585,0.0946951623340108,-0.383345448768762,-0.434182097460023,-0.857844709385428,0.480056867013561,-3.15608899319691
1.20972545480899,-0.292580560828682,0.154059717924727,0.287971982989259,0.457861585009488,-0.321606213134728,0.955765192550869,0.390856141546883,-0.362959799433478,1.54672970276939,5.31905342949977
0.77440032311011,0.52486227520816,0.793512157620563,-0.226338282183248,1.92446569487122,1.56039799421507,1.67237422202098,0.957789004207955,1.23263148672115,0.980462496402553,12.4597983247168
0.875173068249365,1.73449201469506,-1.23549751709885,-0.441450807998671,0.378670785712978,-0.356055876133077,-0.619531396218751,0.837976628913957,0.67100895473982,-0.518455231134616,2.67087327725449
-0.963820295840325,-1.39298266559984,-2.62921608911454,-1.27562002780503,-0.824745541190738,-1.48676821523997,-0.948510290685285,-1.6509299960681,-2.3325034406527,-1.4107381650799,-14.3733452254128
-0.910222565614458,-1.64544831238328,-1.45263344744431,-1.72007279267526,-0.251668065577874,-1.46626146192422,-0.88436125420455,-2.13371281861591,-0.875949417784139,-2.02585194786205,-12.2921052936862
-0.436648118558477,0.236327769333813,-0.0627204397636843,0.196526948938242,0.695663985287607,-0.282452339939234,0.433714185786697,0.207409201396075,0.165847082443335,-1.26329966421269,1.96319812674774
0.223504185941363,0.189847177595694,-0.286528414159776,0.0903893825909215,-0.461600536752537,0.745553890624772,0.62248535860305,-0.643121689383941,0.497726831393179,-0.542945225547818,3.78740822321233
-0.780751486783193,0.424301643324295,-0.907528030283394,0.151515489697482,-0.131276556516276,1.0045607388227,-1.42878230842526,-0.100430235745389,0.409474921203385,-0.618754207707718,-0.916430252222393
1.29419855180087,0.33847380809276,1.20847645200788,0.845345481812085,-0.0698829330704631,0.551073096673786,0.724841458039915,1.28625983847077,1.8850424149368,0.489798318820775,8.89210833905382
0.665572145250649,-0.647213087097865,-0.404609763565174,0.781454071565573,-0.683916568688939,0.299694973017073,0.2305425371518,-0.33786302059824,-0.126493820462008,0.798717885876755,2.73460198692945
-1.22516482381248,0.821357140996145,0.552703886704297,-1.71694062797653,-1.12917478485955,-1.27854538887835,-1.08168252711324,-1.01420854685401,-1.10125472013888,-0.717030295321626,-5.19884045896114
-1.06232476127807,-1.59242430129538,0.0324117097605953,-2.05876195242563,0.489647686403879,-0.477784889773856,-0.55110443726397,-0.681519970269942,-0.770392359903401,-0.0188811773472894,-5.61513008066745
0.0515750056350482,0.434569285627961,-0.729771496974128,0.103238581966821,0.0439143172660091,0.510979555203462,0.363953806434384,0.672496731010718,1.49929550491728,1.36827872795499,4.58620681820258
-1.13643362953791,0.345517295015532,0.167138275768491,1.17930876078517,-0.370129641639288,0.990937884514539,-0.266844050528307,-0.856559527091824,0.397420439469538,-0.556252281195962,0.627197431509476
-0.969668049826259,0.336156328408061,-1.45173095724341,0.374463664877386,0.125767501591825,-0.460321310828297,-1.86878199876731,0.524325982525222,-0.545779354614628,-0.695924765061234,-4.14798003911751
-0.0153696592627244,0.991463100450982,-0.90427843219116,0.758424546791484,-0.281038696376468,1.3198458176107,0.431484330284941,0.124942619808272,-0.364859547064077,-0.483211389937677,3.6305039137891
0.0209889241146781,-0.489506189630719,-0.0169658433899988,0.0221275287970637,-0.482364882937117,0.0215179774190649,-1.48825063455674,-0.295184967224171,-0.422307915641889,-1.13677747978536,-4.15839421278223
-1.37575794093534,-0.94402666014098,-1.03266821398195,-0.776992867861898,-1.42571134887868,-0.438947008381378,-0.887622656905808,-1.91067513742543,-0.674383497782829,-1.49990661969475,-11.1897561297168
-0.0333867183303639,1.09576627905084,0.434752661529843,0.576976956077694,0.765003030326964,1.20337082324876,0.336387342791501,0.780436941023346,-0.551683535396842,-0.228062730553089,4.31770242687565
0.385453419909908,0.655323083941925,0.318222766439681,0.0915065340555822,0.683581272134473,0.357145521747364,0.405224274880009,-0.420886790340904,0.253733064616768,1.12128838854261,6.14373579684558
-0.602607456434982,-0.431964943889724,-1.43056758758033,-1.73133818223163,-0.524006669148308,-0.325602011453868,-2.36742211540327,-2.10799257491765,-1.87527964400231,-1.30013879935254,-14.2653942946856
-1.01583394592669,0.406454889126929,-0.505788591966883,-1.38226909477727,-1.32060946643955,-1.15618726589353,-1.23590579422195,-2.39750753803348,-1.24961768428381,0.057650211694914,-9.08068222670019
-1.70059382303215,-3.15184519877304,-1.66203236179347,-1.58866906111349,-1.93801975561511,-1.5761041786273,-1.17158899694796,-2.13106858468435,-1.79146442492741,-1.7079968016699,-19.8548005365725
0.203861188830602,-0.653303114157901,-0.858169160479419,0.40232716230959,-1.4679593697956,-0.756820852664111,-0.866185958938911,-0.095475709324728,-0.405692865407665,-1.19851475677271,-5.44293465246493
-0.153453380243278,-1.16582148273265,-0.704922120397387,-1.26541978832819,-0.317620503375002,-0.649344069171202,-1.05042164999185,-0.472317678573147,0.278489732894001,-0.24844591123982,-5.06668915677854
1.11009189283119,-0.468891682204553,1.1129835238089,0.842183342849383,1.4469290297722,-0.271552249812333,-0.423992496140992,1.24967308620107,0.801678451245186,-0.138744448549572,6.03231482853319
0.366106978656185,0.126148136858991,-0.464643962338456,-0.52024084963397,0.337965605831614,-0.00556054571343986,1.3486364203569,-0.193109972417415,0.840247336024646,0.303078993741127,1.49913606351842
-0.639654647764816,-0.773542993669737,-0.675751710377305,-0.318462533401768,-2.36484215014585,-1.0326695752983,-1.08145353690262,-1.94680246089301,-1.60917328790196,-1.59795417413188,-11.6393794953722
2.64328147607503,1.3292859085693,2.3813684499263,2.47544057080941,2.12603564846623,1.56131476905714,2.63299915328821,2.69658179509324,2.56913663761693,2.03999736742313,22.0204659184687
0.305924826508338,0.396637448524542,-0.814932305991277,-0.650437607902623,-1.70800114142489,-0.293454191144431,-0.428247658149873,-0.588821778047447,0.173787643860989,-1.01114411298627,-1.52305277683949
0.0787885455326833,-0.511937220481755,0.0995298413468483,0.394429579931642,0.0215485947056519,0.382538977876289,0.136595670339812,-0.135090093012655,1.14567411432389,-0.37145614594298,-0.145878652595637
-0.910222565614458,-0.662969670037406,-0.836777973416833,-1.32453796076587,-0.352085018759645,-0.381100656903027,-0.454679361447245,-0.649358349591864,-0.792690545668146,-0.265364464793558,-4.54808474706042
-0.877829432278888,-0.245809943307648,-0.686070137311447,0.00336108877120062,-1.29185240236895,0.297540621199409,-0.0986567751504517,-0.630938883425777,0.672025365528616,-1.15890125995586,-2.70425107562264
1.00829424495581,1.83140495099775,1.12562537509624,2.58575297347179,1.35308920358959,2.05635070414027,1.54495475489789,0.668602857077576,1.71871584279012,0.549984840589389,16.515110099305
-0.519234047255113,-0.356150063289497,0.295731534996459,-0.0563055243433649,1.19886317663425,0.828130260096499,0.596339179862783,0.765295144689169,-0.319432143266273,-0.296262785740263,2.29700301119917
1.13234429850058,0.673663367754108,0.423624400155702,1.17179024500125,-0.209380736063697,0.68631162241372,1.70510272337252,0.479855737958814,1.89262049581634,1.74104955502302,11.5042612988997
0.331727942003329,-1.74782402266992,-0.741907262852306,0.880796380201826,-0.267685699531629,0.326880048561674,-0.947046059124305,-0.626363036926273,0.0860717366046514,-0.134878254856414,-2.93598031929874
0.302361835196736,0.144283065051463,0.718120850456972,0.427653604611602,0.469874520058374,0.198712738675649,0.483304296096733,0.02635628470595,-0.634684101004629,-0.324015086843974,0.962420316399794
-0.226046460838376,0.0965339158010336,-0.11777963180663,0.464837480209521,-0.00776263631777394,0.45194033481803,-0.253940425120082,-0.242540516730583,0.237893892948904,0.585800221597441,1.1343951511583
0.0990382901679265,-1.27662280143324,0.216926723042556,-0.453867254723844,-0.876838051961947,-0.792278550177066,-1.49642098148444,0.0186688607407508,-0.734281822750248,0.00301160397064648,-2.83572024851332
-0.0401225027801023,1.55243753905717,0.437062403668223,2.48193870888846,0.811720014610231,0.180066426499164,0.122486654056511,-0.464473846369745,0.238948763721888,0.10786420020925,8.55835370126944
-0.96080919407879,-0.987105616509469,-1.08706279726548,-0.0951251830535609,-0.318664946558679,-1.06979289920256,-0.506430557370878,-0.484758678365884,0.10447526685285,-0.869190302710417,-4.4302178240694
-0.716685202622192,0.492342190715547,0.807701751356455,0.159303488255839,0.347172694333007,0.828541701469375,-0.0325947830189515,-0.391659477041355,-0.303952993959142,0.433985751938217,3.60680936263274
-2.30250851818665,-1.04335803826154,-1.18411671144014,-0.896472846759235,-0.62162872430973,-0.534327466270634,-2.08413938832487,-1.47610444254647,-0.742743703837158,-0.212842659942899,-8.58709622616469
1.11816827690127,1.18135866469054,1.64239419854304,0.709692359606701,2.19415116507545,-0.0594977085686865,0.233326938091459,-0.0149023256388606,0.543312636982389,1.12549261763967,8.96741262681612
1.20972545480899,1.66624738348212,0.655724010986677,-0.407691637014184,0.847228941883796,0.373577605874539,0.781701412303763,-1.13183351375381,0.918043679549954,1.00240193807314,7.78626221391965
-0.519234047255113,-0.162733008007507,-0.274567452560937,-0.239234943826066,-0.905640132474492,-0.767142013213521,-1.22449616859498,-0.677093249579755,-1.57066284247463,-1.34074111405214,-4.14848069244106
0.102620709882722,0.301348135680676,-0.170457779029975,0.272643476495462,0.464119319264381,-0.967699279692253,1.0242294301801,-0.534964262310061,-1.12529665815658,-0.351064383118788,-1.29182781439378
0.528654357365332,0.41343305277514,0.0961668063615945,0.592225558255355,2.16723834221262,1.32311542583082,1.66290066340929,1.27970605516417,1.30417457615817,0.697325392498264,8.64470686023804
-1.08730193192431,-0.425516711354804,-0.24811086499825,-0.876803277518973,-0.897717650251297,-0.672977100366213,-0.655879756791334,-1.16787321313179,-1.73946298643338,-1.29686477123571,-8.83581915740083
1.1246915061205,1.21102110329653,0.920984986776571,1.54160009659641,0.716544286179975,0.501464115381324,0.937635868528667,1.12507815328152,0.67359601919712,1.16878530009875,10.3289785986613
1.14943931994889,0.660178560229848,1.06739412409524,1.95558671416153,1.87347880267575,0.553574673240198,0.778557845210272,0.886306271118187,0.281298187436142,1.53094376759463,11.1587546316301
0.185232381984181,-0.344391651708355,-0.412086776688484,0.112209171439286,1.36012122753989,1.89358645763315,0.542486142426125,-0.0440021034024176,0.368196728186258,0.226869136082644,2.92962013172313
1.12714830343001,1.72532516629839,0.0600816766239384,0.0928776906685704,-0.00517536828208132,0.665508672208239,1.63925498988679,0.431498197658042,0.133053074081089,0.00834526252120826,7.18677234162471
0.233947667111879,-0.0616875405440067,-0.286145736648758,-1.15077259153316,-1.00083533579588,0.0746229046181389,-1.235803830349,-0.210301559815098,-1.17025650473709,-1.23781161765456,-6.4198278462812
1.41912812647268,0.291489140490336,0.232560280106815,0.543376524560816,-0.0838258847950144,0.297911178076961,0.76687059576001,0.324384664344473,0.908264089382253,-0.219529938221648,5.11272922895384
-1.77632544097828,0.217631866456584,-0.565441095711666,-0.0189916710124977,-0.189921017260257,-0.120652111315671,0.424291891990496,-0.815252009597076,-0.290704846934116,0.812094576254962,-2.55504764012382
0.195590086230187,0.461053087566865,0.540291437291618,1.12339343048257,-0.232050606256985,0.196851881714411,0.907091746118311,0.550788082250445,0.710294667697627,0.725255285723573,4.73168543099515
-1.32131778796717,0.259274477229287,0.25218649347185,0.870168756090432,0.84335580386177,0.74065408942827,1.75698469654261,-1.29451364536543,-0.640948147745841,1.09230056507353,4.05015248599741
-1.00008337577292,0.141574651141528,-1.46068018796287,0.0643644517375667,-0.164779916216749,-1.11074843999485,-1.0004899752846,-0.363299957351248,0.0510915727451372,-1.62895561458142,-6.82546920680748
-1.38627760918064,-1.59314227065441,-1.01909028316499,-0.811993547186418,-1.52235283781477,-0.00143772792217112,-0.596719540690425,-1.53056285773483,-0.718271551573832,-0.739727465980618,-10.0165890729764
2.88011031719194,1.21184605656616,1.08968514446622,0.640290737681495,0.390522464114409,0.223269505178027,1.24259611924903,0.292035555109508,1.05128732783972,0.827166912504251,8.90292671557778
-0.30611128609682,-0.567608889328584,-0.522250405330815,0.295411250486604,-0.382681152283411,0.36189720819171,0.194529959081307,0.487694629152379,-0.152638606888274,-0.673425210552241,1.30862915588106
-0.866488813496588,-0.272545226223803,-0.381783510336052,-0.802932892878591,-0.594673487168476,-0.97700958877792,-0.362798512612973,-0.314145012886335,1.27425966468003,-0.678918608592725,-0.391746964166111
1.55435551870701,1.47370492623971,1.0034918911187,2.20270285958317,0.767216460650762,2.01993025763254,1.93342735459559,0.543765442697485,2.65376224859037,1.33862011148864,18.1653668895076
-0.363726524153963,-0.826071155464019,-0.562016724856442,-0.448637931747573,-0.207241495724578,0.808718180188549,-0.106593935319516,-0.266567211797379,-1.07691156579984,-0.253968605696008,-3.76635156806876
-0.780751486783193,-0.466353019353734,-2.02925750034822,0.912060728758286,0.40581196540754,-0.440951401367101,-0.527786240854442,-1.43102693149207,-1.59065460887865,-0.112374906230861,-5.24044947480132
-0.292917488579444,-0.150196923792777,0.460683619834232,0.328698160326736,0.389680740321662,-1.82559620015555,-0.85993117421477,-0.601056306217573,-1.11851063914686,-1.04523343077802,-4.10196962902785
0.96833185966321,1.31103617820483,-0.526882074464583,0.1585333639071,1.405342519038,0.347085458963556,1.78845820005206,2.61174174941714,1.00587829319835,0.877185454190977,10.4471193640338
0.121445077442396,0.863749864464548,-0.136677562564677,0.39976596054967,-0.0946579297076602,0.140286192948815,0.867936096275683,0.0113596466873759,-0.718353223270909,0.404774998578945,2.37339010856071
1.12061584601297,1.08016653058012,0.807710910628771,0.903340027173229,0.0409930267343732,1.15560127431374,0.944019174768313,1.31304411045419,1.18747008828737,1.68373570958317,11.8801396500131
-1.55117137486818,-2.07228341308996,-0.10110437290682,-2.24859343859599,-1.0269647809829,-1.77704234786392,-1.94643151149745,-1.22573717598299,-2.1784838561654,-0.954493571399624,-12.4489188175774
1.13080777246599,-0.369311383319781,0.420827499934135,0.620612859879894,0.916094758932273,0.503257696474628,-0.118666376323648,-0.367494505059841,0.387817252782268,-0.0162473088687546,4.7013060723821
1.09766238098999,0.105706968290032,0.858308440011734,1.61854952719537,0.454904037064962,1.34496100022517,-0.248550119769886,0.456235041768913,1.66281072722302,-0.583610586734545,7.02060801368812
-0.957041020262361,-0.35766272392004,0.325169558172019,-1.55453388895595,0.756401038702958,0.0809268194718535,0.0927940110959056,0.961670494745892,-0.963588624324371,-0.0301554243978715,0.441593736591223
-1.30145846786132,-0.878407844109594,-0.948620758688263,-0.839807299269004,-1.60838146601877,0.151221896236006,-0.961423328462828,-1.26158793853798,-1.05354104671399,-0.349369492043868,-6.12812342682197
-1.22464880299211,-0.0153112696529422,-0.977754863198115,0.388948128740855,-1.00460771057996,0.0863357145062558,-0.00176842776686004,0.28235677271665,0.397873541686598,0.696772810930934,-0.548575928706203
0.767197105129961,1.59811623735632,1.07320332537127,2.68452858435106,1.72416155495524,0.734277044031258,0.690843707340483,0.248085229494252,0.93014773642504,0.972762200162764,13.8650339323422
0.0360710929962456,-0.719675742378322,0.954779122423708,-0.748990246264554,0.0637652080571447,0.853704859596716,0.441347376393193,0.0558517444753677,0.0159812164963886,-0.0479668554507677,2.49885645991461
0.410005621589541,-0.0942082790356547,-0.27913328772641,-0.344551077774319,-1.94354805104519,-0.768561246328444,-0.0745250805087154,-0.834888942141985,0.311021753021043,-0.324506285521311,-0.492467965648059
0.450759444805353,1.43506220313857,0.125173223142203,0.777403761028695,1.21001682824042,1.05583320645014,0.116136693314108,1.38499504506337,1.44831096021118,0.228607658212285,10.9536340952773
0.895207466458524,1.57907631758747,1.20719425867691,0.815322770629033,-0.0149077138970797,0.222734683372647,0.671516190882328,1.82311979442723,0.716428905245236,0.286473940348405,9.39946016114529
-0.405006805557432,0.479369105460451,-0.201820280152641,-0.757528005365583,-0.694265124171255,-0.249295932788149,-0.399624287251992,-0.77611951628782,-0.361434194705236,-0.328387377786605,-2.21901887103769
-0.168188206399131,-0.727157012074707,-0.272116901071903,-0.0870080112557973,-1.32242644087092,0.652476942793877,-0.213085556167028,-0.432054331374866,0.655212407430568,-0.940833840645264,-3.35143096686963
0.366106978656185,0.481566307492986,-0.13688228944704,1.35060359352253,0.269716312241288,0.816196404238872,0.662109258879065,1.1705910814488,1.40511122893244,1.67396829611647,10.1525091623989
-0.451509175481452,0.316322194942579,-0.174253222951179,-1.01647030086204,0.240343695446413,-0.218974627030123,-0.742340119948002,-0.0566248637851753,-0.450996506455898,0.635606566762687,-1.91635535579742
-0.240741166052385,-0.30772208561343,0.743440417148132,-0.667551889110649,0.80000044354563,-0.239203654627717,-1.01135344490973,-0.903381921238675,0.384554803374556,0.407141154038899,0.205276557313561
-0.451509175481452,-0.826616015045261,0.155028272665744,-0.197171667436711,-0.851942082309109,0.49438945769376,0.324600865538194,-0.843280556390129,-0.703416516197614,-0.200448190905733,-3.52671993203781
0.0809700089294986,0.268322747563547,-0.288987160016622,-0.429656717748885,-0.041839169172564,-1.42207549805456,-0.222302891486128,-0.0282411950306004,-0.21396982986538,-0.491852905440488,-2.08052966289392
2.18784061877326,1.15407533109305,1.30171437644301,1.07259918104937,0.251631175728224,0.238467906257356,1.23661085259558,1.59475343387501,1.20033260893518,1.13119232933974,15.066428335635
0.309904629046829,1.31600627901244,0.188155694694252,1.26401458851028,1.09250052758703,1.54041100957476,-0.414647609258894,0.325888100421707,0.0909878955915669,-0.105518607178067,6.1645568087581
0.74792674035146,1.12533992620769,-0.877910198461023,0.809795214620043,1.87863051908349,1.16752094943868,0.435733271748759,-0.266637315308875,-0.155014735646554,0.162595784488337,6.27956380805723
-0.604842597817474,0.123985177208465,1.09591124177259,0.243762001512173,0.728785891673041,-0.183757960016287,-0.369912487045922,-0.00356017858839582,-0.835092598618392,0.369138054664553,1.39697149260239
0.974025358517334,0.139224925413277,0.136749893688907,0.44915194839315,1.3597704260281,0.353953089540836,0.61356763336187,2.05897773342251,1.40703711183076,0.574550582676462,7.86829130031005
0.629845059325836,0.980833449728177,1.70417911808216,1.76486440066575,1.26864269993112,1.10125055625884,1.5190519280176,0.346137761736518,1.57593064450191,1.64503612145614,12.5354757485145
0.183607097649697,0.275034506673395,-1.04899385263481,0.476775312434827,-0.45323073650572,0.679280209011449,0.618744543254836,-0.168781807553881,-0.000241899059758743,0.16387930746358,-1.04368476724986
-0.564015318474288,0.270803352868927,0.0503823295147824,1.32801040156514,1.63738466137695,-0.123096050452662,0.612555290567344,0.32275831401417,1.75753608032304,0.453756307056766,7.57215390268312
0.772110025083728,1.70018963346658,2.1464778424702,0.159960379127173,1.04367499152843,0.699370684621969,1.89476439854771,1.56851322756902,1.99116931955148,1.78746365612936,15.9558778418646
-0.409643904103144,-0.145904819289247,-0.388485876249832,0.211885418390947,-1.83074220319127,0.588188197854156,-0.404969749482471,-0.614829240202974,-0.935057783661589,-1.44531013680403,-4.62872886142412
-1.08433878869633,-0.684014316742973,-0.37545361728648,-1.55806150198284,1.44501149581589,0.23648979700825,0.154959047358717,0.285176407987256,0.957243423000026,-0.702124951842562,0.321237368592403
-0.263050433228376,0.46143120315855,-0.215270700746608,0.758627805717025,-0.379471482218054,-1.47599718418908,-0.341904592184824,1.42699050695708,-0.437391423077227,0.719959998378502,4.66982859724752
-1.02614826304811,0.510799002033016,0.694053918599551,0.100424103970282,-0.934301580072532,-0.301671830950147,0.447884478810942,-0.60842754043019,0.168152942957678,0.33749674650697,3.34545772105341
-0.709725902393283,-0.279955192009079,-0.317381973515168,-0.632310266476385,-1.12917122028433,-0.259737169154301,-1.21017580434254,-0.203960926357726,-0.433259070657667,-0.971915938656083,-5.08163171469735
0.121445077442396,0.279677434417903,0.306903965586958,-0.232886901932892,1.46987969962562,0.246165129134277,0.945319415037419,1.16404172412375,-0.363132097354447,1.242783894063,10.4219769547218
0.121445077442396,0.849441705688813,0.69772370208368,-0.122029875177616,0.848717513210293,2.24124475418691,2.36069819553023,0.576735747473708,1.53295711965509,1.51065410808877,12.3361005724765
0.543482341133857,0.761589798363004,0.812877653115529,-0.555762419503567,-0.39340959716133,-0.710584875444397,1.08840078364911,0.020666730046815,-0.191265150611656,-0.248869223589781,2.05619354249773
1.16347702263319,0.0572884188893568,-1.50958978630702,0.113846434634601,-0.768951461091209,-0.0384314196697935,0.738533847277061,0.244795503223707,-0.654180646289584,0.92145160505484,2.4546598810056
-0.78468404150741,0.405957023865441,0.177668591327875,-0.992145787101476,1.15943226516648,-0.898995761675122,0.0603802408843155,-0.248055203288133,-0.706247745888143,1.16103979284449,1.30825619114883
0.454409848005315,-0.291631722862596,-0.466627353141282,0.15043100593909,0.637755037826737,-0.751993969795071,-0.674782288704762,-1.53556333697684,-0.524809159882271,-0.16100314651248,-3.54899126995287
1.6937652422778,0.421686417722699,-1.27847922721695,-1.00911736852668,-0.590449224131169,0.89427855854694,-0.101211045345146,0.50990738542101,-0.335026324764515,-0.124147329454022,0.869016148810607
1.0289675330844,0.790547915421132,0.503556318854122,0.130130625047525,-0.909313596671993,1.10797847708379,-0.697918872467118,-1.34581820723192,1.55153765393701,0.339406087697861,5.20305499100135
1.45590044325879,0.891597293844212,1.15365747912348,1.14092930729235,1.26815649338363,0.698189772488766,1.41842773335754,1.56014507526922,0.760770617607211,-0.205966518089102,12.17569860014
-0.0133097469653601,-0.16936303396574,0.115776383266411,0.564543173226262,1.0401866596649,0.198995328425083,1.09510616843595,0.688652985131833,0.321517357302614,0.0576837314606736,6.35258426826242
-0.000785820510374702,0.480141075960459,0.427975379178101,0.189104726649831,0.557074226691868,0.765652246243954,-0.890147330193744,0.710112025269533,-0.0522023378033761,-0.467074091297912,2.89136181623959
-0.299470614382536,-0.440240508788216,0.560963261921097,0.683207967536979,0.527932523453689,-0.931158860961007,-0.141858914322894,0.223976951211711,0.967276409185763,0.141393052011846,3.12715781750808
1.69828459983039,0.621309450432244,0.15812172165387,1.65511778958792,1.68062984704738,1.63214244728107,0.600068348576467,0.220633121180539,0.942889184563503,0.707602435361824,9.1469835799345
0.543482341133857,0.974048006396756,1.18941688250523,0.325167573998116,0.425572214245652,0.7189522215938,0.631923910305102,1.47476749614768,0.353834117417487,0.302493631411123,10.1159374447547
-0.911193402866041,0.172725455019733,-0.805730755412383,-0.827487317885011,-0.823749540052756,-1.50951609240229,0.804690378055735,-0.071012909221732,-0.374727731718203,-0.397865667189667,-2.9654531827042
-0.891386546292527,-0.454673390870949,-0.277279874865819,0.367934182709067,-0.0174864832536605,-0.207256154172512,0.844119972762575,1.39768489674682,-1.24304487897646,0.327332182371249,1.96423055415881
-0.980282440507918,-0.715247381008246,0.0402293199347709,-0.709183872055254,1.12940549709468,-0.714839463370875,-0.373140477931482,-1.47884935754763,-1.00126544994256,-0.582768677637062,-2.7990156050365
-1.39499860898866,-2.84561381936272,-1.99430413847512,-1.30233128749564,-0.711731859618911,-1.05531388599758,-0.904656154748564,-1.83582561119062,-1.17884243115408,-2.45361200009605,-16.0927901273806
0.583680886958283,1.10174142044033,0.553418386482079,0.844448528210765,0.0414820656349913,1.45651007561358,-0.406694432484834,0.0465898323902803,2.0138656544265,-0.514178214786305,8.39399954189334
0.121445077442396,0.374124524513255,0.391644916950238,-0.259878146934925,0.882274541252656,0.552297590022527,-0.555408994984976,-0.782371682779049,0.913476027601634,-0.218109186530038,3.42318955924593
0.121445077442396,-0.0633949635795949,1.61127470614753,0.46036365604214,0.690618843375292,-0.156985159845787,0.456490000652364,-0.221224889168355,-0.337117316814663,0.460583894797479,3.38444068843259
0.66643504101758,1.35543008853588,-0.322679785918123,0.86716760741081,0.232411224801093,-0.943720332496774,0.601478330718075,-0.719065972931185,-0.206875462296331,-0.00774451380067248,0.786708449036345
-0.363726524153963,1.09872985095965,1.50789581194691,-0.0183187086451899,0.78290745947562,-1.1120512504269,-0.22223235383995,-0.802479813703625,-0.217453170385847,1.26249783541248,3.54063314962652
-0.556788491160641,-1.02784119544133,-0.815121044837107,-0.140382539774309,-0.640482856597172,-0.56545985698246,-0.299790906521234,-1.21999043650156,-0.941066635063155,-0.855467851612158,-8.00438334795339
-0.546594022158054,1.16410028799671,0.0617607433764533,-0.617341300074809,-0.784775541728223,-0.712518558864796,-0.158494416179574,-0.595607956982252,-0.0907114385992459,-1.47222799423201,-4.02305044751087
-1.45425854755931,0.230727108439453,-0.140362021543641,-0.904469259228067,-1.02163489584105,0.960615107279744,-0.651486502371467,0.337736169463126,-1.49468263778313,0.347659243369531,-0.487129241812159
1.59994140029457,0.0587680826913056,1.01673105983606,1.08198383502953,0.424612320630451,1.17957586375339,0.821299550033765,0.623892520972347,1.05186570552958,0.838326934214015,9.0914511200846
-0.453562449616353,-0.845624832114836,0.177349702544617,-0.144773619037794,-0.649615805827402,-0.507195307878713,0.237089681514391,-0.640648917880893,-0.457435033628446,0.677439020153962,-1.72422810360862
-0.508698931270317,-0.457139589279019,0.585128197900076,-1.17359639733021,0.207574365213894,0.305157833083931,0.129348465383143,0.879692238450227,-0.56877663421745,0.0915434321573356,0.376671683722331
-0.281914683783636,-1.67519270913772,-0.0449394727807563,-0.19732439490315,0.887870250458364,-0.00999089541440606,-0.232754948108093,0.311283219423371,-0.715924006689419,1.03197426421288,0.495753200078121
1.29419855180087,0.614663909170954,1.52478777910677,0.347990102689615,1.13129433197603,1.69849376067152,0.777047363322508,1.47833185223815,0.977792435459285,0.867221153901683,11.6910609784298
-0.123471370886822,-0.534134420611607,0.293679245791094,-0.620522424218471,0.268438940105709,-0.485294439304695,0.614677593488145,-0.922766449065592,-0.716430417875303,0.209556138922632,-0.639113329075593
1.82095914812923,1.3130912125111,0.532569344401942,1.35716971059262,0.774786001310056,1.48169844662185,0.501015255363892,0.24116561619297,1.34302631054064,1.05707638792096,11.4654104360667
0.152928266560781,0.292714426550135,-0.188404375275869,0.0221310392705348,-0.620475770058034,0.288912507178616,-0.834837937312491,-0.785709564575577,0.460916969843979,0.0227835919434325,-2.18252617416728
-0.759977621567058,-0.087696788437707,0.297992283778347,-0.0985524423051843,0.0213550489897874,-0.711024841085616,-0.191791305896651,-1.12990818250495,-0.341304850097477,-0.198016317792311,-2.7594263777364
1.11009189283119,0.948313456119869,1.02568119711876,0.217727299466755,1.46396716237083,1.86380732423119,0.645272930021549,0.54363474075382,1.55633216404415,0.738014820593774,11.160190010213
0.302361835196736,0.290244847636307,0.372992457228139,1.10324644063975,-0.814937255749633,-0.0519942804014741,-0.0198715774912128,0.125843547137084,0.220022227669763,0.704577318899165,3.90249973361864
-0.0133097469653601,0.692241291857484,0.676307391867266,-0.460002700507558,1.20834119450623,-0.314512186168968,0.326866605279629,0.839977600062361,0.0930951232337916,0.681195030934573,6.43830462282151
1.55052420589198,1.5934601320183,0.405985491801148,0.363390653844777,0.297032063890227,0.968109002355552,0.38076850553252,0.867810792727764,1.23249790196164,0.911195744860772,9.1214669002988
-0.556572559829866,-0.475877532469014,0.214069926935211,-0.548177558956839,-0.573737715786935,-0.0976251958408051,-1.29035571155441,-1.48029887982058,0.637417957242787,-0.400151431456873,-3.5446806479721
-0.161019445077892,-0.946070635682731,-0.67691540967773,-0.560022149687971,-0.313899532178533,-0.019260813076821,0.121924089757362,-0.718700027201041,-0.0987216856923261,-0.259524973128694,-3.07251278657016
-0.637474391833636,-0.207857730372524,-0.689049932961142,-1.62690872724401,-0.532746018693032,-0.613005013317797,0.0169555130046056,-0.421268119737057,-1.30404529807073,-1.06369056254328,-4.40709188876671
0.203861188830602,0.794744273206724,1.35774936093942,1.55408015666608,1.28150245941661,1.58665518550802,2.80434188245467,1.44913258534164,0.659226771864051,0.631737845194812,13.1759863516229
-0.637474391833636,-0.49195323325885,-0.63650969141397,-0.535235545757575,0.37933860017479,-0.406049932204284,-0.435571201023577,0.125662579090765,-0.716516743699442,0.338394336509589,-3.77827612535877
2.40078978550873,1.7240136848169,1.07550063901292,1.53188640058852,0.916022945493806,0.693902461343286,0.731594284375002,0.890183172856423,2.12323024362665,0.622730246528247,11.3995114050249
1.55052420589198,1.20791280821036,0.369350364132277,0.364397324172853,0.838491080730742,0.577132238503843,0.620842752281333,1.01937794016761,0.329442158308927,1.00987623662205,7.02550762066764
-1.28509818910397,-0.792349475920834,-1.03039734496009,0.183400282518157,-0.422541208613462,-0.841138684054992,1.09835298338408,-1.86870738243094,-0.123688513466029,-0.18022573122168,-5.11992791682493
-0.126221830239374,0.252225114788485,0.134520456298693,0.667701802837516,0.39165127861543,0.0259307669496548,0.316735377202008,-0.234109551252357,0.8697055904637,0.519788290767726,3.24572366290124
-0.622005455135584,-0.755353337164738,-1.10409316625371,-0.218419817564511,-1.0692029597386,-0.577293464042875,-0.812619745473651,0.0674689381267586,-1.2669424220963,-0.996473886964787,-5.29678092080148
0.348547475937277,2.27818564940357,0.802024195969856,0.326045731777331,0.417688259222694,0.507751832652418,0.899750894042524,-0.413677110306453,0.101392414827686,0.284149480380137,6.42339016170301
-0.690853921481426,-1.39641223214366,-1.13839204044665,-1.38111948020245,-0.931378086793954,-0.0610835471147246,-0.73384104281463,-1.21485361807962,-1.46268307192475,-0.500521897638074,-9.60507353150502
-0.8304014078931,-0.342313591506797,1.199438633985,-0.044818217673369,-0.333633262674049,-0.428788449832418,-0.732406416558123,-0.102913319168843,-1.17802636556859,-0.205849488411732,-2.57930811336333
-0.493521708871607,-0.926407556181119,-1.19927080609844,-1.01606325100163,-2.71516214023978,-1.46083154350618,0.703978173897741,-0.283798475465698,-2.15562580613381,0.0708577542080402,-8.06971518395281
-1.67667303345685,-1.02143484919384,-1.95362717032809,-1.5049502633398,-0.877754728388228,-1.86041991225572,-1.30114592081107,-1.93928782848033,-1.84609864720809,-1.30339647947922,-12.2325048345353
-0.716685202622192,-1.43912217359527,-0.034061179662516,-0.627054920118494,-0.682275359017987,-1.2166327971731,-0.916709424735725,-1.28329591010491,-0.622629012084713,-0.708546167208009,-6.92108948626836
-0.262139677338943,-0.241834323728616,-0.838064372443338,-0.4962489589417,-0.417846319031647,-0.275419670352192,0.473457201666539,-0.653358572666594,-0.27796836488481,-0.0795701663298549,-1.28583234931481
-0.911541557653489,0.242076801119708,0.627932693387541,-0.287586331862477,-0.877571275673719,-0.228751715423616,0.0296155625738799,-0.275330495323248,0.253156303649262,-0.345936297067474,0.210369236133874
-0.368787262540096,0.350039446366379,0.683415428644868,-0.671348635140519,0.401643817029648,0.0547857857657741,1.1796465815548,1.10525569435245,-1.28561725058283,0.50368874251631,4.50904241545089
-0.216594274089708,0.336587311636134,-0.0676265420130654,1.18223980569712,-0.0638468157819781,-0.955756955478923,0.195096660938127,0.784776283423561,0.521983139402145,0.879714371433713,3.88836270997781
-0.409643904103144,0.832541393344153,0.70049319281695,0.472067467921168,0.338573316819081,0.208416017012663,0.744085852094045,-0.547288271482517,-0.137141275489811,0.582143569802085,2.43267635049952
0.0119618477729215,-0.479407181370865,0.187663205952667,0.509898910609063,0.197746679532773,-0.690090412775211,-0.444642245423091,-0.214016333520708,-0.305077149557807,-0.589611673562087,-1.06487038305318
0.183607097649697,-0.139419627333331,0.680360342369975,0.305002295409428,0.741154901236333,0.728331510515205,0.71976747594958,-0.125143466387104,-0.536501122448787,1.03197934427853,5.01071591315711
-0.746824236229649,-0.587500553485676,-1.77493072838926,-2.09204873928695,-1.69541333616801,-0.975651352007405,-1.57406573433941,-1.19568604564837,-0.530434132949695,-0.428616293886527,-10.6086554200161
0.81318806826354,1.48885687018711,0.183174790135839,1.15459006895516,0.593947433693885,0.168648791364759,0.269224954873421,0.537040476076486,0.770051037810635,0.153244261648115,8.07618022145352
-0.602607456434982,-0.416446054035427,-0.570864904598271,-0.800945302259156,0.532683917570948,-0.321693810862393,-0.339913788209205,-1.2628771877578,-0.832245898831559,0.195241526904858,-3.75815408050821
0.66643504101758,0.471708178279712,-0.236150467841234,1.2878373383123,-0.894476103932793,0.722194122333593,0.111907410001741,0.0558897929672081,1.10014451467511,-0.766531269960793,4.37137585861419
0.448794322251584,-0.83001457232216,-0.55663705481443,-0.412968941545153,-0.489810498283769,-0.534985121655254,1.16232958084366,0.198798519465559,0.20162176920819,-0.802170762545777,0.620679079301249
-1.79780249652695,-1.5401820011066,-0.293486552431715,-1.70408238894631,-1.24336974851058,-2.242449945562,-1.72459408104692,-1.69424206852105,-1.63607411473056,-0.880210930473688,-13.7909724792903
-2.07840266880152,-0.7671522994392,-0.248929557120709,-0.180139541561986,0.187831945502514,-1.15231782222529,-0.660813482615767,-1.66496951486993,-2.08106355980755,-1.46433011230025,-11.4894524143041
-1.01528376129976,-0.255139093504801,0.522595143224202,-0.591298946282329,0.466586045593591,0.744303636508943,0.937097475189111,0.0354929821904185,-0.394403744749984,-0.164316413344102,2.30715922299047
-0.759977621567058,0.455805630074412,-0.470926112767963,1.04751821309425,0.108420706197851,-0.539422768208084,0.189330746254413,0.998963864159819,-0.501410802090376,0.816933134283231,1.55145986404598
-0.709725902393283,-0.491093905835632,-1.07397420622326,-0.522525206864482,-1.00786091508084,-0.550199427404457,-1.57405597038028,-1.76672802369072,-1.58451524613711,-1.16025578437031,-9.75916981054084
0.531909331927196,0.238257667778162,0.244894400610834,0.0283433263337735,0.614517540831063,0.0434797603708014,-0.165738532691368,0.127723261597201,-0.127719593981575,-0.40696559843979,2.52771321124439
-0.560670186808495,-0.144030806192289,-1.42560257257341,0.224339272340456,-0.553986362444729,-1.78709654041669,-0.610764110582345,-1.84702391903144,-1.17157107389736,-1.26691089657092,-9.20932007768454
-1.89413385690729,-1.72864422803745,-2.83052967815618,-1.72176866535742,-1.30180254575926,-2.48969356315911,0.0984058534989836,-2.53661982951786,-0.0910744308336671,-2.11286611564987,-12.8110539306199
-0.30611128609682,0.278246167595218,-1.04648047710982,0.424085703276241,-0.222057532150953,1.01465350377957,0.456892598178044,-0.198569095292016,-0.404369844934609,1.81780217993389,2.98174942324716
1.47959682357482,-0.170740013936548,-0.18748878988915,0.644081164049371,0.0262924791917555,0.22144492333131,0.475626290174194,-0.604394192179409,1.90475749422821,0.323340848081361,5.86755989897006
-0.969668049826259,-0.468156926894814,-1.13387655055026,-0.53296634505314,-1.96736048400992,-1.02369028396698,-0.451569628512464,-0.976215447474335,0.143267924563525,-0.32112087042871,-6.18553816049206
-0.00199300360146099,0.322949780063089,0.385602232330754,0.0688503309077498,0.188733973141927,0.295876085874357,0.0883750075594984,-0.00882470872715224,0.0954651663062101,0.12643602265121,1.86836525108364
0.323959525911505,1.77057128421106,0.941499088107348,0.825817459930218,0.407408070705831,0.367632802366915,2.39623090241698,2.08036956803797,0.560650473705041,0.932735787202313,13.1072363337582
-0.525075421905505,0.00306139670766672,-0.821854898458008,0.0507673943203981,-0.282289824787443,0.460951204306493,0.872877114107894,0.0467995783602484,0.0979521282729854,1.03838933648868,1.60584007381151
0.599640892847649,0.194423553729594,0.141637868026369,0.723365478575567,0.504945527509039,0.213229756115424,0.379977827270325,-0.590190314027799,0.866643715130765,0.400806652088625,3.75933269973929
0.445752065056768,1.10362375371819,0.646020689964952,0.0780577531506378,1.16908518212393,-0.950764660287768,-0.340058558932838,0.855482611389788,-0.122728416921401,1.10316972849965,6.15206318802701
-1.41719402391016,0.147060244567297,-1.05527810443178,-0.544636639349559,0.424791888488401,-2.30377376503599,-1.45073851505182,-0.879865693767958,-1.70941278650988,0.391266786520747,-5.33901530193383
0.541269167661166,-0.111365182025751,0.0531460150102439,0.380221348102849,-0.66440700305572,-0.069313284733132,0.612175183440996,1.28063932742358,0.211544340123689,0.735605873703175,4.32819487373845
0.66643504101758,-0.249705807814005,0.367987097240792,0.482953757060985,-0.400684900157057,-0.326311896010804,1.02852415721231,-0.265501760866052,-0.694132995166237,1.11275616300765,4.08069909233219
-1.70282850875829,-2.06482151858098,-1.83779741840919,-0.972348368600427,-1.65962779752123,-0.552531475655278,0.230807105462512,-1.6732283280534,-1.71964378583072,-2.02678062117139,-12.3809766998325
-1.90414632830157,-0.833379277711312,-1.22226612391589,-1.63949607950261,-1.25525614268123,-0.0366327695095996,-2.13332276544269,-1.17034198364925,-1.50800776761934,-0.469576622414469,-11.2699974570613
-1.37751313702072,0.515560774105007,-1.26510198910412,0.128996474609853,0.357703918948284,1.022718357423,-0.449768417239281,-0.871309914060371,-0.725402090534412,-0.544646097182358,-1.14062928238127
-0.312556750871802,0.767387598259575,0.330245893279501,-0.825609452096425,0.276860080823389,0.28751409100549,-0.203591038523201,0.139407906042997,-0.665486193120094,-0.876047023734316,-0.0822968044400191
-0.420178307990754,0.625148268603438,0.00979920129091589,0.115841592005156,0.829166247973313,-1.5608188896264,0.539112465310479,-0.0971030528129045,0.0873098856011811,-0.185867983647513,1.605478474496
-0.292917488579444,-0.0698362533441887,0.111132735946114,0.177929620054406,-0.857092720497055,0.366541081916966,-2.31496577234382,-0.73934698416344,-0.405009025882994,-0.347689126762236,-3.36508984967864
-0.343743877093003,-0.469218176321318,-0.859694263349791,0.643564478512373,-0.269601696306714,0.93930095404123,-0.0877045255698416,-1.18030411971139,-0.693438083968791,-0.475868318994683,-3.17757727278025
0.233727617138628,0.463664156068155,0.372910254534115,0.104171449131845,-0.169698602065506,-0.0152816568715687,0.164927761880733,-0.558667618493035,0.203112830480224,1.24748587448794,2.44060188989855
1.55435551870701,0.0914687049055252,-0.137999265629691,0.963016010082334,0.97256648770868,1.32112519204344,0.828326417090824,1.83436673057613,0.936098501840017,-0.13182191192867,10.720947655238
0.641051609822778,0.192872134344601,0.408671995090719,0.224563738562168,-0.106716277050446,0.205858056808977,-0.546917209382484,-0.362429220666767,0.0995883133274428,0.0263587918493532,1.25891941511404
1.60628745779298,0.932414735354677,1.31285125052244,2.30145015623436,0.0277809879492732,1.36105794200771,1.70210402189568,1.54286143868566,1.30004178553123,1.63341282107307,14.3841523793937
-0.0401225027801023,0.296167614898258,-0.819763247549167,-0.0561939241688409,0.287885533584879,0.348474594177394,-0.415668288371155,0.0807057324681033,-0.0843683417212955,-0.453164310551682,-0.338850656740514
0.368133516089662,0.955066717916221,1.19601964170901,0.288549375971286,1.25973018496635,-0.0693792734382779,1.19109328613903,0.737360932136763,0.0627976772186774,0.807774682310292,8.81707235570348
0.804145526711848,-0.385637776327546,0.347266620867624,0.769444934914273,0.811201996858961,-0.57605214151468,1.71505601830105,0.755255417704751,-0.960834360124663,0.252120281397716,5.48650821553861
0.987422920264432,1.01967794178473,0.0065413182672911,-0.531579246530599,-0.305322709161578,0.304570372748464,-0.437927833301177,-0.640996598478988,0.0237949054013737,-1.33402525523374,0.137277240945094
0.641051609822778,0.71937968711554,0.523509889866656,1.76300618835378,-0.75762352331453,1.37963493922508,-0.100163743764578,-0.193494142236772,0.328890385031477,0.624656673129021,4.58467408868395
-0.338238347094765,0.310486133260123,1.376502851175,1.99679378210965,0.228807121370155,0.202796817834781,1.67783192631663,0.982657028471571,0.144613145559169,1.17294359272094,9.36634613345298
0.933160814222219,-0.215958584657791,1.03363242740797,1.00876881763542,-0.489198938685298,0.89868526632784,0.933664283172878,0.238633162299054,0.00668297343932756,0.525820337600035,6.71652932726804
0.0209889241146781,-0.76473393930231,-0.177808432565741,0.135907432049852,0.728415620559134,-0.26664203508477,-0.43307535693662,-1.28673370786284,0.00933114149135195,-0.551026507318948,-1.58474171815857
0.457319675128218,-1.15986618147297,0.0151896666566019,0.753821646396624,0.855700836939508,-1.14259919293072,-0.0310941270166668,-0.0755534180874451,-1.05818907737747,-0.838616556178791,-0.0241906962399627
0.351166458758438,1.44794138840578,-0.221250402887775,1.03099785952182,-0.173987755739175,0.306918011546358,-0.00813324160068168,0.237828916029495,0.782129304033883,0.975243273079653,8.28912198010947
-1.37751313702072,-0.97702638706445,-0.933611104026751,-0.39410097587901,-1.58376322320614,-2.08000548057652,0.00487227549687397,-1.73121982021761,-0.842154710567706,-0.473200570172728,-9.51203699619584
2.30461313029825,1.42120684035277,0.613695533619858,1.49529477642552,1.67782058608109,1.82241853832356,0.522153184285891,1.60139611773653,0.973937010293117,0.741259787710516,14.7088309843579
0.641051609822778,0.655356922021003,0.158769717809614,1.51667787561808,-0.222211847207285,0.620368906229911,0.988222340861935,1.7503266613454,0.922397633202353,0.55504005449666,8.40024003449931
-1.15233856508471,-0.269911140217742,-0.23935738874131,-0.213259962174011,-1.04884956133276,-0.395156962283133,-0.308527143144498,-1.00346965651508,0.0521708779709544,-1.18166804317606,-3.67769243964507
-2.1029629715922,-1.34095052924246,-0.890015810418465,-0.838064622948939,-0.0817765562691923,0.730457415763803,-0.6138212010351,-0.177348385227979,-1.68473046205751,-2.03680404372875,-6.65563293643019
-1.28509818910397,-1.52359680715686,-1.41317945447064,-0.942419623414376,-1.81235458820848,0.230947426059446,-0.845385792568992,-1.72909099749558,-1.18063086327808,-1.25339133825727,-10.5941780358654
-0.514287198016862,0.579753425876909,0.116533931475701,0.890346250058806,-0.0390116552907004,-0.454001702070486,0.727302160049506,0.693908585355399,-0.482287873386656,-1.18281735058456,0.893054902455677
-0.882025456330171,-0.707180483243599,-1.28172808102872,-1.1847764731314,-0.97684418425674,-0.520370161009424,-0.260347545900833,-1.64183565233136,-1.67143781946505,-1.25805038093259,-9.74539223899944
0.973558618498657,2.19742132292613,1.84731121615651,1.13359542217138,2.28377733217907,1.0191128674562,1.0036243811963,2.02298000736427,1.93818846585367,2.84291930901345,17.4260878814296
-0.827949183367797,-0.524441895360106,-0.897243466177876,-0.467753221078927,0.0412617112457647,-1.10948815602013,-1.12040253290972,-1.09789685794216,-1.99881184002851,-0.493335767229344,-8.06175594652348
1.13080777246599,-0.20005619993422,1.12569868635001,0.321617616965562,-0.273982578053685,0.464755534693896,-0.047886279262432,-0.234703343438358,0.680904453793761,0.233519350419663,3.68208531697883
-1.05985684849634,0.46699058797145,-0.23465387343905,-1.20042749209098,-0.266633740375192,-1.22180493591951,-1.61117245703915,-0.353964650657574,-1.07975240714747,-1.45953620397883,-6.41504048022529
0.974025358517334,-0.92134093676112,-0.129885382389553,-0.0566300809443501,0.592308185476324,0.0965221244145924,1.05260532627818,-0.147466599635058,-0.330959771098003,0.636695950184107,2.5189697731091
0.767197105129961,0.659009736569087,1.24777511849836,0.393968748354755,0.747256203010824,-0.118471507943575,0.220749827371251,0.166884759920157,0.781542139101383,1.51440533950456,8.53925937387023
-0.219905612598957,0.227222439347441,-0.772704512589334,0.341794732064706,0.519587543971329,0.492603850834806,0.412725714568868,-0.0585829185384777,0.268328483481159,0.611733490516316,3.96254483958119
1.12514832854561,1.52039155967375,1.82827649129702,0.836677979385834,0.938843327134541,1.22671815987081,0.664626120713084,-0.155662016506563,-0.159860733666646,-0.0560490035877459,9.10637534771003
0.638781039280149,0.00673726038679723,-0.422670489005727,-0.174338803371429,1.51751746703416,-0.724899320082643,-0.316840086524914,0.445727079414247,-1.40453409931044,0.168053999789217,-0.176555336222225
0.207123019425345,-0.0455972869221495,1.20393215093979,-0.401806859739946,-0.0975472801089227,-1.13278159686541,0.770945400807877,1.23347391267121,0.57126436912015,0.374423999597108,3.51946523266892
0.921319535811599,-0.201867480280778,2.14741001151954,1.15667489481588,0.258585094982849,-0.537772668858945,-0.140492972757921,-0.398013830067108,0.0534787230754104,0.317395820346424,3.66946192774726
0.447990793791799,0.404861696282634,0.836253131087823,-0.00895976153063194,-0.53515831402502,0.527953466080179,0.630061723533487,0.977451980257059,-0.124048426300399,0.563717684495595,3.98415329747425
0.473429531505376,-0.647531245328696,0.830523904452088,0.523693295476251,0.754314532288984,-0.55609640801155,0.611615979437475,-0.115258580256012,0.562453739302011,-0.278555392306186,4.17927586695846
0.795640343720189,0.114924323961834,0.218353167024172,0.744034083592473,1.63540600719885,0.614655005370577,1.79566212833963,0.143906912224426,0.80795451389545,1.20513363343629,10.687126697656
0.898609010345003,0.96536807870361,0.838144508332224,-0.831320685019772,-0.0417503379726542,0.339218162617095,0.0702095290869755,0.474668293386005,-0.980366665736241,0.965076898437571,6.25862296207263
-1.41719402391016,-0.96095501931134,-0.985087119815451,-1.13578107607649,-1.37598105087817,-1.47807570234959,-1.78301536197299,-1.69950032561296,-1.57430653028352,-0.134309219586992,-11.3221263938682
-0.8304014078931,0.346397579461461,-0.710046350112332,-0.772460881460642,-0.171945231180177,-0.344616011274673,0.888492668204585,1.09347234078105,0.307282829345829,-0.241038362723797,1.8539833916099
0.533378270991921,0.667349046789492,0.681594089334018,-0.632775005510062,1.08721821731633,-0.355884849048315,0.652400356982548,0.00245267443580444,-0.0213110793028729,0.685353817368802,4.88361387155341
-0.407747569822315,-1.22475425546856,-0.644645764065934,-1.16713496869346,-0.302247039227854,-1.23126010028499,-1.6860156357876,-0.766362006901867,-0.248105867804634,-0.960979708188564,-8.22645114733961
0.0869975234542733,2.08242480654547,0.435773901313448,0.0162723071331484,1.24266823539814,0.645734816961742,1.45494498590374,0.879591839671799,1.39622928910051,0.445747702827312,10.8590520474134
1.12714830343001,0.0751166732978739,-0.132711953549975,-0.210776780751765,-0.0414257517348955,0.0644126600256665,-0.165823103699722,-0.934034711429449,0.364033649690468,-1.091976191863,1.05167945801074
-1.54703671524484,-0.173252140797373,-0.302604758442093,-0.915845714348572,-0.541058729837988,-2.59787640824332,-0.694994504277721,-1.62463711779691,-1.31383037922097,-0.685266100258442,-11.7424933470293
0.594311625794709,0.121507663078151,0.0701114138751442,1.00878652608853,0.793189243076739,0.519099416077076,0.880576050101585,0.49787179547496,0.969450086462927,1.23850891062985,7.74134449315781
-0.877829432278888,-0.306991037013166,-1.94975246242107,-0.0282286171528073,0.465036396909288,-0.515465226199766,-1.97997435723514,-1.47407519129293,-1.3327179580946,-0.0787984952037718,-6.3865147528749
-0.881323997147523,-0.315193540235116,-0.514706433406512,-0.577238955511406,-0.783208110939682,0.108365191447433,-0.954867621974468,-1.24859492421123,-0.736418738092144,-0.888320646482026,-6.49639330473825
-1.37551946518042,-0.502382667343404,-0.798890718408902,-0.0197008706905396,-0.45258208846464,0.375210323147644,-0.110969219438867,0.0207788202829002,-1.12743863794754,0.50856297831558,-1.48395554432881
-1.4420731118996,-0.0618063937459525,-0.532166646734463,-0.802804831457712,0.411461574224584,-0.112772595851358,-1.09165360865043,-0.68448786651519,-1.20862814430705,-1.35545290080699,-6.40756075100666
0.804145526711848,0.435454319895534,-0.290190011099241,0.576345936923177,-0.601640976092019,0.667830003113945,1.1767831295525,-0.0368568859605741,1.4458343453787,-0.586722609956891,5.08371769928064
-2.8828861203786,-3.13737289864296,-1.96324225198053,-1.52609292342135,-2.99221585326335,-2.5623998319209,-2.11026371366473,-3.77332844360011,-2.11158797619769,-2.21851062977354,-21.4044014271639
-1.77632544097828,-1.31045754942478,-1.39754896155764,-0.737229751775977,-1.3160837868794,0.698907166333148,0.822970746932284,-0.00861543351085847,-0.11653311343859,-1.44366831898157,-5.10455456371654
-0.881323997147523,0.262352542633736,-0.873002784151838,-0.803080774599979,0.505663538063594,-0.577037412842121,0.395700868183074,-0.107836484202347,0.0719728968903389,-0.832977285142725,-1.80766557366171
-0.0220317104072811,-0.0353911743352072,-1.35263162251897,0.354496466215331,-1.15116673334046,0.356980945393857,-0.195429041285867,0.128824581034227,-0.627412734547443,-0.359282893786132,-3.67011939727806
1.6937652422778,0.248024873360021,-0.0886104422645999,-0.525650949824134,-0.21690841151332,0.480039744420913,-1.0691178742827,-0.135971432552094,-0.0820536476700517,-0.649327972340346,0.757168684081846
0.135193830062307,-0.718810358082144,0.98737925839222,-0.450636194113953,1.52252934063147,-0.192288089461893,-0.514295801765556,-0.382534181576172,0.85256808983371,-0.551769825991947,1.41588499189033
-1.13643362953791,-0.370163906621136,-0.0207666941504381,-0.610197853691288,0.645340824208387,-0.152802721486177,-0.955810261784669,-0.293397512065155,0.205326925691893,-0.28006027933696,-1.49204370959939
-0.570154974795106,0.341143120835489,0.513318610732478,0.902695413216754,-0.111374581574356,0.0770874457562365,0.719956437901571,0.458669268009367,0.129623123839884,0.229187374525544,1.30795840333349
0.615503022596547,-0.00376994635039568,0.49934300402138,1.19079326699798,-1.04816299260473,0.0181982833011534,-0.206332466947065,0.101856687817581,0.318231145815921,0.52537130995308,3.10522083867767
-0.240741166052385,-0.640696042388893,0.0515958952510265,-1.77001999561688,-0.419637115729939,-0.105613650084503,0.499661617826826,0.143861632871367,-0.826614770810694,-0.0209509587705173,-3.72786261751881
1.09822873911631,0.600691912834489,0.867010334089109,0.426445760798084,0.651090464556175,0.611625892044531,1.6568351108248,0.205608434450184,0.767170191482361,1.11786094393919,8.90342849563669
2.40078978550873,0.782571728300299,0.387683199186337,2.63854490924092,1.07837176287463,-0.0205839716070251,1.46548877721784,0.948960416276856,0.690545031251517,1.01217407614974,12.6624230460873
0.421716135476337,0.986970015403673,-0.105952641137448,0.168850870927571,0.489504434268012,0.0252691802945806,1.68120080918759,1.64230570748494,0.0271548876264032,0.817285469681808,6.71705039580122
-1.3861927794926,-0.13252425693678,-0.484860461775141,-0.8231010763382,-0.92469262591535,-0.650881079002978,-1.38636785234401,-1.44791396665735,-1.41639020099633,-0.88560588723308,-6.83649781497525
-0.963820295840325,-0.311472999283708,-0.433457923297523,0.742952460318272,0.864936855142975,-0.433415705819769,0.42221110464993,0.917051437635184,0.800463992353842,-0.661743041106416,-0.0280051084455206
0.445615724868021,0.00687695614105555,0.243571165535744,0.236643277958055,0.777534375871064,0.00194683929806727,-0.0736040426297299,0.00238196901967724,-1.04873453526673,1.17965737726139,4.06468370408628
-0.798013481160701,-1.54173991976444,-0.561882965201765,-1.62381618934392,-1.54259283001623,-0.604861875645807,-1.52805167632456,-0.492392299517885,-2.10713479714308,-1.67377581115743,-10.3765415827843
-0.512295230907435,-1.48281840304292,0.167134923189958,-0.748060263631657,-0.0725361969717716,0.311828604539566,0.451880254646777,0.0433909564390817,0.797050703993368,0.447921287515393,-1.05530225660492
1.35932314402308,1.24676944088545,0.273467408258643,0.611249620803915,0.536781994188875,1.3564938364564,0.378467463429516,0.615104988936661,0.972478746986183,0.230539695705746,9.07226862825839
-0.657107147562564,0.460417820637665,0.175310257602577,-0.861922063344183,-0.922999951616131,-0.123917352560437,0.153142508600371,0.752218416475927,-0.0190947191647178,-0.352754784946425,-0.526283379382311
0.0535969110548186,-0.919175333042481,-0.375231238926237,0.198642360142202,-1.01515850022537,-0.43981723168418,-0.668055676104522,0.206650360796156,-1.56817466924392,-1.25279445217709,-4.64906544407227
-0.798013481160701,-0.406921456332894,-1.68244100286019,-1.70874367732799,0.111134487112629,-0.643898339017302,-1.53083302066616,-0.726064516653369,-0.790254021418326,-1.03008183742739,-9.12076882429063
-0.732700129500575,0.0155219892395535,-0.940865165045915,1.06685250131798,-0.0950028055869152,-0.456560034548057,-0.0423948194833753,0.215909820543369,-0.669082239098199,-0.848300315542235,-0.703663677316229
0.305924826508338,-0.337940351388024,-0.263594768900514,-0.62333746973799,-0.499130916733832,-1.79291499257412,-1.22655916398093,-0.0631725870230102,-0.394522689142306,-0.577119116231084,-4.87110220976216
-0.287305682256478,-1.57386378101727,0.213595941809557,-0.827305654164015,-1.44290878567758,-0.92484676636148,-1.44315135692726,-1.48673558731639,-0.365165936744528,-1.48664645475577,-7.53128980149289
0.47545355392907,1.57306967304246,0.823485079784546,1.03163608466594,2.42805418035285,1.2981744231397,0.574404041433698,1.74304676123966,0.290313966144891,1.17132955710693,11.5307985729306
-1.32131778796717,-1.88866509899896,-0.0550950432410078,-1.57619810226946,-1.16745136820762,-0.6766953435131,-2.09829230406683,-0.76568683638494,-2.19044751635195,-2.76264178951986,-13.8286812007899
-0.866488813496588,1.19382684880426,-0.676048657999771,0.144344120855473,-0.019458167017488,0.318449742318923,-0.381604034678893,-0.910759505309169,-0.73885566736215,-0.139189328950437,-0.714210802441852
-0.284682659709924,-0.206466424632005,-1.18695023707741,-0.520511089826994,-0.997271224979234,-0.588149330926937,-0.405195767502099,-0.319484304603695,-0.420870822330496,-0.729721873319837,-3.64141919713052
1.11816827690127,0.106897990240335,-0.501331266190755,0.0199965452211853,0.191336445545055,0.786085771746572,0.833966888519883,0.403056241610198,-0.198308721963905,-0.0455345172711103,4.47322646969785
0.66643504101758,1.026424816946,-0.135690480605876,-0.301666992006651,0.350600473503061,0.571981885994619,0.411470440618624,0.82151592992155,0.793240507731641,0.343086007051955,5.95306504504996
-0.839346953816941,-0.934396553090968,-1.17268293186394,-1.88289748999115,-1.04297829278138,-1.50062505412225,-1.10654481447749,-1.64516866333389,-1.94868879112175,-1.66316381567326,-12.1607391134539
-0.863280285169221,-0.88054297118529,-0.323408336075296,-0.738724556323129,-1.10631875961577,-0.436220135307583,-0.152739831049186,-0.823942042602668,-0.855139752308573,-0.658036895008704,-7.52885657313462
0.531204789722253,0.299679000444532,1.4707719797937,0.755972032722246,-1.21263010902975,0.465327571914197,-1.18081456647324,0.420446274456877,-0.786482354799756,0.57634727556722,2.07213610659413
0.0465520237852003,0.847134515617786,0.587968290821687,-0.705168322999191,0.662104609178385,1.00380573510832,0.634637144967514,0.649414530539929,0.243439912724183,0.560474859162399,5.95590702807094
-0.911193402866041,-0.0138658238968006,0.814520500777888,1.12574436562361,0.16847616078984,-1.33376389653938,-0.139272101862035,0.525696534200094,-0.101057141612042,0.206345009824682,1.01298099618395
0.508104703106992,-0.559045509654595,0.545256757733612,1.73928713152409,1.77235397055509,1.33753378859126,2.01699531323914,1.43469466282563,2.17300604089861,1.28372240221881,13.120903024555
0.185232381984181,-0.0407308963050543,0.594323903076269,1.08444845571767,1.31365041014522,-0.938574082791957,0.492719305221682,1.24894048427455,0.174147472798384,0.699312628227306,5.68582228296677
-1.25700749691877,-0.0265131254221098,-1.09790199648266,-0.828429613685567,-2.13499228517214,-0.766135375075124,-1.00667207943339,-0.203892081203202,-0.985810735923433,-1.88344861776182,-8.83011052579727
-0.0484384455104085,-0.213855108197537,-0.574737950426853,-1.39337332201147,0.606085150595684,-0.458126947320909,-0.402600123814097,0.541869823207166,-0.0848654238132475,-0.897739159825959,-2.69830851506605
-0.775522141197121,-0.291715173987793,-0.573572053000191,-0.112041751337696,-0.391395631037299,-0.268405253485342,-0.887004742491422,-2.61355623617265,0.284726369737868,-0.143597243939645,-5.7340575410443
0.0209889241146781,0.0414059950321358,-1.18296108527115,-0.700888171103837,-0.249748902799078,-1.2612515698445,-0.725841993135158,-0.313455912846534,-0.397343319488171,0.179925608085946,-3.18654170957974
0.259427588492304,0.527592968945652,1.23545461653547,0.249269371480347,1.30021909199167,0.0232029882069005,1.39924269408539,0.46558149089406,0.474966842114262,0.0592562362244843,6.41446835280964
-0.546594022158054,-0.847985120703988,0.98919504841317,-0.0738991000537228,-0.384603888745864,1.17518372254485,-0.176039026976596,0.193065121622827,1.2302281141152,0.318068059929025,1.43382026922359
-0.953633641494232,0.828695874043866,-1.37773616846525,-0.199195367620204,-0.62453183213423,-0.667982177794311,0.0426880044923936,-0.566025308842062,-1.43708157819764,-0.886322094781636,-2.76780425978688
-0.271634661207165,0.501120599252107,1.01809227703089,1.6361636592089,0.235633567872503,1.1470328091163,-0.0199346617677919,-0.0666451546395375,1.84552614482447,0.047123806567686,6.51822191371479
-0.816669436274051,-1.0165791630941,-0.104931683239824,-0.509452638768262,-1.86092205805362,-0.360498991153715,-1.13938748180449,-0.319152535433469,-1.19461149333229,-0.409822374850595,-5.56720636427859
1.0289675330844,0.551541803809032,0.222370461502377,0.125082523761566,0.417865307310872,0.554930672306874,0.666904844407767,0.354323840843048,0.73854320912381,0.527473870889766,5.61562111408795
-1.15233856508471,-0.637130341882677,-0.746619385378667,0.144575999045598,0.681266936569198,-0.765122134434423,-0.358955623172575,-0.338139769193646,-0.493372266267948,-0.877542575459448,-3.85654815169761
1.10849776988357,1.27777740442181,0.748951619395951,1.5799242182361,0.166005837898957,2.75272221711414,1.19029364430919,0.6138614695484,1.27290025512611,2.25999698330821,14.9258437829346
1.0289675330844,0.675147332297315,1.00917714986256,1.5706374798399,1.25697346689825,0.837658181095259,1.22885775953293,0.124469971349622,2.30292757302435,0.927064142899208,10.1666653099469
-0.564015318474288,0.423623821347544,-0.509840793228509,-1.38271303448781,0.49547764357529,-1.12077337938175,-0.697897661858717,-0.155007495637663,-0.657238552754526,-0.241534162746699,-1.12939295746041
0.292493298425933,0.0251579835156826,-0.46910139387865,0.251600290361926,0.654739140140069,0.0957940827972997,-0.827879762644681,0.0465304048863222,0.819856123698527,-0.161044177889733,0.0746305157702767
-0.10518316388102,-0.561357274890454,-0.0355431066527734,0.875754687839628,0.0334433030045903,-0.420680917010458,-0.0244941688647341,-0.298668373927609,-0.701166560589367,-1.01154229916656,-0.752189461409798
0.898609010345003,-0.724750829397797,-0.428773066984423,-0.449915517002323,0.316905272332738,-0.911984850236544,-0.656953390915835,-0.309995092631807,-0.857114747798902,-0.868589405616477,-4.62782124710125
-1.01123794533587,-0.9873145073092,-1.1586330097681,-0.296864300938169,-1.69664635819978,-0.611325890692371,-1.10877724046226,-2.4239925721925,-2.42270293112269,-1.7911176323175,-13.122595131237
0.637674646284781,-0.458928178037399,0.708834271079259,-0.748647479584438,-0.198991874572773,0.310728303011763,-0.666484379873836,-0.958663871050003,-0.90323788556543,0.297308234671868,-0.92982396216112
1.75071369284673,2.16186076595485,0.819001288959268,2.14371524739711,1.35386308862493,1.52662853531232,2.77494291409916,1.92467197287917,1.73103558827934,0.517508782571992,19.6947491378026
-1.02246901248133,-0.488652637665008,-0.362577023100407,0.153630697848678,0.0648999169139084,-0.619733505377821,0.214699323924045,0.0456394724274583,0.677466343603656,-0.271847725937994,0.6370633522041
-0.910222565614458,1.76148110949639,-0.0864299537669007,0.378606315858926,0.641501578920831,0.0634081959642036,0.258134758903989,1.31877910237208,-0.681438862024925,0.941605154434516,3.63729069740639
0.588273028090395,-0.201557943433111,0.0313797017300848,0.723266385570366,0.310073207918546,0.298904487937152,1.01546481058146,0.437592030347707,0.590769126729576,0.0123315065283363,4.81123638924631
0.0319729567156806,-0.26775398888883,0.591163457094884,-0.190355106029612,0.465932154922463,0.932385943362496,0.249187934142916,1.43244270651457,0.966347184426776,1.10312333469562,7.27426214086394
-2.1029629715922,-1.18691596823116,-0.796219722057329,0.555420442798579,-0.509174744515957,-0.44410041855681,0.400724364192765,-0.442848434561917,-0.342269326950178,-0.783449497298226,-3.30515509689862
0.385453419909908,0.48470250040912,0.315359211461203,-0.0734608823090745,1.02009655682072,0.252527713724484,-0.437410406155994,-0.21704448451417,0.346828834794229,-0.00495086026384656,2.72298278701758
0.612195061590148,-0.53834922327275,-0.427704277190467,-1.42618266939534,-0.913742433278765,-0.680098588271687,0.833282482577911,-0.571377439946164,0.874219031009157,1.27023629213622,0.609830778452373
0.270222328479627,-1.81281347197371,0.490524539052193,1.47248345266302,0.500712978237117,0.33619242746228,0.599561409970572,-1.04141274380284,0.936748173754771,-1.0684672250499,-1.3957190847245
-0.411484083825914,-1.43847475687111,-0.883112478604754,-0.46075154949503,-2.12021276155697,-1.24062712887094,-1.96550980347511,-1.26986277839609,-0.947562847620669,-1.29128139042218,-10.8351028001628
0.378532239820259,-0.24315743394933,0.453808536420803,-0.140036915446897,-0.00128766056654075,-0.410514456596277,0.386984790932757,0.378647214928238,0.710587713071339,-0.43512589696607,3.53045422106694
-1.77632544097828,0.461934614484897,-0.0582504599134455,0.00369291613777634,-0.252372908216145,0.283312193095144,-1.72895171474279,-1.67696918886796,-0.837450481577981,-2.26506774951147,-8.17017907791548
1.74653484626415,0.446173251102944,-0.120082037163907,0.851382827867076,1.35222155211291,1.71037901709378,2.05790359691947,0.869339163279241,1.93495736619178,1.25827239362533,10.9253771652657
-0.969668049826259,0.29829221095042,-0.249830765704692,0.458016283719135,-1.18165772106631,0.554413124377866,-0.934290069251436,-0.825386201460722,-0.111488659291172,-1.1808416888696,-4.41077826514594
0.431971622217633,-0.955387176671787,0.878790541516641,-0.117460098605998,-0.0543735237059731,-0.417760524984025,-0.167915005892536,-0.132696453964022,0.0946225490427692,0.606264019198163,1.08241207299181
0.0515750056350482,-0.947467439740264,-0.88049132060665,-0.936818968319676,0.925336944486995,-0.197545813240145,-1.61841213424021,-0.922512257139026,-1.36553777869193,0.360868517510378,-5.34101878649581
-0.911193402866041,0.411596314528689,-0.316137000112692,-0.927028290117063,-1.47763777396562,-0.348517099714411,-1.45953160721203,-0.417252599768998,0.475147127329205,-0.682238323546688,-5.25919561946715
-1.70121611653647,-0.839240810881169,-1.8998684151836,-1.64808873918934,-0.327564572444433,-1.2571189226313,-2.10140117195993,-2.23027843201098,-2.19076205663,-1.40069135879928,-14.0617936954576
0.323959525911505,-0.513940254440477,-0.464029796668682,-0.303970628616591,0.734417977250144,-0.668034620202279,-0.115535178330415,0.973184310126825,0.721389543241101,0.126138334396423,2.88050847619297
0.385453419909908,1.26567215504963,-0.947825509833061,0.830093661063319,-0.140032467923866,0.115312027186628,0.514628136283239,0.503422379767108,0.825668183781658,1.15064326202148,4.71563558214879
0.724623258692998,1.30012432572655,0.930721029725019,0.216239145478225,1.19918691034859,-0.678920671972244,1.53725022570984,1.51443013412714,0.323836893290903,0.433847139144519,8.51990134015029
0.462289805835102,0.806997458604189,1.03501898470403,0.351552959837757,-0.646214315400532,0.612764344846659,-0.280845127229095,0.126746399088359,0.928464135999846,-0.349585910662447,5.15426941524952
0.189590070079085,-0.363443543456994,-0.817728276753872,-0.525781132133158,-1.27981617460243,-1.33232937641819,0.121539830983011,-0.263659932707204,0.958903652392368,-0.95418551840814,-0.215653773592091
0.343555028631576,0.494295946397866,-0.523154291918848,0.227210515794105,-0.281110664371353,0.132085443672913,-1.16643272580081,0.536566588585002,-0.538020451639759,-0.487653171314464,-1.8371836889036
0.0932217850843187,-0.784746082260924,-1.63193358980284,-1.72595430704029,-0.907022901903996,0.372730463422869,-1.2780899958649,-0.485285740316291,-1.06310060815891,-0.453228390003426,-4.84941711523636
0.615503022596547,1.96483831960336,1.72667268352263,2.8629232142952,1.60401380754987,1.45952266684487,2.68872759127288,1.11036070641142,0.43130044482747,1.82702776804515,16.0902258042989
0.66643504101758,0.334894313169593,0.114455525620071,-0.414755360869792,0.708263939110481,-0.1597662169516,-0.580174838028403,-0.922754246403386,0.466979115590242,-0.175038920203318,2.4737104695228
0.74792674035146,0.461517920978156,-1.0578162443861,-1.32122237298355,-1.40570180720278,0.0568962553789302,-0.794581391135465,-0.313354437347493,-0.906944530152481,-0.881365623064549,-4.22101929337326
0.613207893184025,1.50934996470079,1.63095050320175,1.55082261491925,1.40937740305157,1.03127429615798,2.45911981433492,0.0371968090800776,0.726535188554706,1.73208753233117,13.1237713080992
-0.556572559829866,-1.23930541492857,-0.0663384259393752,-0.628886700919893,0.288921687606209,-0.445811964620035,-0.315897499533587,-1.25715907439362,-1.1151826991262,-0.33602694113175,-1.9862113942686
-0.794221503352432,0.206000471317534,-0.525720120738269,-0.296716704938723,-0.377070965268785,0.139643023563902,0.283656194656632,0.0196572498450924,-1.0182940795254,-0.376648756093341,-3.23796353229719
0.210563299663588,0.148138184468829,0.751672361971439,-0.136961983626118,1.48306099936926,-0.936410441376757,-0.552691457928987,-0.215486331666411,0.608408322777737,-0.439114930750379,2.86442981314364
0.0119618477729215,-0.292514372451951,0.314923584266782,-0.139928170607992,0.728707091884913,-0.403430860072772,0.0453726609098639,1.49782017950876,-0.218374753504205,0.790294322013817,4.76376949476117
0.536214929825105,0.716144256010733,0.599575878656204,-0.200440353591112,-0.32816681453208,0.416722106986461,-0.802495709975056,0.293592425579569,0.574633623024129,0.0789294919684636,2.54321320458526
-1.0201113534696,-0.90881353958872,-0.907701212531679,-0.964693678398387,-0.853277303853981,-1.4679051243806,-0.72712096282551,-0.920293793093858,0.156936276024245,0.129904826810567,-4.44913835060195
-0.374009957522622,-0.107236470379054,-0.0730358706045418,-0.385364186777144,0.434287565799262,0.315374376067397,0.393671871502695,0.0610088143420594,-0.479963030648223,0.337173925147018,1.8772004356655
-1.94390554666369,0.117770456483044,0.126275318716368,0.721293065287035,-1.30343975854134,-1.2508671472101,-1.01820145584089,-0.289905325796036,-0.661746596902284,-0.210810087821241,-3.89368586814926
0.233727617138628,0.321555948547613,0.509221878080328,0.727681394439846,1.16128753528567,0.71615857411463,0.257697897001603,1.75299840102266,0.410452571239204,0.483426400282875,8.96366833189973
0.620703884147041,1.57261844742291,0.050462945526023,0.338877499077219,0.321070906993432,1.10788025588706,-0.837667687772196,1.53972757817023,0.61765284079592,0.592154575237154,6.82603714198201
1.20972545480899,-0.082695553454495,0.589438782687476,1.09363476389699,1.08857965234053,-0.715177675450727,0.441240087244374,1.00520504697945,0.844882277686796,0.620412510097964,7.475093724948
2.56536510292576,0.485634337832503,0.651262797607268,0.1292037659117,-0.000701557952740406,-0.0860838346246255,0.943000289164056,1.94301017654087,0.583543471931726,0.0110284371850294,9.51425487665838
-1.44210492224,-0.690095263530544,-0.645815008619002,-0.636312424179337,-1.24840349507323,-1.97504356505606,-1.41687899998584,-0.804652571104585,-0.810576399895816,-0.154837144091379,-9.34811248271745
-0.0746930548187173,0.632845446807785,-0.0128018284733026,0.196332798887814,0.207780258391035,1.00742210304965,1.56876546852381,0.584447161232926,0.350904000765947,0.854946702509769,6.88473829030166
-1.70121611653647,-1.77566097778122,-0.749860981632248,-1.43014468237786,-2.29609265700441,-2.09239037423631,-0.99037104626702,-1.40381749556023,-1.67358974670449,-1.20648389674456,-12.7924522455423
0.74792674035146,-0.0384222090267723,1.57663048534528,0.481786274624643,0.197732417476822,0.571001977517908,0.725930448027752,0.777575868571073,0.705916089057983,0.631146808562354,7.45167195237483
-0.168188206399131,1.03932132255471,0.351568907825396,-0.269301331609755,-0.908097682597784,-0.77804666014764,0.649823394285089,0.399457742895105,-1.21553092993792,-0.624061936720955,-2.49513467093508
1.27778104740443,0.977053686173524,0.651480694121371,1.46948508846368,0.989641515763623,1.59834854663723,1.61849400485485,0.664203342624888,1.62249790439414,-0.180294062427999,11.247936873378
-1.06232476127807,-0.817530226494737,-1.81665943082497,-0.887704569897406,-1.49996824513686,-1.24050465859828,-1.0438157448913,-2.22946509076461,-0.373726413472845,-1.22583155318944,-11.7839908359598
0.102620709882722,-0.0139608538469912,-0.125230717231348,-0.349774135952356,-0.278508691711426,-0.525463792664682,0.261847525955708,0.211930886839529,0.19604659467302,-1.7399514061427,-0.878896008522509
-1.38627760918064,-0.954377871441365,-0.171853216915248,-1.08672936658834,0.153925298345265,-1.69159567066998,-0.768902001973385,-0.678080611843693,-1.27967086390296,-0.537155296938927,-10.547266469607
0.65762299948962,0.805892101418609,0.831065215215268,1.21816751841107,1.90209514353307,-0.355615683898671,0.113047403293834,-0.236151812657551,-0.0379085830279281,1.77321386065202,7.45379641074774
-1.0201113534696,-0.530927351114686,-0.233443821144415,1.03122585504855,-0.489916597466349,1.24517780512167,-0.226678078576311,0.168900781889299,0.180885037411528,-1.2408854570194,0.0158427534275435
0.804407542004164,0.765940148749616,0.773151251779468,0.491177690971965,0.893467405453381,0.359142665715565,0.739188849145917,0.403249756784517,1.00948674900487,-0.332247039511776,7.50757628392323
-0.911193402866041,-1.82209872817775,0.627942776805422,-0.228684047321676,-0.106241424690731,0.91402048307518,-0.260708140727308,1.55888005689088,0.434644945640664,0.18916364680567,1.12409154486537
-1.28509818910397,-0.00732807883842679,-0.549751418062063,-0.36099786546356,-1.89138883802964,-1.37505867574308,-1.14483541706858,-0.445415390220605,-0.545287772134374,0.274735707850836,-6.19664920332323
-0.570154974795106,-0.751839180714243,-0.774211442698272,-0.850783095174527,-0.731807746626637,-0.996317435932424,0.490566995307619,1.08377211690269,-0.506706846778678,-0.0231099574863085,-0.266768783071608
-0.78468404150741,0.484457887511901,-0.320039270026869,-0.435352634086261,-0.414679328789451,-1.58517123933464,-0.259820954008929,-0.0364618691607837,-0.625903244547652,-0.223545538834137,-3.28000192725869
1.33144335228054,0.740022677355742,1.02631469872497,0.836830682340617,1.47445556292379,0.857947809552946,1.09086753955725,1.67771034539265,1.0090735853106,1.15073696730543,11.960256108372
-0.741023918755204,-1.06189778045088,-1.63584784355257,-0.845560559756874,-0.435650992431719,-0.952794906299022,-0.777042157172248,-1.77087364701355,-0.529732533586871,-1.06156954271658,-8.47332802928855
-0.948718040534055,-0.0878779840318756,0.423918577200251,0.296457634972281,0.137935108175533,0.267828535239823,-0.55025935863231,-0.690088652833262,-0.833998715811436,0.664001095196226,-2.28114216964474
-0.284682659709924,-0.418211485282931,-0.574787728986711,0.126219704832648,0.124031036758418,-0.267044788215308,-0.44093220232127,-0.569568403618016,-1.03496362421466,-0.122631369679033,-4.02642230024594
-1.54703671524484,-0.352360185569213,0.382139778897435,-0.770550804974546,-0.384467905544227,-0.376709094875526,-1.55559510843914,-0.189316097880216,-0.701175253734154,-0.791135443757213,-4.63929958736092
-0.793426770911067,-1.77815708323844,-0.684390965889966,-0.858588846040599,-1.08413396915885,-0.699558443542893,-0.933843461491746,-1.09120955781743,-1.25803895970185,-1.22105737255574,-9.2456721730082
-0.556788491160641,-0.182932823846196,-0.98075815118086,-1.24116884741108,-1.3063857199645,-0.284653236437624,-0.297539324149633,-0.372016138393505,-1.18009724871975,0.0245240801729028,-3.7818330675649
-0.716685202622192,-1.07727483524377,0.261305928753844,-1.09418781036971,-0.662337051392717,0.253035246498932,-0.0378262284243183,-0.446679394192694,-0.800384819300349,-1.33831914071152,-5.61515970327402
-0.379422227290091,-1.5179219735723,-0.649701685716767,0.180447844264297,-0.498663898673699,-0.00741061206665672,-1.24935895934353,-0.351847110224835,-1.13867180105619,-0.974724662011052,-5.73982041057072
-1.39499860898866,-1.36215976867404,-0.792797562548123,-0.364665711290697,-0.498644828343877,-1.53982420491342,-1.5159380985816,-1.74475573998719,-1.25539765136785,-0.519292341486777,-8.65247074521576
-0.734455727711445,-1.60739376996166,0.416624091853793,-0.611763164967903,-0.842546714366214,-0.0895728205318889,-1.47530105863856,0.0312749349548118,-0.631828136845849,-1.22833506281097,-3.62536446412061
0.42118587401225,1.56703958484575,1.02209154216302,0.79856584310126,0.783621112881621,1.03027655758134,-0.183271634408242,0.108958702418081,-0.219003741091866,-0.277348654157191,3.45492036823272
-0.712795092265559,-0.661259182643213,-1.28649439472164,-1.85612374724012,-0.728024499355232,-1.30753914415413,-0.315871298622521,-1.28244256268807,-0.396214720226725,-0.300475989370614,-6.70535115180773
-1.06675610800801,-0.957856520199492,-1.09533919689978,-2.08832566178905,-0.569168066422964,-1.63742473602695,-0.862676024540288,-0.218478477607663,-0.913988699095944,-1.31544686245073,-9.29324971984393
-2.8828861203786,-2.05990615358969,-1.98423920048667,-0.334460528091701,-1.03758368310901,-0.706375553705705,-0.254124326755248,-0.96244915458735,-1.48802232768151,-1.33512822011504,-11.1026214488738
-1.03111226143319,0.0708661398845268,-1.2277514387746,-0.203638345427896,-0.150638468170747,0.741483339846442,-0.261156877904431,0.286444577893354,-0.65359027121783,0.257387869201391,-3.0391199938554
-0.116545734477407,1.44623063427026,0.897073927308417,0.0619859860171501,-0.718663163928078,1.25092079472282,0.300043046869079,0.106446616522656,-0.535894985283323,1.09809551177787,4.29502465340302
1.46744896253739,2.11924702370111,1.462321428466,3.63629980794504,1.10659223720182,1.05088487547269,2.01187273763955,1.6560933993212,2.17909383576937,1.09887699119732,20.5946560570254
-0.133279981230646,-0.453344722355628,-0.814610418709681,-0.118328231851466,0.874014527323147,-0.230657116774963,0.0447811915407017,0.812521465783917,0.231171739108153,-0.452676478128989,-0.467852193260696
-0.829320153363015,0.324823725727598,-0.189507971319888,-0.134786580285516,-0.758363232284227,-1.68862238821238,-0.736780076662606,-0.561568250569997,-0.633472684757469,-0.466934975371709,-4.02391927422673
-0.514287198016862,-0.742095013651463,-0.349627755281868,-1.03414625819278,-0.185313369346903,-1.68519484790038,-0.317230389452771,-0.340226514520151,-1.07588910929599,-1.8581207601447,-7.31313834342697
0.385453419909908,0.883525814049527,-0.0513164693355452,0.644937063004875,0.475966659922577,1.1145363512679,0.982255760129967,0.587414325404041,0.944421911903074,0.805574724601019,6.75825564081194
0.0787885455326833,-0.517002108534858,-0.697087962859914,-0.312188343394566,-1.32352285482997,-0.126020328295211,-1.24586822298718,0.431702326210733,-1.16114179780818,-0.760346930300688,-4.21975439801369
-1.16263829635235,0.252856091299141,-0.270498215723569,0.439525875445268,1.20234774180078,0.613079452084655,-0.00899252061969319,-0.476511735851517,-0.211204250868683,-0.10286282437056,1.82324025998958
1.46567091906884,1.78303022108492,0.476668266771764,0.880879015613927,1.22817631614454,0.735498356092129,2.21878572603684,0.657918673774217,0.454354795908908,1.0735385002979,11.5937758539354
0.0111692913010091,1.76823145047168,2.31897161431518,0.703760206360929,1.6252644970471,0.792067602923333,0.248982305008748,1.15078392266636,0.866454777104292,0.791798850033172,10.3610702792025
0.597699107580038,0.0803992293586418,0.820588857482849,0.429343300145644,-0.181381730417594,0.748651204959771,0.717605754664849,-0.0906793215819325,-0.215581927277387,0.565104162579518,4.47457503554082
0.732586100769191,0.328407269005409,0.5052330115383,0.132027254529728,1.33148133484625,0.304741636515244,1.25625940280196,0.795014344566238,0.506921348822782,1.09980452110523,7.54022689356952
-0.151168558109449,0.703021333928116,-0.76515007771917,1.3183723136819,0.483845523187255,0.667413185533409,0.736377674118052,-0.210792132492252,0.0483004974972407,0.895599561421287,7.8048788268451
-0.17653762373628,0.617687790617354,0.340542601857479,-0.0834815992970549,-1.0163715881558,-0.268562285273807,0.29658042604479,0.305797506212844,0.590785462110827,-0.597895492267934,2.55327056048644
3.10517308791305,2.97221550659815,2.53675199949136,1.20411535934807,1.83876451637897,2.00395855095051,1.44428222121014,1.88614566341436,2.37797860390719,2.45199718056796,24.3072143382488
0.820312897648129,0.250068812696389,0.0606842750498203,-0.569049388983428,0.419992651841125,-1.16901051682285,0.0153893874909044,-0.224103066193874,0.00867867397820924,-0.542688727820117,-0.682743614281277
-0.278637727072311,-0.0795433116144355,-0.0269619459345842,-0.304149665144198,-0.364702528178191,-0.689708386206471,-0.105246606866737,0.0189106393562554,-0.432796414905064,-1.26386515958184,-2.20372094366517
-1.13643362953791,-1.19270937561358,0.334281765925537,0.268899561567512,-0.233691568720361,-0.17119363202249,0.44556747198442,0.316864670844452,-0.607349684501787,-0.560459184819326,0.792153882826501
-0.514287198016862,0.203564410582303,-1.51172254343991,-0.222623415247085,-1.59148271324729,-1.66002651194504,-0.408867866679264,-0.714569931973507,-0.667230761522791,-0.955957339970474,-7.50017415887086
-0.494587020211219,-0.145818412022771,-0.55012925276728,0.175438285597212,0.226733605199118,0.731494652659651,0.232925976383028,0.168187911795184,-0.137955887045903,-0.0649031771621039,0.972151617174051
-1.06232476127807,-1.15191741689939,0.550268598535563,0.262064086255177,0.449907685838441,0.555782983128257,-0.720931677273032,0.433636102086443,-0.145272997377905,0.818547208532956,3.42456598945479
-1.84283351308038,-2.36634010253309,-1.13747047557851,-0.920743553848247,-1.39795526636912,-1.47111404034119,0.0237453017070235,-0.515919839705816,-1.25647955460652,-1.46579859999165,-10.3578646543237
0.804407542004164,2.05320102849468,0.701022062761435,0.701780235753918,1.00430768908746,1.25383609068623,0.214010384186031,0.337512930721315,1.74406859204308,0.555312538203494,8.66622900570942
-0.337151952180355,-0.410944135274355,-0.411027203734035,-0.374480774801049,-0.63005323876124,-0.312250354704424,-1.26081960952184,-1.5521548134128,-1.4156381261227,-1.98429633801882,-7.0761501993356
0.0386358415860347,-0.0320417021181725,1.20915699382321,0.432828029977585,1.537954009641,0.360711565513719,-0.0669878923281989,-0.900349149118336,-0.189909180985563,0.0230209208447171,2.33560984240313
-0.53432108191742,0.430531577129428,1.12670479065437,0.719159762870921,-0.841581521132205,0.518138512339789,0.0102564464325847,-0.17233256829852,1.72512587515457,1.1055309190994,5.43461920958933
0.328716276314235,1.36765365765359,0.680409499210733,0.435579664478366,-0.333510541261029,0.881157063413834,0.52893779729674,0.142197228157968,-1.27187118275118,0.5904653309323,1.63236164685331
1.41912812647268,1.34309719663813,2.58902857858835,2.19074103397644,1.7825190778794,1.10039895060546,1.83837212790499,1.367916335733,1.90425450663113,0.591132489436215,15.8533258785946
-1.55117137486818,-0.346177941356372,-1.77211273677934,-1.47913710154807,0.446421436554965,-0.402418050413409,-1.42579143174226,-0.897245590517106,0.559755121489623,-0.460801633314357,-6.11274284162634
1.11816827690127,1.23360529711566,1.88992235267788,0.27075616714552,0.533159100992059,1.3070106494597,1.17239679063,2.57596823226719,1.71490259091004,0.994494011248125,14.0921914851427
0.328716276314235,0.557785568134632,1.92023979128474,0.0476523213043175,3.27674035220846,1.00934658504099,0.831390811077252,0.265841116875138,0.824981152882303,1.0188735273014,10.0402339604332
1.99658724052438,-0.0837277259185136,0.595686808061373,1.15585061748613,0.689087399412346,0.21499845428814,2.6499440721489,1.35550800880678,0.331918567164731,1.10477247374919,11.0454462583053
-0.343743877093003,-0.392062905997822,-0.133659642415355,-0.0357102544069361,-0.124297139961362,0.20500221854284,-0.456358124694936,-0.571661066355329,0.586510922806706,-0.49962441711545,-3.06146301842186
-0.780751486783193,-1.88029352198579,-0.110513562842676,-0.518294460815596,-0.287675401352153,-1.12581286095791,-1.13168472665748,-1.27887172789487,-0.518195679011979,-0.634130692815941,-10.4510565563478
0.00675170572189958,0.00168832687883046,0.528604521349399,0.791532323414233,0.982109768181496,0.544024377544635,1.33229262647868,0.498475981173106,0.329821816101883,0.617344952894774,7.31368567316553
-0.442373687947607,0.354943125086354,-0.745582648178495,-0.537164813234923,-0.528882081028549,-1.21596533196605,0.135696328485655,0.958618416433767,-0.867253688720325,0.336954875613598,-0.255020011016962
0.454143811807718,0.797505563339969,-0.450543135772667,0.623605414033032,0.875884656687453,0.963123878673163,-0.00662348362330423,-1.43054204906256,0.191097813088167,0.867327022671341,1.9072952331504
-1.37575794093534,-0.186475573448179,-0.922433283592264,-0.16766914879196,-0.169578369605968,-0.882435753145214,-0.43231841894246,0.300197742955099,-0.47753511450459,0.141367988101116,-4.92211894669843
1.03471955603923,0.259899290768849,-0.0930978126619928,1.25156649243667,1.25259442434526,0.718622951272546,0.143242500308764,-0.73656143004065,-0.0907263968502554,1.02916815179969,5.94542006382203
0.473429531505376,-0.138172641537383,1.20669120878753,0.63860902271641,0.82874386551005,-0.359587043355684,0.309855335912452,1.44324365595171,0.0828865371406988,0.850272817580509,5.50028338215841
-0.546594022158054,1.21157596564372,-0.172186268905592,-0.246357955849786,-1.02416577123004,-0.740991268953458,1.36724978442409,-0.443592499403176,-0.37578462247203,0.623749824716833,1.41131456133397
-0.863280285169221,-0.160997957310735,-1.36612694442492,-0.52424051184577,-1.7745408289118,0.227075334696515,-0.0936318922706497,-0.487255151428616,-0.838744105939065,-1.17191727975704,-5.28355230567278
0.411925151500822,-0.234210914698656,-0.0176431454008981,-1.23601915865858,-0.911506749956646,-1.02978058535214,-0.811960018604947,-1.53718803605259,-1.64253404958981,0.448530439622984,-6.78893665823393
1.09766238098999,1.42056854397185,1.64441318328924,0.916180777024273,1.66265001016052,0.0430844724394828,0.976683380501172,2.3788534230324,2.01064263719076,1.391246710828,13.521908615793
-1.13643362953791,-0.179127884119863,-1.50518468831993,-0.377289114239917,-0.888506903756716,0.172918510082681,-0.237501494684038,-0.84981039163999,-1.3699197839406,-0.604318454059785,-6.60591238725121
0.366106978656185,0.195993388479605,-0.228538272446372,0.651400538301605,0.035677561212568,-0.366796671702273,-0.985484562471738,-0.0104953506395355,-0.58399769902996,0.631375214494569,1.32437385754189
0.776348055974462,0.781859526021259,0.419132429716598,0.834934705617885,0.340498137350387,0.259085072350045,0.333869867746593,-0.580730480211454,0.779185652111064,0.632572054686189,2.48764511053602
-0.113672826361953,-1.1142941284965,-1.38917693391858,-0.208298713572276,-2.15430106163288,-0.901124349048835,-2.16738595270588,-1.251165389567,-1.25598621107788,-1.09365208972163,-10.7647281989504
-1.01528376129976,-2.30009778034796,-0.70805181654932,-1.59944219642207,-1.17505702165755,-1.54140144610493,-1.63187720265951,-1.56806333220546,-1.66778579777654,-1.34757452121871,-15.0642585020433
0.309904629046829,0.909774025931505,1.08678537557488,0.31589374372102,1.34723308149373,-0.0446418737486893,0.572537943809996,0.480682856142244,0.264500153034765,1.1294529818488,5.19430575612762
0.834463549461969,-0.500670115481147,0.819689507948557,1.0997439073646,-0.154225272655491,-0.0918536979800498,-0.990946196420391,0.442058801619682,-0.665290486895138,0.18243263033465,1.23042398592774
0.820312897648129,1.26109276826753,1.89097765157802,2.44472979574747,1.37895330728251,0.692610327815686,1.35951129259887,0.517264167244714,1.73329052824327,1.6057096575712,14.1328414870865
-0.780751486783193,-0.839817041120936,-1.15159556019342,-0.215159793902853,-0.951374236618559,-0.941539030577885,-1.74107291501379,-1.00461249062385,-0.585417568592273,-0.474234087740766,-7.88741912655705
-0.709725902393283,-0.377147688065321,-0.78577909200781,-0.766886604331277,-0.837415117903605,0.22393036774474,-1.38499641445047,-0.825444170111458,-1.5779013364845,-1.13819765206288,-7.55873816866317
1.11816827690127,0.954994051056532,1.09594605371723,0.60173357759409,-0.0300920389330476,1.20547318864149,0.375027032792816,2.91684634840207,1.30835172472982,-0.108760544702231,9.26150400826684
-0.247249242109245,-0.0841874542405187,-0.270310606757246,-0.521854452470858,-0.811221470745225,-0.911045278429001,-0.464660138888356,0.143034637585116,0.264086703989681,-1.02441642759517,-2.95757362927376
1.2133225742823,0.129244086532838,0.69865423577709,-0.355949926391791,0.835971525236284,-0.406266197720119,2.30140971033007,-0.180037453885434,0.850108313233841,0.356307557773211,6.92308205361126
0.121445077442396,0.289164850592856,0.358508135767797,0.22100139954536,-0.19024783085641,0.0296622445303373,2.54112737011825,1.33296045171537,0.539602935050429,1.37838542641077,6.74954433289557
-0.188757583014799,0.0654125491265931,-0.904018557511026,0.0119421046467277,-0.67392133890978,-1.26860271326596,-0.895962311452523,-1.50258077998685,-0.00552373222938907,-0.609664801502717,-3.50227408007701
-0.798013481160701,0.0128693291600693,-0.288165871877381,0.088030017182875,-0.292800622577091,0.174038527988028,1.01031906238944,0.000667360138749143,-1.17012613775886,0.228612110717988,0.63166262742507
0.531284861224214,-0.302522224877312,0.553516714700145,0.402442948800899,1.79285023842163,-1.09332249871595,0.955085038670407,0.462208045361955,0.182513400553049,-0.185361029997716,4.29029352511945
-0.803372085040624,-0.19449872494507,-0.268728314499141,-0.829352761408274,-0.502309853363725,-0.485555402403832,-0.537832509869226,-0.297150479677071,-1.64741975658496,-1.43105671936261,-4.99859430036253
0.0990382901679265,-0.759512878194157,-1.27643962048447,-1.11781383241675,-1.17549020922676,-0.368739939759304,-1.06988073897375,-1.29735198249161,-0.470725692674447,-0.202215135813676,-7.32637104030995
0.974025358517334,1.26044113317179,1.83860627630009,0.229183934106191,1.43186216752684,1.18401914895588,0.191790321235969,0.137501534626772,-0.366706314537706,0.227427887631416,8.12934666304371
0.772110025083728,0.641269686275489,1.31452604281921,0.799618930959337,0.426514577575155,0.564361007283491,0.849204604977024,0.0614397662912476,0.546096877513203,1.23498721954904,10.8282135235376
0.895207466458524,0.996051654429405,1.48832711079209,1.96227014064816,0.676967697770232,1.50771462956017,0.332024754834775,-0.254703872210133,1.00694572777337,0.385688114293098,9.172525447827
0.588273028090395,2.25310483925015,1.57837957691694,1.02020806742468,1.92347331584659,1.47638726854129,0.219992691831521,0.271760889315335,0.873105525089349,1.19814834332848,12.4977850341929
-1.46347969473479,-0.727314036777892,-0.857856981554872,-1.40999335893452,-0.572519074746051,-0.629253908995163,-2.04793898516221,-1.25014181623054,-0.759035385331966,-1.23614832651225,-10.3307202892035
0.895207466458524,-0.622323515329247,-0.405781774277231,-0.69208934749432,-0.00658453643397849,-0.0530457410400331,-0.090275117365513,-0.555463437791377,-0.0428431290999041,0.5871286012371,-0.562030989422317
0.480593718620492,0.995710962072288,-0.267145925689559,-0.222870053873409,0.418119205331223,1.05438521037877,1.26480964701189,0.998478414932548,0.506397532294409,1.32898907379039,6.97243270181508
1.16165212823156,1.30558721068301,1.71378389928935,1.93812611933229,1.15363084657503,1.27480170909683,0.644985852488578,2.00517787515207,1.38453710920018,1.30397148615314,14.7579069351067
-1.38627760918064,-0.990776725405325,0.0044517696435401,-0.135273081837407,-0.0933801999741528,-0.282305200249982,0.597965682954899,-0.831131837523479,-0.215045900301563,-0.269069512716775,-2.81334180295495
0.206501783880387,0.555963581177459,0.398304267419028,0.816670577217726,1.80826363066847,1.3245670218181,1.44114784365123,1.70446935767873,1.83501144830947,0.499481591402077,12.2533715155734
0.456739202519788,2.4605280928963,2.44246734639767,1.4813345747037,0.603040450543514,1.50281297309738,0.285936930377552,0.797184920788592,-0.21632476697216,0.956901540319965,12.7130624347546
-1.77632544097828,0.143871759743301,-0.92606867151608,-0.672063783194356,0.0238545545236767,-0.0589574088437004,0.261617016015553,0.232224155814651,0.93513251855807,0.737677600713934,-1.28055307358602
-1.54703671524484,-1.47953539629942,-1.58774841652316,-2.27622922238231,-1.79724648706035,-1.88673140891207,-1.56888920870144,-1.37252318343243,-2.21201548952559,-0.883607083606984,-13.0876254848944
-0.428247128189129,0.326787074856609,-0.695444111630898,-0.360299851347622,-0.606601477594558,0.552975464385626,0.243313106635487,-0.492398853417564,-0.0527875541927261,0.0200643017541688,0.804009748334563
-0.380002871472144,-1.12638249167733,-1.54483873029162,0.350254833924902,-0.513506991766013,0.255401085547332,-0.459337766881732,-1.83274053205726,-1.32585639789196,0.450681266564986,-3.24474220773921
0.795640343720189,-0.140773892831662,0.559990177511522,0.872514156715799,1.69661774682303,0.0770738143743424,0.703740503595462,0.813190241562856,1.5695497854507,0.516786274669134,8.83712140630579
