"X1","X2","X3","X4","X5","X6","X7","X8","X9","X10","y"
-1.01189543316459,0.875223443633367,0.583922248064811,1.39763909240688,0.472381502263982,0.42243893893287,0.570757578591567,-0.732816712707855,0.148401414635606,-1.25560838645242,3.87122003701921
0.0621301991074322,1.0863442817861,0.121798315686376,-1.07468514062005,-0.528793764234783,0.295699274189141,-0.548175618283312,0.540314852196712,0.783755304069448,-1.77452437004242,-1.47899589057489
-2.00445176565892,-0.675147695019479,0.433499015195497,-0.755577806195311,0.395303965088618,-0.769246194273249,-1.22000200196497,-0.28958877728676,-0.486247358358934,-0.820823888345499,-5.40088335772229
0.325623215228784,-1.11417188259658,0.289875526365147,-2.13390218984409,0.450291985366745,0.336633445795267,-0.173664685132772,0.0123284396222835,2.0723327817648,-0.231056853665772,2.09395688949899
0.925301260979856,0.332380131978081,-1.20023611241252,-0.0294152865109462,-1.15091722311385,0.46527981568073,-0.880009925926396,-0.227493600117695,-0.451623994720467,-2.15717329976751,-2.99777916650149
0.133272871112681,0.877858698563894,0.191197464882299,-0.646629641803184,1.35035193782764,-0.926529613830149,-0.0519736652596786,-0.2273848921734,0.252069913134758,2.32880076014995,3.65410147971767
0.208588640698758,0.0554387931573505,1.53048265258362,-0.887264967572302,-0.237218717356044,-1.17387348174961,1.01218834878203,-0.244533649729441,0.519170511544161,-0.344536683907118,-0.189961926016724
0.0137336372116379,-0.370982085847275,-1.16651873397426,0.269170339985456,-0.285303030638161,-1.52279098604226,-0.0766932040956684,0.302184032624286,1.19287742587245,0.144640224913397,-1.77304623458566
-1.06341551607657,-0.945441960766548,-1.13401785877039,1.85793461544337,-0.389635631193511,0.302865135390085,0.493481447536753,0.691998266580523,-2.04108318400756,0.650129040855092,-1.29072469845045
0.781415430283781,-1.06992601908241,-0.520896463476641,-0.56789995252345,-2.13346815183181,-1.32062126349345,1.62547021495299,0.741798407580803,-0.641489977342772,0.091690702907177,-3.12430416752819
-0.076626673266766,-1.10658955013798,0.387883044014442,1.43245641271338,-0.667266014312938,-0.0465101225142623,0.697889407293255,0.0413380125119033,0.813225558926612,0.606007804271721,3.87638508800054
0.725861074420466,-0.245259659114057,-0.642288950555136,1.69365204687304,-1.10078750530377,-0.249312700056203,0.637061448184947,-1.85611227874904,-0.453386265754264,-0.43038165828179,-2.28894597952696
-1.14860964698133,-1.78964022767127,1.6729906992045,0.520049690641049,-0.210977786364011,0.415099973799253,1.00180815292627,-0.858616650023293,-0.214949523855535,-2.09043354905529,-0.84842941109647
0.35061367968683,0.37196742788814,-0.686313363109708,-1.19835357385204,0.263488199595714,0.0973394801712777,-0.304673782955576,-1.53209204077364,-0.546079864672605,-0.437896626948842,-2.54172961184916
-1.92815028509877,-1.07484855423867,0.0101130886756186,-0.17118818655339,2.50675330358836,-0.0593087951985348,1.6848634058251,-2.16031359066766,1.43291454654537,0.416516566578137,4.18133093573361
-0.127560302974614,-0.472088047418695,-0.214803027419763,-0.593319882771596,2.18661205229205,1.39905082732927,0.369451191203358,-1.3310164184015,0.242982958179257,0.294474723294718,-0.654178190786306
0.348819073546685,-1.65114833899937,-1.27304851947327,1.04065328692997,-0.845565601158403,-0.541056364348503,-0.83609468289319,1.08559585387278,0.173635232662173,1.12004386800724,0.485726147830984
0.827484652281356,2.45874799316821,-1.55872342594564,0.220266282169249,0.0970005588970937,-0.272168070649619,0.865076175887574,-1.64949136358788,-0.388413476464789,1.07893684271301,0.734986955888609
-1.29429171815046,2.46580770676828,-0.190903582892777,1.64321563051315,-2.2684703900816,0.560118107485261,0.253007824858706,0.247083203061559,0.776168788297059,-0.26626569844538,1.11203083781687
0.314442489267041,-0.288474157124554,-0.493197658848083,-0.812305031867118,-0.83460991244782,-1.33733832662694,0.662746154932577,-0.835696521105567,1.94456387785445,-0.119533537725778,-1.54041487118668
-1.73318158025993,0.342898393768568,-2.55174174438045,0.776895211276896,0.0874256129120867,0.298419201501062,-2.18866459442108,-0.86426777798757,0.242619633903527,1.63379281440263,-3.40795122835258
2.46806633815497,0.36701902769208,0.935713799498401,-1.51705507665641,-0.327167836469625,0.284261043136272,-0.905508258117806,0.0641875496796932,-1.26882818442326,0.388017750147348,0.994347710934498
1.68376724449965,0.993982237352932,0.667405790148699,-0.505283110151079,-1.69888621923127,0.104338541207007,-1.01368591431828,0.120107794677886,1.33757311631662,-0.274235835248228,3.96687817184116
0.00906329514529959,0.936854111351798,0.451961227878701,0.641174748927051,-0.16714479420111,0.834849464650312,-1.04917874679102,1.04072313936922,1.3021765379617,0.34629455976196,2.23471404909277
1.57912161697551,1.58566906267048,-1.12179716058282,-1.88565267713843,-0.19604663446326,1.17077566623501,-0.117252017700686,0.556466993510131,0.999364734331704,-1.23062061013883,2.977544344901
-0.434093062587601,0.788438242437723,-1.44485780572443,0.315086879487682,0.859482923342858,1.18234190393704,-0.706266844536665,1.3513711462561,1.37372217126921,0.0652409834393248,1.54511716310489
-0.0303291799947046,-0.625584974486898,-1.42244424149104,0.336407798749835,2.14691351816504,-0.89859023262163,-0.853972210350092,-1.21572464848706,-2.58409868553967,-0.185052439368041,-2.62363384049682
-0.970579409726707,-0.644922110741776,-1.32896646587605,0.440514475231386,-1.41400647929214,1.21385072917444,1.19901379597094,0.00667905464324252,-0.104687811562152,-0.161259846892542,0.87339976750424
-1.2361049189133,-0.241963403540278,-0.303859414906645,-0.765633417865774,-0.70960007458512,-0.338804231572413,-0.346493699997198,-0.968931436985972,-1.81819141642472,-1.60878487136526,-7.22439402047686
0.644911002062426,-0.0484229366591473,1.3424870799649,-1.45407738813822,0.00513276808319388,1.31755654726087,0.646264209107156,-0.642291538066013,2.24336918084096,-0.868740414920451,5.89298056291914
-0.879445283616086,-0.485117933017642,0.524493160058182,1.4130559148,1.5844681863071,0.131559396331298,-0.518519935573261,1.81404535598396,1.25817926007694,-0.0313657984274244,6.06536353797015
0.156097543476729,0.963466551646513,-0.831868254191927,0.53011555930277,0.105318785314604,1.31393431591203,1.17468861205199,0.369218003884742,0.204961449817246,-3.04799857195807,2.88913314534995
0.836630646122802,0.160075819263228,0.453640321436139,-0.781031867318458,-0.854598873510895,-0.405707478280032,-0.402356339764114,0.137410541646428,0.628972181724412,-0.514017843879848,-1.10524606647729
0.58029118835531,0.100351426667718,1.44654877555811,-1.27115648022302,-0.691459638812736,1.12516699995006,-0.312475601996,-0.644219715937375,-0.177249101678959,0.130709073353915,2.89008379156725
1.21108131312846,-0.704904988465031,0.561316991725489,0.255504274116661,0.491892444281516,0.590966944833227,0.667754835736367,1.76319380128327,0.0182575176442301,2.37898918129415,8.84826258733334
-0.937259373827204,0.0369672109313631,-0.0465050454378735,-2.91013255969943,0.0558842609302815,-0.808492760321269,-1.09226773648141,0.342580377427358,2.17617381094414,-0.891342247535687,-3.59430550785867
2.07028175024839,-0.130316660509911,1.09719474036167,-0.379078559334331,2.88978692840458,0.641468517117919,-0.997288657209471,0.329248096857725,0.213863796712845,0.551806149510224,6.86116290073712
0.859332688551433,2.05321706591718,1.68631119246736,-0.19865871066403,0.632514802630163,0.840574245386217,0.703788136028502,1.2525011545586,1.67016633251133,-1.44193488118164,6.68166582438004
1.0768392254268,-0.833410323514792,1.06457287348022,-0.668126256667717,-0.831101815104948,1.81429860216232,-1.49049664172486,0.444785289006278,1.60664159858567,1.66941836421654,3.60074837296893
0.762433703696389,0.367112820679193,-0.0670921229994382,0.328955281105804,0.0346720710915141,0.992424137865885,0.691127156017127,0.16613362995129,-0.226943750479425,0.219006631673423,1.30862111265747
-0.452424507641968,-0.0788697549008989,-1.98675501394589,0.624849214537298,1.63957450321002,-0.166314147890702,0.462917476254265,2.45270694781478,-1.42337879751811,-2.36106348987106,1.38869406414112
-0.614272159519893,-0.574534908444743,-2.58137073630246,1.05430449503055,1.08221949265117,1.95396407129919,-0.331965326488837,0.754943289779507,0.540081110892837,0.226861610055611,3.15054089000459
2.03702198466214,0.332337145822806,0.174922027030818,-1.1620180941154,-0.941582917424569,1.05850469747818,-1.54556499967833,0.48643993422577,-0.101878957004687,1.1053758912799,-0.173039479504251
1.05801853428267,2.17836697439636,-0.756855864156177,1.29922670495261,-2.19338812989863,1.14681837422178,-1.38380118211277,-0.367549396521389,-1.43236346869008,-2.30185267956938,-2.62775997850393
1.47001319925998,-1.55657845576001,0.305313865724327,0.981137852611136,-1.19809327827772,-0.626998270951681,-1.16077881651745,1.96741559527818,0.0162615238036979,1.30799914476281,1.37607193838564
0.990182688636211,-0.196332520992757,-1.54937973746087,-1.38223006350593,-0.986799534570294,0.83468753252843,0.261998764626964,-0.921970345062948,0.148529916584016,1.3255542302167,1.0824475706938
0.741908531039651,-0.510782616000204,-1.26275041583323,-0.86523958304182,0.108366807885848,-1.57627880799187,-0.749919039515968,0.474924842228112,-0.113559540097154,1.24263261356754,-1.1691386189982
0.636900719172852,-0.283126574676033,0.563006988792028,-0.409743309315318,0.231426176906206,-1.83455256467879,-0.443650505008474,-0.715566986913512,-2.07902991860305,0.370900221415583,-3.37146950222532
-0.679441161605948,0.676502692383627,-0.0352880198919944,1.11473439736035,-1.00395812345543,-0.268660173117822,0.584152049680607,-1.32575547365717,0.312210198611826,1.49399026797524,-1.41364787589569
0.244538923482646,-0.986136365200566,1.04600494247781,1.01817606972059,-1.37961539076151,1.01465536773138,-0.995683353999117,-0.768657850020929,-0.242514250937198,0.134425477756438,1.00472281029887
0.0599895645220452,0.472408658924238,0.152337814254842,-0.0828041278108904,1.64061661876461,-0.255985596954926,0.306326743708046,-2.17397637266682,0.782595482991395,-0.678526158187333,-1.44395376305317
-0.139171559796173,-1.4301588493138,0.72883047393509,-0.107174288528535,0.948576898713735,-0.0558676808510532,1.74050106868893,0.518788592399168,-2.14025500599038,-0.0638569007103652,0.0827239574574896
1.00335677026677,-0.136040459321647,0.147805244068325,1.42183680911287,-1.01375915140986,1.26908669288412,0.382772148296968,-1.00345457062695,1.59544657319397,0.783429183739943,5.54189881420014
1.93122697143558,-0.0807375465515038,0.160913157866205,-1.40647033186604,-0.612142517133922,-0.0657738045477274,1.3116710998562,0.461111301781393,-0.774011678436969,-0.296682775565716,2.26514244901944
0.646539856234165,0.368706240110777,-0.436685057439825,2.0597483396812,1.17759292663642,3.84785753709385,1.41596697230509,1.62029720179192,0.00961408134449032,-1.27887366597654,10.9366555212134
-1.3570590223249,-0.397407252178403,0.228565114178467,2.55086295251188,-1.54953488820124,-0.433278563680716,-0.700644226524391,0.153117766059963,-0.833474126884661,-0.178943241095197,-1.39347915351817
-0.842224932639402,0.446241522141936,-1.20350105082881,0.233140920981886,0.982460636859168,-0.131817040811799,-0.340479104781896,-0.720064586268195,-0.385441494606947,-0.70285823420229,-4.26417152598316
-0.943011913443188,1.83906546154961,-0.651681885376185,1.07456229324299,0.422022676621523,0.649266719456771,0.279295285099236,0.120583884568489,0.911427532491925,-0.314887591998004,2.93342652725806
-0.424134316298616,-0.408423214728319,1.0755125002143,-0.827470087748392,-0.573636494604687,-0.345111715289179,-1.27035881212872,-0.795280903725086,-0.740570535306801,-0.270506629576339,-3.78072531171683
-1.31615190493239,-0.43382036191238,-1.17203053567176,1.10048991863768,1.1604286497956,-0.410242562054328,-0.0565054652719589,-0.129428651026089,-1.16623298077374,0.537870801918099,-1.85155959861379
-0.691940683563541,-1.21875387701579,-1.98581280960453,-1.13273229693832,-2.0222407857626,-0.490365702404874,-0.103624486158318,0.0798730356417771,1.04895638938331,0.612051917862696,-5.46017447095877
-1.03216863902903,-0.569963495684919,1.40030810362118,1.30625254080707,-0.998194968875785,-0.522523258359281,-0.645111784126656,0.0549657637633613,1.3516924263887,1.40338260101066,3.48085326010832
0.345587624252323,-0.419099216931307,-0.793427907119008,-2.0365629355977,0.588706406283868,0.941895859544691,0.862055113739644,1.15102898138064,0.529985867567807,-1.01810778654069,-0.0887338858258109
1.43851175532498,1.1753053059886,0.372485123159223,0.716912147096922,0.210243641835826,-0.467450793584291,1.00427292786729,0.736098174874564,0.0954943497930742,-0.142476112124466,1.94362912393579
-0.647405503633819,1.33215400190139,-0.317923477345212,1.08606814975336,0.16613298412242,0.069002008175601,-1.48069851915259,-0.943734253553853,0.872529997406363,-1.16650333153243,-2.29097013116589
0.314442489267041,1.08958292192398,-0.116187029981259,-1.07671593986985,-0.359343477038296,0.188145009119657,0.148815004039334,-1.15101373078058,0.402984991999956,-0.429078893584006,-0.546611004048061
0.74853440335411,-0.180198826301919,-0.322248823098598,-0.726748927156945,1.7902795456059,0.162317570397028,-0.291735810738975,0.45515488254638,1.06751991162703,1.88900377861041,4.51236636250311
0.774271206337125,-1.17215833294106,-0.876135599479359,0.14543283432139,-2.19231850534986,-0.442395109144198,-1.4778086017204,0.539126037309312,1.46375683769129,-0.848998869607432,-3.75892058085827
1.93122697143558,0.0942857206192931,1.80685319142272,-0.355477466587517,-0.671385645290225,-1.10782307824011,-0.72684536578677,-1.96526250499389,-0.131839543390202,0.661851991826209,-1.12901719997704
1.73875329713149,1.57018115003552,-1.39315458338018,1.39108917202423,-1.62785021376031,0.640217544115503,-1.25523409537216,1.51580426763065,-0.0424691994486702,-0.693694922401255,2.39278456072736
0.813472602396665,-1.45201611383243,-1.7249626787968,1.26284139589721,-2.18920454145435,0.456094208161747,0.481035523056598,-0.597839925050739,-0.73055190730082,1.84183975717892,-0.0530960596215128
-1.03001933107793,1.12382611022729,0.241518772297178,-0.60610977737003,0.0386017057869142,-0.485196568470503,-2.21109870996027,-2.21545045799747,-0.573483531049769,1.73150751419067,-3.02005037373949
-0.831283565719144,-0.436352543542613,-1.00806164032373,-1.06924211874057,-1.41533015888698,-0.824389969338421,0.557443729923544,0.142125007272196,1.08587247543956,-0.376653956868979,-2.26526054689431
0.136433321825766,-0.210548099162814,0.239664687013343,1.62975081810047,-2.60825962242056,0.591210551560022,0.476737951148693,-0.74461468535018,0.529017088790721,0.0763993428208325,0.50024104718193
-1.05575757810515,-0.0404684549277945,0.0749032833132343,-0.652154808537157,-0.647603550147268,0.845573373463505,-2.0197930750329,-1.44385930516758,-0.748093399551415,0.0282923019659732,-4.63179211430634
1.18875790384839,0.648988725482429,-1.97274083785767,0.0785545374170924,-1.53505731064484,0.0592694895368929,-0.512109141142936,1.03533694049091,1.4787824291509,0.791581785103288,2.09639637462554
1.30387637801558,0.318462346247183,-0.335738821303696,-0.599103269489917,-1.68320438689914,-0.657075192884493,-0.413193801128341,0.0116329407938523,-0.874018221060253,-1.04619414910766,-1.32840585411115
0.0207748444080772,0.404074758073727,-0.166671554349743,-0.313265371592025,-0.430307325506283,0.505445637797176,1.51138690274203,-0.985916503485392,0.292663597903173,-1.84255935805553,0.797354483473417
2.04167427252673,-0.23803214739487,0.465648695069953,-0.575476430426374,0.458809426611692,0.516732685619238,-1.54674322530579,1.28242165566755,0.185098076380842,0.350554911314989,7.85797359437884
-1.29429171815046,1.6145556136432,-2.43742262069436,-0.592502856657219,-0.48402875317145,-1.21748145475582,1.07468202354779,-1.55102154200534,-1.10339480780601,1.60656956166135,-6.65841944314868
0.208588640698758,1.89283262072772,-0.966658734480114,-0.91055736952746,1.21724858188972,-0.133145332490998,-0.564280263019967,0.298268066010514,0.820758065336778,0.431334381113484,2.86385294559268
-0.706007472076356,-1.17884032060761,-0.406957251816031,-0.915921839194363,0.217545796484114,0.196297161246414,-0.724496977821581,0.645041901951498,-0.478424377916404,0.372267572966667,-2.24521421476243
-1.86599238024705,2.19732411716545,-0.628263498955047,0.235906838142396,-0.55941146225613,2.32453034636469,-1.08239886343205,-2.08334508640624,0.24582365693895,0.632123268086907,-1.34061027875577
-1.87953911570566,0.696615859719394,-0.733759089576429,-2.29218932920734,0.580916366733827,1.34735099654542,-0.341109516438628,-0.199102769354245,-1.46682043698226,-1.06968426469232,-1.72984274403216
0.057132785540462,-1.55017461160187,-0.238567340877194,0.0619568931213748,-1.78710822568046,0.769200468944379,0.27634075837122,-0.964951399657542,-0.74484655529466,-0.727998869495054,-5.01679235510959
0.859332688551433,-0.0431313431280954,-0.380484941549753,0.164699623585989,-0.65104761381779,0.675243361734104,0.26784089435857,-0.0710262438550514,0.298241673863257,-0.243574968794563,1.41700134429302
0.557965811342318,1.24557341746734,-0.673635575215641,1.02096316995512,-0.815287069955897,-1.37435136151893,0.364995000681213,0.334360834038632,-0.917501468935,-0.341886516859276,-1.29248352974816
0.67048605807055,1.14993811916631,1.19383239088553,0.0840759602392134,0.695985894241449,-0.0171501876545147,-1.0627270864434,-0.0123599465428884,1.32964306403554,-1.13121711227082,2.84602843817711
-3.41416810183027,-1.08909177923235,-0.779762789872636,-0.52677815269654,0.850995418479747,0.757974928887805,0.240685584296103,-0.760953466469787,1.90935509664462,-0.131891224927724,-0.67935774359613
-0.434093062587601,-0.197481114069701,0.888031346602838,0.0317624340124095,0.125799278671772,0.37732718041218,0.67468640967234,-0.781573027111989,0.300353166275635,-1.42513571066262,0.347527320614661
-2.11003080987259,-1.55697516524676,-1.13647506198407,-1.71403251173091,-0.611511440893882,1.98948651566171,-0.165274090548626,-1.24988685536136,0.444345333571027,-1.261524572229,-5.31890858581888
1.48049559427139,-1.63520983183066,-0.615703212698363,0.244536527633123,0.469823404505872,-0.119519518100391,0.802613562379322,-2.17094290897126,-1.70051321218956,0.500085772215858,-1.01125913737753
1.57912161697551,0.0590252616781635,0.734250731309865,-2.06929532266308,0.0934166059605452,0.703314200809227,1.14741899698752,0.613618179618109,-0.150553706364325,0.319992974687649,3.87375983967518
-1.10320961112559,0.329056938580775,2.27024343160913,-1.87888153941955,-0.530745664568303,-0.826056489229622,1.82254501717221,1.5723097428838,-1.32044934379044,-0.279890362845448,1.18022664265971
-2.11003080987259,-1.25238059137077,0.675776229861904,-0.844577969722504,-0.372094741142303,-1.28904946347642,0.409295096338021,-0.707414011665885,1.68264474238581,0.209113321085346,-3.83520539910203
-1.86599238024705,1.93810001286529,1.19081000949523,-1.43663272536164,1.19872847300951,-0.945058265362829,-0.180299004560337,2.02507257210139,0.307020364274427,-0.89932251577947,1.2372298249233
-0.706007472076356,0.0171194234914581,0.655264055525569,-1.70891661258167,0.53491240490391,0.347350506948767,0.0588876967802202,-0.0987996783374221,1.1839296848479,0.763015546031012,1.68985590468117
0.345587624252323,-1.7610477745507,1.61930720025425,0.0750216338146332,1.41570454612918,0.204550772062447,-1.35120779541825,1.22893646046603,0.694070033821123,0.84720649346441,3.16643910415518
0.0190117938812605,0.84753394253885,-0.22358788118977,0.0709008731091369,0.885665149652454,-0.803532791905187,1.49616074672593,-0.68860017580549,1.50014733791351,-0.518005998517115,3.84119394346674
-0.400019006260213,-1.09760178908883,-1.82956268108839,-0.291263062230246,-0.822034450954506,1.65884422502745,0.270655634949764,1.53236160810005,-0.0716036330601087,-0.143716002846013,-2.51401432517671
-0.685664035729388,0.148657250779526,0.137027815384232,-0.780938355048597,-0.00247185891946649,1.29750971498964,-0.164122754451295,-0.376621548157867,0.32412944798953,-0.757805314259303,-1.48601031275474
-0.679441161605948,0.955678332787786,-1.38822526558173,-0.228229219773057,1.2314828542828,2.22921755839412,0.615654329562434,-0.280094929435199,-0.870232920761948,0.274189393395432,3.36850699637501
0.472822828056713,-0.827652089194524,0.706952807066645,-0.0329895157940179,0.394270795720655,-1.98031669502284,0.0642440800360246,0.33699534616172,0.511651514777039,1.30874630115184,2.98946785293475
-1.77837950392946,-0.567353224185487,0.429339848494618,1.99484940673346,-0.420609671282614,0.16473061561969,0.786820811644348,-0.565454839111578,1.06078453862239,0.736197499262015,3.23030353005642
-0.528061401501099,-1.74793667600695,-1.97643423122876,0.604157329465608,2.3424009150004,0.510077480128611,0.945328855960344,0.437341184205641,1.55733167943764,-1.35802280178532,2.49499799694172
-0.830984034672015,0.385008371662556,1.39884653672883,0.162446232398317,-0.318946286121799,0.693962303830296,-0.434885956394757,0.701932017501647,-0.652913416303172,0.381185342744124,2.40239463466029
1.22583750660306,1.90506526692969,-0.255420333680036,0.231249015378906,0.571266000123917,0.124330069320009,1.10935563245511,1.19041808142361,0.0639157849067601,-1.22727379385828,5.61130558603165
1.18875790384839,-1.85765269393784,-0.0282449772496239,-0.41979077286094,1.57604032035655,1.15024475334204,-1.73521470640513,0.209863853374323,-0.258964140701802,0.097373369035852,1.62752028448113
0.712292707190387,-0.067876751553266,0.302905959664362,0.0943144149943929,-0.257303436711606,1.12746126337891,-1.39417800224925,-0.293340329255913,-1.18325162093162,0.0675684270979439,0.723941390151936
-0.0263022475466685,-0.558588553689223,-0.423044102126718,1.81782215842909,-1.64737358108498,1.04090534999959,-0.267085933310224,-0.175533042353223,0.469107929399015,-0.0783148749786879,1.58636500334379
0.0905083583930713,1.01424527224026,-0.837532005103381,-2.82114732870606,0.602205717357961,-0.0861844273843436,0.54669527967392,-0.790165145363896,-0.589558802724411,-1.08702999911143,-0.744765435590363
0.015716687899809,-0.0562341131698941,1.64723395004869,0.805276276997238,-0.371570789419694,-0.528588009307425,0.240514898017937,1.35855226630217,-0.236153108969546,0.583365331136156,7.52255941741972
-1.24970486232056,-1.49070185645972,-1.03072516412,1.51607836151404,0.635028703226038,1.16418456959508,0.0778045791997125,0.341639950810042,-0.627868603035747,-1.50662377670515,-2.13156272581047
0.438202554590242,0.467017234745085,-1.45898539506635,0.230497449675715,-0.773688395399596,0.619568258071276,-0.974477349626847,-1.17915695548218,-0.585479239020143,0.603086949789249,-2.27558255045285
-0.0263022475466685,0.0256690111801792,-0.936389706537119,-0.564798134188287,-1.2731191311046,-0.935459924110795,-0.61313772789145,-1.24099300326818,0.430118242383808,-0.10050188622084,-3.55078607346233
-1.74222180657065,-0.199105983270855,0.962820865886215,-0.843856154780641,1.81984145639887,-1.31658336087803,1.20432224898307,-0.823689457302812,0.869777079192122,1.00188079039713,1.26566420500692
0.781415430283781,-0.360046412169853,-0.201634464160707,-0.555981690947454,1.67810793549564,-0.151929791228137,-0.0782184381421129,-1.53110145583846,1.41963018359787,-0.569501035164812,0.730197020520655
-1.66785713658862,-0.434853516544214,0.154418445223681,-0.759470790679913,1.29331966868385,-1.28921851295602,0.715223872453852,-0.473993130236587,-0.713916009077506,-0.287711050024289,-3.07279000763046
0.337425911940621,-0.524538609043435,-0.552059424633907,0.390626694883036,0.65606725143223,-1.15354318834207,-0.790728979855664,0.518338621349716,-0.0437452856694392,0.382830185918523,0.870822819943951
0.859332688551433,-1.04324192208994,-1.01178312059767,1.25289695033829,-1.39947456402353,0.116087097256945,-0.315325070502455,-0.222235180378669,-1.59608348235804,2.02472437524139,-0.404046291762504
-0.68128459130052,0.375269927127616,-1.61651522544398,0.177569015569429,-1.05030135672749,0.78416205281902,-0.784453959716224,-0.1656967928351,-0.317502351901983,-0.230967546411543,-4.00622246617788
0.532500037531875,0.341954920619931,0.202709440058213,0.60091258746919,1.15464507683002,-1.06943524311799,0.84052731830625,-1.1611938080997,-0.0686141122587713,-0.12928524283365,0.664646253566744
-1.0573719263657,0.199029743493768,0.0272893121659077,-0.0193480545583945,-0.603923296726648,-1.28606968047597,-0.24604050385939,-0.700478785152005,-1.01840930416771,1.18423980407605,-1.87086707145165
-1.3006194708451,0.334167561964592,0.209178310846896,-0.622801925689328,1.0080029398995,-0.740760980144739,-0.646341231567819,-0.295474366870645,0.817648232889482,-0.619459438679946,-0.176705082697435
0.899496839706241,-0.373463138426677,2.32241207516056,1.12253681358448,-0.0386577097995111,1.54240342460794,-0.811769091711113,-0.576033893776097,-0.0374247761140703,-3.46108074676285,2.6656890731532
1.61005992411986,0.00014827004728996,-1.83959586267706,0.62104444045141,0.954668836685863,-1.30917603703834,1.23687800461717,-0.210162553228961,0.0877600933400541,-1.37279274820455,2.27606120655301
-0.292223960087803,0.800498143219742,-0.683672786515025,0.042780811955537,-1.15555810612817,0.766880490398872,-1.25374591041105,-0.489324860001146,-0.627801453156895,-0.0585154566989664,-3.74603012617972
1.18875790384839,-0.156785701337722,1.47845882314853,1.7497542067849,1.86666678017952,-0.813591799062595,0.061234325109752,-0.456974672602388,1.5295658480481,2.15123562345475,7.36959963840588
0.647531311132114,1.80652704864008,0.989080096540949,-1.63679894912977,-1.37984584045569,1.4193275444859,-1.29587065894801,0.746756964871916,-0.257663283895806,0.885314985300222,3.16587833004098
0.666463547838252,-0.354613974100188,0.083959345466605,-1.77503092847404,-0.446894300579681,-0.245750876102413,0.84386640233602,-0.213233232408452,0.390914406359008,0.824156070505699,1.26941951278622
-1.12936574569294,-0.930839723716779,-1.62117228591368,-0.573939322230587,-0.466888880901681,0.0913475783646224,-0.297561801979089,-0.136297147344398,1.16481442765442,-0.638570732466688,-3.34201592508288
0.781415430283781,-1.48496124818785,-0.666718611769036,1.69773885643093,2.83723875359516,0.108752272430512,-0.625103262368836,-1.27905657762441,0.824863326595633,-1.43010286526053,2.46273514155991
0.646539856234165,2.51907600003934,0.96682533804217,0.305279461251534,-1.31357133529256,-0.279078898174207,-0.85551977484493,1.43292159424658,0.0409069495515368,0.119002511564013,5.33834519154696
0.0356061222142837,0.258804987572735,1.17722573630773,-2.20641888546049,-0.613650772928067,0.997936483752185,0.666994847469518,-1.27874099623919,1.01603703573906,0.101284307366493,1.82532543985923
0.646539856234165,-2.14630264768476,-0.9560804958871,-0.205905298405932,-1.25378564759536,-0.577385997322425,0.34874969264807,-0.885832028158662,0.82331544435854,0.594815597509188,-2.0672363440214
0.285139600165227,1.61669340987021,-0.383327096478937,-0.605244565516289,-0.264602928576762,1.18639127468659,-1.23288577598055,-0.798522634480125,-0.312525529572048,-0.501686243998815,0.938891232372399
0.576301481305035,-0.0451060765629704,0.286460118792457,-0.365469630606645,1.35520152553149,-1.24391855077117,1.5283906386042,-0.845357164095529,-1.34756434274551,-0.734234189919114,0.336309912477098
0.530022614016301,-0.480303097269566,-0.0746920520712396,-0.567960187104801,0.959148215758566,-0.257564859940254,0.0514946315062214,0.726925211315348,0.069419487543353,-0.0166170889102465,1.95806974144773
1.12289937602501,-2.07434042906797,0.675258151028261,-1.04362114254909,1.898082109195,-1.2588205031788,0.952003006231299,-1.26728150325004,-0.461029964376434,-1.22039552600559,-2.27510929047264
1.54759185746271,0.39184854784855,0.0802212272078598,-0.215741975637068,0.150302269475321,0.901693574555547,-0.469724729412627,0.976195355161768,-0.467772148481563,-1.92647033294503,2.97542886110336
-0.763719605715078,0.541222625884069,-1.23213755116478,0.678305591502993,0.393253131234464,1.14902473256495,0.106958687711189,0.00605145101552558,1.17896268983984,-0.757573960538866,2.52117751695645
0.745951528355681,-0.845929941968945,0.0908008994644974,-0.258478721798655,-0.46030684608768,0.565890553359321,-1.17540561419956,1.40368752624739,1.20086208551544,0.29523070400094,1.58334850151164
0.473181122599913,1.93270130248923,2.44700410703865,-0.481346354920244,0.706080669491331,-1.51004300516691,1.34993676325614,-1.67689055100422,-1.55735626485828,-0.192377346326076,1.98447786791844
1.75446020934407,1.07231790176001,-1.54927874123503,0.365528544219371,-0.110270122455664,1.08994681053334,-0.0372795266205125,-0.457113498789273,0.489194032384566,0.501750337463658,2.02251983322876
-2.40992638418171,0.583250989819017,-1.34723139446186,0.645321900071563,0.443457959576048,-0.737857658518368,-0.213319246092774,0.662875818326114,0.257272787538094,-1.98239375466777,-2.41110406258838
-0.0554732180780339,-0.560655133288386,0.0930643709298375,0.83553304608516,0.0699024794296117,-0.924785112276398,0.550401279637616,-0.208026826200315,0.0883327620803297,1.65080062555332,3.39303110260065
0.938325622880217,-0.243088899021119,1.3252781159054,0.0500014400387755,-1.10061422764044,-0.191066620797018,0.596994185948345,0.916163185127336,0.394712299871949,1.0937920524696,3.02137854147847
0.136433321825766,0.793012043905931,1.35109173673372,0.336766125972941,2.35053010305195,-0.961902054415476,0.372994764885361,0.52965427647472,0.190599438371388,-2.27748805959888,5.14340225275213
-1.6895943358081,0.069528647177867,0.607816982659699,-2.59583393508686,0.238300420198825,1.45198184266787,-1.1935706992762,-0.28105792059085,0.819283218325181,2.75201799651508,0.141382421970965
0.893537726414449,1.6444361505091,0.896860490137224,1.15845860451671,-0.428366005580559,-1.70034282077184,-0.833031201938687,-1.07221248602782,1.88151362284452,-0.456902951383744,3.28390739897104
-1.6895943358081,0.875817331934079,1.51211115225234,-0.123713512273972,-0.0638232298607778,-0.896234020021236,1.00126315286213,-4.0441280338421e-05,0.356117834398245,-2.46066341226272,-2.14785304918892
0.427493497177056,-0.268363452530418,1.37475689286193,-0.0387463425226277,-2.08634607576496,0.470947786505163,-0.316306578835225,-0.347299123284803,1.32147056222835,0.246766679201268,0.673138364282755
-0.831283565719144,0.343969749124287,-1.83464488123591,1.54108252288216,-0.370745298415924,0.314976976869535,-0.412191726171248,0.0772458226686321,-0.388010831401038,-0.918133048496545,-0.514459870725108
1.88206882459919,-0.760356823674995,-0.79769491117776,1.7553878164108,-0.190729043807228,0.10953186418296,-2.112447027248,-0.841748803572804,-1.0556486602846,-0.943134396271333,-2.3905345193183
0.419464623774853,2.28007696139688,-0.146824178959425,0.406205424828569,-0.213055616096398,-0.316072613231591,1.20761373614899,0.267006251195133,-0.270408488526958,-0.717833149563883,1.95888742104194
-0.203231438820061,-0.849873386762977,1.01998525593861,0.981396517523938,0.471328663245443,2.14456536910833,-0.486853076188067,0.893080251438964,1.24427442170217,0.720103597479985,6.25561316449928
-0.445023719247312,1.9390862986826,-0.904594240430984,0.218690545417453,-0.763396568778244,-0.558817437854197,0.854232993819217,0.144843930138219,1.51974647627881,-1.01257053724163,1.45455101358789
1.02628702220459,1.53100428450001,-0.168984761541671,-1.60271849451156,0.499045538989335,2.13411801769295,1.64607739559909,-0.0600854457455721,-0.066074908950615,0.917056239904646,4.01865740613417
0.287986248078471,-1.76575418353288,0.617736370168028,0.617586216987016,1.19174837731101,-0.41721427445441,-1.40394572837331,-0.415942554591478,-0.819319951245576,-0.674354252063105,-3.32143441218466
-1.44011142728184,-0.745603413885046,0.23583551259015,1.15890351730219,2.64089848167528,-1.19301135816078,-0.990680841648265,0.0374142193413274,-0.310931275835129,0.0523326756479979,-2.55063037309027
0.701136870082286,1.22446077342682,-1.12541397909213,-0.0649291364782961,1.48387014116123,-1.06566634479142,-1.03160024258315,2.38079620936494,-1.97080603164382,-2.61417304465978,-1.13308617267206
0.447491185066163,-1.13119050718908,0.645941846022219,0.808008900370817,0.451209915448995,-1.20487304116646,0.119751398814943,1.69414995338102,-0.731289089946807,-1.27753468629403,-2.2764514478008
1.58434618537645,-0.941229434439407,0.544053817343553,0.00733910019942478,-0.0869071090664486,0.144115813167399,1.52503063573691,2.93417457575189,-0.873475176928627,-1.04550554611427,6.3478144195225
1.0768392254268,-1.65836807596404,0.896058158877865,0.599781455200169,0.0199492378256522,0.156993218967367,2.87413456851575,-0.529847109632626,0.276589381767507,0.426371095481874,4.63530456250008
0.5660494650748,-0.369126290368007,-1.96525959040714,-0.735962026507107,-0.692906139525847,1.09529237238829,0.403854716756798,1.35210383219326,0.126315214478301,0.520788569630283,-0.993429486885056
1.60989802168686,-2.71212334364812,-0.315712895209979,-0.0731925813863951,0.870129718985258,-1.04673850013994,1.33484420113188,-0.412160494981017,-0.0180532832148392,0.915991837207026,0.675690526311851
-0.896215163232667,-1.34193556379966,0.886760662583946,-0.758543256339236,2.776534043983,1.66793142027353,-0.675395133165592,0.38866236514896,-0.686096197676022,0.244406682922583,3.47320071317654
-0.980669059873438,0.0572645582744005,-0.68322914122258,-0.1946844205138,-0.424664963504929,0.0497770092824456,-0.891469832725305,-1.55754755050809,1.58060524050727,1.33715971930835,0.745937161269794
-0.957178766387257,0.615574905340311,-0.059476771494439,-1.71697122361101,-0.638632633350313,-0.796765032604853,0.251707913323105,0.623154455025084,-0.433442338043458,-1.10020967535386,-4.02210420971724
-0.720892062103553,-0.420479703172201,-0.73518155144023,-0.0530404551048853,0.431182367629543,-2.49472741481697,0.130861559812307,-1.66822109319007,0.315828267532446,0.655651553578113,-4.03840953266741
1.89896990505173,0.0990427573472135,-1.7059014136362,0.0972092907429756,-0.814998824657967,0.136821469229689,1.82147258332545,1.55853669065084,1.36350457962433,-0.295962995271844,1.64743665116556
-1.34215524371494,2.07661859725323,0.759516701924948,-1.74443382250626,1.82596758127867,-0.748326794014385,0.357858928883363,0.595665144907118,-0.168919472577925,-0.365776574744601,0.898499819109409
-0.589582549449371,1.20212448640846,-0.468897201263661,-0.128574703409252,0.143035462638357,-0.236179736368933,0.557096645668226,1.60941834374343,-0.318866709773137,0.366613453633715,4.14000999794836
-0.210183915043326,-0.394419628694954,0.641850740356394,0.758935875102369,-0.286355420656711,0.625446247422901,-0.288228994618562,-0.857572516278426,-0.748922810957282,-1.81182064389232,-2.42871743045682
1.18875790384839,-1.54118524853405,0.164100753728664,0.0302000058257159,-0.236842553791307,0.70193395207426,1.53993436092192,-0.904335519757279,0.0822222330807118,-0.156583402812296,3.74213366327144
0.0599895645220452,0.576032347139654,-0.354636775007512,-0.407596644443839,-0.964860240240505,1.71697033403123,0.547082566266237,0.901248027611361,1.0212290986804,-1.14220064999366,1.43027714027739
1.52615159890975,-0.00413248122224837,-1.45976167148619,1.13700787931333,-0.0728924328647499,0.618826570973381,0.456645670556244,-0.734518889330368,3.38648362614201,-0.759081693735908,5.73281427273652
0.449254113022262,1.02904037578699,0.474049318771072,-1.27929066152516,-0.121626675204859,-1.89714320436136,-0.670494520830654,-0.168693213322866,0.684202760666922,0.706231101400653,-0.655402657750392
0.447491185066163,0.022458878076063,0.946035675419621,-1.09634877039436,-0.632985928205995,-0.136525546540646,-1.56790999772097,0.848743146279682,1.47975908258372,0.262953906550314,5.56225483131397
0.746590892207215,0.559911733204715,-0.780943705201168,0.103322889656365,0.521957972282959,-1.20936292409555,-0.167153402208226,-0.388723203963357,1.14172877006459,0.593720694777429,0.817504588578464
-0.0971349744461688,0.0869824650706762,-1.07317383445318,-1.03525785539514,-0.301241611540404,0.64350733674197,-1.6500374704825,1.51086467918589,-1.5052929430935,0.294690031386631,-2.22491761754635
-0.551540351331931,0.34687795991517,-1.69154619152108,-0.0361620408283665,-0.397871059460117,1.29410010323422,0.915758287565511,-0.813445366353116,0.205311824491259,0.918295391738847,3.57834028650133
1.30344915368498,1.26391016119309,-0.871886968267707,-0.814104206445959,0.857513636264995,-1.07622912398331,0.520411743649874,-1.78519995359574,-0.493523403403979,-0.831508499012318,-1.26674454186355
-1.77837950392946,-0.666855167741197,1.4629212984868,-0.27893115600254,1.27205093717771,-0.885755569911472,0.887766219317142,-2.60410131931013,2.11590253389475,0.184161299497103,-1.47032864571217
-0.00546938517732923,0.555555858852259,1.99135437675308,-2.24040676537397,0.830658544334485,-0.392069338319408,-1.75844421593914,-0.55325333307519,-0.540976547200922,0.867935233434204,-1.25836646766821
-0.685664035729388,-0.993376851839738,-1.11960411491126,0.0179419851662792,-0.636490359506848,0.983422501271189,-0.969148990318038,0.654629003396722,0.556223601879126,1.42961566039148,0.457449602995514
-1.48105140615543,-0.509171820813112,-1.88361723767466,-1.42126809241903,1.531959549164,-0.0726680634747815,2.18273044324374,0.701158397342718,0.0156915679924288,0.523603609467106,-0.927815185843386
-0.565737095502411,-0.567602922231352,-0.611004239645512,-0.322844735876926,-1.22581160568543,0.359985822502367,-0.883116313617584,0.785228991016359,-1.19077913373846,-0.936049507678929,-2.01382741337608
-1.11542048130593,-1.49923040129704,-0.324449155838626,0.0750561513250684,-0.370433872778232,0.683866142603005,1.56955174119968,1.19471268399359,-0.200192979446895,0.0716162012058912,1.95539012116336
-0.0841274582868951,1.68022293616229,0.575811678418687,-1.31818494098871,0.813979518623792,1.12488146726652,-1.70398347427947,-0.30605918521478,0.67449951379762,-1.63593482551637,-0.296814877713803
0.982744739593277,-0.165112682118921,0.501950106497017,0.397034522864489,0.148051129906717,1.15152135846485,-0.845370214331204,1.28034998131026,-0.106237528587965,-1.29575503554331,2.43757256125019
0.5660494650748,-0.596994940005988,-1.08496741360691,-1.15194316524834,0.833079799167547,-1.63951956971881,-0.916953478119998,-0.645045730403705,-0.254733593950329,0.852998591501213,-4.51798753933158
0.190911913205969,-0.566375083641739,1.21500622935506,-0.689392958905468,0.239033494529408,-0.555557751908348,-1.00162901605067,0.96439338829334,0.836099491979794,-0.992098694692781,3.30073801656704
0.571112201772761,1.09696961123213,-0.945002474357274,1.29511928035227,-0.746854649121155,0.937093473119167,0.16833913644668,0.926748541540368,1.29136664260314,-0.794243496070756,4.32001301542336
-0.148828705695114,0.382936560976026,-0.178234629985156,-0.249874945206339,-0.161588919302623,0.127445667320722,-0.286623988970561,0.451479786685445,-0.734857272816628,-0.251710059916053,-1.90988925298537
-0.598276594191571,0.0278411107847369,0.252589626518956,-0.307977437819339,-0.297371762088607,1.01426795046108,-0.599194554378018,-0.773758300513326,1.72568566421838,-0.548258791356263,2.14562872683492
1.73875329713149,0.543881131951484,1.34350060231446,-1.04645157585901,1.00641891113093,-2.21418981565766,-1.4447346302256,-0.932595970892684,0.506583018912975,1.92718365267378,0.350780270669972
1.22583750660306,0.141591580152868,-0.666193424556448,0.462894334030282,0.206267724651691,0.472850460991118,-0.286147972447717,0.671877370654798,0.152839057177636,1.11478857946126,1.23404126863388
-1.44011142728184,1.53712286138694,0.0934381854207748,-0.312805980437899,-0.602225256147095,-0.630005012958592,0.0786918317859369,1.24650251492386,-0.402396506081159,0.226579320317157,2.24794986343326
1.22583750660306,0.180129368451054,0.848581819583428,-0.0613971710150948,0.579939213295829,-1.41341571329216,-1.80708913329666,0.67474672853141,-1.76481946472371,1.7601771248263,1.3650428320189
0.0905083583930713,0.93227092228503,0.302100260020143,0.364836970643013,0.99921385045905,-0.187799655309575,0.785831053958027,-2.89720757163354,0.164870410738865,-0.8878964231817,-0.544399319581119
0.730148159020203,-0.304734379614271,-1.3879496369723,-0.0246736141632665,0.647995658463495,-0.563520183733743,-1.12357966494149,1.29764433183095,0.255240768505571,1.00441574772577,3.45548670243007
1.50487775914377,-0.0347173467121003,1.41556203695112,-0.348451005381947,0.513918660890976,-0.0854154009815336,0.728898838898667,-1.23981015254882,0.773814783296109,0.0645209642956372,7.51899990516944
0.394558901784064,0.784573582348141,-0.728720162650741,0.130684481498244,-0.967853559093056,1.05876129890639,4.18179444521721,-1.51720610144728,0.758491019881084,-0.403575456451086,2.84063138751939
0.360664609967521,0.112827085079727,0.0353367495025305,-0.166505462365528,2.68320990949756,0.324786390716074,-0.586080599040423,0.208798988339622,1.73315415748488,-0.361434209478155,4.06157273973977
1.0768392254268,-1.50466586453253,-0.906676873421145,0.445321970275853,-1.99704462910675,0.695221399146069,-0.49717864066477,0.82634357292003,-0.513718380234181,-1.69011542303361,-5.34288415852946
-0.182195641353533,-1.27033070839236,-1.53179695431328,0.59418597504939,-1.02720510518268,-0.220419491977812,0.211757331565302,-0.963282580395588,-1.45088084995216,0.408054178855634,-3.59122109562186
0.322786417528707,-0.171475479045771,2.03442169462408,0.43813014833201,-0.0788743225142566,2.06017351210865,0.293924318775866,-0.691546293031734,1.44075627250878,-0.484174875401608,9.05351747109775
-0.678058529162912,0.686869782301383,0.775559096916898,0.219944740313366,2.925236706419,-1.52120283842607,0.64314457511595,-0.869546681345962,1.55272631767055,1.77514783667857,8.81453622357334
0.701136870082286,-0.749745776819919,-0.680150000447684,0.315093132739051,-0.405587879643874,-0.762973725904686,1.00832113338842,-0.00560445744603329,0.0522459030684038,-0.861722798071158,1.64010285672727
-1.1214683750443,-1.74249515358616,-0.986489158322024,-1.36286409149219,-0.351836906853213,0.643942997897414,0.900661615893761,-1.69861613710847,-0.365642413860608,0.45668769752657,-7.67494612374115
1.29563112723506,1.32408075036696,-1.19606521865389,0.979647911890392,-0.424285468401972,-0.327681376361295,1.94001382193962,-1.18612240297296,1.60308251674778,-1.12753365214903,4.35439210253177
0.616852205983287,-2.26752546944813,-0.342647539441787,-0.878159037204906,-0.535676957279755,0.221998928396299,-1.23756897457548,-0.259319696356758,1.17705591770941,-0.329979447366977,-2.28361951621762
0.725861074420466,1.01055263186652,2.2901346655994,0.06876916075623,-0.0782609576341712,1.11185989183829,-0.21052575274394,-0.630424616275278,1.20014480383921,0.366264536677043,5.33930705232794
0.894239909738401,-1.67492449031654,1.13162552834544,0.870017950389597,2.2561078088785,-0.438698077517697,-1.14476566176073,0.374927332750699,0.176387562415086,-0.518519101824181,4.23341502036588
0.345587624252323,1.80099615232581,-0.489787199235963,2.33659355910641,0.711084479964242,1.0171275122144,0.517347560472904,0.200904243113637,-1.13218176342817,-0.320929794196469,7.33889707533022
-1.74222180657065,0.324634376510888,0.350825401550133,0.160751686667071,-0.675009775795768,0.668074321288751,0.408185680314292,0.193808393345621,0.0948894855599843,-0.305132317489469,2.11467133194245
0.015716687899809,-0.111911424232234,0.809700077172359,0.200257148268944,0.530222726918016,-1.06697554878043,0.462994515284459,-0.713867741081037,0.751454974970862,-1.40130788550246,-0.30422856699304
-0.989461305727415,-0.363369441760824,1.8922914581504,-0.446426560983423,-0.552498089296026,-0.224166735359743,0.646088011085778,0.693048730854549,-0.1769344398031,0.159504222477527,3.34804704990791
-0.820438799620775,1.3733639785754,-1.7505164207676,-1.23616354677113,0.274347093511122,1.22790516411366,-0.578453767305573,0.345483136511997,-0.193123649456641,-0.429294445547426,-0.700691770508873
-0.200655178836902,2.02868469254162,-0.138729986299477,-1.01803046482996,0.079528370346498,0.816189278274201,-0.489736882549116,0.910989813795044,-1.25382269214614,0.571645350655727,3.2083640239337
-1.50624011482156,-1.69030050972278,0.617612506671917,-0.573388334494649,0.407997403461918,0.336363941656918,-0.873676544479991,-0.198721888177794,3.26388759745657,-0.00300483358725659,0.48129390523951
0.654541183356227,-0.337383403208092,0.385326372908923,0.903918865690006,-0.94485466646389,0.583614606727907,0.929038187377512,-0.618839082251914,0.884844823031782,-1.09060429771207,0.636043897780314
-0.372207857506966,1.35108241098462,1.82440297238657,-2.74424021577702,-0.113459080428909,-2.32105757852079,0.537614847428169,-0.830138087047723,1.33302948537229,-0.171301762060054,-0.951888885425648
-0.763719605715078,-1.19195807530999,0.689185629917493,2.68805686095887,1.23431465144871,0.0999850238123737,1.04338655087268,-0.323716474824927,0.380547156524642,0.539715314567293,4.52789502247514
-0.706007472076356,0.0919318913154364,1.85351360128357,-0.271893229332968,0.841813554328964,0.76177173767926,-0.669789581861183,0.285701019383699,2.27767730057062,-0.999971721655882,6.47757320874246
-0.898509595795669,-0.0909807853361711,1.20302780081893,-1.10626963428482,0.166809621266297,1.21884593020889,-1.04398127691543,0.365170814326804,-0.383471059495483,1.42403307598467,-1.05508255684565
0.990182688636211,1.60753524727656,1.72535439748819,-0.30793667774,0.0477617610183605,-0.352203030171109,1.7159447427767,0.863967459020158,0.133885051879489,-1.8658281720216,6.63162341829451
-0.336347853479135,0.303661394416813,-1.1808403096958,0.376583411462713,0.265155616189486,1.23593690668382,0.442756332697294,-0.237689619441439,0.774201264566487,-0.921002288490516,0.571630648460265
0.438202554590242,0.752350227216771,0.449623952915571,0.206454674106965,0.361781030837492,0.652005008112567,-0.153605773360132,0.776401873366936,1.53027775249293,0.0394310212324204,6.09004468677411
-1.7775274557646,-1.40041223144969,0.404267465176131,0.250897618346388,0.52550119397113,-0.763451534981464,-0.719176626529302,-2.38198415169186,1.13378398902315,-0.298246418459994,-2.77643788176469
-3.41416810183027,0.7527882584409,1.05366183764928,0.324520961406365,-0.797105876138216,0.434532411605351,0.981026979296771,-1.19970955809607,0.512702673275604,1.05798732305201,-0.416195154172108
-0.452424507641968,0.25437625650535,-0.403935452813273,1.03639549896202,0.347344804378104,0.86699705277831,-0.416635051720882,-0.500819327521024,-0.199621360984248,1.17117192080284,6.07472669999188
0.949104775005109,-1.71651725346665,0.0913973327536665,0.339093941731143,-1.26425637707837,-1.30207772260287,0.0532206065056132,-0.99150477699467,-1.04858106137445,2.36439983738892,-2.99759527085787
-1.10320961112559,1.30441823619282,-1.60577053092498,-0.699082635976808,0.599132907574284,-0.215799444730175,0.896529238698147,-0.251280878563139,-1.16463322871453,-2.60889706397118,-4.24208416010481
0.74853440335411,-0.849531899845592,0.553993229052012,-1.99845003322506,-1.00348533430472,0.36993802982988,0.280431421574963,-0.142187622437593,1.89548041935413,0.660858200266072,3.55522522048853
-0.0554732180780339,1.4883050155995,-0.160138008321072,-0.520890698267396,-0.236390142694454,-0.65705449952142,0.688227048196676,-0.741160980654178,1.34496420385077,-2.02489265801383,-1.16079641635935
0.129321667602643,1.88498156390681,-0.684757796021379,-0.967048553560646,-2.26843027024812,-0.0897508065452074,1.78696665580172,-1.04699297499077,0.316315984837006,0.675136370288765,0.984272684478392
-0.685664035729388,0.154803328056281,-1.03465667856509,0.646350044725159,0.0921128587239809,0.0825851856103503,0.776896292315492,-0.0233596344476434,1.4322794738938,-1.66605666558274,-1.56604824181958
0.254929207947393,-0.398397874557741,0.640784726224523,1.80368325679785,0.325056737869557,0.658449754052044,1.32262713366589,-0.113593497999582,1.26243965211642,0.24531925726791,5.56615614765897
0.647531311132114,-0.821903561341315,-0.417635410810431,-0.363074473320988,0.279745723203165,-0.237513363648758,1.23635062019405,0.335332856499013,-0.557439253612376,-0.298376565823709,3.0401810264683
-1.77837950392946,0.477052289405102,1.45684156577777,1.38360195087651,-0.653913470674903,-2.76538056424071,-0.24626257483524,-1.05006085561087,-0.409247453084944,1.14736933233187,-1.82057186254123
0.614238371630959,0.959457451370103,-0.765073647025768,-1.02981138422321,-1.90053402050266,-0.737683245608527,-0.836188677788345,1.25078877271528,-0.82225476248474,-0.923462506897871,-5.26368418414218
0.0980920799430336,0.266040372068624,0.173837517574573,-0.715234600809415,1.22414553890351,-1.43577318114956,-0.0976161056724429,-0.184289581199061,0.522735336262828,0.508429406470482,1.22475980847281
-2.40992638418171,-0.0435878050275414,-1.26335252008079,-0.721359415092221,0.139622196342393,-1.00309633966061,1.32913076062111,-0.30627509513676,0.364048623362328,-0.0151658828097287,-3.20382886369143
-1.10320961112559,0.00080352039809406,0.995832438943484,0.0781635798196746,-0.774230032232189,0.79017766752826,-0.16562993383152,0.923180886567732,0.510195851330121,0.209093313081137,1.49310793180873
0.894239909738401,-0.322272664662729,-0.9596472122466,0.238707404450034,1.63031515193564,1.16238783465167,2.06948469060474,-0.0373585861598309,-0.828869489438195,-0.684419756358029,1.14874523512783
0.717592501948169,0.354155178534348,0.568817447729921,-0.681835010306443,1.02367050327164,0.670228492421614,1.27260895494742,0.104373666483291,0.362278321656495,0.940745733387048,4.0306468021909
1.50487775914377,0.584332261211272,-1.13450849315176,0.599061376074456,0.0994722293562272,-0.950563513371316,0.675605725267619,-1.41276318661033,0.479841432751206,-1.11006253864524,-0.945359420817532
-1.13656929730536,1.49854710386178,-1.32314470044647,0.783433817390451,0.832216060656801,-0.152623819763624,-0.800132833360012,0.580778784965325,0.0862329846181009,-1.34046523718819,-1.92246089177192
-0.449722536686938,0.0866542386025255,-1.23101299925622,0.262838463185528,-1.79411365131599,0.708722619567996,0.544765544030771,-2.18382826571512,-0.0329888653005587,-0.209245916023798,-1.9369045441787
0.813472602396665,1.27767382813259,-0.287921040669429,-1.69161671819571,-0.405700266769856,-2.78002810001343,0.78544456943115,-0.752367203587932,2.19703988519923,1.6827528585731,2.17085297370891
0.133272871112681,-1.56545082945646,0.5452802352195,-0.778286438423301,-1.52889195486512,0.390659148580997,-1.58789469761975,-0.504129942675911,-1.9123258873671,2.2519318088869,-5.26749280009772
0.756722723257372,-0.995653883219222,0.839827677594917,0.956943536865866,-0.294159929700252,1.18092490311254,1.36901064604937,0.681595606319989,0.666006254145193,0.461541193117361,6.55176033686618
-0.879445283616086,2.7449907926712,0.387566953551195,-0.784295588615805,1.47469810687075,-1.29844975460137,0.405998968738271,0.390205552208369,-0.894981380714061,-0.496287630549377,1.61900210664266
-0.754697774628853,0.964205074245491,-0.459157064870634,1.9413946026869,0.689569530333288,-1.86807665567773,-1.11194726050448,-1.76806695353844,0.697013872160856,-0.122132830960018,-0.124411295877779
0.762433703696389,0.115908282421909,-0.683323429424289,0.169424993857018,-0.0140542318602762,-0.0386717368906882,-0.733745774177828,-0.276511038640897,0.844871216459932,-0.609621828585702,-0.033015195190191
0.324597780846834,1.47074797537166,0.495967191806123,-1.53728599092357,-0.188408564182188,0.884807331834157,0.517439838301162,1.67216731887357,-1.35956561317703,0.36465586344362,3.13376621574451
-0.517622821995843,-0.677795551932155,0.501739669855707,-1.48387211698054,1.45071943093401,-0.986813867836234,0.522633845074748,-0.482536719052816,-0.792014201896281,0.6867070520658,0.463463358101817
0.119003426058432,-0.511076250555323,-0.627676550064878,0.0668926955886548,2.14462853734176,0.264512119595274,0.128448626280112,1.32961955821794,1.06790102681628,-1.79537831718463,-0.032539544802467
-1.94862125156277,1.06181872896376,-0.439955645051744,-0.408221590364805,0.629138729929015,-0.572201550373754,-1.4553527381606,-0.953164674729012,-0.733230681676996,-1.27097982850043,-5.46559478018288
-1.10320961112559,-0.305660545994771,-1.13017843583967,1.24068704331538,2.69979509789062,-0.666336015721833,0.718814526060988,-0.430794053777448,-0.58258230761017,-0.857500937172757,-0.0475090380409854
2.52448128446741,1.34931328885121,-0.101363525325588,-0.613432971760301,1.31526416936297,0.746304278528367,-1.36488167106322,0.589305574543086,-0.0321426992029758,-0.963727620293836,5.30198475662808
-0.400019006260213,0.672994199569585,0.272356938859236,-0.246553883722711,0.766132107382243,2.03208209706078,1.4501908411007,0.857596623174289,0.0590171028655292,-1.75071692419435,6.50306926488777
0.447491185066163,0.685572671200773,0.959356477572218,-1.6323499397735,1.31911581429462,-1.4130097016083,0.0720896689845598,0.438704933738933,0.271756397598955,-1.06122951890822,3.79235430289288
-1.44011142728184,-0.386303605870994,-1.03431562373762,1.48966453426193,-0.80439403716115,-0.733499360778417,0.627216496203936,-1.45121781326561,-0.0536526288466186,0.87404906758576,-2.83140663041015
0.599676319777418,-0.104734296411198,-1.10749149922467,-1.1685689035014,-0.813970852545432,-0.725496986880974,-0.108823547703832,-1.28030379923895,0.033535775527661,0.180383216008083,-2.00131739761299
-1.10320961112559,-0.0793115952762649,1.52202658620338,0.545244100485404,1.28824930382429,-1.22626784945975,-0.284144920161082,0.756740592861888,0.0104414865712056,0.462294616725729,0.950059956399916
0.785338818606807,-0.389506855358338,0.9307167249703,-1.37354946534536,-1.85143700636626,0.307876274642462,0.205364492447647,-0.923346557240177,2.470718033219,-0.942690440143751,0.256389761878615
0.495723931381646,0.703511673125147,0.634138094347727,0.293831824764228,-0.522861274698942,-0.140290756180364,0.891250429644555,0.576256259331382,-0.674469458780904,-0.436916372386185,-0.412564182405144
-0.308770511238555,0.564164365314398,0.0451030502792813,-1.23504906066641,-1.69652013736687,1.07754266973513,-0.85198997692639,-0.377248791998144,1.68287595216179,0.258624348264654,1.62180665234781
0.627791688312279,-0.0480937697537404,0.0714567048946051,0.176780568188699,-1.55136350123211,-0.420930315869818,-0.531272165391562,0.450662880258487,-0.638096079984557,0.516351923897349,-1.06527113892561
0.725861074420466,-0.298519948211899,-1.49074644192192,-1.19676892065768,-0.267618173959298,1.15629529382133,-0.117787696084449,0.345689084910729,1.83509112804981,-0.997271303575651,-1.47294539732778
0.129321667602643,-3.29745816925865,0.322088405756388,0.939476418049925,-0.121147955140518,-0.334145538198306,-0.345271205752203,-0.904976361926924,1.25832597854578,-0.561780824577267,-1.60153020966131
-1.79787957188735,-0.311145079835331,-1.31483515754085,1.41564392082123,0.164092721038292,-0.245073731368319,0.839800560942805,0.837984898639533,1.03122951415031,-0.753254029382274,0.353354418635704
-0.963867477322763,0.0103896798809072,0.515663426228682,0.65690447040483,-1.11961790555932,-1.74295665178828,1.33732644603949,0.511128475254238,-0.48745186178088,0.365803074118601,1.25944692242202
0.616852205983287,-0.277022247028282,0.134719683774293,-0.870453872211286,0.691680171566032,-1.55338710116933,0.0662740185037083,0.890359756417926,2.00981270270695,-0.112023020672317,4.52518054734538
0.46503458186036,0.508309720934125,-0.307631837174306,-0.28625146003695,-1.44996245654726,0.610043022366525,-0.109751243876212,0.316847516430006,1.86441361674447,0.887314155288355,1.40202903756694
0.539343131674658,-0.0867778192180063,0.211664717435601,1.22285160433935,-1.14345051899558,0.238655659085273,0.697519902412344,-1.79651714068977,0.816269334416075,-0.737412392869022,1.41540760107704
0.472822828056713,-0.926931935214831,-0.212231016703967,-1.61393379470834,-0.55896863781896,-1.74669005254519,0.68999523416927,0.801647415276698,-1.44286230464926,-0.0150207049305792,-3.65765898229362
0.600019005014354,-1.90685898166741,-0.383522502432499,-1.33782660381761,1.7969405164324,0.352693034620184,0.00058213055638956,0.264609972235397,2.57219501810193,0.193607067982371,3.64591754156668
1.21158017153005,0.303603054779791,-0.192667488511102,0.815069042738334,0.280922918290589,-0.0333694416270513,-1.86038440166112,2.11937599898657,-0.19012868675694,-0.068669692002137,3.63566663871472
-0.896668448400286,1.1029512687064,0.625332732725849,-1.41329737569394,-1.41056332216729,-1.6921112198841,0.201394146139058,1.70677743955469,-0.376528688883655,-0.512556495947747,0.813244141349734
0.745951528355681,-1.09356597700611,-0.318687713944677,0.909621383667736,1.46778116626803,-0.391830322606289,0.383236895911482,0.371159389890353,1.06920290373142,-2.30215682041407,-0.997154519072165
0.730148159020203,-0.497506127157906,0.169131559563312,1.56052425119594,-0.669426393125005,0.146605084826615,0.0322705271972115,-1.53167813255707,0.265724050053329,2.47542880320909,2.96167340761371
0.635888722226891,-0.572789420443875,0.274554582800174,0.666034981222471,-1.38676153870766,-0.149681440830232,0.0107582793991577,0.0676760872680452,-0.726234029937868,-1.78157281787787,-3.95410757497982
-1.45317677433447,0.471339048801558,0.0124518727924492,1.08144176990936,0.48575801684614,1.30049064146939,-0.286420504415202,-0.281907750240341,1.75832385975316,-0.0257459187071398,6.66842552196736
0.473989428834563,-1.286845853649,1.33430112002983,1.61077135439979,0.566287962738232,0.829614390654145,0.888074767121172,-0.736510054058788,-1.12594392840331,0.353532359475011,5.19034263597252
1.17157888272917,-1.29589437770521,-0.893088789069265,-0.279675769443631,0.661638069876266,-0.469554868605687,-1.54270140161749,0.194309997390896,-1.50711053752833,0.0342910773287957,-3.1678072720125
-0.678058529162912,2.24642791486133,1.55196136443815,1.34590301499011,0.16650592569287,1.67550475426616,0.785940320170988,1.98517503284404,0.250870352185882,0.911092149080385,11.0721832789662
0.710594775107864,0.153935392187708,-0.304749139999546,1.09425427926292,0.0637101943775111,0.590618541734368,1.89505992611404,0.541162136536872,0.335626354428512,0.385191202573901,4.71849492969009
-0.965544075901445,1.23593118650338,-0.970432191426001,-0.539816041863388,-0.232218072877084,1.59384614367828,-0.333150940507192,-0.479971841102837,1.20089233642526,-0.136595193705724,3.04863040893502
0.833240381744382,-1.43034844100661,-2.04998955728747,0.492274446066622,-0.776992514916418,4.08408624200153,-0.776205539015194,-0.243282776574483,-0.491656606160192,0.117288827043222,0.733080637720313
-0.076626673266766,-1.44115523009725,0.538785301099998,-0.880495355788974,-0.437411097132061,-0.0279013887723388,-1.92484496696182,-0.882911329773614,1.58092940472841,0.0719656607254015,-4.94049803352293
1.59644533399003,-0.149883651269472,-1.74789381549462,0.70903280955443,-0.102153853753295,0.152366865064158,-0.317832385128297,0.854325919166967,-0.712705678137449,-0.0170771646914442,1.30632801332359
1.20665796456254,0.0901181574928905,-0.424913332105716,-1.47020729767347,-1.94948256592546,-0.11843051715223,1.39378450833975,-1.06069964682762,1.50784640195095,-0.198560322122872,-0.560461402694409
1.15046622591251,0.220719327565443,0.252294529635873,-1.48392090290379,0.172972622373612,0.0122013720975751,0.850980368323532,0.336644673967482,1.61446802954287,-0.0836935745491985,3.03445626107897
0.800496311907522,0.871077517994254,1.02954257573608,-0.0919059195734,0.689937011520584,1.55270265308323,1.2202698559377,-0.19238315428953,0.669998695317825,-1.37247097552947,5.19264732717276
-1.18268651936043,-0.74789076411155,-0.823525894664219,-1.76531927268552,-1.31887966355574,0.542791796862204,-0.269137498610562,0.470659584878894,0.834989508190991,-0.560431608116771,-3.73260682161069
0.717592501948169,0.525183450787941,-0.675269958864741,-0.391600704796139,0.866610788321997,1.76806189264701,2.9505419183323,-0.0470688959217318,1.4927901666265,-0.15302392373587,11.7205215407337
0.0864821589492321,0.0085516259405432,2.03521536881689,-2.92833698288968,1.39617027101753,-1.72362342321641,-0.322633651963185,-0.470611320559982,0.461580209498411,0.739363122926894,-0.334105856078913
-1.78390520995218,-0.104594236405834,-2.42145382495883,1.05263527151633,0.421334439802257,1.23605116269914,-0.201608766218227,0.230125492884759,-0.792347072016857,-0.983454650877049,-1.71146997312214
0.811577336522577,-0.924929956061679,0.152648553753035,-2.00190423743809,0.078593152365812,-0.354258331560047,0.667111979903295,0.336525898131902,-0.82251466686563,0.718963979221136,-0.319602135748375
0.701136870082286,-0.0346917135094576,0.0147688509107788,0.607748094321356,1.29011446235944,1.12821121122053,1.59410204300307,0.424438636657946,-0.34028688298346,-1.29039102893817,2.52021153433953
-0.0440003528652326,0.842120398234176,0.977987847466768,0.2214220754432,-0.343415171182208,0.20523579657629,-0.29791155206816,1.20831170677605,0.190868558557486,0.652856479639279,6.40335550798952
-0.703229749997924,0.333722163540374,-0.626327070330098,-0.113452387918089,-0.360716587335453,-0.554137024842914,-0.475073904470434,-1.13157841009608,2.30317181266899,1.92725747973377,0.175292837059432
-1.03642892194013,-0.0453188032873456,-0.463378188498077,0.168904055901606,-1.74746175495882,0.0439851912798117,-0.666965873760729,1.39374382265848,1.01586849422588,0.159526236302754,1.05163800894615
-1.91227762436535,0.109421047887005,-0.0528485671373709,-0.428381995275138,-0.224926314516046,-0.559180533750612,-0.239989196493664,-0.855234862601067,0.358279197858573,0.717785138097385,-3.32911792920281
0.429641947268537,-1.99937447119516,0.801794569366665,-1.22003183001214,-1.02561546645814,0.361797897490636,0.00336068893174482,-0.386319263885482,0.380061774663698,-0.695858396088219,-2.12075685560149
-1.87953911570566,-0.884944936410129,-0.863484367388437,0.948903497073972,-0.182050699761824,1.14096166280509,0.26670732646722,-1.68192245609573,0.310159439614925,0.5941137028556,-1.0170855499102
0.750109310020791,0.838165381758154,-0.342162342678754,-3.29659513067948,0.578047925060159,-0.921653717838112,0.471786263186307,-2.02315990997766,0.335041336772546,-0.278063937998436,-2.58855215970303
-0.400019006260213,1.0438853485594,0.0543470250670293,-0.520829684199507,-0.583633942181375,-1.85989705418151,-0.692983184091936,0.195123422955805,0.73673956045718,0.0205644895390805,2.44358789574278
0.197964540575617,1.10626828331766,-0.971924686462906,0.596821981321235,1.2594368228082,-0.697573907486899,-0.402598719746049,-0.464397332255732,-0.621215326770665,-0.20367241931667,-0.379095302173968
2.07028175024839,-0.456725551318325,1.77094981710814,1.16084073434692,-0.209491416158193,1.00530185760391,-0.173943659146872,-0.768940676205881,1.32828522421101,-0.77340777748086,7.50677419600773
0.834003336130822,-1.48925235448767,1.80500865091928,0.611045180840512,-1.26798136383649,0.930838620341279,0.94776764367772,-0.0302266957887976,1.43296373143801,-0.00400815174750919,3.80946549331912
-0.368865428200219,-0.0567333743612732,-0.477724247667304,0.202347156140346,1.17700660301525,0.455498130789134,0.510623088029432,1.1886521462812,-0.439469092128935,-0.334730831243898,3.01168941251889
-1.92815028509877,0.100437523928497,0.261434296821171,1.25951259527155,-0.95087465898232,-2.02523480941884,-1.79784638807363,-0.0719765272308068,-1.64494859581021,-0.400764767489318,-6.35125790209978
-0.763719605715078,-0.3460605533878,0.20322260140738,-1.09570363163969,-0.730830791131244,-0.462145052053422,0.898327962751194,0.229090718614472,0.833155588351796,-0.120080166463454,-0.75046158049712
-2.03266350055379,0.943319204888711,0.496636391353955,-0.0344913741545972,0.638271315029859,-1.71445893116858,0.00133027766290986,1.07784147101782,-0.383898108327571,-0.0522789788068117,0.491763950572924
0.314442489267041,-0.124778156685979,-0.507883469963064,1.53442306602373,1.86649693197831,1.10975774017982,-1.82003664585457,1.58428595250144,0.386423786526436,-0.870689793878182,5.07472279893901
0.542021449484509,-0.641364013665084,0.470160560228798,0.836654280548295,-0.386932766457506,-0.133210968664882,-1.35701375542986,0.682277603148311,-1.45362292581988,-0.430477182653579,-2.58061086186121
0.582005532306005,0.218315082048632,-1.28656265356138,0.663474512614527,0.155622937227183,0.687350450622683,1.16853886625222,-1.49646173005983,0.0397693994318337,-0.363692300209502,3.00107268685549
-1.4042823877832,0.11569664252331,-0.720414519416142,1.47404654594682,-0.354705392956677,2.4892014041202,1.30959425265987,-0.453830135395573,-1.42958907306844,-1.52871037272817,-0.394440849081297
-0.0568394850900209,-0.667429362577453,-0.210401715630664,-0.116023551971451,1.70687227343031,1.94325317408466,-0.495152089710571,-0.924941672427381,-0.444073210427702,1.31302854064682,3.66480981552126
1.62404389670015,2.27991699821672,0.940994235110921,0.648611356434093,-0.383921489483463,0.916363330500432,-1.30709513856566,-1.88873502664308,-0.214061814972065,-0.230605719376732,1.56344666562619
0.582133918263128,-0.446442870168941,0.850503333915243,-1.57549831596379,-0.504598983470168,0.176661058505541,1.16322911156513,0.318402234653686,0.144853375433126,-1.7246689268263,-0.312088329139209
-2.68120639900649,-1.40656787010065,-2.49342827440412,-0.718100247904674,0.484932319658468,0.278885078239006,0.714987832422921,1.29170566760769,-0.052939134750053,-0.116577266165882,-3.54547087172493
-0.53532680494758,-0.44708819930741,-1.58426888583033,1.57034328392401,-0.893011103196443,-0.0337153920271547,-2.96546731890386,-0.104037908663249,-0.901539458831533,0.949538031849408,-5.05483802778876
-0.434093062587601,-0.591529063592782,-0.28745523714913,-1.16411094820828,-0.926440913032943,1.3866456376141,0.503021027743171,-2.29589947535879,0.476198645769548,0.858629110933275,-0.256514560793085
-1.3006194708451,1.42210708903816,-1.09409780661136,0.196634751456851,-0.890721847373403,-0.0287558791569363,1.53386567287681,-0.263093976677141,1.34090068334719,0.674554545836775,0.733634997852037
-0.336347853479135,-1.59766942796922,0.075383953609919,0.82155406022919,0.644794023839366,-0.136947205905485,0.356125321007088,-1.85194239323385,0.500181414744433,0.864937733837,0.706799322945552
0.774271206337125,0.143245485667091,0.829877819644209,-0.661811690523601,-0.566867783006683,1.45914492753616,1.27700241186165,0.758143831629023,-0.170797038967022,0.546454171328686,3.91287326111933
1.12915456559328,0.688745756872263,-0.293901195773043,-0.0569702624647405,0.720263003059187,-1.39415620123857,-0.592679132077829,-1.02923016670203,0.838511620408766,0.254697873613513,-2.08444284499809
-0.69406060829764,-1.09560276688256,0.420846002774626,-0.646422027544768,-0.0642446077892733,-0.984029389121232,-0.0119752559428256,-0.34644474941081,0.478355119764755,-1.09366391928733,-3.99817866025491
0.107435757808416,0.0584059143845864,0.515937319564936,-0.474109239146159,-1.4027929194092,-1.3512450648451,-0.16350013821112,-0.985736146582122,-0.642916709062031,0.7309108341075,-2.71159524321379
1.57912161697551,-0.347481306424016,-1.78532443034101,-1.16281594084674,0.812458745694743,-0.400759027046789,0.860737674103302,-0.195130125700399,1.47170111909286,-1.0142736846016,3.89453183319672
1.37310628096542,0.967141223022179,-0.816917396371715,1.54994884943354,-0.572001697440473,-1.03473970140495,0.615121924066618,0.304939182322611,0.276525330343975,0.353227225483975,1.5074587867287
-1.4359283430261,0.0582141003633923,-0.359406530544956,-1.58794650268593,0.688878946364342,-0.867093270971521,1.23882284187481,0.997190575533193,0.776720869311114,-0.064129865378017,-1.58537282660121
0.990182688636211,-0.769261298319176,0.508185359642069,-0.47110781002232,1.63922233889475,0.0466842046453093,-0.403691216553879,-1.85776178468745,0.173608868222664,0.256849935157916,-0.15780500263472
-0.512368309145041,-0.648911709480871,-0.389739498802605,0.367519453233043,0.912535797101841,-1.20576669015455,-1.50813078972808,-0.0091353833612601,-0.808366483208686,-0.183652933655323,-4.5105955447146
-0.142767184325037,1.01735464224782,-1.02955028268693,0.857706383578207,-1.36215974460226,-0.940794879300632,-1.29596438492961,0.136385982156034,-0.188261899077777,0.761649567222852,-1.67225695304943
1.05295441720587,-0.911169836786554,-1.01973821833134,-0.354919835019028,-0.728801730769166,-0.352681649275963,-0.903819534926862,-0.76937949878414,1.42449822855788,-1.3510938783304,-0.17536111619314
1.18875790384839,-0.86708996956286,0.5099745564292,1.46656451164413,-1.20946370051565,-1.26011334427499,1.01900576020923,-0.815595283125672,0.563978914970891,-0.631662216428163,0.735130080034039
0.5660494650748,-0.690915471970399,-0.959336028677834,-0.743042300127084,-0.582347799981073,-1.13104352137234,0.627586100960776,-2.18374670811048,-1.0856113225095,-0.301442340998949,-6.3720911864239
0.811577336522577,0.679935459379628,0.846694182873863,0.100900825998829,-0.172566688923258,-0.479678689049333,0.727041323141129,1.995372031817,1.29404068264405,0.280712773882416,8.12095418935663
1.15046622591251,0.882052985083724,-0.859436034284157,1.16444083685111,-0.595704325247888,-1.05481374702932,-2.80880799444306,0.422095678297466,-0.477735135742269,-1.13299900103051,-1.2520003977647
0.725861074420466,-2.39561372838267,0.0826947999030236,-1.47939653519773,0.0639800205408666,-0.710535685755571,0.0738475522853343,-0.752233750177168,-1.26394333162807,1.8029279264026,-2.85250563273411
-0.330317329884386,0.0133635937910769,1.85035715369312,-0.101869316391004,-1.82366515122801,-0.138334285872882,-0.623075709268695,0.159667329664515,1.21010097526415,0.00819754309621284,-0.252419536324985
0.701136870082286,-0.37858960782243,-0.150560629569887,-0.0312617154686728,-1.20491774322544,-0.118647918160602,-0.626860138830534,-1.05212426859049,1.09199749564726,2.03988703866554,0.79392130779396
-0.230528336393101,0.794930514549883,0.480193144779239,-0.208026309436359,-1.95588866494087,-2.29034381326565,0.238260476562015,0.462287793928511,-1.43967566889963,0.00626860514691563,-2.73173197103363
0.387195518094585,0.239602447434494,-0.144747853429728,1.29681566984805,0.443346322950047,0.0180902316982416,1.38859918914728,-1.32183278207758,0.391343101903523,0.837445049731368,2.87606071273277
-0.229069650919435,0.701267010337341,0.34162636440191,-2.47544253016009,-0.847026132324636,-1.01817065974931,0.42994968880822,-0.0882692253951588,1.22595071836998,-0.0972211769178974,-1.10788097209822
-0.535307920961255,0.149859169952658,-0.467156576229435,0.234927426060532,-0.4922430464711,0.801045208417975,-0.846991861458954,-0.477447537814631,0.178321123350549,-0.64528740876271,-0.279676826896784
0.806087972929736,1.00405163619582,0.180977533503572,-0.284029059148931,0.549114545895131,0.496186422847346,-0.493050324018734,0.0581057979012014,0.333930724572774,-1.14793692163206,2.0036011157555
0.136433321825766,0.395647754237941,1.62798862292931,-1.79758570257515,-0.0108689804965577,-0.437132634233509,0.70304975059976,0.0329503168919299,1.65113267929538,-2.23778569662889,2.24557619889315
-0.449722536686938,-0.723210766612447,0.235322640642738,-1.21718123184288,0.201675114278352,0.295292628950887,0.0942154803490301,-0.218214809459801,-0.694337532818573,-0.421689056744833,-3.69429897028472
0.0599895645220452,0.807769428975571,0.249114790177872,0.372151183170505,-1.529118547923,-0.226457610200539,0.45990905826855,1.36529664616217,-0.534277371983389,0.553945565735958,-0.111322268854932
-0.60693659838725,0.684682037018703,-1.67404654796844,1.24896552478676,-0.453390632617284,1.2285520299761,-1.89335458312777,0.301404099215524,-1.02906368083915,0.710908245786546,-1.76605332895054
-0.571616805477663,0.297102105907036,-0.486914711474704,-0.321413849118716,0.672472974291753,-1.65683510026911,-1.55276094358468,2.58196436894437,-0.706672305477005,1.09784277540033,1.5864434341563
0.734285325543373,-0.52961740578954,2.01041421640493,0.191217052507099,-1.59028643069955,0.455172694379992,-0.00959682955022712,0.00773478405263834,-1.09397733799087,2.35036659541444,3.32799832566928
-1.3870445765607,-1.0359754653295,0.0214658741540177,0.475635198839622,1.99734187348502,-1.30709108256537,-1.09799256450786,0.232755827634705,-0.407052913737547,-2.1045694711419,-1.92062883885908
2.07028175024839,2.31587095168411,0.10015773536745,0.681479396867991,-0.480174222688267,0.453205289589522,0.530239525101951,-0.268611101734334,-0.73278314069637,-0.653612978166376,5.17003503056763
-0.359197358895993,1.63378078549586,-0.484772902733537,1.99486559339255,-0.128440391594802,0.895227501930106,0.0854595952150474,2.97119975013804,-0.958488835741735,0.545010171907604,7.14119588880488
0.523967239150869,0.270889448081311,0.413310983835845,-0.381813856762499,-0.32272929609971,0.861402378354038,0.492350125304527,0.0913762818176505,-0.6401198295735,0.291674780224142,1.20916360968812
1.52615159890975,-0.519805792137358,0.154838997934808,-0.816185201822932,-0.886455651782554,1.1088612712463,-0.708344094028974,-0.0517540468388509,-0.664006305793752,-1.24000180984422,1.0487938452367
-0.0554732180780339,2.35275773929325,1.2761311836218,-0.542263715697078,0.834316089469513,-1.69960480801928,0.0346996841331104,1.03631263388769,-0.501663677961179,-2.37394663087884,1.73980281142964
-1.10320961112559,-1.95211040158426,-0.414206801563086,0.173679394687215,-0.60232554237509,-0.82970231548067,-1.4116817989374,0.603815535744431,0.746522432945346,-0.703679907374732,-3.3907009922979
-1.66785713658862,-0.342294046769386,-0.187929266529676,-1.4000299965028,1.29951924002016,0.412828077261006,-0.525483503876472,-0.24868102335837,0.119625366017622,1.31984636897368,-2.5012836694296
0.833240381744382,0.730037650377221,1.74267940006668,-0.969911870132893,-0.157660364407899,-0.142109935496431,-0.2757066452117,-0.234089025649724,3.00536927857332,-0.0789927786037703,6.08328995898306
0.866752495694115,0.293452009075441,1.84101336943256,-0.382350437150374,0.673259948891122,-0.0757667869666617,0.433171247414587,1.52601511518754,0.218258429975374,-1.34718413439912,3.76685916655126
0.826331436827949,-0.586584266681383,-0.0424705460750485,0.00028631931914537,0.289327944239992,-0.403900538039715,1.62894616295777,2.41321948890472,0.254270272635295,-0.0264513771136876,2.87152722744224
0.712292707190387,-1.06740748047016,-1.85853558909308,0.424887096636692,1.1417546393039,1.327243574194,1.0837355615561,0.7423668838734,0.284346032116743,-0.809534490442132,3.14823052340481
0.734285325543373,-0.911408396947123,-1.157105308035,-0.0355487812257116,-0.419091332984652,-0.819317890286164,1.06380975809668,0.202098759448666,0.484618745081911,-0.419231145039356,-0.304914651204475
0.612887985822952,0.661623693971628,-0.322193762837881,0.0793869560080815,0.237467306917819,-0.0660570893549071,-1.40270885522172,-0.390202960462279,0.787716550011015,-1.31349359105343,0.289838433261298
-1.15028553817273,-0.820259058868753,0.960287690096267,0.915798636358801,-0.850305424501332,-2.07456627461776,1.35022140622335,0.0274849996748789,1.74854062776335,0.12852921706599,1.15355514770554
1.37310628096542,0.136170095522413,0.324350447533454,1.053628136856,-0.371570658185587,3.57114070019953,-0.841193810931833,0.258727859475834,-0.0479400856786832,-0.665558314075671,7.55678663140622
-0.917627204758462,-2.48882349878848,-0.626694253460932,0.422777871374961,-1.23902090693894,0.466768318813696,-1.20654758268773,1.87624606921522,0.123013956575285,0.490322019909157,-4.34745135942369
0.616852205983287,-1.24621938056397,-0.0499168269020702,0.056291718415873,-0.364687422483573,0.782914314008521,0.104649422331268,0.85501051451555,1.18462751199269,-0.362370757679573,1.67650210699354
0.947953635286303,-1.27814586349548,0.723014500556706,-0.319195823958507,-2.06121023356993,0.402339238919551,-0.637117776039203,1.25347062751501,1.38245272001501,-1.74282648376234,-1.85183903970049
0.0700111879988655,-0.844245910473212,-0.125883724544491,-0.0266921161494425,-1.68298029456501,0.177219874220909,0.466025390070895,0.0963987481500515,0.476241394607255,0.765259319740507,-0.766501406846901
0.660924151009691,1.26222256180573,-0.457938378506344,-1.20177488544508,0.707512981440485,1.69641039820639,-0.594565691049401,-0.464227352386051,-1.17848820685077,-0.529822532235312,1.98566708682407
-0.359197358895993,0.699416244798549,-0.999632950310409,-0.0608879712193831,-1.50783289033934,1.92562767038884,-0.77726611264972,-0.847865829471069,0.100792391633823,-1.56475287367686,-0.945952819139392
-1.12626817024402,0.766414938196047,0.329125376937741,-0.682329125377098,0.880810246261693,-0.835318993534011,-0.856354326150569,-0.901072998886837,1.54360853617641,-2.21667715718034,-0.980277084778101
-0.445023719247312,-1.39880622605044,-0.506671790208549,-0.481596237648808,0.235424454938774,-0.956788549785689,-0.738711142679009,-2.07769106155523,-1.15041460926384,1.7921285754324,-4.07013840419024
-0.878447872680437,1.52949859115856,1.08062717671853,1.83253140509361,0.395626846920188,-0.918994279192789,-0.824484738884647,-0.586152180388545,0.738623924179236,1.49346580359958,3.44440133701693
0.267311648848351,0.545001498034598,-1.22738288764095,-0.830946106070195,-1.95741510120133,1.19176183761902,0.851017624354091,0.128276990766977,0.171258516848639,1.57116560636064,2.96579791021585
-1.29429171815046,-1.67865087371841,-0.408308239018407,0.421203345233001,0.0310762340426075,0.523290129392058,-0.877137804674754,-0.0865166940708475,1.62546571496255,-0.521839730308149,-1.77268029947054
0.0685647306826931,-1.0388661655669,-1.82518972164,-1.29745975657486,-0.405286930226809,0.347134516085327,1.46277692824767,-0.961993228644631,0.723698500327797,0.995310638245778,-2.15119664580423
0.982744739593277,0.152102100682631,1.52212586205472,0.367762422029565,-0.102864768954385,-0.334148482934744,-0.0337498391345793,-0.0332557028849285,2.10665400462844,-0.209362891440245,6.71242782658475
-0.457506843738402,-1.2429789017482,-1.22208291524332,0.26805807613862,0.350695926635096,1.98026211093114,-1.08811492659557,1.85780833112258,1.22534796741114,0.689264024971618,2.4123387225995
-1.01426938404484,0.230177729679917,-0.475512049374307,-0.350068399695199,-0.122359752824038,-0.160666621399951,1.28047858574747,0.375298635196336,0.924220345387732,0.265139586607725,0.800481667404265
-0.698877471169392,-0.980160338368744,0.139437421896927,-2.12007307919606,-2.03249339249498,-0.288372399409088,-0.257888865757338,2.19878722847542,-0.45104985646446,1.96342134927013,-2.67997209576115
-0.697150095078282,0.426765883587956,-0.249267072235521,-0.885398783067207,-0.282692047405026,-0.140511535962955,1.33303072218955,-0.0250813651740627,-0.405844733470976,-0.386428206433423,-1.44092188636637
-1.4359283430261,-0.69853852092863,1.34440084161008,-0.365401356400036,-1.28009964291091,-0.890765919568253,0.530480740700258,1.62905844383278,0.742801371002154,0.206693118164478,2.24625058973776
1.23218822716828,0.689400765270371,-2.03508587018889,0.213023981491634,-0.552062934043039,-0.44154526442377,-0.210420763431629,-0.706299318541359,-0.330188091158078,2.10834513758712,-0.466642208467705
-1.11542048130593,0.197667699018596,0.749870860702889,0.999427074580591,-1.46362650918993,0.172641872834279,-2.95642607895971,0.702085863010837,-1.49570240500395,-0.819355284338357,-2.11351586613672
1.58312920532831,-0.145037325333694,1.10112562565904,0.186619354758142,1.87318874523733,0.97387206491752,0.224431974914761,0.627102138474744,0.0341408572244112,-2.1369168763456,2.75968593910747
0.701136870082286,2.09358069402724,-0.780909248191746,-0.560421659660998,-1.06099267066444,0.319361236309404,0.259309463345275,-1.40832133987701,0.664145798856736,-0.995678181411525,-0.59940607254886
-1.4359283430261,-0.412014760662376,0.963072939610448,-0.723312164624977,0.222371328894558,0.367210722120511,2.29761362846354,0.710633486990522,-0.185285533689595,0.172954192563994,2.43312847402637
1.89896990505173,-1.43399537458111,1.64819711052715,-0.439360341748826,0.0125696182450792,0.309290349896282,1.18637343608472,-0.809955728818386,0.67749798866771,0.44081408735529,5.22252642403472
0.842740045845736,-0.808442422902632,0.724574764249371,0.926269915348506,-2.00044533728498,0.0318852820386449,-2.92475005767644,1.16537658812117,-0.618649214784526,0.775044639550829,-1.91621316639941
-1.78390520995218,0.603402945879642,-0.18832215567664,-0.99432248851899,-0.362067892748815,-0.0426682510811559,-0.0724076930851709,-0.730539382583802,0.579685260310772,-1.1381268861137,-0.504877435491833
0.813472602396665,-0.819788699199825,-1.1714663127256,-0.705899505072416,0.561662153759486,1.32243076285967,0.519782666510178,1.23653932684087,0.33390811194118,-0.959316021255213,2.33450494224092
1.55992137739149,0.0366825525583927,0.858038857683882,-0.0070683354721764,0.197640326562262,1.24000549571283,-0.581979244345564,-0.660945055934181,1.34066268194825,1.85535606353261,6.24903692307656
1.55992137739149,-1.09411114362318,0.605770339922011,0.370938624286514,-1.60450760543387,-1.09339325792628,-0.429788881330804,-0.610115163451845,0.795073204138858,-0.126852872084762,0.938551846663877
-1.12626817024402,1.38756188603702,1.13013118601734,-0.709197195856931,1.56787304358713,-1.82363341220657,1.09513282551117,1.89076261186418,-1.01165850093605,1.06440997587008,6.95727712435084
1.61005992411986,-3.06855019593331,1.49480812306497,2.03869771388643,0.869388197387316,-0.148426507202012,-1.8733471308393,-0.162008512635425,-0.43746798637448,-0.831463248628889,0.626269707149528
2.0649106700984,0.24827360968434,1.76969588070744,0.613313677322916,-1.02724800005694,-0.849269375366606,-0.300697261970725,-1.59600029593554,1.11327081567658,0.725015226877385,2.75036435223636
-2.42232185569833,0.331815164057695,1.1912412105706,-0.35607422455939,0.68264273544206,-2.40477461577242,-0.617221629911878,-0.42507097416817,-0.992645663727726,0.420666742332159,-2.39430353068883
-0.0797836683767371,0.625172319952495,1.59068192348036,1.36051738643296,1.00212571304089,0.833905908151539,1.14006861694206,0.361564560575908,-0.793269625228953,0.0160543587189125,5.84236563408169
2.80962051226562,-1.12171052764512,-0.683010047461931,-1.09730603994586,-1.26378359456145,-0.583767666445636,-0.0195026576091046,0.356954803258127,0.594601048614174,-0.101161844015694,0.408068657713125
1.57880586816079,-0.0532530982204237,-0.596081203441161,-0.262895197188905,-1.78130312557053,-0.203004672710356,-1.40938532625514,0.287090054297918,-0.360591875972754,-0.536764261158302,-0.0261556119183766
-0.852173793330298,-0.671475041217365,0.254014515653195,-0.177436384598427,-1.78797573319227,-1.45033636491559,0.940901822510476,-1.16455876357586,0.390759626808653,0.0263799593627154,-2.06915711131278
-2.11003080987259,0.923569895391396,1.7302616169464,0.707665154826622,1.76902873519413,1.49545392211462,-0.933508250939187,0.283956637498377,0.270179655231155,1.09962909795331,5.83319123351048
1.69253018316718,0.800301309228182,0.748579317337159,-1.58569909156772,-1.72723421079896,0.628678820513247,0.0155150450937041,0.996092719385668,1.41627406911666,-0.717070466973112,3.23575505168199
-0.330317329884386,-0.498205583836367,-1.42706087066649,-0.359789291817278,-0.341390970897874,-0.194033094993646,-1.04261102385483,1.04608835907507,0.904890784199176,0.445723860231304,1.95593883286061
0.542021449484509,-0.192481768276564,-0.871477835225609,-0.676503866587576,0.654470737507373,-0.272606310516995,0.325574078500073,-0.19182665986855,-0.555715037297466,0.154695987217627,0.940636726817952
0.015716687899809,0.371162741705589,-0.752906033597616,-0.197506477585743,-0.171481354348104,0.138054651691268,-1.19910662518051,0.139373633462741,1.7449172052573,1.0310109037873,1.67191360222835
0.479070694577813,-0.158749163373489,-1.15885211394697,0.515956478821988,1.58226264467093,0.513892033410674,0.712515149157837,0.273791413066792,-2.20211597048098,0.687717146411738,3.28161213615978
-0.0210718283468177,0.363582663866353,-0.614010465477719,0.131716427631657,-0.521666110508957,-0.100774431021858,-1.41910299307861,1.75133421576453,-0.232775038608553,-1.39927636217789,-1.64414341615748
0.204368457522187,1.40252660133907,0.218814553459334,0.382019429377739,-0.361523797104586,-0.0140165047287794,2.23159284021778,-0.540997579936598,-0.34109244980752,1.31630605069907,2.05799589480767
0.129321667602643,2.47983932687499,1.6531024455885,-1.02303453811476,0.79292850767872,-0.77463045872143,0.600332815552177,-0.0282008753457073,0.377750538351561,-0.365407046306446,1.50639427655487
0.938325622880217,-1.41669583060819,0.991254960035426,-0.00391063992985181,0.571755291264209,0.22775725054917,1.27675231256868,-0.545865517749105,0.278410516477248,-1.64486652052223,1.56745094532259
-0.959177678827175,-1.05354953953382,0.209524640227503,-0.665601858837845,-0.891815359274888,-0.718110475260246,-0.504939970628277,-1.43385244325693,-0.776339534903705,-0.0574471347620897,-6.04456651652509
-1.10017496100111,-0.452371480109889,-1.46538291278424,-0.308052003230194,-0.782121141976821,0.24273975703346,0.700624019022866,1.90915326521481,0.0483125137166233,1.16061025798153,1.81129433664274
0.774271206337125,0.102379148122576,-1.94957776791485,0.245318911876818,-0.412455724364409,1.39909973953518,0.675791149404188,0.972162767053663,0.139096809513049,0.465118736511641,1.10280981028731
1.78096791603891,-1.14038796412101,0.872361108037341,-2.31721936238494,0.285467209019063,0.721918863184992,-0.324041747841985,0.222260835419197,0.460439243498339,0.961211889952723,0.762856414886828
-0.73615222932658,-0.600639229395145,-0.986676455767553,0.195866363407186,0.205841483858802,-1.72510122280716,2.02981282426786,-1.26179909278175,-0.456813295742992,-1.23696525619344,-4.49694781061628
-1.13330181516175,0.612955651494214,-0.37371135902716,-0.10849945129228,1.19952173090766,-1.19500310749107,-0.0545588197776915,-0.991329542997155,2.99582993430282,-1.17835849303567,0.0656215541267051
-0.943011913443188,0.556341038484703,0.0864095716558442,-1.57157082041728,-0.86713926753064,-1.01374589399371,0.612452698122009,0.512937605385989,-0.258250594289567,-0.857020140790363,-2.26156665486625
-1.15028553817273,-0.135415385288488,-0.314005967329149,0.193873182244792,-0.430640017224833,0.0121139318643661,0.0717147267293035,-0.287663108828157,-0.0411034440856448,0.522610820140946,0.939205431989867
0.129321667602643,1.38680660890241,-1.04650979159553,-0.360309599139131,-0.392357534727975,-2.0237946895656,0.827123177813451,0.868583475282099,-1.76218824622097,-1.08358004937242,-3.00076578966795
0.560180371208059,1.35655314650967,-1.71259920601986,0.429244789804498,0.550896957779319,-0.409921566496712,0.46388619976556,0.447983749590275,-0.0657913348783571,-3.06359279847003,0.28596054583471
-0.763719605715078,0.527649494193565,1.93737363794324,0.251229976677132,-0.178487881708296,-1.14140865101647,-0.742824826987369,-0.541782670592259,-2.64243726048756,-0.374241369401583,-3.16460107401229
0.585322731731217,0.0406276433749048,-0.252549900536842,0.749073536601352,1.37295751982614,0.532723889808674,-0.250087967639104,-0.836086461305356,-0.225961812338546,1.86345072482784,5.76290358098404
0.585322731731217,0.313411745295145,-2.07677021644689,0.886481512595536,1.68863530739888,0.915231697474238,-1.4742970314388,-0.62810695787559,1.75275550934384,-1.52697947055692,2.82780680248715
-1.74222180657065,-1.46059131625991,-0.629732474238178,-3.22862266953538,-0.481529256955712,0.55501458874908,1.39039723468734,1.32181257860027,1.75331942411737,0.712258818678314,-0.437489984369266
0.419464623774853,0.532066354066682,-0.246889729569173,-1.48826164983737,-0.247887796123869,-0.718070005326968,0.395970653688929,0.804488404795453,-0.00954098839011092,0.55591305321554,1.1027451065487
-0.965544075901445,0.0202145993302929,-2.36516154325936,-0.179581853534169,0.354492948242714,-0.289158554169573,-1.3307117802197,1.02155468113578,0.551449824848569,0.305482046220633,-1.2331239669828
0.0366725653143884,-0.225840729849022,1.90427232235403,1.15093989300204,0.707361302680176,-0.221787203269207,-0.839096749831779,0.539773345203559,0.526905357705627,-0.890907516283268,3.03412919022904
-1.10965765978787,1.04860543891368,-0.499046352103451,-0.841456766806019,-1.9184117503424,0.872267820247995,-0.111621241648431,1.16000803766802,1.03927070805587,-2.03656733573226,-3.30833728939034
-2.31730031809287,-0.749879590286116,0.645315391218406,0.869148178145921,-1.2052035248784,-0.965296185649999,-1.62567363328679,-0.626389119179659,1.56133760959981,0.339601978178589,-3.83094608521823
-0.716924772386781,0.244155298865562,-1.21241683853572,0.147010325202194,-1.8979975152469,-0.232444043439992,-0.68907342882593,1.01221354493127,-0.231168232688591,-0.76074994523993,-1.99428393003138
-0.607771129529076,2.36638962001981,0.376902127788884,0.328501668283816,-0.350094989144787,0.0306111741303139,-1.52536644790793,-1.5263678979365,-0.00957787829162887,-0.863010473589642,0.506085298260679
0.616852205983287,-1.45436970754921,0.76608409310464,0.3167904014502,-0.456561131390558,0.290160691315781,-0.477181590317266,-0.345163209792085,0.844935067303763,-0.126401934073716,1.3421180986922
-3.41416810183027,-0.227682635345456,-0.412448040545873,-0.087225145930312,0.183610605211545,-1.63115135585305,0.393147395162458,0.672480742122511,0.613379856744686,1.04411127533506,-2.30650446348913
-0.457543444995928,1.256112931786,-0.200989415978121,0.290871088282133,0.744643276855349,-0.266018033693093,0.236292161851385,-1.36968809828399,0.478087551214855,-0.581286686092627,-0.242104182782299
0.324597780846834,-1.68512881146286,-0.176055284590185,-1.2139397076417,0.438837131328471,-0.242260110785191,0.526145103282821,-0.754332211059116,-0.828931459485232,1.834395945242,2.08549231519606
-1.72729218597082,-1.58221107893019,1.21506410847543,-1.02993808199167,-0.10910909553451,-0.246292689949261,1.00738239685739,-0.646596758158087,1.17778839323299,1.16876374373834,-1.81732135448014
0.894239909738401,-0.0446993030559615,-0.889483029020056,1.04630792787111,0.406056156640588,0.845961616235014,-0.772119652733046,2.41328675317103,0.770403078074843,-0.723151397561561,5.20891674015725
0.0864821589492321,-0.791356586888018,-0.337510606860681,-0.750155705620054,-0.268291296999725,0.761210429632426,-1.06832691430803,1.21150076968787,-0.760902113345374,-0.167059752128691,-0.180562165698258
1.23073083095884,1.18627467378303,0.320038933031315,-1.20566901631589,0.219222341926599,0.27555121768923,0.766674672450269,-0.46802746747865,-0.580218286851956,-0.114825210567542,2.97629474853799
-0.776261317234471,-1.10170648140046,1.36665464084612,0.613147423510033,0.474601032101321,0.227957091563188,-0.790604015261951,0.641639348020685,-1.48383724383127,0.220007318491936,-2.48545525520912
-0.629642538461729,-0.176973163232923,0.632672285583918,0.375645157960096,-1.6574770335554,-1.61908770431047,1.51740174431216,-0.984274222821182,-0.169980886249199,1.31620720732461,-0.659929150165611
-0.0488463946210477,-0.509136405978474,0.166145991974302,-0.848151391800632,0.271677165171412,1.88681058975867,2.18054983935527,1.67933863436654,1.93439621533204,1.51314753369742,10.4725367417047
0.730148159020203,0.646572648444724,0.847461527141581,0.242264520902921,0.316041392708054,0.779925250970411,-0.24730514378332,0.74049924604219,0.225966213355736,0.955452091731371,7.00956137710271
-1.93430713567842,0.342480569765984,1.44168945812396,2.10074434791589,0.0553749778001348,-1.69763796596952,0.413771463316427,0.04835215642982,-0.577295185024982,-1.26473432263369,2.14562314424644
-1.72729218597082,0.437787145942248,-1.10917426126566,0.25345699894417,-0.85741974939173,-0.117907467524266,-0.378713934684756,-0.0533506480950843,2.37579007939159,-1.26403871880125,-2.40927292171504
0.530022614016301,-1.47927421940358,-0.167881949786811,0.0699538263732784,-0.568721678097268,-1.91174632530116,-0.0525153351560391,-0.605028469349262,0.9817256994302,-0.184256281367282,-3.62766421231234
0.600019005014354,0.387005336232511,-0.890363673398237,-0.940283233745954,0.771934241940876,-0.367126609768743,-1.05444640368845,0.458400047903659,-0.342027590933817,-1.24640550658155,-2.60675680750805
-1.44011142728184,-1.05987519727651,-0.130334822539682,1.79922007812819,0.962530128140657,-0.0304015970924166,0.346861762798839,0.51539892911516,0.493629568759248,-0.27427969850213,1.650429506154
2.04167427252673,-0.536029951204757,0.187435254470314,1.1303210451274,-0.360417356700217,0.933681067314601,0.205652052568701,-0.602174508349544,0.807005827583902,-0.97138380388904,3.85894912076976
0.189051786771111,0.248640428398141,0.360772380437309,0.0841799494967236,-2.48872356344201,-1.86131273484357,-1.20773361203939,0.817063431483883,-0.437933570985043,0.0724417349916741,-0.217504813266512
1.52766988825879,-0.862506365401751,0.901078341979321,-1.75735472008935,-1.29233839565655,-0.411497642928587,0.149814490162634,3.10928705965961,-1.22762454819195,1.12048995790796,3.06223588358908
-2.40992638418171,-0.248811910612846,0.134315726647809,-0.855806599089789,-0.268332965297184,0.418551190239052,0.00810006928336732,0.919942746580676,0.33842916417297,0.854196568672509,-0.191267259708232
-0.0554732180780339,0.719204866526416,-0.298354159736805,0.135882180848586,-0.432698708876892,0.946294165888522,-0.238367507281984,0.771432333359298,-1.40939211437423,-0.822110782037811,-0.0976328112458241
0.568470379576026,0.428705479768838,1.81713605291965,-0.435100154437485,-0.415217417572632,0.397013786311045,-1.74353800178402,1.09687226147215,0.844203157218684,-0.627749200316428,2.79736518002324
-1.988402702196,-1.00526486926163,1.21491438289724,0.825379560162918,-0.786554135435873,-0.857888361898202,-0.537661421064867,-1.45102870426448,-0.331461518133865,-0.0552626997227929,-5.708335068896
1.93122697143558,-0.587551081107356,0.0865089216363827,-0.152370643071902,0.871873365799611,0.764673742238612,0.704924295423476,-0.119192301137952,0.109090672882022,1.06984866882164,4.2565271619345
-1.92815028509877,-0.252121813188776,-0.566103992009058,0.667426670519711,-1.01889334337337,-0.202323512882882,0.0204772414880584,0.18469670797669,0.282072745213352,-0.0277935103447519,-4.08741017692705
-3.41416810183027,1.06076674462515,0.512140836634481,0.919155073787281,-0.060038012234428,1.85958648696105,0.093975509568271,1.758818535044,1.09731517967235,0.27972051757829,2.2765436293084
-0.703229749997924,0.0202265984934437,0.381214657854761,-1.17761286642435,-0.00510135596268533,0.929234934336783,1.15169612049047,0.154739323329663,1.07983744282798,0.0793709117635698,2.47040944107864
1.23218822716828,-0.973248951781075,-1.48471572496591,-0.078668869303193,-1.09816497624818,0.47736205951353,-0.546335666486712,-0.837533409203693,0.597203334307657,-1.32186070872883,-3.00491874134994
-1.45317677433447,-1.82662965683911,1.34574237453365,-0.925136378888597,0.631154873813139,-0.452008067362928,0.75557019486838,-0.657739052298099,1.84127395931043,-1.50147219926302,-3.37217990855107
0.715460484862182,0.985287642923111,0.151502615737527,0.567309270901371,0.575505767919613,0.961759581219269,0.45798170358087,0.318986789247927,1.16392321400418,-0.745067984611841,7.99962119410093
0.479059373178246,-0.627953141812828,1.00634734812333,-1.7592548426248,0.562360586706547,0.093585475012508,0.992882266226384,1.3450391153766,0.345521488846522,-0.655966926111892,2.60207573535464
-1.14246205611882,-0.313348035149329,-0.548483832396194,1.54613675684777,-1.26436505926528,-0.6946794622793,0.358704817013984,-0.340879289147156,1.93669529632441,1.8660328533316,0.850133564437263
1.20665796456254,-0.131643378178746,-0.223989585993506,0.550763293648963,0.648813134255468,-1.66530180623179,0.217412711229035,0.336522193037296,0.245005896109875,-0.931268335457089,0.647336268348426
-1.14246205611882,1.67359853847756,1.13981759889399,-0.269867996453596,-0.102260132861857,2.01178981678983,-0.0728345623929531,-1.50695987324363,-0.710575570401359,-0.384254440283834,2.4043796659823
-1.13656929730536,-0.924021205417434,0.0923416979054359,2.57372641594862,0.353573474687926,-0.0201265798939746,-0.68369794215184,-0.59090931789692,1.04050344833768,0.267984843997522,2.57395327449317
0.800496311907522,-0.0184525771329372,0.570314630367245,-0.999491620865562,-1.17015473870986,-1.01633740809126,0.795794148875688,-0.143358036772907,-0.0859573537765049,-2.25419140597669,-1.1738016943683
-0.0613469150245441,-1.23929701532543,-1.88395323130094,0.283488718221612,0.140135462469359,-1.38208697574348,-1.79223254404694,1.80938490611426,0.495375521269916,-0.227136166970123,-4.0417537900566
-0.266544823078609,0.104316295552132,0.193408255432105,0.127271687466324,1.79308277634606,0.137838694752375,0.0842948625678136,0.788189225275354,-0.00495310993749935,-1.64620259598553,2.92183661517847
-1.50624011482156,2.35867464750689,-1.36131399486236,-0.0949039288931891,-0.614749524229019,0.731072083012338,1.98139130182142,-0.780554337300085,-0.599649439711789,-0.325040143813164,0.162331634757532
0.217198417639808,-0.0184372423573668,-1.42921092468585,0.0234300612642727,-0.0508789574079654,0.0105977861929083,-1.07690961558821,0.634080805341767,1.22755726132519,-1.42963848224742,-0.62878267992845
-0.316398455050503,-2.18164252199465,-1.72600411716288,1.17502363504223,-1.01247451788353,0.173099429929125,0.0247281363578644,2.27667858940996,-0.217825564241739,0.0975634972465522,-1.27428150299322
-0.0797179679380475,-1.12304944395934,0.826063494263769,0.150575016099261,-1.65695628151621,0.190764910302178,1.53280971294559,1.90794667234134,0.584535359666148,0.945613334625206,3.58773115034755
0.479070694577813,0.308311065954397,-0.0133384044687871,0.524913739315558,0.246750150376987,-1.47229433545566,-0.614902763248518,-0.783504441184501,0.841643252798753,1.436589148992,4.09175317552066
-0.139171559796173,-0.196345173379047,-1.9269982829327,0.46703638925314,-0.0781001116060247,-1.70710151198699,-1.11527958060913,-0.73362351447184,-0.464775540375338,1.17772094740609,-3.24723889326117
0.438202554590242,-0.0584781245337224,1.38714669644947,-0.779319302504942,-0.444360013486619,1.24191094524032,-0.994626506870139,-0.260732844896776,0.471541585321153,0.808622059102393,3.55688800078281
0.237494436061453,0.297826306183999,0.628878869442252,-1.00335752935355,-0.399282913611672,-1.48504596234159,0.81183045380733,0.0345299539676524,0.885374686517951,-1.3744119889551,0.460818353509561
-0.684437148937612,0.857747839478632,1.40936741370881,0.366110115630237,0.112480554644673,0.0587434240243475,-0.308851096474916,-0.515993452103326,-0.75865219928395,-0.206540467545065,1.4023631542331
0.0685647306826931,-0.0763431148777815,-1.20968921714709,-0.100752405105886,0.612518342622259,-0.0241661076128837,-0.195056133848413,-0.659895312816699,0.510336811896027,0.0495324234592167,1.02540635834151
0.383463403365838,-0.761147841973037,0.411426251269571,0.102825818410324,0.101450062292583,-1.06192708243088,0.689468664243312,0.261862350208057,1.87427961741929,-1.81028790692046,1.05517177195662
0.063700516863703,-0.266575795660773,-0.200152093366062,0.250614495150544,1.5523411948534e-05,0.233612699296586,-0.856622760766692,0.115025469422496,0.387704493044908,-0.00749573404317311,-0.480065113824376
0.725861074420466,0.239592364534109,1.53053708202633,1.88435317576555,-0.283144032530343,-1.32957930030894,-0.650571572110037,0.158350357821888,-1.58292900920718,0.139120418822166,4.03518450120123
1.9045035136167,-0.115433640694666,2.089350860859,1.20312940872439,1.29778453148457,0.400791718206252,0.16436485188277,-0.81662620974054,0.470814296145301,0.315836935790997,10.3796132917287
-0.0868641075262111,0.159027351448414,-1.11064548229383,-0.944054341745542,0.23226147347727,-0.246627501994558,1.83656117690022,0.688602155312315,-2.16110268702647,1.21545272172068,3.98731857784828
1.05162848276026,-1.34859679461935,0.45036765275835,-1.64652684577821,-0.516529561653929,-1.36465934886844,0.911291420297296,2.18200059898995,0.851377548420009,0.550598849234776,3.27272706710848
-0.720892062103553,-1.04299394278656,-0.39501107342946,-1.75155715629515,2.14535921757386,-0.0442907422215117,0.705607507994354,0.86098066568022,-1.07586205404871,-0.533304000388272,-0.633257397374691
0.582133918263128,-0.263960876643321,-0.815322131160054,-1.25392347470959,0.14447800099552,0.874358093481956,1.16098151770804,0.872625374184791,-0.883928636244056,0.123049173677466,1.86411623260109
-0.345148005243981,-2.01720156604965,0.897441614822706,0.456324408425359,1.65104355012886,1.00797342112361,-0.443573650048599,1.05352469278056,-0.990474842254745,-0.208734149322267,2.10322132581887
0.0249280739711951,1.24044301454511,2.3228280972916,-0.682414972230182,1.05295147580372,-1.30274142372929,0.118623404205105,-1.08976090940323,-1.05668701778548,-1.21534007866238,0.482642354902302
-0.576407420132813,-0.780169591849893,0.43530051352313,0.51806311187795,0.443794747806149,0.284674681073074,-0.382720851227473,0.194218336312113,1.28956268393345,-1.02892725244748,2.93581715819175
-0.685664035729388,0.945375577941837,0.294762087375855,-0.0578857574478261,0.906813609230068,0.0457344184569915,0.372956553625059,-0.462750662500563,-1.30293432459945,-0.337045259159797,1.92290086872914
0.599676319777418,0.991134320495703,-1.00594125642144,-2.24370923603995,-1.66913645653418,-2.33348024461164,-1.28114399547259,0.787795545563858,0.9138488325143,1.33355497806379,-3.34408091419551
-0.697150095078282,0.743768771162851,-0.990368937122057,-1.75771877050544,0.893534867041478,-2.67926406831154,1.34896134586682,-2.54884629039605,-0.270913140439916,1.04514969904269,-4.31962085923721
-0.73615222932658,1.99055378763244,-0.306284703733952,-0.796509003352248,-0.502958072757412,-0.331865335646483,0.448940692870059,-0.769885034027314,0.420050424790649,-0.373131913743226,-2.22360420219294
0.127490847259892,-0.393081729006154,-0.210763735993825,-0.612495274244087,0.372513208897379,1.04111069734196,2.56377447936089,0.505110392314107,0.755265519586441,-1.20142776586892,7.26754448870079
0.785338818606807,0.649143373688425,-0.469182316741817,1.9583844965999,-0.335983023946001,0.260255559206315,0.0213520899048526,0.777427405548772,-0.010712697761899,0.80239749659053,5.62839736060864
1.77912285602345,1.38220800146907,0.750818843770512,-0.908595600598937,0.559363085645466,-0.033585193919668,-0.205660724419236,1.46602638452491,0.29583127831866,-1.45193425577038,2.43670339870745
0.465842740246494,-0.234364049609715,-0.13922996975457,0.274228320929495,0.0537298034212428,-1.312024660902,-0.395653327224417,-2.05595802647933,0.800624426663118,0.654942236464286,-2.7501049730201
0.784257599403902,-0.299715469350901,0.998045698211913,-0.286619525144204,1.18656947627131,1.49627564917979,-1.55736857458552,0.699967367559193,0.0239589584843212,1.09882251234473,3.34774069589084
-1.40724781475585,1.02089328287422,0.0271337811253605,-0.0452582265281628,1.01502118625581,-1.28714945131795,-1.20322284300987,0.204604352161362,-0.428237156360308,-0.915882908993639,-3.42117019563694
0.784257599403902,1.67631027200068,-0.281216075368275,-1.20104792545327,0.575907045902173,0.505878412483816,0.459859903344647,-1.70945905779322,0.112261601232674,-0.786360954102683,-0.242750432801753
1.37310628096542,0.475287405510079,0.47359341178558,-1.40894644570205,-0.015009802773169,0.0176966252045894,-1.21297209941231,1.35479844453945,0.760278722707913,0.210364694155538,4.50518518963645
-0.647405503633819,1.1459385601404,-0.663669444866733,1.72636426268327,0.0485459229431951,-1.55601574513382,-0.459906829401565,1.1094556906559,0.50917056829766,0.708070118626257,2.83032360293129
0.560180371208059,0.581873424911576,0.43499249780823,-0.693224926446846,-1.44020447686075,0.119908574407438,-0.406573525774383,-0.103965835640772,1.83710889031309,0.734889025312124,2.47999826795937
-0.414441680529909,0.114727161595393,1.30381732639252,-1.72955233868164,-0.54760374710637,1.41196049940261,0.364486518149273,0.399006196879544,-0.840303012368244,-0.237070477109118,0.898926652848495
-1.78390520995218,-2.52919022222275,0.267667363068395,0.467054616083917,-0.455027444438908,0.487033929628537,0.691836924260264,-1.00548104118273,0.516770259618549,-0.283284917713376,-4.13401298794836
0.447491185066163,0.343832933841868,0.728033295951068,0.759118638488989,-0.788956086796896,-1.37276800270687,0.176929245135527,-0.674559342696581,1.63076647353975,-1.15627817729155,1.76044966683285
-1.94862125156277,0.576135056876614,0.806831751303372,-0.989676427835006,0.619961592041028,-1.94305917574654,0.711544397939919,-0.393974064233325,-1.13844487718283,-0.155272144943942,-2.27123871745888
0.859332688551433,-0.845810065903248,1.21354950443924,1.02683991862926,0.335949546949268,1.96824688092247,-0.179028105634273,-0.980319586070066,-1.31518489843337,-0.484082213894507,1.36657771328898
-0.959177678827175,-0.21375408799337,3.15012398314427,-0.339439664933396,-0.576656652738182,-0.323894290445644,-1.39073805534633,1.19744238721071,1.30417511842236,-0.383793661922229,1.71487085750482
-1.0573719263657,-0.819364311011569,-0.0448359820220029,-0.86158555942831,0.236858244483583,-0.197863067881321,0.951523819550624,0.741839955808964,1.11472662168364,-0.676193538489921,-1.00656689083591
-0.601446296091224,0.869371627846371,-1.10055590071528,-0.980568006011123,1.64405329070899,0.608646976900274,-0.0873716506761923,-0.20844368786517,0.886563344162163,-0.0155726281519584,3.20142269719998
-1.48105140615543,0.519742411896492,0.00783560726916635,-0.680354348195782,-1.09037413828974,1.14018921733007,1.07621826983717,0.921517583261294,1.89139944097779,0.0967220232740251,2.48178539827536
0.438202554590242,-1.83572536262189,-0.00965523686422578,0.761439910510034,1.27491960528944,1.88220628714249,-1.0745245111368,-0.250099935654045,-0.296248525873215,-1.59058053672986,0.317397699570756
0.577771878761183,-2.81305472260655,0.732177640799709,-1.40628988619906,0.385425241577516,-1.63276495941339,-0.346289500205656,1.53997414160334,1.15418349968537,-0.843359847482735,-0.127017274230599
-0.0554732180780339,1.02553705339918,0.746420754927798,-2.28157537794306,0.990909954203943,0.0850889631842262,0.493318022129194,-0.763510071658646,-0.345055117701204,0.585025983698055,3.92253306894204
0.465842740246494,-0.737271955280451,-0.812322975437611,1.3482187666368,0.362873107625883,-0.169848490825511,0.105487340015543,-0.449580560124365,-0.70087453874766,0.852029571206211,0.818103448680119
1.3609646729939,0.984668703960448,-0.133603032359186,0.102419690498138,1.04355703130023,0.094224658724452,-2.81074083094468,-0.200972323384699,0.9492171852854,-0.214430242565695,0.244287291894272
-0.359197358895993,-0.795258464174544,0.456070021748609,-0.901400678188544,0.398611547285136,-0.494001604700077,1.40450068362325,1.11883755019657,-0.297445375003281,-1.57959540361286,3.62498111001882
1.01892044604401,-0.527809820958993,-0.202535031015975,-1.48101352620407,0.38910911823247,-0.0626843111871714,-0.502244599261137,0.0281367607977629,1.81208708220665,-0.422609707321712,-1.02334986587123
0.0753343387208047,-1.00079847714861,-1.78541549694508,1.10317703835688,-0.281318611185356,2.02960114816196,1.12054124121461,-0.707054987870652,-0.750500731621398,0.471829296581615,1.33117356058548
0.998466567344572,1.03051050962316,1.05933551099933,0.535148008028626,-0.0892755110748917,2.06947107455751,-0.676618883066791,2.57208329315531,0.484621055128412,-0.579790780762122,6.8245483670874
1.58312920532831,1.18177378359231,-0.824100927551243,-1.37938390626095,-0.275645934205509,0.0776682213408093,-0.124422431353033,1.69395405774706,0.945495819373706,0.573734638020927,4.75330264537669
0.677949729887174,-0.393692685782941,1.77533165641718,-0.958106870760863,1.49332609003775,0.681585495309195,-1.07062987732925,-0.391474131646915,0.104285654516579,0.525616308645037,0.210894023444623
-0.315890275622172,0.0657309943908644,0.794100023626314,0.407095430948648,0.79105843513068,0.190141107452154,0.291214787368161,-0.803431644767077,0.327577157017761,0.746308373288915,1.90497630559691
-1.13330181516175,0.231858079186379,-0.165275387074864,0.949677629547671,-0.464381147635466,-0.763930632796717,0.51249562901762,0.724240603675048,1.26920506208735,0.676401555771823,3.08901928914596
0.429641947268537,-0.607752284461401,0.383438512744709,-0.982385561947066,1.23126209877737,1.11643945692766,-0.0816382312730343,0.496328681046179,1.82141913151336,1.01326062470524,7.92372817627057
-0.0440003528652326,1.33553224786049,-1.10651086703534,0.100912360974854,-0.29434232096904,0.0875322672832002,-2.03360937400771,1.29187049101969,1.15817566511754,-1.10151232487677,-1.30074617824209
1.04028889037933,1.50154941462739,1.37434779401247,-1.69648887092613,-0.208808425496952,3.13762633149513,-1.99913642446118,1.64776273902568,3.06143632325749,-0.916087672615224,9.09980332455999
-0.73615222932658,-0.501520045127795,-0.505661660119346,-0.120511533401625,-0.671274359362867,0.131893126391746,0.970577363652658,-0.28843843208014,-0.0450175093220267,1.1669116013818,3.11641561845413
1.93122697143558,0.89195406957869,-0.204840516426149,0.180501391613438,0.091760754288418,0.926274457450355,0.373638847518458,0.121476902710575,0.467847270896932,0.945287946903306,6.05243424280008
0.107435757808416,-0.166926573959481,-0.358836158677405,-0.400354614645762,-0.46044290162481,0.798053676881033,-0.0956915185501644,0.720643048697496,-1.48851359799605,-0.335181558532252,0.0789018199990114
-2.31730031809287,-0.868498244936023,0.160743985996429,1.59139343576128,-0.445662520452087,0.528540714755069,0.616257296633993,-0.422488950439134,0.610164501441506,-1.44494930588889,-0.957112265042426
-1.51677410101759,0.728118563405722,0.60126820488936,-0.808849670530024,-0.569969261431979,-1.75985705420715,0.668292967596317,1.24249262862744,0.805401341537493,1.47684978611345,1.57784664093838
-0.819969226038491,-0.355660967837229,-1.98086230362373,-2.02828498937843,0.145252312603089,-0.0812475078264228,2.49516690284681,-0.702250096834776,1.19755457482568,0.693408388864136,-2.13317806851761
-0.0440003528652326,-0.468678822808048,-0.149212651457405,0.307902843031754,-1.70639331592121,-1.41907359165866,-0.614995536569369,-2.66225181766972,0.616849638855964,1.59558855426586,-2.47826514784823
1.30387637801558,-0.125573050576775,-0.982025187660281,-0.360590089413747,0.559580200838965,0.155871505166452,0.0786740521261413,1.57080417361495,-0.600014105769693,-1.25561299095296,0.404136421914374
-0.400019006260213,1.65667360800873,1.46624998507228,-0.358609395614152,0.206023316150111,-1.91149542811305,-0.954957380670131,0.577642825560958,1.06842552179835,-0.0189278251108484,3.0499633265581
0.899496839706241,-1.75033836659074,-0.191033640031323,-0.110655906461958,0.104681770063129,-0.759325999430273,0.921687609587276,1.87022196052658,-1.20347529478952,0.357642383708758,-2.66472277334429
-0.512368309145041,-0.130609031366028,-0.733345169542412,1.76020127207884,2.47351098964462,-1.29315518149421,-0.310259628945691,0.380167421045251,-0.180163442742867,-0.916204779083627,0.824779282235014
0.635888722226891,-0.370413500827095,-0.820032959901964,-0.582809112067518,-0.0465364127210198,0.0413008833486769,-1.07099749470523,-1.30850722510047,0.388932294855287,-1.80406480684109,-5.05863321199037
-1.13486817478905,0.371666460868343,1.32564829328778,1.14994224664323,-0.349741380754675,1.33233083141724,1.19725876762833,0.786477948898224,0.0591808771843653,-1.07858655354885,4.51843633767396
-2.49457033913719,-1.94003726696166,0.929540320913358,1.3367223135614,-1.287542849779,0.0759863402859923,0.507274685349523,0.890707601660824,-0.601423724755142,-0.171605155836827,-4.05213751227166
-0.507323681693505,0.398834419226898,0.409936010827291,-1.25728754057791,-0.846201666972226,0.607655790879885,0.253195948020905,0.165506006421725,-0.368221351477215,0.118128393855622,-3.93555746340448
-1.01426938404484,0.0175744594076159,2.1214309085256,1.04201328811372,1.26472353693472,0.317962952732861,1.31232924977921,1.25408178763227,-0.513745802124626,1.08137733576488,8.49952730395193
0.136433321825766,0.164484929046722,-0.125735569669281,-0.206019268315246,-0.811426432290497,1.71285506406545,1.42346983357986,0.815564356923388,-0.335190876714351,0.190924808001783,3.16824656205171
-1.93424157076699,-0.370771815347712,-1.9565904986723,-2.68697271092269,0.789967834124358,0.289597008738275,1.3909754478712,0.40153413356516,0.451612953646763,0.818955569943574,0.510625714267397
0.00878924389715867,0.871908539491937,1.46502400324236,-0.077379365818752,0.701755670934007,0.576943599944275,0.133343777449565,0.160911393977524,0.501242906756371,-0.883994546762193,4.4334028186212
1.04028889037933,-1.84596007025247,-0.66157808985332,-0.664964205564662,0.782797981035501,0.169335295677685,0.622579552711756,-0.495010405493239,0.170946160208952,1.27452363813402,0.677518364824839
-1.14246205611882,0.489738877817943,-1.12805927876641,-0.957228384066357,-0.425186224893437,-0.047017554420826,1.31339249558424,-1.13072547735218,1.90231830662131,-0.15948563136412,-1.58318183005578
-1.86599238024705,-0.26709043976438,0.189969907369015,-1.07073123201678,-0.581539452453953,0.329439046520453,-0.121375639020611,2.08071444426525,-1.5650276864219,-0.257557870511932,-0.2844667872842
0.586069201198205,0.321231431909815,-0.12893875335509,1.38926140830217,0.240787882042653,-0.414413013434404,-0.632457953541065,0.879828433733909,-0.48234022871024,0.506125147936939,2.75165439451363
0.67048605807055,-0.45217864897359,0.345683065159652,0.199869175313082,0.588084366880896,1.21236880270347,0.669347411226109,-0.382754775630464,0.618628288873809,1.93380023739726,4.94009429446336
0.612887985822952,-1.29987925788634,-0.00326700290867676,0.256554263428703,0.711254554614564,1.32643068140366,-0.0540085671165702,-1.02977794951658,1.94725486638454,-0.344390418268011,4.60117899895455
0.949104775005109,0.610478749319049,1.80365415953537,-0.351179667462526,0.3260557664814,1.19644976461157,-1.892831282486,2.72329260978725,-0.913013862982762,0.483778440938126,5.44445084714647
-0.0753851368673576,1.28900154531651,1.05920818693424,-0.998400449419345,0.571787292254804,-0.846615785042458,-0.0361294835444616,0.00375212458041156,0.140018927638387,0.629991099725879,0.304170552868687
1.47001319925998,1.02548767226866,-1.43448508570606,1.43778946910243,-1.21652492122287,1.69238028218954,-0.713492232509845,-1.15134395985035,0.494912762502187,0.729529622252207,4.18925678765605
-0.0440003528652326,0.197741129935333,0.767934248292981,-0.984970062126239,-0.447887926438442,1.40104991030618,-1.18336172924611,-0.124640105172074,0.647790630886526,1.88964195659472,2.66049935944017
-0.159155036769026,0.0792971808291559,0.516711646069016,-0.443464692887887,-1.34803586958904,-0.0229492743869297,-1.00833582156952,-0.219944089600833,0.741578687232881,-0.00468182904146674,0.612472773285357
-0.230528336393101,1.03944023343588,0.46866582305044,-0.936221232188956,-1.03274355793279,-0.184479408161165,0.514573714696182,-1.96063997796166,0.435843910801416,-0.832544786526021,-1.61887990749783
-2.11003080987259,0.187805954838977,0.582846901351315,0.161964046642035,0.0749108331468668,-1.27160059640403,0.661125511698196,1.50794105707814,-0.192726461832269,-1.13572680987854,-0.322264021981208
0.00906329514529959,0.449219074151659,-0.465628978155087,-0.381936110952373,0.645216431302484,-0.763669373439154,0.335935549161608,0.143286292882554,0.574441698904818,2.47886710248887,2.4888050169679
2.03702198466214,-0.544215110462274,0.766006012339103,-0.191931419315739,0.0520397024913455,1.38604688248618,-0.160604332002882,-0.12891189435175,-0.275277253839934,1.27699416784329,5.73077007730281
0.925301260979856,0.35064454262461,0.733656369561236,-1.35007832123371,-0.511699009853524,0.00119011190784772,0.285685856847621,-0.993379967635621,0.952518248297155,-0.435177832676061,2.13145557311123
0.254929207947393,1.25542576133099,0.930259857944571,0.124984591231333,-0.70294742838201,-1.2937542377706,-0.00711556319981124,-0.629852828353826,0.129446194422594,0.957689508100866,1.59225759272142
1.24324425882678,0.154574791697312,-0.672135716321375,-1.64392588101978,1.43579922187216,2.32865687577021,-0.0291867679470505,1.56372810380022,-1.37326072328837,0.427919049593093,2.64955598009028
-1.29429171815046,0.312089840664939,-1.15149548397868,2.42561798796564,1.04875913764546,1.15213149372088,-0.180388334563716,0.772471660005768,0.999049147077677,-0.874701639929204,5.923820739324
-1.73318158025993,1.49408281386375,-1.01848546290215,1.11107060572886,-0.262424131097555,0.907128220727195,-0.408405513052075,-0.813297470772069,-0.645167157212784,0.815746042630998,0.0905422287434562
-0.434093062587601,-0.180719919359178,0.0117017267387331,0.288538307406262,-0.477751832909206,1.05334513853522,-0.418891335674625,-1.00136529124119,0.525590568905991,-1.10579266235674,-2.75445723581105
1.23218822716828,1.25031289144171,-1.58875040794882,-1.93555577383339,1.05735651929392,-0.422650269064427,0.195623560943045,0.503381154037754,-1.3316710519561,-0.0735582680336616,-0.382959144673057
0.616852205983287,-0.469129862938438,0.805035789328358,0.771438038057907,0.469015945278762,0.870863601419178,0.0241401266511035,-0.493444316001296,1.34012726507764,-0.125939188948255,5.36584020703195
0.555892980056993,-0.110864150325736,0.0787065038012608,-2.17806486968494,-0.868283029309197,-0.573605043575148,-1.07970356918955,0.813762866553771,-0.232516412350697,1.25424981322278,-4.2155791880884
-0.606131700089923,-0.298999736909375,1.50177115525175,0.15019320772163,1.2253184348496,0.3361550425694,-0.993804263487135,-0.286275713422336,0.930902017625149,-0.372360500901318,2.96610223713008
-0.943011913443188,-0.797379324647044,0.822925584044183,-0.140056316898406,0.225447321217287,-1.08770523338179,-0.540227840297099,-0.454375374839428,-1.16046570806234,1.47028433516753,-0.233291214382825
1.05801853428267,0.467445043265758,-0.209176800084617,-0.851970489903914,-1.57411873198627,-1.30865408524133,0.0192612065061972,0.731421322048059,-0.185012814308757,1.2623810075486,1.16794413616295
0.464671346616211,-0.103777595490592,-0.468884351893016,2.19491886468445,-1.17418106176034,-0.262631647275981,0.0289765828089411,0.758178343335442,-1.11883778762451,0.574670602291621,3.88398845752716
-1.13656929730536,-0.661014847276143,-0.299230148432871,0.44775877367148,-1.64563817571189,-1.733779565865,0.316511155907442,0.941665437568417,0.953543772109578,1.23225559041217,-0.64772826583992
0.646539856234165,-1.26659269186929,1.24705163108286,0.974509147407583,0.473604162804204,-1.38559636324188,1.85730769195851,0.333274737107268,-0.447469528991459,1.03165764946941,3.85367268804043
0.52318968546886,-1.28934165589931,-0.888187131151532,-0.906067258264591,-0.623591080418861,-0.743348557520718,0.408886619408389,-0.829407860701936,0.204154887586165,-2.33449878101223,-4.83555827042944
0.586069201198205,-0.688663533928934,2.42689197448092,-1.07315370313923,2.15781118569946,0.629206737703355,-0.454065943959222,1.51431413283913,-0.254917745740765,-0.565839944513987,3.66603558298451
-1.7775274557646,-0.267885356875716,-0.362136372678646,-0.0811545130758943,0.0654544736261434,0.220206320851871,-0.448754740093219,3.63899238439842,0.244593053474717,-0.0314027998252609,3.78669908205717
-1.92815028509877,0.344948602883724,0.0382462050804716,-0.00566187586550005,-1.47348933996606,-0.479085411384491,-0.395304272915429,1.10376544876048,-0.0806137188130631,0.889261681036805,0.639277086828569
-0.943011913443188,0.230712712342538,-0.545410750335128,0.544619289377656,-0.0692773677657867,-0.755464284697291,-0.0538659774852114,1.70660344832957,-1.16221835025208,0.548378800730494,-1.51913505176666
1.29563112723506,-0.676989495399447,1.19460514473171,0.167070255973211,-1.22647866889746,-0.565735204560989,1.15597673234808,-2.10728906403913,-1.41837192629505,1.2583637920958,0.843078752735029
1.62404389670015,0.745474054297827,0.600786468952938,0.605918869764426,-1.0236239600676,-0.443311681434373,-2.17332502119329,1.36896031363498,-1.76113636109558,-1.23377681798145,-0.96850048870756
-0.400019006260213,0.260775560277991,0.28671773019174,-0.810691417169687,0.174091011218195,-0.644634389653096,0.142874034511569,-0.624629202160292,-1.42297445569086,0.0198941004450089,-3.0876305529485
-0.980688125247168,1.66235789726895,-1.58185800072827,0.0806314860925919,0.442478730063147,0.693127756559071,1.37174289871987,0.827628828953111,0.0797616346542947,-0.768340713179195,4.31865643665243
-0.317716537857413,1.04277446967814,-0.253342510757428,-2.23770390538492,0.906192579123713,0.85967262983371,-0.228483536947584,-1.22631350153746,-0.270045232745257,-0.312444383455174,-0.92908889375017
-0.210183915043326,0.382157206264627,0.0725315959185687,1.43625881238635,1.11999846052088,1.07817270828153,1.10567192163555,-1.42698832535188,-0.0408902432264104,-0.0838922099439978,4.0010530708586
0.701136870082286,0.863630830055654,0.522545344376151,0.191394883246835,-1.92149164444878,0.468245964084084,-1.45585367160008,0.88573814568942,-0.365321300591961,-0.539082281135992,0.250030313082252
-0.433448230349141,0.310287515844233,0.139775593627884,0.969311357863545,-1.02807210073654,1.23622323070529,-1.08391220611979,-0.746481779563305,0.560007607631761,0.593430355006033,0.813834051562246
-0.512368309145041,-0.530915310807769,0.194484771085162,0.925517809309584,-1.65109451035173,-2.26687231325498,-0.407927623687775,-0.555999630743262,-0.300009983883139,1.69110451618265,-2.99873490957109
0.938325622880217,-0.966597172641244,-0.474500770936214,1.29391567840581,0.298621274134965,-0.466898621359795,-0.231434984983651,0.790347276816268,-0.0111147634301021,-1.66835211568532,0.193245673770135
0.136433321825766,-1.48025558275201,0.40044325233754,0.785632276915496,0.714256720622972,-0.548483091807453,-1.54675513221304,0.35564881427773,1.16483381154181,0.437573602041305,1.7442559558204
0.254929207947393,-1.23516761422367,-1.06028978813546,-2.70014934376106,0.573760693952402,0.807800972516124,0.82340537629741,0.245361695971836,-0.170305692238809,0.784768344555432,-1.65280891502191
0.0619582842523186,-0.307552124528979,0.750856437482094,0.317761893418782,1.84912447573308,-1.02896600929576,0.543524753061545,0.593702627610636,0.607143015851611,0.975160473750512,6.71827011250629
1.0643308393648,-0.00669854246425854,1.26251667516228,0.822976759431425,2.32076988364942,-0.204783581252068,0.988887946058021,0.200390468031466,0.484720848643305,-2.91744298762967,3.58585824975617
-0.678058529162912,1.36654482508537,0.495701278245345,0.938146986456009,0.776550455440861,0.674118835417257,-0.392151851913601,-0.850367127328683,0.237494993280918,-0.774766240421676,2.72885830011951
-1.7775274557646,-1.70390652478167,-0.475731189967534,1.05125903879888,-1.79332377155286,-0.894496799193507,0.430757422997637,-0.8668853332087,-0.170386816033841,0.676895780757349,-3.50019966662086
0.479059373178246,0.648956682551953,-1.46997615102526,-0.218307262067865,1.17451528998716,-0.0952760826837604,-1.09043556353552,-0.116688495759503,0.719835982654434,-0.965747262498624,1.38647438028388
0.745951528355681,0.96083433685016,1.41687363519006,-1.4448209049707,2.14989572695822,-0.715559264425262,0.649323713559478,1.68122345848006,-0.279699778157519,-1.27554052308835,5.12121019615183
0.734285325543373,0.15605684621853,0.434622015937229,0.051204858231741,-0.756207332539413,1.84356175794639,1.85246383752804,-0.431069889776255,-0.373162875945809,0.10304425432002,3.88695220252846
1.63754358586233,-0.0826703984180145,-0.307995762798775,0.911951027975686,-0.279724614317504,1.10711032520795,-0.828039270358877,0.357887123615007,-0.23245272530785,0.543926087416815,3.35307417689151
1.10865820065172,-0.00684437096916547,-0.22829761134598,-0.512318146886098,-1.25157350588879,-1.66331788911106,-0.0534653009122614,-0.875565589994969,-0.954500269328069,0.0452466608202454,-2.07396939477206
-1.40724781475585,0.040912873671595,-0.810606705971692,-0.782725159469395,-0.171733202051844,0.120529490411616,-0.63385034810282,-0.313584106358056,0.742691215878563,0.717252072337349,-2.26351940248934
0.892996077474369,-0.603301213933334,0.333759239925177,-0.651185532507683,-0.460509192646046,0.730617153116326,0.73592494755451,0.317057302717839,1.54336259000781,0.80625418025852,7.35223712630959
0.495723931381646,0.604815825529496,1.05364750583003,1.53704806134598,1.26202687855126,-1.22289924028013,-0.79524183286729,1.54301459919073,-1.56681162292491,1.50615789050421,5.72009194273454
0.0980920799430336,-0.417076568804715,-1.24865061686186,-0.0835545106790586,1.18748804804456,-0.919300554767414,0.484199608994654,0.219489299259745,-0.681842524426872,0.448442457512338,1.6935477344106
-0.831283565719144,-0.474166136516916,-1.05716696611255,-0.161696679672207,-1.91807981627721,0.762459343764017,-0.134166784926119,0.0200370871821285,0.328540783060372,-0.191436855617744,-2.06357495722176
-1.59863483384655,-0.193597176627333,0.590237551563868,-0.799640156922697,1.18979530935186,-2.01292626936243,-0.411557290244521,0.788964608999078,2.45282579160937,0.215569441007698,-0.320284052251468
-0.598276594191571,-0.266864485743245,-0.724527350695236,-0.627253226216455,0.909195850561284,-1.67297400548604,1.12581282105085,-2.10318290794137,-0.176957714740353,-0.626314667913829,-2.10070269698341
-1.91227762436535,1.20922302270466,-1.11123911966463,1.74127837406729,-1.31553558293232,-0.978103218509135,0.233851974618006,1.89011107011897,-0.924673281111071,0.39538727611207,0.368594333630595
-0.819969226038491,-0.611399610780691,-0.0284454895930851,0.0633100187774113,0.962664277883641,-1.1538294972642,-2.62770764303848,0.244428561732749,-0.163137617655591,-0.911998444244738,-2.98896127645754
0.762433703696389,2.00019307030272,1.10620101702216,-0.807353024515759,-2.25070842117354,0.61926599894556,-0.402080911350288,2.61009816200503,0.0796005642855262,0.709598977127719,7.19685489973908
-0.959177678827175,-0.75263006904289,-0.221960171466232,-0.311355155067215,0.52544765766223,1.2027336384842,-1.68615333998699,-0.484529229503642,1.92165920649635,-0.419443236936559,1.33824858535866
0.133272871112681,0.341530911644601,-0.0211372759458244,2.48653214834573,0.605831423685952,0.477346554185149,-0.041310086295904,0.192224581852737,-0.60321979225708,-0.156358832503607,6.61524538819663
-1.14860964698133,-0.698268942587536,1.8458325097251,1.47500991095828,-0.48571914027534,-1.55225943925208,0.350340126601385,0.124506322953004,2.21539083677826,-0.498108613815476,0.589933591462349
1.9045035136167,1.29421026260391,0.0387220574425566,0.126203120674937,-0.482552454036074,0.643814743337033,-1.21760786341498,0.577839235747885,-0.486124823375299,-0.358002847550467,1.92761557096482
-0.691940683563541,0.71671694605031,0.23847076465718,-0.639266195025259,-1.15607938774777,0.0859017834714945,0.0202414631089258,-2.91440415615526,1.31422503789789,0.934287493600364,-1.87000219652526
-0.435051690511206,-1.79765921302341,-0.719338527945416,0.371917513209624,1.12325073662227,0.365745065688567,-0.374289500166939,0.789370637664843,0.418307695964386,-0.786078644634612,1.02374291684712
-0.819969226038491,0.631064810188491,2.0514545784321,-0.901026651498638,-0.494426771473334,0.0716144980001122,-1.37777262736489,1.3955670136099,0.0990700911560315,-1.8185903297428,-0.775337937616859
-0.980669059873438,0.94083976574362,0.414924383985698,-1.34334692892007,-1.86824872647907,0.111457320082462,1.98705932664389,-0.416044577290038,2.01357731730677,0.30140572468656,1.89650341222029
-0.703229749997924,-0.783440090573901,-1.33959588654214,2.84046242590823,0.796865201440435,1.2967537456799,0.419091229460388,-0.803955449652001,0.509678075507698,-0.27526471137318,2.18135433612773
0.337425911940621,1.69783258357312,0.160677526979578,2.03380191566601,0.515473672753539,0.945990197638818,1.09848083194819,-0.608293021596976,0.989245908159953,-0.532238725340592,8.5571435332849
0.32177430633601,-0.694942793452326,-0.464755321901723,1.30235543168182,-0.0089779264570721,-0.557672732631172,0.253718700991136,-0.0133995273315328,0.410972958559778,-1.74994589913581,1.72292138725343
-1.29429171815046,-1.75496243089406,-1.84221721818542,1.41019272793412,-1.09417046292584,0.232767577545026,-0.997859386750395,-1.36636980983489,0.747566590757281,0.861541040507872,-6.42801645556225
-2.11003080987259,0.758949102225675,-0.37075504866444,-0.772026767714534,-0.0953863580831161,-2.90585367317572,-1.0687593065876,-0.414349006864558,0.308785205973314,-1.27531798070615,-5.00441715839919
-0.400019006260213,1.27485646875353,0.820408705569059,1.06888204572731,-0.31307811571257,1.29834425245694,0.736744387168841,0.840428662198213,1.28808326385403,-0.33442663832768,6.43237470066214
0.555892980056993,0.734229492085992,1.06333397344046,0.354557214152171,0.310027119401208,0.906686169183875,-1.94901564622037,0.620087722464643,-0.56574420759716,-0.313512169283847,1.15655742843142
0.0700111879988655,0.0820816552712401,0.242940634054466,-0.486891331781394,0.922953598715331,-0.362963892102813,0.845016591826377,0.243984502716137,-0.280396280444626,-1.07751927151099,-1.0106915084811
-1.789891765834,-0.181875795577093,-0.682072452000594,-1.41725160660607,-1.42052297927396,0.607866402274213,-0.410100042306866,-0.0104253791773268,0.277617289406593,1.41989172441506,-3.18289542429759
0.0494956200348227,0.349902516190143,0.204987815656639,0.0707107590464902,1.08970371303752,1.19868125846331,-2.03477812248618,0.690931357834337,-1.13629298892768,2.10896618975563,5.8540551210104
0.784257599403902,-0.860292027091859,0.0338549226919014,-1.2078724888154,2.31647459323934,0.104476104959035,0.545487356822209,1.11456742541725,-1.31912650893997,1.25790358884378,0.8979849251548
-0.139171559796173,1.88537814867912,1.11722020409084,0.796280934228226,1.12128668665227,-1.26391835163508,-0.3176449276511,-1.64530193814966,0.678276651715363,-0.641946611284176,0.130632227693583
-0.878447872680437,2.07780001191934,0.165017611439605,0.18661391697391,0.0679072299946422,2.06737486983843,0.602524053928613,1.73999047014551,-1.23289142510472,-0.036717049630944,4.00490490439997
-0.417092029900752,1.48967534830168,-2.21606243613531,-0.445347695302532,-0.143794985801976,0.560057673951289,0.145984323678687,0.616348775624933,-0.114636844506611,-0.54651726903609,-0.000374086841241461
-0.197844016561302,-0.761450438256814,0.827404724264306,0.311588952973557,1.00483814376851,0.290900673187881,-1.11317952238314,-0.0426446418169221,1.04777068662652,-0.556858832708146,-1.29381728825463
-0.830984034672015,0.767639794766958,-0.203922990713,1.2635160887009,0.590275874666298,0.292242088102544,1.05468097044308,-1.03072371132634,-0.818986680480064,-0.574211677542452,0.135627727625401
-0.434093062587601,-0.253627159757276,-0.878931513538105,-1.13178258111201,0.973277690919396,0.673144150361616,1.84470378345799,-0.0952041801252008,0.403745738665176,-0.00637614406836917,1.4680545534109
1.52615159890975,-1.26087493330282,2.12831565379845,0.232627357924888,-0.552519297395469,0.840622483760419,-0.76822530299475,-0.652310082976243,0.71617115290217,0.723060199860512,3.65294572627501
0.22270403582741,1.39636215256637,0.168449773577158,-0.134900980398182,1.80253836475871,0.742191583807199,-0.998937047014419,-3.17614294713956,-0.710801270398451,0.679522630149708,1.24658880846168
-0.44022311145516,-0.728653151384552,0.221086324064755,-0.0397265319973499,1.04605669037887,-0.656824371381182,-0.158269187875934,0.184404556071218,0.599924272941655,1.36086976934669,2.9218965589484
-0.257050002722364,-1.79785048259582,-0.620565737321648,-2.19637317385982,-0.74293029873218,1.43428480351092,0.778825190947312,-0.375026580894733,0.630636833551055,0.103629889691483,-1.66419706674682
0.750109310020791,0.188593386003536,-1.29210249303464,-1.25439004420422,0.540467515696642,-0.158988535574869,1.42764326287081,1.133838309222,-1.07852851332975,1.94085472103902,4.37467697070703
-0.278967049580681,1.045626670508,-1.48853951583882,-0.903994466044379,1.11920244076703,-0.643384580311413,-0.698176180215783,-0.390728217911577,-0.721661658882293,0.303794748063518,-1.37939613288048
0.865262777474469,1.88029181708735,1.52799237425853,-1.087153096909,0.782001690902806,-0.358437822242354,0.0838585496995162,1.50202068844094,-0.137555357095722,-0.050279629858912,4.86205631764791
-0.381585281555929,2.64999605533612,0.888082475553544,-1.37447248890535,-0.481517656114666,-0.0345096752844316,-2.34916347130281,-0.210575754876024,-0.236642313394011,0.355433461581762,-2.27996152478966
0.654541183356227,0.43668602827589,0.74539807773945,1.5744022882259,2.01798713233766,0.574062801802039,-1.23399355067413,0.359803353458793,-0.690696771657901,0.800870576495616,4.26226521316693
-0.842224932639402,2.12377532917636,-0.340503875945149,-1.19301718877013,-1.1844593708093,-1.03354522554759,0.0458469616737213,-0.219093440917188,0.795059390269099,1.03154348864751,-0.808507265100285
0.894239909738401,-1.95121257171069,-1.98258571074615,1.0616421780953,-0.00101025396442236,-0.0843962168774282,-0.480334660964869,-1.06674235352693,2.30128769528939,-1.36161448489888,-1.07151429600001
-0.229069650919435,1.65354973830422,0.801499858407973,-0.422803236318133,0.515511827524653,-0.894808631837578,0.432944409345929,0.712292794311135,-1.35644011798599,-0.181964200097058,1.98329785053587
0.781415430283781,-0.331275321984982,-2.08791365846922,-0.656336733941752,-1.82765585912955,0.318659138385777,-1.27289043458022,2.13090671195142,-0.1783953127775,-1.03865225735651,-0.984637132278475
0.387195518094585,1.09662794365845,0.78176877247309,-0.60847614037636,2.2344499981659,0.577019640152499,0.609313298343507,-1.58762691280847,0.415662627701727,1.73393237053924,6.16336056920719
-0.969333134101654,1.2490405445034,-1.14499422509628,-0.323056076751297,-1.49780775674048,-0.0276362270426134,-1.0908401117575,2.35508234218049,-0.0584226040974221,-1.24506137706562,-2.83212032503929
-0.720892062103553,1.39089925521022,1.84501052612836,0.301402149356985,1.14537535271215,1.90220314244193,2.43161737695242,1.34940044070528,-0.840691556651434,-1.22961903302638,7.87647824830789
0.295711729313352,0.274072808374778,-0.853949840371301,-0.436981258295147,1.56773524560501,-0.908179480715183,0.743307774048698,-0.807039469219695,-1.58107404702311,0.143291808472246,-0.656188245515078
0.370111237557041,-0.841583775096598,1.30318852108733,-0.227585011805348,-0.0608394136332494,-0.421769931603944,-1.04472439015155,-1.17317633142296,0.109742350626289,-0.705184301912084,0.590061698359653
-2.31730031809287,-1.12727061889527,-0.0486932661005141,-2.04090219238229,3.44489774434227,1.33661227720182,1.89609587003232,-0.384675069101141,0.453347062489237,1.72594392890092,4.89255477865797
0.133272871112681,-0.517342057374259,2.08692102509185,-0.712192659557443,-0.829945325688741,-1.3391881885107,-0.827668121257715,-0.801753904697801,1.49796712342475,-0.114712911136959,-0.429324176873581
2.17606269042544,-0.226797239674812,0.581964294800023,0.496228356480237,-0.229105804668436,-1.41715721147066,1.70532290883227,-0.0976673790777964,-1.37180589219533,0.62843082930357,3.33146574406723
0.438202554590242,0.0390917744556476,-0.861790961567841,1.07731906203567,0.0521377873533793,0.738035026244071,0.264231269252014,-0.71168714627976,-0.00884745463594667,-1.179186984972,0.390390610150692
0.747244209702767,-0.4231737023702,0.5018341276533,-1.71275880875304,0.595641949309328,-0.196086408170124,0.404738130546786,-1.55737311952634,-0.567592248256652,1.09812080100311,-0.948263516036448
-1.03381762445696,0.884498325910766,-0.617910560163291,-0.0556946381789699,1.23883142945377,-0.113790668736353,0.375430283159314,0.0215099237764108,-0.149626696010881,-0.850246437826855,-0.214804882203268
-0.127560302974614,0.86445580141963,0.0491431247016043,0.036179703933725,0.376134361772682,-0.239749837130495,-0.331977496526977,-0.17807966006613,0.27696674288931,0.944344534256373,0.311410267373267
0.133272871112681,0.775642838826012,-0.204165445339245,-2.07253585677505,0.809817939604952,-1.25022160188558,1.48532379283437,1.09570451874022,0.565768083682893,-0.709686271225674,4.45627100520194
-1.05575757810515,-0.380001269492812,-0.480434359261271,0.267628734635011,2.47574656342422,-0.420244631451667,1.06696548693171,-0.363375987326528,0.127417086554319,-0.802448642554624,2.6127949357757
-0.842224932639402,-0.0188162265548837,-1.02639275046111,-0.578351968609028,0.235062829616451,-1.30505659505604,0.00342386153417268,2.09481619982337,-0.0928682065682027,0.946399528568202,1.82436643767034
-0.73615222932658,-0.946297585668163,0.315429372259435,-0.810037247595991,0.471713386947357,-0.0345583926718443,-0.359561010327544,-0.564433197255266,-0.262523974819896,-0.285678791903742,-0.656149274690386
1.11307808966321,-0.913587723471609,-0.282993623216905,0.25040423140055,-0.0549480217317463,0.640843803064634,-0.468318598830803,0.257197251892929,0.770604106191811,1.31312957772232,2.86431455093543
0.660924151009691,-0.920581687991528,-0.769343686467344,0.877582950742141,0.237395324876424,1.70669420622979,-1.33947733445769,1.38069206058189,0.0911127418434573,-0.0851651444332051,2.79811641837755
-0.445023719247312,0.187962033147502,-0.348876192487229,-1.72886106516672,-0.965334003519468,0.405357363427537,-1.09573766355525,-0.703629865221805,0.496159189499147,1.39441045454694,-4.39342876024899
-0.598276594191571,1.14269462966791,-0.385280662925143,0.0819303623122119,-0.149898823488858,-0.822260086503379,0.45323849049323,-0.117608635743062,0.468853883541125,-0.754582501139529,-0.211108802858433
0.240832968711221,1.1822743800151,-1.00010651982744,-1.92986673513869,1.7379479791263,-0.20565325526562,-1.6857239748429,1.36666895133565,-0.766064008410566,0.276524156692655,-0.703868283143313
0.140826933049201,-0.431353395710442,-0.207576084926464,0.848565814387755,0.69352208672732,0.507911512122405,0.54777811240326,-0.263035204795242,1.35865638706681,2.00585833575637,8.65072880697134
0.576301481305035,-1.99653946816406,-0.365497467962302,-0.972327215374356,0.452222778662372,0.455927471791107,1.68361250490938,-1.0082122525118,-0.570819494065661,-0.652106173657109,-0.33430077504948
-0.528061401501099,-0.33383153434609,-0.0698322669111529,-0.714163661461603,-0.221346451851463,-1.06500777166078,-0.199349327434071,-0.635571408910843,0.546984504759895,0.312354418589103,-2.85254170028763
0.586069201198205,-0.701003402482484,2.09663509675996,-0.143021722129466,0.238758051397141,-1.46758109634744,-1.92704605785537,0.337701338259887,0.060630597670836,1.25798001602372,4.51718996781151
0.545527747863847,0.67695801839296,2.11426745899757,-1.2917929075754,2.40264281556257,0.040146745887846,1.32864776330116,-0.918371387169529,0.461636988545104,0.960201588429263,5.00599080865164
0.0366725653143884,-0.582916841956054,0.151805956755321,1.6317913611764,-0.171337898570428,-1.05793834893729,-1.35234264933554,0.406811877732091,0.614306276670765,-0.444150035208793,1.25823823990308
-1.61681244392742,0.318943663211928,0.434431600301249,-1.43759000433535,1.13452157853308,-0.22975695300765,-0.810574304956755,-0.161960780153172,-1.38497575988434,-1.55486844123274,-1.61133261580365
-1.13656929730536,0.763668805589125,-0.943635642509131,-0.680088871735579,-0.739341674232818,0.138374455450491,-2.80014331417727,1.85168579432872,1.9588269672771,-0.616181700016975,-3.90221949631328
-1.52666344810234,1.29623059535499,-0.449607519822147,0.0753722503999954,0.0397279536659854,-0.84024195675576,1.05712518415217,-0.302502739280136,-0.375302778739816,-2.29942650341988,-5.22395204417012
0.647531311132114,0.70635000247151,-0.839034166129412,0.393897985315701,-1.51095614836725,-0.447050609530449,-1.55599966575243,0.911934044967143,-1.74659956621619,1.06534164164627,-1.2858479539723
-1.23851498963849,1.2271584845881,-1.20726166596324,0.419233308250897,1.35684136699528,-0.678284468319881,0.618552216010189,-1.82208339178045,-0.012118654091839,0.0397879650174169,0.498879459050943
0.949104775005109,-0.113741163464693,-0.0477695382220177,0.530749500816763,0.524814294565261,-2.58844757955216,1.08378451214024,-1.61825182512025,-1.06014433025893,-0.470466458827879,-2.10857225407958
-0.965544075901445,0.0471377839147687,-1.40873276055004,1.54955126411503,0.0806949989831364,1.07366346390608,-0.454816584356073,0.616338051815429,-0.710558298404587,-2.11826676605281,-3.29793641762672
1.75446020934407,-1.94651466757107,0.582523686137253,1.18073952905514,0.598926035781482,0.57125878149396,-0.330272238051617,0.026465958502917,-1.0066698355731,-1.10003211675847,1.16415847448763
0.00906329514529959,-0.576319253753397,0.545049133332062,-0.177939976885686,-0.752139188490172,0.626932992030128,-1.24544543173255,1.30580519500479,0.233612808870113,-0.272161370224043,0.461222105203841
-1.01426938404484,-0.21999817104934,0.129931068810681,-1.23360303395782,-0.275173839230214,0.0047149624437898,0.697032921986069,-0.157652416510141,2.11887800541389,0.798858758542437,0.893864028966751
-0.0971349744461688,0.25171558247357,1.14349161708495,1.07870236694726,0.724298819785701,-1.17791992874179,-1.26520748836273,2.7712766455419,-0.649978948171331,-0.734869994482343,3.89988603484747
-0.336347853479135,-0.50106320700664,-1.27604722376118,1.11082501666915,0.640950892600329,-0.201672319927809,0.206015703735371,1.39575463226846,-0.227615425800818,-1.4068684034783,-0.621162382257861
-3.41416810183027,-0.148577980235244,1.02383245877324,0.782429047990962,-0.493826955205903,-0.485988278808456,2.18454669731743,-0.436637037321274,1.22184395394655,0.0841389683776546,1.54015856078654
-2.11003080987259,0.0432969860925849,-0.696563852986396,-0.136925936985909,-0.0298258726717613,1.3735450509518,-1.77902139676883,0.475773935371731,-0.482017626161049,-0.728960197268509,-3.87682422497937
1.57912161697551,1.81946447777245,-1.18238733885053,0.0394470708233706,0.426754406125421,-1.16478996410929,-0.390390606304836,-0.0919098752894369,0.912888141382684,0.672362659276075,4.21385583953902
0.730148159020203,-0.756769974416157,-1.55365031460035,-1.24775651994263,-0.392794623642766,0.419732259685016,-0.876815371915722,0.588901957021534,1.62508953306055,-1.36411276383023,-0.490595546099541
-0.151914277038407,-2.82577603389045,-0.650262834066018,0.0299688107988492,-0.314759178068147,0.72223672341768,-1.23639518071027,1.16458811032394,-0.544188414806264,1.26457458260557,-3.22944277639102
-0.445023719247312,0.124675455146472,0.0324748772820033,-1.54468736505568,0.21613582217878,0.0739278709835656,-1.24231330370605,0.467640127031425,-0.349913190760458,-0.864405283582151,-0.921483083417061
-0.532271787021592,-0.130662345244858,-1.1283874165258,-1.01244633403359,-1.03768429868142,-0.532281926350838,0.431100521481966,1.22018304016836,0.665437589739755,-0.238474495624643,-3.05968389846335
0.244538923482646,1.23626472305413,0.366075732500318,-0.000212788297634027,-0.382024495254692,-1.13024145341922,-2.1693579318339,0.434681682147447,0.0258357045154072,2.06590508706749,3.16275832381473
-1.77837950392946,-0.833396713212068,-0.0614823143868071,-0.332502505405576,-0.00565288899946916,-0.27241764073491,1.04240244001318,1.07795728715502,0.0559054901200135,1.02247377071825,0.110212418857599
-1.06341551607657,0.112390771276348,-0.0386839000900921,0.862744096226852,-0.272812473370742,0.766811035762513,0.54497956599726,-0.529484226318039,-0.0519323791687988,0.829117868475382,2.8829975399375
-0.148828705695114,0.743171107267096,-0.47336662749745,-0.630223617276526,-0.742754174335776,0.700565430687431,-1.74777490450114,-1.33341712565471,1.33488785770303,-1.94546996088724,-2.03787884659453
-0.691940683563541,-0.34419689183352,-1.01544653729965,0.284509785514936,-0.466507793585403,0.00529758346947594,0.00898905456986484,-2.62806965603758,1.66034365781915,1.1596008815906,-1.39948144588023
-0.257050002722364,0.217923381859223,0.36266977966706,0.129917444551417,0.188157972337329,-0.0871823093042013,1.02525019227301,-0.730068338319455,0.733589890318003,0.341686813216695,0.526658938743569
-1.66785713658862,1.39994992305872,-1.93837714803575,-0.751457257578569,0.829293012322056,0.389437272807949,-0.603721942683448,0.235998644504658,0.140697556724589,-0.61234961358376,-3.51364558661459
0.667043997072898,-0.967632882766251,-1.74767914338426,-1.28873507282985,1.15923054869277,-0.273515284401201,0.592046373339365,0.205290250637711,-0.912495919116562,0.91494049948039,1.43320957650972
0.168061638786134,0.290192244189817,-0.58382154398485,-0.770162609755725,-0.258135910976133,-1.01981999726366,1.36857979640355,-1.68916588108047,1.70032322917471,-1.31580255714013,-2.36400469486465
1.12915456559328,1.48427804556891,2.24087630062816,-0.892983130110184,-0.267222533162406,2.17305961590943,0.119093947073331,-0.556278124857542,-1.11894859244364,-0.294003918194076,6.54458584154663
-0.512368309145041,-1.28624062880223,0.966890473686155,0.805222666173744,1.15446790436822,0.0399338968132326,-0.96722704959324,0.646463147293312,-0.787157511962188,0.749421748456333,2.13423048407159
0.725861074420466,-0.169954545357074,-0.0506798693756966,0.773933621446207,-1.15172872171612,-1.43876728602609,-0.227671532849233,1.02950157738269,0.436136772243524,0.998262427296985,5.15352018826475
1.31151247191004,-1.21826508965715,0.31714812080187,-0.278444156736355,-0.441592815161051,1.10622897712801,-0.864155790216842,0.549775992710364,-0.393326907565079,-0.321470090581496,0.743642642731659
-0.53532680494758,-1.18414674840784,-0.00420735983057654,0.270595500732039,0.0156907416804138,-0.29093878413589,2.42319084658161,0.00661258182502292,-1.16612500962647,0.960354415671567,1.41290705073507
0.387195518094585,0.595912360018257,-1.73488722277371,0.315008701538958,-0.307520708924491,-0.355987457375091,-0.254043042253301,1.52704060720447,-1.53308108725477,-0.800442011983865,-1.38730203783038
-0.0241512933121564,0.310051460465623,-0.24567805062624,-0.00902635097388878,-0.219376817128571,1.19434362522679,-0.098837000280357,-0.527162082630733,-0.818603276041618,-0.734594509329132,-1.49854261508962
-0.445023719247312,-0.799074914092759,1.0715310016123,0.595104150581726,0.028344296563117,0.98159509530276,-0.455476203897834,-0.279255107693704,0.854619832224314,0.633477887616701,2.00071679588685
2.0649106700984,-0.568569556651128,-0.293614069219756,0.471284436488092,-0.345030806333637,1.99516196455691,0.466642225071401,-0.461097360558923,-1.61267540944439,-0.925162121010335,4.03210858442368
-1.93424157076699,1.29526029680836,0.117557927839512,-0.0799569728665094,-1.42440030833001,0.25983255032299,-1.0881448071098,-0.261648779223685,1.61686536542265,-1.06052806208853,-1.80928516993892
-2.42232185569833,-0.264903554814939,1.09189005754957,0.573750086220241,-2.29884399763869,1.92190195752991,0.468744502065131,-0.571928451866563,0.396341137107568,-1.58447957932746,-1.37153909848948
0.465842740246494,0.785587762355461,-0.735136609922524,-2.86637328113888,-1.17872927879621,-0.863580176805975,-0.109723295337388,-1.98018826350225,2.480012370309,-0.0865914130655134,-2.23861148676314
-0.179082167301567,-0.182567054939768,0.554848311841335,0.279395285003794,0.638766916545141,-0.25920050098669,-1.40023264539007,0.0741060098919032,1.49896983995963,2.306323074459,2.71253955535919
0.438202554590242,0.543004153720009,0.888149843975134,1.10835901779762,1.02256481738526,0.826109181068992,-0.0855324916975252,-0.0789564579211997,-0.359740356075045,-1.25749310401987,5.93191445828639
-1.23892493515886,0.166590417517745,-0.44140197220425,0.201755372889165,2.3082959435598,-1.40231793645273,-0.896810698698343,0.611345986440797,0.157078778188629,-0.302975972738846,0.889661076895026
0.730148159020203,-0.834900010827545,-0.384097837664556,-0.626482605036868,0.181927240195314,0.00191691213409877,0.598658280349687,0.758391365672237,0.2153646871401,-0.641705668771966,2.80203923099958
-0.455044788265431,0.192610314601705,-0.297731686793292,0.798723760100521,1.33620570102825,-0.431322803771566,-1.34103816721203,1.87537132026598,-0.486715698301868,0.817743883889363,2.782609807311
0.0514103604128707,-0.294137522074998,1.93541460342925,0.0871672127238309,1.77541228028853,-0.818456675191567,-0.512775219446337,-0.694587294514774,0.594650383074498,-1.18448407393313,0.944497455290476
0.00906329514529959,0.482449373189267,-0.431006471733464,0.432504978454053,-1.43038118247918,-0.0221573677871295,-0.152765428654057,-0.150638732606864,-0.720821707194924,-0.684461300285181,-0.703531522782455
1.89316838141151,0.434927239852232,-0.754474460763273,1.81340772699763,-1.92738832235546,0.328749937982872,1.36032117528472,-1.06678522547474,-0.475585911655331,1.18813018819059,3.45401725903328
-0.709050988319129,-1.40096513635932,0.269651928452739,-1.21647190265765,0.174719079833773,-0.0830840349281538,-1.13357772655265,0.0442530782671099,0.449065590033422,-1.76276120645853,-3.06090357701104
-0.970579409726707,-0.905201017459379,-2.00343786250647,-0.547327290811428,-0.562207723549434,-2.06253879402426,-0.917121089593291,-0.765919385634801,0.517650473876988,-0.929102469190168,-6.95599688007931
0.52318968546886,-0.09945385854343,-2.00395644544185,-0.330288183092632,0.615194849405171,-0.0291378187181892,-0.352470652749535,-0.800998663377339,-1.08774151344024,-0.216891149711557,-3.18524304982523
0.806087972929736,0.693576888559617,1.20728482217254,-0.683923065545381,-2.2724167352135,-0.548973705341469,-0.129798376958736,0.1486402571524,0.937563480502293,0.877332288802593,-0.468035919077904
2.08510717955643,0.916613837011571,0.562997503665849,-0.28588880609519,-1.03859430079759,0.0490484157000678,-0.237206610261981,0.0526255696500529,-1.41830091432191,0.113022319866227,1.93283247805674
-0.703229749997924,-0.321518572923899,0.489328421572038,-0.998103427515392,-1.41522156071818,-0.739995277554459,0.278290009796696,-1.32847055153048,-0.843185123965192,0.565393240572308,-3.97282495164806
0.394558901784064,0.0571789480491163,0.506698894111532,-1.2416082710293,-0.485878194844872,-1.13913260624749,0.779794521539035,0.410069875195437,0.744948644858729,-1.98750342521119,-0.395798028732402
-0.507323681693505,0.876669539152905,-0.175348076162054,1.49574191290381,1.80187512265729,-0.63037740081654,1.01969773122159,-1.99799871289442,0.1769784072939,-1.17642370005462,0.661816040817798
-1.66785713658862,0.811917601379964,-0.703424483149832,-1.81740777398148,0.29673025567603,-1.12165380065378,-0.460992660021868,0.906784334186899,0.302962680866852,0.145761674023878,-3.15439062444922
0.337425911940621,0.901901396907378,0.524067135026184,0.148026119150595,-1.34460745164883,-0.766026424131295,-1.09706581315,0.542950796642638,0.742940769251731,-0.478033498569315,-0.296035464190184
-1.49636337629113,1.24584854319499,0.838869325598435,0.492846738191506,0.0595625058001379,0.954695842926613,-0.455391255497785,0.848581248664062,-0.913615669958989,-0.0195425543509452,2.33157871832279
0.52318968546886,-1.00718259403146,-0.0513223009654152,0.0643066502212297,0.472644998838182,-1.46279428764696,-1.37469220470559,1.0071963971465,0.173941896078537,2.15914923222772,0.158726506506449
0.0286655040088089,0.112271780525561,-1.467813509384,1.13113510484464,-0.481958012316784,0.232743733892424,0.97599044134525,-0.710333898904178,-0.630460238056101,-2.48329647594484,-2.01906351817272
1.32233318154374,-1.44688233066595,-1.69150910751917,1.22357345017542,-0.125493045194471,-1.92423230943936,1.99993729792953,1.88291723381274,-0.00071324235187421,0.467235519523721,-0.116693191784567
1.52766988825879,0.314547520747461,0.0597649093840465,-0.438654488377496,-1.60814494706769,1.42779933171984,-0.133555347562715,-0.337588370811915,1.41652196014696,2.44642722032092,3.78799133185779
0.597672568947656,2.79107639262686,0.277937742995032,-0.435371060496133,1.03746158151947,1.56186099967262,-0.769339475022552,1.04387346454285,1.03263693116847,-0.199444989182872,9.74665304474992
2.17606269042544,-1.93641159961341,-1.46810176697865,-0.566612272544365,-0.500969916888155,-0.996857072676185,-0.719263720777656,-0.262978620790587,-0.520891399040295,-0.158646695524189,-3.85598444062257
0.194900909658827,0.884409011711711,-0.0999021356262046,-0.301901602722594,0.17916831971164,0.224913979539494,0.47938067728378,-0.793365407810262,-0.733471801113066,1.19451065621204,3.30181001161067
0.486489977775673,0.39555997454568,0.713017399138221,-1.47714441430464,-1.32007647313368,-1.71756317592237,-1.26411345250409,1.49977890118242,-0.979233282199611,-0.771485360391677,-2.06376044669497
0.0021430912373795,-0.2726353883285,-0.190953230480883,2.67343501256733,-0.196129802230961,-0.506209030074162,-0.32007045920959,0.132949366348153,0.76397476195145,0.972066529473808,4.82793869790042
-1.31804337217511,1.20613580114826,0.329606511017273,0.36189726375122,-0.221651552387707,-0.0427889942943046,-0.879821563966138,0.176902920271385,-0.143707426750087,-0.0298138909271277,1.21247561358383
0.730148159020203,-0.0775907201715359,-0.227705433834388,0.73191838376959,1.33497118068827,-0.714145362033508,1.02765840952387,-1.92009128174031,0.296705972092563,0.413854843675065,3.82702072567633
-1.29429171815046,-1.01490614518323,1.43018028281461,0.0841790244116965,-0.630765422292352,-0.00403809996403304,-1.19354501732919,-0.813324570754994,0.264459599779546,1.14002508185645,-2.11693311556913
-1.09754318002534,1.04005133760741,1.52752825811012,-0.191145962009804,-0.0230128026101319,0.0513743059653217,-1.40135202122634,0.354195638915241,1.5360638843868,-0.059551992201422,3.31220129188735
-0.142767184325037,-0.407984421395333,-0.482777993292685,-0.464378178718012,-1.20264590768422,0.458716071921359,0.555222295815276,0.904818873992445,-1.296131104918,0.0876030308681469,0.0696992764789317
1.4937518641392,-2.55369558879223,-1.69669112199895,-1.65685566125457,-0.443435026411636,-0.622016459226005,-0.0234283689241396,1.8695240513092,1.57800877598572,2.1270357816294,0.842433876829224
-2.36570450108046,-0.395593661427189,0.947689187727831,-0.208735366744224,0.178040227395671,-2.11011951738864,-0.18373439623995,-1.28105696782087,0.371275582521802,1.09980059857419,-1.64512003556946
-0.585861018972892,0.920835904236918,0.0455763647756778,0.405665146641981,-2.37941585723375,0.630233440367272,1.21509961688176,0.662061148843384,-0.942092835419925,1.45103834364138,0.00149278756276416
-0.250163650257009,0.730361356422788,0.876758479605961,1.66142746306194,0.687890927685473,1.02956806047049,-0.200536884807334,-1.02533356493532,0.302236391924483,-0.290639128006109,4.70789745034699
0.600019005014354,-0.476099453233461,-0.665918618211648,-0.171949161109134,0.18362746131351,2.13771101766531,1.19858073101254,-0.71493275345438,-1.45935014753336,-1.14223952565049,-1.25228097276618
0.795720585184136,0.625376101046464,0.49147996344085,-0.438451143603018,-0.0453198968150036,-0.623527215697485,-0.968655658816649,0.776697997135155,-0.0327065206339197,-1.52588089527018,-1.73265406770647
-1.4042823877832,-0.810378149490145,0.955561883994424,2.01055925231127,-2.95000844180383,2.30666015626497,-1.141133118703,-0.754360611093348,0.0109135510487253,-1.50692375580573,-2.42637447171174
0.481308062563158,0.412898009207751,0.702159554790024,0.27041605902551,0.169476116167673,-1.0293933417708,2.27794085715368,-0.368756763410652,1.49344695840711,-0.437922586507251,3.48972553887781
0.490257065172894,-0.391664629566839,-0.384170321781895,-0.661719803222944,0.855310327937102,0.472117250128363,-0.178023874974069,0.781382334172302,2.29431698749803,-0.994051022690669,3.30626837252117
0.365015709271977,-1.08439455990412,-2.91745819134245,-0.236879447779189,0.658128057181355,-0.865468366210689,-1.55958779176675,-1.44939213330005,-0.647203200009616,-1.45350092940309,-8.31463329165438
0.451565214756735,2.06352882668258,-0.586209734790987,0.483561576142317,1.28175477646631,0.950160318703465,-0.342176602480856,2.12366851378789,-1.54302983226739,0.149303190234626,7.13167257314936
-0.879445283616086,1.09777347454591,0.238106955403268,-0.315849792981845,0.662775084193578,0.809609793964243,1.36376373775986,-1.18194125614411,0.087278991376887,-1.21857426406618,3.69758700450966
0.345587624252323,1.56907367243147,-0.294333535923108,-0.656107654254112,-0.293657519247666,0.0215783016985725,-1.18996948201295,1.08310599049494,1.54232487591292,1.09233061244973,4.14607172292269
-1.15028553817273,-0.888914469510479,1.8318184274495,-0.281717877951945,0.991615680398224,-0.448561910616234,-0.0688441308112499,-0.267795127624177,1.39193028663451,-0.953091502623142,3.43234635763772
0.715460484862182,0.156769271633209,-0.909173483339065,-0.502727664318591,-0.693841964792167,1.04307381067561,1.46920551554009,1.55306198324475,0.325511359127906,0.316113892752542,4.62977563568181
-0.416214907949216,0.810719031856537,-1.03479137851465,0.273663196896338,0.819248983876473,-1.45412326210476,0.654570193977886,-0.952243453604219,-0.224127168317379,1.64705742403041,0.786306069628266
0.0753343387208047,-0.159803314080556,-1.29657601645296,-1.1130771600544,-1.94057089948753,-1.73563452306011,-1.79962398766454,0.676800854597671,-0.345578315786531,-0.327634150597969,-7.6700985590675
0.0599895645220452,2.12126142203009,0.631585467191479,-2.02539890562502,-0.561794995080357,-0.841282824029184,-0.508768816275994,-0.22260530423952,-0.610025585943424,1.60410851410983,0.914107499930774
-2.36570450108046,-0.856713292707183,-0.277418040873407,0.79682755953161,-0.271530429048741,-0.659668229456033,1.57600661488488,-0.372485528295033,0.875388287946502,-0.301976026352227,-1.42893741174613
-0.230528336393101,0.997441859246082,-0.759216394336197,2.33630364476919,1.13910622249089,0.376178366842168,-0.283102342904577,1.25291521684792,1.8341357230928,-0.224492838760883,8.32722451551876
-0.0797836683767371,0.733233376444551,-1.6768484454237,0.97052161982347,1.25027083951071,-0.9689983783089,0.37454937700889,1.12286385063967,-3.26242690790855,-1.20753685544969,-2.90133501697608
1.11006073643758,-0.266812393976131,1.34463072683845,0.692787618100854,-0.340398984433781,-0.608634935792482,-1.90530284901072,-0.596112371897551,0.344099144413912,0.0319577715923149,1.62067576468125
1.11006073643758,0.601190405213237,-1.30215216604769,0.705100370272306,-0.285873791450084,-1.03826671049363,1.34994000977419,0.227025978352005,1.40607165142481,-0.437537151038097,4.00741817075003
0.542021449484509,1.61676595776685,-0.557951107287643,-0.828060727114568,-0.381760674199745,0.558005742526501,-1.47311062165483,1.1312767149942,-0.688728698597183,0.624152561686301,0.851283447675187
0.472822828056713,0.487623150961586,-1.05262568083866,-3.01912436591919,0.466586985838284,1.37756537163339,-1.25659600778945,0.251786385716665,-0.984679144802145,-2.66784686472659,-4.53773245616028
-0.981620944585277,1.19450755611992,0.921410456482825,2.109007122101,1.47177464999824,0.335038487893509,1.15061221781573,-0.151235720802875,-0.635676458685236,-1.84787024124988,4.27639110207275
-0.257949036521355,-0.222396683710916,-0.0677292805860223,0.223152459051293,1.32404370899453,-1.25192947143083,0.266432825688785,-0.240686082490932,0.0845274792621995,-0.191571034857442,1.41204288675091
0.982744739593277,0.508618232494272,-1.5833292759778,-0.70789611490789,1.23945869254469,0.751551065296273,-0.341824237052795,2.21791073729683,0.936100965636738,-0.828972636379683,3.33646632816149
1.04028889037933,0.330087592846614,-0.956983233663212,0.166519291356166,0.40166718734178,0.0571829445125236,0.994822417189525,2.0671934474987,-1.56937205641543,3.24253858461655,6.98528345330218
-0.320208724701662,-1.11627867259249,-1.3131660793942,-0.710948078531335,-0.341420258279169,2.31943170070317,0.289467136330504,-1.23454668792996,0.59120402352987,-0.340399738152426,0.432549009572162
-0.193710905386687,0.443101403947243,-1.05933470574802,-1.36988622984526,0.978693890680852,0.31567737004099,0.285386653744607,1.64955410791334,-1.28974141058101,-0.270489098914447,1.90272159134034
0.268766754047916,0.200169671453469,-0.0978240567410329,1.5014098358826,0.231323400064214,-1.8031346359658,0.162863737189664,-0.0444204005260812,0.795004802292205,-0.449270325248759,4.59588749780049
-0.819969226038491,-1.26400985719214,-1.90714173572677,0.967230118851303,-1.13973383009716,1.93343017349535,-0.0349811614145538,-0.684648622820244,1.35642395695352,0.971384638508662,-1.88266885503875
0.551616951624395,0.259772218017648,0.905467814276914,0.643268085445744,-1.66910023357654,1.03151056336273,0.80252720003012,1.41218707721661,0.79356466748103,1.23249294653034,9.54489371131161
-0.698877471169392,-0.115152961176796,0.379016306774993,-0.622620718718655,0.744115602512186,-0.629285521076623,1.21557229886521,0.5451082762852,0.61902989294222,0.682183226500757,6.14041725690959
-0.937259373827204,-0.499226580119986,0.501357488794103,0.406574729802033,-0.388419480809526,-0.0275672116505771,2.29504462357843,1.042673227888,1.928945771465,-0.950080602991765,5.92389335867612
0.360664609967521,-2.00365418372458,-0.194036568712056,0.207751668465666,1.04243451182978,-0.18542832157518,0.549233147506341,-0.636877835768744,-0.609202007129623,-0.166756297839693,-2.2309541009846
0.37488736548892,-0.173964058920719,0.256989682495028,-1.51418787893803,-0.676398165004407,0.728833533205309,0.67507242587518,-0.819651612810297,-0.0617408694390628,1.62552252032347,1.61338194139854
-0.317716537857413,0.249989436588672,-2.62099516050264,-0.28472354706581,0.955906922798231,-1.81111781130563,1.85268280035667,1.94680515582029,0.0935570904365133,-1.23334243741213,-0.314599434324743
1.3609646729939,1.0405542184441,-0.119465551524421,0.983881211603784,-0.503576950149066,-2.78237518888507,-1.44209354987193,-0.361124438106608,-0.110631264078659,2.14591178038852,2.42557108924745
0.781415430283781,-0.594455204841822,-0.0365952808527789,-0.0345923474170898,-2.34778337923595,0.219469762642954,0.0488334253868239,0.398018202161193,0.267019112412122,-1.0057897986127,-2.45255911929936
-2.42232185569833,1.77611708084917,1.36094824380799,1.32183438308415,0.331616958944573,0.0708745923521576,-2.06413447556359,-0.491229795008723,-0.119018847729111,-0.916574220521506,0.710068229600543
-0.937259373827204,0.334500344601686,0.456182107731088,-0.522661382580529,-1.50427104193615,-0.933244981023978,0.316658152635694,-0.429313273964996,1.55859989350969,0.960603474236291,-1.745443246413
0.894239909738401,-2.24797129082139,-0.671896692409444,-2.192209845715,0.0289417847569638,0.917724713496982,-0.649778886187316,-0.369730481378687,-0.908972010653866,0.0811192254942591,-2.3928105875557
-0.452424507641968,0.0748954363416926,-0.924970310221525,0.415132612692925,0.202415602108353,-0.275922291078396,-0.916906839655891,0.409305213639164,0.445266219221525,-0.513446512600487,-0.0280676146285609
-2.03266350055379,-1.10198219431711,-0.235374258419393,0.0643214661378299,0.437088842216441,-0.914294141742912,0.306686642776186,0.446216806385976,0.00345037678555463,1.33214006164714,-0.475354799650224
-0.252716702409481,0.118041458799585,0.757815662662425,-0.768286821359385,0.123599557469138,-0.134991037641865,-0.0469341406106003,1.64607690595425,0.523304572506769,0.92034833599653,2.77456702580595
0.0753343387208047,-0.55409540832437,-0.305745849515289,-0.712087224600304,-0.369838019303011,-0.554317046558053,0.988176477149703,-2.28923548252418,0.984640932898275,0.221900300072833,-0.292601519592381
0.471231836669662,2.00843523899122,0.0476257225993601,0.628609422521702,1.13408687514366,-0.277459463119154,-0.75843253187111,0.773351447005368,0.0597776995091995,0.536806815632725,6.31785139792394
0.490257065172894,-1.55499477349462,-0.224863004175041,-3.00740262981034,-0.931491555570888,-0.792400615132205,1.95127413448507,1.91675955219709,-2.75379131408001,3.42664702272957,-3.61154047763101
-0.250163650257009,-1.47164870719802,1.68215773265881,1.22640708024508,0.421689866976237,-0.185256981461505,0.105356077828541,-1.29441567471575,0.915977450151927,-0.853409908257559,1.03244628808865
1.65568103705569,-1.80485383345556,0.320126107274006,0.531618845030374,-0.882772305567293,1.42346019435261,-1.32545956467463,1.41200045976173,0.854712748122328,-0.181349641837384,2.74710174873243
-0.896668448400286,0.482309182361835,1.49457431533449,0.122601947197133,-0.242746476469307,0.385481237625306,-0.703010542518135,0.559248157406919,-0.282363084254793,-0.410676129148566,2.60062419721241
-0.0581417470327333,0.35838788332277,-0.654884927276193,-1.61782827568172,-2.19246775965444,-0.979636543515572,1.4654861068574,0.929726899457232,-0.254080411610013,0.182722252675443,-1.14435115548281
0.949104775005109,1.51364186860332,0.582063400069209,0.182494128760579,-1.2080574800743,0.932342491901736,0.344087721170544,-0.921865857734438,-0.971133070710964,0.706832130048866,5.29256016138077
-0.943011913443188,-0.0877690462179436,-0.988173184438579,0.0166374599263153,-1.70351822238827,-0.910216201686743,0.597129695935788,-0.487473057143251,-1.38039453169363,-0.125222973132112,-8.01570953708757
-1.45317677433447,-0.342562858546969,1.69055322396125,-0.713612714905011,0.301526117647807,-0.964055711506139,-0.287129845980057,0.344981788828806,1.5581012897223,0.503838200979334,2.71266776350799
1.23379573708537,-1.17119467869958,0.306322196434618,-1.58730228473491,-0.856887290986813,1.08685341168018,-0.541684280341603,-0.398668284055332,-0.14853905904166,-1.2903611693324,-2.29641704187778
0.982744739593277,0.518990209798828,-1.44405371507061,1.38420438064913,1.08961875425533,0.858554166162155,0.0969532435654169,-0.283643984123164,-1.59107248310144,-1.85494776104409,-1.09320999121062
1.75446020934407,-1.14284399702553,-1.11892314988451,0.326788071095519,1.75485850065935,-0.235946938027272,1.05400305710916,0.192505000699729,-0.0822249268380764,-0.54132554841463,4.78885276277266
1.48465926183508,-0.00630312791242872,1.49041614692123,-0.152477555560863,-0.579057004086164,-1.89901901553797,-0.988781131982964,0.688501949727306,1.1044414207886,0.314332133267799,1.23263049022317
0.87701783654465,-1.06002646035384,-0.0485645740701022,-1.38169465996295,0.599502238761162,-0.161637040899095,0.279448219780829,-0.416094820632196,0.82145848852746,-1.98512986850184,-1.26107247076114
0.865262777474469,-1.71794151774383,1.79504032481532,-1.85126974734861,-1.26853587969412,-0.099610970445637,0.302438144309044,0.826661100041731,0.171067760972032,0.472257252415895,1.28991288519016
0.449254113022262,-0.347284313757423,0.982325614142726,-1.50229211419716,-0.956593561710203,-1.64461239921461,0.903495192590133,-0.632792794668962,0.0679537301082278,-0.592359425777401,-4.74313990147537
0.481308062563158,-1.00324637705026,0.373886749375709,-0.86109325156808,-0.658341768576203,-0.538282574002839,0.735970308161924,-1.20505865775434,0.0930129957830992,-1.02340761169356,-0.504003167217289
0.133272871112681,-0.737842935031788,-0.201450854814332,-0.0546881263340834,0.0964883099978745,-1.0529306613349,-1.41800388746549,0.409598420606797,1.67867838839119,-1.06312403020963,-1.31819385414833
1.73875329713149,-0.94521251640066,1.2997333873131,-0.317934768740895,1.22401060213735,1.28340149961886,-2.00905137823776,-0.956182153150877,-0.241613487886538,0.115021446929054,0.430891358702179
0.568470379576026,-0.215178299098959,-0.603265947231938,0.86088254940439,0.302241751118013,0.851485745686869,-0.995863251549392,0.821575676120238,-0.310194862756802,-0.936767532587117,3.37746738586303
1.15046622591251,0.958720975094327,-1.23950472766247,-0.518288613017975,0.0145995033393889,-0.0627604867084712,-0.22969299174049,1.92921282872414,0.418873229950612,-1.00947105405608,0.987449847586278
-0.574712076473803,0.965903179294815,0.125940417243111,-0.264791833073561,1.96383177555345,1.23654954330645,-0.96211546176403,0.631081636895581,-0.164534070978654,-1.14898430308541,1.23398217815979
-1.09754318002534,-0.0336406047369587,0.306546137551572,-1.85061073651926,1.39078159912771,0.357261192347685,0.304375901728684,0.799428039444737,1.54381041639746,0.0677077064600659,2.95870635294765
-0.791309132097171,2.49832156064819,-1.01279643364156,0.329923202726928,1.57342983509736,-0.784281748879075,1.48662983795402,0.447398881903133,0.552248813602572,-0.740239570898034,2.67607498361872
0.627791688312279,-0.544813831483466,1.14498479711856,0.16644265797206,-0.74914435341004,0.690213104514353,-0.118249248429934,0.283638570131519,-0.052826945779967,-2.35603907534463,-0.507982077190239
0.479070694577813,-0.357072483647885,-1.48380435418141,0.813481884725315,-2.17262174646519,-0.481493261483154,-0.903484064361076,1.71595337227086,-1.02680524029117,1.58411053525664,-0.785799070896099
-1.31615190493239,0.781613246594375,-1.55850927798353,0.597604352655839,-0.806613962905229,1.94812223567636,-0.237273104344645,1.97781106221296,-1.18839539555824,0.488244379720355,3.45266253098962
0.725861074420466,0.614614265094995,0.450955641550224,-1.42294025345159,0.54126964751616,1.1851269517247,-0.210676581786313,1.03019033610875,0.0550220141543716,3.37970720516671,7.20428024791921
-0.702416283597883,0.577232144061335,0.138557771950865,-0.460928226772134,-1.24650483027292,-0.225909199961748,0.0386242928332028,0.346483951031281,1.35840879251638,-1.22773382007286,-0.00269509969920567
0.747244209702767,-1.05298021016016,0.485827881265775,-1.91372018656202,-1.26083724590772,-1.73831146292424,0.648146299721571,1.46331582923931,0.659778870824807,-0.1293911990178,-1.22460145782336
-0.831283565719144,2.11005393860714,0.522050357307889,0.905416040971334,-1.39685215798954,-0.274665593450972,-0.0550135557457456,-0.550349324596895,-0.222554681461575,-1.17361510055563,-0.206741630153469
-1.86599238024705,0.0794232523306586,0.504492195064125,-1.23928129357917,0.566854653909611,-2.99778080781624,0.370489121744369,-0.168540464885567,-0.70263365435561,0.726177202523348,-2.58070521293184
-0.896668448400286,-1.79434064809095,-1.59647548569414,-1.74580693104933,-0.720166431213673,-0.127760731969816,-0.318705910326853,-0.148261567909672,-0.0546697338928747,-0.244069273748215,-6.10714213726564
-0.316398455050503,0.854266455511738,-1.64894709169221,-0.0723633461542818,0.529037432046755,-1.66680086193066,0.0859337272351504,-0.49398502551475,-1.18155227969005,1.552044942468,-1.68411462144245
-1.27848577902757,0.758438983768016,-0.364465779953615,1.5118123786004,-0.119679707374917,1.56685833006733,0.834990377356426,0.277196266127246,1.11651441385681,-0.491411239077003,5.01182379922259
1.02628702220459,-1.79291724138257,1.18554873660874,0.33017641473515,-1.17579133664026,-0.859086178419942,-3.19585393792566,-0.627930091447341,-0.834330009606479,-0.00872381194857266,-3.96545058164152
-0.0753851368673576,1.62054924377658,1.23957006952817,1.15628308630592,0.191878756308824,0.244560330765078,0.51085131195153,0.281732891229694,0.28036705476939,-2.3576445054874,4.30431318648686
0.268766754047916,0.144232029150716,0.0531300548807069,0.0803919781834966,0.413283966339188,-0.916289824669349,0.465375982786732,0.616309882486737,-0.677687074419536,1.02921817872715,1.5168191207264
1.77912285602345,-0.222310246923721,0.0398110429315199,0.157546278234923,0.704657289595745,-0.194338674967925,-0.933130469253115,-0.248799989727708,-0.479214711818594,-1.28571482316543,-0.213951705392814
1.44051655465464,0.824646090681259,0.8569415391588,1.05979513984257,1.37000480317254,0.38946804672161,-0.0411476891455884,0.175342640563025,-0.203723757171099,1.80963085473505,6.54085931048537
-0.596172556053508,-0.883899401747726,0.126814339682918,-0.788362676774567,2.00358759964189,-2.28132655361614,-0.878575493509738,-0.16665358408784,0.491168162715952,0.365853986751112,-2.36576583072387
0.269273818910676,0.233264532685096,-0.288962979614662,0.75740950219233,-0.529456468155872,-2.34632409641029,1.359366460292,-1.5038783671659,0.34356113904947,0.606080111414163,-2.13692971332568
1.14756330339166,-0.457564950920252,-0.458668861897229,-0.835281504943435,-1.87975874295742,-0.304125849865362,-1.37644492876748,0.248260185167368,0.696895989784402,-0.662728309942754,-1.35732576922191
-0.896215163232667,-1.36356336397864,0.1514296637809,-0.0888181350682404,-0.9451165733767,-0.0469403472786761,0.287603173177075,0.393526687941886,0.250702923171877,-0.842910178875994,-1.89187811749175
0.381270646321041,1.66763177052909,1.31585574989595,-0.775545436239261,1.53710305783146,-0.24619008116416,-0.277076860828833,2.25279625842608,-0.668214853702548,0.0647604101328014,6.47413631585209
1.58312920532831,-0.12164285704899,0.708417736983699,-0.176179860924346,-1.27200816066741,-1.47963326454219,1.00045979195586,1.45810094400241,-0.513739833867385,-1.10024492571807,1.8107380316205
-0.784793985135488,-0.425511429881453,-0.434414865174247,-0.024670805465189,0.333354168065874,0.450246215536962,0.514325478202845,0.179610104135469,0.82962782518592,1.57710376205503,-0.917890746953034
-0.702416283597883,-0.710041797982764,0.763533177198687,-0.531787136461084,-0.0603975543304393,1.3624557245643,-0.963425600284484,0.181120954563876,0.722682321062651,0.294135863811686,1.59522207538509
0.164808269352328,-0.602574654826237,0.172561507518067,-1.17442728491152,1.23540283182623,1.14060416841717,0.92035961918307,-1.48146394674882,1.59261492251788,1.16012784930108,3.95433449241228
-0.100461185931304,0.685425886601428,0.314468134009197,-0.0652284739264572,-0.461957010436851,2.61201863354878,-1.38072789177077,1.57204794855609,0.119726167915588,-0.632401746072955,3.64416945854498
-0.0581417470327333,0.887741067134129,0.223611162844934,-0.731064431078454,-2.40631040332976,-1.3734994315593,0.293651803526258,1.85090449658009,-1.0445330443079,-0.720305931606122,-2.33344364571928
-0.250163650257009,0.308297233241632,-0.456995105388281,-1.0758235662058,0.599407442367617,1.92739383686715,0.511907611659007,-0.0854850741001469,1.53531546348318,-0.951650264700764,4.16730700222076
-0.317716537857413,0.790013602124082,-0.521511838004068,-0.628668020634133,1.55541158740202,0.864152569940445,0.652284184707389,-0.248420822841248,0.13803031478828,1.28376069162711,4.17143919578367
0.472822828056713,0.852668270379353,0.102134473915956,1.89093397974281,-0.0963736176484449,0.630323322760214,-0.77547312456335,-0.310755539102484,0.873246233642016,-1.94772559418958,3.27490092474821
0.471231836669662,2.09263182095491,0.217951497706027,0.541053210066308,0.125579638514446,-2.28428909489114,0.00594729320713591,0.544633862426013,-0.901285842373176,-1.16969602047949,0.735890964698634
0.585322731731217,-0.0835091812771457,0.255404086705844,-0.256619866017107,-0.589170319725563,1.7550009632623,-0.545028984365218,-0.743188492419727,0.629820531060149,-1.33412387261209,0.616423293296787
-1.0573719263657,1.5670206978918,-0.598525508518493,0.384951752143594,-0.449731203551025,-0.437832542379153,0.148840792768035,0.306398794524865,0.865546441990815,-2.06680592156977,-1.77200926951665
0.383463403365838,-0.800700739747346,-1.24707381898779,-1.34319616074356,1.25547055060785,0.328540179255727,-0.717180767763839,-0.282124013205573,-0.229445611259279,0.399494951872306,-3.46339865493342
-0.804470749830506,0.689568834336434,-1.02907451514561,-0.779843584553618,0.139215395982404,0.0268756663857329,0.0780973105701525,-0.419034748854321,0.417102471432376,-0.084937076206081,1.38503095929454
-0.0303291799947046,-0.65918414710147,1.1858230397706,-0.897234590412707,-0.00255529938053342,-0.46184861354358,-1.16208234119989,-0.326153822282771,0.677999372978194,0.485460109923192,0.261927813046375
0.140826933049201,-0.181607980804346,0.0490696953155173,1.55063468479253,0.888130717359161,1.50358637260501,-1.93971320491741,0.768447499162803,0.568757262790238,-0.712595053670182,3.58761672274134
-0.804470749830506,-0.428665658743976,0.168901803753457,-1.86401005700135,-0.406385397971977,-0.561000112976066,1.17431098811159,-0.291366287937882,-0.799097885912563,-0.855845131021942,-4.37001924051619
1.04028889037933,0.992796454218833,0.344380220145275,0.985054382743799,-1.34585686404744,-0.380334669440638,-0.909366798039126,-1.07269992304107,1.90038762284672,-0.155964136047136,3.55549501008688
-1.34215524371494,-0.614571577328697,0.0338927552583131,-2.44284812430215,0.271204613858249,-0.493400581702306,0.479873444739843,-1.61933169858717,-0.0548251004879265,-1.75633870148169,-7.02598308313536
1.59644533399003,0.213690652324535,2.119380978301,0.0290664974267692,0.882819398231976,-1.39327435681866,0.928312945390725,0.8531878225899,0.532538626716378,-0.627869124228117,7.18374734042107
-0.915568173841443,-0.47973879352823,0.915176940226039,2.01155856051328,-0.544274410487945,0.271465072193581,-0.71931501343349,-1.33757387182572,-1.16982532247468,0.64960249741792,-1.62420784671448
0.5660494650748,0.202205966316532,-0.915075456527859,0.462463749694006,0.538861076773935,0.860427497987621,-1.2365701023766,0.186401901039572,0.843095191227951,-0.165434996605039,1.91941488535803
0.725861074420466,-2.29307620065046,1.44079717744182,-0.739562850369139,1.42146420091099,1.65049634733147,-2.84322724518328,-0.183363593823067,0.927029981590818,-0.0152852425802961,1.64955978838625
-2.03266350055379,-0.0819134991340572,0.606247437114413,-0.338817263236358,-0.968510417394786,-0.554574551767455,-0.567222966399124,0.297046833594498,0.350994266357911,-1.15961640197496,-4.5773358263284
0.360664609967521,0.963043163844242,0.320841890918431,1.06349720305097,0.891758019937823,-1.25403602097028,-0.346853445171443,0.597337755950501,-0.144927182697343,0.495271199996929,4.41419138744885
-0.0263022475466685,-0.1648517472559,0.260820815554902,-0.287739052620403,-0.0626526771400669,0.169093525830645,-0.974897039522966,0.825489607937253,-0.999715121550232,0.42487650198562,0.667925558811629
0.634438388299399,-1.04286709641712,0.518306679678257,0.221733205004571,-1.08933373255324,1.30679573230164,1.26298188729094,-0.342034598906112,0.538916152845155,-2.02384094165687,-0.483576386855538
0.0403410948956093,0.88313730602711,0.942748363038807,-0.678933822170294,0.405237747729207,0.240654281954274,0.313326630421975,-1.0290877906859,-0.835615319388625,0.555354406210149,0.526730950289271
0.5660494650748,0.868352195921885,0.53636843399297,0.693428520365343,-1.72324643808548,1.47202616754099,-0.112716467879961,-1.43410008432444,-2.39059010911957,0.160184839081607,0.0805796881985861
1.28353329096893,0.591550069109841,-0.720086350969997,-0.669202281420758,-0.063835105189954,0.187329844669636,-0.0611741382766745,1.51787431341988,1.5479538712609,0.835909509725582,7.38870879010861
-1.16359480663808,1.48001484074779,0.346454298421952,0.871923596035082,-0.960934862476642,-0.247158120284976,1.29631625858255,0.163628340886811,0.356442061240717,0.0708557669280774,3.47363501855893
-1.3039394583377,0.259795605022613,0.467969663915583,-0.776782163295945,1.05909581577597,0.980832828111676,-0.548410029743481,-0.36739280542044,-0.136290991075245,-0.690138513542496,0.365310964139923
-0.424134316298616,-0.136834528013108,0.0235100376907146,0.213554507882907,1.00337811191124,-1.78155810833381,0.562160805683616,-0.753286179524419,-0.441433561968807,-0.449531668678727,-0.080925356876391
0.015716687899809,0.242239696001158,-0.912583947286913,0.283908307311542,-0.0309709474779932,0.720798111936923,1.21097599617718,-0.922044502899112,-0.168470640091723,-2.81696570106488,-2.1862637947858
1.11006073643758,1.34750291616728,0.142526347319688,-0.256161731260356,0.690751227588677,-0.765307442683166,-3.14712453317599,-1.43517689300661,-0.535092998253844,-0.98072623458758,-1.54029267372488
0.255834144436562,-0.484853218203323,-0.399352139906788,-1.47564430096065,0.516159234172465,-0.396354709042531,-0.911501656936952,1.91446959984547,-0.748031018598456,-0.0254314390976531,-2.13783123742797
-0.0488463946210477,-0.414403378153838,1.00661091374242,-1.1324818654888,-0.132430631179024,1.0909122347957,0.252402030968693,2.48499152943095,-1.09632232501908,0.133330348138376,2.94095670138487
0.712952140952399,-0.935580892674013,0.420598518936784,0.436165032082157,-0.62235048394351,-0.51932537901447,0.889611475540185,0.0916157692234163,1.70555790047953,0.444627462194631,4.56311224022944
-0.0263022475466685,0.161093311209563,0.366712930962512,0.000948825672002739,0.153009991939728,-0.949203124719623,0.950471318840694,-1.18231081895474,-0.416371352295845,0.390946131304624,0.509859700584605
1.61005992411986,3.61816346955296,0.453764567832909,-0.876105955638505,-1.88857416536318,-0.277960390163122,-0.901892455001453,0.125741671238244,-0.625368621619801,-0.987657118327795,1.01973029825111
-1.6895943358081,-0.456889361793222,-0.0801092206637655,-0.466572259620843,-1.89388964234788,0.920765202022017,0.413607124231354,0.798024997432391,-0.801298167454632,-0.770202703260461,-2.77664996728939
0.140826933049201,0.911293278369887,-1.74912043556296,-1.6583984211845,0.677229332619883,-1.30696635323626,2.94938397558987,-0.976041584563959,-0.435378049805846,0.832064175977788,-0.169230228695755
0.87701783654465,0.00474804914315178,-0.287283072593803,1.99730892701652,-1.089629945745,0.93623373587579,0.633709100418816,0.636393827555108,1.53518977802231,0.691512455138109,10.1398306325439
-1.60845750695566,1.2083028378696,-0.549262450229521,-0.811074466179492,-0.747879374189611,1.24981972629621,1.07961819716972,0.565584895250243,1.40117465025887,0.409542431363497,2.65776687277808
-0.151914277038407,1.24883349059825,-0.709343225133904,-0.480508746626151,-0.155209486371293,0.226591217932657,-0.661656485605528,0.37032375733717,1.1383476605079,0.915566071586334,1.03768491506337
-1.05575757810515,0.742072046716615,-0.336361551716527,1.05966540652448,1.72372188239642,-0.327846899266556,-1.44223542803596,0.0639832780944304,0.179885596955149,0.727497714882171,1.01559516351935
1.65568103705569,0.875864750741435,0.205804153115735,0.414627790706785,-0.907238113616879,1.48001196402177,-0.0543251082677998,0.222984750742824,-0.458070804429125,0.0921591267618276,5.84208781125762
-1.54192841858062,-0.551249987814587,0.370210077148139,-0.199025382882111,0.290479055264665,1.77835599838878,-0.143166066190625,-2.19518300120444,0.129404821254481,-0.399123883789219,-2.75012335584428
0.438202554590242,-0.26606694871345,1.33118200756072,1.45260061120494,0.676066713592938,-0.585580213397017,-0.875150644386768,0.8622998612651,2.41326544024254,0.51026638864285,6.52179495626515
0.545527747863847,1.16919217379546,0.101987532010689,-0.453091155046544,-0.76937253405078,0.475191362345945,0.15807603496866,1.74469941321918,1.44494464525447,-2.15720434121535,2.90446296548845
0.938325622880217,0.731115182094775,1.63162070280482,-0.0673434141050311,-0.409741398195444,-2.36056232326597,-0.878105446551485,0.762413122960973,0.0521224022176412,0.413323920810107,0.766574116631518
-1.39299461531238,1.58820025024916,-0.94255236221893,0.533759700622529,-0.101043524974148,-0.355196692195594,0.449942362193926,1.8838896048174,1.10060744654822,-1.63336311188028,0.334193058290378
1.69253018316718,0.337673009127149,0.943193924043041,-0.651201380638596,0.963354353160808,1.55495428464063,-0.563592169759143,-1.41400047513092,1.2981635835426,-0.221257309006461,3.01458683899177
0.133272871112681,-1.90424919939143,-0.84096924980276,-0.56968094500819,0.330032364304856,-1.15660391960021,0.299264072962294,0.467277374669882,0.140463036534124,1.35482740144335,-0.0777973044485398
0.599676319777418,-1.18595153254203,0.271551906787154,0.908565778209001,-0.517097133836404,-1.16006696866611,1.14530881411426,-1.62103504260472,1.19002208319527,-0.107941172762292,-0.385287237600866
0.254929207947393,-1.06706573159778,0.430856288494314,1.50226234741107,0.0808124236124867,-1.6473595955413,-1.15348071294947,-0.885891092811013,-1.35962892545325,0.409592718198855,-3.46800458682628
1.98081048049619,1.25730890150834,-0.20140979471818,0.0550102546414861,-0.375379624732293,-1.33509631816773,-0.213829675030798,-0.341174591703838,1.62013855180789,-1.37125143955151,0.0527267442897053
0.725861074420466,-0.002424091956753,1.43486009359492,-0.441032970720259,1.4208237257741,0.174481617724981,1.1189404383142,1.18085040727398,1.35584808361343,-0.346900484342309,6.9331820762782
0.22270403582741,-0.680874714702024,0.860973107444982,0.822512189239401,-0.954851216533921,-0.497938323505886,0.763185429760397,0.546216481521685,1.57968259407221,-0.88932268924665,3.08816895199444
0.781415430283781,0.262648152643194,-0.352053804305277,-0.425703869187821,0.482824194698457,0.0432637459328821,1.39339167368635,-0.529200731311063,0.369477970280353,-0.891461168613467,0.642652533361103
0.717592501948169,-2.35409100731036,-0.386559861452111,-0.618622549633979,-1.51814962191754,0.458844000402447,-1.02184973792081,-0.943052482108841,-0.776247791006363,-0.751710711843628,-3.98315318079277
1.47001319925998,-0.706099135652703,0.386430701840118,-0.257598570811018,2.45204947721701,-0.0580704364042958,-0.503436572629782,-1.58520338686002,-0.716644718533434,1.23761737776598,2.56568196961282
0.370111237557041,0.659033951243184,0.0294065634435761,-0.936542575943351,-0.800458995260667,-1.27965559963035,-0.766425886233554,-1.59999169958346,-1.71831566778318,0.170304721872997,-4.86175823185534
0.164808269352328,1.10759423335338,-0.52030485223146,-0.2708126254807,0.141986157712113,0.19838192949278,-1.0734122623524,-1.10757392516728,0.864574109069602,0.394878933718603,3.40286965490226
-0.702416283597883,0.246432662579865,0.0617378929133014,-1.17463295181834,0.15993404157636,0.599313273833812,2.60706739122381,-0.149134966555425,-1.83933565964821,-0.170641693227932,2.30239711277512
-1.31615190493239,0.00204164430632504,-0.983718216629772,-0.819825095185427,0.539203767994924,0.754698827465267,1.83126012794691,-0.972080604862153,1.07839369159347,-0.501417332020116,-1.97611210002335
-0.658338403387364,-0.213793589696946,-0.404056799520659,0.313175806325506,-0.706873257747525,-0.969450231579801,0.312985403015703,0.421167921868369,-0.35685747211535,0.735077437008711,-2.87234547212063
0.0021430912373795,0.196623144462928,0.552288508748709,1.6116490034744,2.69321560226301,0.406307059072044,0.727334843654955,-2.52431801126366,-1.21246536604104,-0.637419588164435,0.753734515153898
0.383463403365838,0.19844673183379,0.0259568098117806,-1.14474994411521,1.23060323727506,-0.540686182969334,-1.58328749806946,1.28304374862605,0.214217815057908,-0.608811858772448,-0.794374249317846
0.523967239150869,-0.138380717425062,1.13575258974398,1.15812014692252,-0.327299310197052,-0.457941962328146,-0.666220207737003,-0.134320598068983,0.459319514703354,-1.43071139658376,2.01923560829254
-1.01426938404484,-0.503207351255931,0.634966459437871,0.162111317556419,-0.684816793961976,0.223487718732804,1.22311261956154,-2.74120148240221,-0.540243840485641,1.5843441975418,-0.215111552104281
0.383463403365838,-2.9879212865219,-0.232719494698307,0.524740215259815,-1.9734977443048,-1.30992083310803,0.985107953832022,-0.0111588667209034,1.29514463579973,-0.64081132467193,-3.60271912775059
-3.41416810183027,0.0440667323767678,1.95434166614347,1.23053558998905,-0.816328565579488,2.58766797549985,-0.35803415617704,-1.46399619130097,0.312509355899742,-2.03035936292186,0.194463021552722
0.666463547838252,-1.32807878237261,0.336642651692956,0.144422344806789,-0.67785520958598,0.985081519385565,0.975441442228481,1.77470770329882,-1.14598313746161,0.2575400555704,4.93624199580792
1.02628702220459,0.315828742955861,2.02886584754685,-0.806452088360506,1.12876511262607,-0.647566800528659,-0.705640057896063,-0.486227816253744,-0.821125141740612,0.542218207604217,1.59990027854639
-0.257949036521355,0.826009926630514,1.15793060127402,1.6831214377483,-1.30152299873312,1.05244432902391,-0.531065791250259,0.57906611457172,-0.137761501885883,-1.27668892760995,2.82798786612682
-0.424134316298616,-0.107282634801432,0.321252989615654,-0.559068531372029,-0.318188723663826,1.22990009170957,2.29509647604051,1.13175875878046,0.791724348738945,1.0473550229708,5.83791572053136
0.925301260979856,0.415651430159742,-1.33813865564759,0.61573145122371,-0.0684902495248789,0.087907961233554,-0.022145490032559,2.07818455281628,-0.562900632755403,-0.491497828223365,3.58385688614401
-0.148828705695114,0.850602295660323,0.889573610016562,-1.94127531965435,0.128750879673251,1.06853741516601,0.905789856834466,-0.112114096666365,1.33562873362139,-0.240705304962361,0.413336099722567
0.32177430633601,-0.967429095574831,0.516551542141992,-0.0949314612364607,-0.212037241011147,-0.816124058192171,0.636536152542202,1.37313007461199,0.940197546712805,0.0594008470563145,4.29718241416755
-0.816181231598388,-1.46294268928122,0.482826288491488,0.461042232867725,-0.744466266618867,-0.521479814357821,1.2362769953306,2.35513079027393,0.499419319343692,-0.684913757803239,-1.39370210463696
-0.381585281555929,-0.0832936038935715,0.132127653036626,-0.378935674521383,-0.347721545693528,2.01509166544633,-0.34123573369635,-1.3518079606845,-0.225004505411403,-0.714710495059222,-1.35008638183546
0.570350481088479,0.459519394123925,-0.840271857921925,-2.26411248641862,0.397287210867806,-0.333028431785885,0.781726581957474,-0.177305041849591,0.492959806540362,0.137754536550073,-2.9085642525296
-0.197844016561302,0.281109668820552,0.710288008578459,-0.641734335253448,-1.06141625630365,-1.27900542409259,-0.955723699005354,-1.58896270319197,0.337068362080395,-0.986946896820455,-3.65299554109998
-0.455044788265431,1.24522682366084,0.293841071616281,0.265626330846738,1.02569370307536,0.470510226725667,-0.389950622304389,1.36056332082378,-0.523249357765996,-0.0508075956740777,1.8652248180231
1.47001319925998,-0.588061103520266,-0.311449495899108,-0.804581101194159,-0.172315170468581,-0.140063944657088,-0.257998225263296,-0.0567340858940286,-0.525537337065655,-1.20269407647315,1.5831412954721
-1.93430713567842,-0.0401523766135738,0.732272424159852,0.982317003771744,-1.00524489443874,-1.70323083613098,1.599145323133,-0.100369849821062,7.812193666551e-05,0.177290637885818,2.25066937146489
-1.11542048130593,-2.5379083485634,-1.51429185215665,1.29810737539442,0.333789111050804,0.72271029186323,0.439381071464859,-0.673628010570157,-0.0314032068608389,0.252204104758482,1.83495227702215
-0.535307920961255,-1.16296854863066,-1.6527770984439,-0.846252715200941,-0.945163729273093,0.544030165581967,-1.8288709863965,-0.112664396285071,-0.0365112899238575,-1.53553699898139,-8.55515728929937
1.93122697143558,2.12198581981579,-0.315011791361577,1.31244258519705,-0.971280931487708,-1.18767150912553,-1.6217256803834,0.753561949062697,0.91343690732745,-0.554052221655767,-0.171386771776345
0.254929207947393,-2.54932536271931,1.00869329848767,1.40428599402544,0.285059209763188,1.66982482040042,0.21078354128986,-0.232848224637191,0.100603445177815,0.459415605294822,2.72063421826573
0.958755837550719,0.287577618074344,-1.22251718501638,-1.77076911972791,0.647399182437723,1.46261190939174,0.470582210961472,0.397366942536023,0.0351221194356374,-0.0278375403997975,0.680609030254491
0.329073467135034,0.316919183121531,-1.45569780112577,-2.16497599958322,0.920126493394579,-0.381982659351029,0.121771024546488,1.85573181121471,-0.969215251092531,1.01468395897065,2.72438025119386
-1.54443325052204,-0.72139827899517,-1.63702997139355,-0.734259054837189,0.106492595626089,-0.241596938714834,0.459503080233926,0.101492539711909,0.767180521114831,-0.494193793691238,-0.750156945047287
-0.535307920961255,0.0583133566110208,-0.671147601862188,0.400115744894333,0.456533018772474,1.73735298164736,0.168420999270052,0.833650898458025,0.0466006921151323,0.423746766894407,6.26640383661782
0.730148159020203,0.453420247186214,-0.0772905646734975,0.428069827083062,-0.646293266440648,-1.10465058897321,0.0076929306183041,0.944658237056438,0.936847259668601,0.292586343049557,4.55357697721515
-0.702416283597883,0.284753625691279,0.573049168437869,-0.86752729030297,-0.373471461901938,-1.33079515995249,1.58385898885296,0.0689468216791806,0.968945353975952,-0.0659813131011605,1.73953564381315
0.52318968546886,-0.676601676838172,0.612288964364099,0.942614035749605,0.414458585304991,0.478947739679665,-0.146715611966945,1.12061462371056,0.76760143815436,0.350997131461821,5.38466128068403
-1.10965765978787,-1.58774304803952,0.0539941422912397,-0.705972658098945,-1.08411150461801,-3.28197903626921,0.849947359299095,-1.20167444900811,0.20251596514754,2.44924318981045,-6.77028885379763
0.865262777474469,-0.043109838905209,0.484528351122252,1.41918345681779,-0.304511474444929,-1.801603637137,-0.14743515755026,2.32667567301183,-0.0900221371072853,-0.939726647126425,4.27516079162654
-0.606131700089923,-0.62834663320335,-0.413157832205332,0.0854586688247259,0.417933503549565,0.119010594490119,-1.85694016100114,-0.806325782564108,0.79148986560256,1.34858281870782,1.1334849559685
-0.345148005243981,-0.292162920224405,-0.293062630162186,0.74691795665028,0.328054709381753,-0.17535083400513,-0.787639078745442,-0.868565694667893,0.348503757829444,0.576104325741828,-0.427439880196209
-0.417092029900752,-0.788275689331044,-0.957430208693397,0.449384538538177,0.9470473933413,-1.04167606441353,1.19098286026556,0.49012710587535,-1.33459332102342,-0.822018436417077,-5.87177317509899
-0.452424507641968,0.798910434931731,-0.0766118494688633,-2.58836004352467,0.284241612891592,-0.507142238884171,1.5432901081712,2.74998488274621,-0.854934303366413,-1.07661638482715,-0.36086733827233
-2.07403224535636,-0.175300473580315,-0.234537826853101,2.06595400905446,0.545204591285753,-0.679263443374481,1.25036552093886,0.417216704999944,0.514745140718285,0.019856923769157,1.39454387100556
0.427493497177056,-0.672197607210222,-1.77279315281124,0.908852404835188,1.19856775251279,1.11888930945411,0.149622724990798,-1.36308513524096,-0.688737994207939,-0.630151258310878,-1.11898672047755
0.136433321825766,-1.95403556483899,-0.907837240750289,1.90527028272997,1.00677747607363,-1.10042035554791,-0.449015843566893,-1.57884462160857,1.1198154188002,0.44559333787894,-3.21892145797113
0.813472602396665,0.0634274366127011,0.39446311456116,0.292775522811081,0.4421921827144,-0.478035434456917,-0.877732932724186,0.265239961633127,0.456251228759407,-1.12328254967617,0.627627769389198
1.15552185703294,-0.683888217347782,0.286037507880107,-0.325389226555627,0.124532719486483,-0.532433591416022,0.571598241591649,-0.966830073657879,-0.784201855026928,0.412490104344291,-0.178951663676845
-0.145491296909888,0.545677594206259,-2.00228648053963,1.05019551813177,-1.0546000000265,-0.017885853031974,-1.66716398636515,0.707050019930422,-0.432142590529944,2.47226714828747,-0.0343061236230547
0.741908531039651,0.117479941933068,-1.52566689434096,-1.9528257482689,-0.592504428618116,-0.248406279441197,0.220874202942144,0.0967313093551981,0.0460961950229473,0.044246069450996,-2.69186993492927
0.140826933049201,0.965684234774403,-0.105236743568966,0.0239869843335197,-0.432443438806733,-1.22415034887098,0.981077706625842,-0.0302837940178083,0.713289051689834,0.174889474716957,0.350493855525668
0.194900909658827,-0.558725161140944,-0.635787910422656,-1.82717091784022,-0.00776695128442629,-0.0529367366614072,0.727982008026975,-0.242336445971524,0.1796198731743,0.383791686734056,1.16466994088612
-0.250163650257009,0.566324517080992,-0.0144061572224532,0.543610873594053,-0.399590755922076,-1.03463629996184,-0.651302936743361,1.98356932486776,0.9770965976139,-1.67326439787434,2.90321293556942
1.17157888272917,-2.20037018219447,-1.32835696587966,-0.239789950441431,-0.130286055443321,-0.653361082375857,-0.606760455567309,0.861388750213583,-0.567543962779771,-0.954577336395798,-3.45066164505449
-0.308770511238555,0.989763893713726,0.809009586183102,-0.325524935358734,0.191585367737424,-0.155713188255199,-0.108869005793897,0.22043447435058,0.174014766912881,-0.206882618020948,4.71739044349019
0.894239909738401,0.315791915921845,0.588919237807999,-1.50357363917796,-0.910344962235133,0.128774118553809,-0.769418231212065,-1.02165777349173,0.515790715569417,-0.284076172022411,-2.8272814222619
-0.949792114335148,1.07322580929503,0.390002087309407,-1.23371950614867,-0.699170559655612,-0.715708380244603,3.65075562182766,-0.625532402954454,2.75836782495446,0.207849727813174,6.54810626399074
0.635888722226891,-0.330738189102767,-1.68605011243678,0.0528387960645721,-1.19173964529459,1.27712989069997,0.483708144665282,-0.586537420954907,1.16174895628242,-0.751221724304943,0.837213061013909
-0.965544075901445,0.763426482003579,0.659081477606362,-0.469836166094025,0.198167653317014,-1.33895958768172,-1.04873726344217,0.305907266765302,-0.180976194077535,0.17529964780718,-0.504085699045316
-0.512368309145041,-1.87816457504801,-1.06962588835278,-2.01836976566293,-2.73924314376671,0.676909622886739,-2.94452201099086,-2.03193464820598,-0.644531470406395,0.589330184946289,-12.3081150100168
0.197964540575617,1.34029809056797,0.470434420665866,-2.03522747659785,-2.53171019200553,-0.0233626778925839,-0.266981932907378,0.711517582882389,-0.286627402314324,-2.18711548355432,-3.12558734950623
-0.221363332134469,-0.610286190372469,0.339401172727892,1.08809677848807,0.959484491545995,1.0061301971653,-0.602810630362807,1.2174730336085,-0.755077309994031,1.64740380425295,4.75191231451347
-0.278967049580681,-2.11667397831168,2.19339770223445,0.118628729646102,0.770703377210171,0.357173863092397,0.186644126137865,-0.616790250688289,1.20979772917598,0.15197805519153,2.5313487703025
-0.142767184325037,-0.296481003042215,-0.935607114015171,1.00132562159147,-0.923586388131898,-0.569121089654975,0.55783249243856,-0.196530659523272,-0.601939323130378,2.49115543480093,-0.143737003858309
0.156097543476729,-1.20442578284228,-1.75095792706514,-0.0611270911374769,-0.471702235355122,0.502239712246823,0.72217515747806,0.576041658558262,-0.487758505156172,-1.64117684174259,-1.43908922525886
1.31151247191004,0.540094227783191,0.802718937710011,-0.400469629147192,1.46606870460171,0.496866526079167,0.167855632273318,1.73897900410231,1.17262582502902,-1.18216364626982,5.91779902174916
0.140826933049201,0.111377920611473,0.516859628265207,1.54822434674252,-0.93590502199682,2.52883728341507,0.135281008749107,1.26184025654714,1.47362503215206,-0.250195447624836,8.64967468875605
1.23379573708537,1.31583513263875,0.117705124182572,-0.17805630201149,1.79886891005385,-2.05111836795821,-1.75763731914805,1.24647351117901,1.87863692462571,-0.286319806395147,6.26123357082789
-0.0868641075262111,0.644353624663242,1.13472620366002,-0.565646273784308,0.0939144786597331,-0.60074313605791,-0.782817467626617,1.06086705574662,0.252522818893438,1.4141785667635,3.77114541445727
0.667043997072898,0.44611383015009,-0.543169315577176,0.0806822184795263,0.0843028703425566,1.60952035568715,0.408525580298,0.816153641024063,-0.401807820494648,-0.677393266456593,5.7511172049524
0.893537726414449,0.340676969553429,2.18579421227902,-0.650561098974952,-1.41293113386191,-1.59725113972632,-0.622227468200783,1.13553486282295,-0.062203113801645,0.42123900890277,1.29352525198126
-1.12936574569294,-0.278993636162356,-0.451220202524466,0.0245814208282202,-0.301140415285707,0.596849263413066,0.571835777972419,-1.6699978258181,0.638962837161739,0.142874953373573,-0.504911840368979
0.133272871112681,-0.465618373599633,0.404146555433292,0.00488400462664133,-1.05670893245657,-0.655012919216927,-0.00324008419966913,2.33677576278252,0.951462714461804,0.409146799945531,2.14217795904202
-0.434093062587601,0.215887057271512,0.19175284891427,0.104054299145704,-1.61667978319147,0.424181802556049,-0.625430282824765,0.146389917247566,-0.696088884578579,-2.15748281309107,-1.3402860653483
-1.52666344810234,-1.39781949434277,1.14462186759482,0.180924766693011,1.03957491988053,-1.39916629573811,-0.593374942037992,-0.887327718281591,1.85779811250272,-1.37333237701327,-1.60553658332125
0.886599393312259,0.438218646069043,-2.01592825336178,-0.00704794264372038,-1.73284060776446,-0.517781784299992,-2.38494182534886,-0.129482250142458,-1.21170730242199,0.195970804551772,-5.64106198523453
1.22583750660306,0.545901879310423,-0.258053074166563,-0.049296639129731,-1.14823675153192,-0.477824310633205,1.45716969871493,0.480980562879161,0.0454708445341901,-0.259074769926633,5.5032033767218
0.774271206337125,0.656004186244388,0.488966204866275,0.3286451801453,0.459824950858026,-1.20860677023657,-0.122373431909091,0.508982432169882,0.813377118259438,0.309284287294468,3.97904241503654
-0.151914277038407,0.896134586210559,0.743384892138924,1.47421572775894,-1.54755016686667,-0.486557777313018,-0.0898468454355648,-0.939137632970762,-0.462054872226444,-0.683298312520358,-0.791772044505717
1.37310628096542,0.303633561758083,0.571313108345113,1.75705981599232,-1.76244591234127,1.72318378525532,-1.28449638339394,-0.694307239864896,-0.579326510498015,-1.53614294428047,1.61127835407963
