"X1","X2","X3","X4","X5","X6","X7","X8","X9","X10","y"
-1.9706119558798,-1.61924876072794,-1.21660093847405,-1.11314353092998,-1.15997644730837,-0.774207085601927,-0.769534749986302,-1.73558808335021,-0.618746388585401,-1.16339104568551,-10.9179506529236
0.468199799722533,0.432973034578894,-0.667312449824692,-0.876144958970242,-0.332490521893822,0.540397620202256,0.438930459533226,-0.387874510090001,-1.60588714883458,-0.901628900918299,0.916112007131812
1.56477856593882,2.83364970303387,0.567984673203015,1.43556755526993,1.56952647881256,1.69631775718021,1.63930943847138,1.99054944356174,1.37004984230496,1.63606755011732,16.5613175833828
0.90929228586996,-1.66441891283161,-2.12724724754227,-0.155877085230338,-0.630185563161032,-0.768601797153597,-0.394308882159203,-1.75507610722173,-0.958208421984683,-0.138814612230818,-4.57981722113708
-1.24610220490595,-1.65284799658661,-1.89840593895925,-1.2172907600361,-0.832671135399695,-2.53154251566818,-2.13608428073987,-2.54748816355818,-1.70713409085551,-0.384747940865621,-13.9194300699995
-0.704684496107787,-0.350426041444675,-0.48553593472921,-0.404757519068216,-0.454644190908898,-1.0208256546595,-0.854470468260852,-0.919290032386778,-1.03755364065696,-0.74808936990353,-5.43643818541216
-0.810029442361441,-0.968209117928481,-0.907722012351099,-0.806387323316817,-0.660874799158042,-1.05543059630079,-0.0741634835157742,0.214054997565253,-0.658001996851795,-0.975153054205157,-7.18825231979368
-0.672024004210033,-0.134449491121356,-0.880942271551642,-0.506006527065906,-1.16210627065462,-0.755751384721496,0.284216611908457,-0.370976073629445,-0.0854582463002119,-0.0739405716442494,-4.89563620564228
-0.00444874674807808,0.364180460529547,-0.301829193559923,-0.502146458272559,-0.652218114833842,-1.36635330676826,1.36994862865786,0.488615101366198,-0.909324540919595,0.31157490509342,-0.459018103772233
0.497308185759319,1.18515166212841,0.547679912805996,0.398061942396711,1.00252443130806,0.336648555295801,0.401919583354799,0.175266712784298,1.135059204929,0.812033595945567,5.94026940457564
1.3228963841591,0.978554312717413,3.24254394782924,1.5941880714033,0.415018011714449,1.27813483261503,0.741854829857944,1.10893116081894,2.20657672362364,2.49629904050813,17.4125878800995
2.12814751367968,1.60863565060376,0.622204979379151,1.9221329773921,0.460211628010168,0.867099219151203,0.0102648986002572,0.839307758840594,-0.473240941797612,0.916348386916691,10.8183047350408
0.567182641352296,0.57524148262312,1.42218426243429,1.74654596969569,0.313943793806878,0.0901597938950825,-0.880870997407587,0.0115603953553464,0.781674118183018,-0.109356067187104,6.35310295822275
-0.815736103588477,-1.80820811599032,0.478965055265253,-0.333969541585514,0.545420914308045,-0.333682297482428,-0.145080215651519,-0.700265560474726,-0.293253163199865,0.304250231305208,0.749424966080652
-0.462207119349145,-0.504967956141714,-0.429060900995367,-0.47461978674824,-0.73035946045966,-0.333682297482428,-0.500163667344886,-1.19683427089474,-0.825972153917282,-0.572304373194565,-8.02398601758656
0.24365350704024,0.468684487633722,0.690742092717598,1.45221344100886,0.19808483921389,0.336648555295801,0.862335510307767,-0.211701425545622,0.336374346540945,0.780789112716824,8.47392028616316
0.418094066622439,0.129982094602926,-0.285846420131599,1.02112774209447,0.0867127570509163,-0.116352044927104,0.418281451573481,-1.17154319723657,0.209373575945534,-0.630229506267685,1.52269159078623
1.1378483408269,1.37959337459615,1.05800163849286,1.16584187798723,1.25381508921603,1.05601270027884,2.23487945017702,0.646769894032324,0.6978585399025,2.75839322319537,15.5013877873367
-0.109485489080841,-0.738330014219125,0.103645488662127,-0.415986787544391,0.597591411477202,1.01814376670253,-0.146098831801032,1.48916875854431,0.119936432327345,-1.19623546639643,4.00286244850404
1.14827337933825,0.198282275351926,-0.605102598326959,-0.0440767678256406,0.0698982950360859,1.36745050230476,0.420044286590722,1.11357005340139,0.394197246127846,-0.291097385097332,2.95069144416477
-1.07622987516027,0.844841435991878,0.836444445496658,0.578843488499144,1.14993494449069,-0.146379871634768,0.711317021517333,-1.14552251718363,-0.144163660198794,0.355155513665915,3.36948941348219
-0.851196797555606,-1.03304727554533,-0.565415478625684,-0.333969541585514,0.124345869471136,-0.468654238852831,0.364912395649727,0.0066374491510436,0.017453292892246,0.0532332233726619,-1.24016955868988
1.95204743058697,1.65929525760198,2.00042192584638,0.370429271502963,1.46048307763153,2.68517624458816,1.96551850700119,0.988052212362235,1.89242183608964,1.8262158435112,18.6897801418491
0.0841501432416882,0.0638547727305594,-0.734781280248382,0.0451513937595816,-0.0893883912248601,0.613880499960232,-0.918335082319472,-0.0808137745448921,0.827984453513843,0.588727174289862,-0.334736780141724
-1.11567935589113,0.0994816925519018,-2.12724724754227,0.0655027350551822,-0.630185563161032,-0.81513095365631,-0.339976411485682,-1.55026638021556,-1.14198756277568,-1.17225968777204,-9.13723879546091
-0.630033952830258,-1.41618546330303,0.488080375014257,-0.537315937820991,1.36230889222149,0.0899827903666899,-0.0980310920391469,0.614442837343835,-1.98662911593694,-0.374277160243762,0.0699018691441755
0.871030480480318,1.46046993984076,-0.348313249777481,1.70057167978107,0.562007379628721,0.0901597938950825,1.1667383678468,0.444928647745933,0.88357979745254,1.42554268501811,9.53185454509515
-0.630033952830258,-0.388098561304461,-1.7319665063091,-1.20067923450426,-2.91695278193759,-0.595878326435181,-2.32647225410049,-2.68533210770791,-1.08657902766779,-0.586806415137094,-17.1035494661681
-0.489521443052506,-1.35892877679796,-1.69868007800701,-0.440644017056896,-1.22680508030445,-0.448347794769983,-1.83789583813834,-1.95966927933845,-1.56744408646179,-1.31301097584133,-12.1123721253697
1.23354811997288,0.494474925894263,-0.431290758809002,0.176314586495751,-1.02148660769086,0.032053671584656,0.766141388604241,0.835077110517993,-0.0804180430866839,-0.272688471763975,-0.637172967212613
-2.00429412384343,-0.828279128457378,0.203434232465242,-1.03509904049826,-1.20308444976534,-1.58360065309754,-2.40034679445712,-0.548023128951138,0.510270125358673,-2.17274418755785,-10.3594156137955
-1.5916157590979,-2.09424230128542,-0.484436586233516,-0.590009547128205,-1.11949139162011,-1.97345806228839,-2.32647225410049,-1.85595953149217,-1.33812195096253,-2.34167357724441,-16.9796687204928
-1.51217684887114,-0.219629507694262,-1.06490021180281,-0.297764075382332,0.225745443542987,-1.06039131077181,0.168358110495178,-0.397107723761324,-0.588038479126474,-0.662647822013369,-5.01901499988454
0.613014211580141,0.425186159986619,0.960274093245878,0.0193021785301929,0.374704523961057,1.65276499316427,1.04161828333146,0.230341676875347,1.97957554514397,0.602018333946036,6.63874540031633
1.56477856593882,2.83364970303387,0.567984673203015,2.09388175993066,1.92238631891684,3.13629484375298,2.33894070634665,1.14919871262301,1.90585577820555,1.15693024474669,18.4182244275577
-0.725130242866806,0.951123637043283,0.366012001742778,-0.636505507054685,0.0394305726032683,-0.300269419455602,-0.160013210198167,-0.500996386913045,-1.35226368763614,-0.0815935062189641,-0.775170296587095
0.151380602566669,1.48557840416858,0.998104657478674,1.20219856502674,1.25790354312119,-0.0367437460291055,0.639757567575936,-0.732488139875409,0.882429541621474,0.755859193971535,7.67662738182071
-0.489970246998036,-0.761594128680531,-1.47838403631783,-1.2046371547769,-1.7141278924327,-0.344553513548085,-0.572496266138809,-1.31780067643722,-1.62974801152102,0.15735754560357,-7.45937707366296
1.22998024029699,0.494474925894263,0.70314866801102,1.35475271754081,0.5732517977083,1.37625121159481,0.230132305143782,0.764443643696461,1.26914670638519,0.570337565334296,11.6955697124148
0.214083849830697,0.139216931590157,-0.264445118911304,-1.12112944568074,0.224637991334247,-0.181055664216363,-1.51832762386012,-0.840202182217894,-0.0300879873565352,0.165196065492857,-1.89117711959139
0.81291664524117,0.384364883137339,0.947897323600768,1.51005729313157,0.170271020764376,0.674163259698996,0.947519890921567,2.0676021071522,0.247012410945285,1.13268917651319,13.1245083404372
-0.670869608547533,0.32604790207246,-0.902989957986128,-0.0612735006268752,-0.78645861396641,-0.860720983426309,-0.515503365560912,0.199827586132094,-0.662451493423876,-0.446045675548969,-2.49998568124389
-0.544557286975635,0.620661128944846,0.290191525647403,-0.375034254803976,-1.97295824823536,-0.583211585396266,-0.140438744040141,-0.995057034936037,-0.679973596563394,-1.35591534136416,-5.86004780291622
-0.253256590132619,0.45477889224007,0.659169171095245,0.908005863192504,0.65193565508671,0.695576461597506,0.234197724094179,0.848729798859282,0.645237418774782,-0.446007071476855,4.82222180530075
-0.458019941205877,-0.89820194939643,-0.416019239892447,-1.00953451870789,-0.737702698196306,0.237402456655537,-0.137085700688314,-1.33091995313384,-0.355939076051737,-0.116619130870783,-4.72421161536034
1.93012185454057,1.41910500099782,1.34864157052304,1.24030467585481,2.00330272681182,1.27813483261503,1.77572298908877,1.75806053616973,1.28875386826725,1.84493259834344,17.7055961198874
0.0346517029914184,0.39494090488874,0.695713924686163,0.0407472975502582,0.520756897863917,0.34433518121533,-1.44260663720581,-0.759866966934528,-0.323005953607433,-0.756380138462857,-0.736950262676473
-0.534641703208154,0.00852814983940142,-0.477190005972045,-0.225982405479048,-1.37479694070976,0.596984191202042,-0.225410654170393,-0.334708267428355,-0.119310607196224,-0.423705737658359,-0.475231300477709
2.49036683627655,1.22252362604569,0.905547601672494,0.877058661173605,0.719455265681779,0.43698252346088,0.603596673155712,0.607461309610637,0.856067856138478,0.260003902891828,10.9216848717216
-0.686927353879799,-2.15541456933486,-1.46028401524694,-0.949283860731225,-1.34573489805222,-0.937318671737375,-1.24862038760773,-0.724555598922573,-0.712736755901659,-1.18652335169927,-10.2207742561583
-1.50195076307826,-0.219629507694262,-0.65540613200759,-1.30822993361715,-1.18725734373926,-1.63924887609879,-0.682416488650192,-1.95966927933845,-0.985823931354801,-1.18652335169927,-13.2315331045854
-0.58632242914625,1.20943550301106,0.321734862424995,0.393750094789367,0.922756022008504,0.408904035351532,-0.837250619759941,-0.40359445310757,-0.608420906315445,0.227835210354129,3.23374938886126
-0.449991291143096,-0.0738583993163419,-0.467082527117922,-0.225982405479048,-0.410509767287473,-0.18064540971438,-0.959156647581365,-1.33094388402257,-1.27233315810456,0.299605105461669,-4.00217751067308
-0.200649220397971,0.347583018541834,-0.0095283645188709,-1.12112944568074,-0.395497387922786,0.793517859269615,-0.377579214943281,-1.14894532519531,-0.51899132890102,0.119859690640228,-0.230884320594398
-0.672024004210033,-0.134449491121356,2.41795590012729,0.695397372653492,0.284529577560379,0.408904035351532,1.11874372781896,-0.227000445667117,0.168483615996417,-0.220483620295598,5.86574610405446
-0.309633568690568,-1.65872352731324,-0.332333823483051,-0.144814680528564,-0.99893101865873,-1.28681792849238,-0.0546498217089608,-0.0323182783548581,-0.607167024645799,-0.790361998228703,-4.50835491350574
0.206801922723383,0.417969783835777,-0.209695781435589,-0.414007607823727,-0.40753391032209,-0.0235237457335485,0.174338974123406,-0.266829896424585,-0.422526460782397,0.292445608476942,0.0388727335018865
1.01704478337451,-0.412021529920037,0.0246315656375988,2.15906284084913,-1.61805313881966,0.721123204775461,0.233720853675638,-1.12387558715242,-1.02038445518036,-0.23691865303025,2.38229255525275
0.505928516835104,0.504335043782689,0.960274093245878,-0.40426339240921,0.611162892169059,0.0435671969064871,-0.036144975411193,-1.16967832724327,-0.176583323299994,-0.0786351418272183,1.77913674578589
-2.46073165752181,-0.108544070332283,-0.795313071985626,-1.90214941905155,-1.2329435660342,-0.766233581269383,-1.18761639961669,-0.671655863447708,0.322985329274537,-1.16133490627099,-8.77632609948904
0.173994208836871,0.564206278381663,0.819899276022066,0.839371860793931,0.748753776716142,-0.683959738406201,0.0190112289315694,0.454279319609309,0.603735514573758,1.51843526385891,6.48027120099657
-0.39866763546316,0.142743180357626,-0.495802135104689,1.48381394015462,0.0856251688720964,0.36681930813301,-0.50454360782597,0.037716412141839,-0.366108494712906,-0.509475448558772,2.38229255525275
-1.14562602920056,-0.253327396212031,-0.650434490533052,-1.10286168123203,-0.385987220569151,-1.50587806186798,-1.11423525220801,-0.313251995533913,-1.17454920752687,-0.590222745149306,-10.2266244640657
-1.49260411456021,-0.219629507694262,-1.25900901707371,-1.86751519043764,-1.68004884071792,-1.12876111640253,-0.99199194370009,-0.864723937742734,-1.91511835477714,-2.87632828050877,-15.3964289009626
-0.861436003539025,-0.62248064001486,0.0719514328450788,-0.249590982772712,0.148100017267237,0.793517859269615,-1.2039220960732,-0.4467845668342,0.233815878642798,0.0517737439444796,-4.41088241251824
-0.380561042843693,0.03460707370307,-0.484426738888388,-0.771387239463603,-0.300360710678174,-1.35555848114351,-0.763621183899864,-0.555264552563537,-1.04385761422785,-0.74808936990353,-5.96659733123586
-1.51084189970449,-0.219629507694262,-1.06490021180281,-0.297764075382332,0.225745443542987,-0.0699050282421105,0.118019144674772,-1.23340769582214,-1.04385761422785,0.616093853856451,-4.54519472898324
-0.48284899694161,-0.0465564447307263,-0.467082527117922,0.185737952297013,-0.492613042095346,-0.748887747321598,-0.566840950275818,0.0514647445250021,0.1170296418021,0.119859690640228,-1.98072495489189
-0.452725311403347,-0.494145926251811,-0.413017975077684,-0.388343445909667,0.388759525917992,-0.536302916723551,-1.15983330904556,-1.47454338068397,-0.884083048745483,-0.30300515811923,-5.32319495461488
2.44637265653709,1.45505340422206,0.979761017935022,1.47023874713709,1.20764950787836,2.56614659390172,1.63930943847138,1.55257440924202,1.49867382987716,0.810776383772463,16.5422472323048
1.34200462081198,1.65718104684462,0.139415455464473,1.77684103388314,1.04147901027216,-0.139507333493976,1.01887390523277,0.933560893517728,0.344045898608248,0.952597981523871,10.2019904772497
-0.368703559923616,-2.00752061282882,0.170180129899604,-0.333969541585514,0.411619061550033,0.729967078909112,-0.7300215819251,-0.540051949889337,-0.794651386020959,0.772648885602409,0.56936111947815
-1.33270127218538,-0.395825147482971,-0.416291810867828,-0.523926577809236,-0.601175355540205,-0.63523538422216,-0.854470468260852,-1.21155595546083,0.30676449117772,-0.30300515811923,-6.81005215728228
-1.0686855378121,-1.19727731943946,-1.57924784519281,-1.47739906992933,-1.36138833549334,-2.50624658398646,-2.13608428073987,-0.693722546741701,-1.84867767354627,-1.23803507073522,-13.6180482618395
-0.674136615257044,-1.17400176616445,-1.2608687081664,0.724390305997972,-1.16210627065462,0.729967078909112,-0.0859340539073854,0.552711907732125,-0.293253163199865,0.446686751734481,-2.29017976235809
-1.93832813614055,-1.07171009569801,-1.46028401524694,-1.51567069718682,-0.857608465378927,-1.47793969792189,-2.32647225410049,-1.85595953149217,-1.08657902766779,-0.107630662923059,-13.7591266721027
0.580624271079803,1.59263893550565,1.30110646572829,0.600748390638506,2.28523856513835,2.11491482770783,2.3286433782064,1.75806053616973,2.56634685118944,1.25168570796748,15.5859191926516
-1.20806349292565,-3.40294727251353,-2.42811455305476,-2.53545035630922,-2.33441469266859,-1.71504813382228,-2.24986816908192,-2.17650863326516,-1.49792365139346,-1.75351734915342,-22.0079918520806
-0.687331561483547,1.15344640394526,0.679020990558405,0.386516848330777,0.220273976541233,1.06777625114413,-0.499560786739814,-1.16967832724327,0.840900198390172,-0.615130458105654,1.23317447980932
-0.0177713059864698,0.203492545857185,1.30987500289672,1.77758136929997,0.562007379628721,0.804475096794466,1.15653550921298,2.0676021071522,0.530835246436202,2.0219945952007,12.6660468585653
0.317158766338406,-0.33963464218933,-0.883475119723316,0.0124779002458624,-0.663081062150079,0.404924464371971,-0.366209311207967,-1.07269192289246,-1.52314690412758,-0.374277160243762,-2.96899490497122
-0.265026766118492,-1.13661324137311,-0.240620948206374,0.11056748203257,0.852895911909198,-1.36635330676826,-0.932521713656734,0.365438206318269,-0.662050897190892,-0.519027025848189,-1.91500533202904
-0.810029442361441,-0.93675063753241,-0.68187765734244,-0.144814680528564,-0.360441632858933,-1.32633490549616,-0.710284984841715,-0.935601819809079,-0.11131435138895,-0.572304373194565,-7.63434553740287
-0.03688913124755,-0.71692497036987,0.584560123471677,-0.260345727162092,-0.379358644680041,-0.355270246903973,-0.378620024577583,0.675651665012584,0.156497075729579,-0.371025726717185,0.630165334663474
0.544143361969415,0.199803736344518,-0.8014335487206,0.749524109590836,0.734449112640258,1.2406358352386,0.948024321339245,1.29983647648646,0.314693841706961,-0.12509064108995,7.81572008849463
-0.45205230025051,-1.09424359716714,-0.187435883445477,-0.264080446480143,0.787170576082603,0.0899827903666899,0.125844395894327,0.599569174769397,-1.32705557614842,0.626815770003862,0.499726163195391
-0.0155414950160249,0.203492545857185,-1.0287471024255,-0.446426589178765,-1.15301300110824,-1.63144681012297,-0.76588031141528,-0.38832324169631,-1.44530581769646,-1.22718507193572,-4.57981722113708
-0.704684496107787,-0.350426041444675,-0.48553593472921,-0.404757519068216,-0.454644190908898,-0.718878103118436,-0.140438744040141,-0.277544796975909,-1.5040866802129,-0.260560996483575,-5.86704270435292
-0.840862157927023,-0.685958689812101,-0.81035961392938,0.468904662851196,-0.837732734344957,0.596984191202042,-0.378620024577583,-0.293509742684226,0.558409413290087,-0.0441121062923045,-0.887786295133302
-1.24040363733747,-1.65284799658661,-1.89840593895925,-2.17776804354123,-2.36558261668607,-1.79687898605078,-1.16289904070395,-1.43639881139902,-1.5463127913371,-2.23420774949347,-17.5153892041146
-1.51084189970449,-0.776235952058349,-0.658531184255794,-0.273392906557749,-1.50197357336042,-1.41330890094903,-1.86599591629712,-0.864723937742734,-2.02455788793588,-1.70532528195121,-10.3587033717677
1.31342084176002,-0.624233953084289,0.148669934946073,-0.365540958710431,0.39772902606054,0.658271814828613,0.233720853675638,0.135361415918,-0.225210245294074,0.216764526543354,2.26925933400672
-0.0152207464124652,0.203492545857185,1.30987500289672,0.512937603924548,2.03881050167067,1.04133347244123,0.196058092325872,2.04588914221012,1.13053979468377,0.38019812316761,9.83227825830759
0.359263496293095,-0.00469501944610216,-0.622146133372069,0.255352364782294,0.904800014738048,-0.153543457576755,0.785996338873759,0.0577850618151914,-0.75119860955865,-0.23691865303025,1.24776374084637
-1.60393737385081,0.394892575209435,-0.513859862581535,-0.169373943701271,-1.07981182249048,-0.622326372408096,0.194433910649125,-0.504761516945434,-0.476647695504077,0.0969556039846932,-5.23085319603813
-1.0686855378121,0.224063811157683,-0.107515920800855,0.374171495087074,0.393103292767977,0.810112306881351,0.491106147033153,-0.205349183454174,0.177680263520027,-0.192849450075169,1.82947734786694
-0.670869608547533,0.32604790207246,-0.187003190003491,-0.159186431111364,0.988850525794195,0.305287258669876,-1.07025037222303,1.91627175469963,0.209422968880567,0.645687935296834,2.11822474883367
0.291848144189642,0.0502375363081395,-0.622146133372069,-0.870148400893246,0.00213063983983624,-0.655441353319356,-0.932521713656734,-1.1443744081332,-1.38105379092811,-1.35591534136416,-5.31095181157618
-0.458019941205877,-0.494145926251811,-0.595668380540586,0.189539344787076,-0.700891545820703,0.0899827903666899,-1.13834030740879,0.124849618352768,-1.02013892424355,-0.30300515811923,-2.32230711768582
-0.489521443052506,-0.0465564447307263,0.0539495766241834,0.113404380893993,-0.4662332201185,-0.0883409217205796,0.30202484438868,0.0349688424013691,-0.525713314716762,-0.534745974582525,0.162056075572191
-0.203456817046825,-1.02336154188449,-0.561485180848485,-1.85557032001833,0.522406213191733,-1.67226929889476,0.12779554537377,-0.391041472768938,0.3109672312054,-0.558077618426609,-3.29991023352062
0.519156482328205,-1.81198956155298,-1.12304267669459,-0.133717273466668,-1.19866670566205,0.0938490972019236,-0.906377006699279,0.260724788840137,-0.696922700415064,0.818454387227718,-5.23085319603813
0.468199799722533,-0.38127703571598,0.113263639962724,-0.502146458272559,-0.464754728348297,-1.36635330676826,-1.39623715926001,-1.78968070109014,-0.588038479126474,0.0959731110294885,-5.86004780291622
-0.32359962648393,0.212167517124876,-0.0807980686123441,0.168195087389616,0.347913872991511,-0.202765661024225,-1.07408236373455,-1.4228463816533,0.558409413290087,-0.0812461930616609,0.448854779231703
-0.742645085475092,0.55634489523202,-0.154414662137174,0.382748881658645,-0.106773965738796,0.221504709198834,-0.255193187996667,0.645925527724229,0.363745840363423,1.11252630367901,3.03090530964727
0.853988982101958,0.619983716353327,0.714273889029622,-0.0255990906142334,1.42937670358035,1.98820707421822,0.189240867258986,1.26252384300863,0.701592644260584,2.88516199800672,11.1796127791997
0.513649346791487,0.31179215234932,0.0242098485748012,1.48313058124601,0.456716013996906,0.233946804314829,0.978892336087764,-0.293499208984304,0.727627702519189,0.0366354204120585,5.66313684031096
-1.93832813614055,-1.07171009569801,-0.973906494309735,-2.69733301986899,-0.0568861389256707,-1.13034888353672,-1.18874003417291,-1.82641635633994,-2.05462599521373,-1.55384582364725,-13.566090526882
-0.977819018752456,-0.090531939169387,-1.7319665063091,-1.7899005223949,-0.608929116778089,-0.106647151673832,-0.891751993333657,-1.27349991736207,-0.928169556691429,-0.868195098185482,-8.7383843802395
0.135550978787413,-0.14042425046835,-0.737698425832739,-0.416712636596472,1.15629156265221,0.557873062549506,-0.0949261671700798,0.555026491652133,0.266147437832499,-0.274898085079757,0.723472604880111
-0.721194943746837,0.259182282076205,-0.213075892624102,0.0749770374057299,-1.00340326610555,0.540397620202256,0.622768559800745,-0.392621976979794,-0.158110626483431,0.684316911904688,1.6268782452588
0.214083849830697,0.202938866730367,-0.894111833405089,0.348385061320546,-0.0972145918763986,-0.368779065375561,-0.581585135060286,-0.0227951445204602,0.662853047011517,0.10815022483686,0.0610226994898397
0.71546460291553,1.7941661028573,0.14774307658524,0.70565762259805,0.271163801310847,0.886707903963079,0.822203693279408,0.0759510146750257,-0.0608412433304307,0.0366354204120585,8.47392028616316
-0.48312242412506,-0.511237848440991,0.393173072894584,-1.21578942405681,-0.886439917114257,-0.0945446095028015,-1.59273775022726,-0.868295723149836,0.24972885179276,-0.896507562401722,-2.55168726329216
-1.98691187574392,-0.952166700787194,-0.671085611575071,-1.29889734091823,-0.209008610030984,0.0480159689763157,-0.666302044744203,-0.479242646726039,-0.220081957574538,-1.1883117212613,-8.18146745210518
1.23354811997288,0.735447424790894,-0.191215265893044,-0.50403427471071,-0.562847387108323,1.13360734767575,0.74358168929459,0.533738593729486,0.336374346540945,-0.186943799768911,4.10944176097777
-0.725130242866806,-0.535515736573216,0.860667416840858,0.436818896752206,0.571109588969821,-0.145990835012144,1.00993084252443,-0.763543154579056,-0.355752708198432,-0.599726850840994,-0.720600621525666
-0.673722154553161,0.32604790207246,-0.151221527229163,1.43224118702032,0.324322675195195,-0.307141788776541,-0.749682962192426,0.913933909845181,0.40801485457467,-0.287995392817223,2.52828567115532
-0.00444874674807808,0.364180460529547,-0.179072985168797,0.50655130572593,0.378678449113308,0.279698309875026,1.22798058553878,0.553127500973356,0.304236138356012,-0.371296867406124,2.224350316777
-1.21594204092435,-3.40294727251353,-0.775865341011911,-1.88419792946417,-2.36558261668607,-1.94486862605891,-1.65034388680403,-0.688989502501003,-0.732965528493958,-0.590557733565457,-13.6180482618395
1.20906579904403,-0.594035017318467,0.627752147099339,0.489688271848579,1.49864204959782,0.367195225404675,0.862335510307767,0.654023125551531,1.01292577120705,0.726707697032925,8.49963962601158
-0.371677530449415,-0.698984184272556,-0.748566736951164,-0.805670097161237,-0.0918886032247433,0.379151708399234,0.118019144674772,-0.334708267428355,-0.296135178758815,-1.01460146482969,-0.950644763359268
0.0334777549986964,1.18695097964937,-0.0487477531693951,1.45221344100886,0.790312950575972,0.547673169669675,-0.787937674118154,0.740006324964556,0.170409592348149,1.45848760401637,7.28769604739817
0.0334777549986964,0.39494090488874,0.492646332724486,1.33808169627779,0.456716013996906,-0.245628556391488,0.463146353721918,0.337153615189061,0.0897575920845974,-0.0979559697104223,3.58520189686003
1.45230976925462,0.43490778807807,-0.610263855313103,-0.105833860802076,1.28284551528023,-0.0612446894391697,0.957716229743315,0.556897148735222,-1.05320201088354,-0.509475448558772,4.7679519693683
1.11992544742839,1.85159049381892,0.139415455464473,1.4475136161304,0.484391629830833,0.746239634463153,0.331332717803819,1.28091745832963,0.541646313578,-0.381159492815723,8.1011970081034
-0.148578235369892,-0.803523787973258,-0.234845734483881,-1.67275870106244,-0.71288859462085,-1.67226929889476,-0.690233246035569,-1.03805588022485,0.371639777167897,0.119509349108308,-5.75879331654701
0.186322133400619,0.0386504214930315,-1.1554794904702,0.436818896752206,-0.652218114833842,0.0208629541828779,-0.188434321805907,-0.328317811631568,0.00938323564423614,0.166878869972378,0.368929564204778
1.23354811997288,0.494474925894263,1.49072014289133,0.144209758343029,1.24277331344059,0.153370128267842,0.349489324513075,0.496157949144798,0.553572420473071,1.13268917651319,8.1011970081034
1.13840777591605,1.32334283303478,0.70238665270488,0.626635417802707,0.583114025010368,1.05620918344407,1.49607151443575,1.19318202233454,0.990320642073186,0.38019812316761,9.95353823974776
-1.34827794636048,-0.187687268125971,0.803770440665753,-0.157154166820344,0.260840584387776,-0.18289421289038,0.386457054789522,0.0349688424013691,-0.000743291980029701,-0.851584337812251,-3.37498850620975
0.166316448441486,0.290353370785893,-0.646541054801187,-0.400210978096937,-0.831548574304405,0.294339292582839,-0.366209311207967,-0.717572233185347,-0.119310607196224,-0.526320313973978,-1.28118185687457
-0.908104002528902,0.119283677244736,0.3711626570828,0.113404380893993,0.133401365421143,-0.300269419455602,-0.411898458614766,-0.0674208000567041,0.553039225855201,-0.823212963825024,-3.37498850620975
-0.447661818628645,-0.0738583993163419,0.0539495766241834,-0.668523627034509,-0.210583910008486,0.882122557004227,-0.158642159064697,-0.440012678546315,-0.936192266530476,-0.743428860237288,-2.17817635139166
1.4361951825269,1.67855251441939,0.460073193292763,0.355615938743163,1.24689515904563,-0.047933002775941,1.03192329416955,0.369069575683188,0.584899750762511,2.0219945952007,10.7741965236255
-0.0593494852726013,0.439491152068817,-0.894111833405089,-0.650430226098015,-0.177082948563455,0.115310418177031,-1.51832762386012,-0.92440905535294,0.734187583424386,0.34926113740816,-3.21113681314564
-0.102469165301036,-0.738330014219125,0.0690437200131782,-0.415986787544391,-0.210583910008486,-0.527890380160684,-0.152335231646307,0.751475249541465,0.722097398237603,0.0856163711576712,0.0348222369332836
-1.24040363733747,-1.65284799658661,-1.89840593895925,-1.2172907600361,-0.857608465378927,-2.53154251566818,-2.54699253197971,-2.52707002940366,-1.25969585822955,-1.42100968277399,-16.6320556580564
0.298624966525093,2.13875132912291,1.05800163849286,0.415259029045583,0.5732517977083,1.02098836010433,1.81709928497852,0.887905676960629,0.247012410945285,1.68565155839159,11.4696705177092
0.453923977340025,-1.32350386726066,-0.234845734483881,0.616042670675334,0.0774689087255723,-0.985943465039353,1.08930751155947,-1.66597112141951,-0.0300879873565352,0.292445608476942,0.220930131042687
1.01235686242336,1.30834089738122,0.911373511336474,0.733453633291991,-0.758173023063691,1.07140394456932,0.193731957987866,0.649860458387792,-0.122510966768368,-0.0192410319303481,5.87298940150747
1.7591462365902,0.456207500884879,-0.532150457360411,0.672322511761273,2.03881050167067,1.04043712511053,0.745328496199436,0.939928247220878,0.607702486158795,0.784536850512501,6.97272778446049
-0.704895361200355,0.390451464406056,0.576993526339261,-0.502146458272559,-0.0635744850028506,0.388418943167509,0.78380762175868,0.885556879249964,-0.181744567865128,0.605510712550805,4.11970019422774
0.431368968627435,1.19048747576129,0.70314866801102,1.45884320285871,-0.758173023063691,0.153370128267842,1.19869771201693,1.42570214281037,0.567470388339272,0.715256557989535,6.8199635140184
-2.11443043379096,-0.299760919500401,-1.00331413406367,-1.90214941905155,-0.431872116389254,-1.90799680209956,-1.48980540967822,-1.58998736051187,-1.17681392859319,-0.470488033432004,-10.9179506529236
-0.643878052429516,-0.693081581698349,-0.650434490533052,-1.10411493817704,-0.611271460172884,0.26644781601932,-0.174745840500946,0.767674718634134,-1.59666515233811,-0.790361998228703,-4.33986617350716
0.591178526965302,0.188784690072805,-0.273561883390168,0.319259700723662,-0.212860990366668,-0.251877094365475,0.144493529942002,0.449011756343817,0.545409150530787,0.79122882199076,1.74739710271978
-1.11931719374121,-0.351393589863151,-1.54779464117494,-1.86751519043764,-0.988612356865846,-1.15366850446198,-1.72589364897781,-0.433256646457742,-1.63405846960201,-0.470488033432004,-10.6588739632901
1.34968175298939,1.65718104684462,0.139415455464473,1.18066942494245,0.125997805419576,0.0901597938950825,1.35026734364331,0.318992008255816,1.19053386695801,1.04195274051022,11.6955697124148
0.663891071046256,-0.664015300804316,0.836444445496658,-0.186284503932399,-0.644916478459125,-0.349801940101609,-1.27402570824962,0.488615101366198,0.612757527733899,0.34926113740816,3.20460087549289
-0.840862157927023,0.0435221644993444,0.3711626570828,0.163962917716546,-0.548094495629151,-1.83633457640916,-0.140438744040141,-0.265868002042773,-0.49171810780305,0.31157490509342,-0.90075840235284
0.30517220123028,0.534042833917467,-0.693628314521077,-0.375034254803976,-0.790832994354039,-0.397217160798279,0.954031161222688,-0.252723476630997,0.558960216094593,-0.374536307170622,-0.158734030499836
-0.71367647921759,-1.35410650265942,-1.83919447589944,-1.47739906992933,-1.55927002132426,-2.53154251566818,-1.9344131290121,-0.693722546741701,-1.20138865028027,-1.42100968277399,-14.008642454057
1.01235686242336,-0.412021529920037,0.326858949760011,1.33808169627779,0.639430899747108,1.78797260328152,1.15653550921298,0.281931849367482,1.59061342874905,1.8496450517504,9.51032744180723
-0.637809369530365,-0.693081581698349,-0.387765734850956,-0.805670097161237,-0.360441632858933,0.133955855142329,-0.727722252436671,-1.17547541698692,0.923348360965947,0.253543486171809,-0.800149858642749
0.462950751513987,0.274701798325008,0.690742092717598,1.36593626326056,0.181551767457422,1.42114609287285,2.42052489810032,0.705037869845315,1.62623170221431,1.0300007073631,9.76570909223303
2.01189692940876,2.25591289409753,1.98243971222549,1.94093487047211,1.69797522350654,1.77483133752099,1.06324125420312,1.44650950041711,2.44533665794526,2.29786010478774,18.6765841178094
0.0280893881924408,0.826871162041448,-0.667312449824692,0.984778379813657,0.0368525147154744,1.49915553269581,-0.0315461425698795,0.730082196152601,1.9183980322546,1.53805386742533,6.94978811727404
0.257658149752681,-0.834804901882851,0.21090273041659,-0.159186431111364,0.393103292767977,0.201085337865048,0.970357256554684,0.0861883366025437,0.92795080037361,-0.177688614377218,3.34362552607864
-0.672024004210033,0.32604790207246,-0.187003190003491,-0.159186431111364,0.406100171724884,0.175892653446273,0.377770213285305,0.150811510501142,0.156497075729579,0.274282154588313,1.82947734786694
-1.77970691560637,-2.32549273073756,0.438661016999142,-2.04777263588102,-1.55927002132426,-1.51059744282645,-0.436330081333695,-2.68533210770791,0.0417382323662935,-2.24674598112089,-15.0638907489098
0.537060035682429,0.601677927309278,0.242183711140455,0.185300056534406,-0.881759478654856,1.08642420069784,0.1615399358816,0.673440621948044,-0.964707323153671,-0.599726850840994,1.06954612038394
0.663891071046256,0.274362043658942,-0.667312449824692,0.441865445223242,-1.24058918912651,0.269878006878975,0.873503135482355,0.561489636860324,-0.75119860955865,-0.185268704800531,-0.950413133538891
1.03582439188914,0.398064382205903,1.35986808301308,1.20219856502674,1.08199435424253,-0.047933002775941,1.03192329416955,0.625708401077221,0.607702486158795,0.44375071211159,7.33544708538097
0.523016515347298,-1.03296023662816,-1.88567547636882,-0.47908965643025,-1.50197357336042,-0.591700757027193,-1.33028599700889,-0.23347728805876,-0.878618997093513,-0.675539207980407,-7.29893451486633
0.294226540315148,-0.699202845000319,-0.777404878170101,-0.766171591140886,-0.15946316856817,-2.13800861965339,-0.549676111766441,-0.462399461945273,0.291701565587096,0.299605105461669,-5.14156843293345
-0.193600583272,-1.00020654421097,0.281591356299998,-1.21274787433308,-0.15946316856817,-0.934158948444529,-0.388121827835479,-0.277544796975909,-0.130949220278672,-0.801869547024869,-3.43401815438147
-0.48284899694161,-0.511237848440991,0.393173072894584,-1.21578942405681,-0.569886442852128,-1.32633490549616,-0.339976411485682,-0.124232962279027,-0.646399930051564,-0.469573425345043,-5.10083920041342
-1.60728654552533,0.691242525370042,2.41795590012729,0.847974353374584,-0.408120030108396,1.77479318127758,1.4331872302601,0.417374851641001,1.67544329548198,-0.544778885601872,8.28338380423484
1.1378483408269,1.37959337459615,1.66673647460047,1.23344588602774,2.36196677712068,0.867099219151203,0.4208584476554,1.1539188760319,0.519864618273405,0.368650488350773,13.8712711578355
0.0027958069684489,0.628773436050357,0.00797003033794513,0.243138066176027,0.28178590537234,-0.0118011372305187,0.0802227042466945,-0.179783401658257,0.177680263520027,0.472886130505566,-0.637172967212613
1.28576920232216,3.44704209510083,2.27397674692638,2.29596985777738,1.47903847613338,2.57572875177997,1.22458554815238,1.14919871262301,2.42105772241117,2.07674991114824,19.8116751789219
2.4585225893275,1.22252362604569,2.00042192584638,2.30083093244347,1.91664656155178,1.36980035306521,2.50362280980001,2.22161761140193,2.02780290224706,1.95780215708948,18.9954221058315
-0.243356842430268,-0.0306342233658287,1.75521668588766,-0.33523453161855,0.556396329885075,-0.204544170494707,0.0668525021143587,0.835077110517993,0.578727278965488,1.28522437637969,5.66313684031096
-0.251978871508614,0.45477889224007,0.238160921622903,-0.0238833141300246,0.515911375357012,0.46844349898442,0.770314434581436,0.30225398475145,1.00308588225565,-0.706930486050346,4.70128368474716
-1.0686855378121,-1.19727731943946,-1.27843213914158,-2.08732234224112,-2.37487914186143,-0.584348903185499,-2.37669961344497,-1.44089957182313,-1.17681392859319,-1.70867491694719,-13.9029706704207
-0.0933587912723925,-0.816349693176386,0.777828799765139,0.182037553382759,0.153314203114665,0.299437176375266,-0.399775752785677,-0.0155978077186033,0.541483668250827,-0.509475448558772,0.917168271177818
1.23771523563301,-0.330126527941154,1.55930326613883,1.45008406616356,1.08199435424253,0.288992848799395,2.34118856060668,1.19318202233454,0.766106079408361,-0.0677782894562253,9.37853070053533
-0.738858795128733,-0.625600298996641,-1.60904938914225,-0.911066950516639,-1.81722430447365,0.0912609301218882,-1.33088055767216,-0.541870392512787,-0.190011582341734,-0.328486353849336,-7.81650252789999
-0.323103296600843,-0.825395411272548,-0.286345589110177,-0.284285368448448,-0.300360710678174,-0.614313441241691,-0.689693266493664,-0.203749684570528,0.222493505374868,0.0343369100042534,-1.89117711959139
1.34968175298939,1.65718104684462,1.4302410885398,0.98861680108378,1.3614801968112,2.2176472173676,-0.496546435739182,0.974652817412342,2.11000090278622,1.6295245568838,13.2719349809003
-0.379137684532954,0.03460707370307,-0.0187361137340818,0.114788674500728,-0.0635744850028506,-0.276421532148975,-0.445097666502071,-0.0674208000567041,-0.575883326052361,-0.594875804914995,-1.31353050736
0.918163361626717,0.621289756923574,1.15400238006046,1.42668401894475,0.742376476090009,-0.047933002775941,0.349489324513075,0.245827571649103,-0.977117095359466,-1.04265472485385,2.03851061328192
0.613014211580141,0.188098918210189,0.358721748055644,-0.295980497592788,-0.399467810190985,0.516232256873921,0.156636311571701,-0.534416307676632,0.541483668250827,0.0871697541113535,2.58727666039646
2.28043546719891,1.48569895685623,1.45194658192374,1.25582901777257,2.33788930377561,1.69244881469364,1.57387458054672,1.55257440924202,1.49867382987716,1.25168570796748,18.7286003534642
1.09342080385756,0.727621456534552,1.29580531170998,1.2873337327142,0.313943793806878,1.28241332493876,1.17253881334676,0.474317956257274,1.12754650788978,1.59867321237821,12.2245284889062
-0.630033952830258,-0.388098561304461,0.785646348527084,-0.159186431111364,0.641533560712062,-0.298744761338392,0.236901115341621,1.29988634097623,-0.130565176621495,-0.959033866080224,3.83202373988622
0.90929228586996,1.20937569680524,0.620815059036632,0.093296448468165,-0.485596512290455,0.148767961484775,0.846037798192782,1.59429901194234,0.222380040586891,0.942708553878108,8.68145297090022
-1.22185679589983,-3.40294727251353,-0.775865341011911,-1.66104691481674,-3.00036028045282,-1.63567951349055,-2.4515500036207,-1.44127333704376,-1.5463127913371,-2.29024898186177,-21.0234433710639
0.214083849830697,0.139216931590157,1.20493052323405,0.337581469412495,0.374704523961057,1.65276499316427,1.84824109258688,0.830422701639107,1.32590147261027,1.49346588011202,11.0563445841197
0.35783820457835,-0.00469501944610216,1.26200534364813,1.26582525888184,0.80155167692161,0.204674798720737,1.62202800535066,1.64782902949513,0.334468234103395,1.16273552234609,8.42368432430923
1.68349765274821,1.00222221514099,1.15191271504867,1.9647743702202,1.03182712167546,1.6616735576781,1.32382816872659,1.34388892421834,2.1773378053385,1.63606755011732,16.2954809146151
0.910069659900623,1.20937569680524,-0.532150457360411,-0.077495025980738,0.942345095769699,1.18631643574987,1.10219993682587,1.98847061108004,1.39545355158212,0.0269468873246331,9.93726949649055
-1.96685974471867,-0.740548459331977,-1.23694950067415,-1.90322666611127,-0.655366786034286,-1.10934718819645,-1.72589364897781,-0.548023128951138,-0.204488849866012,-0.948126594094102,-12.2016529317907
-1.1763059906959,-0.653994159070103,0.58309732825995,0.189539344787076,0.469245768967889,0.898318051385791,-1.19087110560799,-1.66597112141951,0.348932724975111,0.727017446698617,-1.24654803608777
-1.6694015047265,-1.48633454451217,-0.746005327655519,-0.251579139033369,-1.34313982383841,-0.387731295205878,-0.394308882159203,-1.60767669712625,-2.21441329998967,-1.56030665389139,-11.0415638576971
0.47199506220873,0.694372595260078,0.389470773655246,1.09295991667878,0.708821393419243,0.336648555295801,0.234197724094179,0.388048834904067,0.549646618651843,1.16273552234609,4.73278738122066
-0.283294690610458,-0.184682360254008,-0.531644701256774,0.0873989643952587,-0.349672107349702,0.169793501945714,-0.0910512803212083,-0.244805933000616,0.495800286478968,0.15252641402035,-1.20247689396491
-0.309633568690568,-1.65872352731324,-0.332333823483051,-1.12906487596406,-0.848594324469853,-1.43911507302212,0.371466068256374,0.214054997565253,-1.32295214122823,-0.912296418303331,-5.80842431576925
-2.22067257878731,-1.21727758642975,-0.376558968700231,-0.57235846955023,-0.152080234018199,-1.90571268149933,-0.502453145278498,-1.5900288315508,-0.989520849907939,-0.852627583948642,-13.1611389091429
-0.00444874674807808,0.364180460529547,-0.179072985168797,-0.638358964512386,-1.22679836777357,0.950091839343865,0.622768559800745,-0.160754464366118,0.156497075729579,0.806150844312973,2.34219940052668
-0.670869608547533,0.32604790207246,-0.187003190003491,0.433555140651126,0.616790237468513,-0.459023023623603,-1.27359965794409,-0.682525282090174,-0.828402797450706,-1.2886552773533,-3.28082344693718
-0.380561042843693,-0.205736706170832,0.58540018304893,0.168195087389616,0.287775116992465,0.325223678819127,0.0802227042466945,0.817036895431287,1.36844680449903,-0.549762101239748,4.41315047017118
0.317158766338406,-0.33963464218933,-0.883475119723316,0.0124779002458624,-0.663081062150079,0.404924464371971,-0.845985827358286,-0.682525282090174,-0.662050897190892,-0.79111640566076,-4.67636193705665
-0.707969035754513,0.390451464406056,1.75521668588766,-0.431188279524598,0.557606664866408,-0.535845888754634,0.0802227042466945,-0.231354377345664,-0.453137912673884,0.376932103025728,1.35314120310563
1.96492900534812,2.25591289409753,0.957490154937113,1.37415446937611,1.73630729434753,1.30723961209613,-0.496546435739182,1.87518200517007,1.34064452984426,3.30764420420229,16.4959300384669
-0.379137684532954,-0.205736706170832,-0.748208206966384,-0.578569130356626,0.17174305997382,0.55344449849525,0.355758397885029,0.142370219731726,0.569281309829107,-1.07874599993811,1.83024913481887
0.910069659900623,-1.66441891283161,-2.12724724754227,-0.211214373155274,0.67305226659514,-0.99701284443264,-0.364852584307451,-0.865843569053018,-2.24937367124244,-0.675539207980407,-8.18146745210518
0.81291664524117,0.384364883137339,1.12903194384401,0.193487116856425,0.752259706780428,-0.24762954222035,0.322508896135519,1.73901605789807,-0.0185630876161664,-0.688046161574424,5.8344262612331
0.476144792530324,0.694372595260078,-0.0101585871383772,0.11521021285698,0.557606664866408,0.850769882106026,0.978892336087764,1.6768106690992,0.0646701930346051,-0.167039319248704,4.73340789877343
-0.130148802597868,1.03843070808303,0.409256408742577,0.337581469412495,0.0176902042467229,-0.307141788776541,1.47912531571493,0.0149696971837717,1.05297963227122,-0.291097385097332,5.20212930089942
-1.93832813614055,-1.07171009569801,-1.46028401524694,-1.08629669869828,-1.07076643201016,-0.600668159103502,-1.49766121310724,-0.724555598922573,-0.0209253679901994,-1.2962613472118,-10.3594156137955
-1.78156688018443,-2.09803475707845,-1.51014337653135,-2.10749090342242,-2.27692386300017,-2.36381858977048,-1.65034388680403,-1.7293108739152,-1.25969585822955,-1.41515474830302,-17.3731126449611
0.546380602871511,-1.0936148381339,-0.649396131811976,-1.18614860339513,-1.19866670566205,-1.34780491815322,-1.30222400665944,-0.23347728805876,-0.144743918046991,-0.328486353849336,-6.83049305295606
-0.361670794334169,-0.688604139361829,-0.898067905105878,-0.537315937820991,-1.19866670566205,-1.02334324577147,-0.302874774294976,-0.462399461945273,-0.300286324281267,-1.00261264880464,-6.83796804231552
-0.203456817046825,0.347583018541834,-0.485835089856936,-0.550121071575615,-0.625803520052541,0.231539580032563,-0.651647750312131,-0.248728737366894,0.37912041302187,0.0856163711576712,-2.27528096171393
0.618201110151684,1.38887615494364,-0.642017517627586,0.61727086667062,1.49864204959782,0.336648555295801,0.401919583354799,0.979614432556218,0.394197246127846,1.2389531977253,6.89173901729656
-0.48284899694161,-0.0465564447307263,0.0539495766241834,-0.623759793155252,-0.24507190252665,0.802445293572452,-0.430726823187955,0.10155992995827,-0.366108494712906,-0.154733216204992,-1.88278705904918
-0.102276571626385,-0.738330014219125,-0.540948204265171,-1.2429192951461,-0.116439911680089,-0.393135662342682,0.194433910649125,-1.59557312554871,-0.801571167447659,-0.921774286753842,-5.96659733123586
1.38506254194346,0.659933939081956,0.426152749958887,0.615081947415049,0.234105638609142,1.42114609287285,1.0477093061069,0.520775772837444,0.211491443098267,1.59932386146128,10.6754298626512
-0.234092256025179,-0.1806533450645,0.5712382595447,-0.445400039893121,-0.0972145918763986,-0.551586553189914,-1.51832762386012,0.207314140604079,1.22661568594856,1.19542819935635,1.51122961728087
0.28175105030129,0.391642034987101,0.528180672228288,-0.0580635793290083,-0.975036981226993,0.221504709198834,0.116686029254502,0.817036895431287,0.209422968880567,-1.07874599993811,4.00286244850404
-1.96387155113673,-1.07171009569801,-1.46028401524694,-1.51567069718682,-0.913728359994638,-1.47793969792189,-1.84837518374066,-2.96987716476689,-3.1855231088284,-2.23420774949347,-18.9743493432774
0.196223879918548,1.24907972113607,0.689344531620326,2.35338872518666,2.63381058875284,-0.142361515981573,1.30504786085469,1.00716308315015,0.668063089627545,0.431566284249238,11.5192613250509
0.0027958069684489,0.628773436050357,1.11851210314394,-0.294746628412219,0.3066669767208,0.586496531658058,0.412791756998824,-0.0356917012753729,0.24247358165167,-0.778256614416838,2.57742373650085
0.272548421226667,0.172985164656965,0.0898641897567646,0.0280582343051465,-1.31443317631361,-0.825975799281523,-0.0524024693383828,-1.05765403218763,-0.130949220278672,-0.358444042262904,0.114954616402146
-0.953277716476932,-0.320490588128633,-0.898119401896008,-0.47908965643025,-0.899085281525164,-0.738171356397265,0.319389743665939,-1.93536853068333,-1.66816132645342,-0.325381825500854,-8.76582015847637
0.768697784732489,-0.0792691655432666,0.726219449073934,0.573029593469102,0.104201748865744,-0.43689641761351,-1.27350603287148,0.405670183988215,0.997202190886026,0.942708553878108,4.35938471961281
1.56477856593882,2.83364970303387,0.567984673203015,2.80639988699559,1.91664656155178,1.27980025201486,1.19263057738026,1.16462318660774,2.16626178692069,1.77373545761109,18.2363979759835
-0.0155414950160249,0.203492545857185,1.30987500289672,0.512937603924548,0.160406563628188,0.178496341824336,-0.268938571779103,0.315515339974568,0.119936432327345,-0.67553377423833,0.639114028039685
0.703255823212142,1.7941661028573,0.402429602292938,1.42416623586662,1.92691441294932,1.51369907592966,0.532456881394358,1.22298521306333,1.57397020982276,2.09038181231671,15.9686683610211
0.618201110151684,0.207697149469044,0.749768219372699,0.560762649198843,0.224898236192177,0.117157415098256,0.581307554083577,1.01333628065894,0.645237418774782,0.679569819497305,7.02271939020579
0.257658149752681,2.13376790500216,1.66673647460047,2.53637841755821,1.92238631891684,1.58156626617673,1.64830835781426,2.75008114436075,1.89242183608964,2.43790487632669,18.6028100494725
0.0626028760531277,-0.0786707103001138,0.717711674464213,1.31543352517739,0.224898236192177,0.367195225404675,0.758199630191445,0.258193070901747,0.565535765622385,0.672670961065629,6.19607855922378
-1.96387155113673,-1.09375817105047,-1.44842475995731,-0.590009547128205,0.119094060664262,-0.448347794769983,0.319389743665939,-0.479242646726039,-0.363742009434447,-0.455818718712228,-4.85138135272077
-0.449739220540602,-0.254548612696799,-0.73055885381143,-1.05120188066403,0.595838153136733,0.553776848953258,0.355758397885029,-0.591780230520533,-1.08439308323339,0.772648885602409,0.231228482026108
2.01189692940876,1.73282929786091,1.20137228975907,1.4784030640297,0.703157719223911,1.30989584207115,1.15961622425548,1.21713737100091,0.564348506861158,1.2272684015525,14.8664198782526
-0.39866763546316,0.398435605066481,-0.311702333996994,0.663679066970257,-0.944492767922198,0.585971220525301,-0.264173487703865,0.656040935319971,-0.323005953607433,-0.00754717012119308,0.515585152493453
0.312578602209643,0.675982276724667,0.951649862196634,0.152089491094288,0.374030126558623,1.18631643574987,0.466626511939456,1.22498672194231,0.565036492202905,-0.203401724980026,7.65023002943792
-1.83272882156421,-2.47288913229687,-2.18897808773423,-1.15819249792152,-2.33348537658128,-1.32833610722527,-3.05306439499138,-0.153828519705243,-1.69523861421265,-1.35540238064489,-15.5043958469193
-0.208265834504303,-0.495578486646122,0.3711626570828,0.87792915798072,0.83635503175334,0.30804296198849,0.0190112289315694,0.761144019424551,-0.33729771464624,-0.274898085079757,3.52587298166516
-0.672024004210033,-1.17400176616445,0.5968917219949,-0.506006527065906,-0.258750761087352,0.629697510347083,-0.70944599545245,0.341153116051948,0.665014914356853,-0.106489570517688,0.499726163195391
-0.330433448261178,0.357267525570808,0.849809241720036,1.09035609645662,0.160406563628188,-0.0507877224054295,0.565700426410151,-0.734223110547909,-0.775266262902521,0.679813117092642,5.59163232435489
0.35783820457835,0.715620872530724,1.388543463632,1.23068074775223,-0.758173023063691,0.429928602411989,0.545557442433916,-0.227000445667117,-0.564206831488242,0.591833182507982,4.25236456221246
0.607097938190553,1.30640252506151,0.693364015772518,0.746229080580578,0.884997353884679,0.207458295359013,1.46050675299509,1.03133688071493,1.08976723259969,1.53805386742533,8.30250099215099
0.638996488615817,0.0195561014069774,0.104872458894022,0.970933490842016,0.143719808794887,-0.329135711133982,0.187889135261763,0.279666106099368,-0.453137912673884,0.728411556413539,6.14447127533845
1.31342084176002,-0.624233953084289,-0.545526626465378,-0.300580592717982,-0.955008764519066,-0.647450166610703,-0.137085700688314,-0.270225170642655,0.37912041302187,-0.594875804914995,-0.887786295133302
-0.260568077394041,0.393872400441577,-0.485835089856936,0.663679066970257,1.25429430292047,1.2406358352386,1.10219993682587,-0.227000445667117,-0.093039163936968,0.299329383594792,4.62134114947387
1.34200462081198,1.65718104684462,1.4302410885398,0.66035944347801,1.28554215144567,1.11459036846932,1.30504786085469,1.59230185008225,0.903476176431699,0.862395275809456,12.4889578697308
0.196972449223763,-0.247676164069248,-0.19934836225957,0.663679066970257,-0.293489164306605,-0.507487220776132,-0.0781913673074343,-0.628110901118676,-0.361020313847425,1.39176587190113,0.515585152493453
1.03582439188914,1.1076084203574,0.620815059036632,0.000229158161116644,0.966381654422137,0.53757249541828,0.742286151897928,0.645099037611394,0.920809533324056,1.72656201531753,9.8828885037404
-0.00444874674807808,0.578715251264936,0.722356447061267,1.22016406739024,0.790312950575972,0.336648555295801,1.10219993682587,0.709603881063096,0.774273700088292,0.362364701099822,7.92969616054873
0.332718340578836,0.247957885545798,1.72811798636261,0.00162579082703484,-0.244769697770243,-0.116352044927104,-1.07025037222303,0.899833342310761,0.160163805570828,0.519363973264582,2.94198960984251
-1.00573354615997,-1.05815411712712,0.488080375014257,-0.537315937820991,1.36230889222149,0.882122557004227,-1.11921540715601,0.197349952478492,0.545409150530787,-0.509475448558772,0.767821025213866
0.714673436651593,0.948155134058335,3.43286106534951,1.1571989150107,1.15638104540556,1.6616735576781,-0.496546435739182,1.4832435772474,1.19427844161823,1.17436899182717,12.4162783943482
0.546380602871511,-1.0936148381339,0.699661506275285,0.204380533392177,0.508654623495508,0.474116031007186,-0.041154390040045,0.138392099008284,0.0887870574154075,0.0555277180762519,3.88694383115583
0.0431290702484197,0.110250183880379,-0.780642656405438,1.43224118702032,0.246913140385221,-0.179885078562613,1.00993084252443,-1.20123068665777,-0.575883326052361,1.10841809372432,3.15872724996009
-0.374342754038463,-0.808413329406885,-0.133836282262236,-0.929044002741928,-1.24951767854819,-2.08126297760982,-0.682416488650192,-0.915837823965741,-1.08672436731372,-0.948126594094102,-9.13723879546091
-1.17353647264475,-0.805391806446362,-1.39112335487791,-1.77943886531304,-1.2329435660342,-0.31384252194506,-1.98047416110445,-1.39848874240472,-1.91511835477714,-1.63111103585052,-15.0638907489098
-0.114801869788824,0.0223386752153608,-0.783874255132919,-0.293972867813197,-0.0949759450377651,0.294339292582839,-0.694275007520181,0.918890120643437,-0.0748094032998115,-0.360071277143657,-2.35026335172217
-0.203456817046825,0.347583018541834,-0.0095283645188709,-1.12112944568074,0.930603762055935,-0.128456692272528,-0.158642159064697,0.658599208518362,0.0126694964716614,-0.422538218489584,0.596836032567348
0.196972449223763,-0.247676164069248,1.10903909169933,-0.529927550348959,-0.23231341862741,-0.298744761338392,-0.586974853557544,-0.155832702883447,1.02927854437772,-0.561425490418574,0.0437084062644709
1.08501847263319,1.1431808222667,0.454651969639626,0.48432045907811,1.94565613288803,0.936927773009871,1.16687974032061,0.474317956257274,0.0239265273463679,0.331004512315296,7.33544708538097
-1.78156688018443,-1.01529103032598,-0.828748767418402,-1.42440884193754,0.119094060664262,-0.344553513548085,-0.339976411485682,-0.479242646726039,0.291701565587096,-0.558077618426609,-5.36679176274896
-1.81108810927446,-0.192097333946449,-0.99118761803844,-1.88634770997815,-1.68004884071792,-0.31384252194506,-1.98047416110445,-1.02238073887826,-1.63405846960201,-0.586806415137094,-10.6624494436059
1.37256010501965,1.06874247231838,1.30703839711762,1.10986399493107,1.83304609795291,1.51369907592966,0.982860307832934,1.87518200517007,1.66750180849138,2.09038181231671,16.9909414111172
-0.10105918854393,0.864654963438102,-0.636442960819826,1.02112774209447,0.324322675195195,0.0807286282396714,0.491106147033153,0.330678884097025,-0.00255519825464557,-0.587443180513871,3.59349114531054
-0.447661818628645,-0.0738583993163419,0.262643497737221,0.19556470280351,1.11529082296502,0.908615186201075,0.978892336087764,0.258193070901747,-0.0237587610165075,0.942708553878108,3.4997006192214
0.791368781595932,0.448424911972314,1.09662007096475,0.193487116856425,1.02905862293694,-0.245628556391488,0.978892336087764,0.753442784690158,-0.977117095359466,1.00871669982537,5.63514884040913
0.432360344015674,-1.10310212383142,0.00370626572012889,-1.21578942405681,0.647243817132943,-1.46346933642101,-0.363551030998512,0.124849618352768,1.19200278521527,0.285107392865877,-0.736950262676473
-1.29924141371172,-0.672108819891654,-1.39112335487791,-0.783090653212727,-2.91695278193759,-1.66746204830892,-0.666416064291063,-1.58998736051187,-1.33812195096253,-1.51994677599628,-15.0638907489098
1.81114107880274,0.166808162485888,1.46344349809512,2.61730804122767,1.56952647881256,0.349790519420952,0.77291835680829,0.81730413279476,0.11278623333153,0.540226749251783,8.88041541601893
-0.725130242866806,0.951123637043283,0.366012001742778,-0.391253619219229,-1.11374421563672,0.0208629541828779,0.362009168780946,-0.155832702883447,-0.812434672078191,-0.295928477453121,-0.518823769324005
-0.265026766118492,-0.7042397972775,-0.234845734483881,-0.169910860555664,0.00213063983983624,0.802445293572452,-0.160013210198167,-0.507453874091411,0.226319823647197,-0.3721903096529,-1.21839233636512
0.418094066622439,0.129982094602926,-0.285846420131599,-0.375034254803976,0.341628939459344,-1.26670499148719,-0.225410654170393,-0.241028469812741,-0.170342357182027,0.451986940970433,-0.459018103772233
-0.0933587912723925,-0.816349693176386,-1.17682707960927,-0.479373804775073,0.124345869471136,0.85994366844007,-0.367003100031056,-0.586730205480613,0.0889126938939601,0.46912479220856,-0.376707712659946
-1.01688431533811,-0.624538215115442,-1.25900901707371,-0.424922522632084,-1.08788450960569,-0.591700757027193,0.986846916441278,-0.0797045014307137,-1.1444208836589,-0.72021138124711,-4.86168581792182
1.7591462365902,1.34028891524222,2.21657343673094,1.4784030640297,1.92238631891684,1.69244881469364,1.96551850700119,1.14364589880106,1.89242183608964,1.77705916469297,21.204298945311
-1.5916157590979,-2.09424230128542,0.290393246301958,-0.987878595965505,-1.80821756108983,-0.023272976724511,-0.386109756137334,-0.624214751960805,-0.594349926861681,-1.0570916954524,-7.16515124513
1.3228963841591,0.978554312717413,1.16789132795911,0.63434689867066,2.28523856513835,1.84746685408459,2.10402930131354,-0.199060054226309,-0.0907320659388286,2.1882635465357,14.0940732244174
-1.14881763808605,-1.41102904499749,-0.106901158658411,-1.11384077798539,-1.82217743915168,-2.35910014476723,-1.45069004227798,-1.33051918876344,-1.39873624692277,-2.87632828050877,-13.566090526882
0.816983715433575,0.384364883137339,1.12903194384401,0.193487116856425,0.293296083177706,0.645533235793557,0.226506878744727,1.42570214281037,0.565036492202905,0.826149845201752,10.3008851318154
2.49036683627655,1.22252362604569,1.23933709988955,1.64365897630513,0.703157719223911,1.30989584207115,0.69131321958774,1.91586719274039,-0.100251979922464,1.69151050784123,15.3391841783891
-0.741362287758905,-0.635210697214575,-0.416019239892447,-2.86737008190499,-0.608929116778089,-2.07775165127221,-1.18516951307626,0.35517592453726,-0.657285343741597,-0.0706156058509511,-10.1374300976238
0.352067376004572,-0.00469501944610216,-0.622146133372069,-0.777436026462144,-0.0818250327685913,0.231539580032563,-0.367003100031056,-0.59861576507123,0.454702174208834,0.34926113740816,-3.37498850620975
-1.20806349292565,-1.09982124280096,-1.00331413406367,-1.67823550598161,-2.09961186455939,-2.53154251566818,-1.9344131290121,-0.428040226310049,-1.33812195096253,-0.264970065962426,-12.1485364962103
0.446405505970709,1.49950238814604,0.118206203366125,0.0352575605089012,0.534988923711397,-0.224507076191585,0.581307554083577,-0.317077522795636,1.00118768785532,1.11876730003546,7.81572008849463
2.47207077859063,3.57404414115117,2.27397674692638,2.29596985777738,2.33785048980657,1.27980025201486,2.33894070634665,1.82764181200099,1.57302829700654,3.0801899333973,24.1280295728784
-0.48312242412506,-2.32580545270781,-0.973906494309735,-1.90322666611127,-1.10085994460465,-0.137909564027213,-0.332978015746169,-0.992145240157354,-1.23255644292704,-0.791498320602152,-10.6761218767588
-0.148578235369892,-0.764089951020945,0.777828799765139,0.114788674500728,0.0903779305788073,-0.276421532148975,-1.01766200693703,-0.328317811631568,0.722097398237603,-0.272688471763975,0.51531148489257
-0.721194943746837,0.259182282076205,-0.213075892624102,-0.854082867969984,-1.28068371227866,-0.49864719333616,-0.275085232289749,0.0195539512505103,0.204315571490081,-0.606036323011769,-0.693551701310241
-0.698363868377589,-0.0520831953129195,-1.24339382848121,-0.00656637751899619,-1.1725342413791,1.7459689840141,0.0932268295654428,-0.628110901118676,0.37912041302187,-0.959033866080224,-1.99640604345712
-0.24836759901912,0.37452284245038,-0.0095283645188709,-0.882240008726798,-0.85339761132714,-0.527890380160684,-0.426223293890975,-0.377101707449053,0.144023109753122,-0.309609564531125,0.114954616402146
-1.48297979068448,-0.219629507694262,-0.0173895936186979,-2.86737008190499,-1.37803255529397,-0.745944223237329,-1.65543902793736,-0.691981850137008,-0.550712674100235,0.15735754560357,-8.83201950952939
1.6857666938415,1.2436829353212,0.426398056452637,1.05042365007144,1.92691441294932,0.43698252346088,1.63157194635901,1.82429992766971,1.06510180009897,0.431566284249238,12.1873539770351
-1.88614851844683,-2.18201884568807,-1.92483931208917,-0.796677170009807,-3.00036028045282,-1.21995299094588,-2.03903477132196,-1.45665578756767,-1.8296677405647,-2.23420774949347,-18.1124559823834
-0.379137684532954,-0.205736706170832,-1.25519406625525,-1.80715827457712,-0.491140173619362,-1.49601184509462,-1.38506640206054,-1.16820832086893,-1.45870574182825,-0.435241489398328,-6.47185218054776
2.00007090104763,2.25591289409753,-0.021780125023343,1.9148820315444,2.00330272681182,1.69244881469364,2.3286433782064,1.28987326651169,-0.100251979922464,1.55198257804259,15.7671552679845
0.739022908681262,-0.217475695088501,-0.00501368007086634,-0.852699248139721,0.393103292767977,0.09236910460871,0.304841326669945,-0.205349183454174,-0.355752708198432,0.316348354292179,-0.0978847422212994
0.0956643173248843,0.316992062841872,-0.894111833405089,0.348385061320546,-0.0972145918763986,-0.368779065375561,-0.70944599545245,-0.241028469812741,-0.119310607196224,1.45227383486656,1.45799453952267
0.0334777549986964,1.18695097964937,0.911024148787636,0.364320751747788,1.02905862293694,1.04133347244123,0.911900464717234,0.92901038727337,-0.284417817936381,-0.335523893735216,6.41370770460957
1.95204743058697,2.25591289409753,0.957490154937113,1.00916801896104,1.15920806432949,-0.142361515981573,1.11565414127301,0.669285843039571,1.13259074150953,0.60737223625577,13.3549688258328
1.13840777591605,1.32334283303478,0.844208511042861,1.64478227400488,1.66455836712697,1.85185510973462,1.77572298908877,1.70045318542603,-0.0642764124741155,1.2272684015525,13.9904777219814
-1.00573354615997,-1.05815411712712,0.488080375014257,-0.537315937820991,1.36230889222149,-0.0218968880592611,0.117545077989562,-0.670304074415572,-0.458883340643054,0.218310726675373,0.220930131042687
-0.449696613710001,-0.254548612696799,-0.73055885381143,-0.388343445909667,-0.73035946045966,-0.036041841760383,0.396878516663959,0.751475249541465,-0.147522289391825,0.446686751734481,0.499726163195391
0.215559758367601,0.411660273841437,-0.209695781435589,-0.478361760356108,0.133401365421143,-0.753444928634261,-1.24993398635356,0.547069079228415,-0.8661984229131,0.5354397716487,-0.469022748368886
-0.212255904342033,-0.495578486646122,-1.24339382848121,0.0665143366795705,0.647243817132943,-0.280457874961984,0.263032004652904,-0.270225170642655,0.0740619342738902,-0.569244216955119,-1.0006732159829
-0.356501863239101,0.649280572426313,-0.14818493828889,-0.653333173623602,-0.0893883912248601,-0.551586553189914,-0.651647750312131,-0.233160710690026,-0.673634717677462,0.301700513050948,-2.78293009131125
-0.687646314114558,1.15344640394526,0.914588125218538,0.573029593469102,1.56663529461126,1.42114609287285,0.189240867258986,0.988914981073391,0.797460757037691,0.0269468873246331,8.49963962601158
0.196223879918548,-0.247676164069248,0.583751998150455,1.31926598151474,0.658403632948388,1.13112156324634,-0.625392207106629,0.258193070901747,0.308140503363822,-0.12509064108995,3.44784452986528
0.899034920198647,-0.0340503646818602,1.55930326613883,-0.787170549451729,-0.830171146882414,0.325223678819127,0.233599189309301,0.00686839995899779,1.17683196681582,1.28522437637969,5.86574610405446
0.159223773206959,-0.653475988416114,-0.985960344668228,-1.2429192951461,-0.269140902257239,-1.00680770383921,-0.814472226381038,0.0238238772639016,-0.548116215965658,-0.327979348593612,-4.89361617657879
-0.458019941205877,-0.89820194939643,-0.492273077298164,-0.537315937820991,-0.691115505063171,-0.432280939039158,-0.537493511881802,-0.22619221738261,-0.77614255278957,-0.183258838410791,-3.94048185075744
-0.0174682935392288,0.203492545857185,-1.0287471024255,0.178283107423708,-1.96524111893013,-0.307409796314501,-1.27346356150107,-2.58050508163746,-1.67611762250211,-1.02042629562907,-8.7383843802395
-2.46073165752181,-0.294772251572545,-0.896882374561415,-1.0855570001762,-2.19509246441805,-2.07775165127221,-1.92036579906546,-0.559192133287729,-1.38243850189855,-1.95107392619695,-15.3964289009626
-1.44625987300445,-0.171634624946368,-0.527827431856504,-0.523926577809236,-0.733520614231052,0.114700287220054,0.320200372953016,0.552711907732125,-0.293253163199865,-0.606036323011769,-5.0379508518483
-2.40815699694289,-0.294772251572545,-0.385604425180442,-0.0449119618065605,-0.269140902257239,-0.755751384721496,-0.174745840500946,-1.20035410580136,-0.11131435138895,-0.801869547024869,-5.36679176274896
1.28779775414381,3.44704209510083,2.27397674692638,1.45875576113571,1.83628902605012,1.27980025201486,1.46239655061092,0.988052212362235,0.778658442592075,1.73060875330624,18.6897801418491
-1.07622987516027,-0.750677501016227,-0.718768929641374,-1.16650854300291,-1.18725734373926,-0.448347794769983,0.0284947039118025,-0.505993489395451,-1.17696086447747,-1.30577591194971,-6.91391283292377
-0.03688913124755,-0.377771594956189,-0.395545522649978,-1.21578942405681,-0.374796424304993,0.320639094138831,-0.821242557578185,-0.595274591258398,-1.02013892424355,0.299605105461669,-2.74174424641665
0.791368781595932,0.999094658295714,-0.0968959089502219,0.0193021785301929,0.207677483725844,-0.307141788776541,-2.16264016750317,0.656040935319971,-0.422250253452512,-1.07874599993811,-1.319517081148
-1.35070813744103,-0.395825147482971,-0.773495807911519,-0.333969541585514,-0.124471563910091,-1.32633490549616,-0.569323014125994,-0.808391019931741,-0.651138798176043,0.207780918205452,-6.23585913421655
-1.80224103115,-2.55260710556651,-1.98460318032856,-1.15819249792152,-1.78300179568406,-0.565028348564808,-1.08017182131962,-1.28383400781871,-1.21633210121052,-1.55384582364725,-13.6180482618395
-0.330433448261178,-1.01326051578465,-0.0985591157613139,0.262613016171123,-0.293334435708408,-0.285367092523,-0.145080215651519,-1.55354457773067,-1.47884524718452,0.0959731110294885,-4.42273274611873
-2.5248556808896,-0.727414605533565,-1.12559255955151,-0.949283860731225,-1.34573489805222,-1.1916192786815,-0.417178509406482,-0.724555598922573,-0.841094853628999,-2.22497664376748,-11.5848222142407
1.22998024029699,0.494474925894263,0.70314866801102,-0.00390989284241737,0.292976930977058,0.219448092252928,1.04533469819944,-0.882555668839358,0.139302935662172,-0.688046161574424,3.66127435839802
-0.866120355085052,0.392657740134567,-1.40267787594918,-0.663481596241481,0.00407202321372192,0.629697510347083,0.22470159371351,0.918890120643437,-1.35226368763614,0.791263867540413,0.162056075572191
1.7591462365902,1.34028891524222,0.703744915126134,0.880586568941437,1.2871139983791,1.80711141617871,0.169322572288265,1.13107036724583,0.920635975841478,0.368650488350773,11.4696705177092
-0.980119839267403,-0.505744393654423,-0.240620948206374,-0.0483582895456043,-0.300360710678174,-0.788500619178152,-0.779359204202161,-0.124232962279027,0.556709670640489,-0.183196452377329,-5.0379508518483
1.34200462081198,1.65718104684462,0.139415455464473,1.57980360324658,2.63381058875284,0.370635383259732,1.15961622425548,-0.294810234518079,0.45409663419449,0.431566284249238,8.28142862712501
1.06150694749741,1.89545784825914,0.139415455464473,1.07150498239715,0.394503750485953,-0.134973914267202,0.707430354070144,0.66612730919436,-0.493001044510266,0.672670961065629,6.39023365777748
0.0431290702484197,-0.146147818713556,0.492008879157486,0.343288071966477,0.394334666718968,-0.535845888754634,0.0895558027018642,-0.380879732340607,0.156497075729579,0.10815022483686,0.472596864785132
1.22998024029699,0.494474925894263,0.70314866801102,1.35475271754081,2.20835088110336,0.724675568668735,1.28073354425898,1.96077183689794,0.927788229288237,0.483409578279358,12.8700336831
0.679172343005065,0.3260627419238,0.409256408742577,-0.638500340390676,0.388611065252811,0.453481585296426,0.279435289057545,-0.0484591527781776,1.36844680449903,-0.32657985702877,4.35938471961281
-2.06560972047382,-0.828279128457378,-1.04900386187699,-2.08181983539771,-0.832671135399695,-0.830542035779692,-0.332978015746169,-1.21114884951883,-0.447594500017139,-1.7591016821798,-10.2207742561583
0.607097938190553,1.30640252506151,1.58987304353641,1.4475136161304,0.963176744600873,1.11459036846932,1.70080002674064,0.694428298400964,0.11278623333153,1.79592843154949,12.8700336831
0.546380602871511,-0.108576487855641,-0.312005330902779,-0.279575172293988,0.194300440373761,0.330782994681448,-0.264173487703865,0.449011756343817,-0.714089403876949,1.63402850704087,1.10866872865383
-0.379137684532954,0.03460707370307,-0.342215120994972,0.0749770374057299,0.645092838840108,-1.26670499148719,0.766109561988287,-0.681113638422282,0.00938323564423614,-0.644288218474728,-2.24709585075932
-0.738858795128733,0.191701128366168,-0.767689559105993,-0.106442408876479,-1.15301300110824,0.243318833425418,-2.22388014942041,-2.51239831958127,-0.190011582341734,0.137605053260569,-6.39171566360473
0.497308185759319,1.32547542929771,0.418773869582733,-0.0267834735671521,1.42937670358035,0.00199223021841282,-0.499560786739814,-0.292024818597231,0.340461116330433,0.989065972804567,3.38705276238705
0.305470489698325,0.534042833917467,-0.693628314521077,-0.375034254803976,1.36967253190028,1.36745050230476,0.862335510307767,0.97807426567735,0.239959801208814,-0.650778829134083,4.62134114947387
-0.314254034954892,-0.689195348378468,-0.48553593472921,-0.284285368448448,-0.60826171136579,-0.697403840059896,-1.47196790704944,-0.391041472768938,-0.476647695504077,0.0969556039846932,-2.574498353457
0.359263496293095,-0.00469501944610216,-0.622146133372069,-0.870148400893246,0.00213063983983624,-0.18064540971438,-0.319778269323587,-0.600876183049819,-0.293253163199865,-0.336885627140566,-0.90075840235284
-0.32359962648393,-0.825395411272548,-0.286345589110177,0.189539344787076,-0.395497387922786,0.00334140917890051,-0.0606152939871004,0.547069079228415,-0.068791892116856,0.253543486171809,0.630165334663474
-0.673722154553161,-1.17400176616445,0.5968917219949,-0.249590982772712,1.15629156265221,0.0157227905989156,1.18147035577222,-0.160754464366118,-0.00255519825464557,0.160769037370636,1.96489078986607
-0.251978871508614,0.45477889224007,0.238160921622903,-0.176134328852186,0.153314203114665,0.516232256873921,0.427433944676299,0.738593717511819,-0.647009564484693,-0.599726850840994,1.82947734786694
-1.98691187574392,-1.61924876072794,-1.21660093847405,-0.553211999006023,-0.30768244292996,-2.35910014476723,-1.60454267823305,-1.84415986108271,-1.84867767354627,-2.19521514896059,-16.8200479145129
-0.48312242412506,-0.0465564447307263,0.0539495766241834,-0.623759793155252,0.930603762055935,-0.779117816918422,-0.782937968827011,-0.334708267428355,-0.170342357182027,-0.434867441162896,-3.1922328600348
1.38553828409009,0.659933939081956,0.426152749958887,1.05467818784491,0.782243764862682,0.701812698705585,1.10460876602814,0.764443643696461,0.989081221047586,1.1551291025539,11.5178527885315
0.257658149752681,2.13376790500216,2.7109533362774,0.877630621681279,1.20764950787836,1.6616735576781,1.38325436947897,0.889885335148795,1.93392770666943,1.89042934215455,16.2954809146151
1.11992544742839,1.85159049381892,2.44302759520386,2.80639988699559,1.62546007479981,1.45068807882624,1.06324125420312,1.16462318660774,0.778658442592075,1.52484314764499,16.4337072906515
0.714673436651593,1.7941661028573,0.14774307658524,0.326018316655244,-0.408120030108396,-0.201939047114517,0.893250044045517,1.78190709206015,0.404923175646327,0.681340578919895,8.15095025550719
0.549223119610993,-0.703520020622316,1.75521668588766,1.00258553261766,0.0754968917944168,0.886025780689517,1.46764637791189,1.64782902949513,0.461127813281591,2.00550762331633,10.9829162944626
-1.24040363733747,-0.603216541986401,0.58309732825995,-0.404757519068216,0.116741486751874,0.336456507071555,-0.00453659611267114,0.136456196877411,0.328693944248979,0.19780814972619,-0.158734030499836
0.214083849830697,0.411660273841437,-0.599104199520934,-0.279575172293988,-0.0345471365648641,-0.864225057918961,-0.938419858338568,0.751475249541465,0.117796057064744,0.684316911904688,1.40050687860626
-0.464081478997331,-0.504967956141714,0.282285150047817,0.341971611657662,-0.437806648891324,0.09236910460871,0.766141388604241,-0.440012678546315,-0.230710415180526,-0.644288218474728,0.499726163195391
1.03560742906214,0.398064382205903,1.14960724181851,0.534987503522037,0.502070876401517,0.557164470269038,0.193731957987866,0.643901341515306,0.584899750762511,1.16273552234609,8.82861901963815
-0.925681543186589,-0.134596928195072,-0.280351765484036,-1.05120188066403,-0.962616730893182,-0.199744991444973,-1.47196790704944,0.497310188365877,0.0955599403695831,0.610494202614665,0.773070032652579
-0.0933587912723925,-0.816349693176386,0.777828799765139,0.182037553382759,0.153314203114665,0.299437176375266,-0.399775752785677,0.962107282761798,0.0834673469832558,-0.338623561187979,1.77913674578589
0.561667051661795,0.158073091806334,0.710152464983672,1.4410151214485,1.81248434948189,0.5350297395371,0.301396977944465,0.785626792427049,1.97957554514397,1.12596476876359,8.28142862712501
0.510466826568387,0.504335043782689,0.960274093245878,1.8413700512082,0.394503750485953,1.31248828679857,1.5256623051068,1.34604907357616,0.266761557658581,0.331004512315296,10.3951820114455
0.714673436651593,-0.124180715704554,0.183079800912403,-0.593227154328125,-0.106773965738796,0.175892653446273,0.144493529942002,0.802803164830623,-0.636325589021294,0.822601145438335,4.05506977080663
1.23771523563301,0.135061744955199,-0.0828985189560106,0.79985544755047,-0.202055669765539,-0.329135711133982,0.171750338421292,0.695342935826409,0.893936373366749,0.128095518348902,3.88302494671445
-0.191858250074284,-0.146830059479404,0.637143295063114,-0.882240008726798,-1.00340326610555,0.141623353571223,-0.860370939164134,-1.08592167284592,0.732948746800583,0.688601633734323,-1.78577389197093
-0.811735307166771,0.516873312416116,0.371071720027512,0.636894562091164,0.815717830908079,0.336067040739838,0.631784329403415,0.00686839995899779,-0.827626793138085,-0.599926187204574,-0.0330391450336971
1.22998024029699,0.494474925894263,1.49072014289133,-0.722858086180458,0.0480005297208345,1.20747304978666,-0.837250619759941,1.57557633446282,-0.316707562021247,1.1167308903807,8.47392028616316
0.0280893881924408,1.28815084604753,-0.0921526447449759,-0.170679570252248,0.740640823246001,-0.387451432865393,1.13816743178063,-0.0484591527781776,-0.775266262902521,1.20422483400378,5.66413645681839
-1.05197135111699,0.388182253732552,0.58540018304893,0.241234030242823,-0.885247314489805,-0.349801940101609,-0.0910512803212083,-0.241028469812741,-0.633285499632376,0.637386180112818,-0.616487614281186
-0.925681543186589,-0.134596928195072,-0.280351765484036,-0.388343445909667,-0.300360710678174,0.243318833425418,-1.27402570824962,-0.13392322685334,-1.02013892424355,-0.30300515811923,0.509573626280869
0.0431290702484197,0.110250183880379,-0.780642656405438,-1.19451552295144,-0.0337251567352638,0.283540924025991,-0.693086760572603,-0.682525282090174,-0.483479490837772,-0.309609564531125,-0.693551701310241
2.4585225893275,1.22252362604569,2.00042192584638,0.370429271502963,0.42758733845763,1.05601270027884,0.364881484185302,1.95132801481306,0.853241549001403,0.37109376796408,12.148910565852
-2.22067257878731,-0.937197146076242,-2.50064146960412,-1.16151424916502,-0.937804159709007,-1.83623289952765,-0.904019677613764,-2.74872905897262,-1.25969585822955,-2.87632828050877,-17.5153892041146
-0.166343761271258,0.197532013532906,-0.311702333996994,-0.550121071575615,-0.682957182200031,0.94233305120525,-0.926529352852318,0.614442837343835,-0.000743291980029701,1.63402850704087,0.311401799452457
-1.34835159058845,-1.44353691410522,-1.21095915896385,-0.57235846955023,-0.246603059460178,-0.471490125118931,-1.06993940511544,-0.992145240157354,-1.02369392426669,-2.17274418755785,-8.42031190376757
-1.14881763808605,-0.253327396212031,0.653718135511311,-1.53207221151708,-1.16210627065462,0.237402456655537,-1.41334352929934,-0.865843569053018,0.6323132172063,-0.497665281665012,-3.94048185075744
1.56477856593882,2.83364970303387,1.23680444073202,1.33919558717371,0.951333389064926,2.38854456819775,1.94566743027762,0.988052212362235,0.721941631523561,1.15887770497722,14.1203945462055
-0.851196797555606,0.54307292912109,-0.0634151117782999,0.19556470280351,-0.40753391032209,-0.678189151875694,-0.353722460636304,0.633922665447178,1.22661568594856,0.254448952209811,4.35449570932315
0.2405625749319,-0.188919321014929,0.0156149494954343,0.484622987363713,-1.24058918912651,0.330782994681448,-0.694275007520181,0.395465724376411,0.665014914356853,-0.563093013101774,-0.158734030499836
-0.323103296600843,-0.825395411272548,-0.286345589110177,-1.30057308231467,-0.124471563910091,-1.02334324577147,0.319389743665939,-0.705113033641154,-1.38105379092811,-1.02042629562907,-5.31095181157618
-1.14881763808605,-1.41102904499749,-1.45990136277649,-2.08181983539771,-0.724695440626203,-1.21544386042644,-1.18516951307626,-1.5232734486141,-2.03620694381461,-0.978766530522698,-12.6367699665339
-2.41353422080523,-0.108544070332283,-1.44620797731435,-1.13518610535973,-0.744928539279628,-0.775688536908481,-0.235655157224019,-0.666873673599037,-0.815289129686247,-0.696524266927293,-10.443250176684
-0.0343641115605007,-0.71692497036987,-0.146844944235248,0.374171495087074,-0.790832994354039,-0.684067371393931,-0.838762525919445,-0.453100439577746,-1.23780348612301,-1.36811840414111,-5.53954832278835
0.176208811278189,0.606788334277915,-0.790549820146561,0.285385258563509,0.0903779305788073,0.356933053841291,0.690941997537959,0.359048137293257,-0.0947635866169014,-0.0786351418272183,1.4743669856822
-1.60609408446313,-1.04286131016468,-0.385604425180442,-0.138631260729691,-0.71288859462085,-0.998269129021636,-0.1041688739462,-1.27349991736207,-1.17454920752687,-0.752355706222712,-7.82557075652485
-2.63851945796915,-0.727414605533565,-1.39658413785968,-2.45072055243897,-1.14398617757941,-1.70023492693989,-0.248786105970924,-1.62887961828804,-0.732965528493958,-2.87632828050877,-16.8200479145129
-0.361670794334169,-0.688604139361829,-1.50333747590934,-1.30822993361715,-1.21021089595056,-1.79659689858181,-0.996427554837287,-0.707451811754223,-1.37985034131988,-1.56030665389139,-11.1806204255703
-1.0686855378121,-0.750677501016227,0.58309732825995,-1.30057308231467,-0.049377508487979,-0.738171356397265,-0.174745840500946,-0.277544796975909,-0.703880775400684,-0.948248954550584,-4.72421161536034
-0.203030199432505,-1.02336154188449,-0.561485180848485,-1.63785721471058,0.216200004626199,-0.591700757027193,-0.217323206811956,-0.947172089809245,-0.607167024645799,-1.56645437330501,-7.00828636685396
0.0093274608029011,0.922675408376428,1.0269067116992,-0.40426339240921,0.207677483725844,0.34433518121533,1.63367531231215,0.619314063606908,-0.0608412433304307,0.119483216274781,8.35592083998249
-0.10105918854393,-0.262813427256689,0.824019526901885,-0.300580592717982,-0.213917442884069,0.0463575619296054,-0.1403091259668,0.203046096437716,0.294345282454808,-0.3721903096529,0.37439688321074
0.448734895724373,-0.70894461680991,0.637143295063114,-0.900216289138807,-0.474406347175032,-1.2370175464329,-1.39623715926001,-0.277544796975909,-1.52314690412758,-0.688201219082391,-2.66359016595465
0.47199506220873,0.694372595260078,-0.0101585871383772,1.77758136929997,0.812020035933429,-0.34266077801459,-0.356999920248672,0.337153615189061,-0.181744567865128,0.507097523480725,5.20212930089942
-0.168012979471621,-0.947080984663416,-0.489254117637306,0.552899017175212,-0.682957182200031,0.115310418177031,-0.425249904164384,0.544399654178838,0.359900656811051,0.166878869972378,0.51531148489257
-1.22185679589983,0.705356273015334,-1.40267787594918,-1.45955882807656,-1.82217743915168,-1.70608738432714,-1.31231239643154,-1.76801687573566,-1.46421480938417,-0.932737059207609,-10.9179506529236
-0.0174682935392288,-0.723365218538799,-0.0857044041309983,0.171279196203648,-1.00340326610555,0.231539580032563,0.0601810298039589,-0.858061262686818,-0.825366406623342,-0.90470675880713,-1.35362927070081
1.93012185454057,0.396404046933216,0.454651969639626,2.21345644230817,1.35805707345904,2.2176472173676,1.32319659453242,1.70045318542603,-0.100251979922464,1.2272684015525,11.9480843109903
1.20600408411499,-0.594035017318467,1.2485881253412,-0.00663887370731859,0.534988923711397,-0.295983296938695,0.418036365175938,0.205068984516686,1.15381766390449,-1.29408355195048,4.70128368474716
0.312578602209643,1.07991721482645,0.714273889029622,0.682609031512342,1.50655309449165,-0.240207715471076,-0.0769475051209489,0.416810607172036,0.792644419470938,0.0496593997674346,7.02271939020579
-2.11443043379096,0.121377609543043,-0.244596304893051,0.468904662851196,0.148100017267237,1.2210252545434,-0.160358744597351,-0.628110901118676,-0.530062448087784,-1.41820123884712,-3.03833736011011
-0.00100264356669918,0.656225193908209,1.09136895099117,0.741235918674634,1.00252443130806,0.557164470269038,0.822203693279408,0.414230304274196,0.567470388339272,0.452527880157335,6.86715399421775
-1.55831252881215,-0.0373126196889187,-0.140292780194026,-1.63785721471058,-1.06976616485403,-1.90571268149933,-1.28091057746436,-1.15608204087428,-1.76407935616277,-0.586806415137094,-10.5327696601206
-0.200649220397971,-1.75745626499264,-0.332333823483051,-1.12906487596406,-0.848594324469853,-1.43911507302212,-0.0634009898022873,-0.664300506356914,-0.662722371427952,-2.5366648011391,-8.83201950952939
-1.07622987516027,-0.750677501016227,0.58309732825995,0.189539344787076,-0.680369998415466,-0.0218968880592611,0.979364306269855,-1.4228463816533,-1.07045266810304,-0.374277160243762,-0.682525820238468
0.468199799722533,0.432973034578894,-0.667312449824692,-0.384211533998657,0.0979028014991273,-0.753444928634261,0.979364306269855,-0.0155978077186033,-0.895640054679492,0.0824791119232379,1.03465506435598
1.11992544742839,0.902642863983378,0.118206203366125,1.3127770338713,0.194055906131972,-0.240207715471076,0.530963369692347,0.416810607172036,0.281186052597009,0.211240999145339,6.19607855922378
1.11992544742839,1.85159049381892,0.139415455464473,1.07150498239715,0.932612041794657,1.42818838814866,1.57985489219014,1.21995937701985,0.171223412050263,0.275493018059663,8.30250099215099
-1.04584820764427,0.561919605601866,-0.215908071422277,-1.22101535316514,-0.0337251567352638,0.283540924025991,0.145022945990692,-0.244805933000616,-0.361020313847425,-0.80021014948773,-0.210921718003841
0.0783351581756754,0.427269806289588,0.183079800912403,0.243138066176027,0.679040784911331,-0.70793070192409,0.199475338256889,0.609832079941957,-0.176583323299994,1.17252550242163,4.70128368474716
-1.21594204092435,-1.09982124280096,-1.00331413406367,-0.743206999815038,0.333022388893252,-2.03511166324578,-0.386109756137334,-1.79545505432929,-1.96043405960547,0.15735754560357,-10.1613760623582
-1.35986710054621,-1.96103507876382,-1.41736222539681,-1.83568769095797,-1.71361230862424,-0.699007236645627,-0.436330081333695,0.66842943667858,-0.41340845575197,-1.81788333158326,-10.4347143964601
-1.80224103115,-2.09803475707845,-1.35511068028471,-1.16151424916502,-0.724695440626203,-1.21544386042644,-1.24862038760773,-3.16200011101431,-2.38856393432484,-1.52396004688872,-16.3790566206765
-1.83272882156421,-2.47288913229687,-1.27618630929701,-1.66104691481674,-2.36558261668607,-1.67412747517268,-3.05306439499138,-1.7293108739152,-1.70713409085551,-1.41515474830302,-18.9743493432774
1.03582439188914,0.398064382205903,1.35986808301308,1.20219856502674,0.519049684831944,0.5350297395371,0.537164966594373,0.0759510146750257,0.871610914546122,0.413040964800577,6.8199635140184
0.816983715433575,0.384364883137339,0.389470773655246,-0.00663887370731859,0.207677483725844,0.36681930813301,0.0400913414250628,0.0149696971837717,0.0887870574154075,1.57423091458257,4.25236456221246
-0.234092256025179,-0.0222952570478691,-1.20826285068251,-0.578569130356626,0.545420914308045,0.793517859269615,-1.34643821650541,-0.248728737366894,0.75279435856998,-0.756380138462857,-1.93220803950862
-1.02632576902518,-0.624538215115442,-0.0173895936186979,-1.63785721471058,-1.13090019680929,-1.63924887609879,-0.585029544450043,-0.992145240157354,-0.657285343741597,-0.852627583948642,-10.443250176684
-0.309633568690568,-0.689195348378468,-0.627703378324273,0.552899017175212,0.00329805351759578,-1.47688877109877,-0.500163667344886,-1.27956975244877,-1.11187254309951,0.497085866224574,-3.91108521903672
0.546380602871511,-0.108576487855641,-0.441320323105527,-0.764555459629632,0.0246383409291235,-0.15381532727563,-0.845985827358286,-0.0227951445204602,-0.633285499632376,-0.80021014948773,-3.22433189554676
0.0322061300515836,0.826871162041448,-0.667312449824692,-0.0238833141300246,1.11529082296502,-0.0396397569458722,1.28678294631461,0.135361415918,1.25087053804794,0.194405666446387,3.83049846361962
0.638996488615817,2.03802174339811,2.10367042600407,1.1571989150107,-0.251442337859182,1.11459036846932,0.0102648986002572,0.6473975507018,0.990320642073186,0.718372125288383,8.28142862712501
-0.977819018752456,0.767721152809629,-0.783874255132919,0.11145323292146,-0.682957182200031,-1.13866777356308,0.562830168303309,-0.700265560474726,-0.125789041612064,0.0532332233726619,-1.82051119689659
0.510466826568387,0.081041894425566,0.0988617649874036,-0.768066399692115,-0.0635744850028506,-0.307781525769388,0.22470159371351,-1.01935565513299,-0.171273012463542,0.422954160962578,0.51531148489257
-1.46584556249431,-2.47676714226955,-2.36132650170177,-1.96880162688747,-1.75949181667731,-1.94486862605891,-1.87111436130069,-2.74239082513779,-2.78525886844854,-2.3404933479939,-23.5873852563753
-1.25628697737361,-0.557272044219151,0.087211962895605,-0.537315937820991,-0.579797024367152,-1.32633490549616,-0.339976411485682,-0.452148707048193,-1.32238545688117,0.125045490983663,-4.86168581792182
-0.368947135128831,-2.00752061282882,-1.68089017776493,-2.08181983539771,-0.724695440626203,-0.741295062107819,-0.200344196904163,-1.47529599143383,-1.96043405960547,-2.34167357724441,-15.7871346264405
-0.474748294077935,0.0641571284646449,-0.721550673843791,-0.157154166820344,-0.176398474160004,-0.5092151502891,0.118019144674772,0.625695631840938,0.734357445167918,0.0517737439444796,2.97764397502471
-0.0535376461898768,1.47046984275784,0.689344531620326,-1.12160869217892,0.825560724581531,-0.0396397569458722,-0.81075747762409,0.359048137293257,1.35118815912784,-0.167039319248704,2.54558011713162
2.07006656410091,1.73282929786091,0.810626688609011,0.159316514340324,0.6003660043783,1.19443531558088,1.17758636247977,-0.294810234518079,0.826371966403453,0.275493018059663,9.83526263415894
1.46516329884872,1.31659532456046,2.10367042600407,-0.616145697498105,0.125997805419576,0.97147796951409,1.91261256945239,1.82429992766971,2.11000090278622,1.0593716115819,13.6713682637851
-1.17353647264475,-0.653994159070103,0.138183965594011,-1.28563465206093,-1.02600249014377,-0.0701320164624941,-1.78234155637571,-0.171753952536022,-0.568614266552762,-1.17225968777204,-7.21776321468914
0.476470448963348,0.694372595260078,0.466215782382821,1.66636225539781,0.469244615163595,0.207458295359013,1.6107582313622,1.64782902949513,1.93545450576781,1.14743348967723,12.2245284889062
-0.48312242412506,-0.0465564447307263,0.262643497737221,0.19556470280351,-0.410851191385018,-0.349801940101609,-0.581585135060286,-0.390459958642684,0.225364575943605,0.941676039870446,-0.572261302184456
-0.431469064885438,0.766971858493737,-0.0131860500011798,1.31926598151474,0.80730108414578,-0.152161041992445,0.184185411747165,0.702006859975824,0.349774068625074,0.679569819497305,3.38705276238705
-1.35070813744103,-1.44353691410522,-1.04900386187699,-1.90322666611127,-1.15997644730837,-0.505182658948782,-0.946181711917846,-1.98139041705481,-0.647367994819151,-0.941597072342523,-9.89255065385274
-1.3012559361975,-0.852670278940053,-0.65191591404059,0.385865229271034,-1.16210627065462,-0.410738118081238,-0.356652694962415,-1.75507610722173,-1.17454920752687,-0.970278435045949,-6.95355463892222
0.919148956126364,0.392398740856688,0.410288458745862,-0.588685172789935,-0.214986346213311,0.400640766646017,-0.483296475884841,0.669823280615682,0.635215948383666,-0.630229506267685,2.84253561040082
1.34968175298939,0.867780089963175,1.70977287096422,2.04889246057487,0.460211628010168,1.28535858540194,1.30504786085469,1.1539188760319,0.443698189802975,2.1882635465357,13.5320143851947
0.948960884074908,1.3611634254684,1.01270409209595,1.64478227400488,1.35805707345904,-0.139507333493976,1.5256623051068,0.721227193485181,0.417604505789277,0.590254146259629,9.95353823974776
0.90929228586996,1.20937569680524,0.620815059036632,2.21345644230817,0.736634458575838,1.51369907592966,0.889605314276108,1.42460645845703,0.65703616295199,1.12596476876359,8.90076081515893
-0.203456817046825,0.347583018541834,-0.485835089856936,0.584241442337512,0.326051343709347,0.345885984679627,-0.802336209342438,-0.266829896424585,0.209373575945534,0.472886130505566,1.29143709220235
-0.114801869788824,0.0223386752153608,0.583751998150455,0.683299624679266,0.0867127570509163,0.586496531658058,0.0190112289315694,0.440196150480787,1.67321733233982,0.320292906338568,4.82222180530075
0.312578602209643,0.675982276724667,0.960274093245878,-0.40426339240921,0.458703446680361,0.778555639326619,0.832862284811516,0.641277696356582,1.19053386695801,0.106125937022981,6.5949588804958
0.301894848325552,2.13875132912291,0.499647687377917,0.799906941495633,0.682046491619548,0.288992848799395,0.980301261166396,0.0759510146750257,0.35185713370309,-0.109356067187104,7.18840504616227
0.269103124543695,0.4689853645238,0.229424094559043,0.598721446089291,0.865360033719913,0.219448092252928,0.164525208326354,1.54201713265342,1.077939564003,0.63314244145366,9.31963443822357
1.66689136965532,0.919343153806379,1.66673647460047,1.15105606971869,0.546737477385351,0.519642170796894,1.96889051518336,-0.294810234518079,1.19744922298671,0.37109376796408,13.8880507667602
-1.38270054026257,-1.96103507876382,-1.99217508667168,-2.94856213131029,-0.677801294610349,-2.36381858977048,-3.05306439499138,-0.153828519705243,-1.5463127913371,-2.23420774949347,-18.1124559823834
0.513649346791487,0.081041894425566,0.280686459155723,0.949678758453795,2.18322626512378,0.771924112325838,0.603596673155712,1.08847569542651,1.40005192658365,1.70244954626108,9.95353823974776
0.30517220123028,-1.60059198785421,-0.677178553017696,-1.10286168123203,-0.729418353980176,-0.0701320164624941,-0.339976411485682,-0.856182933258103,-0.355939076051737,0.818454387227718,-4.54519472898324
0.0626028760531277,-0.0786707103001138,-0.878606034658931,-0.0211085630999329,-1.42209999393345,-0.176393828470424,-0.334096629817813,-0.700265560474726,0.507775802287232,0.274505373736923,-0.915361269733234
-1.02924762231677,0.586565570792674,0.637143295063114,-0.469809724087565,0.641533560712062,-0.874309635101505,0.304841326669945,-0.577499476356619,-0.575883326052361,-0.235465933110242,0.533264179862816
0.166316448441486,-0.293390040078506,0.331796927892453,-0.884463369047023,-0.831548574304405,0.170010473972838,-0.825934399848575,-0.270225170642655,-0.8661984229131,-0.374277160243762,-1.91500533202904
1.0475787987736,1.03995169342168,0.122237515668142,0.757369359101239,1.3802404022072,0.825573943540046,1.49607151443575,1.07266632357023,-0.3857642235242,1.2389531977253,9.47289918147032
0.468199799722533,0.432973034578894,0.733139062947159,1.48137639142745,1.46831042796306,1.02098836010433,0.00199181925450555,0.496157949144798,0.838139454289417,0.38019812316761,7.13364693886211
0.523016515347298,1.39362459249839,0.790806581402705,-0.0916373579553226,0.844341895066373,0.0350975839208836,0.146499747671438,0.392236352623549,1.31138674225845,1.08026486398338,5.94026940457564
-1.17353647264475,-0.541082268667367,-0.773495807911519,-0.0897284895977258,-0.301246747801396,-0.49864719333616,0.216330356581252,-0.211214271076411,-0.859522030558101,-0.496982470592734,-2.79036533282153
0.234872152378032,-0.308245403953123,-0.154414662137174,0.241234030242823,-1.4029273030189,0.203961813120705,-0.425249904164384,-0.806098547386214,-0.673634717677462,0.0532332233726619,-0.210921718003841
1.96492900534812,2.25591289409753,0.957490154937113,1.37415446937611,2.33788930377561,1.52371690546529,1.96551850700119,1.14364589880106,1.37004984230496,2.49700617213175,18.2363979759835
-1.77970691560637,-2.32549273073756,0.438661016999142,-0.936424292362078,-2.05422227090094,-0.927019486282463,-1.386589232145,-2.86802065287364,-2.264591381375,-1.52396004688872,-14.914889349035
-0.489970246998036,-0.761594128680531,0.778274611981577,-0.586302143951293,0.0202573015422154,0.183650679109558,0.766141388604241,0.210228348204158,0.840900198390172,-0.326467195626741,0.820489364420154
0.93343675136708,0.856398130000795,0.654211858082164,0.343619891340326,0.484709379648856,0.0350975839208836,1.43773337942784,-0.0724042443172204,1.66611289276861,0.44375071211159,8.47740592515743
-1.77970691560637,-2.32549273073756,-1.21028322023839,-0.807927577824169,-1.08283153748552,-1.77874181436387,-1.45069004227798,-1.11263337751161,-0.633207761290349,-0.470488033432004,-11.7437098956854
0.679172343005065,0.0503762373559727,0.691981553680819,1.4410151214485,1.81248434948189,-0.479705680906147,1.1667383678468,1.22498672194231,0.893432047808643,0.999885835245575,12.003956402273
0.523016515347298,-1.03296023662816,0.0789783426434038,-0.513345732470528,-0.985725527928107,0.912924650818585,0.416100832324857,-0.255636505283097,-0.576207753107231,0.107897666880193,-0.273935063241015
-0.24836759901912,-1.68283992333108,0.121812244576514,-0.48316700123602,0.0607070461597646,-0.881985060174877,-0.933940736808853,-0.394011871974369,-1.47884524718452,-0.657341842721031,-7.63434553740287
0.0626028760531277,1.14701763514376,1.26217339013459,-0.691838584524245,0.579552456763833,0.917007773231375,1.75501511166504,1.80114479336896,0.720516922017273,0.628788077370116,8.99119980307816
-0.0457859613972914,-1.49751348817491,-1.06490021180281,-1.14583281668269,-1.68166604039382,-0.775688536908481,-0.332978015746169,-1.31780067643722,-0.550712674100235,-0.118878068300507,-8.44033573321596
-0.03688913124755,-0.377771594956189,-0.395545522649978,-0.706464985798742,-0.058823784340646,-0.16749046892415,-1.44934735303151,0.384943782019705,0.37912041302187,-0.527840529485847,-0.90075840235284
0.332718340578836,0.780889008854528,1.42218426243429,-0.691838584524245,0.411866786965004,-0.30969666906387,0.0668525021143587,-0.600226497859691,0.209422968880567,0.79122882199076,2.54558011713162
0.618201110151684,1.38887615494364,-0.642017517627586,1.01793983348509,0.84064055586735,0.204674798720737,-0.837250619759941,0.645768717592272,0.0109560078501327,0.364494542838869,3.88302494671445
1.16914133557846,1.7659998925374,0.936932777098739,1.37746383741767,1.33774248597618,2.68517624458816,1.63930943847138,1.99054944356174,1.55507079108686,1.73060875330624,17.7055961198874
1.62261187074249,1.42054510679359,2.44302759520386,2.80639988699559,1.62546007479981,1.27980025201486,1.63839537375292,1.55257440924202,2.44533665794526,1.77373545761109,16.823819582112
-0.977819018752456,-0.219898075322569,-0.0545449676661848,-0.136069679833516,-0.0344689955621036,-1.93334783410611,-1.05943627376701,-0.0323182783548581,-0.58852315743225,-1.39697098356095,-5.75879331654701
-2.11443043379096,0.121377609543043,-0.244596304893051,-0.94127857884845,-0.481491915916075,0.0938490972019236,0.477808146725533,-1.47454338068397,-0.58852315743225,0.33364720400604,-3.91108521903672
-1.17353647264475,-0.805391806446362,-1.21516830851959,-1.56026871005209,-0.608929116778089,-1.13739447356467,-0.730684590036758,-1.28006220386539,-1.22162296370295,-2.21387499874877,-10.7841564577611
2.49036683627655,1.22252362604569,0.622204979379151,0.66035944347801,1.25381508921603,0.714902926078483,0.196058092325872,1.01100479830178,0.530835246436202,0.260003902891828,13.1245083404372
1.00451120921623,0.647544662500164,-0.145358159152371,-0.390389288310747,-0.295729043060954,0.566043029568377,1.00993084252443,-0.317077522795636,0.0447032597427614,0.632699702243364,3.40439688494539
0.341171255312113,0.292968151675932,0.140850906268193,0.683135475061532,0.672587208352346,0.28516752984371,1.08597327644391,-0.747733904320085,-0.827626793138085,0.0871697541113535,1.61434755487048
0.918163361626717,0.392398740856688,0.410288458745862,-0.0365124362727585,-0.80747724148291,-0.79964553601394,-1.24993398635356,-0.147364723754581,-0.965091342382205,-0.309609564531125,-0.793869649311123
-0.265026766118492,-0.934911287417632,-1.69099820665449,-1.2842571300998,-1.66942647294257,-2.43437603750953,-0.248786105970924,-1.28177223098053,-2.08203211057374,-1.42100968277399,-12.3901168074925
0.907700146497199,1.20937569680524,0.620815059036632,0.093296448468165,-0.485596512290455,0.148767961484775,0.559681660847964,0.0541578563618424,-0.0676930085442329,1.28522437637969,5.8344262612331
0.166316448441486,-0.293390040078506,-1.775742498512,-0.506006527065906,-0.899085281525164,0.379151708399234,-0.334096629817813,-2.06613071310638,-0.650501688182655,1.10571842740656,-3.70589572338255
-0.271212052072569,-0.7042397972775,-1.7319665063091,-0.581899395415425,-0.9433781054313,-0.373150449435022,-0.227465337080287,-0.366905493140098,-2.24937367124244,-1.20573082299188,-7.16515124513
-0.815736103588477,-1.80820811599032,-1.6520672514951,-0.614953035966466,-0.546984334619726,-1.6987130055921,-0.294321479535868,-1.98139041705481,-1.39873624692277,-0.645459972760538,-11.7704458442403
1.14447302066321,-0.164417189747478,0.213228716260886,-1.20074051659173,-0.0635744850028506,0.515606087612003,-0.411898458614766,0.577205130195369,0.209422968880567,-0.837523301365313,0.0437084062644709
-1.05197135111699,0.561919605601866,0.907393288383294,0.764188873344715,0.404025033200005,1.20747304978666,1.1667383678468,1.29983647648646,0.596010359731254,1.28229264561804,7.36977860703534
0.967415064603285,1.26401848401614,0.649315029052455,0.402467022903077,0.499924957788847,1.18687005092855,0.843305106241283,0.520775772837444,1.08976723259969,0.0269468873246331,8.1011970081034
-0.565316767940526,-1.56654778135137,-0.729552532195898,-1.88634770997815,-0.719010810794172,-2.68585322914554,-1.08017182131962,-2.68533210770791,-0.732965528493958,-1.63111103585052,-14.2002788696167
0.607097938190553,1.26595571540025,0.926707803775217,2.21345644230817,1.3442308008146,1.32517273425388,1.50257122927138,1.61386405700307,1.0814828892265,-0.153187849690774,16.173519376052
-1.22569946495619,-3.40294727251353,-0.775865341011911,-2.07857140707512,-0.883089161313309,-1.79687898605078,-1.39283568987243,-1.88910788655834,-0.975505877192951,-1.52396004688872,-16.1648757027477
-0.563256445444618,1.76606892383944,0.963553813289402,-0.787170549451729,-0.536108522691915,0.032053671584656,-0.0525065051046191,-0.0835147205147826,-1.98662911593694,-0.228903253212315,1.83024913481887
1.38506254194346,0.91090873491672,1.37646346236332,1.13139755212522,1.04147901027216,1.84746685408459,1.15961622425548,0.384359101072236,1.06139978286896,1.2272684015525,15.2244089310029
-1.35986710054621,-1.96103507876382,-1.41736222539681,-1.2172907600361,-1.15997644730837,0.16644696319794,-2.62028901696028,0.66842943667858,-0.657285343741597,-0.912296418303331,-7.57364468604062
1.28779775414381,0.358732006139345,1.20718819774036,1.51414016249536,0.302157797576199,1.28241332493876,1.4326941904141,2.22220446794505,0.519864618273405,1.63792444443831,12.6315852367649
-0.191858250074284,-0.622695880184569,-0.223066606206686,-1.08401818804057,-0.374796424304993,-0.410738118081238,-0.174745840500946,-2.06613071310638,-0.658001996851795,-0.343851956509569,-4.50835491350574
0.418094066622439,0.603335988497928,0.884426520451338,0.152089491094288,0.97799375369279,-0.258698543374384,-0.258763809422808,0.645768717592272,0.863807776555277,0.651060535139001,4.8560022059681
1.23354811997288,0.494474925894263,3.43286106534951,1.9221329773921,0.415018011714449,1.4077283918203,2.56867010556601,2.75008114436075,2.02780290224706,1.33792341963376,18.2363979759835
0.967415064603285,0.72376642068002,1.49072014289133,1.55930291435446,1.83304609795291,1.51369907592966,2.56867010556601,2.11767048973157,0.721941631523561,1.17436899182717,14.4051252706469
-1.25628697737361,-0.213007652235554,-0.765299777560157,-0.523926577809236,0.00407202321372192,0.163264537294488,-0.463074145442567,0.124849618352768,-0.498790477891714,-0.519027025848189,-3.1190030195786
-1.24040363733747,-1.65284799658661,-0.973906494309735,-2.08181983539771,-0.913728359994638,-0.137909564027213,-0.585029544450043,-0.855043095729571,-1.81608361697687,-0.586806415137094,-10.4347143964601
0.899034920198647,-0.210011784660859,0.737075015575827,-0.0993894056255972,-0.461793761715996,1.13360734767575,0.559681660847964,0.154568895760794,0.308140503363822,0.0579712269516344,5.4090119877872
-0.0594464523076219,-0.878310970031649,-0.234845734483881,-0.578569130356626,0.388759525917992,-1.04606535409617,-0.486118397354103,0.0066374491510436,0.144023109753122,0.881944755880941,-2.52712017344705
0.666361245325726,-0.664015300804316,-0.783874255132919,-0.249588259542081,-0.210583910008486,-0.828553632909207,-1.38393489337649,-0.277544796975909,-0.679973596563394,-0.374277160243762,-2.89409839445524
-0.358486345011983,0.236413201542069,-0.19934836225957,0.382748881658645,-0.106773965738796,0.658271814828613,0.484511230055131,0.245522679314337,-0.212288866929779,0.240152386814917,2.19353074387947
0.2405625749319,0.705873151212565,-0.208734414302867,1.61822754180516,0.0480005297208345,0.5863938501447,0.891592675944274,0.00843778189317393,0.277023897815639,0.826149845201752,6.0016363779416
-2.22067257878731,-1.59987512571396,-0.826441146502559,-1.83568769095797,-2.52944699296913,-1.59018366274497,-1.9344131290121,-2.51248083182818,-1.8296677405647,-1.77244346820774,-18.1124559823834
-0.501314362458479,0.00997008974623323,-0.777404878170101,-0.751888029419571,0.0607070461597646,-0.849167696272834,-0.529552447918139,-0.277544796975909,-0.662451493423876,-0.404852724453552,-5.09808552985423
-1.07622987516027,-0.750677501016227,-0.718768929641374,-1.16650854300291,-1.88055872162338,0.214507607832026,-1.11423525220801,0.110612118165108,0.31771962887416,-0.268265935996129,-6.05475647169167
1.68349765274821,0.919343153806379,1.05800163849286,1.10986399493107,-0.25121731820763,0.905392736640106,0.424037145455785,0.369069575683188,1.39545355158212,0.323443236217757,10.0848708203307
-1.6694015047265,-1.48633454451217,-0.695807083427064,-2.69733301986899,-0.0568861389256707,-0.741295062107819,-1.28091057746436,0.35517592453726,0.626417148994664,-1.40673547057103,-10.443250176684
-0.725130242866806,-0.535515736573216,-0.592480608478234,-1.00953451870789,-0.269140902257239,-0.199744991444973,0.694069199180155,-1.1443744081332,-0.662451493423876,0.0959731110294885,-2.49998568124389
-1.02632576902518,-0.624538215115442,-0.0173895936186979,-0.0483582895456043,-0.403838366391721,0.243318833425418,-0.293799491765386,0.857893592996021,0.242881731290561,0.688601633734323,-0.804196713407755
-1.0686855378121,0.224063811157683,-0.107515920800855,0.374171495087074,0.393103292767977,0.342145907529012,0.0599002652742638,1.29988634097623,0.92795080037361,-0.186943799768911,2.11822474883367
-0.386126145231926,-0.650570684805191,-0.242784199390518,-0.566365822310597,-1.07981182249048,0.153609541104912,0.562830168303309,-1.09548853295204,0.671470120723595,0.0257834486637706,-0.230884320594398
-0.202883872985172,0.278995302004658,0.468507746286778,0.348036068893484,0.946991495641882,0.336067040739838,0.180334048417742,1.05830792521981,0.0625270987287087,0.290134953328437,5.21263354401195
-0.414576457924144,-1.25106152748692,-2.23480709597295,-1.79630096716513,-0.857608465378927,-0.927019486282463,-0.99199194370009,-1.01714066179501,-0.385960588608576,-0.617266334210544,-7.57364468604062
1.28576920232216,1.04557678395423,1.75743888551642,0.205005976333218,0.0599748128587269,-0.322559843697935,0.47682539970446,0.414230304274196,0.0646701930346051,2.1507111976861,7.08789935151889
-0.723843952762034,-0.690592860874802,-0.441278183532762,-1.06591634700052,-0.855386742637046,-0.227216910926158,-0.0361972309830843,0.199827586132094,0.0614022473949388,-0.446045675548969,-4.67636193705665
0.697160896890317,0.0400960148675335,0.710152464983672,0.583827475176987,0.374030126558623,1.18631643574987,0.158703884191867,0.641277696356582,0.664921687986389,0.0366354204120585,8.55538549255555
-1.76960523485113,-2.16620216744586,-1.35511068028471,-1.16151424916502,-0.724695440626203,-0.137909564027213,-0.730684590036758,0.272581147543731,-1.66816132645342,-0.425865459534879,-8.84697816710251
-0.109485489080841,-0.738330014219125,0.103645488662127,-0.415986787544391,0.930603762055935,0.241224728865924,-0.443348940388325,0.0294684085438641,-0.576207753107231,-0.0622904812604555,0.340780221770705
0.54446500538427,0.619710738648475,1.12903194384401,2.35338872518666,0.367893837006368,1.84746685408459,1.30504786085469,0.771602285998979,1.57397020982276,0.968392592012705,15.2244089310029
-1.22569946495619,0.705356273015334,-0.17961931052676,0.116081360313113,-0.474406347175032,0.201085337865048,-0.755132806874566,-0.576289164318354,-0.477879255905037,0.131979600915104,-0.53700230283735
-1.66545920850754,-2.08453980651483,-1.00252952803362,-1.11314353092998,-2.37487914186143,-1.51059744282645,-2.54699253197971,-1.47131359451273,-1.57218914706869,-2.32809232632507,-15.0668839288191
-1.17353647264475,-0.805391806446362,-1.21516830851959,-0.649325584064733,-2.64308401830818,-2.43437603750953,-2.13608428073987,-0.693722546741701,-1.21633210121052,-0.978766530522698,-13.7591266721027
1.28576920232216,1.04557678395423,1.75743888551642,0.880586568941437,1.66455836712697,1.11459036846932,0.69131321958774,1.58550349039223,0.903476176431699,0.483409578279358,15.251583625849
-0.755852830343688,0.142235345970746,-0.225507823355468,0.19072614470004,0.991863062605219,0.926473461093016,-0.491063521304529,-0.759866966934528,-0.70860945829867,0.345482016424293,-0.165607211218359
-0.24836759901912,0.37452284245038,-0.0095283645188709,-0.882240008726798,-0.85339761132714,-0.527890380160684,-0.426223293890975,-0.328731909652122,-1.15427715124692,-1.39697098356095,-5.01901499988454
-0.947426308029898,-0.791758548197935,-2.23480709597295,-1.29889734091823,-1.29769248043113,-2.07775165127221,-1.08017182131962,-1.59005680761723,-1.84322973970135,-0.978766530522698,-12.9754247311267
1.38506254194346,0.659933939081956,1.26150514946839,0.74168657340139,2.28523856513835,0.126352775546687,0.886701515081892,1.52660793203224,2.10011324431674,1.17436899182717,12.2151658983029
-1.5916157590979,-2.09424230128542,-0.817320700300926,-1.2172907600361,-1.78509885510903,-1.09320044988377,-1.31038445480663,-3.16200011101431,-1.00729413061369,-0.727203036994578,-13.566090526882
-0.10105918854393,-0.262813427256689,0.824019526901885,0.285385258563509,1.16029110868941,0.381186875734286,0.550772420381734,0.0241320050655418,0.984414094466899,0.194405666446387,4.24525337207213
-0.244345983866046,-0.0306342233658287,-0.146361017656071,-0.563667788123708,0.0579352422907157,-0.922684504363441,-0.369607418361551,0.998489268600529,0.0709147186937155,0.0257834486637706,-0.741949796950982
0.0139567526702487,0.922675408376428,1.0269067116992,-0.40426339240921,-0.881759478654856,0.566043029568377,-0.146098831801032,0.330678884097025,-0.0245946345310653,-0.00475466101865241,3.49438831535896
1.30130251656142,0.280227231904038,0.347096447640101,1.71454021320387,0.583114025010368,1.02098836010433,0.822142756788934,1.26310116586203,1.21143909250691,0.32374875193113,7.04826557774761
0.81291664524117,1.39223627132847,1.5317191089568,1.29589710438803,0.963176744600873,1.05601270027884,2.78785818296485,-0.159751624291515,2.10011324431674,1.10431533348282,13.9904777219814
0.914070596754966,0.621289756923574,0.347096447640101,0.672322511761273,1.02905862293694,0.693682314661575,1.3558948786252,0.988999737853332,1.40005192658365,1.63792444443831,8.30250099215099
-0.815736103588477,0.516873312416116,0.371071720027512,0.636894562091164,0.815717830908079,0.623533732646127,0.0805296702311746,1.27262758603314,-0.846226233848221,-0.191020306865828,6.14447127533845
1.28779775414381,1.04557678395423,1.49235563178921,0.355615938743163,0.125997805419576,0.911648939081264,2.42052489810032,0.81730413279476,1.57397020982276,0.260003902891828,12.6660468585653
-1.1763059906959,-0.653994159070103,0.138183965594011,-1.28563465206093,-0.84056477483189,0.666098254805165,-0.727722252436671,0.13928946736143,-0.673634717677462,-0.572304373194565,-3.70589572338255
1.75469314270665,1.34028891524222,2.21657343673094,1.25582901777257,1.73630729434753,1.42008283244541,1.5407248036466,1.99054944356174,1.51003032545292,1.6295245568838,17.8099081604766
0.0688354516819294,-0.604821782172822,0.58540018304893,-0.870148400893246,0.733017672029736,-1.56020327641359,-0.932521713656734,-1.33094388402257,-0.728228268323799,-1.72944513180439,-6.10401241419423
-1.31285396812857,-0.0251296980560674,0.281591356299998,-0.576828971938817,-1.37059879880856,-1.06039131077181,-0.906377006699279,-0.505993489395451,-0.471142550418602,-1.02830441361522,-6.75023954220494
0.0626028760531277,-0.0786707103001138,-0.737698425832739,0.178283107423708,-0.0893883912248601,0.792611875649153,0.377770213285305,1.48916875854431,0.744896762580037,-0.67553377423833,3.34362552607864
-0.323103296600843,0.212167517124876,-0.0807980686123441,0.289765701065501,1.43966098916267,-0.316644593281686,-0.258291349213114,0.379965734311162,-0.13907446589412,0.632699702243364,2.26925933400672
-1.33270127218538,-1.44353691410522,-1.21095915896385,-2.69733301986899,-0.937804159709007,-0.699007236645627,-1.60454267823305,-1.58998736051187,-2.03620694381461,-1.82907687778662,-16.8200479145129
-2.63851945796915,-0.727414605533565,-1.39658413785968,-2.45072055243897,-0.883089161313309,-1.69799617118558,-1.10691968078331,-1.28383400781871,-1.84867767354627,-0.926413177430896,-14.008642454057
0.317158766338406,-0.33963464218933,0.264962171000726,0.749524109590836,0.518678168589088,2.06413772305304,1.04161828333146,1.64782902949513,1.26914670638519,0.305767533485881,8.43444693612939
2.49036683627655,1.45505340422206,0.810626688609011,0.877630621681279,0.546737477385351,0.937247685139135,0.00199181925450555,1.96077183689794,1.3567952253463,0.522133144621231,10.6869102151805
0.54446500538427,-0.108576487855641,-0.312005330902779,0.633035798715739,-0.551212390562712,-0.240470809709699,-0.4153401689702,0.54973895754338,-0.000743291980029701,0.15252641402035,3.35859061598381
-0.721194943746837,0.951123637043283,1.20493052323405,0.596328934785925,0.224898236192177,-0.222495881406787,0.586962845700382,1.27652934680162,-0.367550435918891,0.199367141432769,4.68495951971291
-0.736548547429145,0.191701128366168,-0.767689559105993,0.616042670675334,0.260840584387776,-0.732532829353816,-0.661635094321985,-0.130482577700622,0.1170296418021,0.806150844312973,0.630165334663474
0.0450950508526119,-0.950696701913566,-0.429060900995367,-1.05120188066403,-0.049377508487979,0.379151708399234,0.0133136660731583,-0.586730205480613,-1.59666515233811,-0.921774286753842,-2.22140057420421
-0.64332947172295,-0.693081581698349,-0.387765734850956,-1.22862551818812,0.370418165117161,-1.26491327748128,-0.573138479730179,-0.709005734785692,-0.658001996851795,0.217252691972424,-4.94082472259103
1.0475787987736,1.03995169342168,0.122237515668142,1.85511739903831,1.52358517336953,0.519642170796894,1.11565414127301,1.34604907357616,-0.649318865438272,0.0330932025183076,10.8971031079091
0.043040934323281,0.110250183880379,0.369304973761206,0.518727542676719,0.324322675195195,0.193846962985505,0.893250044045517,-1.14552251718363,-0.0813292757052348,-0.241836663134333,3.99253540484215
0.638996488615817,0.447451253335557,-0.454323863456603,-0.529927550348959,-0.40753391032209,-0.598606464551515,-0.825934399848575,-0.481341186907705,0.0740619342738902,-1.2886552773533,-3.49439692419027
-0.565316767940526,-0.330025174755078,0.0690437200131782,0.519125138578442,0.373712554778666,-0.174272520118409,0.0387300837603247,-0.40348604360413,0.226319823647197,0.215383356223051,3.20460087549289
0.0346517029914184,0.39494090488874,0.695713924686163,0.0407472975502582,0.698618500302971,-0.25164980131909,-0.117527331942065,0.792935545239283,-1.20284488578921,-0.0923600505665701,1.77561841309622
-0.811735307166771,0.516873312416116,0.371071720027512,-0.445400039893121,-1.4493741553314,0.94233305120525,-0.711547572549418,-1.05871561508882,0.662853047011517,0.624655026788627,-0.616487614281186
-1.20806349292565,-1.09982124280096,-1.44276001752398,-1.29889734091823,-0.744928539279628,-0.681450630618041,-1.38506640206054,-1.16458287487456,-0.712736755901659,-1.80586465137432,-8.7573686966447
-0.102469165301036,-0.262813427256689,0.824019526901885,-0.300580592717982,-0.213917442884069,-0.649858916225362,1.64536490077641,0.555026491652133,-0.488764758577927,-0.213548851408313,1.17276103253207
-0.947426308029898,-0.966814146698393,-1.27687393927754,-2.62728520761887,-0.857608465378927,-1.21544386042644,-2.32647225410049,-1.33051918876344,-2.08203211057374,-1.82907687778662,-16.8200479145129
0.166316448441486,-0.653475988416114,0.171409530478878,0.0451513937595816,-0.437806648891324,0.898318051385791,0.233599189309301,0.105764944782359,0.262118670670256,0.230713846956547,1.06954612038394
-0.452725311403347,-0.0738583993163419,-0.467082527117922,-0.225982405479048,-1.41994796899353,-0.519551970368305,-0.854470468260852,-0.865843569053018,0.3109672312054,-0.228903253212315,-5.09808552985423
0.703255823212142,0.755979271952846,1.1390281536087,0.615081947415049,1.46831042796306,0.411669994372393,0.448545325822633,0.79016932899972,1.39545355158212,0.33617100121042,9.35477907482065
-0.48284899694161,-2.32580545270781,0.0368555754631667,-1.11082325953708,-1.18725734373926,-0.775688536908481,-0.572496266138809,-1.44456940596692,0.371639777167897,-0.328486353849336,-7.53284112916555
-2.63851945796915,-0.727414605533565,-0.526173024198082,-0.957996553502036,-0.349343394041476,-1.80526119808253,-1.86599591629712,-1.58998736051187,-2.264591381375,-0.546973225578463,-12.1485364962103
-2.01108897831784,-0.828279128457378,0.203434232465242,-1.88634770997815,0.0305855795660846,-1.02076915019426,0.286437386123518,0.344961319604437,-0.941838582030445,-1.16133490627099,-4.77566231329033
-1.14881763808605,-0.139703154963583,-1.24421489321935,-1.1224716099178,-0.952649471164876,-1.55657776744164,-1.98047416110445,-1.02238073887826,-1.56744408646179,-0.791498320602152,-10.2207742561583
-1.56481435687966,-0.445040189672002,-1.39112335487791,-1.77943886531304,-1.71913192025297,-1.10934718819645,-1.60454267823305,-2.68533210770791,-1.08657902766779,-1.17963248913454,-12.4394970631509
-0.557842293025307,1.11365844145546,1.11851210314394,1.12450819005798,0.722060734320236,1.27184890853647,1.81709928497852,0.507659053306104,0.87338925788234,0.952597981523871,10.3951820114455
0.316886371886089,-0.33963464218933,-0.883475119723316,-0.586302143951293,-0.300360710678174,0.290165391728109,-0.319778269323587,-0.806098547386214,-0.662050897190892,0.671108318256434,-0.946892391761683
-0.565316767940526,-0.330025174755078,-0.540948204265171,-0.47461978674824,-0.454644190908898,-0.1476944725093,-0.285729088932069,0.187262366914333,1.19200278521527,0.376932103025728,1.79924762913432
-0.342894892290633,1.03935513471619,-0.309022319535397,0.0280582343051465,-0.622904865398745,-0.307664108436482,-0.4153401689702,-0.714459172576245,0.0889126938939601,0.316348354292179,0.499726163195391
0.791368781595932,0.448424911972314,0.555240581771432,-0.238182238367117,-0.534581790296602,-0.0914541352811337,-1.2039220960732,0.988873199723771,-0.488764758577927,0.212767187371973,4.00286244850404
0.301894848325552,-0.699202845000319,-0.222859012410038,0.26443343355822,-1.39360887039152,0.115310418177031,-0.716424075662006,-1.55354457773067,-0.106629395415542,0.881944755880941,0.749424966080652
0.546380602871511,-0.108576487855641,-0.312005330902779,-0.653333173623602,1.82148415511358,-0.153412038082312,-0.107630657725523,-0.547691781760209,0.873083642733085,1.11752461337166,3.33569601741101
-0.330433448261178,-1.01326051578465,-0.416019239892447,-1.85557032001833,-0.245451445179965,-0.574035776417627,-0.1041688739462,-0.52182657999945,-0.0947839939602967,-1.18890797396546,-4.4736252094652
2.12814751367968,0.585912009121091,0.777431067520387,-0.249770651982889,1.94565613288803,-0.240207715471076,0.466626511939456,0.230341676875347,0.825268693638618,0.44375071211159,7.36977860703534
-2.04837557795389,-1.73239938370348,-0.484436586233516,-1.51567069718682,-1.78509885510903,-1.13034888353672,-1.31038445480663,-3.16200011101431,-1.84322973970135,-1.65816007240941,-14.7339414637875
0.206801922723383,0.417969783835777,0.745638399057193,0.323356105916829,0.80730108414578,1.77479318127758,1.57095081444707,0.764443643696461,1.26914670638519,-0.0677782894562253,8.49344960002799
0.207265641206024,0.417969783835777,0.745638399057193,-0.642944893838,0.388611065252811,1.10518956315587,1.3845941054366,0.524559678142014,0.168483615996417,0.942708553878108,4.75298199450609
0.453220397019402,-0.529737225618098,-1.50887229710187,-0.136069679833516,0.410017036100811,0.231539580032563,0.694932060509115,0.645925527724229,0.0516684008807682,0.15252641402035,3.35859061598381
-0.704684496107787,-1.17374114767402,-0.364171757054142,-0.82862952902437,-1.1752332683115,-0.0701320164624941,-0.339976411485682,-0.397107723761324,-0.914612798890497,-1.27363068859168,-7.00828636685396
0.933554961116308,1.89337961689296,0.426398056452637,0.742136659529948,0.5732517977083,0.905392736640106,0.745328496199436,0.939928247220878,2.07973245674666,1.12596476876359,12.6660468585653
-0.00444874674807808,0.364180460529547,-0.301829193559923,0.749524109590836,0.275068029342768,-0.5730763893655,0.233599189309301,0.405670183988215,-0.422250253452512,-0.23691865303025,1.24776374084637
1.43338040089019,1.67855251441939,1.04288122817339,0.926913412676505,1.63298371159136,-0.181454279847235,1.17758636247977,1.56327618496082,0.171223412050263,1.1551291025539,12.3597090284344
-0.212255904342033,0.446149827431422,-0.78080358325815,-0.345229067588384,-0.361067582567349,0.0157227905989156,1.02636626618661,-0.540083885241207,0.117796057064744,-0.545406467278806,-0.616487614281186
-0.557842293025307,1.11365844145546,1.11851210314394,-0.105833860802076,0.654500171496585,-1.00406315558816,0.33381288767074,0.0861883366025437,0.033601795401414,0.728411556413539,3.34367936548646
-0.925681543186589,-0.134596928195072,-0.280351765484036,-1.2429192951461,-0.733520614231052,-1.13956179115671,-0.1041688739462,-0.919290032386778,-0.220081957574538,0.230738326692181,-2.15065760846395
0.173994208836871,-0.180924555665864,0.717711674464213,1.31690572174557,0.80682555685524,0.758680412155324,0.589618282711281,1.65632143577271,0.344045898608248,0.320292906338568,7.74996478796992
-0.000523669165367798,0.801800738565387,-0.693628314521077,1.02112774209447,-0.125409117367507,-0.179885078562613,-0.197180082544456,-0.695933302844671,-0.147522289391825,0.728411556413539,1.24776374084637
0.568985092068519,0.57524148262312,1.29230444995749,1.70057167978107,1.96997110655655,0.714902926078483,2.78785818296485,1.1539188760319,1.57244234194626,0.922119171193336,13.2719349809003
-1.93832813614055,-2.18194186498772,-0.775205855101196,-2.41523174104543,-0.205759314575728,-0.699007236645627,-1.0015858707706,-1.1986768486727,-0.225809825507315,-1.18652335169927,-12.8318557920454
-0.431469064885438,-0.73462090055495,-1.12557726652786,0.302928889288424,-0.135371215569899,-0.172526828101566,0.0968668472815742,-0.130482577700622,-0.498790477891714,1.65336947704209,-0.616487614281186
-0.501314362458479,0.600363233402635,-0.613718535481035,-0.199790100098107,0.469245768967889,0.330782994681448,0.471179368719753,-0.743883346797402,0.827984453513843,-0.890627870092149,-0.536639215595579
0.663891071046256,0.274362043658942,-0.667312449824692,0.348036068893484,0.0698982950360859,-0.219320133739621,0.381882295758514,0.105764944782359,0.873083642733085,-1.45116304915039,1.51122961728087
1.04140342649488,1.29535259305453,0.866779473406787,0.626635417802707,-0.479711068044297,0.97147796951409,0.193731957987866,1.64782902949513,1.3530645712317,0.413040964800577,5.92436760329409
1.1378483408269,1.37959337459615,1.05800163849286,1.16584187798723,1.99189476896894,-0.181454279847235,0.886701515081892,0.6473975507018,0.874602284383741,0.937526330362231,14.1774116850387
0.679172343005065,-1.05853438938482,-0.467082527117922,0.377541627531138,-0.222894009337916,1.02075134170545,0.233599189309301,0.0165758149183829,0.266147437832499,-0.68655372336722,3.20460087549289
-2.01108897831784,-0.740548459331977,-1.23694950067415,-0.588364380315492,-1.47368986534842,-0.775688536908481,-1.86599591629712,-1.91039711865053,-2.08203211057374,-1.17963248913454,-12.6367699665339
-1.20737821028425,-3.40294727251353,-2.42811455305476,-2.53545035630922,-2.33441469266859,-2.15082539431117,-2.24986816908192,-1.80341084332415,-1.49792365139346,-1.64615882891704,-22.4157143047405
0.519156482328205,0.081041894425566,0.280686459155723,0.949678758453795,-0.16212374522658,1.06777625114413,0.6754062523871,1.91389826089767,1.18744895247902,1.09166480591577,7.70331853739006
-0.32359962648393,-0.825395411272548,-1.12557726652786,0.302928889288424,0.647243817132943,0.464959190160008,0.144493529942002,-0.670304074415572,-1.59666515233811,0.301700513050948,-0.210921718003841
-0.148578235369892,-0.764089951020945,-0.595668380540586,-1.30057308231467,-1.02600249014377,-0.882645797194908,0.12779554537377,-1.62944682360463,-0.363742009434447,-0.138814612230818,-7.18825231979368
-2.21442318961205,-1.21727758642975,-1.99217508667168,-1.16022275005936,-2.52944699296913,-1.69799617118558,-1.78413855554075,-2.09228828359301,-1.76905264759506,-1.77244346820774,-16.8902618607187
0.314442200095468,0.372397741445232,0.652992019498524,0.11521021285698,0.3066669767208,0.36681930813301,-1.90594636119903,0.633565966083418,0.557815903567158,0.0530791985191854,1.10824428454792
-1.08924716903349,-0.354721711772428,-0.0985591157613139,-1.45955882807656,-0.601934941650492,-0.680390575106067,0.127385035760797,-0.22619221738261,-0.662451493423876,-0.58668600406941,-4.94082472259103
0.407596057381648,0.412228955747756,-0.0716660359520198,0.247947210762692,0.699836504780527,1.2406358352386,-0.0315461425698795,-0.747733904320085,0.423433177863427,0.672670961065629,4.33535561078571
2.4585225893275,1.22252362604569,2.00042192584638,0.370429271502963,2.00330272681182,1.6616735576781,3.26231523670953,2.25462302665178,2.42105772241117,0.347743585975788,21.204298945311
1.11992544742839,1.85159049381892,2.44302759520386,2.80639988699559,1.83628902605012,1.27980025201486,1.06324125420312,1.96382652569025,0.793226501747504,1.61058442371352,18.6897801418491
0.270130630326645,-0.170236152928583,0.903393291179328,-0.529927550348959,0.508654623495508,0.516232256873921,0.129475482782567,-0.809385129356455,-0.453137912673884,1.19542819935635,3.88694383115583
-0.10105918854393,-0.262813427256689,0.824019526901885,-0.300580592717982,-0.213917442884069,0.175892653446273,-0.0363345503725172,0.405670183988215,0.59727632630782,0.240152386814917,4.1251262589252
0.272548421226667,0.172985164656965,0.0898641897567646,1.31690572174557,0.280587972998558,0.367195225404675,0.412791756998824,0.498112935024763,-1.24081444393108,0.553945181224886,3.40439688494539
-0.431469064885438,1.59897165912051,1.12443704530679,1.62235540540039,2.28523856513835,1.56685610956724,1.33928659973382,2.03973197829576,0.835118314540409,1.39136757119956,14.0115271103622
0.0450950508526119,-0.417339372723262,-0.563748431902909,-1.15615759987169,0.235929549609013,-0.852744854886762,0.0769127291699057,-0.130482577700622,-0.929675041279274,-0.496982470592734,-4.89563620564228
-0.191858250074284,-1.00020654421097,-0.592480608478234,-0.600310099065187,0.089663007005348,-0.49864719333616,-1.59273775022726,-1.62944682360463,-0.144743918046991,-0.137263823676182,-5.96659733123586
2.2318916666133,1.48569895685623,0.622204979379151,1.82235071770384,0.460211628010168,0.630113799191523,0.970198565964499,1.82429992766971,0.920635975841478,1.12596476876359,13.1734335154753
2.4585225893275,1.45505340422206,0.979761017935022,1.5941880714033,2.33788930377561,1.52371690546529,1.57387458054672,1.55257440924202,1.55507079108686,1.16977084023282,16.5613175833828
1.44260613399886,2.35923528819487,1.68373524280146,1.37415446937611,1.92238631891684,1.81002806250325,2.19068070337543,1.44650950041711,1.89242183608964,1.91698319532811,21.204298945311
1.48775041486862,0.0368207144756309,-0.390890206094831,0.616241452210295,0.654500171496585,-0.146379871634768,-0.00898013537548554,-1.14552251718363,-0.576207753107231,-0.191020306865828,4.09243840838464
-0.386126145231926,0.252753053904048,0.836444445496658,-0.181928123781728,-0.23231341862741,-0.174272520118409,0.568347502585218,-0.698005497926349,1.73581764887583,0.759779840019051,3.40439688494539
0.697160896890317,-0.643105243258026,0.717711674464213,-0.39918142017333,-0.11369410425948,-0.56375264709381,1.64536490077641,0.279666106099368,-0.827626793138085,0.0257834486637706,2.12384261841738
-0.342894892290633,-0.131347174407546,-0.531644701256774,-0.524964517753815,-1.28068371227866,-0.957517947373943,-0.890363523150542,0.497310188365877,-0.941838582030445,-1.17225968777204,-6.10401241419423
-0.947426308029898,-0.320490588128633,-1.5062754575571,-1.14583281668269,-1.44927064804647,-1.63039410741163,-1.59542074914988,-1.59821083295516,-1.46421480938417,-2.24674598112089,-12.6367699665339
-1.66545920850754,-2.08453980651483,-1.00252952803362,-1.83568769095797,-0.0568861389256707,-1.21544386042644,-1.31231239643154,-2.68533210770791,-1.38243850189855,-1.17963248913454,-12.4394970631509
-0.0378475681101273,0.234314928521155,-1.1554794904702,-0.0335616368092152,-0.395497387922786,-1.36635330676826,-1.47196790704944,-0.709005734785692,-0.662722371427952,-0.116619130870783,-5.32319495461488
-1.55831252881215,-1.955541683636,-1.36497987337378,-1.61993934252812,-1.71361230862424,-0.699007236645627,-1.66751128052634,-1.64682262279677,-1.85218020952084,-1.82907687778662,-13.9194300699995
-0.368703559923616,-0.987962068005641,-0.765299777560157,-0.47908965643025,-0.601175355540205,-0.42742758533702,0.400863235828697,0.0493446565368216,-1.23780348612301,-0.74808936990353,-2.574498353457
-0.247185410598655,0.37452284245038,-0.485835089856936,-2.23265098557532,-1.29869110833515,0.44519630244411,-0.275085232289749,-0.995057034936037,0.507775802287232,-0.788245220595147,-3.70589572338255
-1.17353647264475,-0.805391806446362,-1.21516830851959,-1.56026871005209,-0.608929116778089,-2.35910014476723,-1.84837518374066,-3.16200011101431,-3.1855231088284,-0.590557733565457,-16.0150154006497
-0.148578235369892,-0.764089951020945,-0.595668380540586,0.8364894783684,0.0647285220369379,-0.237586201509127,0.30202484438868,-0.717572233185347,-1.59666515233811,-0.90470675880713,-0.485067874210151
0.132165283613581,-0.237381365200783,0.118757744807572,1.14359177825116,0.0183642125360568,0.778555639326619,0.565700426410151,0.553127500973356,1.21431005585568,-0.335523893735216,7.57302695179272
0.432360344015674,-1.10310212383142,-1.08343950685945,-1.45955882807656,-0.848594324469853,-1.55657776744164,-0.841232072842178,-1.31780067643722,-0.928169556691429,-0.0483711064560255,-10.1374300976238
1.7380192942931,0.983718148854763,1.15191271504867,1.33509616414521,0.86576077707353,1.11459036846932,1.21609866803279,0.694428298400964,0.766106079408361,1.74861860718675,16.173519376052
0.0841501432416882,0.0638547727305594,-0.734781280248382,0.242182177505102,1.36967253190028,-0.332854667637397,0.73700176447025,0.885556879249964,-0.277079270069845,-0.68655372336722,2.98211236485581
-1.20169251714727,-0.691340503989416,-0.537646236243415,-1.15185487493446,-1.27380716118772,-1.58360065309754,-1.71732062820152,-1.51671661834682,-1.77311666959175,-1.63111103585052,-14.4796215560433
-1.22569946495619,0.705356273015334,-0.17961931052676,-1.22101535316514,-0.960395265801628,-0.178713131425456,-0.779359204202161,-0.705113033641154,-0.0947839939602967,-0.466903849497792,-3.70589572338255
0.277724781379689,0.809970402020846,0.0842394920007989,0.11521021285698,0.160198453279806,0.560778096457937,0.795955022818077,-0.705749591243779,-0.446765327516497,0.795605907665819,1.98913414833826
-0.323103296600843,0.212167517124876,1.01668839366593,-0.768066399692115,-1.11374421563672,-0.15381532727563,1.86122287398288,-0.205349183454174,0.743352447325192,1.55820229869088,1.89506462420601
-0.356501863239101,-0.565411457000752,-0.880038826825638,0.008977808169901,0.356522001628856,-0.655441353319356,-0.349999969757762,0.187262366914333,-1.02013892424355,0.191572475049367,0.916112007131812
0.206801922723383,-0.458475144679349,-1.0264552144941,-1.21274787433308,-0.0918886032247433,-0.277719783528569,-0.137085700688314,-0.293509742684226,0.0614022473949388,0.849464499146519,-1.81490958369918
-0.660027073463446,-0.915512270496431,-0.187435883445477,-0.537315937820991,-1.20922914759478,-0.0720747668231218,-0.854470468260852,-0.0797045014307137,-0.555434054885798,0.820559430270995,-5.23085319603813
1.66689136965532,1.00222221514099,0.777431067520387,-0.249770651982889,0.234105638609142,-0.201939047114517,-0.815395679025567,0.0979662963498146,0.139302935662172,-0.371296867406124,1.98913414833826
0.842810788680889,1.17314958383407,1.90473119972698,0.355615938743163,1.96997110655655,1.44674035293254,1.50257122927138,0.89553310547684,0.903476176431699,0.483409578279358,15.2244089310029
0.613014211580141,0.188098918210189,-1.45920629838409,-0.650430226098015,0.0917803402053547,-1.05714691438322,-0.500163667344886,-1.33094388402257,-0.954063968884939,-0.404852724453552,-4.07467216630819
0.510466826568387,0.081041894425566,1.72811798636261,0.00162579082703484,1.33142899002768,0.338829574581004,1.03813740665244,0.988914981073391,1.7224527523366,1.04195274051022,10.7247757209868
0.809823684286925,1.36349142592123,0.910809622725687,1.15661272548729,1.92691441294932,1.05601270027884,0.69131321958774,0.958502327839048,0.171223412050263,1.70244954626108,8.77478007576399
0.660329695213127,1.10020815574752,-0.0968959089502219,-0.40426339240921,-0.324740019870442,-0.79964553601394,-0.40799092271967,-0.540083885241207,-0.530062448087784,-0.371025726717185,0.220930131042687
-0.191858250074284,-0.622695880184569,-0.223066606206686,-1.08401818804057,-0.374796424304993,-0.410738118081238,-0.174745840500946,-2.06613071310638,-0.658001996851795,-1.35591534136416,-5.19751721795026
0.660172744443485,0.274362043658942,0.720005189385672,1.09295991667878,-1.35691261332063,0.0807286282396714,-0.696633686291862,-0.656060952662524,0.691133554883987,-0.177688614377218,0.723472604880111
1.14827337933825,0.198282275351926,1.26217339013459,0.979034156939827,0.583114025010368,0.886707903963079,0.980301261166396,1.07108880099432,0.856067856138478,1.42554268501811,10.9639088734361
-1.02924762231677,0.586565570792674,0.637143295063114,-0.130701717782775,-0.242408604444529,-0.345314136761615,0.445045485012362,-0.155832702883447,0.812385549018539,0.318212681047969,0.67980852004796
-0.449696613710001,-0.254548612696799,0.460265430870544,0.114788674500728,-0.352707773876688,-0.669710390800622,-0.466078527875826,-0.450997180019765,0.159825038309937,-0.518004378448199,-2.98064895705432
1.7591462365902,1.34028891524222,2.21657343673094,1.4784030640297,2.07330464203471,1.81002806250325,1.19263057738026,1.9874758124544,1.90585577820555,1.91698319532811,18.2363979759835
1.68349765274821,0.919343153806379,1.05800163849286,1.29589710438803,0.275792902899146,1.24642967696426,1.98707541657684,1.21099754744994,2.43132143491879,1.47133611804079,17.6997993062132
0.432360344015674,1.19048747576129,3.43286106534951,1.82235071770384,2.01076395649354,1.81002806250325,1.06324125420312,1.99054944356174,2.42105772241117,2.04061022304084,18.6028100494725
-1.24040363733747,-1.65284799658661,0.0368555754631667,-1.45064854562022,-2.91695278193759,-0.678892504970569,-2.24625955021082,-1.33051918876344,-1.91511835477714,-0.384747940865621,-15.7871346264405
-0.0840330772778636,-1.05533058510915,-1.24421489321935,-0.953870052585424,-1.37503580403435,-0.574035776417627,-1.83789583813834,-0.733996252246669,-1.02369392426669,-1.19179618528619,-6.47185218054776
-1.37850706328277,-0.842919653109844,-0.791609704799695,-1.8756728595097,-1.03530776246524,-1.1916192786815,-1.32502364031445,-1.80289057167257,-1.54205497722483,-1.63111103585052,-12.1485364962103
0.20842901412191,0.417969783835777,-0.209695781435589,-0.478361760356108,0.133401365421143,-0.300269419455602,-0.586974853557544,0.531741184661671,0.284631132368464,0.284899171222385,4.09243840838464
0.663891071046256,0.274362043658942,0.733139062947159,0.741235918674634,1.42502814494707,0.336648555295801,0.849971393343048,0.245827571649103,0.774273700088292,0.556524182258011,6.89173901729656
-0.271212052072569,-0.7042397972775,-0.280351765484036,-0.721109011123976,0.0857345691199148,-0.697403840059896,-0.486118397354103,-0.453100439577746,0.0614022473949388,0.772648885602409,1.55900467127422
0.739022908681262,-0.217475695088501,-0.00501368007086634,-0.852699248139721,0.45261867824978,-0.307781525769388,0.28908479000973,0.209215712334669,-0.701752458853983,-0.0180128201114373,0.0610226994898397
-1.14881763808605,-1.41102904499749,-0.106901158658411,-0.676543368271844,-0.776717884666877,-0.0701320164624941,-0.566312698714297,-0.902453635618626,-1.1444208836589,-0.72021138124711,-7.3712197643746
2.18177963140381,2.23646367146831,0.957490154937113,0.370429271502963,0.346902097428693,1.11459036846932,0.364881484185302,1.22298521306333,0.65703616295199,0.32374875193113,12.4666417059634
-0.48284899694161,-2.32580545270781,0.0368555754631667,-1.11082325953708,0.474640195876155,-1.55657776744164,0.12779554537377,-0.505993489395451,-1.02256148939465,-1.22718507193572,-6.51463426453375
0.618201110151684,1.38887615494364,1.76029558040899,1.13139755212522,1.66455836712697,1.40766401391153,1.34243579583967,1.87518200517007,-0.100251979922464,1.0593716115819,14.0940732244174
0.0297906759065193,-1.20065948665565,0.281591356299998,0.557001949928205,-0.548094495629151,0.898318051385791,0.167559627370234,0.442378997979855,0.751956148597939,0.199367141432769,2.84253561040082
-0.643878052429516,-0.693081581698349,0.653718135511311,0.185737952297013,1.82528051735587,-0.3334829840744,-1.19666248015235,-0.61905164898894,0.528739924731243,-0.177688614377218,0.0348222369332836
-0.130148802597868,1.03843070808303,0.567896518190327,-0.156593277653041,1.45531499569031,0.117157415098256,0.862335510307767,0.74439481076566,0.542420800530225,0.46095263095558,6.5949588804958
1.56477856593882,0.67511994400351,1.70977287096422,2.04889246057487,1.56952647881256,1.27813483261503,0.4208584476554,0.974652817412342,0.903476176431699,-0.153187849690774,10.6869102151805
-0.674136615257044,0.32604790207246,-0.151221527229163,0.87792915798072,0.754958231683947,-0.5730763893655,-1.27350603287148,-0.806098547386214,0.225884710010644,0.217178109356866,0.386192965281208
1.01235686242336,-0.412021529920037,0.0725148947270886,1.31878598632014,0.374030126558623,1.00133028434952,0.151686212078721,1.91389826089767,2.07994097774653,0.323443236217757,6.62913638790795
0.0346517029914184,-0.521264005476484,0.720611641804675,0.636894562091164,1.47717219112124,1.02578359841369,0.849971393343048,-0.462043013339224,1.31138674225845,0.44375071211159,5.73511617841204
-0.271212052072569,-0.7042397972775,0.785646348527084,0.561594176848422,-1.24058918912651,0.974626814481468,-0.538916516408534,1.0536435487347,0.0109560078501327,-0.422538218489584,-0.481965057888659
-0.71367647921759,-1.35410650265942,-0.57613126665805,0.079402517663331,-0.621547469369318,-0.480351403143575,-1.27346356150107,-0.505993489395451,-0.658001996851795,0.820559430270995,-2.22140057420421
-1.02632576902518,0.586565570792674,-0.309232439078739,0.436818896752206,-0.371729537909268,-0.753444928634261,0.263032004652904,-0.713952279538452,-0.407260736446939,0.0425839804256738,-0.376707712659946
-0.686927353879799,-1.42479832076797,-1.21274217624094,-0.783090653212727,-0.672792408724198,0.0831332636432691,0.284216611908457,-0.0797045014307137,-0.564231242871425,-0.327979348593612,-4.94082472259103
0.714673436651593,0.948155134058335,-0.431290758809002,0.839371860793931,0.0161486342009845,0.86014218427422,-0.885808971917425,-1.14552251718363,-0.576207753107231,1.28522437637969,1.10824428454792
0.613014211580141,0.188098918210189,0.423844182839008,-1.20074051659173,-0.40753391032209,0.203961813120705,0.39889364506268,-0.673169583790045,0.958899782838634,1.17252550242163,2.32714542279058
-1.22569946495619,-1.65284799658661,0.0368555754631667,-0.649325584064733,0.984390935316162,-0.306029508617635,-0.714154549781345,-0.504761516945434,0.0614022473949388,0.301700513050948,-1.11070001721185
0.71546460291553,1.7941661028573,0.499647687377917,-0.217552411467725,1.00252443130806,0.336648555295801,0.0411625728059023,0.736644866264643,-0.148055567398877,0.185195593020405,6.37407417741049
-2.05152776264235,-0.952166700787194,0.0368555754631667,-0.0449119618065605,-0.600090249743754,0.555329982836526,0.165284452937186,-1.47454338068397,-1.38105379092811,0.517347937129637,-4.72421161536034
0.186322133400619,0.0386504214930315,-0.95927158343014,0.113404380893993,-0.256316725299103,0.09236910460871,-1.34330441650879,-1.15872713359018,-0.106629395415542,-1.05738290096362,-1.74109237832324
-2.41353422080523,-0.108544070332283,-1.44620797731435,-1.06086264728388,-0.541778634358957,-0.106647151673832,-0.38436501510256,-1.31780067643722,-0.358284338257738,-0.970278435045949,-8.76426850691018
0.0841501432416882,-0.91983888360212,-0.517765651077913,-1.2429192951461,-0.116439911680089,-0.912304384288264,0.127385035760797,-0.350518159152934,-0.555434054885798,0.818454387227718,-0.682525820238468
0.312578602209643,1.07991721482645,2.00438914885814,0.799906941495633,1.35580792545664,-0.0367437460291055,0.301396977944465,0.0900539476092298,0.564064525445049,0.0330932025183076,6.33149768942929
-1.29939779434231,-1.07826013477795,-1.44620797731435,0.106603780106211,-1.40242333568777,0.328368709184181,0.127385035760797,0.175118077832831,-0.57259793870353,-0.920298044725749,-6.10401241419423
0.816816192081625,-0.00130775399845177,-0.393836980951219,1.31690572174557,0.901257856793502,0.950961512650892,1.38054933803356,0.709649256140563,0.326580327503847,1.09166480591577,8.47740592515743
0.93343675136708,1.14487636859093,0.122237515668142,1.74654596969569,0.393820958976737,0.408450486087254,1.04161828333146,1.41074171013075,1.59061342874905,0.570337565334296,8.28142862712501
0.809780754425417,1.36349142592123,0.324573092500723,0.607373384525378,0.722060734320236,0.11185701325308,0.75621567057532,0.414230304274196,1.077939564003,0.812033595945567,6.8199635140184
1.96492900534812,2.25591289409753,1.98243971222549,2.6920888035568,1.8397614116399,2.57572875177997,1.22458554815238,1.14919871262301,2.42105772241117,2.07674991114824,19.8116751789219
-1.09156126753141,-0.662887682496885,-0.194400877964994,-0.48316700123602,-0.434648936207159,-0.410738118081238,-0.818314979490013,-0.0797045014307137,-0.679973596563394,-0.572304373194565,-6.17366457746537
-0.109485489080841,-0.738330014219125,-0.252310514160608,-1.62075345190649,-1.96828725048091,-1.58360065309754,-1.59542074914988,-0.874993449607121,-1.62974801152102,-1.63111103585052,-9.93658203195736
-0.0832159619670104,-1.05533058510915,-0.133836282262236,-0.264596527820208,0.116741486751874,-0.669570069810175,-0.285729088932069,0.398918472336394,0.970790431828285,-0.392955931568077,1.83024913481887
-0.168012979471621,0.124483903979482,0.717711674464213,-0.852699248139721,-1.82674047254306,-1.16642405915309,0.319389743665939,-1.33094388402257,-0.941838582030445,-0.997851339019023,-3.71785181268847
0.468199799722533,0.452961414142415,-1.20919675694238,0.889595826373839,-0.651137269585792,0.443210951847678,0.167559627370234,0.379965734311162,-0.000743291980029701,0.217178109356866,3.23374938886126
0.431368968627435,-1.10310212383142,0.00370626572012889,-0.313967780335962,-0.682957182200031,0.472476333225516,0.826253807562776,0.203046096437716,-0.355752708198432,-0.696890633261177,-0.736950262676473
1.96492900534812,2.25591289409753,0.957490154937113,1.37415446937611,0.703157719223911,2.56614659390172,2.02566040176268,1.14364589880106,1.28875386826725,1.6295245568838,16.5422472323048
0.54453419629791,0.619710738648475,0.947897323600768,1.05763780377582,0.66504507061306,0.471814372756045,1.3558948786252,0.0909483986780366,-0.165051727675481,0.363266298428226,7.21656757088825
0.423214779179398,-0.0194532781965751,0.953226522038628,-0.729330961175172,-1.24058918912651,-0.18289421289038,-0.319778269323587,0.531741184661671,-0.75119860955865,-0.727584140121073,0.448854779231703
2.28227855352124,1.22252362604569,1.08306056681841,1.24030467585481,1.60389983072323,0.370635383259732,1.69073644030145,2.03048756965639,1.24503431164589,1.17436899182717,13.567896842111
0.380155758879623,-1.04528368014084,2.41795590012729,0.0871516704056441,2.03881050167067,0.367195225404675,1.0477093061069,1.98847061108004,1.51867120346928,1.04195274051022,11.0551531634202
1.28779775414381,3.44704209510083,2.81032951301892,2.29596985777738,1.47903847613338,1.27980025201486,1.46239655061092,1.66974048869978,2.42105772241117,1.15693024474669,21.8174086936795
0.0093274608029011,-0.0958600483043346,0.836444445496658,-0.00523482076046586,-0.432275056085118,0.926473461093016,-1.07025037222303,-0.800450831301689,0.32220883111657,1.11252630367901,0.723472604880111
-0.0840330772778636,-1.05533058510915,-0.133836282262236,-0.264596527820208,0.116741486751874,-0.307409796314501,-0.225410654170393,-0.35208177971862,-0.825366406623342,-0.519027025848189,-2.39200138117719
-2.06560972047382,-0.828279128457378,-1.55870378586109,-0.949283860731225,-1.20176984007654,-1.66746204830892,-2.32647225410049,-1.28383400781871,-0.975505877192951,-0.898697462504036,-13.7591266721027
0.0297906759065193,0.826871162041448,0.733139062947159,-0.105833860802076,-0.534581790296602,-0.204544170494707,0.0895558027018642,-0.231354377345664,-0.485361101671046,1.45227383486656,4.46615700071438
1.44260613399886,0.0495681706685259,-0.0921526447449759,0.176314586495751,-0.253021234123712,0.615206838762238,-0.414587995798882,-0.0498917218019359,1.25814609245012,0.124924409118702,3.49577729220989
-0.379137684532954,0.03460707370307,-0.0187361137340818,0.114788674500728,0.641533560712062,0.325223678819127,-0.107630657725523,0.379965734311162,-0.608420906315445,-0.599726850840994,1.30600324721362
-0.234092256025179,-0.0222952570478691,0.576993526339261,-0.00347077797852838,0.515911375357012,-0.26217817634856,0.199475338256889,-0.160754464366118,-0.485361101671046,-0.00754717012119308,-0.0978847422212994
0.453923977340025,-0.0653690986308354,-0.276708295090202,0.00040184821232688,-1.4029273030189,-0.900716163812035,-0.913933274293394,0.124849618352768,-0.206835506310733,0.546536348443183,-0.108538165739648
-0.00444874674807808,-0.339779272343075,-0.721550673843791,0.374171495087074,0.406100171724884,-0.678189151875694,-1.51832762386012,-2.06613071310638,-0.954063968884939,-1.30665086746725,-5.43643818541216
0.638996488615817,0.447451253335557,-0.03662300725012,-0.0580635793290083,1.16029110868941,0.850769882106026,0.146499747671438,0.533738593729486,0.905426916294829,0.63314244145366,4.51475213091728
-1.83272882156421,-0.192097333946449,-0.364171757054142,-0.581899395415425,0.500390117447437,-0.49864719333616,-0.803830581491043,-0.394011871974369,-0.653701113097973,-1.00142582181521,-3.71785181268847
0.483385369250624,0.700120577473256,0.190358037420587,1.08949622722073,0.748753776716142,0.693682314661575,0.742286151897928,0.654023125551531,-0.10050073886032,0.765534118560057,6.27954150289086
0.742790336890967,-0.419201178653127,0.238160921622903,0.692731981164344,-0.461793761715996,0.647668390191408,0.233720853675638,-0.349650024110313,-0.453137912673884,0.863791575103386,3.59349114531054
-0.0840330772778636,-1.05533058510915,-0.133836282262236,-0.929044002741928,0.545420914308045,0.629697510347083,0.438930459533226,-0.453451485506294,0.0516684008807682,1.63402850704087,-2.59112316039563
-0.584279605762789,0.270689308820039,-0.237239465836197,-0.623759793155252,0.217481416767892,-0.647450166610703,0.826253807562776,-0.798869382987163,-0.293253163199865,-0.183196452377329,1.50465805775738
1.04140342649488,1.29535259305453,2.034202913358,2.14632411158021,0.951333389064926,0.349790519420952,0.77291835680829,0.81730413279476,-0.266712792626562,0.590254146259629,14.0046492704577
-0.449739220540602,-0.0738583993163419,0.262643497737221,-0.199790100098107,-0.790832994354039,1.2210252545434,2.21214756294889,-0.194740549321869,0.0109560078501327,0.485158307269949,2.89713364456192
0.638996488615817,0.447451253335557,-0.03662300725012,-0.0580635793290083,0.0553513539240921,0.296922897802231,0.484511230055131,1.27652934680162,-0.0151816695228997,0.541051183503663,4.62134114947387
1.20600408411499,0.151703466562484,0.410288458745862,0.152042738505353,0.767069225605611,1.77479318127758,0.537164966594373,0.730684721170504,0.607702486158795,0.374721166652981,8.67789406384256
-0.0643170229232254,-1.96524290494339,-1.76302339633722,-1.42440884193754,-1.75503507489633,-1.48090118098414,-0.666416064291063,-1.91039711865053,-2.07555057365749,-1.16649557211136,-15.3964289009626
-0.203030199432505,0.278995302004658,0.331156977797768,0.683299624679266,0.875125573119409,-0.370546375644134,0.491106147033153,0.738593717511819,-0.0245946345310653,0.119483216274781,4.35938471961281
-0.368703559923616,-0.987962068005641,-0.416019239892447,0.278795889938551,0.933504846945458,0.876350307015847,0.418036365175938,-0.387874510090001,1.02927854437772,-0.688046161574424,-2.59112316039563
-0.109485489080841,-0.738330014219125,0.103645488662127,0.377541627531138,-0.0972145918763986,-0.985943465039353,0.0133136660731583,-0.49957706986917,-0.673634717677462,0.849464499146519,-0.373374379739214
1.19654944350828,0.59532099228555,1.44334312344854,1.42416623586662,1.99189476896894,1.399376738654,1.32382816872659,1.2196040862299,0.564348506861158,0.368650488350773,10.6159134124888
-0.253256590132619,0.45477889224007,0.238160921622903,-0.176134328852186,0.153314203114665,0.221504709198834,0.285187893043261,0.577205130195369,-0.338721630794813,-0.23691865303025,2.68360088739694
-1.08675973806801,-0.662887682496885,-0.194400877964994,-1.45716505343729,-0.848594324469853,-1.49601184509462,-1.02335964532042,-0.685047885744445,-1.31489877363196,-2.21387499874877,-10.5327696601206
-0.527299689769718,-0.349240238475677,-1.79410386249536,-2.40036595519093,-1.45843068911878,-1.10934718819645,-2.32647225410049,-0.548023128951138,-1.35583113232185,-0.107630662923059,-9.89255065385274
0.0688354516819294,-0.604821782172822,0.58540018304893,-0.700094164958092,0.422106449058196,0.235124263680334,-0.158642159064697,0.988873199723771,-0.089574946356227,-0.245462273491154,1.24776374084637
-1.20169251714727,-1.09982124280096,-1.44276001752398,-1.0855570001762,-0.608929116778089,-0.775688536908481,-1.33028599700889,-0.153614239650266,-2.4981930219906,-0.586806415137094,-8.87737293534821
0.750005056538795,-0.105417337056061,0.0668422110996075,-0.452314527294907,0.0903779305788073,-1.26670499148719,-0.803830581491043,-0.576289164318354,0.225884710010644,0.430263092801927,-1.88278705904918
1.54286107889757,2.83364970303387,0.567984673203015,1.43556755526993,0.460211628010168,2.56614659390172,1.38325436947897,1.99054944356174,1.37004984230496,2.64142721496626,18.6897801418491
-0.0594464523076219,-0.878310970031649,-0.234845734483881,-0.578569130356626,0.388759525917992,-1.04606535409617,-0.486118397354103,-0.453100439577746,0.0614022473949388,-1.01460146482969,-5.23085319603813
-0.498833233769255,-1.41643429240933,-0.892818387461522,-1.86751519043764,-2.08050154148242,-1.47793969792189,-0.904019677613764,-1.82641635633994,-2.05462599521373,-1.52396004688872,-14.9729156355175
0.948960884074908,1.54093759102394,1.66673647460047,0.104043075708561,0.125997805419576,0.674163259698996,0.537164966594373,0.830422701639107,0.282501915217523,1.16273552234609,10.6754298626512
0.468199799722533,0.432973034578894,0.733139062947159,-0.503580828245481,-0.550008740742979,0.474116031007186,0.785996338873759,0.135361415918,0.331380379983573,-0.509475448558772,1.15338501613522
0.453923977340025,-0.0653690986308354,0.731596680548606,0.598721446089291,-0.817643494279393,-0.391669958275124,0.112027760643793,0.714666367692634,-0.488764758577927,0.212767187371973,1.13018992843712
0.0431290702484197,0.110250183880379,0.290191525647403,-0.591853022229605,-0.437806648891324,0.898318051385791,0.284744408417377,0.0617730916051511,0.387627452831891,-0.0812461930616609,1.17276103253207
-1.1567483998836,-1.54223377790017,-0.913630692297627,-1.0855570001762,-2.19509246441805,-2.50624658398646,-1.9344131290121,-0.693722546741701,-2.32605564607708,-2.23420774949347,-16.0150154006497
-1.35986710054621,-0.842919653109844,-1.21274217624094,-1.24195919837332,-2.19509246441805,-0.31384252194506,-0.858998027624373,-1.34638119637922,-0.989520849907939,-1.89990549155145,-9.61453386374107
0.151380602566669,1.48557840416858,0.239212817943946,0.00162579082703484,-0.217194767050351,1.49915553269581,0.358429051554065,1.03360888059558,0.168483615996417,-0.47018742178971,6.81686148560148
0.809780754425417,-0.00130775399845177,0.298036942841143,-0.431188279524598,-1.24058918912651,-0.307781525769388,-0.803830581491043,-1.07269192289246,-0.673634717677462,-0.901628900918299,-5.23085319603813
0.567182641352296,1.56855570001838,2.22538781099985,1.15105606971869,1.77439593906337,1.32517273425388,2.00468867829025,2.11767048973157,0.721941631523561,1.17436899182717,15.7671552679845
0.523016515347298,-1.81198956155298,-1.12304267669459,-0.0340373061821796,0.434545980758001,-0.036041841760383,0.704727637591053,-0.806098547386214,-0.477879255905037,-0.50109266341653,-3.03833736011011
0.742790336890967,-0.419201178653127,-0.95273116113536,-0.496218428028963,-0.0344689955621036,-0.828553632909207,0.562830168303309,-0.806098547386214,-0.130949220278672,-1.12905458175961,0.456502884942644
-0.565316767940526,1.76606892383944,1.00852246792183,1.65556978556637,0.932612041794657,1.24642967696426,2.78785818296485,1.22298521306333,0.766106079408361,0.732435977831802,10.6159134124888
-0.0593494852726013,-0.878310970031649,-0.234845734483881,-0.357881913811983,-0.883257952799434,-0.153741033989669,-1.59273775022726,-0.370976073629445,-0.728228268323799,-0.496982470592734,-4.89361617657879
-0.293334364263728,0.841643291312176,-0.31952103953544,1.31926598151474,-0.80747724148291,0.441529843241648,-0.0330736381578335,0.685695267266002,-0.285685473543441,0.519363973264582,3.36948941348219
-1.48297979068448,-1.39379157125214,-0.682560727534257,-1.0855570001762,-1.82897422388886,-0.600668159103502,-0.741409440995099,-1.1658862618549,-1.14198756277568,-1.68737969304955,-9.93658203195736
0.354017474115136,-0.00469501944610216,-0.622146133372069,0.255352364782294,0.904800014738048,-0.875425166196643,0.729471902095196,0.61939793182324,-0.323005953607433,-0.712478518438441,-0.334736780141724
-0.474748294077935,0.0641571284646449,-0.215908071422277,-0.416712636596472,-0.291145055411226,-0.181055664216363,-0.290525747498118,-0.703366246301041,-0.335060488650497,0.525926025714265,-2.78293009131125
0.829120816102625,1.34791372309199,0.910809622725687,0.799906941495633,0.5732517977083,2.00562871941083,1.69073644030145,2.03973197829576,1.03050527706085,0.390523029967863,15.2244089310029
1.34200462081198,0.702304730661059,0.118206203366125,1.3127770338713,1.02854168082124,0.936927773009871,1.49607151443575,0.980469494566981,0.826371966403453,0.275493018059663,10.7247757209868
-0.44609872920988,0.0952720581153328,-0.0250424515361263,0.114788674500728,-0.0972145918763986,1.13932727062612,1.1235027992835,1.27652934680162,0.565535765622385,-0.186943799768911,4.47468788219112
-1.3012559361975,-0.852670278940053,-0.57613126665805,0.0985284133965184,-0.187684120689265,-1.29068427518109,-0.0361972309830843,-1.21155595546083,-0.755982562780383,-0.327979348593612,-5.41926897351858
-1.56481435687966,-0.0373126196889187,-0.140292780194026,-1.85557032001833,-1.40242333568777,-2.23460381014067,-0.390963521722242,-1.5900288315508,-0.204488849866012,-0.728490573395751,-9.66691369121758
1.39292727477269,0.91090873491672,1.47553656997031,1.29589710438803,1.3442308008146,0.937247685139135,1.75856252611473,1.87398484872738,2.4534218715417,3.30764420420229,17.8099081604766
-0.0155414950160249,0.123515284788281,0.331156977797768,1.31926598151474,0.65193565508671,0.226837815823092,0.47682539970446,0.442668173287351,-0.0255284571794648,-0.549762101239748,5.66413645681839
-0.698363868377589,-0.771951383948612,0.0719514328450788,-0.249590982772712,0.958649284903235,-0.750029589350645,1.64536490077641,-0.252723476630997,0.242881731290561,-0.0923600505665701,-0.950413133538891
-2.11493540634631,-1.02127767750109,-0.31422388028243,-1.79630096716513,-1.61476679731446,-2.53154251566818,-2.67371956972845,-1.47131359451273,-2.20959449379176,-1.77244346820774,-15.0668839288191
-0.203030199432505,-1.02336154188449,-0.13910234337474,0.345601179109534,0.0586208273802167,1.00146618683571,0.720741755011757,0.802803164830623,0.0109560078501327,-0.259496798251476,1.13018992843712
1.48775041486862,1.32289356774018,0.255734839395383,2.61730804122767,1.77439593906337,1.63711501762938,1.98191031407255,-0.199060054226309,0.65703616295199,1.66528883587263,15.9686683610211
1.30130251656142,0.280227231904038,0.689344531620326,1.07730845399877,0.194055906131972,1.07140394456932,0.947519890921567,0.318992008255816,0.838139454289417,0.986682206599287,8.49344960002799
2.12814751367968,1.60863565060376,1.20137228975907,1.5941880714033,2.33788930377561,1.69244881469364,2.06624989591161,1.88248105229458,0.793226501747504,1.63606755011732,19.7751489212216
-1.66545920850754,-0.387522776742848,-1.21516830851959,0.113507769352144,0.225745443542987,-1.05500728700133,-1.39623715926001,0.782357465308153,-0.201918898122088,-1.15619996174026,-8.02398601758656
-1.1763059906959,-0.805391806446362,-1.21516830851959,-0.649325584064733,-1.62480376987412,-1.79659689858181,-0.390963521722242,-0.0751648578250646,-0.815289129686247,-0.435241489398328,-6.98173992914502
-1.22569946495619,-1.65284799658661,0.0368555754631667,-1.56026871005209,-2.05422227090094,-2.50624658398646,-2.13608428073987,-0.559192133287729,-1.37200876933422,-0.777656791694078,-12.1485364962103
-0.707969035754513,0.139420306029957,-0.467082527117922,0.000691313247980923,-0.293334435708408,-0.355270246903973,-0.378620024577583,-1.11030041160541,-0.649176974339834,0.626815770003862,-0.475231300477709
0.184829754453162,0.211779087637828,0.162227865397635,1.31690572174557,-1.6643701734694,0.00880181155187938,0.627373790271565,0.747801668538103,0.997202190886026,-0.890627870092149,2.42619563876162
0.00970470843606009,-0.793840084110643,-0.223066606206686,-1.08401818804057,-1.08169552348372,-0.0720747668231218,-0.537493511881802,-1.41791719173229,-0.568614266552762,0.820559430270995,-4.49185532485615
-1.22569946495619,-1.65284799658661,-1.89840593895925,-2.45072055243897,-0.783473924002987,-1.69799617118558,-2.54699253197971,-0.428040226310049,-1.21633210121052,-1.51470506616239,-14.914889349035
-1.50195076307826,-0.219629507694262,-0.0173895936186979,-1.28563465206093,-0.460908354541064,-2.41739333237352,-2.62028901696028,-1.1986768486727,-1.77311666959175,-0.470488033432004,-10.283195113031
0.71546460291553,0.948155134058335,3.43286106534951,2.57303581087456,1.62546007479981,1.58156626617673,1.64830835781426,1.28987326651169,1.69681168410564,1.16977084023282,18.6897801418491
0.186322133400619,0.0386504214930315,1.30987500289672,-0.642944893838,0.701670992982817,-0.350692343526123,-0.0993164958701456,0.839274635493931,-0.478473279186526,0.605510712550805,0.288001890702624
-0.463245093096989,-0.89820194939643,-0.765299777560157,-1.13311718999333,-1.13090019680929,-1.55657776744164,-1.28091057746436,-1.84408939469702,-0.989520849907939,-0.477619048293674,-8.09592662930156
0.316886371886089,1.07991721482645,1.75908718741653,0.852638810061464,0.519049684831944,-0.479705680906147,0.743408263605724,1.17374515561287,0.564064525445049,1.45848760401637,11.5136693385462
-0.03688913124755,-0.71692497036987,-0.146844944235248,0.374171495087074,1.1856428305263,0.221504709198834,-0.0330736381578335,-0.259088893477289,-0.0100770982415549,0.79122882199076,2.52828567115532
1.45230976925462,0.0495681706685259,-0.0921526447449759,-0.215530813247267,-0.562847387108323,-0.135930159116107,0.622768559800745,0.738593717511819,0.744896762580037,0.472886130505566,4.33535561078571
0.910069659900623,-1.66441891283161,-1.30580233950683,-0.746297021930443,-1.65991262539457,-1.7292423952774,-1.60454267823305,-1.16458287487456,-0.726945876475112,-0.125734548744169,-8.27597324513854
-0.670869608547533,-0.134449491121356,-1.08343950685945,0.11056748203257,-0.43863363195985,0.170010473972838,-0.860370939164134,-0.514795245202697,0.734187583424386,-0.392955931568077,-0.475231300477709
-0.410998914398397,-1.05622778698378,-0.198350163203748,-0.00656637751899619,0.286315625372982,-0.860720983426309,-0.0859340539073854,0.187262366914333,-0.170342357182027,-0.567963966305649,-1.99640604345712
0.549223119610993,-0.703520020622316,1.75521668588766,1.00258553261766,0.15857448352212,0.695576461597506,0.222890595597197,0.74439481076566,1.49920328260007,0.570322624706389,6.89173901729656
1.7591462365902,0.456207500884879,0.620815059036632,0.70565762259805,0.776610211521931,-0.887599375238218,0.420044286590722,0.416810607172036,-0.564206831488242,0.75730032901822,6.28252832456309
-0.0457859613972914,-1.31383492681088,-1.18945741622513,-0.0897284895977258,-0.0918886032247433,0.729967078909112,-0.67992534605088,-0.329543235745289,-1.15427715124692,-0.606036323011769,-2.26806839187877
-0.330433448261178,-1.01326051578465,-0.416019239892447,-1.85557032001833,-1.18725734373926,-0.106647151673832,-0.209596454665618,-1.26536717402431,-1.28228960722757,-0.118878068300507,-8.76582015847637
-0.483939823362541,-0.511237848440991,0.785646348527084,-1.19451552295144,-0.78645861396641,-0.532444689139012,-0.334096629817813,-2.06613071310638,0.483634433492508,-0.519027025848189,-4.53801652961842
0.305470489698325,-0.219525410882529,0.188873589557036,0.00753303876361236,-0.885247314489805,0.613880499960232,0.144493529942002,-0.304737256310278,0.363745840363423,-0.823212963825024,0.0388727335018865
-1.22569946495619,-3.40294727251353,-2.45503434331308,-1.50132580371965,-2.23981560675337,-1.80322666308784,-2.24986816908192,-2.43975828617139,-1.72093716187394,-1.54715196749389,-19.6140064877379
-0.0037202068513753,-0.339779272343075,0.531949715436486,1.26520080398704,2.2690637629956,1.42114609287285,1.04176979926262,1.27042797951717,0.668063089627545,-0.159918603972869,10.8971031079091
0.679172343005065,0.3260627419238,0.499640292891373,0.302925770247472,1.49864204959782,-0.0547460462997264,0.948024321339245,1.42570214281037,-0.122510966768368,0.771556112434372,8.69281535758153
-0.0154826199085127,0.203492545857185,1.30987500289672,0.596328934785925,1.56540907684213,-0.683959738406201,0.545557442433916,-0.135194592354124,1.39269589984364,0.884783198899376,6.27954150289086
-1.80224103115,-2.09803475707845,-2.25417834942773,-0.689377665909878,-3.00036028045282,-1.59018366274497,-1.16289904070395,-2.51248083182818,-2.2419859425586,-1.89821130057338,-21.0234433710639
0.476470448963348,0.430772844475682,-0.667312449824692,-0.384211533998657,0.0727447892059914,-0.104841944988707,-0.756027270589823,0.941760399071323,-1.72749999578141,-0.901628900918299,-2.20424754274115
-1.22569946495619,-1.65284799658661,0.0368555754631667,-0.649325584064733,0.67305226659514,0.248934152879739,-0.335611677805698,0.0514647445250021,0.454702174208834,-1.00944993755677,-2.11971243731318
0.0027958069684489,0.628773436050357,0.00797003033794513,1.35469784915228,0.374030126558623,-0.0910301369387681,-0.268938571779103,0.330470687415443,-0.453137912673884,-0.630229506267685,2.58727666039646
-1.22569946495619,-1.65284799658661,-1.15555210658987,-0.251579139033369,-2.91695278193759,-0.023272976724511,-1.78683551888433,-1.82641635633994,-1.94602163465137,-2.34167357724441,-13.9029706704207
-0.474748294077935,0.0641571284646449,0.824019526901885,-0.653333173623602,-0.437806648891324,0.203961813120705,-0.0274269127507616,0.399611770235869,-0.704873413507605,-0.743428860237288,-1.21839233636512
-0.0457859613972914,-1.31383492681088,-1.18945741622513,-0.0897284895977258,-0.899085281525164,-0.912304384288264,-0.516629112865549,-0.840804527233215,-2.13644130324032,-0.0483711064560255,-7.62140600936028
-0.148578235369892,0.099098152223738,0.717711674464213,-0.852699248139721,-0.0635744850028506,0.198970771695305,-0.458486497209669,0.658599208518362,0.033601795401414,0.828834889283802,0.660133515713453
-0.828056116641893,-0.235568324254231,-1.11076472631126,-0.907337751572708,-1.33572540165253,-1.13756244942956,-1.60522713348539,-0.307042787294811,-0.550712674100235,-0.731596113019574,-7.12287132290447
0.151380602566669,-0.653475988416114,-0.985960344668228,-1.05120188066403,0.00407202321372192,-0.81513095365631,-1.18970274426967,-1.62944682360463,-0.640889321887241,0.820559430270995,-3.97657347217647
-0.114801869788824,0.68245690728233,0.104872458894022,0.243138066176027,-0.295729043060954,2.04866274850047,0.64452724961159,1.6768106690992,-0.0185630876161664,1.10172953109923,5.01891279380168
-0.443315269959694,-0.075585976227216,-0.767689559105993,-0.576828971938817,-0.135371215569899,-1.63144681012297,-0.569323014125994,-0.638713935854997,-1.24952803283268,-0.790361998228703,-6.75023954220494
-1.1763059906959,-0.653994159070103,0.138183965594011,-1.28563465206093,-0.84056477483189,-0.882645797194908,-1.06993940511544,-1.27349991736207,-1.15961590571389,-1.0636069330828,-10.443250176684
0.607097938190553,1.30640252506151,0.674903942138388,0.947932855302277,0.407274463234243,0.411669994372393,0.849971393343048,0.785626792427049,-0.122510966768368,-0.969481686741109,6.19607855922378
1.38553828409009,0.811278542543245,1.44332905025836,-0.249770651982889,1.28981020525237,0.25687864756777,0.0203974682474293,0.940226352431551,0.87338925788234,1.72656201531753,7.96859175681357
-1.17353647264475,-0.805391806446362,-1.39112335487791,-1.77943886531304,-0.664942869083965,-1.55881645889542,-1.59542074914988,-1.5232734486141,-2.264591381375,-1.51994677599628,-14.9729156355175
0.402307604925239,-0.0406338146794862,-0.622146133372069,-0.870148400893246,0.0372228255989482,0.94233305120525,0.977910873675928,0.669823280615682,-0.0804180430866839,-1.06618094394265,-0.0978847422212994
1.15753549689196,0.626235707546502,1.44334312344854,1.08024713343612,0.484391629830833,0.419060100128229,0.537164966594373,0.230341676875347,1.35957045709205,1.54923293073993,10.9216848717216
1.04140342649488,1.29535259305453,2.034202913358,2.8907386313315,2.36918002631701,1.77483133752099,1.46239655061092,1.55257440924202,0.793226501747504,1.25168570796748,18.7286003534642
-0.193600583272,-0.146830059479404,0.637143295063114,-0.502146458272559,0.371639714417487,0.0463575619296054,-0.782989849049248,-0.252723476630997,0.706510567985131,-0.756380138462857,1.1070331531155
-0.464081478997331,-0.461981984238891,-0.706898538269424,-0.506006527065906,0.0607070461597646,-1.46346933642101,-0.217323206811956,0.0611555288569828,0.923348360965947,0.0425839804256738,-3.21113681314564
-1.50195076307826,-0.219629507694262,-0.902470826143957,-1.16650854300291,-2.64308401830818,-1.75453349862092,-2.37669961344497,-1.85595953149217,-1.20138865028027,-2.87632828050877,-14.7339414637875
-0.623263961829121,-0.198161693420779,0.584560123471677,-0.563667788123708,-0.256316725299103,0.0413142706628376,-0.40799092271967,-0.600876183049819,-0.747051782074059,0.849464499146519,0.448854779231703
-0.114801869788824,-1.60278896455294,-1.39214723620561,-0.263001630439938,-0.9433781054313,-1.13756244942956,-1.12762161794065,-0.685047885744445,-1.81608361697687,-0.37112512483999,-7.45937707366296
-0.704895361200355,0.390451464406056,1.75521668588766,0.105942242623582,0.601080796497031,0.441529843241648,0.226506878744727,-0.442263932864868,0.119936432327345,-0.778256614416838,2.42619563876162
0.967415064603285,1.26401848401614,1.5317191089568,1.10986399493107,0.275792902899146,0.645544077926462,2.38750801059036,0.675814258005232,0.171223412050263,1.44077016376718,11.8246284422079
-1.25628697737361,-0.213007652235554,-0.765299777560157,0.159545459996878,0.17174305997382,-1.09647733667284,-0.0273728676341725,-0.504761516945434,-1.11936679518239,-0.496982470592734,-6.62144969539297
0.407596057381648,0.4663303768542,-0.640209975476453,-0.0110278280724006,-0.106773965738796,0.325223678819127,0.914422438400357,0.835077110517993,0.934936937379352,-0.938422781667352,2.9864854199403
-0.546769656397561,-0.292401601537405,-0.622203135502953,-0.929044002741928,-0.187684120689265,-0.178713131425456,0.274693375157184,-0.328731909652122,-0.703880775400684,-0.466903849497792,-1.60526636845695
-0.160961192727988,1.30111503296912,0.720859560501574,-0.40426339240921,0.267165150129594,0.778555639326619,-0.885808971917425,1.27652934680162,-0.564206831488242,-0.0786351418272183,2.24660759528617
-2.11493540634631,-1.02127767750109,-0.31422388028243,-1.74562799274491,-1.28145847874908,-0.927019486282463,-1.73575018385714,-2.86802065287364,-1.33812195096253,-1.17963248913454,-14.9729156355175
-2.21442318961205,-1.21727758642975,-1.99217508667168,-2.94856213131029,-2.23981560675337,-1.09266685653781,-1.92780332866018,-2.09228828359301,-1.15844335909183,-1.77244346820774,-17.3731126449611
1.93012185454057,1.41910500099782,1.34864157052304,1.24030467585481,1.46048307763153,0.959033826314323,1.92462228042179,0.889885335148795,0.564348506861158,1.2272684015525,15.9686683610211
-0.810029442361441,-0.968209117928481,0.138183965594011,-1.00953451870789,-0.601175355540205,0.25783546009558,-0.892479978129822,-0.203749684570528,-0.483479490837772,-0.0739405716442494,-2.96899490497122
0.816983715433575,-0.00130775399845177,-0.393836980951219,1.31690572174557,1.60465197777033,0.53757249541828,0.742286151897928,-0.623078303578448,0.948429639091843,1.44351982065005,7.04749986197537
1.22998024029699,0.494474925894263,3.43286106534951,1.9221329773921,0.415018011714449,1.30989584207115,0.532456881394358,0.384359101072236,1.25170236566076,2.35917302233102,13.5431281047106
0.809823684286925,1.01574444300933,-0.610263855313103,-0.156593277653041,1.00497272786785,0.387687951884586,0.393701980840576,0.603288695949058,1.13997718618743,0.320292906338568,4.8560022059681
-0.293334364263728,0.0509491427815306,-1.07299529200225,-1.21274787433308,-0.600090249743754,-0.0619492077187569,-0.785188809747817,-0.277544796975909,-1.82060460160937,-1.84249151550323,-6.70392400207009
-0.741362287758905,-0.635210697214575,-0.492273077298164,-0.936994785112753,-1.29407240424261,-0.591700757027193,-0.891751993333657,-0.171753952536022,-0.471142550418602,-0.790361998228703,-6.72002687282258
1.20906579904403,0.201701528265433,1.42121161440415,0.947932855302277,0.372721832083476,-0.248280136257685,-0.473544827543551,1.03948642181937,-0.0638515153460934,2.1507111976861,8.99186693323143
-0.530755880431782,0.00852814983940142,-0.767689559105993,-0.106442408876479,0.852895911909198,0.405294186803445,0.199475338256889,0.210228348204158,0.284631132368464,0.679926827770907,1.62449173367537
-1.20169251714727,-0.691340503989416,-0.537646236243415,0.231772033451864,-0.0337251567352638,-1.35555848114351,-0.729745773980707,-0.926247199202257,-1.15553850319433,-0.74808936990353,-6.16602620193814
-0.0152207464124652,0.123515284788281,0.331156977797768,-0.393380309396277,-1.4029273030189,-0.647450166610703,0.364912395649727,-0.761160632288179,0.0889126938939601,0.106898143509051,1.50465805775738
1.4219380176969,1.67855251441939,1.04288122817339,2.14632411158021,1.56952647881256,1.30723961209613,2.00468867829025,1.61695226880533,2.20657672362364,1.16977084023282,16.5613175833828
0.173994208836871,-0.798177212220179,-0.73055885381143,-0.721109011123976,-0.374796424304993,-0.352463141139798,-0.785188809747817,-1.19683427089474,-1.01065927131916,0.221249772624531,-4.07467216630819
-1.1763059906959,-0.653994159070103,0.138183965594011,-0.264080446480143,0.356522001628856,-0.310881174187621,0.263032004652904,-0.840202182217894,-0.797639344817792,-0.519027025848189,0.773070032652579
2.4585225893275,1.22252362604569,2.00042192584638,0.370429271502963,0.42758733845763,1.05601270027884,0.364881484185302,1.61386405700307,1.27268736102582,0.573883933948904,10.6159134124888
-0.546769656397561,-1.18805549640815,-0.587712956208862,-0.968820466966294,-1.51126745342214,0.18142393114544,-0.1041688739462,-0.0797045014307137,0.507775802287232,0.31157490509342,-3.28082344693718
-1.01688431533811,-0.624538215115442,-0.0173895936186979,-0.600310099065187,0.0607070461597646,0.00123970056707182,-0.0606152939871004,-1.11030041160541,-1.23780348612301,0.0969556039846932,0.509573626280869
1.05456471282436,1.03995169342168,0.922068551746187,0.37600609220143,0.884997353884679,0.547673169669675,1.84824109258688,0.705037869845315,1.26914670638519,-0.391389834136573,11.5136693385462
-1.21594204092435,-3.40294727251353,-2.45503434331308,-3.35027700969383,-2.23226077484347,-2.34915563346558,-1.94283888333497,-2.17650863326516,-2.36718874586685,-3.4065572603402,-23.5873852563753
-0.358486345011983,0.649280572426313,-0.747833915282355,0.348385061320546,0.365019656464792,0.400640766646017,-0.660846192477585,-0.961742114474081,0.296913441373093,0.0871697541113535,2.40073138109995
1.1336303896311,1.32334283303478,0.70238665270488,2.61730804122767,1.03182712167546,2.56614659390172,1.57387458054672,1.61695226880533,1.19427844161823,1.63606755011732,16.2954809146151
-0.429100617779508,1.59897165912051,0.722720333300802,1.79823955916972,0.170271020764376,0.288992848799395,-0.611581008986993,0.174997567136729,-1.24081444393108,0.449948805601243,5.66413645681839
1.55662097914198,2.83364970303387,0.567984673203015,1.43556755526993,1.56952647881256,1.69631775718021,2.3286433782064,1.28987326651169,2.20657672362364,1.03071826635616,18.7286003534642
0.571205774340043,1.30105509304622,-0.0680450986769771,-0.201549325562762,0.267165150129594,1.20747304978666,0.862335510307767,1.22498672194231,-0.0638515153460934,-0.706930486050346,5.77115150280894
-1.11289291705777,0.0994816925519018,-0.880038826825638,0.0665143366795705,-0.120059991369445,-1.2370175464329,-0.174745840500946,-0.673056603752361,0.31771962887416,1.24852806611377,-0.730118901928299
-1.55831252881215,-0.0373126196889187,1.21409171794734,-0.771387239463603,-0.985725527928107,0.283540924025991,1.02636626618661,0.0826847626563673,0.612757527733899,-0.185268704800531,2.26695719596616
-0.464081478997331,-0.461981984238891,-0.706898538269424,-0.506006527065906,-0.374796424304993,0.00123970056707182,-0.893253504408918,-0.308516625575158,-1.32517640223191,-0.921774286753842,-4.86168581792182
-1.56481435687966,-0.288867463232803,0.087211962895605,-0.0818641759415764,-0.300360710678174,-0.788500619178152,0.266447012537953,-1.00236709239917,-1.82060460160937,0.617459405264583,-2.79036533282153
-1.98691187574392,-0.952166700787194,-1.15555210658987,-0.957996553502036,-0.479337211039302,-0.442501942768426,-1.72365626622762,-2.1388168286465,-1.56542123048991,-1.52890899287535,-12.3901168074925
1.03353114274092,0.147167902394192,1.2946262779207,0.492479251356019,1.81248434948189,-0.248280136257685,0.446117959606801,-0.284635888877123,0.756273104609549,0.984257756054635,5.94026940457564
0.21753857765472,-0.458290761576346,-0.176885591763004,0.0451513937595816,0.0774689087255723,-0.814114272039788,-0.67992534605088,0.633922665447178,0.0709147186937155,-0.263953656761876,-0.736950262676473
1.28576920232216,0.358732006139345,0.699018111019924,-0.628306018254881,0.611162892169059,1.2406358352386,-0.420024283559417,-0.462043013339224,-0.02109829615555,1.54129260169075,4.28359175763916
0.546380602871511,-1.0936148381339,0.147612048039855,0.113404380893993,-0.0635744850028506,-0.0883409217205796,0.873503135482355,-0.270809307093247,-1.23500129153611,-0.569007839189859,-0.152371845932308
-0.787760959242877,-2.29063214755803,-0.746005327655519,-0.57235846955023,0.65588050352426,-1.18888525819866,-1.06993940511544,-0.822683906547411,-0.878618997093513,-0.4332072067815,-10.2266244640657
-1.35070813744103,-0.187687268125971,0.803770440665753,-1.95817705518561,0.124345869471136,-2.32734473085349,-1.11423525220801,-1.44456940596692,-0.0664051367433261,-1.84249151550323,-9.01351477548258
-0.0933587912723925,-0.960707453614352,-0.492192519679923,-0.506006527065906,-1.1725342413791,-0.63523538422216,-0.890363523150542,-0.912605550005224,-0.588038479126474,-1.00261264880464,-5.80842431576925
-0.977819018752456,-0.090531939169387,-0.0977030547039993,-0.739944265931305,-1.4382328808803,0.133955855142329,-0.0315172025140218,0.0514647445250021,-0.676002726766655,-1.17573451766761,-3.70589572338255
1.15753549689196,0.626235707546502,0.547679912805996,0.845189284463249,1.15934536086406,0.674163259698996,1.13494863837257,1.07108880099432,1.7224527523366,1.74122151444271,11.5597362622157
-1.98691187574392,-0.952166700787194,-0.682560727534257,0.106603780106211,-1.40227521860487,-1.05543059630079,-1.82693646219273,-0.433256646457742,-0.801114000474573,0.00745445168854406,-8.76426850691018
-1.37850706328277,-0.842919653109844,-0.466096049119819,0.079402517663331,-0.049377508487979,-0.568867683487478,-0.0273728676341725,-0.7020052195711,-0.125789041612064,0.546536348443183,0.456502884942644
-2.11493540634631,-1.02127767750109,-0.31422388028243,-1.79630096716513,-0.30768244292996,-1.55881645889542,-1.69690687022975,-1.91039711865053,-0.618746388585401,-1.16339104568551,-12.1123721253697
1.96492900534812,1.65929525760198,1.23933709988955,1.47023874713709,1.20764950787836,2.56614659390172,1.57387458054672,1.55257440924202,1.49867382987716,2.53233874431321,18.2363979759835
1.39292727477269,-0.492584308683982,0.423844182839008,0.916342927906908,0.84064055586735,0.978557965351604,1.62202800535066,0.318992008255816,0.838139454289417,0.0330932025183076,8.49963962601158
-0.160961192727988,-0.233813262089303,1.11508122345499,-0.184553218937264,0.378678449113308,0.537896855457097,0.780337652963779,1.24136212180093,-0.0608412433304307,0.0555277180762519,2.03851061328192
0.854064451463866,0.678178240006257,0.689344531620326,0.193487116856425,0.292976930977058,0.367195225404675,0.184185411747165,1.91389826089767,1.18744895247902,0.459127211863066,8.82861901963815
1.05456471282436,1.1076084203574,1.70977287096422,0.951156490931026,1.83304609795291,1.56685610956724,2.10402930131354,1.78667776626078,1.19427844161823,1.47133611804079,14.4051252706469
1.37809908539914,0.811278542543245,1.44332905025836,1.05042365007144,-0.25121731820763,0.936927773009871,1.91261256945239,0.887905676960629,1.03998687910633,1.1551291025539,11.1796127791997
-1.88614851844683,-1.10182006081154,-0.973906494309735,-2.69733301986899,-3.00036028045282,-1.67412747517268,-1.5133185590427,-2.29639380544024,-1.8296677405647,-1.54715196749389,-17.3731126449611
1.31710130423544,-0.624233953084289,-0.545526626465378,0.50655130572593,-1.24058918912651,-0.678189151875694,-0.183061662509336,1.1222959034829,-1.31339559764225,-0.705064902757956,-0.775170296587095
-0.527299689769718,-0.349240238475677,-0.540948204265171,-0.47461978674824,0.787170576082603,-0.18064540971438,-0.70944599545245,-0.82114293257343,-0.130949220278672,-0.371025726717185,-3.49439692419027
-1.55831252881215,-1.955541683636,-1.36497987337378,-1.61993934252812,-0.823372284608301,-1.39174429525297,-1.31038445480663,-0.58279105541302,-0.596178788405685,-0.970330447672339,-11.9433779534757
0.28175105030129,-0.461588623845636,-0.184285775393111,-0.260345727162092,1.19476044907608,1.22973093849152,0.412791756998824,0.469458984083541,0.691463771647526,0.151940445614129,3.95673001598687
1.7039316227936,1.99251850176586,0.622204979379151,2.57303581087456,1.92238631891684,3.13629484375298,1.46239655061092,2.22161761140193,2.42105772241117,1.31204691365535,18.6765841178094
-0.130148802597868,1.03843070808303,1.0269067116992,0.804929162626986,-1.35691261332063,-0.329135711133982,0.377770213285305,-0.0835147205147826,-0.212288866929779,-0.406077352535751,1.06954612038394
0.879415987903157,-1.03350630898843,-0.151221527229163,-0.345229067588384,0.988850525794195,-0.538735139092549,-0.368102993043511,-0.40348604360413,-0.666688945169841,-0.527840529485847,0.73261305635573
-0.527299689769718,-0.349240238475677,-0.540948204265171,-0.264596527820208,0.996724447560558,-1.36635330676826,-0.821242557578185,-0.277544796975909,0.556709670640489,1.57420256018942,-0.16535484774592
1.12139808706894,0.902642863983378,0.118206203366125,1.23068074775223,0.884997353884679,0.465691295811442,2.11540493744119,1.86084715387485,0.247012410945285,0.986682206599287,9.92094479136351
1.1378483408269,-0.610281813170034,0.802121690852402,-0.295980497592788,0.0676573865578275,-0.89921515547128,-1.0192221981481,-0.0808137745448921,-0.188253984124747,-0.626280251515682,-1.24654803608777
-1.14562602920056,-0.253327396212031,-0.387765734850956,-1.85557032001833,-1.18725734373926,-0.387731295205878,-0.584757788611798,-0.421717603549903,-0.279516961291126,-1.84249151550323,-6.91391283292377
-0.371677530449415,-0.808413329406885,0.0209768874675545,0.342582784354611,0.260840584387776,-0.0883409217205796,0.419250233868305,0.142370219731726,-0.000743291980029701,-0.253168006576078,1.6268782452588
0.618201110151684,0.207697149469044,-0.309022319535397,-0.542605286949736,-1.82674047254306,0.802445293572452,-0.67992534605088,-0.0125196041197844,1.28984662405359,-0.563093013101774,0.386192965281208
1.09342080385756,0.727621456534552,-0.0968959089502219,1.79823955916972,0.91737846512972,-0.047933002775941,1.10219993682587,-0.0970883724160031,0.164609128241341,2.2418328736649,6.63874540031633
0.468199799722533,0.452961414142415,-1.20919675694238,1.228729026661,0.246913140385221,1.07817790185273,0.382737963603328,0.469458984083541,0.744896762580037,0.628788077370116,5.5732114377212
-0.787760959242877,-1.04199041499814,-0.196970597940571,0.159545459996878,0.996724447560558,-1.05145303982318,-0.860370939164134,-0.277544796975909,-1.23780348612301,-0.466903849497792,-2.89409839445524
1.1378483408269,1.32334283303478,0.844208511042861,1.07150498239715,1.35580792545664,0.724675568668735,1.63157194635901,0.81730413279476,1.08652981768958,1.49990887791647,15.2244089310029
0.0431290702484197,-0.146147818713556,-0.492663430932035,-0.817762535544739,-1.37059879880856,-0.532444689139012,-0.0361972309830843,0.0066374491510436,-0.996597436959625,-0.828598212726974,-5.48495698274256
0.331864068661197,1.0140769470311,-0.21419724443176,0.82019740281983,0.277356440587566,-0.224507076191585,0.846037798192782,-0.194740549321869,0.997202190886026,1.11876730003546,4.8560022059681
-0.717455123655038,0.259182282076205,1.11508122345499,0.984778379813657,1.22496393174361,1.26010669245526,0.181294971100248,0.979614432556218,0.871610914546122,0.0330932025183076,7.96555610140854
-1.29939779434231,-1.07826013477795,-2.65480500815003,-1.2172907600361,-1.71361230862424,-0.137909564027213,-0.99199194370009,-0.724555598922573,-1.94602163465137,-2.02129682764772,-17.1035494661681
0.544143361969415,-0.108576487855641,-0.441320323105527,-1.09770901200134,-0.700891545820703,0.399851606343756,0.498312655549395,-0.453451485506294,-0.158110626483431,0.274505373736923,0.277940532829767
-1.60609408446313,-1.04286131016468,-0.385604425180442,-0.138631260729691,-0.71288859462085,-0.998269129021636,-0.814472226381038,-0.566723940046467,-0.363742009434447,-0.469573425345043,-5.19751721795026
0.697160896890317,-0.643105243258026,-0.119565888605619,-0.215692352031371,-0.379358644680041,-0.491318000192845,0.118019144674772,-0.798869382987163,0.296913441373093,1.39176587190113,-1.07364321314458
-2.40815699694289,-0.108544070332283,-1.44620797731435,-1.13518610535973,-1.28145847874908,-0.681450630618041,-1.30222400665944,-0.890372924457763,-0.985823931354801,-0.435241489398328,-10.3594156137955
-0.897640787238214,0.894180818915758,-0.461878241735747,-0.648478494165066,-0.0818250327685913,1.01814376670253,0.403638649660763,-0.800450831301689,-0.378627791758595,-0.772304604080854,0.235388513076603
1.20906579904403,-0.227232558664921,-0.49795316547412,-0.94303444186061,0.988850525794195,0.175892653446273,0.0175605055687779,0.0577850618151914,0.450941193122654,0.541051183503663,1.70549731698218
-0.306560988419385,-1.65872352731324,-0.332333823483051,-1.12906487596406,-0.9433781054313,-0.471490125118931,0.0284947039118025,-0.638713935854997,-1.11936679518239,-2.67509749071663,-8.83201950952939
-1.6694015047265,-2.08453980651483,-0.765179201163436,-1.2172907600361,-1.07076643201016,-1.47793969792189,-1.84837518374066,-1.44089957182313,-1.46421480938417,-1.51994677599628,-12.4394970631509
1.20906579904403,-0.594035017318467,1.2485881253412,-0.00663887370731859,-0.0971583121622704,-0.0118011372305187,-0.701183601669133,0.0143690078270898,1.11241506181309,0.759779840019051,4.33535561078571
0.0297906759065193,1.18695097964937,-0.0828985189560106,0.573029593469102,-0.718690963331682,0.336067040739838,-0.414587995798882,0.577205130195369,-0.157956058105714,0.553945181224886,2.65838353743112
-0.271212052072569,-0.330627796933245,0.0789783426434038,0.178283107423708,0.194300440373761,0.330782994681448,0.118232095524914,0.442378997979855,0.541483668250827,-0.410701044621458,1.96489078986607
-0.546769656397561,-0.292401601537405,-1.53216584459745,-0.381347118601259,-0.149524401000073,-0.0699050282421105,-0.668718958253909,-1.04996709094903,-0.954063968884939,-0.116619130870783,-5.79137915724031
-0.77812132373697,-0.067054077321997,-0.0857044041309983,-0.334603468250803,0.224637991334247,-0.922684504363441,0.289237279860576,0.625695631840938,-0.8661984229131,0.546536348443183,-1.319517081148
-0.742645085475092,-0.635210697214575,-0.492273077298164,-0.936994785112753,0.589157429776537,0.729967078909112,1.92858583269327,-0.387874510090001,0.706510567985131,-0.200611285763348,-1.00315254895355
-1.0686855378121,0.224063811157683,1.10041147002234,-0.445400039893121,0.616790237468513,-1.30131111984564,-0.694275007520181,-0.82114293257343,-0.293253163199865,-0.721424037232962,0.916112007131812
1.02553838579154,0.147167902394192,2.02105277767675,0.70565762259805,0.932612041794657,0.207458295359013,1.84824109258688,1.34604907357616,1.81720492998369,1.59867321237821,12.1873539770351
-0.953277716476932,-0.911232862096137,-0.537646236243415,-0.0897284895977258,-0.691115505063171,-0.81513095365631,-0.692793516989777,0.445768119326723,-0.824301865309449,0.207780918205452,-4.42273274611873
-0.200649220397971,0.347583018541834,-1.0287471024255,-0.854082867969984,-0.454644190908898,-0.257016493099426,-0.838762525919445,0.0514647445250021,-0.620979018492095,-0.705064902757956,-2.96899490497122
-1.22185679589983,-3.40294727251353,-2.31901476497886,-1.50132580371965,-1.92338636191454,-0.886549186021864,-1.93438738042048,-0.688989502501003,-1.08657902766779,-1.23803507073522,-14.7339414637875
1.18727960995562,1.46269733339074,0.27905156425802,0.799906941495633,0.464283024372794,0.975009455605061,0.843305106241283,0.933560893517728,1.93545450576781,0.655722361611147,11.7664706468523
-0.452725311403347,-0.494145926251811,-0.413017975077684,-1.2429192951461,-0.0918886032247433,-0.713670416195012,-0.275085232289749,-1.78968070109014,-1.17696086447747,-1.17225968777204,-4.57981722113708
1.34200462081198,1.65718104684462,2.44302759520386,1.43556755526993,2.07425535801569,1.81002806250325,2.68215735127917,2.25462302665178,2.09711741005268,0.855995471349946,18.6765841178094
-0.0152207464124652,0.318350989119716,1.26200534364813,0.337581469412495,-0.202055669765539,2.57266306810646,1.34164465497164,1.32784006030714,0.266761557658581,1.32209094949359,8.55054426806491
0.00702995476865362,-0.050998799751377,0.120488592346143,1.26520080398704,0.672587208352346,-0.598243629163745,-0.041154390040045,-0.800450831301689,-0.81397912274928,-0.837523301365313,0.386192965281208
-0.193600583272,-1.00020654421097,0.281591356299998,-0.766171591140886,0.0917803402053547,-0.554136135757702,-0.673514640330921,-0.700265560474726,-0.468108808124395,-0.177966815712062,-2.46238915552197
1.28576920232216,3.44704209510083,2.81032951301892,1.89028446013187,1.47903847613338,2.50675123605704,2.33894070634665,2.39749588975914,3.76520741788573,2.07674991114824,26.6741225056762
-0.416323402150773,-0.0281936833653895,-0.2781858488308,-0.941183106302703,-0.837732734344957,-0.957517947373943,-0.573138479730179,-0.606794936092729,-0.833166370551232,-1.00261264880464,-5.36679176274896
0.918163361626717,0.392398740856688,0.410288458745862,0.910930692490161,0.157474858771965,0.637272610255721,1.41902495926121,0.245827571649103,-0.148055567398877,0.844226362829725,7.80266905015287
-1.6694015047265,-0.387522776742848,-1.21516830851959,-1.30396686558277,-0.906734753894324,0.214507607832026,-2.10249962907117,-0.970837203992762,-2.21441329998967,-1.04460369153153,-12.8318557920454
-1.23840685843621,-0.603216541986401,0.138183965594011,-1.06591634700052,-0.116439911680089,-0.547240459831399,-0.334096629817813,-0.504761516945434,-0.679973596563394,0.820559430270995,-3.40458459569279
-1.00573354615997,-1.05815411712712,-0.332333823483051,-1.7899005223949,-0.00995424464078627,-0.952793887064221,-1.43226711082303,-0.313251995533913,-0.662722371427952,-0.752355706222712,-7.29893451486633
-1.34827794636048,-1.44353691410522,-1.55870378586109,-0.700858899325884,0.119094060664262,-0.857085896800928,-1.11423525220801,-0.73476518405729,-1.08498824076833,-2.67509749071663,-8.23671484560617
0.332718340578836,1.0140769470311,-0.547247916386106,-0.149057437499655,0.00967278124586476,-0.251877094365475,-0.0363345503725172,0.714666367692634,-1.02038445518036,0.773287107509923,2.27101234640067
-1.93832813614055,-1.07171009569801,-1.46028401524694,-1.08629669869828,-0.903273083870863,-0.600668159103502,-1.48235360099694,-1.01276721771858,-1.91511835477714,-0.898697462504036,-12.9330105692182
-0.462207119349145,-0.89820194939643,-0.0985591157613139,-1.34550095702847,0.589157429776537,-0.0945446095028015,0.118019144674772,-0.450997180019765,0.37912041302187,0.165196065492857,0.231228482026108
0.556160862635856,0.229683621996483,-0.373066800457412,0.0280582343051465,-0.010588220618931,-0.690567851625283,0.525115212338731,0.962107282761798,0.969993374740964,-0.902719241946047,4.05506977080663
0.151380602566669,-0.632142475239158,-0.588165355083532,-1.3063935206962,-0.926460708233706,0.25783546009558,-0.853000898482341,0.124849618352768,0.144023109753122,0.139831338414778,-4.08375254462166
1.46811586282378,1.31659532456046,2.10367042600407,1.02384073763462,-0.251442337859182,1.72715644157026,2.23487945017702,1.70045318542603,1.22508814198335,0.431566284249238,15.9686683610211
0.35783820457835,-0.00469501944610216,-0.622146133372069,0.255352364782294,-0.716541551305143,0.275069832671559,0.206875893175329,1.29988634097623,-1.05412352806393,0.274505373736923,0.917168271177818
0.269103124543695,0.4689853645238,0.298036942841143,-0.785423974029568,0.815573347932663,-0.145990835012144,1.55950152082347,0.469458984083541,1.13997718618743,-0.0436885131556603,4.24525337207213
-1.55831252881215,-1.955541683636,-2.21421428036795,-2.10749090342242,-1.02762176212576,-0.565028348564808,-2.57515840516494,-1.88910788655834,-1.5463127913371,-2.01663822679645,-15.5043958469193
0.933554961116308,1.14487636859093,0.922068551746187,0.402467022903077,1.28981020525237,0.993361233658506,0.854904357546392,1.34604907357616,0.530835246436202,0.0269468873246331,8.55054426806491
-0.10532132976696,-0.262813427256689,0.907393288383294,0.471231441826546,0.875125573119409,0.36681930813301,1.3845941054366,0.0568700491679391,0.905426916294829,0.428909315790971,4.73340789877343
0.317158766338406,1.41752537108825,0.305818277848902,-0.0255990906142334,2.18322626512378,0.771924112325838,1.96889051518336,0.6473975507018,-0.316707562021247,1.2389531977253,9.85102401872123
-0.309633568690568,-1.39546853322782,-0.907722012351099,-0.73461190268451,-1.51126745342214,0.18142393114544,-0.227465337080287,-0.709005734785692,-1.81392497032515,-1.0570916954524,-7.313874659813
-0.314254034954892,-0.768759962120178,-0.25604505167941,-0.47461978674824,0.483435377598008,0.483228790033704,-0.075693410162279,0.480234679317513,0.873083642733085,0.165735840936111,1.46785697758651
-0.10105918854393,0.864654963438102,-0.636442960819826,0.683299624679266,-0.551212390562712,0.647668390191408,-0.0949261671700798,0.685695267266002,0.450941193122654,-0.287995392817223,3.88694383115583
-1.4129587158402,-0.45388202656666,0.58309732825995,0.262613016171123,-1.96524111893013,-0.697403840059896,-0.566312698714297,-1.28397740988581,-0.588038479126474,-0.74808936990353,-5.31095181157618
0.207265641206024,0.411660273841437,-0.31952103953544,0.984778379813657,-0.536108522691915,0.193846962985505,0.785996338873759,0.330470687415443,-0.729840492315383,-0.23691865303025,1.35314120310563
-0.201057298200897,-1.75745626499264,-1.58405888682017,-1.32397979697392,-1.68004884071792,-0.937318671737375,-1.29647622469917,-0.890372924457763,-1.63405846960201,-2.02129682764772,-14.1047921778741
0.214083849830697,0.139216931590157,1.20493052323405,1.45221344100886,1.46831042796306,-0.41789943478179,0.401919583354799,0.783472863426357,0.326580327503847,1.3273851335179,7.36977860703534
0.418094066622439,0.4663303768542,0.213228716260886,-0.0580635793290083,-0.0339711838265256,-0.79964553601394,0.939632366166443,-0.0923691802790669,-0.0100770982415549,0.284899171222385,5.00814478747639
-0.283294690610458,-0.184682360254008,-0.777404878170101,-1.63107657288875,-1.50197357336042,-1.55657776744164,-0.741409440995099,-0.313251995533913,-1.66816132645342,-1.38175427884004,-10.0964045007944
0.714673436651593,0.948155134058335,-0.431290758809002,-0.156593277653041,0.28178590537234,0.643785694892237,-0.490506074882291,0.315515339974568,-0.488764758577927,0.19180347604803,1.23317447980932
-0.925681543186589,0.119283677244736,-0.107515920800855,0.0873989643952587,-1.96524111893013,0.243318833425418,-0.657195001984139,-1.23340769582214,-0.0947839939602967,0.791263867540413,-1.11070001721185
-1.51217684887114,-1.22292824277271,-0.913630692297627,-1.42440884193754,-0.876048340131135,-1.66746204830892,-0.99199194370009,-1.64150920530332,-1.37200876933422,-0.969176923757131,-10.3587033717677
0.505928516835104,-0.0818324456966856,-0.301829193559923,-0.279575172293988,-0.371729537909268,0.201085337865048,0.622768559800745,-0.576301048682512,0.903088894276598,-0.509475448558772,1.52269159078623
0.546380602871511,-0.108576487855641,0.446082946373971,-0.529927550348959,0.188064628444565,0.163500879502285,-0.443348940388325,0.609832079941957,-0.298014972423748,-0.422538218489584,-0.950413133538891
-0.704895361200355,-0.350426041444675,-1.11076472631126,-0.971511058010454,0.67305226659514,-0.410738118081238,-0.727722252436671,-1.78968070109014,-1.15553850319433,-0.479938395282734,-6.39171566360473
0.54446500538427,0.199803736344518,1.236033454613,0.152042738505353,0.343710382610854,-0.329135711133982,1.22806143010581,1.03948642181937,-0.135171588752063,0.605443211097927,8.55538549255555
-0.265026766118492,-0.934911287417632,-0.592480608478234,-0.0483582895456043,-0.43863363195985,-0.554136135757702,0.694069199180155,-0.198161770527656,-0.662050897190892,-0.374277160243762,-2.71551756046946
-0.109485489080841,-0.738330014219125,0.103645488662127,-0.415986787544391,0.597591411477202,-0.15381532727563,0.125844395894327,-0.591780230520533,0.310379605903887,-0.422538218489584,-2.35026335172217
0.0553986374657742,0.621385645514964,0.690742092717598,-0.0993894056255972,1.45531499569031,0.28516752984371,-0.420024283559417,0.916434584831491,2.38728701855912,1.1551291025539,6.25485594526328
-1.44625987300445,-1.3868597979732,-0.441842028890403,-0.798756631566555,0.403863535018019,0.666098254805165,-0.938419858338568,-0.691439667771257,-1.5040866802129,-0.402483253375842,-5.67616393003459
-0.787760959242877,-1.04199041499814,-0.196970597940571,0.159545459996878,0.996724447560558,-0.750029589350645,-0.353722460636304,-0.293509742684226,-0.477879255905037,-0.767148565270316,0.456502884942644
1.34200462081198,1.65718104684462,1.4302410885398,0.98861680108378,1.96348776727508,0.630113799191523,1.15961622425548,1.59230185008225,0.903476176431699,0.892550803659264,14.8664198782526
1.62261187074249,0.497263700874132,1.77024883881874,1.10986399493107,0.942684082571647,1.70913223786233,0.889605314276108,1.87398484872738,0.738217220935647,0.694041671780987,12.1873539770351
1.12139808706894,1.59354862195832,0.66396444375003,2.33316522302904,1.60389983072323,1.42008283244541,0.904984222768893,0.384359101072236,1.81720492998369,1.81053842755083,12.7473085366386
0.0027958069684489,-0.050998799751377,-0.361857955399419,-0.345229067588384,-1.1095850371498,0.233060388034683,0.0133136660731583,0.248531203485012,-0.28842881147864,-1.23497515983659,-0.90075840235284
0.925226026973093,0.392398740856688,-0.605102598326959,1.48313058124601,1.70396003897464,-0.887599375238218,-0.643936666284819,0.330678884097025,0.324691284222803,0.194405666446387,4.10034711228197
2.4585225893275,3.57404414115117,2.27397674692638,1.91309237098808,2.15497884394778,2.57572875177997,1.22458554815238,1.82764181200099,1.57302829700654,2.07674991114824,21.3016396870046
1.66689136965532,1.00222221514099,1.15191271504867,2.16368925296611,0.460211628010168,1.32517273425388,0.77291835680829,0.694428298400964,0.766106079408361,0.483409578279358,12.6660468585653
-0.953277716476932,-0.911232862096137,-0.537646236243415,-0.581899395415425,-1.08938306228218,-0.516487732264937,-1.24856807654332,-0.664300506356914,-1.44530581769646,-0.590222745149306,-8.44033573321596
-0.755852830343688,0.55634489523202,-0.69784565579807,-0.771387239463603,0.483435377598008,-0.452635714777292,0.416100832324857,0.248531203485012,-0.361020313847425,0.0257834486637706,1.83024913481887
-1.80224103115,-1.01529103032598,0.203434232465242,-0.676543368271844,0.225745443542987,-1.00680770383921,0.109530229758249,0.0238238772639016,-0.728228268323799,-0.327979348593612,-4.49185532485615
0.453599981090537,-0.0653690986308354,-0.276708295090202,-1.29446360428522,-0.78645861396641,-0.697403840059896,-1.33416450711804,-0.203749684570528,-0.465075347288955,0.0959731110294885,-4.4274225352952
0.00189230915240369,0.628773436050357,1.11851210314394,-0.00663887370731859,0.313733204290091,1.20747304978666,0.696621538139872,1.17374515561287,0.626358342037719,-0.019516383402428,7.12806413025226
0.468199799722533,0.452961414142415,1.89092205755319,0.483496326000472,1.02854168082124,0.25687864756777,0.822203693279408,1.12831703351116,0.417604505789277,0.735972880630974,10.8971031079091
-0.944573264237333,-0.966814146698393,-0.738269723693834,-0.806387323316817,-0.323026121045192,-0.516487732264937,-0.705878501875502,0.445768119326723,-1.38105379092811,-1.58855025314289,-8.81808521478456
0.816983715433575,-0.00130775399845177,-0.373066800457412,-0.00523482076046586,1.25429430292047,0.00880181155187938,-0.117527331942065,0.695342935826409,0.893936373366749,0.151940445614129,3.46747318200122
-1.24610220490595,-1.65284799658661,0.0368555754631667,-1.45064854562022,-0.152080234018199,-1.80526119808253,-1.18761639961669,-1.1658862618549,-1.62974801152102,-0.68641695272543,-7.93171416392192
0.519156482328205,0.081041894425566,1.72811798636261,0.00162579082703484,1.43791344147617,1.22657635139593,1.73795434508407,1.00716308315015,1.57397020982276,1.75187173510738,10.6869102151805
-0.148578235369892,-0.764089951020945,0.777828799765139,0.645151223249243,0.83635503175334,-0.347038221205632,0.0599002652742638,-0.955935782444552,-0.37678300438004,-1.07874599993811,-0.616487614281186
0.0841501432416882,0.514600776219322,-0.31952103953544,1.37948311746955,-0.34709440699616,-0.329135711133982,-0.255193187996667,0.113540301167483,-0.594469600859468,-0.23691865303025,-0.347805575790412
0.68436167459774,2.11333142542708,-0.541282792785045,0.607373384525378,0.0159309366460225,0.567070387358027,0.208840514356184,1.65632143577271,-0.277608246707946,-0.33291595818901,4.57293742707474
1.1336303896311,-0.610281813170034,0.162227865397635,0.553270228824106,0.942345095769699,-0.152381729888657,-0.160358744597351,0.758376980075716,0.993740804524285,0.495182418849786,6.35840033277593
1.15753549689196,0.671555391683147,1.29580531170998,1.55930291435446,0.54373868510221,1.42818838814866,0.0102648986002572,1.34604907357616,1.57397020982276,0.483409578279358,9.76570909223303
-0.0535376461898768,0.314929591020884,-0.0465446443948935,0.50655130572593,0.326439117945377,-0.0396397569458722,0.0045931422469996,-0.759866966934528,-0.643233503722539,-0.00520022305512365,-0.804196713407755
-1.29622244656007,-0.672108819891654,-1.69868007800701,-0.329847653313436,-0.541217691442719,0.666098254805165,0.562830168303309,-1.41791719173229,-0.594349926861681,0.31157490509342,-2.574498353457
-1.38270054026257,-1.96103507876382,-0.159689728032926,-1.13608513334505,-1.51359754954696,-0.023272976724511,-0.499915157389272,-0.624214751960805,-0.662722371427952,-0.118878068300507,-6.70392400207009
-0.565316767940526,-1.56654778135137,-0.729552532195898,-1.24554799544972,-1.80821756108983,-1.15366850446198,-0.99199194370009,-1.5900288315508,-1.63405846960201,-1.17963248913454,-10.3587033717677
-0.708135523221229,0.390451464406056,1.75521668588766,0.105942242623582,1.60465197777033,1.30259389218265,1.17899658096553,0.315307485186371,0.87338925788234,0.5810649627901,8.82610717823797
0.305470489698325,-1.60059198785421,-1.97012095417377,0.724390305997972,-0.360441632858933,-0.175532988688591,-1.39623715926001,-1.28397740988581,-2.39102534338391,-0.675539207980407,-9.01351477548258
-2.22067257878731,-0.937197146076242,-0.756351150303017,-0.251579139033369,-1.34313982383841,-0.400537462612662,-0.209596454665618,-0.274408716597147,-0.640889321887241,0.342360004348192,-7.18825231979368
0.198714222980748,-0.655648501882242,1.07190891103392,-0.0611260808859789,0.760103331076566,0.0340315337939983,0.0292888494039144,0.792935545239283,0.383974605545279,-0.630229506267685,3.15512186447543
-0.021874377343943,0.846153049691928,-0.49795316547412,-0.414007607823727,-0.371729537909268,-0.237586201509127,-0.340889365034092,-0.670304074415572,0.486236058761651,0.605510712550805,1.27720091699515
-0.000523669165367798,0.656225193908209,-0.38075666449083,-0.176134328852186,1.44070940162921,-0.0396397569458722,1.03496455939906,1.24136212180093,-0.0255284571794648,0.156547084121347,4.68539906596578
0.418094066622439,0.4663303768542,0.720005189385672,1.12450819005798,1.50655309449165,0.911648939081264,0.230132305143782,2.04588914221012,0.672679704074186,0.133399555356216,9.82527436487164
0.0956643173248843,0.582024881345588,-0.8014335487206,0.981115337917643,-0.269477886183612,0.205197312046289,-1.12487373751889,0.10155992995827,-0.378627791758595,0.485158307269949,0.358910194336309
-1.11567935589113,-0.351393589863151,0.344434760373622,-1.04409550778285,0.136844553424677,-0.957517947373943,-0.84671935078227,-0.606794936092729,-0.941838582030445,0.517347937129637,-2.89409839445524
1.25078708557817,1.3038349266049,0.402429602292938,1.1045152689336,0.393820958976737,0.419060100128229,-0.490070837991033,0.654023125551531,0.278638789593274,1.09166480591577,6.61942302812084
-0.58632242914625,0.270689308820039,1.75521668588766,-0.184372069841851,-0.253021234123712,0.908615186201075,-0.491063521304529,0.440196150480787,0.565535765622385,0.15380264135315,4.70128368474716
0.298624966525093,-0.699202845000319,-0.222859012410038,0.26443343355822,-0.389793156708645,0.405294186803445,-0.807173868466866,0.41308846397715,0.311049647952017,0.160769037370636,1.30600324721362
0.546380602871511,-0.108576487855641,0.446082946373971,-0.365540958710431,-0.651137269585792,-0.074740874332566,-0.0781913673074343,1.19382661627144,0.467480877028009,0.160769037370636,1.70549731698218
