"X1","X2","X3","X4","X5","X6","X7","X8","X9","X10","y"
-1.35767351196634,1.02877529935022,-0.308768233993013,-2.27627500906927,-0.182556734854882,0.166411067227815,0.634417286791616,-1.24195764313909,0.787449369829632,-0.88139613891129,-1.22351064741808
-0.555802137492821,-0.445019063532596,0.231095049553402,-1.15089600525683,1.29736494293689,0.364407204200862,0.278113190335723,1.14720874555363,-0.677398480260909,0.751995284228017,1.71403101779856
-1.30073648797436,-0.322491855027344,0.5428205830102,1.15250775516314,-0.661472101262942,0.200419142793425,0.0328765849838136,-1.25851964735084,-0.425302480113671,1.43478655184059,-2.69435971418118
0.795293141207022,0.55116222232631,0.492072805527567,-1.27904527279962,0.77363127835611,0.852826264028577,0.983889946408316,-1.24195764313909,0.0275357345365073,0.392834823396836,1.67556037860827
-0.353521539409379,-1.47678385907234,-0.6241089738707,-0.185440792747989,-1.05059947452099,-0.547210852880248,0.251046118712898,0.195334474940336,-0.0926871101346871,1.69520730145193,0.470631104189847
-0.046620480055835,0.182516855832615,-1.67676793386314,0.740649289178022,0.796691190223794,-0.75041065091938,0.679719341228399,-0.0780807940082147,-0.0671072877569062,-0.399194777437528,0.0911639568608611
0.158098629975433,-2.22719458483553,0.111480834837066,0.00211487007748113,-0.208832298553296,-1.06104555583947,1.3368508466201,-0.357205590561396,-1.89827000590066,-0.374975040923145,-1.96173679502109
0.12544672150932,0.833392043747077,1.11601426877326,0.281893206149947,-0.302362062050474,-0.964108750321048,-2.24087346027892,1.88143716539851,-0.142845154971719,0.751995284228017,0.685885425883853
1.1762956729754,1.22886270974078,0.598046859072824,-0.185440792747989,-0.580965316158271,0.203241717723411,-0.731421305098157,0.0528611874077647,-0.024643652568781,-0.534227289800019,-0.94391595641566
-1.56904895571835,1.02877529935022,1.17283523935771,-0.319879174246536,-2.04887553786477,-0.224694497900953,1.88693598846793,-1.36056179550645,0.255001874496664,-0.20157361107533,-1.08180976622719
0.439567001087744,0.443464700908429,-1.76477057534441,0.856543804730724,-0.273194241591896,0.296574833129226,0.490773957032408,0.113269256816426,0.353855548359888,-0.505516997645648,2.26110371577702
0.208800189425137,0.283479011284004,-0.543660639742627,-0.123322162608553,1.50596107093145,-0.356575420470158,-0.494507168126646,-0.61420792480877,0.389510724663804,-0.876232570913294,0.0283013912844835
-0.341649767679516,0.0174029063909091,-0.074014104490906,0.0835039898611175,-0.377300536205864,-0.563940561082287,0.636470220997191,-1.1131614690672,-0.100457199815025,-0.266773607006641,-1.74108099383158
-1.69895969252142,-1.39591054669467,-0.386174321923292,0.373089037963857,-0.333555748004023,-0.547210852880248,1.05659510259368,0.951540897761106,-0.36597738790359,-0.960557194344147,-2.51619875507789
-0.120545903474831,0.801650841150822,-1.85425165521672,0.740649289178022,0.502592108841645,-0.899529322654171,0.930260074068755,-0.234459477586727,0.347168909777932,0.770928404329864,4.52151821128012
-0.151179447371551,-1.90667601709921,1.87341656042595,-0.590644893177194,-0.667558547630886,-1.09602589562514,-0.0880259627091563,0.720382369591533,0.402052826192372,-0.181678667695625,-4.47418733440204
1.76583044305935,0.287106051687834,0.046306906855487,0.740649289178022,1.2441453418643,-1.32409488861948,0.363211012625261,-0.953612908526281,-0.760752244822696,0.65638758601362,2.82161400584071
-1.36501270410742,-1.39591054669467,-0.0408607712129061,0.373089037963857,1.32992728071178,-1.55568360637005,0.278113190335723,1.72108034306255,-1.61756602627845,-0.549310104058844,1.13542061114006
0.643197775177609,-1.16678162490011,0.046306906855487,0.0289281767302189,0.903733902890066,1.10607460304056,-0.685969028287884,-0.337747901734163,-0.631618235049125,0.754965135525998,2.06558981869164
-2.0869432850071,-1.39591054669467,-1.60548191280995,-1.00692455377825,0.252977335729185,-1.06104555583947,0.278113190335723,-0.630247828016478,1.23281407277316,-0.186335025149506,-5.67169295994349
-0.796002935713811,0.515346044925934,-0.703179681970652,2.25698609939581,-0.335271154914264,-0.949703361501377,1.34208183446737,-0.443633721495158,-0.438643277510549,-0.110706611292268,0.359971478434199
-0.76565319546466,0.195793238530483,0.710540002084516,-0.259568728075796,-2.25358065220488,-0.318174325391688,0.756196824449711,1.06793302342023,1.33838578312791,0.38217359823767,6.11654305557821
1.00142752313744,0.172995865049651,-0.541974506662335,1.72785961556156,0.786397631813917,-0.620466758547016,-0.056159050544209,0.316899141867743,2.10526942968749,-0.20157361107533,4.96132144908729
0.312072611705958,1.5951835245787,0.762627306558544,0.145507836469046,-1.08766844019808,-0.276952794868496,0.627353698546826,1.17680471863023,0.506265203677837,-0.789500503546108,4.38797342225243
-0.293327292429802,0.38102381509388,0.962774620184605,-0.0285012592475462,-2.25358065220488,0.487862069624285,-0.106528273525831,-1.23005619969803,-0.92825022053874,1.49989185753834,-0.703087393547559
1.80533820754219,-1.72278190367296,-1.3266378555001,-0.416042842726456,0.854696753214053,1.36633511387141,1.15724771009554,-0.970152853293807,1.70711344483756,-1.0435174683074,1.27211176526806
0.236731320384568,0.437814366504439,0.294556043504183,2.40570765102028,1.36253552742795,-1.26325148476021,-1.12434417582912,-0.513313760847937,-1.61756602627845,1.40611658123287,1.27211176526806
0.703597800670778,1.38717441446012,-1.17019204590501,0.633812080624764,0.679463853587416,1.31099947706413,-0.234747061467928,-0.601685293647683,-2.03861331104919,-1.15144352349138,0.639186867904852
0.348649025164837,-0.0716273913334655,0.0637892650552818,-1.67158011501677,0.869600552754786,-0.899529322654171,-0.543005320067999,-0.0276602309830829,-0.132285778964956,-1.43798270276154,-3.4987438865465
0.729910672833145,0.518792755135376,0.801293190524726,2.25698609939581,0.888328201570619,-0.30407006491489,-0.234747061467928,-0.210343586738105,-0.534286805047038,0.465796026181933,4.56710766736278
1.63272576322938,1.78654206749997,-1.02935142352762,0.504204478774143,-0.136107528216741,0.0425256301259776,0.733202863254129,-0.630247828016478,0.722992687779667,-1.3719068373732,4.43158195605655
1.00222607569168,0.172995865049651,-0.305611355159957,0.909713082372273,1.24432975673433,-0.778052312725974,-0.640388723117873,0.86784796756333,-0.278290847975507,-0.951381381042748,4.82106060558048
-0.564990864678851,-1.18049016391985,0.114613790829298,-1.39170190215099,-0.903188247059222,-1.55568360637005,0.360013497043845,-0.223645044687142,-0.929551823592539,1.79910244638909,-4.45358462733684
0.596132955029992,-0.187241953312959,-2.24818223101564,0.657239335244459,1.47332814246318,-0.555794008822474,0.268450678124477,1.31825537136031,-0.115913376057732,0.672866043080672,1.9446798817202
-1.56904895571835,1.02877529935022,-0.237670138853729,-0.463670480151954,0.0107069328924862,-1.63426169163246,0.659830134250032,-2.37860296031355,0.705864132768858,0.174267157702716,-5.18177826640151
-1.60959915294599,-0.322491855027344,-0.195658785534402,-0.231805837680457,-0.125642764189247,0.256857934635363,0.172081985168165,1.19701678702233,1.10347660851779,0.796669454326807,2.16019017385366
-0.221257226034849,0.140477506270331,0.821774070428191,0.281893206149947,-0.302362062050474,1.00403436360003,-1.65489021349752,0.840487708319493,0.156964947755611,0.751995284228017,1.87046692102446
1.1315370230296,-0.761617915866695,-1.3266378555001,-0.0527260203468536,0.778977676612137,2.03883929409371,-0.56388797776024,-0.210080981479839,-0.442857196667712,-1.04002473387621,0.447834148063915
1.69092736572417,2.04909267669763,-0.924747851831022,-0.148691125642782,1.47332814246318,-0.249261301444253,0.89862446189035,-1.24195764313909,-0.000563197396215971,0.175154126877369,4.89671896106227
0.0367784691145465,0.826715433993028,0.0652712204748638,2.40570765102028,1.00277090864859,0.982471200933143,-1.45663460162149,1.40318620525979,-0.0769606250941591,-1.27381269579057,4.13133133270866
1.80533820754219,-1.41522495900888,-1.3266378555001,1.1590214879406,1.22021594364271,0.950825129662905,0.261519147257379,-0.0818789829296713,0.711955631387316,0.892562054015315,4.31835079855409
0.316511990238327,1.01292398622717,-0.605691536064047,1.00695049103095,-0.169851635267077,-2.18648752421714,0.485363815585859,0.194504186384817,-0.0769606250941591,0.65638758601362,2.75777892417015
1.05767442321732,-0.622302104569829,-1.3266378555001,-0.0527260203468536,0.307104058824765,2.03883929409371,0.567792970376088,-0.0276602309830829,-0.0251184482188655,0.0852108289868788,2.66230010395878
1.17886191794563,1.22886270974078,-1.14260902519971,0.856543804730724,-0.273194241591896,0.76423764144581,1.04213448246192,-1.5669674984467,-0.922613656588985,-0.475658133846212,1.57882736134482
-0.876839562452748,-0.57644453026073,0.28989502469609,0.281893206149947,0.879633207345791,-0.449071202144942,0.422652778367666,-0.900392734009224,-0.0826503400497146,1.24211008471527,2.85387469880135
-0.348319041197177,-1.47678385907234,-0.6241089738707,1.3805902223408,1.95295283316471,2.05925816954649,-1.57472338185688,-0.601685293647683,1.0718639687427,-0.242420534155781,2.9802250627092
1.2870704532464,0.445383829815662,-0.759548690737746,-0.342673546346062,-0.136107528216741,1.92807594705666,-0.126637511629884,-0.167261054223862,-0.63384254189985,-0.818912461261467,3.56383126819507
0.596132955029992,-0.187241953312959,-2.24818223101564,0.657239335244459,0.960743711617241,-0.837513837804949,0.138953126757763,0.657796119503906,-2.34803186412002,0.852584212915396,-1.08180976622719
-0.878555782197859,-0.612180837544454,0.169031978237374,-0.707486576169826,0.466817591077391,-0.158188223930437,0.232621493203366,-0.970152853293807,-0.164327163961223,0.763188852209526,0.14928820842332
0.695108046243469,0.910497730345096,-1.94951223607035,-0.883816850238707,0.16163771987362,-0.617886771297327,-1.05643693346216,-1.68945480331091,-0.695726689651032,-0.808572340475726,-4.36949389682369
2.14450345314832,1.72862955074392,2.2319041975482,0.842245421631717,0.238724068472306,1.28566687783431,-2.11340972042924,1.31839249914647,0.179991691868633,-0.100251626205253,6.68874701616071
-0.261166720001469,-0.288149024269724,-0.839873333116592,0.0289281767302189,-0.687748259521915,-1.0521749678134,0.403365830972386,0.903717572448923,-2.45305121216532,0.684643857035712,-3.15247771357042
-0.722481470844717,-1.11146578318313,0.0183459150553212,-1.19456159110541,-0.534276734208604,-0.312718071866497,0.422652778367666,-1.64540013751316,0.0275357345365073,-0.107914700788323,-5.94124511209877
-0.243934259920415,0.0165773893704054,-0.359312783345117,-1.05157829370616,-0.814890070620888,0.789616999729388,0.302408012201716,0.0797123876950732,0.319634583162659,-0.158760515995942,0.429398536746548
2.64324920796742,0.84731395998708,0.111480834837066,-0.148691125642782,-0.136107528216741,1.31044991225143,-0.791492572116869,-0.649695621524682,0.0275357345365073,-0.648685735952364,6.07612127335456
-0.149082664022566,0.802472226060216,-0.322737113695108,-1.15885391192292,0.958762587207915,-0.722333927672304,-0.543005320067999,-1.64801358740371,1.21672045506405,-2.60319760175819,-1.87792394501496
0.0357249893129092,-1.8034028960077,0.765930182228964,1.2918537548848,-0.472274375881707,0.615864461467921,0.83357147043818,-0.346824037725893,0.465728962398573,0.907343179835194,4.34276016030156
-0.370453929618895,-0.881474769412075,-0.214253154565106,-1.64479282627264,1.0463948889803,-0.748876664148496,-0.543005320067999,0.502840268489372,-1.26198494322878,-2.79831675372858,-6.88174911968525
-0.202803449810278,0.709302154748964,-1.49770057506902,-0.706615442602665,-0.297080848692081,0.996838366977697,3.3377612374232,-1.24195764313909,-1.16391902467262,0.65638758601362,-1.68898049282135
-0.0555285753091808,0.575387835411197,0.191414227964697,-1.00692455377825,-1.00582667070407,1.08327886107236,-0.0757787724519671,1.39703563262936,1.09346459930493,0.751995284228017,3.46392913850282
-0.134848555746835,-0.491398754048723,0.598046859072824,1.17740408182426,-1.60939675476319,0.293878767542265,0.485584023770475,0.221576983064755,-0.83824611527161,-0.931262338706256,-1.08180976622719
0.740894545208353,-1.63675594224764,-1.3266378555001,1.8812819406927,-2.0025681511401,1.85190076879074,0.288643151528738,1.37240244258052,-0.326510169051432,-0.100080761450909,4.51978643948304
-0.881163842658172,0.0643988717229643,0.416139921888199,-0.0285012592475462,0.255334374021125,-1.58193980448901,-0.228439070435776,0.573539470759869,0.41966185322685,-0.549310104058844,-3.45378055314807
1.34497663356112,0.55369981218218,0.051204683696561,1.57036756009948,0.140409548067224,-0.997650262152719,1.64325205755542,0.66093870123292,0.299388560238666,0.65638758601362,7.90662354595968
0.0875371828654106,0.220642426551948,0.107287462535289,2.40570765102028,-0.340532717573599,-0.00224476334082874,-0.181770458006242,-0.0226126957497916,2.06221437647303,-0.89289901820135,2.58499048548394
0.067575159591946,0.751550226074123,-0.740381901686587,-0.123322162608553,1.23432569924278,0.271664716003044,-2.25768368994327,-1.64801358740371,1.64998720555359,-1.76233777876325,0.542057419950144
2.09331419783845,0.0573208248279812,0.111480834837066,0.860578689563201,1.78298840828781,0.64503595235655,1.64192933536894,-0.651983725591873,1.14943727964842,0.393252452232187,7.41037542995801
-1.38386858402198,1.02877529935022,2.30155079584936,0.512523914955289,-0.960061871690858,0.778947617122447,-0.189128421564812,0.223395461871426,-0.17311251274692,1.6255934479899,5.19346556299588
0.384260906492298,2.07786017162,1.20240209164948,-0.707486576169826,-0.984065791822465,-1.32182009700024,0.721445628967095,-0.56834546899239,-0.444336384039998,-1.24856131211798,0.512764101220985
2.18017646751011,-0.536539063048701,0.046306906855487,2.62363679835146,-0.112808147365942,1.2055442664549,0.288643151528738,-0.849745293614926,-0.0791172580201263,-0.110706611292268,3.31107137855343
1.14785752081862,0.792963775645809,-0.952365298372418,2.62363679835146,0.689533729663966,-0.344845690540555,1.23707022140347,-0.653559431728072,1.53039524163823,1.42904582025703,9.75527067845452
-0.951321791117841,3.12945981060765,0.600413217545186,1.15250775516314,-0.488630460236624,-0.866564855149379,1.08463992610981,0.996749468880568,0.157487518583269,0.244262778208717,6.77050670857506
-0.866641101851563,-0.57644453026073,-0.873204860220734,-0.572947256387489,-0.580965316158271,0.0560902392215034,-0.791646082693512,0.686894795730437,-1.57419752778213,0.0604162776372995,-5.62909003344181
-1.09554974091333,0.28579490053466,-0.808194572462665,-1.00692455377825,-0.897771736477354,-0.158188223930437,1.85165037789403,1.12975698796079,0.147894140095291,0.269547549110797,0.880733479106311
-0.522624447622039,-0.198846598770268,1.4963709028576,-0.321439707691138,-0.667558547630886,1.82099695473685,0.987703468728335,0.302518828906358,-1.24962427121877,0.526792236728789,3.36085163126615
-0.951321791117841,3.12945981060765,0.600413217545186,0.0375218622868414,1.00277090864859,-0.249261301444253,-2.20494351002314,-1.24195764313909,-1.51985806049643,1.1801904127611,-0.201678890211327
-0.666624280608514,0.443367419344259,-1.42009658745803,-0.709654262357152,0.796691190223794,1.10607460304056,-0.0240804268396615,-0.234076627736875,0.921904686725105,-1.75588554267301,-1.3089549556281
1.89783447444692,-1.70248899692472,0.111480834837066,0.860578689563201,-0.803430196332314,1.16864886735267,-0.86972267106412,0.935348410125792,-0.465131386240672,0.681430303663435,1.87516095800215
0.266777134170034,2.13479238837316,-3.09647861016614,-0.416042842726456,0.960743711617241,1.16693029729628,0.0934929967104839,-1.24195764313909,1.28192849887748,0.98373212999852,3.54795905993535
-0.283735382535256,0.354921552410143,-0.259140374182641,-0.663117257173215,-1.05059947452099,-1.24960309753275,-2.00325036656571,0.731859973789302,-1.27164352038194,1.26364968912802,-2.56240492751729
0.718272310467639,0.218819329556211,1.93613673641442,0.503630268042723,-0.18668622404003,0.236827935815712,-1.18128143890343,0.18579921786491,0.543670892149266,-0.135467281183315,4.90442907813076
-0.375630472886261,-0.881474769412075,-0.214253154565106,-0.45439197823734,0.984642521545901,0.24339623058818,0.983889946408316,-0.0276602309830829,-0.743230372529673,-1.63156099107616,0.378729525811316
-0.694038971449225,-0.647150917433968,-1.16182618888393,0.521245595856898,-0.370954143372207,0.0560902392215034,-1.50623572640275,0.0527700168527823,-0.552129481847419,0.64054728194621,-1.86556211293894
0.863910808534711,0.218865534548066,1.07207716084265,-1.00692455377825,-0.635523150771118,-1.0667984323207,0.54606465051309,-1.23987308716213,-0.136584384468244,-0.298595944442679,1.03382377721275
-1.30073648797436,-0.322491855027344,0.5428205830102,0.0844466802365041,0.117173812870348,0.803439052683749,-0.19964120898214,-1.49408415199688,0.311186733761289,0.28979084134602,0.837622081664969
0.0357249893129092,0.826715433993028,0.0652712204748638,2.25698609939581,-0.471918496927561,0.0265154556241087,0.504582656418209,-0.346311959541897,2.06221437647303,-0.845645570318933,4.9124616616021
0.105276655891931,-0.151053422206611,-0.621642546390247,-0.709654262357152,0.601774723682118,0.827974814498342,-0.141717861798077,-0.46811660095262,1.65395900619797,0.523074956818636,4.69586398534818
1.71709444639313,-1.21452621992258,0.111480834837066,0.346300867953959,0.675034279839303,-1.63044639903536,0.123344574076173,-1.05469889070413,-0.143264873235983,0.175154126877369,-1.55224528209153
-1.60959915294599,1.02877529935022,-0.284948964804143,-0.463670480151954,-0.559550436003691,1.37189376438922,0.958251384661231,1.33462770679667,1.30882889008811,0.796669454326807,3.77390480263397
-0.642527774030506,-0.731209641381625,1.86938032572819,0.804914532775839,-1.33519390317116,-0.699758675368706,2.00380472061272,1.17116605427787,-0.486039532316965,1.78385587283472,6.8191789535019
0.168429835632184,-1.078838214801,-1.22622118925697,-1.61696298583275,1.22021594364271,0.0560902392215034,0.278113190335723,1.33462770679667,-0.132571086500238,0.796669454326807,0.420020437870696
0.168429835632184,-0.86322537355498,0.602904588734994,0.0835039898611175,-0.204161589874195,-0.648180179823407,0.340433486538896,0.220025140637338,-1.70007989319469,0.883518446550535,-1.24854896622643
0.384260906492298,0.0953296653969955,0.647007932109686,-1.00692455377825,0.552108042185598,-0.517238973363472,-0.104558066362358,-0.970152853293807,-1.04453722417577,0.0131359635169535,-0.806879559298337
1.00142752313744,-1.19029777848132,0.111480834837066,1.46300848790441,1.34393377098927,-0.274277312494418,0.559457640217137,0.234853861746633,-1.49282219014509,0.535311465946536,4.43544149186834
-0.151179447371551,0.802472226060216,-1.57348301507278,-0.706615442602665,0.0218812772220443,0.336056954095544,-2.06293376840713,-0.144373933306747,-0.11204549805347,-0.202780611255332,-2.62660350489978
-1.35767351196634,-0.322491855027344,0.575631260375111,0.115078174587372,0.889856047562131,-1.87689723100918,0.278113190335723,-0.0638010026321842,-0.67930163366218,-0.746643154435367,-3.88751864028227
-0.293327292429802,0.38102381509388,0.962774620184605,-0.231805837680457,0.352253423063531,0.690283027035038,0.340433486538896,0.502840268489372,0.649306954071716,0.433973798762587,4.33723267514851
-0.135850676377348,0.76694902326101,-1.498340648154,-0.706615442602665,0.0218812772220443,0.336056954095544,-0.00545800337136468,-0.54597511210445,0.238384733836477,0.410302030566881,-0.634465054304057
1.15146118708678,1.69249060262552,1.73542586382458,0.560136972827952,1.20097724569668,1.28566687783431,0.0520601795095155,-0.234076627736875,-1.69310926018658,-1.12878120577717,3.00532247357462
1.57397711110297,-0.390497972771595,0.046306906855487,-1.61696298583275,-0.136107528216741,-0.156245146407794,-0.161020133677344,1.3493774929109,0.238384733836477,-0.181678667695625,1.04539280862602
2.09331419783845,0.0573208248279812,0.111480834837066,0.860578689563201,1.78298840828781,0.260718814431481,-2.91374812550278,1.31825537136031,-0.143447041504396,1.6255934479899,5.17636743154333
-1.26008001266352,1.02877529935022,0.992863305202217,-2.11601898552237,0.550308358501685,2.88261985781945,-0.980827085533794,1.14720874555363,0.562100220691602,0.751995284228017,5.04454588754546
0.76668213668387,-0.632644337354827,-0.376412179363565,-0.475940129839488,1.78796710879815,0.0883392459024481,0.634417286791616,1.33462770679667,1.22872101109992,-1.53783362181129,3.08727113816996
1.64876230766829,-0.560100614723122,0.046306906855487,-1.02368261584535,-0.297080848692081,0.651712233048788,0.644432046448852,-0.411952730899703,-1.01612900339761,0.0988874508821602,0.880733479106311
-0.711312024974403,-1.11146578318313,0.535777645768644,0.373089037963857,-1.60939675476319,0.0560902392215034,0.146045039692345,1.69567641612556,-0.968405012825311,-0.6220174361871,-2.32772272069603
0.228246609586484,1.1419628982099,-0.444920896995617,-0.833529759598043,0.774552611100943,-0.570936130984486,-0.0734676006263717,-0.601685293647683,0.579323399016796,0.221104808880332,6.11654305557821
0.593377002416608,0.685563919243134,0.529472020730453,2.40570765102028,-0.753270330037275,0.499059081714536,0.288643151528738,-0.443633721495158,-0.250498098398637,0.65638758601362,7.74827014423646
0.881865594270787,-1.6632598942034,0.046306906855487,0.22485249251075,-0.580965316158271,1.47897194118883,0.0879771850031898,0.598320854931588,0.79596414131417,-0.68441728057963,4.78041433453372
2.12117292162072,0.88986028230605,0.046306906855487,-0.342673546346062,-0.0223270715395039,0.522116807684161,-0.547842764036807,1.12975698796079,0.145516261662582,-0.307087262256683,4.67429454072314
-0.591353652312854,0.860372064453761,-0.010031216730906,-1.19456159110541,-0.439189043670729,0.520249665758023,0.00849824753883135,-2.42899579462522,0.025603103111436,0.0852108916342732,-4.65795044988636
-1.6641453908984,-1.39591054669467,0.0604493910588471,-0.175924653276871,-2.50977477784602,-0.547210852880248,-0.408091761825924,1.37240244258052,1.19034001208607,0.796616998174176,-3.55477902005635
-0.866182666816749,0.0643988717229643,0.787475599202324,-0.175924653276871,-0.81269462973316,0.299913144801177,0.030660258294489,0.340866587102682,0.642190831536766,-0.694387793085788,0.503971550344953
1.01292712033538,-0.513290752379015,0.046306906855487,-0.342484416658157,0.309583852377636,0.841174240101804,-1.36490748439824,-0.900392734009224,0.463260082819019,-0.0837394136853784,1.16044392139328
0.902022191523006,-1.75896248266293,0.046306906855487,-1.13586138284082,1.78796710879815,-1.8365115424615,0.278113190335723,-0.296656996998266,0.981509026227744,1.70217677011432,1.74382668173021
0.369591701565915,-0.758506469941187,2.00414256287563,1.14233061019185,1.36282088339312,2.12049408104989,-1.02617506522881,-2.42899579462522,-0.723523226067477,-0.746643154435367,2.40239951936146
1.1315370230296,0.587713648025845,-0.354783326549162,-0.588352899472371,0.0609688726248171,1.65693314730395,0.314727844726783,-0.601685293647683,-0.680047004663824,-2.59597313589848,-0.51892961922781
0.757147468860732,0.542204303846903,0.81136973789156,-0.45439197823734,-1.29674371365966,-0.141573826276375,0.507263726398308,0.24980615535681,1.14537737202986,0.371684324957486,1.67556037860827
0.34783617921037,0.475421225643363,-0.486042633237694,-0.123322162608553,0.754373494065367,1.33007884439382,-1.19431112078239,1.33462770679667,0.129910525564067,-0.419307364915834,2.2542407879256
0.152787785182711,-0.932725932776178,-0.305611355159957,-0.0831560583872804,-0.364707813951693,-1.1394345026878,1.75597241323561,-0.526382040351876,0.394115472903423,-0.505516997645648,-1.54089120160922
-0.406112263315265,-0.533740380674546,-0.624824921852242,-1.67158011501677,1.53136479597867,-1.8365115424615,0.278113190335723,-0.167261054223862,0.412802600897344,0.619397180969689,3.81307448520282
-0.164142398808466,-0.3697966930036,0.0183459150553212,2.40570765102028,0.763710542432918,-0.0775567923013017,-0.917461310446916,-0.297437582732586,-0.261070345203955,0.892562054015315,1.78601694744468
0.19845732425248,1.51355210950517,-0.419209011144634,0.368240619299351,0.252977335729185,0.849413470688724,0.544716851497908,0.811341810437586,0.366228633580913,0.0826552887685856,5.40107194412125
-1.3621519551404,1.02877529935022,0.0201115530625419,1.86596452976762,0.963820776778822,0.690283027035038,0.583968730948585,-1.53136288037289,-0.902092377641526,-0.20008481457454,0.685885425883853
1.91741967423584,-0.33364206138088,0.046306906855487,-0.488682546151974,-0.355353682035937,-0.55999943186747,-0.236036571711939,0.920201871209062,0.473412174015334,-0.46709581914652,2.83031016448913
-0.946748704265495,1.52715482154032,2.72862488667669,0.512523914955289,-0.960061871690858,1.68747299018609,0.707370954553187,1.80568654231401,-0.384202851349892,0.751995284228017,6.38489467505297
0.121529805084466,-0.710233897724999,0.160409449192143,2.40570765102028,-2.08080513481795,-0.936333742813784,0.288643151528738,-0.275638799877867,-0.531010298885763,-0.475658133846212,-0.121941306660968
-0.251674035062425,-0.288149024269724,-0.173843425559355,-0.663117257173215,1.03066908050887,0.315410135462642,-0.228439070435776,-1.12675322813967,0.274153851585349,-0.505123951912809,-0.902121986368158
-2.17982817910353,-0.322491855027344,2.55175096518058,-0.372715132106397,-0.960061871690858,-1.87689723100918,0.232621493203366,-0.53743490980926,0.41966185322685,0.632318004936907,-2.29369682490556
-1.20616835692213,0.9035103063745,1.05339565830387,-2.41213397004373,-0.115145104628843,0.253740352964136,0.634417286791616,-1.24195764313909,-0.413904660645967,0.0274046353899504,0.194360157147029
0.182987717933024,-0.198508984999946,0.299983396242135,2.25698609939581,1.36253552742795,0.516007057821765,-0.476605020333366,1.2938064325209,-0.334846265263332,1.23793276387712,7.46938328734145
1.19754817420479,-0.0146796884891704,-1.2605868432525,-0.0527260203468536,0.307104058824765,-1.45366103215442,0.320273944099606,2.58131704891451,-0.67930163366218,0.750787248353365,2.9802250627092
-0.245512329193362,-0.218670919966045,0.107287462535289,-1.00692455377825,-0.432737826864877,0.520347035425145,1.85165037789403,-0.595151129083472,-0.731283420554395,1.71654371428697,-0.116706790338699
1.19221152596115,-0.595758942682503,-1.3266378555001,0.523869540369425,-0.0587976391525011,-0.396919999556009,-0.710435404918906,0.926681267529397,-1.03613735627243,-0.369664698032509,0.175274218709539
0.146146153663988,-0.40140995363354,0.158916586593179,-1.64479282627264,0.77363127835611,-0.201740464776618,0.278113190335723,-0.46811660095262,0.269282050201871,1.20265915479083,3.0148707489855
-0.604561002899377,0.191783488083981,-0.829920720978642,-1.27904527279962,0.832944145541398,-0.936333742813784,-0.543005320067999,-0.167261054223862,1.59141633673938,0.766618706983324,0.503971550344953
0.0211386254574224,-1.52708259397449,0.765930182228964,-0.599712537856879,1.2133979631193,-1.8365115424615,0.278113190335723,0.264289471469105,-0.0649359448491593,0.927801888186496,0.0911639568608611
-0.447246156078175,0.777949237693444,0.426114041183267,-1.70458618581569,0.0748253932652781,2.590726384964,-0.149910931526602,-1.24195764313909,-1.02887917025084,-0.100251626205253,2.96971727882587
1.23117357869045,0.19705051756623,-0.071562247008707,-0.706615442602665,0.679463853587416,0.0548215522296225,-0.382506081616487,-1.58847604365485,-0.351353770031643,2.01420578756839,1.68143941465562
1.13539319266961,-1.48738229326449,0.111480834837066,-0.531842860694413,0.218797505047757,0.132767506336894,0.268450678124477,-0.182275226079237,-0.111544355591491,1.4461326493417,3.51432119862324
-0.184772364637907,0.307663798026066,-0.553447211513061,-0.896656871734383,0.271544008340516,-0.538085083184333,-0.161020133677344,-1.09148351540317,0.353883532449346,-1.11681725906248,-4.82574703807232
-0.642527774030506,0.0174878492299692,1.39101052696619,0.50769607883505,-0.661472101262942,0.563577509554852,0.144342206778436,-0.633354659085114,0.340312534466112,1.31105132577622,0.491440432077366
1.01186404561454,-0.278087834473133,0.765930182228964,0.967303805931507,-0.306476274633947,0.824917499292568,0.928470147699583,-0.137522492091545,0.320160315608897,-0.531963963958398,5.12769134020267
1.75045083024301,-2.38298934189724,0.111480834837066,1.94414514351762,-1.1719582246776,-1.51362565174006,1.04213448246192,-0.275638799877867,-1.40113836041783,-0.475658133846212,-1.22795568058885
1.2526218638097,-0.165344641968937,0.046306906855487,-0.899214535488587,0.502592108841645,0.288935943928117,0.897001580454633,-0.525596008337419,-0.695726689651032,0.0724660105729013,-0.00554749762422513
0.406445280055064,1.80792341645316,-1.37090141230275,0.740649289178022,0.276716657572911,0.236827935815712,-2.03419521613601,1.18533966390743,-0.690222314289706,-2.3831642381,-1.27580026646498
0.384260906492298,0.590661215767598,1.36634909394871,-0.270299183531628,-1.67387677144346,-0.570936130984486,-0.576868091682386,0.412705129490039,0.0396741942162913,1.00869725328797,3.59289525624848
-0.951321791117841,1.52715482154032,0.0897872203952315,-0.446103274385872,-0.350001476467661,-1.26756214066408,-0.382506081616487,0.794066434196755,-0.384202851349892,-0.68441728057963,-1.74476541648031
-0.648751749466503,-0.947120129290233,-0.557034399500361,-1.64479282627264,1.63537100161825,0.0560902392215034,0.278113190335723,-0.234076627736875,0.786633768364774,0.796669454326807,-0.684850163941863
0.0761121491273852,-0.702219853466456,0.0107043020809868,-1.15885391192292,1.01635880859011,1.73829148146752,1.67274650324679,-0.234076627736875,0.299283020602125,-1.75588554267301,0.898020673003059
0.737217764881358,-1.72715344448494,0.046306906855487,1.00695049103095,-0.371461167578114,-0.448280520656614,-1.3314416231408,-0.242641620346618,0.773160843442605,-1.68829723037999,-2.93854171340145
-0.372325575986361,-0.881474769412075,1.44968360405969,0.309494820190837,0.137009996120425,-1.13800891244538,0.897001580454633,-0.0602319859652943,-0.495884077418182,-1.854298094007,-0.64248988698511
-0.243934259920415,0.0165773893704054,-0.616253423851322,1.3805902223408,0.6836794754034,-0.522482319129627,-0.901655911711554,-0.639325106391845,-0.435652659331694,0.174267157702716,-1.50708121002691
1.80533820754219,-1.72278190367296,0.046306906855487,-0.515315488650137,-0.336115544580759,-1.66685290550387,1.67274650324679,0.557775973106857,-0.694371374160622,-0.222285438822798,3.20082048564643
1.1762956729754,-1.35505111349042,-1.3266378555001,-1.39293358295037,0.960743711617241,0.279166358165513,0.0305147064826479,-0.992702701609503,-1.46834005258639,-1.53950076001537,-5.73631272169744
0.958739707381809,-2.31625807987813,-1.3266378555001,-0.148691125642782,0.778977676612137,-1.06104555583947,-0.466292122853627,0.0262400831596733,-0.0469769374576664,-0.205544149320166,-1.155335451687
-1.00678307380252,-1.165476105515,-0.216911123422647,0.436278049053777,0.0862130456684398,1.85190076879074,-0.162981730167905,1.32428295784809,0.954915926672134,0.751995284228017,3.46392913850282
-1.23058688885623,-1.39591054669467,0.0968067884889946,0.503630268042723,-0.545107479956073,-1.55568360637005,-1.13031802920196,-0.181273066901743,-0.117986221093626,0.0298728924615172,-3.40811445261353
-0.57019156048267,-0.597802247489609,-1.64499989766061,-0.475940129839488,-0.601156805414402,1.85190076879074,1.39483483586881,1.66807450458433,-1.15801796149159,-2.60319760175819,-3.47543674595072
-1.22544040387794,-1.39591054669467,0.0968067884889946,0.503630268042723,-0.81269462973316,-1.06104555583947,-0.192951127861413,1.18078443199271,-1.69514506996339,0.221637355834689,-2.56240492751729
1.38029955501684,0.454103910339816,-0.602848778696189,-0.342673546346062,-0.136107528216741,0.047556553545642,-0.0475654259023405,-0.219701017332964,-0.136584384468244,0.173817454780388,2.58193451274118
1.25198698463975,-0.235360163764018,1.87341656042595,-0.599712537856879,0.245717208290357,1.53472536775112,-0.239430537036538,-1.35294229516268,-1.87506591152364,-0.502597813277511,0.0911639568608611
-0.184772364637907,0.307663798026066,-0.553447211513061,-0.896656871734383,-0.414863952402263,-0.563940561082287,-1.62916027416204,0.86784796756333,0.233255368347577,-1.67187188983164,-1.96173679502109
0.22959071923759,-1.30973667600255,-0.376412179363565,1.75715675227559,-0.282193202055948,0.130333066946291,0.19806887842256,-0.240213608431013,1.32077214274602,-0.271043687882021,1.45872041421515
-0.416319071071291,1.59062916596072,0.232017280833127,0.436278049053777,0.140674067706219,0.612066566611537,1.50148383603299,-0.61420792480877,-1.26550895325203,0.984750759147319,2.45323394381315
0.902022191523006,-0.241243391495526,-0.071562247008707,1.46300848790441,-0.414853150176851,-0.294082551047818,0.928470147699583,0.214211420834739,1.62721397101133,-0.211126282624293,5.32051685267824
0.120132358145832,-1.2398298363635,-0.071562247008707,0.293588451391755,-1.3124593752616,-1.09602589562514,-0.953824796490548,-0.465008164230017,-1.390717908134,0.684643857035712,-3.25564261476569
-0.243934259920415,-0.218670919966045,-0.340310533285255,-1.05157829370616,0.809031831479657,-2.41780565052549,0.634417286791616,-1.26334852494918,0.581712278001859,-0.912758618396908,-2.98696895741531
0.319229554992751,-1.30601991238861,-0.376412179363565,-0.709654262357152,2.05587005545562,-1.1394345026878,-0.543005320067999,-0.643153847340341,1.80237431789705,1.47712558114275,1.23548226724068
-0.518402608299261,0.907850478399869,0.165831215241865,0.436278049053777,0.675534994400949,0.190372943817687,-2.24087346027892,0.302518828906358,-0.36597738790359,0.461191727299014,0.420020437870696
-0.375630472886261,1.60941967837266,-0.574805813413002,-0.572947256387489,1.01635880859011,1.31425128765493,0.0871422783402751,-0.234076627736875,-1.78801675575067,0.201678760864983,0.634060317923416
0.0883238651900141,-1.35299794402006,1.13948323395716,0.71027971369211,-1.10654255954762,0.503652108233169,1.78688671252829,0.866287434167932,-1.99750971932073,0.802497991525627,1.79257723038707
-0.380736389068644,1.60941967837266,1.01965298035103,-0.175924653276871,-2.25358065220488,0.964684020359854,2.88219975045934,-0.154998671195995,-0.526082551358377,-1.89740479789924,-1.68898049282135
0.795293141207022,0.418226334785505,2.19685502509927,-0.259568728075796,-1.50764753096578,-0.344845690540555,0.314727844726783,0.615634273992225,-0.916874759724824,-1.24162046993999,0.390158973670243
0.0761121491273852,1.33619029505321,-0.013211892436588,-0.663117257173215,-0.975942349760351,0.747814154730442,-0.0780587671698423,0.938890946893932,0.649306954071716,0.465726584996129,1.97641765071288
0.34783617921037,-0.347852091821455,0.545643164558108,-0.45439197823734,0.0544434723889521,1.60312669874344,-0.738834780271679,-1.12352441062523,1.63079724440032,0.016988380807545,1.87046692102446
1.00142752313744,0.661765031874015,-0.107021447431962,-1.13586138284082,0.0609688726248171,1.30663240956073,-0.897987419809732,-1.64801358740371,0.368106306199005,0.281025596271664,1.03638038365097
1.18489027106496,1.0678803142927,-0.305844131342793,1.57036756009948,-0.975942349760351,0.161369382697308,0.288643151528738,0.447887720118242,0.00596641634754362,-0.664414184772418,3.3897634698414
-0.624984971050248,0.124731918383054,-0.676283428370673,-1.05157829370616,-0.716148873981635,0.503652108233169,-0.305657249708933,-0.738100492393834,1.34475661560721,-1.67709035000569,-2.344113922197
0.627586275982183,0.358516899213348,-0.328768903305034,1.46300848790441,2.60788356832283,1.04009030297121,1.72938901827471,-0.234076627736875,0.106037077527781,-0.255615718694268,8.76582707031906
-1.26008001266352,-1.39591054669467,-0.570410221885366,0.28618434434905,0.258219820177335,-1.06104555583947,-0.982064914285192,-1.45092771086097,-0.0926871101346871,-0.92250490197781,-6.88174911968525
0.627586275982183,0.222726651087011,0.0701774542732331,0.368240619299351,0.943281437005962,-0.0798868413599248,0.845422846195057,1.32428295784809,-0.455669957566231,0.549079152435643,6.53326921539635
-0.151179447371551,-1.90667601709921,-0.376412179363565,1.3805902223408,-0.822972051664025,-0.547210852880248,-0.848723775829539,-1.01501506648048,-0.725158843249109,0.0474727674055956,-3.259324942065
0.152787785182711,0.219828808933298,-0.543660639742627,1.75715675227559,-1.16817253372595,1.83870549095527,0.288643151528738,0.593385769241775,1.60051025037811,0.401880093304718,4.20583946124437
0.366435182026437,0.00702421960688991,-0.22473912167426,-0.833529759598043,2.05587005545562,1.58108979818465,-0.0734676006263717,-0.234076627736875,1.2343097720189,-0.419307364915834,3.65140555563872
0.195260961296086,1.36126739078525,1.02513188639647,0.981953462597289,-2.08080513481795,0.077342270171615,0.472529654401645,0.720382369591533,-1.20014853213194,0.984750759147319,1.78601694744468
-2.34514615740884,1.02877529935022,1.14569197330036,0.438207063567727,-1.56649342450004,-0.242107696044465,-0.0277283812807553,1.11059254780164,-0.142845154971719,0.124668881371888,-0.0851679667293793
-0.604561002899377,0.289911559100783,-1.21091309135544,0.0289281767302189,-0.684465733183347,0.714062519527151,0.0599611953152066,-1.50851473907988,0.377770152670937,-1.08973545933003,-1.3088738471902
0.282986147203685,0.501478716134861,-1.06657236986764,-0.706615442602665,1.51158709467972,1.00403436360003,0.35817110895012,-0.234076627736875,0.312258170535055,-0.20045226636047,1.74428332636835
0.0705386320336281,-0.702219853466456,0.0107043020809868,-0.572947256387489,-0.370954143372207,0.803439052683749,0.314501921282629,-0.589206975661632,-1.21819524105165,-1.03476462819723,-3.37539146720043
-0.711312024974403,-1.11146578318313,-0.924747851831022,0.293588451391755,0.336842920261273,-1.55568360637005,0.35817110895012,-0.0140019490617683,-0.64958984940083,-0.766374310269508,-1.87770761739923
0.2287174702026,1.1419628982099,1.49783138925526,-0.0171496017046318,-0.236546030471148,0.206527710791241,0.0969509467038807,-0.343507947090449,0.17679809012977,-0.33299118510427,2.79006660986389
-0.372325575986361,-0.881474769412075,-1.01051681896222,-0.709654262357152,-0.101911117942886,1.85190076879074,-1.39315911945652,-0.604978220836708,-0.442857196667712,-0.242420534155781,-2.41571643266573
-1.26008001266352,-1.39591054669467,-0.570410221885366,0.28618434434905,0.258219820177335,-1.55568360637005,-0.465044739429787,1.89744377759695,0.565253045145792,1.6255934479899,-0.703204328649365
-0.149082664022566,-0.127464260377926,0.757294205912504,-1.70458618581569,-0.534836955684844,-1.58193980448901,0.278113190335723,-0.633354659085114,0.100326698390583,-0.307087262256683,-2.65320609140079
0.711761221207245,-1.72595141546428,0.111480834837066,1.75715675227559,-0.242651313202627,-1.0521749678134,-1.88254695501796,0.909349209448676,-0.703188755499922,1.32165247977591,1.22348309411363
-1.69895969252142,-0.322491855027344,-1.35588053663925,0.842245421631717,-0.817407909878168,-0.312718071866497,0.0381511925448023,-0.542166607011685,0.543670892149266,-0.266997973891025,-3.15247771357042
-0.958329676728089,3.12945981060765,-0.241598403173782,-1.70458618581569,0.183655099921473,1.47941233579794,1.40123037713166,1.14720874555363,-0.231597103657775,0.796669454326807,4.08795473254583
0.131595014651714,-0.993785976086682,0.051204683696561,-1.05157829370616,1.61946466714541,-0.169948097014954,0.278113190335723,1.33462770679667,0.954915926672134,0.451236546447628,2.26603389583644
1.44813149714112,-0.0631593581667682,1.87341656042595,0.175274241630762,-1.51767167947791,-0.859149847382718,0.681949017842606,-0.242641620346618,-1.16059956363187,-0.826351849790881,-1.69722555964282
-0.685648873654952,-0.647150917433968,-0.0601589974225231,0.145507836469046,0.205478461233563,-1.1394345026878,-0.382506081616487,1.9917644644286,0.565253045145792,-0.181678667695625,1.44382665925979
-1.51324337412099,-0.322491855027344,0.0401799429267349,-0.259568728075796,0.861847843034003,-0.158188223930437,0.232621493203366,-1.84296754180607,0.822371180812357,-1.39923633321949,-0.124688824188091
0.406445280055064,-0.0543481195985639,0.150541158843437,0.967303805931507,-1.01336337445795,1.40746634863351,1.02488834056318,0.664091029898915,1.36869041465906,-0.440924190406012,2.18398825434066
-0.556102411790066,0.183823612750873,0.557880046070633,-0.446103274385872,-2.29934675151168,-0.169364134520898,-0.559885787170488,-1.22983102169224,-0.414408955346863,0.326664675032372,-7.15467102697481
1.15146118708678,-0.252195984769658,0.765930182228964,1.3805902223408,0.245717208290357,-0.46488890949669,-0.381678100188251,1.44531516059999,-0.17311251274692,1.08852231175233,5.37552754556393
-0.96741412606242,1.52715482154032,0.818446868427631,0.564925121769827,-1.33417774201363,0.833215325615341,-2.31031013409559,0.864657714033733,0.41966185322685,0.656657568119408,4.66536291098792
-0.627095662211891,0.328559010518588,-0.371975909548014,-1.00692455377825,-1.06935846158073,0.364407204200862,0.194510926358436,-0.993413722965538,0.443099704680428,0.594033445941486,0.470631104189847
0.0604950710316492,-0.567906244312246,2.19685502509927,0.0517402662434476,2.17402637523632,0.18371073726169,-0.543005320067999,1.33462770679667,-1.97411023373625,-0.419307364915834,0.491440432077366
0.439392953099001,-1.64664216450011,0.046306906855487,0.586473744038886,-0.0146538195052864,0.279166358165513,-0.0249713536242519,0.45347057511857,-1.4185527958132,2.31412721805108,2.91909501218865
-0.980714651237908,-1.165476105515,-1.06657236986764,0.967303805931507,0.206038585502832,-0.312718071866497,-1.17424469022153,-0.861158921480945,-0.100457199815025,1.03534715317545,-1.51312524577631
-1.71054293976381,-0.322491855027344,0.424006800974095,-0.00321538073724969,0.304119205248757,0.130333066946291,-1.30545381381714,0.19937784111947,-0.855835930792133,0.0274046353899504,-4.00602221041756
0.740894545208353,-0.625637358913337,-1.2605868432525,-0.342673546346062,1.22021594364271,1.10607460304056,0.1839420259992,1.33462770679667,1.0488520824458,-0.88139613891129,0.716381060931352
-1.26008001266352,-0.322491855027344,0.953779067585807,0.714501948984941,1.36282088339312,0.996838366977697,0.312924188088065,1.33462770679667,-0.599123500232677,-2.79831675372858,2.54565329129862
0.2287174702026,-1.30973667600255,0.765930182228964,0.145507836469046,-0.90869596753868,-1.20275278140157,1.08199376076251,0.0412998275488307,-1.28891163532184,0.669401169975106,0.429793813062187
1.30779460578519,0.625736151342692,-1.57707085989464,0.519525927685392,1.47332814246318,-0.354448307339191,1.52233983752095,0.448649731900151,0.928203707259319,0.477603605511744,6.41199647844583
-0.120545903474831,-1.41463455280181,-0.759548690737746,-0.709654262357152,1.2441453418643,1.85190076879074,-0.263919857457893,-1.24195764313909,0.994634435266028,-0.410495780618052,-2.13811685052047
-0.881163842658172,-0.612180837544454,-0.553447211513061,0.842245421631717,0.595408187679744,1.47897194118883,-0.824942711880277,-2.04471124694642,-0.685977190792785,-0.648685735952364,-5.18177826640151
-0.57019156048267,-0.0991558643326169,-0.804274348654168,0.293588451391755,0.0563516773710206,-0.449071202144942,0.693459056279313,0.657796119503906,0.347168909777932,1.87132605416733,0.108906277968512
-0.260040250577254,0.410033262429949,-0.166804335479455,-0.45439197823734,1.85264669987385,-0.932521480428388,0.634417286791616,1.33462770679667,0.570790768524735,0.158246370706467,6.8191789535019
0.627586275982183,0.358516899213348,-0.328768903305034,1.46300848790441,0.242099177781415,-1.26756214066408,0.0383728625066534,0.22637278613918,-0.17311251274692,-1.42315047529422,3.71167370393723
0.777161177064217,-0.0129485205099622,-0.6241089738707,1.57036756009948,0.903733902890066,-1.67776179519803,1.06595739221762,0.08258657922707,-1.77692298801986,-0.110706611292268,0.562814420350435
0.0720616018116825,-0.181470580940055,0.992431748269449,-1.11974038188224,-0.449438687386158,0.459586507112068,0.268450678124477,-1.09400380645215,0.660832796458173,-0.668718642712297,0.0196386600731921
0.902022191523006,-1.75896248266293,0.111480834837066,1.00695049103095,-0.534836955684844,0.24339623058818,0.528025093877444,-1.31674217832385,-0.631618235049125,-1.3719068373732,-2.40003538709265
0.532670507939564,-2.41279869081588,-1.3266378555001,-0.342673546346062,0.0218812772220443,-1.55568360637005,-0.161020133677344,-0.0630218638644306,0.581826099851487,-0.052956332207405,-3.98927461040886
-0.372325575986361,1.60941967837266,1.0924384983002,2.31952180583596,0.290039608440632,-0.27359070223296,-0.301883991739515,-1.55341129233932,-0.64150827675045,-1.55571455234545,1.18986472677447
0.767919312984218,-0.632644337354827,0.765930182228964,-1.64479282627264,-0.318019931038277,-0.611913182335296,0.360013497043845,0.851035565796351,-0.616708385795335,0.0596567708177755,0.96368946930725
0.0251423794389684,0.826715433993028,0.182660610053865,2.25698609939581,0.305609136468326,1.41306088115105,1.02488834056318,-0.732049606026797,-0.0671072877569062,0.614309429386487,6.62987801659273
-0.958329676728089,-1.165476105515,1.36634909394871,-1.52749181639447,-0.159074419233904,-1.09602589562514,0.278113190335723,1.7993913887553,0.533560046973463,0.751995284228017,0.742024724600697
-0.96741412606242,1.52715482154032,0.715010752112405,0.309494820190837,-0.408699323110795,-0.182051613468984,-1.12434417582912,-0.239377563308022,0.0315180936131312,-0.505123951912809,1.6600571691366
-0.245956346078749,-0.218670919966045,-0.603001322729024,-0.896656871734383,-0.803430196332314,-0.711491036861552,0.594994824595003,-0.227727816791831,0.357753960647807,0.0852108916342732,-1.54735845537294
0.0872021867230358,-1.35299794402006,-1.2605868432525,-1.61696298583275,0.307104058824765,-0.312718071866497,2.02029096848873,-0.641990545929503,0.673264230793007,1.46283525726274,1.9942136822342
1.01292712033538,-0.278087834473133,-0.376412179363565,-0.051816475898189,1.78796710879815,0.849373272741074,2.26791510792921,-1.24195764313909,-1.80862869837897,-0.664414184772418,1.23548226724068
0.29337092476607,0.417890795894456,-0.702633944446621,1.46300848790441,-0.314002577251369,-0.153604708497722,-0.472775323173839,-0.524052904814733,0.115120415356323,-0.880871453589426,-0.670483850972479
0.0558058902353404,0.465814432739518,-0.51929490392138,0.521245595856898,1.03066908050887,0.731932444040294,-0.367553212087906,-0.681343969989639,1.04641828614235,-0.14842319411562,6.4308857719091
-0.578051925956698,-0.597802247489609,1.17686435142454,-0.480410141033003,-1.50764753096578,0.714062519527151,0.654840344879518,1.88576307665536,2.53526789640642,0.451236546447628,7.74827014423646
0.91332536332061,-1.24097660632881,-1.3266378555001,0.770555889246063,-0.273194241591896,-1.51362565174006,-2.48581935306811,-0.561387677338792,0.748837685863075,-0.462138738072917,-2.14161643681962
0.740894545208353,-1.63675594224764,0.046306906855487,1.00695049103095,-0.371461167578114,-0.158188223930437,-1.19590047285849,-2.62824823141309,-0.527495409001628,-1.3719068373732,-7.90717698034407
-0.322629656658844,-0.874200443994231,0.81136973789156,-0.2106836008891,-1.42733756721302,-1.1394345026878,1.64192933536894,0.438900410197219,-0.412209434396531,-0.689239771394953,-1.22795568058885
-0.351247886823917,-1.47678385907234,1.05031872187156,-0.231805837680457,-0.548264015463242,0.615864461467921,0.734583671816495,-1.55341129233932,-0.179309364432199,-0.582110093746078,0.194360157147029
0.928608354151784,0.680180330146036,1.30176226395283,0.175274241630762,-0.205360678226485,1.56501943130965,1.23501959383848,-0.641325911007369,-0.165157014700687,0.0724660105729013,5.7589417811824
-0.202803449810278,0.291681468327407,2.24932125715281,-0.396517517232615,0.93573298737569,-0.0303553448068542,-0.494507168126646,0.220200352841721,-0.435652659331694,0.751995284228017,4.42735863871191
-0.564990864678851,-0.0991558643326169,0.134880828834651,1.17740408182426,0.607021140286033,-0.945420374085319,-0.567226495292668,0.528044473013803,0.506265203677837,-2.55589639594976,-1.69926398038924
1.76583044305935,0.287106051687834,-1.3266378555001,-0.475989360016077,0.854696753214053,0.368654946736781,-0.419049554695267,-1.12352441062523,-0.723523226067477,-0.319670730327474,-1.50708121002691
-0.96919425542671,1.52715482154032,0.715010752112405,0.309494820190837,0.872516849483673,-1.96742644683389,0.634417286791616,-0.649695621524682,-0.0769606250941591,-0.633236709354867,-1.25356600370136
0.543041897744262,0.208640334185202,-0.305844131342793,-0.709654262357152,0.774552611100943,-0.153604708497722,-0.161020133677344,-0.992702701609503,0.516962508481371,-0.534227289800019,-1.1668733546425
0.920835138899555,-1.24097660632881,0.111480834837066,1.00695049103095,-1.69226182580341,0.200419142793425,-1.46100656348816,-1.01501506648048,-0.923340742125655,-0.338922348489756,-4.00018146799349
-0.204445412562276,0.291681468327407,2.24932125715281,0.0782394202088356,-0.868373090599465,0.859083691687091,-0.487798324368026,2.0252878842066,0.187647442312055,-0.419307364915834,5.9756602149732
-1.60959915294599,-1.39591054669467,-1.0426589783007,0.0835039898611175,1.53260847158786,-1.06104555583947,0.634417286791616,-0.0532410372744825,-0.557779079291695,0.478724769518167,-1.21001396791461
-1.37737095588417,-0.322491855027344,0.486198057131749,-1.07479281624286,-0.528343910284055,-0.748876664148496,-0.466292122853627,0.343426659149088,2.08706644730307,0.451236546447628,3.20082048564643
-2.42661379768479,-0.322491855027344,1.89439005428408,0.464305278652827,1.27902950996476,-0.936333742813784,0.634417286791616,0.302518828906358,-0.142845154971719,-1.67187188983164,-0.634465054304057
1.75045083024301,1.19386987657548,2.2319041975482,-0.599712537856879,-0.213708820004392,1.10317367879451,0.304818558091644,-1.50397074856458,-0.571253120973025,1.13729017232082,5.40107194412125
-1.26008001266352,-0.322491855027344,0.953779067585807,0.714501948984941,0.109697081495634,1.16864886735267,-0.172451015041192,-1.68945480331091,-1.44301902637375,1.09049725972125,-1.0495551254187
-0.0574361334148904,0.822768135150661,-0.927262016252785,0.276361769031615,1.1720163765459,-1.94163953281429,0.360013497043845,0.653344444848279,0.565253045145792,0.243541524526972,1.23548226724068
-0.124173306696286,-1.41463455280181,2.00414256287563,0.50769607883505,-0.868373090599465,0.494899390890248,0.350523293139838,-0.429395348032833,0.962060743667831,-0.0298104385026863,3.03237713772464
0.120132358145832,-1.2398298363635,-0.071562247008707,0.293588451391755,-1.3124593752616,0.615864461467921,1.20897597186877,-1.43129324139625,-0.179309364432199,0.0474727674055956,1.06496565026715
-0.202803449810278,0.969249008487587,0.525776801801537,0.560136972827952,-0.661881857308472,0.859083691687091,0.435162009184089,0.501713397106405,-0.168558953412734,0.786491768569866,4.24055031771384
-0.243934259920415,-0.218670919966045,-0.340310533285255,-0.572947256387489,-0.182556734854882,0.828750292021963,0.891385124738283,-0.523284280892399,0.110420847521718,-0.534227289800019,0.759917109272107
-1.00678307380252,-0.0312399440442792,-0.0202399083070849,0.981953462597289,-0.327253371463479,-2.46284193311011,-0.829554504297958,0.381312750835127,-0.142845154971719,0.190159977695408,-3.47543674595072
-0.269421462211714,-1.00967720745868,-0.470403080498934,0.293588451391755,0.242099177781415,-1.09602589562514,-0.263919857457893,-0.414372182894517,-0.024643652568781,1.20119216258568,-1.5346379366409
-0.923772052049673,3.12945981060765,0.600413217545186,0.309494820190837,1.19740294783391,1.10317367879451,0.327458963796135,-0.234076627736875,0.187647442312055,-0.186335025149506,6.85657443468504
-1.64936132068843,-0.322491855027344,-1.27942371612649,-1.00692455377825,-0.884416037298707,-0.547210852880248,-0.484572276685934,-0.123269677982317,-0.105741735435975,1.00809135545972,-5.4274158816239
0.905070001162708,-0.241243391495526,-0.602848778696189,-1.61696298583275,0.778977676612137,-0.482986618499465,0.634417286791616,-0.651983725591873,0.723961858672598,-0.36509836413797,1.12001771992
-1.82392357826699,-0.322491855027344,-0.253959186829473,1.86596452976762,0.93573298737569,0.130333066946291,-0.949387224802048,0.868860051612153,-0.384202851349892,0.974798761957416,-0.94391595641566
0.739988537897168,-2.76788346149354,0.046306906855487,1.00695049103095,-0.609901680372901,-1.06104555583947,-1.57472338185688,-0.299962314181645,0.0198680193139633,0.58416631053696,-1.87792394501496
1.57397711110297,1.87450610099493,-0.51064769221046,-1.34480192472075,0.960743711617241,-0.661984831434967,-0.543005320067999,-1.64801358740371,-1.07667927705508,0.230163921870828,1.6600571691366
0.959083428268202,-0.694986595545108,1.87341656042595,-1.11974038188224,-0.997355339316904,1.92750699676155,0.450030453932847,-0.343507947090449,-0.247692397892786,0.168280693493936,0.941749131040633
0.228246609586484,0.747402450589148,1.38665374532152,0.503630268042723,0.299316008073388,-1.6059867054437,1.23513009855507,-2.10045994703574,0.522543587280383,0.852584212915396,2.96039491576931
-0.407433327798389,-0.533740380674546,-1.94951223607035,0.556096559666524,0.837127925161304,0.615864461467921,-2.48581935306811,-0.649695621524682,-0.706604231599307,0.594033445941486,-2.98696895741531
-0.757111968384591,-0.284105146910787,-0.036597488847496,0.436278049053777,-0.120728226138011,-1.72777249609505,-0.484572276685934,0.22637278613918,-0.0233192016131206,1.11773755893457,-1.55442303573312
-1.68420311919195,1.02877529935022,0.866263489250309,0.422289032145844,0.637549958623574,-0.186779128994077,-0.160355975646883,-1.84296754180607,-0.0671072877569062,-0.0713941948133032,3.20082048564643
-1.81791236072795,1.02877529935022,1.32470347967211,0.135341706637849,1.43651651211962,0.368654946736781,-0.228439070435776,-0.234076627736875,-0.822148254211108,-0.235285003309393,2.17027106477051
-2.17982817910353,-1.39591054669467,-0.211921295815011,1.15250775516314,0.93573298737569,-1.55568360637005,-0.161020133677344,1.88143716539851,0.624405888280935,0.016988380807545,0.550727508433851
1.00222607569168,0.172995865049651,-0.305611355159957,0.909713082372273,0.272346842344078,0.678638043006423,-0.938767534601159,-0.637325262735892,-0.978526971085962,0.0685820247429464,-1.88944619145724
0.437522953743969,0.713169120651615,-0.216911123422647,-0.833529759598043,0.832944145541398,0.0877945533275947,-0.161020133677344,-1.24195764313909,0.443099704680428,-0.440764775191625,-1.28443641215641
-0.642527774030506,0.0174878492299692,0.501967531736518,-2.27627500906927,-2.71347945635675,-1.0521749678134,-0.644868365759892,0.141365077125029,0.915441150463637,-0.100251626205253,-6.4942219980157
0.629116185919408,-0.388361785766145,-0.759548690737746,-1.61696298583275,-0.136107528216741,-0.69475137724193,-0.0734676006263717,-0.519856446305728,-0.0972083594804451,-0.380642487122144,-3.24840706817729
-0.694038971449225,0.572471666756121,-0.0599192519431258,-0.599712537856879,-1.66537373038839,1.96880719109719,0.683251492722496,-0.139336852684449,1.08421306175684,-0.439300470859261,3.32887263430096
0.142629483112362,-0.297103713157669,2.47758811129188,0.804914532775839,-1.65048274687141,-0.957640876240161,0.677577809214077,-0.561387677338792,-0.987502056415334,-0.616441198884507,1.08927713166388
-0.648751749466503,0.0174878492299692,1.07416796517628,1.14233061019185,-0.661472101262942,0.512735046477762,-1.3155622776504,-0.345437440015442,1.78707122038505,-1.02995599998904,3.28223631506645
-0.380736389068644,-0.881474769412075,0.26931623377071,-1.39170190215099,-0.903188247059222,2.05925816954649,-1.06018510190902,1.09066999548212,-0.0972083594804451,-0.419307364915834,-0.303327183214639
-1.49525989021878,1.02877529935022,0.12946947040915,1.14233061019185,1.03688294883171,0.587105730113155,-0.166969758953497,-1.12675322813967,-0.168558953412734,0.273542200071307,1.45872041421515
1.78790681130129,-1.30290253778026,0.046306906855487,-0.643700165155391,1.51158709467972,1.82099695473685,-0.141717861798077,1.33462770679667,0.126854431017511,-0.419307364915834,5.32051685267824
1.05073985993175,0.72983942955611,0.290869139378962,0.764571364941069,-0.00606479864400851,0.798922432484861,0.827914013885707,0.653344444848279,0.314516858029383,-0.205544149320166,5.00032229470449
0.0604950710316492,-0.567906244312246,0.290869139378962,-0.45439197823734,-0.528731216247268,-2.46284193311011,0.659830134250032,0.0939588189747966,0.347168909777932,-0.69758797667191,-4.65795044988636
0.525962119449876,1.13108519699425,0.505784861204987,-0.45439197823734,-2.42646972849471,0.778947617122447,-0.541929957467441,-1.19429367041688,-0.30037192106038,1.42942948634307,-2.20063244462799
-1.05638563363252,-0.0312399440442792,-0.438088706210951,0.175274241630762,-0.598715633823508,-1.0521749678134,-2.24087346027892,0.731859973789302,-0.220033115368498,-0.279792304691655,-2.14161643681962
-0.549073631802076,0.183823612750873,0.424309196617559,-0.707486576169826,1.2133979631193,0.33039600801948,-0.104558066362358,-0.234076627736875,2.10898718599768,0.751995284228017,7.53418533102685
0.369591701565915,-0.902901104198327,-0.602848778696189,-1.13586138284082,0.679463853587416,-1.0521749678134,0.634417286791616,-0.35472846297721,-2.32579791318927,1.74191499627091,-0.944004654195915
-0.232478081543415,0.0165773893704054,-0.616253423851322,-0.185440792747989,1.26597345766027,0.318876245957316,1.89741291002379,-1.24195764313909,0.755328669985178,0.58416631053696,5.9141013472549
-0.496490712009067,-0.997839550500399,1.85031573376433,-1.52749181639447,0.0483843284846942,-1.23051501111792,-0.543005320067999,0.657796119503906,2.34148140198525,0.751995284228017,3.99272868677318
0.125100394676048,-0.448544512570492,-1.42400965302801,-1.60022002167759,0.307104058824765,-1.51362565174006,-0.543005320067999,-1.27393357787351,-0.571253120973025,0.791393765775226,-5.67169295994349
-0.672900026484126,0.344556670837422,0.416139921888199,-2.27627500906927,-0.162447280250449,-0.493319707380989,-0.543005320067999,0.84737260512302,-0.328637815951974,0.751995284228017,-1.83277272309618
-2.17982817910353,1.02877529935022,1.55300742415513,1.03066606847573,1.07404206673707,0.446904142916813,0.628571216694185,-1.64801358740371,0.169656084800871,-1.00006554918608,4.16127348211532
-2.34514615740884,1.02877529935022,-0.669310570533359,-0.480410141033003,-0.736305183023825,0.366100431137862,-0.860444942810998,-0.641325911007369,-0.649234343597606,1.33011217567983,-3.15247771357042
0.72307568539618,-0.313817668304255,-0.109880809929381,0.22485249251075,0.461339162055525,1.19580748395067,1.23488132225699,1.80568654231401,1.34039114986544,-1.09285933823028,6.85657443468504
-0.191254342750056,-1.04530295006745,-0.362236236942953,-1.27904527279962,0.174910121408463,0.256857934635363,-0.161020133677344,1.39703563262936,-2.03861331104919,0.461191727299014,-0.925236535555531
0.100626087901879,-0.151053422206611,1.03623629549203,-0.734302235813507,0.205478461233563,1.4339502760002,0.376567280177877,-0.601685293647683,0.941311048847681,0.016988380807545,4.31373884247229
-0.23188832997822,0.0165773893704054,0.165382234354571,0.842245421631717,0.21451342793886,1.26525625426982,1.66028342213157,-1.49408415199688,-0.0224829533013164,0.561024223322748,3.4247309733733
-0.0953614884310933,0.527008242112453,-0.804274348654168,0.764571364941069,-1.45828019411609,-0.522482319129627,1.23481910288978,0.964394114638467,0.0780246028449521,0.49173736811602,2.40239951936146
-0.191447623265943,0.307663798026066,-0.855477159300804,-0.833529759598043,0.153080673787135,-0.794230703447487,0.983889946408316,1.31839249914647,-0.168558953412734,0.11215019116645,2.75302494828225
0.777161177064217,-0.0129485205099622,-0.327617194803706,-0.899214535488587,0.502592108841645,1.77219305576781,-0.981961341164123,1.14720874555363,0.106027448030288,0.751995284228017,0.886172946883715
0.897497218303324,1.28849581054472,1.86938032572819,-2.27627500906927,0.242099177781415,-0.0328793748886859,0.278113190335723,-0.234076627736875,0.107389090133103,0.796669454326807,3.73305663479073
1.82414941267593,-1.7596510831644,0.046306906855487,-0.488682546151974,-0.273194241591896,-0.286859552053675,-0.149910931526602,-1.31634565033859,-0.885737926445993,0.393252452232187,-2.40003538709265
0.757147468860732,0.542204303846903,0.81136973789156,2.25698609939581,-0.545107479956073,1.43375498021107,-1.59091768834355,1.42747184662154,0.187647442312055,0.730827696257725,6.36753036410271
-1.96553190773881,-0.322491855027344,-0.803627709486531,-0.270299183531628,0.508740730556859,-0.312718071866497,-0.161020133677344,-2.04471124694642,-0.267887163179952,0.734834276750943,-2.08425968935459
-1.22500164137022,-1.39591054669467,1.64644302962564,-0.715426073813977,0.0409753318477898,-0.244154057151042,-0.494507168126646,-0.578464370031687,2.45223495847183,-0.419307364915834,1.82664641405853
-0.214985083198648,1.67436155236916,0.128613062236841,0.28618434434905,0.538865898312769,-0.206128328792487,-1.18854867960392,-0.144373933306747,1.33838578312791,-0.124399244300441,1.29213632138656
0.730964126991476,0.518792755135376,0.801293190524726,2.25698609939581,0.517500733210536,-0.127315596941103,0.62894868393721,-1.1625397540442,1.12047627136757,-1.55571455234545,4.96580375248638
-0.947206859738706,1.52715482154032,2.72862488667669,1.25354831221212,1.27902950996476,-0.0372843487382839,-0.672811934947224,-0.651983725591873,-0.438261752092053,-0.668718642712297,5.9756602149732
-0.966551003052462,-1.165476105515,-0.717364116041768,-0.45439197823734,1.27519764193963,-0.312718071866497,-0.543005320067999,-0.525596008337419,1.12410955995845,-0.242420534155781,1.18229489587283
0.638210455455376,0.378644783548322,-0.0787146781385463,0.0289281767302189,-0.353097052895095,-0.712439888258921,-0.0399891324787876,-0.790271983743069,-1.73021164765656,0.655964544395772,-2.60412415039868
-1.09554974091333,0.73172450083123,-1.5226296707503,1.26487496445839,-2.26393463038858,-1.11955505206101,0.622698998505035,-0.561387677338792,-0.545527443583634,1.42904582025703,-4.19016020681926
0.776531381286093,1.61661914890973,-0.015311325724745,0.0289281767302189,0.103911912468948,1.01479511257654,-0.056159050544209,-0.61420792480877,0.781993762323053,0.0927616445086177,3.77390480263397
0.078671932273507,0.331400122864515,-0.230768129524151,0.155150642780884,-0.811132776772048,-0.974440354011741,1.37830284657407,0.985880122777891,0.576229908044342,-0.515547049730837,3.99272868677318
-0.946278222747319,-1.165476105515,0.757294205912504,2.31952180583596,1.43651651211962,-0.449071202144942,0.717613096362068,-0.245365188051572,0.187647442312055,2.16236398516658,8.11417819635161
0.0025738279596146,-0.651104003476548,-0.107021447431962,-0.572947256387489,-0.505133754293252,-1.11955505206101,-1.05643693346216,0.0262400831596733,0.161343146846823,-0.592211854866458,-3.58655760541958
-0.492387630379773,-1.5534817414071,1.07207716084265,-0.259568728075796,-0.81269462973316,-0.244154057151042,-0.942282342354192,-0.710797675756143,1.33757914020423,0.286567908745686,-1.81512129377615
-1.23058688885623,-1.39591054669467,1.64644302962564,-0.116978828042364,0.290039608440632,-1.09602589562514,0.360013497043845,-1.23987308716213,1.22872101109992,0.991046587760755,0.880733479106311
-0.878555782197859,0.0643988717229643,-0.256417676491065,0.898537332697665,-0.011382164262461,0.625032130118262,-0.749381939223461,-0.219701017332964,-1.19186798042137,0.681430303663435,-2.26441163218195
0.066701316550092,-0.181470580940055,-0.0362386333063772,-1.05157829370616,0.111883647744807,-0.715174367267751,0.232621493203366,-0.35472846297721,-0.616708385795335,-0.377657503776365,-3.09937832695011
-0.046620480055835,0.89381872934801,1.30088461761293,0.943519973033993,0.614087483460819,-0.526542935324375,-1.14693500445164,0.0261469701910077,-0.67930163366218,-2.74187913786304,-2.40261107016994
0.643197775177609,-0.654600152772935,-1.2605868432525,-0.342673546346062,1.22021594364271,0.488638753732233,-2.25768368994327,1.66807450458433,-0.706281270393181,0.751995284228017,0.390158973670243
-0.407433327798389,-1.14934192886521,0.475439605204288,0.560136972827952,-0.315386085120305,1.47897194118883,1.43837719677353,1.58891694626761,-1.01203686132211,-0.6220174361871,3.73694880085239
0.282986147203685,0.0771204680357519,0.0621223729617799,0.00211487007748113,0.354144257459855,-1.04137032924564,0.69744395419947,-1.89720639305399,-0.995568867400026,-1.55571455234545,-2.65320609140079
0.142629483112362,0.161372451693321,1.71376792378839,-0.175924653276871,-1.82670665454554,-0.719529920865959,-0.703371210917797,1.47619825594331,-0.00139996584896846,-1.75588554267301,-0.64248988698511
-1.41216302695004,-1.39591054669467,-1.17019204590501,-1.64479282627264,1.63537100161825,-1.55568360637005,0.278113190335723,-0.61420792480877,-0.0639432499857411,-1.39478323268285,-6.90089232119822
-0.518402608299261,0.907850478399869,-0.475782905544426,2.25698609939581,0.0656422644134882,-0.967106769110342,-2.06936733288383,0.431676992403647,0.624405888280935,0.787314789438969,2.08357664421878
1.05073985993175,1.95103586212092,0.28989502469609,-0.818334843263136,-0.428303141587186,0.599453362406487,-1.53195215934931,-1.12352441062523,-0.231802951637509,0.392834823396836,2.62786799553306
-0.947206859738706,-1.165476105515,0.757294205912504,-0.175924653276871,-0.212725732238538,-0.434299835721206,0.594135554800177,0.56296725872214,-0.143447041504396,-0.970929176355346,0.56434625168865
-1.26008001266352,1.02877529935022,0.326804250858642,-0.175924653276871,-1.03064728494401,0.890547056127582,0.357380134694534,0.453778049365881,-0.0717326954158025,-1.03074578346561,4.1769186317251
0.693475945957761,0.492284731022119,-1.10989824273913,1.94414514351762,0.103911912468948,-0.0697564298963605,0.0121116684500178,0.220025140637338,0.458232402410305,0.770928404329864,7.53418533102685
0.0582806937670395,0.0490339643548331,1.71376792378839,-0.480410141033003,0.763710542432918,-1.02650033176579,0.634417286791616,-1.45825201216755,0.959611575973286,0.346522390005229,3.35173713986705
0.881324968781641,-0.370008528663025,-1.2605868432525,-0.895240498529352,0.960743711617241,-0.565168921447887,0.360013497043845,-0.970152853293807,-1.16391902467262,0.106754958095057,-1.21001396791461
-0.685648873654952,-0.647150917433968,-3.28189947128667,-0.792351701629346,0.960743711617241,-1.55568360637005,0.634417286791616,-1.14689740663585,1.64998720555359,-0.371783349966803,-2.62768893071639
-0.923772052049673,1.52715482154032,-1.95533008332314,-0.342484416658157,0.679463853587416,-0.974440354011741,-0.466292122853627,-0.651983725591873,0.809923300257102,1.9896618269773,0.230632343808889
-0.549073631802076,0.342832185393478,-1.10403370151341,0.521245595856898,0.903733902890066,-0.493319707380989,0.721445628967095,-1.34709385636829,1.56150984500821,-0.307807970624275,4.66536291098792
0.042890339433522,-1.8034028960077,1.87341656042595,-1.52478691573609,0.861847843034003,1.02248979826888,0.278113190335723,-0.601685293647683,0.718170835564417,-0.419307364915834,0.562814420350435
-1.41486204359256,-1.39591054669467,1.35652049836397,0.86449784583311,-0.063454623954528,-0.244154057151042,-0.19964120898214,0.974024159209657,-0.214024150358255,0.556214447238583,3.13364553625973
1.91741967423584,-0.151416712802575,0.046306906855487,-0.643700165155391,-2.1961357310564,0.244085321821278,-1.60009997608082,-0.756243954789676,-0.0931356845954797,-1.27406344797386,-5.00142812288085
0.0872021867230358,0.220642426551948,-0.603001322729024,0.0289281767302189,0.022344303761398,1.82099695473685,1.37710316712332,-1.12675322813967,-0.116564644768409,1.69912863358498,4.24055031771384
0.195772215935698,1.269059472855,-0.187962497256051,-1.67158011501677,0.796691190223794,-0.356027149653607,0.278113190335723,-0.234076627736875,1.05466993870789,0.191771157183555,1.87516095800215
-0.888956083180219,0.913039398863929,0.162068147195136,0.281893206149947,0.881434448101412,-1.15221396506645,-0.161020133677344,-0.546196667671902,-2.47272811950961,0.760153672948147,-2.43081384984714
0.489619178139956,1.34138730966827,0.593950955301471,-1.00692455377825,-0.291279090794495,0.077342270171615,0.979205997520927,-0.604978220836708,-1.56266088307086,1.13084118130795,2.83031016448913
1.00142752313744,0.661765031874015,2.19685502509927,-0.463670480151954,0.63692160961831,-0.00436539358502906,1.89741291002379,-1.84296754180607,-0.132571086500238,0.926364101260853,3.97527975959524
0.437522953743969,0.713169120651615,-1.06657236986764,-1.61696298583275,0.307104058824765,-0.4309490853306,0.360013497043845,-1.12675322813967,0.79596414131417,0.122796300576311,-2.26441163218195
1.1315370230296,0.587713648025845,1.07207716084265,2.40570765102028,-1.50764753096578,-0.30407006491489,0.288643151528738,1.08125502941506,-2.07990686959711,0.551014562388615,-0.479193259708431
1.46138160502124,1.47135608333752,0.81136973789156,0.586473744038886,0.556575606852863,-0.249261301444253,0.0969509467038807,-1.01427019265146,0.211664174359695,0.984750759147319,4.20583946124437
-0.033273195959735,1.249162489264,-0.0202399083070849,2.40570765102028,1.02747434434597,-1.06368637568221,1.33397136878518,-0.862516961631688,-0.438261752092053,1.42904582025703,8.4979528042212
-0.564990864678851,-0.445019063532596,-0.718176860249896,-1.27904527279962,0.292734980941996,-0.748876664148496,-0.543005320067999,0.19937784111947,1.05466993870789,-1.67187188983164,-4.55499506947993
0.794861019852433,0.418226334785505,-0.375883914153165,-0.531842860694413,-0.156183684072767,1.70111377963853,0.481160698756822,-0.61420792480877,-1.16834571039985,-0.951468015599227,0.639186867904852
-1.22544040387794,1.02877529935022,-1.26604855355422,-1.64479282627264,1.11541089038737,0.752998081226929,-0.543005320067999,-1.24195764313909,0.806506130950449,-0.100251626205253,0.770617167383369
-1.04059159824607,0.73172450083123,-0.574805813413002,0.175274241630762,-0.694867812287897,0.996838366977697,-0.938767534601159,-1.45825201216755,0.107389090133103,0.218682962950085,-0.812745141957557
0.863910808534711,1.90071806241828,-1.75307349810773,-0.0527260203468536,0.960743711617241,1.44711420318428,-0.752044661943399,-1.24195764313909,0.977037926499187,0.747378535913357,6.8191789535019
0.133447101177114,-0.993785976086682,1.78249118809756,-0.175924653276871,-1.21051906098301,-0.201740464776618,0.185579540479045,0.194504186384817,-0.841587940950558,-0.424026014850488,-1.08923110323555
1.08171467306665,0.620726914966114,1.13325550295585,2.40570765102028,-0.0188659148064253,-1.65335141087265,0.46988693335538,-0.590202133742766,-1.61756602627845,1.42904582025703,6.90366639475458
-0.974582417138314,-1.165476105515,1.86938032572819,1.88484603160679,-0.960061871690858,0.132767506336894,0.63019396053715,-0.627243682579026,-0.168558953412734,-0.369664698032509,-1.25356600370136
0.0686657676967788,-0.702219853466456,-0.362236236942953,-0.0831560583872804,0.786397631813917,0.488638753732233,0.0871422783402751,-0.523284280892399,-1.97478693430243,0.395006690650741,-0.703087393547559
-1.57791663540039,-1.39591054669467,0.101758991147369,-2.1610192564761,1.01287462709503,-1.55568360637005,-0.543005320067999,-0.604978220836708,-0.428992673692461,-0.419307364915834,-6.11911789197196
0.042890339433522,-1.8034028960077,1.87341656042595,1.14233061019185,-0.990944497716162,0.366100431137862,0.247456904562493,-1.47598896387652,0.484372925395573,-0.266997973891025,1.90145442360223
1.1762956729754,-1.35505111349042,0.111480834837066,-0.475940129839488,-0.428303141587186,-1.66685290550387,1.67274650324679,-0.822962309652514,-2.32579791318927,1.42904582025703,-1.01422377338443
0.693475945957761,0.492284731022119,0.0168675604844644,-0.818334843263136,0.897348475606433,0.0206361434965407,0.232621493203366,-0.601685293647683,0.238384733836477,1.05046351172018,2.89611073989001
-1.41486204359256,1.02877529935022,0.0675536487020741,2.31952180583596,-1.33350788318901,1.32224050359042,-1.59091768834355,-1.49920923154684,0.895662861023298,-0.866013062116856,-0.547056751864174
0.236731320384568,0.900645346041719,0.850505159280772,0.436278049053777,-0.421252889029191,0.0655901003581197,0.107709107469012,0.838802299013238,-0.0812468239405105,-0.349757205897633,1.67556037860827
-0.468299491914415,-0.169337721582964,-0.208454953141995,0.842245421631717,0.347109108282246,2.83469603209757,-0.153397686177546,-1.24195764313909,-0.28332124715843,-0.377657503776365,2.83031016448913
0.271879786058686,1.12833980581552,-1.75307349810773,0.860578689563201,-0.915118199806622,-0.153604708497722,-1.96302155904628,-0.49390764663082,0.436214651660078,0.91771938547604,-1.55442303573312
0.109141316347796,-0.151053422206611,1.03623629549203,-1.11974038188224,-0.783148901254367,-0.899529322654171,0.422652778367666,1.37674145571285,-1.46525521371195,-0.218481531895628,-1.76208202227006
-2.41316287393276,1.02877529935022,2.25651405321564,-0.372715132106397,1.07404206673707,-0.289986979524828,0.634417286791616,-1.24195764313909,-0.0137325191222484,-1.53783362181129,1.6600571691366
-2.41316287393276,-1.39591054669467,0.402676957736107,0.422289032145844,0.290039608440632,-1.06104555583947,0.407914502439704,-0.411014238399651,0.36490244881555,-0.325599074262106,-3.44211667925411
0.0367784691145465,0.826715433993028,0.0652712204748638,2.40570765102028,1.62659015599896,0.849413470688724,-2.31098023599882,2.07270329829462,-0.085809968252461,0.158246370706467,6.67924487261564
-0.351247886823917,-1.43727964986126,-2.24818223101564,-0.342673546346062,1.22021594364271,-1.55568360637005,-0.543005320067999,-1.64540013751316,0.264830587807195,-1.20293924698008,-6.90089232119822
1.64876230766829,0.311646088078186,0.765930182228964,-0.709654262357152,0.309583852377636,1.43375498021107,-0.7774967400763,-2.42899579462522,0.994634435266028,-0.534227289800019,4.95191784610152
0.71955528059128,2.22934290632531,-0.231164186555486,-0.682502601255036,-0.0273777757069757,0.226001760631836,1.20067633529166,-1.24195764313909,-2.03861331104919,0.175154126877369,0.425846056453496
-0.370453929618895,-0.058787294947306,0.821774070428191,0.503630268042723,-0.545107479956073,0.052990437734569,-1.36714331314328,0.31695250103974,-0.916874759724824,1.70217677011432,0.698663544657687
-0.914079475075156,-0.405217883874896,0.397737976095648,0.503630268042723,-0.244233433189563,0.988325517141059,-0.973317591077438,-1.41392495288213,-0.523815903688873,-0.767820498509088,-2.51778000104234
0.76668213668387,-0.632644337354827,-0.376412179363565,-0.899214535488587,0.679463853587416,1.67625881990053,-0.018124613855874,-1.64801358740371,1.70711344483756,-1.32973862325555,0.568479112751985
0.794861019852433,0.581069880606359,-0.0787146781385463,-0.709654262357152,-1.05971471496993,1.72297812654809,-1.38899655187707,1.19701678702233,1.19096075486244,-0.419307364915834,2.55475173100747
-1.34077973783787,-1.39591054669467,-0.177872853652457,-0.707486576169826,1.20390402372047,-1.06104555583947,-0.543005320067999,0.218994400859868,-0.554323310989775,-0.181678667695625,-3.98927461040886
-0.33333744727412,-0.874200443994231,0.114613790829298,0.0835039898611175,1.32534597488497,-0.286859552053675,-0.494507168126646,0.938890946893932,-0.412209434396531,0.443805451851451,2.26110371577702
-1.49525989021878,-0.322491855027344,1.75556100527949,-0.708605623886148,0.290039608440632,1.83275289302559,-0.722729085472282,1.14720874555363,0.340312534466112,0.451236546447628,2.46093138553825
0.109141316347796,-1.2398298363635,-0.602848778696189,-0.682502601255036,1.49438786026092,0.279166358165513,2.02029096848873,-1.24195764313909,0.22351258721518,0.438297456273318,4.16127348211532
0.826897490784985,0.528402661157916,0.139481462205979,-0.818334843263136,1.36990366756298,0.664336713193365,-0.466292122853627,-0.234076627736875,0.00589084839010991,0.262417212908738,0.547909948430201
0.739988537897168,-0.625637358913337,-1.2605868432525,2.62363679835146,-0.580965316158271,-0.555794008822474,0.288643151528738,-1.01501506648048,0.789057085088834,-0.110706611292268,3.90162434460344
-0.428822690864767,-0.921117655727337,-1.02935142352762,0.764571364941069,1.39933182921034,2.05925816954649,-1.57472338185688,-1.64801358740371,-1.01612900339761,-0.377657503776365,-2.2022068508943
2.21085010259489,0.903980576653747,-1.3266378555001,-0.78261769799237,0.854696753214053,-0.0152218522694513,1.40123037713166,-1.12675322813967,-0.63384254189985,1.12930367101393,5.9141013472549
1.78790681130129,1.80023182840601,-1.04809604811888,1.39271797597884,-2.1961357310564,-0.526018467412204,0.288643151528738,-0.751870323158446,-1.0112437313051,-0.475658133846212,-2.69125679961291
-0.120628717450996,0.366187193107971,-0.269024990191507,-1.15885391192292,1.58745435695565,-0.4309490853306,0.278113190335723,-0.234076627736875,0.320160315608897,-0.135467281183315,3.28223631506645
1.25314791769653,-0.165344641968937,0.046306906855487,-0.475940129839488,0.572967764976091,-0.719529920865959,-0.0880259627091563,1.58891694626761,2.19159331593358,-1.53783362181129,5.9141013472549
-0.184772364637907,0.41826519211722,0.689419786431123,-1.70458618581569,2.60788356832283,0.876235524164933,0.278113190335723,1.14720874555363,-0.0327351206211307,-0.419307364915834,4.33723267514851
0.493707188949456,-0.713137727998888,1.13948323395716,1.2918537548848,-0.212725732238538,-0.298906046531216,-0.490235430256971,1.42613574121873,-0.17311251274692,-0.36509836413797,2.8079608748878
0.437522953743969,0.713169120651615,-0.216911123422647,-0.818334843263136,0.675034279839303,0.0332325629718315,0.407914502439704,-0.601685293647683,-1.44301902637375,2.40039395706726,0.681510504170517
0.0883238651900141,-1.35299794402006,-1.2605868432525,-0.051816475898189,-0.263698647657573,-1.06104555583947,-0.300702484072639,0.541322463630106,0.722992687779667,0.390944451291778,-2.43081384984714
1.69092736572417,-0.414681838054767,0.111480834837066,-1.02368261584535,-0.297080848692081,2.590726384964,-0.568908360078595,-0.681343969989639,1.70711344483756,-0.181678667695625,5.9141013472549
-0.182488277616157,0.307663798026066,-1.44450470890246,0.909713082372273,0.958762587207915,0.442001717366824,2.47560799708426,-1.84296754180607,-0.136584384468244,1.42904582025703,5.30392507816414
-0.313016092621379,0.674265987213114,-0.100426447117758,0.842245421631717,0.218286083656123,0.527158688513776,1.88693598846793,-0.197120259522434,-1.26550895325203,0.465796026181933,2.94308417015512
1.17929218936316,-1.56109235269397,-1.3266378555001,1.39271797597884,0.0609688726248171,0.279166358165513,0.256638044144573,3.00665450449324,-0.455669957566231,-2.59597313589848,-0.0214065549183229
-0.96741412606242,-1.165476105515,0.107287462535289,0.71027971369211,-0.327253371463479,-0.434299835721206,-1.20281156361826,0.615634273992225,-0.168558953412734,-0.635690849471543,-3.41247780584227
-0.133224513909792,0.399968066258527,0.28989502469609,0.28618434434905,-0.602032504437569,-0.0360680275912102,-1.95917992969933,1.88329997978112,-0.67930163366218,-0.235285003309393,0.821392947429873
-0.375630472886261,1.60941967837266,-0.574805813413002,-0.572947256387489,1.01635880859011,-0.0553627526682997,-0.466292122853627,-0.234076627736875,0.531266102732129,-1.23978778397378,0.839234234541617
-1.09554974091333,0.73172450083123,-1.5226296707503,-0.185440792747989,1.50596107093145,0.827974814498342,1.65146316656411,-0.234076627736875,-2.71102758121329,1.43478655184059,0.562814420350435
0.627586275982183,0.358516899213348,-0.698204762042954,-0.706615442602665,-0.336115544580759,-0.325797730016911,-0.373497409600542,-1.03154225930344,-0.30037192106038,-0.689239771394953,-3.4987438865465
-0.262567603254044,-0.218875920293833,0.294556043504183,0.145507836469046,-0.876070107377134,-0.937026098681552,0.223583132643848,-0.453152185635853,-0.337219890499481,-1.92981651022702,-3.59151172733565
-0.501780950977719,0.416806648273783,-1.10403370151341,-0.833529759598043,1.53136479597867,-0.603287647486074,0.278113190335723,1.14720874555363,-1.80482036286893,0.974798761957416,-0.703204328649365
0.228246609586484,-1.30973667600255,-1.2605868432525,-0.622864830015027,0.269288437630547,-0.312718071866497,0.69744395419947,-1.84260661054333,-0.442857196667712,0.391075006914305,-2.5083086883633
-1.22094982634546,0.9035103063745,-0.336769824939995,-0.734302235813507,-0.353191660787476,-0.332005599793531,-0.484572276685934,0.123982093356675,2.53526789640642,0.656657568119408,3.99272868677318
0.358359618192795,-0.36525130089408,1.13325550295585,-1.60938779523654,-0.0429874670355258,1.26525625426982,2.26791510792921,-1.64801358740371,-1.65491026311567,0.791393765775226,1.85147969504366
-0.351247886823917,0.62178933855626,-0.100426447117758,0.0835039898611175,0.552109577368016,1.04841487613733,-0.918900415422334,-0.601685293647683,-1.11716953603663,0.730827696257725,-0.684850163941863
1.14785752081862,1.69249060262552,-1.11827150604305,-0.895240498529352,0.960743711617241,-0.716138141443986,0.659830134250032,1.33462770679667,0.216343172023228,0.594033445941486,5.45429856121996
-1.3621519551404,-1.39591054669467,0.919249544119782,0.0517402662434476,-1.42093871911378,-1.06104555583947,-1.36490748439824,-0.721377553203447,0.490639656070283,-0.20045226636047,-4.65466272572293
-0.232478081543415,0.0165773893704054,0.165382234354571,0.28618434434905,2.18921788413082,0.772526177502597,-0.466292122853627,-0.234076627736875,-0.725727735082207,1.27404362671101,3.80448671872017
1.34470586176943,0.382747479880209,-0.602848778696189,0.860578689563201,-0.0424863426334055,-2.18648752421714,0.327458963796135,-0.74234457097788,1.17968985065818,-0.110706611292268,0.407150157506847
-0.29212701083776,-0.379870359423346,-1.94951223607035,0.633812080624764,-1.32474307027058,1.85190076879074,-0.952040694848218,1.19561466016642,-0.0926871101346871,0.815954692699808,0.550727508433851
-0.614976623900817,0.289911559100783,-1.21091309135544,0.521245595856898,-0.580965316158271,-1.23051501111792,0.24610350480446,0.0502963821873662,0.179991691868633,-1.58899551911874,-2.65320609140079
-1.50742487254711,-0.322491855027344,-0.713182483202583,0.436278049053777,-0.115145104628843,-0.434299835721206,-0.341979684380576,0.0221679327134625,0.780857551486098,-0.491574332146424,-2.21986236324494
0.886875260578071,0.206552252025607,-0.652878371446487,-1.61696298583275,1.47332814246318,-0.0315244809495449,-0.543005320067999,-0.234076627736875,0.0155679933674325,-0.0511553840051775,0.0283013912844835
1.25314791769653,-0.235360163764018,0.765930182228964,-0.0831560583872804,-0.273972005384318,0.31864591258284,-1.39990989321254,-0.385365473279959,0.434013518536916,-0.0298104385026863,0.468991709181633
0.203771015393723,-0.301772813803178,-2.06972256093739,0.770555889246063,-2.1961357310564,-0.244154057151042,-0.952040694848218,1.67526218272193,-0.0598893169608025,-0.195214814231991,-1.05947348611483
0.12544672150932,-0.448544512570492,0.475439605204288,-1.00692455377825,0.0748253932652781,0.879934571589139,-0.141717861798077,-1.50397074856458,-1.11018305516585,-2.74187913786304,-6.16936676567889
0.195772215935698,1.36126739078525,-1.95497017801728,-0.895240498529352,0.960743711617241,-0.142303962104085,-0.161020133677344,-0.234076627736875,1.05466993870789,0.934843256258871,0.941749131040633
0.406445280055064,-0.0543481195985639,0.150541158843437,0.155150642780884,-1.52948681005625,1.98691154202129,1.02488834056318,0.583152417344613,-0.136584384468244,-1.95938505034946,0.425846056453496
0.0931341605499927,0.220642426551948,-0.340310533285255,1.26487496445839,-0.377300536205864,-1.35392783623916,-1.3085121728761,-0.555686533652748,0.895030767552645,-0.255615718694268,-1.16139616576858
0.406445280055064,2.12327638603109,-0.475782905544426,-0.682502601255036,-0.0273777757069757,0.428595967179282,1.08199376076251,1.33462770679667,-0.833058868232221,-0.14842319411562,1.81170107420497
1.64876230766829,0.311646088078186,1.87341656042595,-1.00692455377825,0.0275142115268564,0.428595967179282,0.113940673481592,0.123982093356675,0.311186733761289,-0.684845398298846,3.58159598934609
0.500052754481341,-1.28311798574935,0.111480834837066,-0.0831560583872804,-0.112808147365942,-1.0521749678134,-0.160355975646883,-0.429395348032833,-0.250870147764148,2.01420578756839,-1.15939561472434
-1.49525989021878,-1.39591054669467,0.0681299339698529,1.86596452976762,0.0409753318477898,-1.06104555583947,-0.203007678960155,1.18078443199271,-0.438261752092053,0.640585379585187,1.82664641405853
0.922528562866611,-0.240614206381535,1.13948323395716,-1.00692455377825,0.0045990300029071,-0.112017240944547,1.67274650324679,-0.788027161185177,1.66490509283786,-0.440764775191625,4.74087287896715
-0.191447623265943,0.307663798026066,-0.741296140745642,0.521245595856898,0.156977452509009,-0.274277312494418,-0.166969758953497,1.07175650828811,-0.0137325191222484,-0.0487566629415852,2.06558981869164
1.00222607569168,0.172995865049651,1.78249118809756,-1.67583586787119,-0.855514551734027,0.230008102649408,1.40123037713166,1.12975698796079,1.48189444656659,0.796669454326807,8.16176633275099
0.902022191523006,-1.75896248266293,0.046306906855487,-0.342484416658157,1.50596107093145,1.02248979826888,-0.980827085533794,-0.604978220836708,-0.247692397892786,-0.722510129755489,1.43164646638269
1.34929031675421,-0.875199609383368,0.111480834837066,0.909713082372273,0.786397631813917,-0.369058436366274,1.23920822633306,0.116302099278187,-1.53501929351942,-0.664414184772418,2.16019017385366
1.13539319266961,-1.48738229326449,0.046306906855487,-0.475940129839488,-0.57264861526316,1.02248979826888,0.0682710180035275,-1.1131614690672,0.234560141443593,1.69520730145193,0.825810070655812
-0.468299491914415,-0.593386443720919,0.449629048606714,-1.67583586787119,-0.555493011487706,-1.1394345026878,0.634417286791616,1.04514538111373,-0.538031811696513,-0.242420534155781,-1.41600001759807
0.350961566885401,0.475421225643363,-0.543660639742627,0.276361769031615,0.160905598232399,0.244085321821278,0.131445959953169,-0.000279077153746503,-1.03613735627243,-0.570524052230427,0.262762843411732
-0.191447623265943,-1.04530295006745,-0.362236236942953,-1.27904527279962,0.174910121408463,-0.244154057151042,-0.494507168126646,-1.01427019265146,0.126854431017511,-1.02326823330672,-5.7428439515213
0.0620399845606809,0.0490339643548331,0.937273807204557,-1.70458618581569,-0.459254424172645,-0.224694497900953,-0.0734676006263717,0.19937784111947,-1.11609987896943,-1.33090133542233,-2.28562171759869
-0.608996981799402,0.191783488083981,-0.492782857202644,-0.45439197823734,-0.661333794965897,-2.43116803927518,0.232621493203366,-1.5491686319362,-0.538031811696513,0.770928404329864,-4.26992805375085
-0.492753471476134,1.91214619949485,0.483024339733059,-0.2106836008891,1.46054883953285,0.203241717723411,-0.161020133677344,-0.234076627736875,1.12181303008583,0.016988380807545,3.00532247357462
-1.81791236072795,1.02877529935022,-0.16115136311421,-1.52478691573609,-1.51211363339182,0.488638753732233,-0.685969028287884,-0.523284280892399,0.119172492581952,-0.235285003309393,-2.14161643681962
0.100626087901879,-0.115923911701104,-0.0362386333063772,-1.05157829370616,-0.372171915172377,-0.236321851255191,1.19371895368528,-0.993413722965538,-0.581120408253021,0.575640048164629,-2.40261107016994
0.706480393470323,-0.115314647932866,0.350687186069729,-1.67158011501677,0.601774723682118,0.619452010973835,0.0305147064826479,1.33462770679667,-1.44301902637375,0.796669454326807,1.79257723038707
1.15146118708678,-0.252195984769658,0.765930182228964,1.3805902223408,0.245717208290357,-0.480881871452688,0.791114249950355,-1.52673542280748,-0.113768562630876,-1.79387656416955,1.77548032937061
-1.81985710712121,-1.39591054669467,-0.516428036276293,-0.446103274385872,0.378919160795727,-1.06104555583947,0.634417286791616,2.07151269533863,-0.115065439988463,-0.100251626205253,-2.53512898173153
1.17886191794563,1.22886270974078,-1.14260902519971,0.856543804730724,-0.273194241591896,0.76423764144581,-1.29602528991897,0.343426659149088,0.340312534466112,0.787314789438969,3.73305663479073
-0.603641701417412,0.289911559100783,-1.21091309135544,-0.818334843263136,0.572967764976091,0.828750292021963,-0.0283011842581742,-0.234076627736875,0.835547691903812,-0.976207716459293,-2.26441163218195
0.145262998808963,-1.7456128087122,0.111480834837066,-0.572947256387489,-2.11243654966413,-1.55568360637005,1.62166808106949,1.47168993630868,-1.0112437313051,1.02612687821587,-0.567442613450376
1.05767442321732,-0.622302104569829,0.046306906855487,-1.13586138284082,-1.68464296087611,0.322023669423082,0.314727844726783,-1.49920923154684,-0.885737926445993,-1.58899551911874,-4.35499198294136
0.0329192025833526,0.826715433993028,-0.133279775629754,-1.05157829370616,0.438558823277455,0.922110719203089,-1.05615614891584,-0.234076627736875,0.65229917373809,0.656657568119408,4.16127348211532
-1.22544040387794,1.02877529935022,-1.26604855355422,2.40570765102028,0.238724068472306,-0.736118262895834,0.80274839655693,-0.142299802269432,0.624405888280935,-1.3719068373732,2.58193451274118
-0.479152510544134,0.926737295390699,0.353300165898355,-1.11974038188224,0.911157415977762,-0.66780706108242,0.278113190335723,-1.24195764313909,-0.570700168154976,0.594033445941486,1.06251383850918
1.00222607569168,-1.19029777848132,-1.3266378555001,1.02119006621073,-0.336115544580759,0.130333066946291,0.490773957032408,1.71723294701129,-1.22795101058464,0.481749546915831,0.859948832807008
0.120132358145832,-1.2398298363635,-0.071562247008707,-1.67158011501677,1.49438786026092,-1.51362565174006,-0.543005320067999,0.302518828906358,-0.616708385795335,0.433973798762587,-4.65795044988636
-0.406112263315265,-0.533740380674546,-1.94951223607035,-1.02368261584535,0.307104058824765,1.85190076879074,0.0753580731879521,-1.24195764313909,1.07855854620481,1.26364968912802,0.0283013912844835
0.107009610225028,-0.115923911701104,-0.955781791359052,-0.531842860694413,0.837127925161304,-0.318174325391688,0.983889946408316,1.66807450458433,-1.09254872811466,-1.94967898125727,-0.0895124975794034
-1.20012910198657,0.9035103063745,1.05339565830387,-2.11601898552237,0.512560161310797,-0.153604708497722,-0.543005320067999,-0.234076627736875,-0.251724018232172,0.451236546447628,0.45428784863218
1.08171467306665,-1.09050244168228,0.111480834837066,-0.342484416658157,1.53344978290305,-0.611913182335296,0.634417286791616,1.18533966390743,1.36869041465906,0.632318004936907,5.45424055377755
0.0558058902353404,0.803017460182094,-0.259140374182641,-1.27904527279962,0.218797505047757,-0.0774729147043193,-0.228439070435776,-0.681343969989639,0.298596046892812,0.429132193616653,-1.15939561472434
0.572460188198278,-0.730325297734401,-1.2605868432525,-0.515315488650137,-0.136107528216741,-0.158188223930437,-0.929116466879649,-0.862516961631688,0.271810039160294,-2.24696692980839,-5.67169295994349
1.05073985993175,0.72983942955611,2.19685502509927,0.373089037963857,0.889871099043896,-0.0372843487382839,0.0871422783402751,-1.34709385636829,0.161343146846823,0.592784904862966,3.48189872088834
1.10941346874392,-2.11471385051861,-1.3266378555001,-0.883816850238707,0.854696753214053,-0.312718071866497,-0.0734676006263717,0.370838838250942,-0.732352237107074,0.64054728194621,0.56434625168865
1.3218240862757,-0.706174817529324,-1.3266378555001,1.39271797597884,-0.273194241591896,-0.75041065091938,0.411608547553913,-0.206468006291583,1.0707239280191,0.65638758601362,1.09133367605673
0.12544672150932,0.833392043747077,1.11601426877326,0.281893206149947,0.621554565472408,0.236827935815712,-0.149910931526602,-0.643153847340341,0.10198194355388,1.12700506312138,3.65140555563872
0.21941153069606,-0.334855485253455,-1.42400965302801,0.346300867953959,-0.601156805414402,-0.711491036861552,0.509398412684823,-0.694443720081358,0.353257410536427,-1.42315047529422,-1.3088738471902
-1.09554974091333,1.15833307122271,0.0705684213327059,-0.446103274385872,1.51309708684323,-0.377342133746115,0.634417286791616,1.14720874555363,0.822801081781082,0.656657568119408,6.36333048320081
-0.00627779874113054,0.164343781442497,-0.209817821377545,0.967303805931507,-0.189490471163991,0.321124977118964,-0.982564438504623,-0.785522621533322,-1.40113836041783,-1.20293924698008,-1.05947348611483
0.183378003390537,0.0935549610379033,0.104977088545494,-1.05157829370616,-0.734151367957231,-0.250266219790462,0.0871422783402751,-0.879676054543986,0.670200726129387,2.56552290858018,2.57989941886783
-0.041496705191545,-0.393860654386904,1.85031573376433,0.564925121769827,2.17402637523632,-1.02650033176579,0.634417286791616,-0.643153847340341,-1.2325698558955,-1.83158023737987,-0.0214065549183229
-0.0555285753091808,-0.410288400013034,1.85031573376433,0.564925121769827,0.93573298737569,1.34568080127773,1.62166808106949,-0.210080981479839,0.492669128941103,0.0905129999046023,7.46938328734145
0.593377002416608,-0.960514338874937,1.87341656042595,0.373089037963857,0.500043478788749,-0.294082551047818,-1.32718526492113,-0.12941069187514,0.302288131081488,0.0596567708177755,1.79257723038707
0.369591701565915,-0.902901104198327,-0.071562247008707,-0.0831560583872804,0.604037478017685,1.25984853042389,1.71844443590124,-1.35294229516268,-0.527495409001628,-0.790427865944037,2.28941061698339
-0.180057499531252,0.41826519211722,-0.804274348654168,0.0289281767302189,-0.318019931038277,-0.721365922925525,-0.341979684380576,-1.99626713601175,0.230474599701563,-0.505516997645648,-2.98696895741531
0.0211386254574224,0.149273945472651,0.294556043504183,-1.00692455377825,-2.41224832656044,0.166411067227815,-0.31142014317519,-0.429395348032833,0.997522394170718,-0.374953297247005,-3.47543674595072
0.368950378923038,-0.758506469941187,-0.759548690737746,-0.899214535488587,0.0609688726248171,-1.1394345026878,-0.494507168126646,-1.1131614690672,0.208808827845289,0.626319822117862,-1.3088738471902
-1.37737095588417,-0.322491855027344,-0.284396285923978,-1.17397642554796,0.64437486419899,-1.09602589562514,0.278113190335723,-0.580834528976909,-1.54978338232121,-1.95203407077979,-8.44971473215573
-0.375630472886261,1.60941967837266,-0.574805813413002,-0.572947256387489,1.01635880859011,0.949211125434453,-0.263919857457893,1.14720874555363,0.637580877490963,-0.419307364915834,4.37187094509765
0.2287174702026,-1.30973667600255,0.765930182228964,0.0835039898611175,0.986586268276485,1.25984853042389,-0.530759643482037,-0.209166982439562,-0.798821478246557,0.090585635380092,3.32887263430096
-0.322630953572636,1.30029484241588,-0.808194572462665,-0.896656871734383,-0.48070679768478,-0.255371027425142,-1.13031802920196,0.918162604109556,0.497307861006358,0.461191727299014,0.550727508433851
0.922528562866611,0.597656005036624,-1.42400965302801,-0.489294286898728,1.47332814246318,1.60267616414021,0.448855678108629,1.14720874555363,-0.523635976083326,-0.668718642712297,2.191320598905
0.2287174702026,1.1419628982099,-0.444920896995617,0.521245595856898,0.0672381456269101,-0.0682310595450621,0.0383728625066534,0.554912453019273,-0.250498098398637,0.508810478899396,4.04534596917347
-1.21659238267039,0.9035103063745,-0.476172460388821,-1.60938779523654,0.0672381456269101,1.96880719109719,1.16875722365185,-1.24195764313909,0.05893447504218,-0.279792304691655,3.32486406179556
1.57397711110297,1.87450610099493,0.27024011701628,-0.899214535488587,1.07318659992139,-0.866564855149379,0.634417286791616,-1.24195764313909,0.119172492581952,0.809345392578114,2.60849786084366
0.644099827270629,-1.0061046877855,0.765930182228964,2.40570765102028,0.00315591477771796,-0.996479848593905,0.435162009184089,-0.561387677338792,-0.571809664731282,0.551014562388615,1.35146618411482
0.0357249893129092,0.826715433993028,0.840622271672997,-1.70458618581569,-1.48605043401958,0.661717134786619,0.930260074068755,-0.139336852684449,0.00589084839010991,-0.186335025149506,-0.390655048533981
-0.4725500533809,-0.593386443720919,0.449629048606714,-1.67583586787119,1.33118410500286,0.862866601175826,0.634417286791616,1.14720874555363,-0.11204549805347,0.751995284228017,2.79006660986389
-1.68420311919195,1.02877529935022,0.246590822226372,-0.321439707691138,0.0139615021154836,0.261430135120028,-2.00325036656571,-1.53136288037289,0.954915926672134,0.233814876022719,-1.5440125002765
-0.881163842658172,-0.612180837544454,-1.44450470890246,-0.818334843263136,1.53136479597867,-0.434299835721206,0.278113190335723,-1.64801358740371,0.19858442160099,-0.226757275114338,-1.3088738471902
-0.608996981799402,0.191783488083981,-0.492782857202644,-0.45439197823734,-0.162447280250449,-0.648180179823407,-0.174070633992048,1.08194693631259,0.36490244881555,0.678242904244308,-0.715547460072153
-0.491062222423957,0.926737295390699,1.20240209164948,0.309494820190837,0.889856047562131,0.620909241467919,-0.373497409600542,-0.601685293647683,2.08706644730307,0.433973798762587,5.17636743154333
2.44413193088708,-0.920930314595797,0.046306906855487,-0.288116359971652,-0.136107528216741,0.0529981671509517,1.59502623559736,0.129600803401673,-0.223189978157464,0.49173736811602,5.75803425347119
1.76583044305935,1.75740395738857,0.139481462205979,-0.588352899472371,-0.336115544580759,1.70217332910614,-1.22090549813999,-1.12675322813967,-0.732352237107074,-0.291894996345274,1.81173045058452
1.18489027106496,1.0678803142927,-0.305844131342793,-0.051816475898189,-0.263698647657573,-0.344845690540555,-1.12434417582912,0.272574322581915,1.16091829783852,-1.22068499956462,2.77635802285693
0.528274860519175,-0.670024269708083,-0.602848778696189,-0.475940129839488,0.796691190223794,0.520347035425145,0.176498354846025,-0.0684727086186017,-0.197865938737148,-1.37840355717175,0.993869401053306
-0.666624280608514,0.443367419344259,-0.10089522794439,-1.39170190215099,-0.370954143372207,0.879934571589139,0.268450678124477,-0.46811660095262,0.443099704680428,0.168656494867882,-2.69125679961291
0.794861019852433,0.55116222232631,-0.305844131342793,-0.531842860694413,-0.0273777757069757,-1.15303861703831,0.89862446189035,0.307409093316328,-0.780008578562234,-1.34811981269173,-1.39260225712918
-0.796002935713811,-0.921537355370844,-1.06657236986764,-1.67158011501677,0.837127925161304,-0.312718071866497,0.634417286791616,-0.46811660095262,-0.970926211920494,1.70217677011432,-3.56022795186502
-1.52604006087468,-0.322491855027344,-2.34116638520771,0.276361769031615,0.897348475606433,-0.547210852880248,1.23513009855507,-0.337747901734163,0.850551273435091,-0.689239771394953,0.301788094358124
1.05767442321732,1.50877726126107,0.294556043504183,0.0289281767302189,0.462991219215499,-0.0328793748886859,1.06595739221762,-1.50397074856458,-0.0926871101346871,-0.682518164227745,0.491440432077366
-0.121443080744866,0.366187193107971,-2.18844736751501,2.62363679835146,0.438558823277455,0.222373491750693,0.71794642587795,-0.650111046997894,-0.278541245772116,-0.475658133846212,3.37163735550372
-0.685648873654952,0.344556670837422,0.830283036993599,2.31952180583596,-1.40160159388037,1.58690521017306,-1.59091768834355,-1.05469889070413,0.571548590917336,0.207052325038799,-0.712202621615448
-0.611617063654985,0.328559010518588,-0.748169291069895,-0.572947256387489,-0.353097052895095,0.520347035425145,0.034647694230796,-1.49408415199688,1.28192849887748,-0.746643154435367,-1.21001760904229
-0.813741160403628,-0.921537355370844,-0.216911123422647,0.28618434434905,0.508740730556859,-1.09602589562514,0.422652778367666,1.62492854317312,-1.20014853213194,2.11323765758805,2.17445422037961
-0.323463257736763,1.30029484241588,-0.808194572462665,-0.185440792747989,0.809031831479657,0.902008086471934,0.468122331258101,1.14720874555363,-0.57334265151306,0.33739139700472,3.4247309733733
-0.722481470844717,-0.112991573102434,-0.386174321923292,-1.00692455377825,-1.41492296434689,1.47897194118883,0.350523293139838,-0.649695621524682,-1.05010641530753,0.343114343230432,-1.05947348611483
-0.322630953572636,0.674265987213114,-1.21091309135544,0.276361769031615,0.174910121408463,1.17882202259093,-0.626578778785118,-0.15361028390536,1.37267191787031,-0.543655564925819,1.96283548134009
0.978682354927034,0.52017055804609,-0.0773677864151745,-1.13586138284082,-0.0772005527743555,-0.952090563701371,-0.161020133677344,-2.42921867886717,0.463260082819019,-0.495712370259292,-3.47543674595072
0.795293141207022,0.418226334785505,-0.375883914153165,-0.899214535488587,1.07318659992139,-0.00289103681471689,-0.494507168126646,-0.46811660095262,0.755328669985178,-1.00502791910067,2.84704811648615
0.465650763217211,-0.777666586581354,-0.071562247008707,-0.818334843263136,0.754373494065367,-0.648180179823407,1.18237000500784,-0.930428951131614,0.486512913719707,-1.02947833958003,0.0196386600731921
1.34929031675421,2.56921515909621,0.0604493910588471,-0.475940129839488,-0.279559575044801,1.10317367879451,-1.08723887902336,-0.46811660095262,2.66772130554894,-0.523463753031542,4.96132144908729
-0.551369913735585,0.183823612750873,0.424309196617559,-0.707486576169826,1.2133979631193,0.321124977118964,-0.104558066362358,1.14720874555363,-0.809694382448479,0.751995284228017,2.00512670835019
0.0496286800876653,-1.62733333338136,0.765930182228964,0.898537332697665,-0.581779885473832,0.279166358165513,-0.189128421564812,1.27857716708686,-3.29313205989685,2.31412721805108,-1.15939561472434
0.203771015393723,1.70801359531515,-0.970938883770337,-0.531842860694413,0.679463853587416,0.364345683389205,0.721445628967095,-0.234076627736875,-0.872772748938672,-0.648685735952364,0.359971478434199
0.627586275982183,0.222726651087011,-0.593791567201989,-0.899214535488587,0.0609688726248171,0.487862069624285,0.568989976787005,-1.50397074856458,-0.0931356845954797,-0.324844712183685,1.08927713166388
0.00943919829777546,-0.166552245198684,-0.924747851831022,-0.342484416658157,-1.05971471496993,1.14440664959777,0.294666395086238,-0.319457809521358,0.920830309039569,0.478724769518167,0.336362580757283
0.40587628491088,1.80792341645316,-1.37090141230275,0.740649289178022,-1.68464296087611,0.869275657105652,0.288643151528738,-1.52601162256708,-0.316769280060841,-0.110706611292268,1.6600571691366
0.777161177064217,-0.0129485205099622,-0.6241089738707,1.57036756009948,-1.06935846158073,0.523017380660301,0.288643151528738,-0.475281635982594,0.579323399016796,0.852584212915396,4.43252520631845
0.902022191523006,-1.75896248266293,0.111480834837066,1.00695049103095,-0.414853150176851,0.130333066946291,0.383130140705908,-0.217689609482255,0.499717123667897,0.91771938547604,0.681510504170517
0.367390878555753,-0.758506469941187,2.00414256287563,1.14233061019185,1.36282088339312,0.678638043006423,0.636470220997191,-0.738100492393834,0.161343146846823,1.23793276387712,7.46938328734145
-0.440272966427398,0.777949237693444,0.85089631005423,-2.80441373366892,0.338251541672647,0.731932444040294,0.278113190335723,-0.234076627736875,0.50466232903323,-0.419307364915834,1.74953751848796
1.80533820754219,-1.41522495900888,-1.3266378555001,-0.176857640777394,0.16163771987362,0.771438993542717,1.05651993276867,0.686894795730437,1.15807387551718,-0.59049933263329,3.55143177499855
-0.0350358210781504,-0.318596100953679,-0.322003250375897,-1.67158011501677,1.53136479597867,0.625032130118262,0.278113190335723,-0.234076627736875,-1.16391902467262,-0.410495780618052,-1.69926398038924
-0.322629656658844,-0.874200443994231,0.81136973789156,0.281893206149947,1.74603890034359,-0.182505358733331,0.0305147064826479,1.66807450458433,-1.53412210377421,0.461191727299014,0.811674150142935
0.863910808534711,0.218865534548066,1.07207716084265,0.0835039898611175,0.125559455742571,-0.307375142412438,0.164856509205872,-1.64540013751316,0.353883532449346,-0.20157361107533,2.35867767814355
0.0211386254574224,0.149273945472651,-1.44494823920618,-1.61696298583275,1.47332814246318,-0.555794008822474,0.278113190335723,-1.24195764313909,2.57343506341998,-0.439300470859261,0.228226097498695
-0.23188832997822,0.0165773893704054,-0.359312783345117,-1.15885391192292,1.50596107093145,-0.332005599793531,0.634417286791616,-0.234076627736875,-0.937930885838059,1.65584919531322,-1.50995380584352
0.316511990238327,1.01292398622717,-0.605691536064047,1.00695049103095,-0.315903680357772,0.371458906389587,-1.12791814451,-1.07137678342239,0.156119308887002,1.86900682103954,2.20020180994025
-1.13143354802545,1.15833307122271,0.159999799785092,-2.80441373366892,-0.182556734854882,0.173749653851985,-0.543005320067999,-1.24195764313909,0.660832796458173,0.451236546447628,-1.51312524577631
-0.491062222423957,-1.5534817414071,-0.354783326549162,-0.663117257173215,-0.824865947171556,-1.06104555583947,0.320273944099606,1.54499022126026,-0.143447041504396,1.52195747018429,-3.46659935076155
-0.180893234497001,0.41826519211722,1.15167889486956,-2.80441373366892,1.51945463994298,1.60267616414021,0.278113190335723,-1.24195764313909,-1.65491026311567,-0.419307364915834,-1.5346379366409
0.0211386254574224,0.149273945472651,-1.44494823920618,-0.588352899472371,-2.1961357310564,-1.1394345026878,0.695201852731478,-0.206468006291583,-0.901933428715268,0.852584212915396,-4.70954075369111
0.406445280055064,-0.0543481195985639,0.158916586593179,0.967303805931507,0.48420066033957,2.88261985781945,-0.397347296816074,-0.46811660095262,0.0155679933674325,2.72485322439912,4.84980290765818
0.369150112426644,0.497151506277535,-0.543660639742627,1.00695049103095,-0.598973782358809,0.277506181544407,1.21248941730725,-0.539337405790405,0.553988520459919,0.770928404329864,3.32421207838951
-0.655548324427535,0.443367419344259,-0.0457767207539837,1.2918537548848,2.31483551824238,0.660730595401072,-0.829554504297958,-1.24195764313909,-1.99750971932073,-0.167913547442604,0.393816644127137
-0.121443080744866,0.366187193107971,-2.18844736751501,2.62363679835146,0.438558823277455,-1.24960309753275,-0.0439115560278483,1.06793302342023,-0.142845154971719,-1.79387656416955,1.8972464530326
-0.761727533134987,0.442937343114704,-1.2748475998898,0.586473744038886,0.0672381456269101,0.950825129662905,1.3639717758081,-0.641325911007369,0.347914953865598,-0.446149997726419,0.803269586976369
-0.0355356123824641,1.249162489264,-2.40776814217125,-0.288116359971652,0.854696753214053,-1.35392783623916,0.232621493203366,-1.58847604365485,0.347914953865598,-1.30984485514997,-1.87792394501496
0.820057461789856,-0.166000700844306,2.00414256287563,0.373089037963857,1.46016785749206,0.522424918439627,-1.62916027416204,-3.35668776784277,-0.267021883361129,1.13729017232082,4.40811503435088
0.369591701565915,0.497151506277535,-0.543660639742627,0.22485249251075,0.438558823277455,-1.67776179519803,-0.402603777796981,1.37674145571285,-1.62966212367078,1.72110932126983,3.32887263430096
-1.37737095588417,-1.39591054669467,0.393601574731257,2.31952180583596,-2.74887577895284,-1.55568360637005,0.288643151528738,-0.275638799877867,-0.432141532394567,-0.110706611292268,-4.24762518424722
-0.627095662211891,-0.731209641381625,1.36634909394871,-0.590644893177194,-0.519875413950683,0.488638753732233,-0.748747617155352,0.408207309099055,1.28750058193183,0.451236546447628,6.11654305557821
0.596132955029992,-0.187241953312959,1.05031872187156,0.175274241630762,-0.645988265717404,0.551691046971055,1.17567251018703,1.89828057019047,-2.45305121216532,0.390944451291778,2.66230010395878
-0.221257226034849,0.140477506270331,0.821774070428191,0.281893206149947,0.628908359255493,-0.358166304308124,-1.30545381381714,-0.905407418320465,0.340312534466112,0.0881814288903259,0.390158973670243
1.12646146766726,0.587713648025845,-0.354783326549162,-0.051816475898189,-0.263698647657573,-2.18648752421714,-0.524218821869672,0.622580562114574,-0.820953237871936,-0.266773607006641,-1.74108099383158
1.15146118708678,1.69249060262552,1.73542586382458,0.436278049053777,-0.0237444937771551,1.10317367879451,-1.99348953009672,1.39703563262936,0.226707267156744,0.796669454326807,7.90662354595968
-0.4725500533809,0.636062130313947,0.24487501563609,0.436278049053777,0.314327816983782,-1.47678867421896,-2.25768368994327,0.88640652750648,-0.0769606250941591,0.632318004936907,-1.0495551254187
-0.202803449810278,0.969249008487587,-0.967096270064765,-0.123322162608553,-1.52862928842206,0.173749653851985,0.411608547553913,-0.483908154373908,-1.49445891509336,0.465796026181933,-3.82337951695497
0.532670507939564,-2.41279869081588,-1.3266378555001,-0.895240498529352,0.307104058824765,-1.06104555583947,0.360013497043845,-0.731568737400587,0.353545588858905,0.922937311539151,-3.41247780584227
-0.322630953572636,0.674265987213114,-1.21091309135544,0.22485249251075,1.63537100161825,1.77219305576781,0.403365830972386,1.14720874555363,-0.449615047331924,-0.279792304691655,2.58499048548394
0.705159244350564,1.38717441446012,-1.17019204590501,0.633812080624764,0.679463853587416,0.469258469044733,0.0682710180035275,-1.53136288037289,0.423749775532206,0.655964544395772,4.10516457307049
1.00222607569168,-1.19029777848132,-1.3266378555001,-0.288116359971652,1.47332814246318,1.02248979826888,-1.30545381381714,0.84737260512302,0.264830587807195,0.433973798762587,4.95191784610152
0.387235505207325,2.07786017162,-0.703179681970652,0.22485249251075,0.820355065553003,-0.526018467412204,0.426904760653713,0.811341810437586,-0.565645876535388,0.564197591277829,2.60849786084366
0.236731320384568,0.437814366504439,0.294556043504183,2.25698609939581,-0.236546030471148,-0.778052312725974,-1.19514469197404,1.18078443199271,0.624405888280935,0.0975452886430451,5.23995653531232
-1.36884683548636,1.02877529935022,0.837428378342165,-1.52749181639447,-0.335271154914264,-1.29838884266477,0.278113190335723,-1.49408415199688,-0.843587751777099,-1.00006554918608,-3.89380109835274
-1.84932970663426,1.02877529935022,0.922141838804555,-0.0104057946683289,-1.33350788318901,0.173749653851985,-0.0780587671698423,-2.12308245997908,1.62051079794519,0.130409499967199,1.58886881268573
-0.603980979726459,0.289911559100783,-0.100426447117758,0.175274241630762,0.33719282222598,0.180718273307751,-1.36856451186546,0.561513047073578,-0.278421498683881,0.168280693493936,0.550727508433851
0.732766454077335,-1.19992697257359,0.111480834837066,0.764571364941069,-1.32598890288411,1.14440664959777,-0.181770458006242,0.75768451173815,-0.159208954509065,1.30110575867592,2.75337163204872
-0.624984971050248,0.328559010518588,2.11765436615126,-0.319879174246536,0.430193039468045,0.21740512561328,-2.20494351002314,-0.970152853293807,1.22872101109992,0.451236546447628,4.53339967237284
-1.69895969252142,-1.39591054669467,-0.386174321923292,-0.446103274385872,0.73003541302734,-0.547210852880248,2.02029096848873,-0.197120259522434,-0.841587940950558,-1.03476462819723,-2.344113922197
-0.643597321954687,-0.731209641381625,-0.717364116041768,-0.572947256387489,-1.01922533436586,-1.55568360637005,-0.0283011842581742,-0.832323045391097,-1.80790367191278,0.0492677484474332,-9.37295986033983
1.48779846223196,-0.532997840321381,0.046306906855487,-0.588352899472371,-0.0772005527743555,-1.29838884266477,1.67274650324679,-0.524354186909578,-0.405314329728395,-0.15059533479404,2.15629447279568
-0.656311008436637,0.443367419344259,-0.556092302239458,-0.45439197823734,0.338251541672647,0.267740109148032,-0.0240804268396615,0.502840268489372,0.223463045601699,0.838165962366966,1.79257723038707
-0.120545903474831,-1.41463455280181,2.00414256287563,0.0517402662434476,0.93573298737569,0.827974814498342,0.482525613551782,-0.337747901734163,-0.445442603121305,-1.09285933823028,6.11654305557821
-1.86480557059289,1.02877529935022,-0.332837670146771,-2.1610192564761,0.0408510618428498,-0.837513837804949,0.634417286791616,-0.234076627736875,-0.690297423535827,-1.43798270276154,-3.21733445621454
0.757147468860732,-0.738228893553727,0.765930182228964,-0.663117257173215,-0.58569068271565,-1.01200264673609,0.320273944099606,-1.52673542280748,-0.452998221463742,0.892562054015315,-1.9272042589019
-0.913897042502321,0.423171943445839,-0.0659798435478356,-1.60938779523654,-0.193010724964077,0.344190084322394,0.983889946408316,-1.24195764313909,0.977037926499187,1.52195747018429,0.562814420350435
1.1315370230296,-0.761617915866695,0.111480834837066,-0.475940129839488,0.897348475606433,0.261430135120028,1.65146316656411,0.302518828906358,-0.0412478775655937,-0.440924190406012,0.886172946883715
1.15146118708678,-0.252195984769658,1.87341656042595,-1.60938779523654,0.287662755337163,2.37898349764655,-0.388009565079501,-1.24195764313909,-0.330377641666649,0.751995284228017,5.54715459879611
0.158098629975433,0.219828808933298,-0.624824921852242,-0.123322162608553,0.958762587207915,-0.383636127879789,-0.980827085533794,-1.49408415199688,0.606322556446918,0.681430303663435,-2.13811685052047
-0.900813517540098,-1.81582961203831,-0.375883914153165,0.0835039898611175,0.233277846900497,-1.55568360637005,0.232621493203366,-0.770478592444302,-0.678957390777292,0.0569510705003778,-2.65675350954448
-0.151179447371551,-0.127464260377926,0.757294205912504,-1.67583586787119,0.0837016728272169,0.402272739905539,-0.0734676006263717,-0.210080981479839,-0.162008233813813,-0.100251626205253,-1.54089120160922
0.347867505613998,0.475421225643363,-0.543660639742627,0.276361769031615,0.809031831479657,0.235365443155227,-0.65277562513159,-0.523284280892399,0.0754529779101051,-1.03476462819723,-0.264552828815345
0.21941153069606,1.36517150780524,-1.10403370151341,0.909713082372273,-0.719712394818704,-1.14332188292899,2.15184593268728,-1.08469439999842,-0.71949572862052,1.42904582025703,2.12311853095577
-0.545702894918314,0.342832185393478,0.84775958298017,0.943519973033993,-1.39251637598115,-1.35781686409728,0.584913925416762,-0.21697695350715,-1.20014853213194,-1.42315047529422,-3.48756682808584
-0.322630953572636,1.30029484241588,-0.808194572462665,-0.185440792747989,1.52625993937137,0.399989234549159,0.35817110895012,1.14720874555363,0.179991691868633,1.47712558114275,7.19457365133125
-0.0317525103483616,-0.318596100953679,-0.322003250375897,-1.67158011501677,1.53136479597867,0.574212694720744,-0.543005320067999,1.14720874555363,-1.44301902637375,-0.419307364915834,-1.5346379366409
0.959083428268202,-0.888254379900852,-1.3266378555001,1.02119006621073,1.07318659992139,0.0758397677238601,-0.882451188015476,0.97095082445059,-1.00860105431476,0.644192007647986,-1.50995380584352
0.532670507939564,-2.41279869081588,-1.3266378555001,2.62363679835146,0.338251541672647,-1.06104555583947,-0.348115303024259,1.08125502941506,-0.139459831692673,0.175154126877369,0.0283013912844835
-0.648751749466503,-0.807871065314452,0.804282954408383,-0.226068262568184,0.582974101866655,0.206181890136727,-0.382506081616487,1.18533966390743,0.658375116666616,0.451236546447628,2.64239616256377
0.0367784691145465,-1.8034028960077,0.046306906855487,-0.572947256387489,-0.201719620007146,-0.312718071866497,-0.174070633992048,0.272642701364024,-0.251965818431534,-0.505123951912809,-2.51778000104234
-0.322629656658844,0.674265987213114,0.4485136895794,-1.60938779523654,1.14796188739992,-0.712439888258921,0.634417286791616,1.14720874555363,-0.0598893169608025,0.751995284228017,2.46093138553825
-2.0869432850071,-1.39591054669467,0.412342467210059,0.804914532775839,-0.990944497716162,-1.06104555583947,-1.53195215934931,-0.21697695350715,0.00596641634754362,-0.381741864779864,-4.43506165195833
-0.956961074005155,1.52715482154032,1.25036409692455,-2.11601898552237,0.0469889003718244,-1.19485021194884,0.634417286791616,1.33462770679667,0.41966185322685,-0.419307364915834,2.54565329129862
-1.34077973783787,1.02877529935022,1.25036409692455,0.86449784583311,-0.220020810999389,0.638472695246091,-0.463867345933638,1.77124330442426,-0.085809968252461,0.751995284228017,5.83959406717087
1.56227865721322,0.461039467601383,-0.376412179363565,-0.488682546151974,-0.0587976391525011,0.272775451640848,-0.7774967400763,-0.239377563308022,-0.898036590864131,2.40039395706726,-0.0333703678923416
-0.372325575986361,-0.881474769412075,-1.01051681896222,-0.682502601255036,-0.540198634052499,1.85190076879074,0.654840344879518,-1.58847604365485,0.875388833551014,-1.11681725906248,-1.53665536234812
0.693475945957761,0.492284731022119,0.647007932109686,-0.663117257173215,1.39933182921034,0.964684020359854,-0.465044739429787,1.14720874555363,0.610242403456847,-0.419307364915834,7.63303773067151
-0.901116441452875,0.913039398863929,-0.574805813413002,0.0835039898611175,-2.11565108344612,-0.236321851255191,-1.29572264369304,-1.38738210574215,-0.452877104933199,2.06192289765167,-1.18115401055249
1.40101207161264,-0.371943063123152,0.111480834837066,0.909713082372273,-1.51924623191156,-0.0291433484964552,-1.80007385869475,-0.465008164230017,-0.694371374160622,0.694711499041237,3.81307448520282
-0.067700948783854,-0.874498312812735,0.0107043020809868,-0.663117257173215,-2.41224832656044,-0.434299835721206,-1.12121084361396,-0.386827252079301,-1.58833243016699,-1.53950076001537,-10.5370841505212
-0.447127107745849,-0.266508126795323,0.165382234354571,0.175274241630762,0.258219820177335,-0.937026098681552,0.363211012625261,0.289354922478155,-0.987502056415334,1.48219566395885,2.75302494828225
0.387235505207325,0.590661215767598,1.36634909394871,-0.270299183531628,-1.67387677144346,0.747814154730442,2.22085560486403,-0.512515291731913,0.138444341042593,-0.20157361107533,4.498508499414
1.10213376120805,0.0368832961885102,-0.602848778696189,0.346300867953959,0.837127925161304,-0.354416317641193,-0.373497409600542,0.748617819595981,0.233255368347577,-0.886986024381628,1.68143941465562
-0.120545903474831,0.366187193107971,-2.18844736751501,-0.895240498529352,1.47332814246318,-0.837513837804949,0.278113190335723,-1.24195764313909,0.316275955274574,-0.247582174546946,-2.16047712282972
1.1315370230296,0.587713648025845,1.07207716084265,-0.663117257173215,-0.314002577251369,0.840544887916565,-0.166969758953497,-1.34709385636829,0.723961858672598,-2.74187913786304,1.56221516841648
-0.711312024974403,-0.112991573102434,-2.30494604578877,0.556096559666524,1.07318659992139,2.05925816954649,0.71564197036946,-0.234076627736875,-0.414738652118755,-0.92250490197781,1.83480004711881
-0.4725500533809,-0.593386443720919,-0.702633944446621,0.293588451391755,-0.58569068271565,-0.748876664148496,0.251046118712898,-0.793261447564514,-0.295446530933973,0.627889214337923,-1.20010229334208
-0.323463257736763,1.30029484241588,-0.151695016399035,0.842245421631717,2.18921788413082,0.0984593983279272,0.31544715227335,1.14720874555363,-0.438643277510549,-1.20489476983791,5.89359951745284
-0.251674035062425,-0.288149024269724,-0.702633944446621,1.26487496445839,0.945456907168861,0.565666692162297,0.274387639938975,-0.591500591629834,1.18765133824666,0.326664675032372,4.39528346156852
-0.722481470844717,-0.112991573102434,-0.444920896995617,0.842245421631717,1.59522824791102,0.279789963062755,1.089472394853,-1.12675322813967,0.240544664217608,-0.266997973891025,2.09691806230626
-0.225210415058502,-0.218670919966045,2.4209702713668,0.422289032145844,-1.33519390317116,-0.00155366578476145,0.0381511925448023,0.899426568579473,0.0811790332959577,-1.71972484375109,-0.299014873706769
0.247082833875912,-0.385033695281542,1.93613673641442,-1.52478691573609,-1.11582257936175,0.761896853600268,0.758120944688947,-0.933042700304403,-0.351353770031643,-0.186335025149506,1.07720798790032
2.44413193088708,-0.281809081541098,0.111480834837066,0.770555889246063,-0.0772005527743555,-0.324983238713307,-0.0290936451864748,0.690480865069565,1.24456343969831,-0.946855024020731,3.70722833443373
-2.27102179290958,1.02877529935022,1.02151132980012,0.248745302225936,-1.33519390317116,0.827961462420147,-0.291710926143497,0.996749468880568,0.565253045145792,0.751995284228017,2.4063828539988
0.957562283026489,-0.888254379900852,0.111480834837066,0.276361769031615,0.460565277255677,-0.361553495465678,0.480622966690505,-0.785522621533322,-0.636268512004825,0.382554640797134,0.943264284087134
0.84853666785422,0.239231141370412,0.733162472347698,-1.05157829370616,0.183655099921473,0.68273879174225,-0.160355975646883,-0.54597511210445,-0.281474552401408,0.38217359823767,-1.99109355358699
1.78790681130129,0.22959605487945,-1.3266378555001,-0.576587616021541,0.960743711617241,-1.31439042511277,-0.494507168126646,0.870976390252723,-0.00397645672758683,-0.519746967556754,1.03638038365097
-0.245512329193362,-0.218670919966045,-0.603001322729024,-0.185440792747989,-0.0833480082881472,-1.29156146033761,0.897001580454633,-1.72020060803578,-0.159208954509065,0.175154126877369,-2.93854171340145
-0.502387404029344,0.416806648273783,-1.10403370151341,-0.818334843263136,0.153080673787135,-0.648180179823407,0.983889946408316,-1.49408415199688,-0.636268512004825,0.0702624503281754,-3.4987438865465
0.406445280055064,2.12327638603109,-0.30924810677455,0.368240619299351,0.982915761664045,-0.735845224718186,0.113940673481592,0.502840268489372,-0.64150827675045,1.32165247977591,4.9124616616021
0.142629483112362,-0.40140995363354,0.150541158843437,2.40570765102028,0.00317617145132143,0.426681102609446,-0.608577327719734,-1.23005619969803,0.402052826192372,0.209037564755974,1.87046692102446
0.515109934404667,-0.645826451565313,-0.109880809929381,0.0289281767302189,-2.7257883915349,0.771438993542717,0.288643151528738,0.564772973422626,1.10822888581022,-0.516806368606634,1.56221516841648
0.493647011839343,-0.713137727998888,-0.602848778696189,-0.531842860694413,0.796691190223794,0.60020570157767,0.482525613551782,-1.53136288037289,-0.852691999844626,-2.09705387710689,-3.24840706817729
0.0875371828654106,0.0583425215318735,0.257452784578941,-1.00692455377825,-1.41492296434689,0.7656991322607,0.783431104974731,0.766991779050114,-1.79507147358114,1.92224689852418,2.75738402688455
0.0931341605499927,-1.52376171235515,1.87341656042595,1.14233061019185,0.430193039468045,-0.651116783681787,-2.24087346027892,0.195334474940336,0.275577226354176,0.556214447238583,2.75302494828225
1.23117357869045,-0.150759723029914,-0.376412179363565,-1.60022002167759,1.22021594364271,1.16703439768557,-0.494507168126646,1.14720874555363,0.0659524431177962,0.451236546447628,0.716381060931352
1.30205035985267,0.625736151342692,2.2319041975482,-0.270299183531628,-2.69150718503869,-0.949107581993016,-0.5356631620641,-1.01501506648048,0.145516261662582,0.196566242787842,0.334423768727541
-0.572774007103522,-0.597802247489609,-0.216911123422647,-1.00692455377825,-1.0013347732064,0.615864461467921,-0.455317340631833,0.408856501286364,-1.04453722417577,-0.317591182035236,-2.62768893071639
1.00222607569168,0.172995865049651,-0.541974506662335,-0.588352899472371,1.51158709467972,0.194868984612811,-0.494507168126646,-1.64801358740371,-0.732352237107074,-0.244347643759806,1.42285298876482
-1.01946322075923,-0.0312399440442792,-0.556092302239458,0.0835039898611175,-0.847715833781339,-0.158188223930437,0.410342067744517,3.07269729719328,-0.438261752092053,0.158246370706467,4.51978643948304
1.1507414243711,0.792963775645809,1.93613673641442,-1.70458618581569,-0.855514551734027,0.205160597735718,-0.484572276685934,-1.45825201216755,-0.757539014587561,-0.806144220965945,-2.53512898173153
-0.0555285753091808,-0.410288400013034,0.236506473480026,-1.00692455377825,-0.811132776772048,-2.226238984364,-0.104558066362358,-0.443633721495158,-1.16059956363187,0.575640048164629,-3.40811445261353
0.705159244350564,1.38717441446012,-0.570120152177094,-0.899214535488587,1.51158709467972,-0.558436606033951,0.278113190335723,-1.24195764313909,-0.11204549805347,1.14944790011646,7.14774914679061
-1.93813398010774,1.02877529935022,-0.715749797641394,0.503630268042723,1.0685088527207,0.318876245957316,0.363720823993226,1.14720874555363,-1.61756602627845,-0.68441728057963,1.11149502256155
-0.149082664022566,-0.127464260377926,0.757294205912504,-1.11974038188224,-0.189490471163991,-0.522482319129627,-0.228439070435776,-0.630247828016478,-0.11204549805347,1.19474378801218,1.24272703109149
-0.360281612918946,-0.861885820626873,1.09499994440492,-2.80441373366892,-1.0609779762501,1.47897194118883,-0.0880259627091563,-0.210080981479839,0.101153523096878,0.751995284228017,-2.43081384984714
1.1507414243711,-0.252195984769658,0.765930182228964,-0.896656871734383,1.92280709190588,1.65693314730395,-0.228439070435776,-0.234076627736875,0.0275357345365073,0.656657568119408,7.21270031067641
-0.551369913735585,0.342832185393478,-1.10403370151341,0.586473744038886,0.434163824600408,-2.74038369517637,-0.228439070435776,0.525873435172833,-0.142845154971719,-0.748262109702551,-1.44608538654827
2.44413193088708,-0.281809081541098,0.111480834837066,-0.288116359971652,-0.136107528216741,0.230008102649408,-1.13554555318666,-1.72020060803578,0.368106306199005,-0.22872792201085,-0.390655048533981
1.32312030207907,-0.706174817529324,0.046306906855487,1.57036756009948,1.27519764193963,1.70111377963853,-0.539270333746568,0.218994400859868,1.49435575127335,-1.3335103793141,7.26994576312799
-0.223249756137307,0.305539128456126,-0.015311325724745,-0.45439197823734,-0.568651712315898,-0.949703361501377,0.721445628967095,0.362668264647715,0.895662861023298,-0.46709581914652,1.9942136822342
0.0357249893129092,-0.233550656474431,0.507099358987084,0.175274241630762,0.205478461233563,-2.02553404798826,-0.466292122853627,-1.14014585933939,0.314516858029383,-1.92981651022702,-3.3811870059575
0.693475945957761,-0.647760029694597,0.765930182228964,-0.663117257173215,-1.48605043401958,1.40385794048901,-0.349458102542259,-2.10045994703574,0.994634435266028,-0.222377708552244,0.409253106467298
-0.334474102992558,-0.874200443994231,0.299983396242135,0.145507836469046,-0.104447849849169,1.02248979826888,-0.949387224802048,-1.41392495288213,-0.354244757178526,-2.74187913786304,-3.8890909445482
-0.351247886823917,-1.43727964986126,-2.24818223101564,-0.895240498529352,0.960743711617241,-0.547210852880248,0.634417286791616,-0.219012525806532,0.0173035935405025,0.640585379585187,-4.19016020681926
-0.29621620810567,-0.379870359423346,-0.486042633237694,0.967303805931507,-1.27147071892585,1.18272130673003,0.504582656418209,2.21710655067984,0.895030767552645,0.38217359823767,5.36421751786183
-0.614976623900817,0.328559010518588,0.00767378434762816,-0.915868993317176,-0.678828880305408,0.166411067227815,0.747505613335557,-0.672129786413809,-0.335191459794438,-0.424056308081461,-2.23669038982257
-0.124173306696286,-0.376024563504313,0.505478847125776,0.175274241630762,0.987018225966592,0.504378974124102,-1.32718526492113,-2.04471124694642,0.941311048847681,1.43042842008333,0.898020673003059
0.21941153069606,-0.334855485253455,2.19685502509927,0.0539668524949673,1.40651009654632,2.97045827992435,0.882133104818171,-1.24195764313909,-0.0931356845954797,1.6255934479899,5.05615650910654
-1.56669559734199,1.02877529935022,-0.237670138853729,-0.0171496017046318,-2.41138902632242,-0.648180179823407,-0.0446713419049038,-0.130874452374073,-0.278290847975507,-0.630466712823547,-5.62909003344181
1.34470586176943,0.382747479880209,-0.071562247008707,0.909713082372273,0.022344303761398,0.163877033864662,0.567792970376088,-1.55341129233932,1.14943727964842,-0.677698178890598,1.02983741285125
-1.49525989021878,-0.322491855027344,0.856059375619012,-2.11601898552237,0.451304677672786,-0.158188223930437,0.278113190335723,-1.24195764313909,-4.52487726786338e-05,0.751995284228017,-1.46795713813038
0.384260906492298,0.590661215767598,1.46609033815269,-2.27627500906927,-1.29674371365966,-1.01210778773249,0.0305147064826479,-1.3513334906313,-0.0469769374576664,-0.0158285230842389,-3.48756682808584
-0.867261290434761,-0.612180837544454,-2.18844736751501,-0.051816475898189,1.07318659992139,-0.312718071866497,0.35817110895012,-1.58847604365485,1.66490509283786,-1.10493962108217,-4.19016020681926
-0.974582417138314,-1.165476105515,1.86938032572819,-0.715426073813977,1.14586649348076,-0.627944231155252,0.278113190335723,-2.04471124694642,0.098938144573986,-0.784540694583908,-4.75401114213666
1.31018285256918,0.625736151342692,-0.585798146218609,-0.515315488650137,-0.0223270715395039,1.22297430712105,1.30666642487858,-0.838988833465729,-1.16834571039985,0.699746488499023,1.83057952602009
-0.202803449810278,0.291681468327407,-0.741296140745642,-0.0831560583872804,0.111883647744807,-0.330357125741316,2.56187199634833,-0.672129786413809,1.88732289643651,1.04171953626695,4.5848679838885
-0.706813278185386,-1.17186535061479,-0.0362386333063772,0.145507836469046,-0.205360678226485,-0.434299835721206,-1.18854867960392,-0.0517914923185704,1.56150984500821,0.124668881371888,-2.03344716894502
-2.0869432850071,1.02877529935022,1.49014669990501,0.493676503069326,-0.960061871690858,-1.04137032924564,1.57260450177388,0.666857523163538,-0.085809968252461,0.00798958313846739,0.407150157506847
-0.323463257736763,-0.874200443994231,-0.733921604660947,1.26487496445839,-0.10883608649733,0.279166358165513,0.46988693335538,0.951540897761106,0.637580877490963,0.150210309351405,2.00512670835019
0.134440921936653,-0.993785976086682,-0.541974506662335,-0.709654262357152,1.2441453418643,-1.1394345026878,0.634417286791616,-0.930428951131614,0.434013518536916,0.394843317991511,-1.0495551254187
0.107009610225028,-1.2398298363635,-0.071562247008707,0.293588451391755,0.0544434723889521,1.47897194118883,0.627353698546826,-0.24404384679421,-0.744330257362704,1.24211008471527,3.16949747327886
-0.491062222423957,1.91214619949485,0.558121644426214,0.373089037963857,-0.488171540573637,1.1167666398911,-0.389628070791682,-0.604978220836708,0.642190831536766,-1.32856606450443,3.44854918406706
-2.00936764881622,1.02877529935022,-0.360843392468002,1.14233061019185,0.304119205248757,-0.361553495465678,-1.31464638544986,1.71585765294278,0.624405888280935,-2.79831675372858,0.651861430024177
-0.888956083180219,-0.612180837544454,-0.741296140745642,-1.64479282627264,1.53344978290305,0.256857934635363,0.634417286791616,-0.234076627736875,-1.07667927705508,-0.14618282409516,-2.18915875856991
1.3218240862757,-1.3293704383791,-1.3266378555001,-0.792351701629346,0.854696753214053,0.130333066946291,0.35817110895012,0.561513047073578,-0.354244757178526,0.704630523844187,0.468991709181633
0.543041897744262,0.208640334185202,-0.305844131342793,0.276361769031615,0.924738853745844,0.309451262597506,0.679719341228399,-3.35668776784277,-0.852691999844626,0.551014562388615,-1.07067712897515
2.15062120187849,0.942476823465607,0.046306906855487,-1.34480192472075,1.47332814246318,0.0425256301259776,0.278113190335723,-0.234076627736875,-0.242558602334214,0.594033445941486,3.76792955227165
0.794861019852433,0.418226334785505,-0.375883914153165,-0.899214535488587,0.0609688726248171,-1.47678867421896,-0.494507168126646,1.14655773971122,-0.57334265151306,-1.94967898125727,-5.18177826640151
-0.0355356123824641,1.249162489264,0.547135080469184,-1.15089600525683,2.60788356832283,0.450682529278974,-0.543005320067999,-1.24195764313909,-0.428992673692461,0.796616998174176,1.02983741285125
-0.00627779874113054,0.885061047687176,0.865362404731866,-0.734302235813507,0.10343194959893,1.2055442664549,-0.932275646582695,1.33462770679667,0.571548590917336,0.451236546447628,4.53964799400078
-1.51324337412099,-0.322491855027344,0.303894002587739,0.309494820190837,-1.97017299464341,0.615864461467921,-0.456753376823538,0.22637278613918,0.255001874496664,0.694606537709939,-1.27828615038327
0.500052754481341,0.614210576348744,-0.176826536196301,-0.818334843263136,-0.428303141587186,-1.03597808532383,-2.25768368994327,-0.785522621533322,0.132016226883893,-0.70510496285436,-6.07815035959255
0.928608354151784,-0.943307884327666,0.046306906855487,0.276361769031615,-2.44904099810045,-0.627944231155252,1.15032721978889,-0.203579060360048,-0.250870147764148,0.65638758601362,-1.5346379366409
-0.269421462211714,-0.218875920293833,-1.06657236986764,1.00695049103095,-0.370954143372207,0.422202009742274,0.114249402119399,-1.15194459531718,1.23281407277316,-1.58899551911874,-1.44889136026213
0.108608041991393,-0.151053422206611,0.0621223729617799,-1.05157829370616,0.315311711134668,-0.869431437590749,2.02029096848873,1.11184551289959,-1.49394599601629,-0.665646147820559,-2.69435971418118
-1.56669559734199,-1.39591054669467,-0.740381901686587,1.17740408182426,-0.429985928132914,-1.55568360637005,0.0218228623904228,1.82616130287605,-0.142845154971719,1.79910244638909,-1.50708121002691
0.120132358145832,-0.448544512570492,0.475439605204288,0.842245421631717,0.816309471975262,0.841174240101804,2.0610756290641,-1.49408415199688,-0.706604231599307,-0.15059533479404,0.547909948430201
-0.951321791117841,-1.165476105515,1.46609033815269,-1.52749181639447,0.483159343888192,-1.51362565174006,-0.543005320067999,0.223395461871426,0.211664174359695,0.451236546447628,1.13542061114006
1.00222607569168,-1.19029777848132,-1.3266378555001,-0.288116359971652,0.778977676612137,0.130333066946291,-0.0240804268396615,0.653344444848279,0.098938144573986,0.594026228049772,2.58193451274118
0.387235505207325,2.07786017162,-0.703179681970652,1.46300848790441,-1.00582667070407,0.425016961900805,0.472529654401645,0.112443179710855,0.0315180936131312,-2.03495472586498,4.16127348211532
-0.313016092621379,-1.42873033417318,1.05031872187156,0.503630268042723,-0.152337352737154,0.130333066946291,0.601020355344805,1.23401131307425,-0.813777800027844,-1.19475517853418,-0.670483850972479
-1.16176738342918,1.02877529935022,-0.320359780912285,-1.67583586787119,-0.370954143372207,-0.538085083184333,0.0305147064826479,-0.167261054223862,-0.875938580503472,-0.124399244300441,-2.62403300382024
-0.348319041197177,0.62178933855626,-1.21091309135544,0.22485249251075,0.174910121408463,0.862025347757912,0.839031229352166,-1.53136288037289,-0.898036590864131,-0.374975040923145,-1.08180976622719
0.369150112426644,-0.902901104198327,-0.602848778696189,-0.531842860694413,-0.133067316261955,-0.158188223930437,-0.300702484072639,-2.41946297469239,-1.02887917025084,-0.399194777437528,-4.47877348287373
-0.348319041197177,-1.43727964986126,1.05031872187156,-0.231805837680457,-0.581779885473832,-1.09602589562514,-1.22909034694641,-1.69680630353643,-0.933762108723349,-1.68829723037999,-6.42042254081285
1.07801515835265,-1.09050244168228,0.111480834837066,-1.13586138284082,-0.156183684072767,1.05828875895572,0.216040027108988,-0.672129786413809,0.490133657084343,0.0905129999046023,-1.25356600370136
0.37540707549465,-0.902901104198327,1.13948323395716,0.436278049053777,0.631822757094699,1.29511474789603,-1.13554555318666,0.894046003072167,0.56059893941011,-0.419307364915834,0.886172946883715
0.795293141207022,0.418226334785505,-0.107021447431962,0.22485249251075,-1.35785697416963,-0.142303962104085,0.488180031736235,1.19437129469237,0.353805894901666,-0.354052204012592,2.19812476418079
1.19307251228072,0.160606290486209,1.13948323395716,-0.663117257173215,1.27519764193963,-1.41136734689145,0.634417286791616,1.11184551289959,-0.968405012825311,-0.23583731252944,2.79006660986389
0.0374834157537383,-1.8034028960077,0.046306906855487,-1.15885391192292,1.26597345766027,0.0560902392215034,-0.543005320067999,0.448649731900151,-0.242558602334214,-0.419307364915834,-1.83277272309618
-0.626633391897225,-0.731209641381625,1.36634909394871,-0.590644893177194,-0.504899605941471,0.488638753732233,-0.61687174602596,1.98162499963133,-0.0598893169608025,0.451236546447628,2.35867767814355
-0.372325575986361,1.54743295699465,-0.846800787953321,-0.896656871734383,0.601774723682118,0.145255033703655,1.89741291002379,-1.24195764313909,-0.421202988058861,0.91771938547604,0.915515038527982
-0.191254342750056,-0.424859553322976,0.535777645768644,0.436278049053777,0.0265670874396335,-0.603287647486074,-0.567226495292668,-1.93493388149052,-0.743230372529673,-0.319670730327474,-3.15247771357042
0.0604950710316492,-0.567906244312246,2.19685502509927,0.50769607883505,0.430193039468045,1.68043402454693,0.314727844726783,-1.58847604365485,0.920830309039569,-0.505123951912809,5.01706335170191
0.358359618192795,0.631656128397633,-1.64499989766061,-1.34480192472075,0.960743711617241,0.132736208013623,0.0305147064826479,1.14720874555363,2.14909377544084,0.796669454326807,2.60849786084366
0.0705386320336281,-0.702219853466456,0.0107043020809868,-1.15885391192292,1.06600447106115,1.73829148146752,-0.980827085533794,-0.234076627736875,-0.267021883361129,0.451236546447628,-0.299014873706769
-1.3621519551404,-0.322491855027344,1.10893454620095,0.804914532775839,-2.74887577895284,-1.8365115424615,0.79182246238741,-0.299962314181645,-0.64150827675045,1.48662932940738,-1.51312524577631
-0.0953614884310933,-1.22182079803011,2.2319041975482,0.752892585909548,1.43651651211962,-0.685567151428989,-0.494507168126646,0.307409093316328,1.61267050322432,0.656657568119408,5.7589417811824
-1.82392357826699,1.02877529935022,1.32470347967211,-0.708605623886148,0.637549958623574,-0.358166304308124,2.02029096848873,-0.234076627736875,0.256704844457233,-0.246224749797705,2.8079608748878
0.368950378923038,-0.902901104198327,1.13948323395716,0.436278049053777,-0.70287160410534,-0.603287647486074,-2.39590166494428,0.557775973106857,0.0301142066724261,-0.317522233816264,1.70052618977161
-0.492387630379773,0.926737295390699,-0.703179681970652,-1.05157829370616,-1.61072479796386,-0.330357125741316,0.58490804959921,1.11524452742832,1.62721397101133,-0.246224749797705,-1.28443641215641
-1.06275667393404,-0.0312399440442792,0.426114041183267,-0.259568728075796,0.0864963393901201,1.16864886735267,0.891385124738283,-0.61420792480877,-0.11204549805347,-1.36311119356894,0.512764101220985
-0.120545903474831,-1.41463455280181,-0.109880809929381,-1.05157829370616,0.689533729663966,-0.434299835721206,0.278113190335723,-1.45825201216755,0.05893447504218,1.40232364223464,-1.22464782417846
0.316511990238327,1.01292398622717,-0.605691536064047,1.00695049103095,0.114696625042529,0.425450380845262,-0.607900216554838,0.840487708319493,1.53039524163823,0.106408646055885,3.00532247357462
-1.96553190773881,-0.322491855027344,-0.112805006812695,1.15250775516314,1.10174159537958,1.47897194118883,1.02940606844731,-1.24195764313909,1.18669179021709,1.12700506312138,4.25480760971438
-0.164142398808466,-0.17889925207732,-0.702633944446621,0.586473744038886,1.39933182921034,-1.24960309753275,-0.466292122853627,0.870976390252723,0.570790768524735,0.947155698213826,0.811674150142935
-0.802875340497569,-0.921537355370844,0.294556043504183,1.95774118238822,-2.26011264109725,0.615864461467921,-1.59091768834355,-0.203579060360048,0.393991355906975,-0.674049146296114,-1.155335451687
1.25314791769653,-0.165344641968937,0.765930182228964,1.26487496445839,1.32534597488497,0.664830246186815,1.05010481568863,-1.41712074042529,0.743237724627627,0.561024223322748,9.44375235865835
-0.0632813213277432,-1.73693389097153,1.87341656042595,0.353057849546689,2.17402637523632,0.574212694720744,-0.104558066362358,-0.61420792480877,-0.445442603121305,-0.242420534155781,3.25412061640438
0.269059658274531,-0.973175014273595,-0.109880809929381,1.26487496445839,-0.783148901254367,0.803439052683749,-0.874417790002006,0.412705129490039,0.240544664217608,0.0882139171464506,2.28941061698339
-0.407433327798389,1.59062916596072,-0.594727102421189,-0.572947256387489,1.01635880859011,-0.964312878683429,1.18237000500784,1.33462770679667,-1.62966212367078,3.23281198847417,4.5848679838885
0.0367784691145465,-0.233550656474431,0.507099358987084,0.145507836469046,0.218286083656123,0.283214541245337,0.117024729261881,-0.81400435730799,-0.616708385795335,-1.13424555546635,-1.08180976622719
-0.96741412606242,3.12945981060765,1.08896439532807,-1.52749181639447,-0.0329514304928809,0.578910823970845,0.422652778367666,1.14720874555363,-1.20014853213194,-0.419307364915834,2.64239616256377
0.347867505613998,0.475421225643363,-0.486042633237694,-0.123322162608553,0.958762587207915,-1.03597808532383,-0.228439070435776,1.31825537136031,0.0315180936131312,-1.49471972388545,3.71167370393723
0.794861019852433,0.581069880606359,-0.0787146781385463,1.00695049103095,-0.193010724964077,0.272775451640848,0.831591432224581,-0.862516961631688,-0.725727735082207,-1.3719068373732,-1.88944619145724
-0.245956346078749,0.0165773893704054,0.878714703132422,-0.446103274385872,-0.250828669217908,0.292365413734015,-0.530759643482037,1.91468339704136,-1.4781677720848,-2.79831675372858,-4.65795044988636
-0.0606066347749188,-0.100502626017949,1.71376792378839,1.15250775516314,1.36282088339312,0.425450380845262,-0.236036571711939,-0.337747901734163,-0.677435526042837,2.45263367784626,6.94284189108943
-0.694038971449225,0.783390484154215,0.0153176641592142,0.560136972827952,0.16327346355091,-0.227805213262734,0.214164898624705,0.693939352980602,-0.115065439988463,-0.146660318060076,1.74382668173021
-0.951321791117841,3.12945981060765,1.08896439532807,-2.11601898552237,0.283353199457572,-0.18380379979763,0.634417286791616,-1.24195764313909,0.2168762106894,0.168656494867882,4.40811503435088
0.711761221207245,-0.763671465585299,1.87341656042595,0.281893206149947,1.01786846496904,1.95050111457126,-1.20281156361826,0.811341810437586,-0.616708385795335,-0.419307364915834,4.72052276151262
-0.370453929618895,-0.881474769412075,-0.281726071652152,2.40570765102028,0.961463042904802,-1.23051501111792,-1.08587858992396,-0.479238216232249,2.06221437647303,-0.570524052230427,3.67037666774035
-0.958518973659934,-1.165476105515,1.36634909394871,0.752892585909548,0.155514711346408,-1.0521749678134,-0.141717861798077,-0.694443720081358,-0.916874759724824,-1.68829723037999,-0.741969037729436
-1.3621519551404,-1.39591054669467,-0.51929490392138,0.436278049053777,0.627077991282133,-1.06104555583947,0.407914502439704,-0.637358926199456,-1.99750971932073,0.0682457248772153,-3.40811445261353
-0.245512329193362,-0.218670919966045,-0.603001322729024,-0.896656871734383,1.63537100161825,-0.555794008822474,0.634417286791616,-1.64801358740371,1.0718639687427,0.549079152435643,1.85147969504366
-0.120628717450996,0.366187193107971,-2.18844736751501,2.62363679835146,1.20609155010781,-0.124377444462186,0.62894868393721,-2.15284835655817,-1.00860105431476,-0.110706611292268,0.27248132089624
1.73818888729534,1.19386987657548,0.602904588734994,-0.342484416658157,0.820355065553003,1.01583219116811,0.644432046448852,-1.64801358740371,-0.825890923262983,-0.271043687882021,5.23995653531232
0.732766454077335,-1.72715344448494,0.111480834837066,-0.682502601255036,-0.730465795379585,-0.434299835721206,0.172081985168165,-0.730596630335807,-0.179309364432199,0.395006690650741,-3.88751864028227
0.719110105959686,1.26299003388351,0.165382234354571,1.3805902223408,0.829501621588122,0.465602754068786,0.200020300026481,-0.219012525806532,-1.27164352038194,0.49173736811602,6.59471779600263
-0.881163842658172,0.0643988717229643,0.416139921888199,-0.0285012592475462,0.0684951779194104,1.37189376438922,-0.00328634790544931,-0.167261054223862,1.12350042325308,-1.53783362181129,2.49644132879062
-0.501780950977719,-0.997839550500399,0.236506473480026,-0.599712537856879,-0.449438687386158,-1.09602589562514,0.422652778367666,-1.76162108176033,-1.02475822728944,-0.495712370259292,-5.95194015098106
-0.591353652312854,0.860372064453761,1.75556100527949,0.804914532775839,-0.220020810999389,0.664830246186815,0.144342206778436,0.620039388461123,0.187647442312055,-0.246224749797705,5.81347405701081
-0.202803449810278,0.969249008487587,0.525776801801537,0.554443542160003,0.451304677672786,0.0633215188122874,-1.31063795133806,1.19701678702233,-0.174251451009828,-0.410495780618052,0.941749131040633
0.764091088653082,0.721549476774603,-0.621642546390247,-0.706615442602665,-0.915118199806622,0.527158688513776,-1.36714331314328,0.0610010310194091,0.562100220691602,0.328651601694203,-0.670483850972479
0.406445280055064,2.12327638603109,-0.30924810677455,0.521245595856898,0.786397631813917,-0.735845224718186,-0.373497409600542,1.80568654231401,-0.085809968252461,0.201678760864983,2.75224028759192
0.593377002416608,1.14400609094943,-0.455814960332461,-0.342484416658157,0.153080673787135,-0.759346716162005,0.341780413848653,-0.384719121947098,1.08571859067802,-1.69032918734107,0.586092262584377
1.03889810662679,1.43016756772899,1.66367961750762,0.554443542160003,-0.335271154914264,-0.866564855149379,-0.616750330702711,1.46480754532127,-2.07990686959711,-0.870450241269322,2.83031016448913
-0.209606526458409,0.969249008487587,0.830283036993599,-0.2106836008891,1.22742073710241,-0.0549297074389795,-0.228439070435776,-1.24195764313909,-0.872772748938672,-0.746643154435367,2.95960924862232
0.238284638711426,-1.66597964336542,0.111480834837066,-1.27904527279962,-0.553093111189668,-1.55568360637005,1.18237000500784,-0.770478592444302,0.274153851585349,0.564197591277829,-1.44608538654827
-2.41316287393276,-0.322491855027344,0.953104071683443,0.248745302225936,-1.5558269167967,1.85190076879074,0.561943415556768,0.158467293058773,-0.839734375436387,0.465726584996129,-0.952796593427325
0.316511990238327,-0.404662837006916,0.0107043020809868,-1.67158011501677,-1.05971471496993,0.488638753732233,0.380049351393782,-0.273419225742932,-0.179309364432199,-0.505123951912809,-4.19016020681926
-2.26396700390581,1.02877529935022,-0.0525181384650143,0.752892585909548,-0.145982488978706,0.299913144801177,0.392780578785207,0.359979740791793,-0.334846265263332,-1.14721702359028,-0.51892961922781
1.2870704532464,0.445383829815662,0.051204683696561,-0.899214535488587,-0.0772005527743555,0.648774526061573,1.20067633529166,-0.525596008337419,0.79596414131417,0.0852108289868788,3.08727113816996
1.64876230766829,-0.560100614723122,-1.3266378555001,-1.69227994526464,0.16163771987362,-0.169364134520898,-0.228439070435776,-0.591500591629834,-1.02887917025084,-0.205544149320166,-4.23815874985128
-0.370453929618895,-0.881474769412075,-0.214253154565106,2.40570765102028,2.27023612875598,2.00927606309675,0.660666797302195,-1.24195764313909,-1.20939386727119,1.29090495210287,6.40212705689155
0.693475945957761,1.78219617579416,-1.93089676444351,0.504204478774143,1.47332814246318,-0.0152218522694513,-0.56932857871061,-1.24195764313909,-2.1446000289129,-1.79387656416955,-4.65795044988636
-0.472252465016003,-1.5534817414071,-0.492138932418307,-1.05157829370616,0.272346842344078,-1.55568360637005,-0.543005320067999,-2.04308162977842,-1.05010641530753,-0.244341889070248,-7.36379041102367
0.0720616018116825,-0.181470580940055,-0.322003250375897,1.3805902223408,0.48420066033957,0.768879281247303,0.383130140705908,-0.234459477586727,-0.257186148012974,-0.371783349966803,2.20020180994025
0.203771015393723,-0.658210093817776,0.26840689673156,-0.663117257173215,-0.201719620007146,0.520347035425145,0.835435681561606,0.287666891770463,0.298596046892812,-0.434632219793776,1.94608500299255
-1.35426065335976,1.02877529935022,0.0201115530625419,1.86596452976762,0.963820776778822,-0.677401610123176,0.703177000718174,-0.993413722965538,-1.62966212367078,-1.55571455234545,-1.31200392759672
1.28669829334219,0.866983269116131,1.13325550295585,-1.64479282627264,1.1720163765459,-0.396275677369026,-0.543005320067999,1.14720874555363,-0.414021173187915,0.751995284228017,5.01706335170191
0.0604950710316492,-0.567906244312246,2.19685502509927,0.0517402662434476,2.17402637523632,0.18371073726169,0.634417286791616,1.14720874555363,0.107558679289945,0.796669454326807,6.38489467505297
0.319229554992751,1.01292398622717,-0.015311325724745,0.967303805931507,0.552109577368016,0.499388970203601,-0.366647120625163,0.689015710999841,1.53039524163823,-0.0191072628877631,5.42091961460226
-1.62101779596885,-0.322491855027344,0.293513566852017,0.115078174587372,0.500043478788749,-1.1394345026878,-0.228439070435776,0.150745830307557,-0.251739728988383,-0.549310104058844,-3.82337951695497
-1.49525989021878,-0.322491855027344,0.856059375619012,-2.41213397004373,0.21451342793886,-1.51362565174006,-0.543005320067999,-1.7081379978309,-0.309577980506223,-0.235285003309393,-4.83666551444171
-0.151179447371551,0.802472226060216,-0.516428036276293,-1.67158011501677,0.837127925161304,0.131458654787,0.278113190335723,1.14720874555363,1.35597534326254,-0.419307364915834,1.83057952602009
-1.50742487254711,-1.39591054669467,0.850505159280772,0.752892585909548,0.386705203654211,0.0560902392215034,0.679719341228399,0.113937256285575,-0.369834815334528,-0.307087262256683,-0.0851679667293793
1.01186404561454,0.0463396698536855,-0.759548690737746,1.94414514351762,-0.000375087340884434,0.214082412798314,-1.21851697764304,0.0598668648982097,0.33291755631427,1.12045934598008,5.19073605784817
-0.96919425542671,-1.165476105515,0.107287462535289,0.981953462597289,-0.529383907757363,-0.434299835721206,-0.445681347741948,-0.852898574144096,0.553988520459919,-1.53950076001537,-2.6071852955627
-0.183264582261562,0.41826519211722,-0.740381901686587,0.368240619299351,0.252977335729185,0.132736208013623,0.601020355344805,-0.591500591629834,1.62051079794519,1.71654371428697,5.20951199554698
-0.914079475075156,1.52715482154032,-0.34014879670433,-1.15089600525683,-1.16878240787808,1.00915087921029,0.31628634487401,-0.61420792480877,-0.132285778964956,1.08806540046149,0.503971550344953
0.693475945957761,0.492284731022119,-1.10989824273913,1.94414514351762,-0.318019931038277,0.235365443155227,-0.324732825021327,0.903717572448923,-0.531010298885763,-0.880871453589426,-0.94391595641566
0.711761221207245,-0.763671465585299,0.765930182228964,-1.64479282627264,1.06600447106115,-0.949703361501377,-0.543005320067999,-2.04471124694642,0.133459452143011,-1.94079469521524,-3.21432285809827
1.00222607569168,0.172995865049651,1.78249118809756,0.554443542160003,-0.327253371463479,1.36939734018707,0.435162009184089,0.505186155906345,1.09346459930493,1.24872726951069,11.3294553504745
-1.16051022426541,1.15833307122271,0.326804250858642,2.31952180583596,0.280116052596089,-0.426016034956644,-0.585107875278079,-0.137522492091545,-0.142845154971719,-0.924577928836677,1.49565912457397
0.34783617921037,0.475421225643363,-0.486042633237694,-0.123322162608553,0.174910121408463,-0.732594776525282,0.721445628967095,0.769460719202344,-0.231597103657775,0.640111974251967,3.73694880085239
-0.436789212690747,-0.921117655727337,-1.02935142352762,0.0289281767302189,0.111883647744807,0.0560902392215034,0.693459056279313,0.00957031223987211,-0.228988268218839,0.746190025395737,-2.69125679961291
-0.81120026727193,-0.921537355370844,-1.06657236986764,1.3805902223408,0.415426988876627,0.0560902392215034,-1.02617506522881,-0.966359524937711,-1.71978187557006,-0.422570416207011,-4.24762518424722
1.00222607569168,-1.19029777848132,-1.3266378555001,1.02119006621073,1.09090753877255,0.803439052683749,1.21818773881105,1.71585765294278,-0.569745949520485,-0.0565231908140939,3.77390480263397
-0.269421462211714,-0.873287097031009,2.92689016382587,-0.217886407741687,-1.9189639592151,0.862025347757912,-1.00585180458015,0.622580562114574,-0.677398480260909,0.796669454326807,-0.139183211058593
-0.0355356123824641,1.249162489264,1.77062485883992,-0.321439707691138,-0.408699323110795,-0.716138141443986,-1.32718526492113,-1.48614213195671,0.106037077527781,-0.809229342092471,-2.29874210481935
0.0025738279596146,1.44547078276906,-0.970938883770337,0.22485249251075,-1.52862928842206,1.26153130257302,-0.324732825021327,1.10041593007458,-0.754524072805196,-0.196989535585446,0.698663544657687
-0.518402608299261,-0.198846598770268,-0.074014104490906,0.842245421631717,0.21451342793886,-0.937026098681552,-1.14693500445164,-0.345437440015442,-0.443370090699821,-0.391673519021207,-1.33033619746562
-1.04660354889113,0.73172450083123,1.01965298035103,0.0517402662434476,-0.488630460236624,-0.0315244809495449,1.71844443590124,0.250595751247167,-1.44169132075597,0.830414027443856,1.45872041421515
0.459744099565142,-0.294406152014848,-0.354783326549162,0.22485249251075,0.118953765476704,-0.361553495465678,-0.508517256509472,0.141171044687967,-0.149185426266576,1.9896618269773,2.19812476418079
1.36572353355517,-1.56798233996638,0.046306906855487,-0.051816475898189,0.897348475606433,0.448832360810191,1.52233983752095,1.71585765294278,0.0579590268601247,-1.27381269579057,4.37187094509765
-0.223249756137307,1.67436155236916,-2.25701198051689,-1.34480192472075,0.16163771987362,1.4339502760002,0.122214725377871,-1.24195764313909,0.05893447504218,-0.200029511226155,-1.44889136026213
1.25198698463975,-0.235360163764018,0.765930182228964,1.26487496445839,-0.790113868899338,0.18371073726169,-0.0770438748685862,-0.972045224798542,-0.127934616094019,-0.747763248047063,2.21908325626423
0.629076815422991,-0.388361785766145,2.00414256287563,-2.80441373366892,-0.0146538195052864,-0.132634254893347,0.634417286791616,-0.210080981479839,-0.618102017460227,0.796669454326807,0.0911639568608611
1.2526218638097,2.127451050682,1.4963709028576,0.145507836469046,0.000918745934927696,1.28566687783431,1.0988083263115,-1.64801358740371,-0.0791172580201263,-0.271043687882021,8.4979528042212
0.678632472631034,-0.161082470728814,0.350687186069729,-0.896656871734383,-0.615398294182163,0.292365413734015,1.06595739221762,-2.42921867886717,0.368106306199005,-0.108334630213052,1.5936966414851
-0.874416079820568,-0.612180837544454,1.3673580284161,-0.774616274850126,-1.97017299464341,-1.1394345026878,-2.91374812550278,-0.590202133742766,-0.495600908169751,-0.181678667695625,-7.36379041102367
-0.372325575986361,1.60941967837266,1.0924384983002,-2.1610192564761,-0.39008314856843,-1.96742644683389,-0.543005320067999,1.67071504126637,-0.438643277510549,0.751995284228017,-2.20063244462799
-0.128455578901435,-1.41463455280181,0.051204683696561,-0.45439197823734,1.08023968884504,0.615864461467921,-0.465044739429787,-1.50397074856458,-0.527495409001628,0.11215019116645,-0.484196315105745
1.03889810662679,1.43016756772899,0.757294205912504,-1.15885391192292,1.09030636070126,-0.447666840461719,0.278113190335723,-1.24195764313909,1.65695504568611,1.08806540046149,5.45424055377755
0.958739707381809,-0.888254379900852,0.046306906855487,-0.342484416658157,-2.0025681511401,-0.169948097014954,1.43837719677353,-1.4263909236987,0.025603103111436,0.65638758601362,-3.46659935076155
0.450638613130356,0.81801536199887,1.64644302962564,-0.231805837680457,0.63692160961831,0.855657093585929,-0.484585255736355,-1.12675322813967,0.595277319644878,-0.132063633442612,3.4247309733733
0.757147468860732,0.140550315939984,0.545643164558108,0.00211487007748113,0.969308975311763,-2.18648752421714,0.634417286791616,-1.99626713601175,-2.71102758121329,1.42904582025703,-2.43081384984714
-0.0606066347749188,-1.73693389097153,0.765930182228964,0.436278049053777,0.0684951779194104,0.615864461467921,-0.153333172380041,-3.57087406599491,0.994634435266028,0.983024755921922,-3.0052933948045
-0.372325575986361,-0.881474769412075,1.44968360405969,0.309494820190837,0.284022198308122,1.03013202125766,0.859296746508769,1.31825537136031,-1.24295990450674,-1.75588554267301,2.26110371577702
-0.556102411790066,0.183823612750873,0.557880046070633,0.281893206149947,0.628908359255493,0.253740352964136,-0.0127620166363346,-2.04471124694642,-0.24245499399983,-2.16066965054502,-4.65795044988636
0.158098629975433,-2.22719458483553,0.111480834837066,-1.27904527279962,0.924738853745844,-1.55568360637005,0.634417286791616,2.0296102886298,1.7876125393128,0.451236546447628,3.16949747327886
2.44413193088708,-0.281809081541098,-1.3266378555001,1.50550635393122,1.47332814246318,2.97045827992435,-0.324732825021327,-0.601685293647683,-0.331386130958549,0.904461635917481,4.84980290765818
-1.22544040387794,1.02877529935022,0.159999799785092,1.86596452976762,1.10174159537958,-0.174460399768993,-1.39315911945652,-0.788027161185177,-0.64150827675045,-1.63035294679708,2.18619724325471
-0.901116441452875,0.913039398863929,-0.574805813413002,0.842245421631717,-0.602032504437569,-0.736118262895834,-0.662287224632954,2.49766207188714,0.624405888280935,-0.523463753031542,0.691462624573528
0.0211386254574224,-1.52708259397449,-0.376412179363565,0.586473744038886,0.881305035442379,-1.09602589562514,0.31544715227335,2.49766207188714,-0.174251451009828,-1.00502791910067,0.425846056453496
-0.135850676377348,0.399968066258527,0.506130699604026,1.17740408182426,1.02747434434597,0.047556553545642,0.663689494153,1.11184551289959,-0.363480895601377,0.704630523844187,5.00032229470449
-0.22950294551409,1.67436155236916,-0.125841772360804,2.25698609939581,0.491700268587433,0.108220797232703,-1.65899243440194,-0.10918343734019,-0.384202851349892,1.69912863358498,2.25120412052103
-0.370453929618895,1.54743295699465,0.634605561980403,0.281893206149947,0.937944685679851,-1.83189920218244,0.0305147064826479,-0.343507947090449,-0.438643277510549,-0.052956332207405,0.825810070655812
-0.269421462211714,-1.00967720745868,0.290869139378962,0.145507836469046,0.258219820177335,-1.20275278140157,-0.980827085533794,0.516155196900128,0.214935525527407,-0.041269437713575,-1.02654483076816
-0.947206859738706,-1.165476105515,1.36634909394871,1.67045313012708,-1.5558269167967,1.36633511387141,-0.952040694848218,1.359423722083,0.875949836234162,0.796616998174176,1.67556037860827
1.2480499580503,2.127451050682,-0.197403894427691,0.909713082372273,1.58745435695565,0.702670164921372,-0.339372034536365,-0.234076627736875,0.0476770601789843,0.21428519603824,7.90662354595968
0.494008062654507,0.864657694329301,1.64644302962564,0.373089037963857,-1.90149602104207,1.43375498021107,0.472529654401645,-0.642059895141573,0.962060743667831,-1.61915135729136,2.96006246834056
-0.00627779874113054,-1.02021638740844,-0.327617194803706,-0.896656871734383,-1.01849120526388,-0.434299835721206,2.56187199634833,1.06585619918044,0.959611575973286,-0.200029511226155,-0.449681135298929
-0.479152510544134,0.926737295390699,0.353300165898355,-1.11974038188224,0.911157415977762,0.654158811879636,-0.0734676006263717,-0.234076627736875,-0.157828874131528,-1.67187188983164,1.6600571691366
-0.649998760306494,-0.947120129290233,-0.557034399500361,-1.64479282627264,1.63537100161825,0.0560902392215034,0.634417286791616,-0.234076627736875,0.260736628942197,-0.100251626205253,0.993869401053306
0.183378003390537,0.0935549610379033,0.0183459150553212,-1.05157829370616,0.363310762244471,0.426681102609446,-0.980827085533794,0.502840268489372,2.15023928829233,-0.419307364915834,0.939235520729369
2.64324920796742,0.47145062175617,0.046306906855487,0.504204478774143,0.0218812772220443,0.796411425541921,-1.5173196121977,-1.31086757799751,-0.351353770031643,0.29767502129817,2.00303126716364
0.34783617921037,-0.0716273913334655,0.0637892650552818,0.293588451391755,0.969308975311763,0.946034246570231,0.887056672314473,-0.681343969989639,-0.136584384468244,-1.22360499273355,3.17853622992823
0.959083428268202,-0.694986595545108,0.111480834837066,0.22485249251075,-0.0833480082881472,-0.274277312494418,0.717613096362068,0.24980615535681,0.389510724663804,0.922937311539151,2.17713228302463
-0.506772093155546,-0.148294023014689,0.759728913132642,0.373089037963857,-0.627962607063307,-0.2391983200397,0.577057323469521,2.11193158836017,-1.62966212367078,-0.592211854866458,0.0283013912844835
-1.16176738342918,1.02877529935022,-0.171911902565057,-0.270299183531628,1.59522824791102,-1.46301570902535,0.634417286791616,-1.24195764313909,0.216343172023228,1.43910037725106,4.40811503435088
0.515109934404667,-0.645826451565313,-1.22622118925697,2.20587958138369,-0.182556734854882,0.364407204200862,1.02488834056318,0.622580562114574,0.0396741942162913,-1.79387656416955,1.79257723038707
-0.522624447622039,-2.39033934342115,0.765930182228964,-0.2106836008891,0.63692160961831,-0.547210852880248,-0.494507168126646,-1.15194459531718,-0.283771055813985,-0.437148738576016,-1.87770761739923
-0.522624447622039,-2.39033934342115,-0.376412179363565,-1.05157829370616,0.786397631813917,-1.55568360637005,-0.543005320067999,0.744966409147095,0.230747700348372,0.233814876022719,-4.55499506947993
-0.120545903474831,0.366187193107971,-2.18844736751501,-0.895240498529352,0.960743711617241,0.862866601175826,-2.25768368994327,1.14720874555363,-0.326510169051432,0.796669454326807,-1.39260225712918
0.593377002416608,0.685563919243134,-0.557034399500361,-0.531842860694413,-0.156183684072767,0.42486534749034,-0.205550227997563,-0.197120259522434,-1.44301902637375,-0.392144900163547,0.429793813062187
-0.447246156078175,-0.266508126795323,-0.616253423851322,0.967303805931507,1.21594212572932,0.315410135462642,-0.508517256509472,-1.75871907631791,0.650363271835417,-0.69758797667191,-2.69125679961291
-0.974582417138314,-1.165476105515,0.107287462535289,0.71027971369211,0.642294531241262,-0.244154057151042,0.845422846195057,-0.526486285549151,-1.62232869995351,-0.766374310269508,-0.925236535555531
-0.96741412606242,3.12945981060765,0.600413217545186,1.15250775516314,-1.15694082238345,0.578910823970845,0.706148565560031,-0.788027161185177,0.565253045145792,1.05521930702699,4.18514362784606
-0.78750238806967,0.515346044925934,0.948012160634253,1.15250775516314,2.17402637523632,1.59752423770999,-1.36856451186546,1.14720874555363,0.441051810286719,0.751995284228017,6.38489467505297
0.737217764881358,-1.72715344448494,0.111480834837066,-0.682502601255036,0.0920154607578089,0.615864461467921,-1.2727924593558,0.0743017931417096,-0.732352237107074,-0.684845398298846,-3.44211667925411
-1.07858007189211,1.16863558625184,0.483024339733059,2.31952180583596,-0.990944497716162,-0.576014409098189,0.180904981553693,-1.12614232803285,-0.384202851349892,0.551014562388615,2.1017270208286
0.369150112426644,0.497151506277535,-0.486042633237694,1.00695049103095,0.31371057345079,-0.0697564298963605,0.195597368200231,-0.0638010026321842,1.78707122038505,0.826894309152931,6.12934989823893
-1.01946322075923,-1.165476105515,1.73542586382458,0.422289032145844,0.931422525616788,-0.169948097014954,0.35817110895012,-0.933042700304403,-0.339124656706928,-0.114854895190875,0.880733479106311
-2.27102179290958,-0.322491855027344,-1.15341904817679,-0.707486576169826,0.750120859709991,-1.55568360637005,-0.543005320067999,0.453778049365881,-1.92396103005162,2.49355668097053,-2.08425968935459
-1.15343188945638,1.15833307122271,1.33675380054831,-0.461407195309806,-0.467327812637361,0.18371073726169,-0.61687174602596,-0.595151129083472,-0.754524072805196,-1.79310374026029,-1.37446433627563
1.01292712033538,-0.278087834473133,0.765930182228964,0.967303805931507,-0.306476274633947,-0.826434422272708,1.53694373791397,3.00665450449324,-0.142845154971719,-0.440924190406012,5.00032229470449
-0.757111968384591,-0.284105146910787,-0.0960997150466041,1.2918537548848,-0.471918496927561,0.488638753732233,0.686711790734211,0.239264592883673,-0.0598893169608025,-0.69758797667191,3.1558129461287
1.04625853223659,-0.648249825349195,-1.3266378555001,-0.148691125642782,0.778977676612137,-0.648180179823407,0.897001580454633,-0.69672566938682,-0.752209913232072,-0.747763248047063,1.66633572011783
-0.81120026727193,-0.921537355370844,-0.216911123422647,0.28618434434905,1.7969395576066,0.130333066946291,0.232621493203366,-0.210080981479839,-1.40113836041783,-0.330242946224518,1.5936966414851
1.75045083024301,-2.38298934189724,0.111480834837066,0.633812080624764,0.85257994791264,-1.0521749678134,-0.160355975646883,-1.12614232803285,1.94652832151931,1.21346051241824,5.54715459879611
-0.482389259676332,-1.5534817414071,0.26840689673156,1.2918537548848,1.19740294783391,2.05925816954649,1.3986699063701,-0.15361028390536,0.311186733761289,0.371684324957486,5.7589417811824
-1.49525989021878,1.02877529935022,-0.878936845956154,1.17740408182426,1.11939653508199,1.84288342776853,0.253622302963423,-1.24195764313909,0.240544664217608,0.0852108289868788,1.9446798817202
-0.214985083198648,1.67436155236916,-2.25701198051689,0.860578689563201,0.160686303970998,0.652421257999871,-0.5356631620641,-0.641325911007369,0.727200345904104,-0.748262109702551,0.586092262584377
-0.199691696587368,-0.424859553322976,0.0183459150553212,-0.45439197823734,-1.69226182580341,-0.711491036861552,0.185923361506595,2.16559145364413,0.196611050258714,-1.67709035000569,-3.28714820985379
-0.133224513909792,-0.491398754048723,0.598046859072824,0.436278049053777,1.10431687919878,1.98691154202129,-1.39990989321254,-1.64801358740371,-0.603013738672817,-1.0158404636163,0.993869401053306
1.22160947234217,-0.0898275853217457,0.765930182228964,1.3805902223408,-0.0760643655969459,-0.356027149653607,-1.22090549813999,-0.346824037725893,-0.780008578562234,-0.319670730327474,0.170629308450744
0.959083428268202,-0.888254379900852,0.046306906855487,-0.342484416658157,0.85257994791264,-0.330357125741316,-0.465044739429787,0.870976390252723,-0.134677437895565,-0.969635910650157,-0.314342818798562
0.074964728194998,-0.702219853466456,0.545643164558108,0.842245421631717,-0.482751098201421,0.827974814498342,-1.61013217903753,0.891060975100783,-0.0649359448491593,-0.317522233816264,-0.44236599177843
-0.307720334794516,-1.42873033417318,1.05031872187156,-0.0285012592475462,-0.0270898685334752,0.24339623058818,-0.748747617155352,0.141171044687967,0.748837685863075,0.233814876022719,-1.28443641215641
-0.430027757226562,0.777949237693444,0.412342467210059,-1.70458618581569,-1.1719582246776,-1.88806153810915,2.02029096848873,-0.117940310990799,-1.7883138099073,-0.255615718694268,-5.97071049268827
-0.672900026484126,-0.575038842418705,1.20647158549044,-2.04250684950825,0.586582138213836,-0.69475137724193,0.278113190335723,-0.681343969989639,1.06222518267492,-0.419307364915834,-4.47418733440204
-0.0350358210781504,1.249162489264,1.77062485883992,-0.321439707691138,0.872516849483673,-0.396275677369026,-0.494507168126646,-0.681343969989639,1.62721397101133,0.461191727299014,5.25949257965395
-0.134848555746835,-0.491398754048723,-0.191849615941992,-0.663117257173215,0.903733902890066,-0.936333742813784,0.278113190335723,1.31839249914647,-0.57334265151306,-0.470251504967265,1.06251383850918
1.71709444639313,-1.21452621992258,0.111480834837066,0.346300867953959,0.675034279839303,-1.61212081624555,-0.980827085533794,0.272569187539794,-0.149185426266576,-0.768625684320831,-1.3089549556281
0.897497218303324,1.82953730139989,0.134880828834651,-0.833529759598043,0.869600552754786,-0.735845224718186,0.0305147064826479,1.33462770679667,-1.69514506996339,-1.32856606450443,1.60175368390222
0.238284638711426,-1.66597964336542,1.87341656042595,-2.1610192564761,-0.660447079239754,-0.158188223930437,0.278113190335723,-0.526486285549151,-0.267021883361129,0.656657568119408,-0.905588670135324
0.794861019852433,0.418226334785505,2.19685502509927,1.86596452976762,-0.990944497716162,0.0970867043702006,0.71794642587795,0.767572235769028,0.565253045145792,0.98373212999852,8.42541311403532
-1.56904895571835,-0.322491855027344,0.399606792992981,-0.590644893177194,-1.60939675476319,0.256857934635363,-0.779070966507392,0.234282237322648,0.490639656070283,0.0274046353899504,-6.40442751437732
1.07801515835265,-1.09050244168228,0.111480834837066,-1.13586138284082,-0.263698647657573,1.25984853042389,-1.31417231705992,-0.384719121947098,0.571220701559195,-0.235285003309393,-2.18305793989512
-0.866641101851563,-0.57644453026073,0.0681299339698529,-1.60938779523654,2.60788356832283,0.422202009742274,0.278113190335723,1.14720874555363,1.28750058193183,-0.419307364915834,4.10516457307049
-0.214985083198648,0.969249008487587,-0.211572110771279,-1.64479282627264,1.36990366756298,-1.77467066244773,0.278113190335723,-1.64801358740371,-0.654345000298094,1.69520730145193,-0.747322866145476
-1.41216302695004,-0.322491855027344,1.08368154547719,-0.396517517232615,0.473348143789737,0.828750292021963,-1.62916027416204,-0.838988833465729,0.13036563220567,0.451236546447628,-3.46659935076155
-0.643597321954687,-0.731209641381625,-0.717364116041768,-0.572947256387489,-1.01922533436586,1.85190076879074,0.288875343732558,-1.14689740663585,1.41162336843555,0.0905129999046023,-2.72294392515016
-0.914079475075156,-0.405217883874896,0.397737976095648,0.373089037963857,-0.0270898685334752,-0.994948844368368,0.721445628967095,-0.210343586738105,1.30882889008811,-0.171067524423396,1.28226764780634
0.282986147203685,0.263357831481754,1.6404077792983,0.943519973033993,-0.949585079340705,-1.31696202507338,3.04167569310903,-1.51264863347954,0.497307861006358,1.42904582025703,2.75224028759192
-0.96741412606242,-1.165476105515,-0.717364116041768,-0.45439197823734,0.357080656307208,-1.55568360637005,2.02029096848873,0.289354922478155,0.459305056292302,-1.02784460506872,-2.23669038982257
-0.428822690864767,0.777949237693444,-1.94417850372901,-1.61696298583275,1.47332814246318,1.67625881990053,-0.0734676006263717,-1.24195764313909,0.257408554959918,1.47712558114275,2.58193451274118
0.116712046350888,-0.448544512570492,0.0701774542732331,-0.663117257173215,-1.45828019411609,0.427257918264199,0.00547053570263475,0.0527700168527823,-0.0412478775655937,2.56861653699067,2.77635802285693
-0.578051925956698,-0.0991558643326169,-0.740381901686587,-1.27904527279962,0.820355065553003,0.803439052683749,0.232621493203366,1.14720874555363,-1.71509717043681,-1.67187188983164,-4.29833448209351
-1.37737095588417,-0.322491855027344,0.929073324920277,-1.52749181639447,0.582974101866655,1.14440664959777,0.0305147064826479,-1.24195764313909,0.723961858672598,0.751995284228017,1.9942136822342
1.17929218936316,1.22886270974078,-1.14260902519971,0.856543804730724,1.51158709467972,1.56501943130965,1.9224100257452,1.14720874555363,-0.780008578562234,-0.22872792201085,8.42541311403532
-0.656311008436637,0.443367419344259,-0.556092302239458,-0.45439197823734,0.338251541672647,0.267740109148032,-0.141717861798077,0.220200352841721,-0.208319865035761,0.33739139700472,0.390158973670243
-0.269421462211714,-1.00967720745868,0.290869139378962,0.175274241630762,0.539761344596866,0.771438993542717,-0.897987419809732,1.35304882087092,0.436214651660078,0.796669454326807,3.28164040300764
0.532670507939564,-2.41279869081588,0.111480834837066,0.521245595856898,0.0544434723889521,-1.55568360637005,1.19603920708748,0.613598932898676,2.02269165020505,0.748769971822463,1.9446798817202
1.46138160502124,-0.92250392561993,-1.3266378555001,-0.458118854123871,0.16163771987362,0.488638753732233,-0.0957943639012769,-1.26334852494918,-1.65491026311567,1.65868250211681,1.5172481402035
2.09331419783845,0.266045306881635,-1.3266378555001,-0.197020307897701,0.960743711617241,-0.790074561116901,-0.801665502509192,0.182471311696876,-2.03861331104919,-0.789302307322846,-2.53512898173153
-0.260040250577254,0.410033262429949,-1.75307349810773,-0.588352899472371,-0.0223270715395039,0.494899390890248,0.636470220997191,-0.992702701609503,2.11983934845734,0.162895057484091,-1.68898049282135
0.494866343598611,-0.713137727998888,-0.602848778696189,-0.531842860694413,-0.79194010934556,0.366100431137862,-0.116987617640612,0.712563777849455,-0.0639432499857411,0.189859983244751,1.42285298876482
-2.63305466729962,1.02877529935022,-1.92552321613748,1.17740408182426,0.0107069328924862,-0.748876664148496,-0.971470832978546,-0.0826380263778039,-0.384202851349892,0.508810478899396,-2.65320609140079
1.28669829334219,0.445383829815662,-0.759548690737746,-1.34480192472075,0.960743711617241,-1.26756214066408,-0.543005320067999,0.302518828906358,0.444498135248843,-0.325599074262106,-1.6792925238001
0.238284638711426,0.900645346041719,0.604014723622083,0.145507836469046,0.10343194959893,-0.468566359419302,-0.149910931526602,0.870976390252723,-1.69514506996339,-1.66096019966749,-0.695574767140973
0.369591701565915,-0.902901104198327,-0.071562247008707,-0.0831560583872804,0.604037478017685,1.25984853042389,1.82673515981472,-1.53136288037289,0.184156748123753,-1.39798269083771,0.126084806682619
0.528274860519175,-0.670024269708083,-0.602848778696189,-0.475940129839488,-0.79194010934556,0.463814625699783,-0.555029387385669,-2.22598156195826,0.490133657084343,-0.20157361107533,-2.98696895741531
-1.38259047729247,-1.39591054669467,2.50613457322305,1.25354831221212,1.07404206673707,0.862866601175826,1.39850316523975,-0.738100492393834,0.92529099501903,1.27576865747489,6.62909076665557
0.0875371828654106,0.0583425215318735,1.69392380440111,1.14233061019185,-2.04887553786477,-0.418093109544745,-0.040650434798699,1.67526218272193,-0.0769606250941591,0.480682062697063,1.89715023250957
0.920835138899555,-1.24097660632881,-1.3266378555001,-0.288116359971652,0.778977676612137,1.47897194118883,-0.305540067036285,-1.50397074856458,-0.330377641666649,0.0988874508821602,-1.5346379366409
-0.120628717450996,0.366187193107971,-0.269024990191507,-1.05157829370616,-0.716148873981635,-0.611913182335296,2.07312150487197,0.870976390252723,-0.557779079291695,-0.129692451672381,0.664353766088641
-1.36501270410742,1.02877529935022,0.239504495324056,-1.52478691573609,1.2133979631193,-1.56107706605401,0.634417286791616,-0.234076627736875,0.53533318290733,-0.88139613891129,0.45428784863218
-0.100368227033191,0.527008242112453,0.689419786431123,-1.67583586787119,0.984642521545901,0.532654555914563,0.278113190335723,-1.24195764313909,-0.0972083594804451,0.556214447238583,2.78476394989749
-0.0481704443434205,0.89381872934801,-1.85425165521672,1.94414514351762,0.754373494065367,0.594118975574108,-0.828829733262565,0.064326510624029,1.39564931229618,-1.04744108974213,2.46093138553825
-0.694038971449225,0.783390484154215,-0.389876277331729,0.842245421631717,-1.37731910969058,-0.230415690095739,-1.29116223666255,0.690480865069565,0.187647442312055,-0.377657503776365,-1.76208202227006
1.2870704532464,0.866983269116131,0.545643164558108,0.0289281767302189,-1.01922533436586,2.59328894565744,1.02488834056318,-0.299369145814499,-0.439867031180195,0.395006690650741,5.40107194412125
-0.341649767679516,-0.571835145422286,-0.571407408202858,-1.67158011501677,0.572967764976091,-0.748876664148496,0.278113190335723,-1.50397074856458,0.126854431017511,0.392834823396836,-2.62660350489978
0.963933542515431,-0.805897245348992,-1.3266378555001,0.770555889246063,-0.273194241591896,-0.839126362357406,-1.36714331314328,-2.34411640544107,-0.825890923262983,-0.110706611292268,-3.21733445621454
0.905070001162708,-0.241243391495526,-0.602848778696189,1.72785961556156,1.26475709851656,0.731932444040294,-0.30287265691288,0.816466713333625,0.0476770601789843,-0.333091651123874,4.89671896106227
0.494866343598611,-2.08979124516566,0.111480834837066,0.368240619299351,-0.414853150176851,-1.55568360637005,1.85165037789403,-0.721377553203447,-0.250870147764148,0.65638758601362,-1.09199447632855
0.530650194557893,-2.41279869081588,0.111480834837066,-0.818334843263136,-0.615398294182163,-1.55568360637005,-0.228439070435776,-1.26098406690175,0.0275357345365073,-0.69758797667191,-3.97358594405352
-0.472252465016003,-1.5534817414071,0.26840689673156,0.898537332697665,0.371147114580026,0.0560902392215034,0.29353979008846,-0.0791421523123906,1.24456343969831,-0.662805681428018,3.56383126819507
-0.232478081543415,-0.218670919966045,1.46609033815269,-1.52478691573609,0.512560161310797,0.890547056127582,0.659830134250032,-0.234076627736875,-0.465131386240672,0.656657568119408,1.45872041421515
-0.572774007103522,-1.18049016391985,0.114613790829298,0.145507836469046,-1.3088202538502,0.0560902392215034,0.144342206778436,0.194504186384817,-1.49445891509336,0.401880093304718,-2.65320609140079
0.525962119449876,1.23875053241491,0.169031978237374,-1.27904527279962,2.05587005545562,-1.83189920218244,-0.543005320067999,1.14720874555363,0.187647442312055,-0.100251626205253,2.8079608748878
0.369591701565915,0.497151506277535,-0.486042633237694,1.00695049103095,-1.5962058576886,-1.04137032924564,0.440388247556457,0.839244984876316,-0.534286805047038,0.614309429386487,2.75738402688455
-0.202803449810278,0.291681468327407,-0.855477159300804,0.0289281767302189,0.809031831479657,-0.865235516569516,1.89741291002379,-0.197120259522434,0.986009858007961,-1.39798269083771,0.691462624573528
0.560111040014671,-2.49123025508079,-1.3266378555001,-0.895240498529352,1.22021594364271,-1.06104555583947,0.634417286791616,-0.25816276763191,1.15807387551718,-0.0487566629415852,-3.63604115896325
0.732766454077335,-1.72715344448494,0.046306906855487,-0.682502601255036,-0.400156789593582,-0.244154057151042,0.0871422783402751,0.960211429035608,0.499717123667897,0.167449703589419,-1.41483426606111
0.398794082158416,0.174783385642603,-1.89498788693569,-0.489294286898728,1.47332814246318,-0.546685049740142,-0.104558066362358,-0.210080981479839,-0.326510169051432,0.830414027443856,0.0283013912844835
-0.322630953572636,0.674265987213114,0.4485136895794,-1.60938779523654,1.14796188739992,-0.712439888258921,0.634417286791616,-1.24195764313909,0.822371180812357,-0.124399244300441,-1.25356600370136
-0.323463257736763,-0.874200443994231,-0.0787146781385463,-1.00692455377825,-0.370954143372207,2.05925816954649,0.131445959953169,-2.42899579462522,0.908081181655057,1.43042842008333,1.74953751848796
0.0872021867230358,0.220642426551948,-0.603001322729024,0.0289281767302189,0.103911912468948,-0.845316216882977,0.558400663451286,1.26267733530222,0.256704844457233,1.79910244638909,3.30465019374396
2.15062120187849,1.72862955074392,2.2319041975482,-1.00692455377825,-1.0609779762501,-1.5174543008365,1.19603920708748,0.593385769241775,-2.3657820524647,1.18577986341847,-0.479193259708431
0.439567001087744,-0.138256068261771,-0.952365298372418,-0.588352899472371,-0.915118199806622,1.05828875895572,0.0476690129200516,0.241380247406419,0.862781134971797,-1.94079469521524,-0.806879559298337
0.643197775177609,-1.0061046877855,0.765930182228964,-0.45439197823734,-0.371461167578114,-0.169364134520898,0.758120944688947,1.04637339407524,0.240544664217608,1.26364968912802,4.90442907813076
1.3218240862757,-1.3293704383791,0.111480834837066,0.909713082372273,1.26475709851656,0.109844306662308,1.39850316523975,-0.141629239373968,-0.132285778964956,-1.89740479789924,2.47781563466854
-0.901116441452875,-1.81582961203831,-0.107021447431962,-0.915868993317176,0.742956955792024,-1.55568360637005,0.278113190335723,0.113937256285575,-0.725727735082207,-0.0837394136853784,-5.00142812288085
1.78790681130129,-1.30290253778026,0.111480834837066,0.346300867953959,0.869600552754786,1.60312669874344,-1.10289355813759,-0.788027161185177,-0.497531668689699,-1.95791945098968,0.512764101220985
0.643197775177609,-1.16678162490011,0.111480834837066,0.521245595856898,0.556575606852863,-2.41780565052549,-0.494507168126646,1.18078443199271,-0.115065439988463,-2.91639101137983,-2.28562171759869
0.678632472631034,-0.0305917116081183,1.07207716084265,0.842245421631717,-0.239827102323771,-0.949767612651264,-0.616750330702711,-1.05469889070413,1.01956904684652,-0.266997973891025,3.90162434460344
-1.15343188945638,1.15833307122271,0.992863305202217,-1.52749181639447,0.453990377079487,-0.173049973369585,0.634417286791616,-1.24195764313909,-0.469312130329604,-0.439300470859261,-4.47418733440204
0.515109934404667,-0.645826451565313,-0.109880809929381,-0.833529759598043,2.05587005545562,-1.63426169163246,0.278113190335723,-0.604978220836708,0.0579590268601247,-0.746643154435367,-1.64379601997018
0.695108046243469,1.78219617579416,1.07416796517628,0.145507836469046,-0.602032504437569,-0.440719129279895,-1.03296461543974,1.11524452742832,-0.64150827675045,1.1801904127611,4.39528346156852
-0.00627779874113054,0.885061047687176,1.50704823874307,1.14233061019185,1.40651009654632,0.428595967179282,-0.213076583116818,-0.167261054223862,-0.0137325191222484,-0.491574332146424,6.53326921539635
0.693475945957761,1.78219617579416,1.07416796517628,0.28618434434905,0.347109108282246,0.578910823970845,-0.971470832978546,-0.992702701609503,-0.00397645672758683,-0.661859731627475,2.2542407879256
1.29065043195845,0.0782294310610986,0.765930182228964,-0.185440792747989,-1.41492296434689,1.34972487527196,0.0935731240754894,0.744966409147095,1.0488520824458,2.49355668097053,7.78765844618468
0.142629483112362,-0.40140995363354,-0.593791567201989,-0.682502601255036,-0.540198634052499,0.200419142793425,-1.31417231705992,1.11080620551565,0.886675288696285,-2.79831675372858,-2.41571643266573
0.0374834157537383,0.826715433993028,-0.133279775629754,-1.05157829370616,0.438558823277455,-0.0697564298963605,-0.228439070435776,-0.46811660095262,0.138444341042593,-1.02326823330672,-2.18305793989512
-1.38386858402198,1.02877529935022,0.953104071683443,0.804914532775839,-0.868373090599465,-1.67776179519803,2.50751314409951,-1.0181986306423,-0.438643277510549,-1.79387656416955,0.601021139970329
0.107009610225028,-0.151053422206611,0.507099358987084,0.842245421631717,-1.35781965857196,-0.845316216882977,0.0328765849838136,-0.238987820681828,0.497307861006358,1.05521930702699,2.54565329129862
1.66893607727348,-0.0268306162083288,-1.3266378555001,-0.749768306654928,0.854696753214053,-0.0566055761796668,-0.982064914285192,-1.49408415199688,-0.442857196667712,-0.766374310269508,-3.88751864028227
-1.03067865935915,0.73172450083123,-0.492318607434378,0.175274241630762,1.5475446158722,0.487862069624285,0.31544715227335,-0.234076627736875,-0.20098924042234,1.43042842008333,5.23995653531232
-0.202803449810278,0.291681468327407,-0.855477159300804,0.0289281767302189,0.809031831479657,-0.865235516569516,1.89741291002379,-1.34709385636829,-2.1446000289129,0.551014562388615,1.03382377721275
-0.348319041197177,-1.43727964986126,-2.24818223101564,-0.895240498529352,1.47332814246318,-1.55568360637005,0.634417286791616,1.19701678702233,0.490639656070283,0.0881814288903259,-0.64248988698511
-0.243934259920415,-0.218670919966045,0.107287462535289,0.0835039898611175,-0.166531391230451,0.752998081226929,-0.0757787724519671,0.678937684667879,-0.569745949520485,1.26364968912802,2.90584177777923
1.48522964211775,-0.273543045716388,0.111480834837066,0.909713082372273,0.462991219215499,0.136705815969063,-1.31880389738577,-0.539337405790405,-0.616708385795335,1.37299037858263,2.00512670835019
0.732766454077335,0.518792755135376,0.801293190524726,2.25698609939581,0.888328201570619,0.162379070038728,-2.06936733288383,-0.411014238399651,0.169656084800871,-1.63035294679708,2.90584177777923
0.368950378923038,-0.758506469941187,-0.759548690737746,-0.475940129839488,-0.263698647657573,-1.1394345026878,0.439520060143324,0.920201871209062,0.13419366522815,0.162895057484091,0.429398536746548
0.168429835632184,-1.3198826681326,-0.376412179363565,-0.833529759598043,-0.510316932668962,-0.434299835721206,-0.160355975646883,0.969121267469249,-0.318518549580622,0.101492755528176,-1.35141729965897
-1.96553190773881,-0.322491855027344,0.179191097074907,0.0517402662434476,1.19767954956722,-1.51362565174006,0.278113190335723,0.218994400859868,-0.174251451009828,-0.310305580351862,1.18229489587283
-0.046620480055835,0.182516855832615,1.05804651887068,-0.446103274385872,0.95165869594279,-0.353047485313884,0.0305147064826479,-0.992702701609503,-0.570700168154976,-0.424026014850488,-1.51819341707744
-0.151179447371551,0.802472226060216,-0.516428036276293,-0.896656871734383,-1.61072479796386,-0.527908484623832,1.74568601885499,0.56296725872214,-1.60044160832371,-1.58899551911874,-3.33865956162918
-0.323463257736763,-0.874200443994231,-0.733921604660947,0.586473744038886,0.357080656307208,-1.51362565174006,1.40123037713166,0.265148198728021,0.533560046973463,-0.659181024404729,0.550727508433851
0.500052754481341,0.614210576348744,-0.176826536196301,-0.818334843263136,-0.428303141587186,1.23468116533472,-0.547842764036807,0.448649731900151,0.238384733836477,-0.658492025762433,1.05201734834305
-0.351247886823917,-1.47678385907234,-0.327617194803706,-0.663117257173215,-1.2245464735233,-1.06104555583947,0.884787373909161,-0.0487943034678493,3.39053900846034,0.76989144914394,3.0148707489855
1.02236331082833,0.23649775370161,-1.57707085989464,-0.883816850238707,0.960743711617241,0.33039600801948,0.123344574076173,1.33462770679667,-1.51311584296945,0.934843256258871,3.99272868677318
-0.914079475075156,0.423171943445839,-0.0659798435478356,0.554443542160003,-0.376121173795861,-0.869431437590749,0.0218228623904228,0.399046205981574,-0.115065439988463,-0.942486562100694,-1.22464782417846
0.959083428268202,-0.888254379900852,0.111480834837066,0.22485249251075,1.03082845842422,-0.949703361501377,-0.465044739429787,-1.44963590533056,0.170798229205077,-0.924577928836677,1.5172481402035
0.777161177064217,1.28963533458712,1.27731282617166,-0.915868993317176,0.160179919017801,-0.425175765287986,-0.0880259627091563,-1.58847604365485,1.65695504568611,0.947155698213826,5.01706335170191
-0.76565319546466,0.442937343114704,-1.08249703165038,-1.67158011501677,0.276716657572911,-1.72777249609505,0.634417286791616,-0.337747901734163,-0.0826503400497146,-0.519726019679203,-1.87770761739923
0.705159244350564,-0.502532519837938,-0.602848778696189,1.57036756009948,-0.370954143372207,0.731091659471447,-0.86972267106412,0.553644825300896,-0.0202918674957108,-1.03285251677047,1.48051074823304
0.459744099565142,-0.618386949067891,-0.759548690737746,-0.706615442602665,1.07318659992139,0.364407204200862,-0.465044739429787,-0.838988833465729,-0.123577018305275,-1.39800353479805,-3.56022795186502
0.326909305527537,-0.827947877797599,-0.109880809929381,-0.0831560583872804,-0.222757279169583,-0.169948097014954,-0.508517256509472,0.0558624818655716,0.915441150463637,0.281025596271664,0.664353766088641
1.80533820754219,1.1368197806903,0.051204683696561,-1.60022002167759,0.307104058824765,1.04023759225384,0.129244866256773,1.14720874555363,0.19580894397128,0.233814876022719,5.00951305527807
0.729910672833145,-1.21953425177449,0.111480834837066,0.764571364941069,1.4428501335144,-2.74038369517637,0.278113190335723,0.756032146528259,0.41966185322685,0.98373212999852,7.14774914679061
-0.556102411790066,0.342832185393478,-0.417965856289764,-0.45439197823734,0.983167410377712,-0.865235516569516,1.18237000500784,-0.0276602309830829,1.11764013931898,0.599748738397486,5.63076568377073
-1.64936132068843,-0.322491855027344,0.902752618820049,-0.396517517232615,0.0279122063201232,1.02248979826888,-0.373497409600542,-0.54597511210445,0.0279918276170764,-2.79831675372858,-2.26555248843551
-1.6521934286382,-0.322491855027344,-0.886028203681102,-1.15089600525683,0.336842920261273,-1.55568360637005,-0.543005320067999,0.250595751247167,1.78707122038505,0.656657568119408,-1.01422377338443
-0.265299618735483,-0.218875920293833,0.294556043504183,0.145507836469046,0.0258443018291724,0.490216850404513,-0.166969758953497,1.3493774929109,-0.0776102390801223,-0.242420534155781,0.238526598453703
-0.837095370179615,0.335526604413843,0.884945268757247,-0.480410141033003,0.642294531241262,-0.369058436366274,0.232621493203366,-0.992702701609503,-0.0826503400497146,-0.193939814568286,4.1769186317251
-0.251674035062425,-0.849830328290084,2.92689016382587,1.50207467759821,1.27902950996476,0.678638043006423,-0.0957943639012769,-0.35472846297721,-0.278421498683881,-2.02382445950072,4.66165862789906
-2.41316287393276,1.02877529935022,-1.11796087873994,-0.0285012592475462,0.140674067706219,1.02248979826888,-1.36209220623553,-1.64801358740371,1.21605156489498,-1.75588554267301,-4.70954075369111
0.100626087901879,-1.31614889141692,-1.2605868432525,-0.588352899472371,-0.336115544580759,-1.55568360637005,0.35817110895012,-0.675482516251131,0.19580894397128,0.0682457248772153,-3.93262792336423
1.0954895987776,-0.608790346309163,0.046306906855487,-0.531842860694413,-0.48070679768478,0.827961462420147,1.03568177818502,0.0610010310194091,-0.393933177845342,-0.284028290340402,4.53339967237284
-0.151179447371551,0.802472226060216,-1.57348301507278,1.57036756009948,0.103911912468948,-2.21519905534097,-2.24072073902459,-0.418080491019018,-0.438643277510549,0.614309429386487,-1.3088738471902
1.1507414243711,1.69249060262552,-1.11827150604305,1.8812819406927,-1.05971471496993,-0.0978143731209464,-0.952040694848218,-2.06513345715992,0.240544664217608,-0.110706611292268,-0.201678890211327
0.107009610225028,-1.2398298363635,-0.602848778696189,1.00695049103095,1.11802517156562,0.130333066946291,0.930260074068755,1.08194693631259,-0.181919859836092,3.1594010367506,6.36753036410271
0.494866343598611,0.864657694329301,0.0968067884889946,0.293588451391755,-0.226913236699559,-1.19485021194884,-1.14693500445164,-0.653559431728072,-0.809694382448479,0.802497991525627,-0.902121986368158
-1.49525989021878,1.02877529935022,0.12946947040915,-1.52478691573609,-0.930157717206459,1.21613447879231,0.26883243372695,-1.64801358740371,-0.571253120973025,1.19474378801218,-1.37097429244699
-1.51324337412099,-1.39591054669467,0.604014723622083,0.0539668524949673,1.20137732137942,-1.55568360637005,0.634417286791616,-0.578464370031687,-0.855835930792133,0.860043809820344,-1.22795568058885
1.82414941267593,-0.900151373341967,0.046306906855487,-0.488682546151974,-0.336115544580759,-0.152290227591385,0.117024729261881,0.0452770006919745,0.260736628942197,-0.969843993352118,-0.390655048533981
0.326909305527537,-2.25004953449329,0.111480834837066,-1.67158011501677,1.36990366756298,-1.06104555583947,0.634417286791616,0.283911579444874,-0.191716740423445,0.556214447238583,0.45428784863218
0.922076567349284,-0.240614206381535,-0.602848778696189,0.720751038826534,2.05587005545562,-0.511383250409324,-0.465044739429787,-0.970152853293807,-1.71509717043681,1.49901616360373,-1.99109355358699
-0.149082664022566,-1.90667601709921,0.765930182228964,-1.60938779523654,0.911157415977762,0.0560902392215034,0.634417286791616,-1.53136288037289,0.571220701559195,1.47712558114275,-0.662016123733062
0.826897490784985,-0.166000700844306,2.00414256287563,0.373089037963857,-2.56350751709329,-0.739320496669453,-1.69536035074992,-0.299962314181645,1.16091829783852,-0.270804897425866,-1.08180976622719
1.32312030207907,-1.3293704383791,-1.3266378555001,-0.466956231080892,0.960743711617241,-1.0521749678134,-0.0734676006263717,-0.769556892689747,-0.354244757178526,1.53542505813981,1.07720798790032
-0.545702894918314,0.342832185393478,-1.80159357882373,0.909713082372273,-1.52862928842206,-1.0521749678134,-1.39608917565778,-0.238987820681828,-1.80482036286893,-1.55571455234545,-7.36379041102367
-1.34077973783787,-0.322491855027344,-0.970938883770337,0.0835039898611175,0.287662755337163,-0.434299835721206,0.186556657555431,0.653344444848279,0.216343172023228,-0.297726293341831,-1.19745615026468
0.459744099565142,0.504716658463434,0.529472020730453,2.40570765102028,-1.50764753096578,2.97045827992435,-1.59091768834355,-0.796700936578526,0.306622464235013,-0.828111284753847,2.66230010395878
0.158098629975433,0.219828808933298,-0.543660639742627,0.0289281767302189,-0.372171915172377,1.82099695473685,-2.99238050166618,1.18533966390743,-0.157828874131528,0.751995284228017,-0.0189273681482602
0.142629483112362,-0.297103713157669,1.09670235202344,-0.734302235813507,0.508740730556859,1.08327886107236,-1.30545381381714,-2.42899579462522,0.368106306199005,-0.202780611255332,0.409253106467298
-0.269421462211714,-1.00967720745868,-0.107021447431962,-0.45439197823734,-0.100087799551646,0.279166358165513,-0.633191835428647,1.09156668467675,0.579323399016796,-0.100251626205253,-0.361594426022215
-0.614575362983821,0.328559010518588,0.869741754420835,-2.1610192564761,0.454056915374819,-1.44162397844692,-0.543005320067999,-0.0276602309830829,-0.760752244822696,0.656657568119408,-1.51312524577631
0.120132358145832,-1.2398298363635,1.13948323395716,-1.11974038188224,-0.797336704267775,-1.0521749678134,0.983889946408316,1.46507663897444,2.03010053796979,0.796669454326807,2.89611073989001
2.07701788115511,0.0573208248279812,0.046306906855487,-1.34480192472075,0.307104058824765,2.05750005930486,-0.455317340631833,-0.234076627736875,2.36563957478304,0.751995284228017,6.13006919635599
-0.293327292429802,-0.379870359423346,-1.94951223607035,2.20587958138369,0.461339162055525,-1.1394345026878,-1.07772150392506,2.16559145364413,-0.142845154971719,1.1514550426997,2.47078692513235
-0.656311008436637,-0.807871065314452,0.804282954408383,0.943519973033993,0.663581624701964,-2.46284193311011,-0.0734676006263717,1.27857716708686,-0.085809968252461,-0.476789673709801,1.84606740797321
0.978682354927034,1.9977606250197,-0.036597488847496,1.00695049103095,-1.2245464735233,-0.735845224718186,-0.456753376823538,-0.773051001555074,1.15896304068516,0.614309429386487,2.94308417015512
-1.33963890657229,-1.39591054669467,-0.177872853652457,1.95774118238822,-0.19471280895271,-1.55568360637005,0.958251384661231,0.612149638908512,-0.384202851349892,-0.399194777437528,-2.49994115037496
0.384260906492298,0.590661215767598,1.36634909394871,-0.270299183531628,-1.67387677144346,0.747814154730442,-2.99238050166618,1.24346816432807,0.522543587280383,0.751995284228017,1.28226764780634
0.152787785182711,-0.932725932776178,-0.541974506662335,-0.682502601255036,1.2441453418643,-1.0521749678134,0.278113190335723,-1.09400380645215,1.85727417166885,-0.589743538806855,-1.69722555964282
0.312072611705958,-0.167958111725919,-0.874028693757658,0.909713082372273,-1.32640592338143,0.950825129662905,-0.957504740510642,-0.53743490980926,-0.164327163961223,-0.89289901820135,-0.944004654195915
0.711761221207245,0.106285210651722,0.0107043020809868,1.75715675227559,-1.3187621749674,-0.286752407054112,-0.952040694848218,-0.751870323158446,-1.60044160832371,0.551014562388615,-0.251643535329803
2.1998433724666,-0.181675774668892,0.111480834837066,-0.895240498529352,-0.136107528216741,-2.18648752421714,0.659830134250032,1.08219253224491,-1.60044160832371,0.0790182612498195,-2.69125679961291
-1.50742487254711,1.02877529935022,-2.07633673792923,0.521245595856898,-0.372171915172377,-0.575223704982569,1.45683095569808,0.870976390252723,-0.363480895601377,-0.266773607006641,-2.72294392515016
0.120640865729848,-0.710233897724999,1.1377371083514,1.95774118238822,1.40651009654632,-0.932521480428388,0.376567280177877,-1.59819430266721,1.78707122038505,0.984750759147319,6.04279618773727
0.312072611705958,1.5951835245787,0.762627306558544,0.175274241630762,-0.997355339316904,0.409774154339469,0.0328765849838136,0.408856501286364,1.76958229785031,1.00576077151806,6.85657443468504
1.01186404561454,-0.278087834473133,-0.376412179363565,-0.051816475898189,1.78796710879815,0.277506181544407,-0.465044739429787,-1.12675322813967,0.0939300455071471,1.87132605416733,3.08727113816996
0.312072611705958,2.71301889265687,-0.784572830938453,0.276361769031615,0.820355065553003,-0.18380379979763,-0.942282342354192,-1.24195764313909,1.57082111849348,0.500442603019981,4.35852597505512
-1.04059159824607,0.73172450083123,1.0924384983002,1.67045313012708,-1.65048274687141,1.5738212860214,-1.59091768834355,-1.49920923154684,1.26028374984602,0.64054728194621,1.96283548134009
-0.380736389068644,1.45491838125503,0.553569460835278,-1.17397642554796,1.61352804543706,1.43375498021107,0.0305147064826479,1.14720874555363,-0.649234343597606,-0.419307364915834,3.0920566036552
0.37540707549465,-0.902901104198327,1.13948323395716,-1.15089600525683,-0.450229641273605,-0.740535674962991,-0.228439070435776,-0.694053933881316,0.670200726129387,-2.02382445950072,-1.18115401055249
1.66893607727348,-0.0268306162083288,0.111480834837066,1.72785961556156,1.06661222571658,0.111854463159418,0.247431083261312,0.938507043240136,0.53533318290733,-1.92981651022702,7.03370420600753
-2.00936764881622,1.02877529935022,-0.556426156133804,-0.259568728075796,1.22742073710241,-0.546685049740142,2.02029096848873,-1.24195764313909,-1.09254872811466,1.21346051241824,0.420020437870696
0.168429835632184,-0.86322537355498,2.2319041975482,0.50769607883505,0.637549958623574,1.21648790254421,-1.32049014450221,-0.788027161185177,-0.953122425241464,-0.29593525071524,1.05201734834305
0.365737547875362,0.497151506277535,-0.486042633237694,-0.709654262357152,1.53136479597867,0.690283027035038,-0.228439070435776,1.14720874555363,0.302288131081488,0.751995284228017,3.76671090796225
0.0872021867230358,-1.35299794402006,-1.2605868432525,-0.051816475898189,-0.156183684072767,1.85190076879074,1.25244902166196,1.11184551289959,1.0718639687427,-0.041269437713575,2.44078046800266
-0.155061670689692,1.62084221688973,0.132139969001101,0.0835039898611175,-1.16817253372595,0.491690013635306,-0.585107875278079,0.477753907427813,-1.2325698558955,1.47156790518046,2.17027106477051
0.120132358145832,-1.2398298363635,1.13948323395716,-0.734302235813507,-0.90869596753868,0.771438993542717,-0.166969758953497,0.141171044687967,-0.581120408253021,0.262417212908738,-0.630173431220667
2.06726264920937,1.8154713144834,1.07207716084265,-0.682502601255036,0.897348475606433,0.702670164921372,0.268450678124477,1.14720874555363,1.7876125393128,-1.67187188983164,8.76582707031906
1.30779460578519,1.28275131591321,0.114613790829298,-1.13586138284082,0.0609688726248171,0.0129410380486847,1.40123037713166,-0.651983725591873,0.709724578943258,0.207052325038799,6.8191789535019
1.1507414243711,-0.252195984769658,-0.376412179363565,-0.588352899472371,-0.273194241591896,-0.73921603162897,1.16875722365185,-1.36946088018808,-0.393933177845342,0.852584212915396,1.11149502256155
1.38029955501684,0.732237874801539,-1.57707085989464,-0.131553319527451,0.854696753214053,1.16693029729628,0.762911383010609,-1.24195764313909,0.05893447504218,0.658830622644742,5.23995653531232
-0.76565319546466,0.442937343114704,-1.2748475998898,0.586473744038886,0.0675730662183287,0.950825129662905,2.15184593268728,-1.50397074856458,0.353883532449346,-0.664414184772418,3.56383126819507
-0.322629656658844,-0.874200443994231,-0.733921604660947,-0.0831560583872804,1.37577259517982,-0.448280520656614,0.659830134250032,-2.04471124694642,-0.393933177845342,0.0790182612498195,-1.39933097134167
-1.23058688885623,1.02877529935022,0.159999799785092,-0.259568728075796,-0.125642764189247,-1.29838884266477,0.35817110895012,-0.982903189859559,0.407543082364795,-0.129692451672381,-1.27580026646498
0.439392953099001,-0.138256068261771,1.01293610798376,-1.39170190215099,-1.0609779762501,-1.45366103215442,0.232621493203366,-0.49390764663082,1.09275893902293,0.815954692699808,-2.69125679961291
-0.0109130494124473,-1.02021638740844,-0.6241089738707,-0.123322162608553,-0.615398294182163,-0.244154057151042,-0.739054423989972,-1.30523452138715,-0.393933177845342,-1.23783448513102,-6.60760300990669
1.2526218638097,-0.165344641968937,0.765930182228964,-0.0831560583872804,-0.661333794965897,-0.66780706108242,-0.918900415422334,-0.353803287127363,-0.157828874131528,-0.92250490197781,1.66633572011783
0.0367784691145465,-0.233550656474431,0.507099358987084,0.145507836469046,1.20390402372047,1.08327886107236,1.85165037789403,1.33462770679667,0.17679809012977,0.417720064826767,6.38489467505297
0.928608354151784,0.680180330146036,-0.756248993395486,-1.60022002167759,0.307104058824765,-0.55999943186747,-0.104558066362358,-0.604978220836708,-0.581120408253021,-1.40853448698266,-3.44211667925411
0.107009610225028,-0.115923911701104,-0.0362386333063772,-0.572947256387489,-1.06935846158073,-1.13800891244538,2.56187199634833,-0.0140019490617683,-0.275370920939875,-0.20008481457454,-0.361594426022215
-1.04059159824607,1.16863558625184,0.572598722078585,-1.52478691573609,1.20390402372047,-1.15303861703831,0.634417286791616,-0.234076627736875,0.780857551486098,-1.67187188983164,-0.455084847965969
-0.225210415058502,-0.218670919966045,0.757294205912504,-1.8447557667457,1.4428501335144,0.504378974124102,0.634417286791616,-0.234076627736875,1.34475661560721,-0.419307364915834,1.82256086855804
1.48779846223196,-0.532997840321381,0.046306906855487,-1.61696298583275,-0.136107528216741,0.798360358419732,0.594135554800177,0.302518828906358,0.299283020602125,-1.76233777876325,1.12001771992
0.795293141207022,0.418226334785505,-0.375883914153165,-0.475940129839488,-0.79194010934556,-0.255371027425142,1.36886654174681,-0.769556892689747,0.238384733836477,-1.15144352349138,0.883832000955878
