"X1","X2","X3","X4","X5","X6","X7","X8","X9","X10","y"
0.66773878355598,1.25558476050306,-0.258355903220497,-0.303912193038251,-0.484449268679959,0.0945261913628363,-0.723035728213159,-0.476516706875588,1.00681993654111,-0.512817992421609,2.75601555960654
-0.4961075557499,1.01591878310641,-1.09258209291866,1.15392998443071,-0.167580985633859,1.44719008133341,-0.92104191456995,-0.291478247623077,-0.279260821284075,-0.0892160644798279,0.369042274676336
-1.03948657282241,-1.38360246641449,0.0838940079595703,-2.41071748824572,-2.06949200218292,0.552072567002426,0.135856758182943,-0.249656123809704,-0.277793254442559,-1.26824126822756,-9.39361111784923
-0.563562636119841,0.749941510493302,-0.672917570895718,0.548062461097095,1.05124804421474,0.418322267859924,1.3265001609643,0.732173142990899,0.845441413545849,-0.263084366105629,6.29842766680468
-0.408366879921753,1.05060369007027,0.3002926344601,-0.879662785227016,-1.10402660914833,1.21691088041227,-0.816245081441327,-0.05859852925955,0.0990526509074453,-2.18006274639645,-1.98286737433045
1.51702821583313,1.2265705108817,0.435883872885258,-0.550864409347003,0.382768203689034,0.876126471603923,0.680323707129943,-0.286393086441071,0.715329770835225,0.847279286571294,8.85355084723567
0.176434713688259,0.802068947745193,-0.154330474750777,-0.0662618434764233,-0.845854314954927,-1.18830433588592,0.810348547639127,-1.00944396032223,0.548793261618391,0.622816825861668,1.32259278923067
-0.88363441706669,0.991098023952748,0.469249871479302,0.44350032571777,-1.15414936236135,-1.22714360965522,-0.741180798687954,-0.432310689108931,0.61891955890505,-0.664980348426009,-3.13789202821534
-0.447444747814695,-0.49364328539314,0.051772093040595,0.705014083056629,0.481000366715565,-1.22901664764522,0.0912025288609535,2.25002659183301,-0.697418635486087,0.208177646968383,1.95240951284481
-0.205103812833962,1.56074184038577,-0.186164247054898,0.666236894416992,-1.48097232738389,-0.0822955032449335,0.832267924530746,-0.0905208356911157,1.28369103707906,2.12280722956376,6.06503742980497
-1.56669706923092,-0.21423782161468,-0.584390543391926,0.181791021991739,-1.23868003480295,-0.90608863899816,-0.0957366051815794,-0.64379004161583,-0.623237066837673,0.129322641799382,-1.87645842131269
0.0635384148962385,0.702536735123834,1.16643429043737,0.0528832915545846,0.0261145485180716,0.395872942985403,1.12426252185566,-0.493117859012267,2.91772433965693,-0.483981677935607,7.23907471366646
-0.617915166653922,1.48787048809553,-0.0890167481811675,-0.295659660849234,-0.947215285879253,-0.417793029931975,0.377558590916966,-0.0700689824797301,0.04610324423189,-0.378122142318806,0.234593074832087
-0.132268068772941,1.28292023376994,0.233432311097325,0.884379012781813,-1.36687162448944,-0.195742819139002,-0.967514696343979,0.877559643537724,0.456370943608224,-0.276360577457191,3.19427995003905
-1.23920686676258,-1.93932877419234,0.0556694470975077,-0.914849467961031,-0.672440400695111,0.052595573112768,-1.15733563768669,1.30805328150093,0.0568456236851963,0.0303185735418414,-4.32854145545772
-0.366916149413518,-0.477127909848288,1.10502653453323,1.04018845875738,0.873927212378268,-0.265356007430025,-0.5219220100168,-1.87693872312217,-0.446282957211558,-1.34567562598854,-3.23631566658249
0.0960575431201511,-0.732896386610707,-1.6835372758659,-0.493163895459795,-1.22834114789442,0.647436828617268,1.59527283630239,-0.0700689824797301,-0.125447003652264,0.944461275766843,1.8290911450609
1.26370304550198,-0.255604193345115,2.36434701194351,0.615647712826415,-0.229147735425305,2.49708547970661,1.19605711998578,-0.0933075004909963,1.27678231652616,0.267091827535893,10.1384560818021
1.4040480703887,0.994863012570718,2.11065976401483,1.92440449875816,2.10109839801167,-0.14492069841455,0.166033815904571,0.571354020705228,0.97622852258426,1.54272760017366,14.4882830634292
1.2209673993061,0.207560852560973,-1.70732964986491,0.767106124309667,0.536745126995459,0.568540932415864,-0.340731082905671,-0.0533856456441855,0.542843461306088,0.440390469426782,5.425174593155
0.0960575431201511,-0.732896386610707,-1.6835372758659,-0.493163895459795,-0.0209353928348214,-1.68079146447636,-0.141005460808868,-0.416710238043388,-0.24688578216486,1.3107743621455,-0.976427193752007
-1.31153845180178,-0.34431108015053,-1.36213150988635,-1.38842044734115,-0.426607960283417,-1.02517956692432,-0.19684530640182,-0.6935704597064,0.392328188746737,-0.134312286916507,-4.10387106995366
-0.661460708488901,0.492081198573055,-0.599309837248047,-0.940456047299405,-0.65419872884547,0.401753259552997,0.315179952570247,-0.685255880695148,-0.346694934859657,-1.10169798873876,-3.73469959838234
-0.518692516975136,-0.590679068268955,-2.05754805476528,-2.38293576587198,-1.9515470886368,-2.2439974490747,-2.78080312149257,-0.00943900826724179,-1.74852255987605,-2.07734332953059,-15.0629367495983
-0.380936861322836,2.0776534203796,-0.137821084620229,0.0762823203871533,-0.162493364350218,0.947102650123792,-0.54706236446964,0.00705766442823333,1.58717778937021,-0.483981677935607,3.89406923631995
0.258657773100935,0.818005538767657,-0.137537186778043,-1.59251549380248,0.715614931364148,-0.541595971752227,0.870856984879977,-1.42379211643089,-0.391046988592952,-1.64993199142514,-2.8160966824292
0.724681976956672,0.797007514195073,-0.254085658311566,1.39534726752038,0.09137817824128,-0.764454896390946,0.00584332296394992,0.789970561256872,-0.747276225449776,-0.124361314889444,1.37095989442302
-0.420954201210184,0.303162711206038,-0.748637854664705,0.351575587446523,0.640790634869302,-0.50717773197324,0.399830072458848,1.06454931169883,1.04845215096689,0.237042272985876,3.59495035837699
0.234538826146291,-0.480219984556463,-1.62769145772003,-0.122000944141291,0.2266105271837,-0.309548709612496,-0.791192408333373,-1.25793820915752,-0.851954375731749,-1.15970536293773,-5.30909490262614
1.10869015471172,1.19577688802353,-0.19054556273557,0.67479916321671,1.67672294591911,1.38492965488513,2.06345975559523,0.451770337753149,0.00790293228127932,-0.440297044927318,9.0278297834693
2.07933300074257,0.361749419081406,-0.0110177401766914,-0.05048740832323,0.518483561997968,-0.0679536128579451,-0.667246027627642,2.09103218191096,1.35779828573567,1.70572759475273,7.38147540937203
-1.04960000722438,-0.240534864308898,0.744854043397688,0.0574653078753481,-0.51461281989667,1.90063770890502,1.0086252924018,0.824128783858396,-0.286376113174607,0.364644844799207,4.56630077113868
1.71475502634845,-0.762330665176408,0.713592514397341,-0.108064444827623,0.108775219271203,1.10263769514633,-0.92104191456995,0.127235019127121,-0.141147454781719,1.77402208601131,6.89867412108317
0.881910571594044,-1.3236791040004,0.96966142459498,1.13159963157049,0.415463159956106,0.530533748698032,1.05593022481068,-1.03356819916292,-0.826230520988242,0.0965172311317868,4.1006748624777
0.817989486603046,1.21584029205869,-1.06533378948876,1.13159963157049,0.455334047825879,1.36794130929654,0.520329314141667,-0.141244188696822,-0.683065841266954,0.162221913452146,2.18900435828544
1.26370304550198,0.493045397211998,1.02232891434274,1.16524732589784,0.893933411632306,0.492728811476783,-0.0736177714525593,-0.140990222728252,0.260636629666632,0.570606795446913,5.49604781343398
-0.465494227480737,-0.148100337435994,1.30681333559048,1.73008785664046,-0.249717678807991,0.384440165611784,1.05593022481068,0.66345814584345,-0.0671903855406564,0.364644844799207,2.53369635616095
-0.152855161009542,-0.197765718142367,0.397545931314262,-0.35153565793482,-0.765667150196372,1.09980796443355,-1.10406182918658,-1.00637986557084,1.40008189843484,1.04454397918668,0.837061340159903
0.953768321727988,1.73928001695949,0.217683301320069,1.42438361724793,1.43179913177454,-0.960437263841634,-2.00529080186149,1.03927608949839,-0.141147454781719,0.511741712818226,3.88973807152055
-0.749658305811853,-0.160451441727639,-0.693754003712726,-2.27172107090842,-0.193925482414374,-0.932820097577622,-0.0957366051815794,0.777000603106293,1.14589946845623,-0.860327260231274,-1.76587102027374
1.48067858990265,-0.192361929627987,-1.67142092227899,0.557269799028152,0.104752326746509,-0.595127088195606,0.832267924530746,0.0427415007084984,0.30356792830349,-0.0892160644798279,0.739912936911431
1.13382067839773,-1.01095064559063,-0.794094221418394,-0.0670294194633104,-0.166977686087007,0.333182244902046,1.75778990655312,-1.05312546857732,1.04845215096689,-0.156065006189327,5.00461474521049
-0.265578464100015,-0.562208489471701,0.622789216520805,0.86550201170065,-1.54431744027907,-1.46821589376037,0.467510100810953,-1.21699798828385,-0.35392843472057,-1.92563481248025,-4.52088029679566
0.250581641525104,-0.265281254965501,1.14929310191636,0.373510917563131,0.0388645770988946,-1.05415566295553,-0.0742977055291241,0.441400059026927,1.22558234793123,0.603124015107357,3.56336704422312
0.995684450312532,-0.473421302039037,1.55783642831951,0.131476330364806,-0.172965087389306,0.393042767396357,0.347029730169582,0.582367178878693,0.219046566406684,-0.245874378638855,6.71506315007064
0.0727103759268748,-0.849480913461249,-0.298321698108892,-1.32339389304084,-1.22834114789442,-0.90425871348261,-0.465214344654211,-0.688671928774135,0.155882154594889,0.273916799408027,-5.4225908491901
-1.30883015227524,-0.34431108015053,-0.197512452489841,-0.267417351632713,-1.23868003480295,-1.53750889295476,-0.739342390971807,-0.562919621871738,-0.254557320969183,-1.18586570509684,-7.07667556589774
-0.622356290362024,-1.22426050653168,0.535846065875677,-0.184471257550163,0.115979257824546,0.181392059601868,-0.215140595795064,-1.43750832065775,-1.08529910988424,-0.717438701089814,-4.62731405428278
0.53039362444196,-2.0140691047332,0.237585665470843,-0.283633477223791,0.2266105271837,-0.392942742736248,-0.255224530104465,0.65933237160112,0.803618379405193,-1.06602550970177,-0.261767473314035
0.383179599342454,-0.666132440349452,-0.443725096492301,-0.00157375143571727,0.147394237923047,-0.0377865373938489,0.993679180985356,0.330079126209544,0.587235871153475,0.819747434042307,2.60308669366841
-1.08535201218873,0.0483745844745016,-0.883786789940024,-0.416756296951379,-0.246596158450339,0.0269617860463764,-2.37850309507169,0.229204020375745,-1.33864141751564,-1.34609301964253,-7.04466679989971
-0.278409203090078,0.891685182986794,-0.107840074116615,1.04018845875738,-0.747303700251752,-0.0872456884101687,-0.952205455288575,1.06454931169883,-0.947895711781735,0.603124015107357,2.34993998125248
0.649420095641559,1.78336175900946,0.296238040394824,0.760772775779152,-0.291891080884753,-0.141961371285593,-0.432018473982363,0.438856631541239,0.970775797313797,-0.546074572016915,2.78018994396638
-1.30883015227524,-0.34431108015053,1.11252780045978,-1.32524056259946,1.01360849937136,-0.995755149319066,-1.79676001650241,-0.500654631852986,0.386137691812331,-0.776793602487636,-1.61125185542365
0.243247488124455,-1.35574569237459,-0.662492543904777,-0.986077103400695,-1.15785648444392,-0.614038100405107,-0.250321811228284,-1.30363685111863,-0.880687607181863,-0.476645857587252,-6.36569603982783
-0.0746331210397141,0.0461874533907641,1.14929310191636,-0.829187611206677,-0.0632755190726967,1.08611873802096,0.890916947800533,0.101687074929808,-0.387805220916054,-0.506770416155452,2.97514862331697
-1.25145895541924,1.53769651855969,-0.0652986244604996,-0.594894078495711,-0.513569447803109,0.482338558023235,-1.10126193073136,-0.776752505674384,-1.12054485681027,-0.215743318860439,-3.61529666131186
-0.230718382460274,-0.522574064103807,0.470481237707372,0.0725017913374181,0.640790634869302,-1.13177157568619,0.801299501848339,1.12865999598143,0.58981864497114,0.552998463691393,5.40273934532972
0.0300023769240168,0.322020767328794,-0.655893937560403,1.35206577309915,0.0183962889324602,0.884516068945682,-1.79695842559461,0.564118147838417,-0.446282957211558,-1.28139627863299,-0.898215638255795
1.51492075578825,2.27425080220362,1.44601388612006,-0.420988395318532,1.29468814833273,2.21764161852781,1.61131743608107,0.88336430859953,0.720982683446067,0.731354037020115,14.2131219386327
-1.74228153360398,-0.848275839453973,-1.86600349402901,-0.0931122888526158,-0.459469083677565,-0.760360026258923,0.289035291037927,-0.161248378355424,-0.458505887490539,-0.503031024699145,-3.99882946055758
-0.425742570340862,-1.78439813166181,-0.746183436803053,-1.97727128279711,-0.203700622207323,-1.25859788469085,-0.535284857598935,-0.41988728110541,0.527612349259647,-0.476645857587252,-6.77063597194684
1.55417988746893,-0.146325271076468,0.778760117148093,0.678601837413028,0.518483561997968,0.0349174581802402,-0.911421978475208,-0.0533856456441855,-0.141147454781719,0.432425215150588,3.59495035837699
-0.565423714776647,0.0255415061083827,-0.542022641300754,0.440136038889083,-0.369525308565661,0.50750249412081,1.25468068825149,-2.06403280691587,-1.98856100985822,-0.135352474251773,-1.98286737433045
-0.76134209672194,-1.66104175204537,-1.36702368260765,-0.254161217083929,-0.193925482414374,-0.836662206926523,0.828246475078065,-0.283350878038748,-0.3957748380756,-0.134312286916507,-4.62731405428278
0.26698730633156,-0.785477474627389,-0.275207490053377,-0.36842546522095,0.354135366922237,0.546446140628913,-0.584990890775491,-0.88980719060793,0.548793261618391,0.291915536078226,1.01230388779293
-2.03047282540225,-0.0738618797281629,0.386817891483556,-0.9877522942003,0.476642766510447,-1.99784008600496,0.315179952570247,-0.455051201733381,0.771257654292027,-0.14497430207093,-1.25191566891092
-0.399611226342895,-1.69173922708348,-1.89381405755467,-0.842413260026077,0.191836527877688,-1.59200779809451,-1.21059154432768,0.656795720409479,0.659332521139307,-1.04243726087443,-6.27701102468089
0.160931443914401,0.430424432581704,-0.825250097857011,-0.354260623645208,-0.347705261001952,-0.042188282038457,0.832267924530746,-0.393275542566313,1.00355750502097,0.837654981134132,2.1432346253439
1.59404747221103,0.115717400217612,0.933995903302583,0.20057577350385,1.8098991173024,0.764799649004226,1.24019947804047,1.94640910770026,0.846177168978825,1.02253208565608,11.7623290407789
1.52693522367933,-0.441415999288824,-0.653921980880594,-0.619352401605503,-0.628716200129267,0.587818437707348,-0.876982085945475,0.269835713804633,-1.48243104350306,1.0979275015805,0.0905192192006586
1.57613753516448,-0.413923021175563,0.998023128391737,-0.348933282980802,0.398215283828171,0.0827119503515081,-1.11433127868711,-0.649289422590021,-0.436462913653232,-1.80249292484904,-2.2644630051801
0.120643008229091,-0.557310593009321,-0.744271066214265,1.11124556953707,-0.454349720382945,0.16142404137268,0.194150420930322,1.8491393615767,-0.287575605030214,-0.194122419079339,2.17724249766792
1.22695373086138,0.995353744094456,1.63590161131042,-0.0607667375022214,-0.0711946317012211,0.459619196787635,-0.769730926197286,-1.23524786072303,0.558281062802852,1.406038108875,3.9893915678952
-0.359675996998765,-0.632000483852915,-0.000558025091061118,-2.01075087104698,0.609363493600895,-1.82288664467878,-1.0176199439675,-0.6935704597064,-0.575320670764165,-1.17355371969105,-7.67011450032085
-1.22252194005671,-0.851192678279832,-0.999718063923581,-1.38842044734115,-0.672440400695111,-3.21679805802999,-1.34753625849784,-0.243946431608898,-0.901747686517185,-1.49706815140233,-11.7808918830455
-1.52273326759002,-1.25565229141338,-0.207916596765817,-0.593337028886111,0.785709908044195,-0.90425871348261,1.0601422599587,-0.184806758677718,-0.243872399700243,0.324106215080972,1.82375878504001
0.289210632724898,-0.914330114393165,-0.12234266579507,1.2388901094711,0.41435293838544,0.271742066803681,1.48335177363282,0.914170640530754,0.602842043455099,-0.0266242258134833,3.34310042475666
2.14509816286117,-0.144689719861666,0.443065652807116,-0.0296416436267223,-0.66728908596014,1.53027307344013,-1.07804529895585,-0.313093536309649,1.01057060004927,-0.0364897556439402,2.95023233782272
0.430446954949653,3.40772030868759,1.44601388612006,-0.420988395318532,1.78966501801676,0.661731585673895,0.687676757268456,0.728076162277182,0.101081927768094,-0.0108331100837995,10.4594905534542
-0.293208772512324,0.440724688898563,0.366175984610339,-0.722286546190583,1.67561774292006,0.482338558023235,0.263087226585762,-0.481790741683572,-0.163355941494629,-0.0454684818317155,1.65215052662985
1.26370304550198,0.112664540147518,1.04837007858501,-0.0296416436267223,0.891063536575253,1.47587161562899,-0.502761048609857,1.48367017436625,-0.805349755138518,0.475369333158575,4.87848463541115
0.45752308059819,-0.183018746016874,0.212166587091043,1.5450009998391,0.561387602114487,-1.40702938386452,-0.728084707641082,1.65699370012879,0.558281062802852,0.194241493806804,4.24676279072855
-0.273249153430311,-2.35920175918127,-2.77355803902964,-1.36014059896006,-1.02899701291829,-1.35224984861365,-2.15938060074193,-0.907367090620074,-2.1436085186492,-2.12179905610451,-14.1362733130712
-1.22859401673611,-1.14362098477558,0.0929386673517726,-0.321151910485503,0.760770313434159,-0.462882862570271,-0.952205455288575,-1.24441795733366,-0.32610758253303,-1.17355371969105,-3.85120689400318
1.33020129823168,0.197592290786601,-0.802844915610791,-1.17508715708484,-1.28037693916537,-0.0890814007219799,-0.454352023145738,-0.209843426190585,-1.52103645209511,-1.42378893909934,-5.03326286890005
0.150255649207816,0.259597976040566,-1.3103081055812,-0.441050553102517,0.509604591468086,0.479323179646199,-0.027982815914741,0.0963218525132826,1.57531609126297,-0.330722477488613,1.95248521407952
-0.571995369260813,0.317481358763222,-1.0105828794411,-0.49356948188621,-1.52636961889905,0.0269617860463764,-0.103314414964932,-1.24441795733366,-0.338337412007717,-1.33910606027287,-5.71214772177986
-0.828473567256418,-1.92742755104461,-0.621969275166119,0.50161972499187,-0.0503596178760958,0.0118670360546235,0.21224874028612,0.169447192928587,-0.997217023425698,-1.34609301964253,-3.60825041156904
-0.273143319253558,-1.47884378771329,-1.35965630956325,-1.77861896118682,-0.141095377761058,0.685189107340823,-1.47721665554948,0.0649076902664203,0.788694013160059,-1.19704078013131,-5.30909490262614
0.0409192784323653,-0.611874409466016,0.621061064271052,1.95713895446361,-0.108798819560604,0.963632680958139,-0.00267042675551449,-1.3131811252111,0.233065843971376,-0.669862221537763,0.436012850341411
-0.273249153430311,0.493392361160645,0.136031840874749,-1.49416650402472,0.776655672917595,-1.13177157568619,0.487560635888446,1.14618336652083,0.12454197211695,0.709555635511135,2.32671319906247
-0.523528725190425,-0.590679068268955,1.41619819310919,0.0194393690391756,0.256061478928237,1.10263769514633,0.501963575383941,0.590692873280893,1.57235564261034,1.15461944764879,6.69925963229647
0.872178940263585,0.934436603387851,-0.137821084620229,0.265702724321387,1.73037503373519,0.8733235402082,1.49472863872005,1.6641063615332,0.464229583373702,0.402619595806972,13.0775353089084
-0.923222542481942,-0.214229526407532,-0.279028912162003,-1.30956949022559,-1.70497971374829,-0.458254342036625,0.316269164868606,0.0767204263589586,0.386137691812331,-1.39195149956876,-5.23673337822961
-1.46692437926851,-0.409194727480475,-0.753490813731207,-1.39362979044819,-0.285127191013694,-1.44689927390652,-0.960415960245834,-0.166168078476582,-0.0626582797999667,-0.343586791245974,-6.36858945951129
-2.02166224027416,0.709286883750962,0.0215818085450531,0.922980520223281,-0.51461281989667,0.502858648868625,0.34157265515312,-0.858879817296557,-1.19977438941652,-1.53065057836548,-0.976427193752007
-0.728810466548217,-1.34461057766334,-0.944918168282153,-2.38723832107973,-0.919431228912599,-0.281495589535879,0.334813057206325,-0.617476261379191,-1.11865500333836,-0.365282567682981,-6.07100601209809
-0.147548333178634,-1.28029817369,0.525534393970443,-1.61723822973781,-2.09856536199347,-0.0494486814619855,-0.553153994954826,0.908192619188878,0.239139659237706,-0.14497430207093,-0.917485055668968
-0.433687011222291,1.11953977899507,0.231152679067965,1.73008785664046,1.07014364365792,1.57082504632526,1.19756502616875,-0.133062804451934,0.255200107397612,2.35211784045757,7.36463188812163
-0.314802241174754,1.11544092476068,1.30182314498671,1.68352071579314,1.94603935707738,0.640522070490506,1.66360353933501,1.19116529346605,1.13633490559917,0.0961444145616955,10.5152645432144
-0.518666040363744,0.0606253321945899,-0.0263846071245621,0.557269799028152,1.20700608704913,0.663272064132935,-0.0562011903444733,-0.0295730756649107,0.558281062802852,-0.935197628107411,3.13582142462314
-0.00332965922588364,1.01134810936238,0.411367104767855,1.46910781806685,-1.43607606781637,0.650689010135613,-1.96106220778564,1.65699370012879,-0.511204451045259,-1.32984585230244,-1.08159588197186
0.0727489675418129,-0.902438260967394,-1.40373046962798,-0.950779649034493,-2.09856536199347,-2.88073187995702,-2.20260333856689,-0.915931107173949,-0.256482994779275,-2.61839030142098,-12.8243452265334
0.525864507156719,-2.0140691047332,-2.80364663597929,0.351962143112358,-1.77269512826566,0.78289939687523,-2.28348555823119,1.06232029994992,0.0982529171629827,-1.16591696508991,-3.87993727285697
-0.477084425477789,-0.0851643326991629,-0.312387147464444,-0.755667198368098,0.0611711975341871,-0.366325278695555,1.75778990655312,-0.202932597225026,-0.53615430612867,-0.458069256707941,-1.25877204975171
-0.278409203090078,1.35353103982732,0.0971764279891707,-0.458078075202541,-0.0239873640723707,-0.792599027590783,0.234765680961263,1.31573047831314,1.22558234793123,-0.47341480686093,4.68865035317814
0.711607269551249,-0.803041387906476,-0.599309837248047,1.2388901094711,0.621414023469393,0.281770173532363,0.154867547076187,-0.770964910706158,-0.880950164260602,-0.455498422087555,-0.0874319241348442
-0.209264536578332,0.820193820145431,1.67658668533735,-0.337380249211238,-0.234179356933235,1.11783244811167,0.702742365717239,-0.678913487592784,-0.0784666076435497,-0.0364897556439402,2.95023233782272
-0.477084425477789,-1.66535659244207,0.977702417567378,-0.695719953531033,2.50878177340209,0.569880132599987,0.0707208543485019,0.899005859066531,0.646548836060537,0.555208802507826,4.76145970909487
-0.749658305811853,-0.160451441727639,-0.693754003712726,-0.815532102452359,0.314801338975601,0.514239173188295,1.25468068825149,-0.351714305156009,0.546920421896994,-0.905210177508359,-0.175894700666884
0.755609591375326,-0.448585152802996,0.913776547849155,0.0762823203871533,-0.170724211522112,-0.0507047181228394,-1.91422386438639,-1.47313151149325,-0.277819292594087,-0.121314112401785,-1.56866671452074
1.90526872759454,0.479946582606741,-0.180924048619471,-1.73738812136392,0.0388645770988946,0.0470861213436855,-0.24431986338085,0.542476783413783,-0.281109586297586,-0.0364897556439402,1.16950669847148
-0.294325547796783,-0.840157472034337,-2.14159814192135,0.984083670044603,0.239301620287893,-0.37343773385717,-0.827228326448133,-1.07919469447346,0.261773927330968,0.228858945428253,-2.53175371567061
1.77794153607298,0.213299865611578,0.443065652807116,-1.6004377846388,1.62659113868004,1.44719008133341,0.295170878639642,0.128931025061612,0.260636629666632,0.22612478721184,4.27022899355212
-0.0715341959112843,-1.82124719908344,-0.00138231563485707,1.41104562897904,-0.0399091987229831,0.181392059601868,0.169429196277832,1.8491393615767,-0.100149314758815,-0.0313164696493289,4.68865035317814
0.786994282997274,1.34292920665007,0.827282936880688,-0.905325772058365,1.54401275115723,0.192108722923368,-1.50611089151948,0.270911859746356,0.0982578864339142,0.103850382114178,2.29370212353512
-1.08535201218873,-1.00553552723531,-0.944918168282153,-2.32542007328297,-1.14755907957463,-1.61806772796824,-0.421362844489426,-0.934174018997064,-0.295683199284629,-1.92679587083628,-9.8054250207313
-0.699843349016706,-0.307656785308875,1.05055869421953,1.95713895446361,0.27211507275196,-0.0903693416181794,-0.492854245041424,-0.111906022642453,-2.21582270455357,-0.555175253790416,-0.750161449026346
-0.571995369260813,0.317481358763222,-0.860848271251445,-0.0715788081392984,-0.699508291147516,-0.186332960541433,0.804207196889057,-0.0700689824797301,-2.35857935309433,2.04675250435953,0.718773451928121
-0.297551566626837,-0.04190703143842,0.479123332894538,1.27019212607839,0.602627606558271,0.146317232881395,1.0728240266898,1.05144562829778,2.15541344022125,1.48258090967979,10.4594905534542
0.53039362444196,1.22592697858197,0.244954815022021,1.43860524989594,-0.110200578749334,1.28872502030409,1.26449765242863,1.65949865455777,1.47521744168561,1.39425996196946,10.5152645432144
-1.56669706923092,-0.21423782161468,1.3331309003658,0.166283589220608,0.776655672917595,-1.07515961692599,-0.418780750736837,-0.685255880695148,0.320956002048409,-1.20111418056943,-3.38234709628323
-1.46530470863694,-0.321293874544538,-1.36519133949516,0.385795519729432,-0.0211777011736132,0.0609423121194381,-0.793101182321639,0.444493940521996,-1.52428608024263,0.324106215080972,-3.61529666131186
0.953768321727988,1.73928001695949,-0.0894701641658664,-0.499273674481878,1.39537161501973,0.905549602426452,0.441103118737296,1.32932094045392,1.10039892244896,0.0961444145616955,5.79167438392829
-1.70735959769147,0.429735660921164,1.28142910174981,0.261423594365167,-0.272279453420247,-1.05415566295553,-0.742699258382476,1.61397054224661,0.725972519337537,-1.80249292484904,-1.99401173647573
1.02067467639976,0.831972480996735,1.02242625864732,-0.136562751319217,1.59436393789322,-0.885456617502213,0.146955688078788,-0.97364894808528,-0.199786939115433,0.577152439205889,1.7877502383121
0.226318798621789,0.168256313697836,-0.52726825948525,0.0725017913374181,-0.454349720382945,-1.46821589376037,-0.321092910281913,-1.40076680887215,-0.281302046391462,-1.15770538447971,-4.55118019442852
0.210723289236271,-0.252316143380173,-0.234775056205566,2.00265268728142,0.555619075763828,-1.27904114336707,0.0625267205993522,0.0987169416635284,0.275209825449564,-0.54864948353537,1.95248521407952
-0.209264536578332,-1.09337805372271,1.36127469281835,0.11361634479998,1.59969084072345,0.0321856514403372,0.263087226585762,1.15740500311314,0.363175755269448,-0.265466269533157,6.89867412108317
1.79442337235286,0.213299865611578,-1.18628476674584,1.95727289608092,-0.0711946317012211,0.160998139602439,-0.526181133104294,-1.12470903549521,-0.0956085189567919,-0.289729117214221,0.93944360204312
0.710648599827528,2.46111535387285,1.31880348418503,0.175484558610953,-0.135883644174531,0.64297612087526,1.32707031670988,0.509590409170168,0.441129818097185,1.72321172122905,13.0775353089084
0.285626821874326,-0.0486671588220017,-0.737475091789335,-0.706364476792566,-0.920628539231842,2.11328065686848,0.66395174110078,-0.341487360950952,-0.140464548754738,1.23043267568774,3.02882909756401
-0.0677088401133937,-1.21395362863282,-1.11750879539313,-0.674786885998573,-0.687071904831639,-1.02517956692432,-1.27713067612131,-1.92985203604579,-1.40853380936961,-2.61419592001549,-9.88069325973881
0.797977581747591,-0.264974778120907,1.18353511421264,1.0567689288129,0.723595536368446,-0.195742819139002,-0.253742825791818,0.134412722408227,1.0755156411821,0.237042272985876,3.34310042475666
0.912970181906578,0.173471664764509,1.07031599993915,1.71572838017734,2.1742225767594,-0.926486050848007,1.74236002933282,0.323347882695655,-0.815981446919504,-0.483981677935607,7.95335362657091
-0.234632405083028,0.327568965439255,1.69645668399421,0.194160356184869,-0.234179356933235,1.47587161562899,-0.376080162258471,-0.513482664660133,-1.92768550381911,-0.511283010484043,1.32259278923067
-2.48857554244972,-2.0728160551678,-0.588132826242852,-1.97459240945015,-0.91824136716404,-0.382950828816745,0.0553452039777822,0.0831905507080065,-1.65350731467632,-2.61419592001549,-9.88069325973881
1.29375424759697,-0.713460270509318,-0.459235369155183,1.95713895446361,1.31140534331268,1.35414804919219,-0.0594698043861342,1.6129842907628,1.95158977895983,0.0468111384240728,8.50157991129812
-0.200973300941818,-1.38423660791682,-1.36213150988635,-0.914849467961031,0.476642766510447,-0.665663218463454,-0.996711599941683,-1.85896668895436,-0.0626582797999667,0.842757617135351,-7.87490886735836
0.383179599342454,-0.666132440349452,-0.443725096492301,-0.00157375143571727,-0.989759811297953,0.896317882174662,-2.37850309507169,-0.132533615404619,-1.68358905434586,-1.26331120028479,-6.49111850622718
2.18644313872828,2.21017823933208,-0.0750447844519596,0.44732082449638,1.68398897759722,1.76765646270852,0.524650859026878,1.49731596262256,0.846177168978825,1.63262454048349,15.8521513185617
1.24698998724523,-0.930147248952046,-0.0328093130733715,-0.490277717601565,0.565148743610379,-0.593981826997483,-0.615690725310876,0.359527601306406,1.47148854429961,-0.763954967947253,1.3645129340433
-0.0143696800205182,-1.07222479242059,1.41619819310919,1.29902159079289,-0.956979388030935,0.341040249379614,-0.386105875054606,-0.268345399890861,1.58717778937021,-1.10169798873876,2.41214801992412
0.708382679306102,2.46111535387285,1.41395613452304,1.60726651136475,1.57049742383917,0.858404286098516,0.347002251004767,-1.42264881447997,1.13540184718993,1.35533623202,10.5127049946448
-0.538966809052435,-0.644694147560791,-1.2968538475965,-0.777689234311781,0.760770313434159,-0.245194301173369,0.551792428028546,0.896057918673643,-0.391046988592952,1.47693867192765,0.837061340159903
0.590282830890059,0.47199063476481,0.844581721377092,1.49030117155175,1.68054652197368,0.715570662094101,0.468130440400708,1.44956733189414,0.562531837348165,0.679354230675659,9.95454182590507
0.772282281733747,-0.0627130009001997,-1.56526231687783,-0.567736294200058,-0.80852979670795,-1.2099169880938,-0.402688861134823,1.67476879404102,0.58292187744164,-0.334741710209351,-0.0878423526388401
-0.0640866165210986,-1.79880138347416,1.2753194332856,-1.93131088198878,-1.87057031035394,-1.18561455222236,-0.0598115935047797,-0.41988728110541,-1.63376596634469,1.20737055421446,-8.13807220594636
0.833536737556518,-0.558055779061498,0.136031840874749,0.0194393690391756,1.26046687773946,-1.23623498558016,0.0625267205993522,0.337198960189671,0.144283394553751,1.84736991696749,7.14603859387557
0.489716410795317,1.47915188782428,1.70078279343752,1.22817748360419,1.15898469792875,0.509067660595794,-0.506148187426857,0.462129576674971,1.19411912299737,0.713019727016955,10.3243941317603
-0.981119044278772,-0.552521874512374,-1.19607116344623,0.98970719999768,-0.0345328634091132,-0.334695444688076,-0.255224530104465,-0.969991536307337,-0.148394652574925,-0.781506167455962,-1.76587102027374
-0.549288100858285,-0.561237677571279,-2.05754805476528,-0.492451259891526,-0.984711549694141,-1.95947100463021,0.720688961115802,0.0151428863686304,0.356414830157105,-1.37927832914577,-2.301606629027
0.082411628638794,-0.720123866726426,-1.6835372758659,-0.493163895459795,-0.0798599939517666,-1.68079146447636,1.82866214707477,-2.15572422244942,-1.1156086152501,-1.26933924627307,-5.501707783861
0.120643008229091,1.36299535754863,1.40776755734949,1.57303312093561,0.295006094004119,0.640522070490506,0.679070262682629,1.84865892786783,1.93852761669961,1.65149114294531,11.9685129114494
1.02067467639976,-0.0449785936763288,-0.0890167481811675,-0.486456968139078,0.873927212378268,0.0321856514403372,-0.818876660992174,-1.53932564190302,1.29622016818297,-0.694936984034186,-2.69233915397617
2.67544132704078,0.849788421651033,-0.154735412940156,1.53876941113439,2.80999432013129,0.410688301345062,0.695377637436195,1.78162995803259,1.1679627919432,0.538637894150261,15.7201548723269
1.12923083275926,0.204361927043014,-0.975145402418414,1.87044940369496,0.537667880793538,0.0945261913628363,0.0477424076782246,0.382423918942622,1.16400154662294,1.09374549987238,6.69925963229647
0.702466565233916,-0.26156783357265,-0.671841995291644,-0.603167386897276,-0.607821359963231,0.740888574306255,-0.683397602340821,-0.0150836557458898,0.408348106132177,1.13262009848786,0.848943091929811
-1.50956153619668,-1.25565229141338,-0.621969275166119,-0.241578277883769,-1.16266798731973,0.509769236413727,0.467510100810953,-0.695534090699454,-0.271915309237219,-0.299430177969914,-3.34472015222146
-0.820162739550464,-0.265927471114527,-1.17408049484986,0.492851762195888,0.0117840212623972,-0.193889888141941,-0.0887097359177967,0.0723666746823541,0.286759866103122,-0.152853078778664,0.0790431904120961
1.29552682289478,0.294011579052161,0.765653924665977,0.425806616276851,1.0156078915947,0.381937812866142,0.317914770371146,1.89626105402759,1.95872163719675,0.371997494818231,10.1384560818021
-0.510782918858879,-0.852090777024743,-0.422265225486308,0.45446085936429,-0.201163108075517,-0.774594569214176,-0.791192408333373,-0.979933489671577,-0.32610758253303,-0.134312286916507,-3.59030096281739
-2.48857554244972,-2.0728160551678,-0.588132826242852,-1.97459240945015,-1.77493143022452,-0.264900196522654,-2.68647768377601,-1.77351732209099,-0.741476226624384,-1.06507530665541,-15.1306561660002
0.78758168262566,-0.45913732210208,-0.0969246703834227,0.11361634479998,1.09315718444353,-0.464571818047727,-0.667246027627642,0.541009983898853,-0.452458485597691,0.295706286368026,1.37799808593679
1.0958962815717,-0.409857757173747,1.76968382889329,1.45541715814626,0.633357692633959,0.735823219177537,0.763385985576748,1.94406554877358,0.97622852258426,0.918176850162073,11.2535953675656
1.29552682289478,-0.713460270509318,0.243678163233172,-0.636917805274559,-0.383330162521717,0.16142404137268,-0.867697940340201,-1.42379211643089,-0.987704644769349,0.490909830335061,-1.76449195345877
1.40927537536722,-0.396324005590284,0.855005923701369,-0.637528902744742,-0.747303700251752,-0.0522395294874023,0.551792428028546,0.922855725731259,1.57746954487931,-0.277704809754882,6.01407746011382
-1.10639194537749,0.559693765935204,-2.56939787613897,0.137207076444542,-1.23868003480295,-0.392942742736248,-1.96480394221565,0.0649076902664203,-1.18704114080981,-2.02786818433273,-7.74991293279805
-1.32149728633024,-0.234034930805944,0.237585665470843,-1.38550976680924,0.488785692248296,0.0797573392146266,-0.85093758044851,-0.695534090699454,-1.61270455425122,-0.729210804306709,-4.44450902062706
-0.900442918540531,-2.42471452880331,-3.42125775132097,-0.650444992552123,-1.85329394259916,-1.20157656484892,-1.03902797970031,-0.530367207716652,-0.256482994779275,-2.61839030142098,-16.2303982016103
0.590282830890059,1.28201323278199,0.574388739327213,-0.05048740832323,0.312008766343938,2.57017614059561,-0.0594698043861342,0.913649534935661,1.55674843674556,0.436237192830693,9.0278297834693
-0.00332965922588364,0.111443471088264,1.69645668399421,1.49030117155175,-1.43607606781637,-0.801774350456364,-0.816245081441327,0.229772529900775,-0.309593796743472,-1.22089204544893,-1.99401173647573
-0.72968789351925,-1.34461057766334,-2.08547140626172,-1.72453980172032,-1.12108802540322,0.166647448919922,0.791682918183416,-0.301344971079905,-1.06282431848464,-1.48859614767737,-9.38011935793095
-1.10272273045173,-1.36362856668277,0.110661340671491,-0.7630693922428,-0.613930653514139,2.249306670483,-0.615690725310876,0.894045891710569,0.453900328545487,-1.01886298743831,-0.183098420348728
-1.70735959769147,-0.132567804929974,-1.36519133949516,-0.241578277883769,0.0528177987630067,0.555858958130887,0.653972331188033,-1.25793820915752,0.239139659237706,-0.258774606135691,-2.51932896642264
-0.00661208513521341,-0.455547855862938,-2.56939787613897,-0.784181736442701,-2.53407116334384,-0.789484140112788,0.861177852914087,-0.301344971079905,0.281051755528106,-0.157718276057552,-4.10387106995366
-1.65034548188181,-1.21157111891394,-0.664049576402482,-1.58705685559079,-0.919431228912599,-1.1571275481978,-0.488074455241328,-0.936776293423478,-0.312833148948242,0.246526316938816,-4.93750847486424
-0.0171016839470534,-0.488649679642992,-1.02651659388762,-0.598446083787128,-0.982244566190633,-0.811404475313141,-0.106201054071199,-0.730637322912061,-0.624438170252336,-0.810896025108686,-2.11248100960603
-1.03948657282241,0.130673047179934,0.519017034816354,-0.298529152009382,-1.20462783005517,-0.718393434868825,0.275462074096224,-2.11386009176176,0.327764280006162,-1.34609301964253,-6.02718125922192
1.33020129823168,-2.30192176136847,-2.70586088460143,-1.16052977791408,-1.18717336357255,-0.382950828816745,-0.421362844489426,0.638615683844439,0.112023484917246,-0.201651672878096,-3.81119833648694
0.322696996138416,-0.16100175599743,-1.41417741731779,0.577624447074209,-0.735314236074892,-1.99784008600496,-0.960415960245834,-0.695534090699454,-0.684182841925075,0.20854503287864,-5.50802192109835
-1.21125500972458,-0.113064888795823,0.381391670698565,0.369461190121039,-0.699508291147516,-1.06087140726248,0.17436458670354,0.855405751097323,0.04610324423189,-2.61830724313924,-3.58651127585954
-0.359675996998765,-0.632000483852915,-0.000558025091061118,-0.726081523702205,-0.492259130378194,0.0386106248592807,-0.684292095935401,-2.53068964416152,-0.551726289333596,-0.45584470081312,-8.13807220594636
0.813177291070173,1.40451164307947,0.326632764206597,-0.499273674481878,-0.286077613986245,-0.812310476763432,0.160915221257271,-0.476516706875588,-0.225787033787276,-0.734594082417264,-1.21132426986695
1.52554551870431,-0.441415999288824,-1.11974798054829,0.945052964923912,0.757623533828175,0.367125526031278,0.34628303155534,0.228091888819986,-0.326099986917784,0.328333348521113,1.59781394762827
-1.84664572169602,-0.212103141243933,-1.73121528015334,-1.05914776017102,-0.458114242349758,-1.36542995821678,-0.469544334315643,-0.249656123809704,-0.728879066151886,-0.461360472526386,-5.9064472892984
2.18644313872828,2.21017823933208,-0.0750447844519596,0.215655555762202,0.732372475533162,0.708278290398872,-0.563460205968893,0.462129576674971,0.147273329584817,1.35533623202,7.71940461899837
-0.407765447241739,-0.221109737634321,0.0518465989298023,0.345550575874894,1.06117746499184,-0.0522395294874023,-0.617649551471725,1.63606798208111,1.57382891653031,1.53705737836721,8.68718285513816
-3.09987586285635,-1.20394866824108,-0.213196930007619,-0.0622984230327788,-1.71902951002689,-0.642370762455581,-1.65594300010166,-0.542958097385218,-0.9757698533676,-0.376465317531683,-8.05367777933293
0.66773878355598,-0.0762779034685928,0.324183593164594,0.253518625514864,0.680340323661528,1.19146001544734,-0.253742825791818,-1.493763938163,0.103742721506928,-0.85757571656624,0.81520707084822
0.321614113678125,0.15142910261769,0.503789866115557,0.666236894416992,-0.624314881897311,1.42543980639865,0.890916947800533,-0.0866361159126988,-0.683065841266954,0.500879506894063,3.9560917129494
-1.84664572169602,-0.212103141243933,-0.822263648543197,-0.930137820214599,0.340082724669561,-0.184245411731911,-0.393498798668462,-1.23759468595953,-1.46451674526982,-2.31586021235855,-6.90847462892209
0.0421718075001437,-0.383354905518023,0.596549969544565,1.58574296676846,0.415463159956106,-0.141725142631533,-0.210922187013799,1.48170192102315,2.91772433965693,-0.51594745098716,6.84497449304538
-0.954057530605109,-0.20652626245753,-0.577279374784245,-0.155334301910287,0.334334384413349,-1.18185516908441,-0.549067861217328,0.367183380345874,1.22548894359259,0.494296566780485,0.728188167786555
1.90526872759454,0.479946582606741,1.4662827071982,0.573236102295049,1.43179913177454,0.0427611842051233,1.000496070329,1.94640910770026,0.846177168978825,1.72128203917858,11.9685129114494
-1.05266426901218,-1.57793359054331,-0.637333956888377,-0.0846372906503938,-1.18717336357255,-2.68526636596297,-0.842434659437852,-0.936776293423478,-1.6064572886537,-2.07734332953059,-11.2500033239959
-0.549288100858285,0.542179935132448,1.05181491383229,1.5705027295727,-0.172965087389306,0.876126471603923,-1.47518739423893,-0.678913487592784,0.579064038974755,-1.64993199142514,1.79788234632649
-0.00661208513521341,-0.455547855862938,-2.56939787613897,-0.784181736442701,-2.53407116334384,-0.789484140112788,-2.15938060074193,-0.869919701105343,-0.876839595677544,-0.151797240527012,-9.33417781028569
-0.8664111951073,-1.20335970522225,-2.08547140626172,-1.72453980172032,-0.592199377641858,-2.2439974490747,-0.146071161699373,-1.60567514640076,-0.512833265395835,-1.74133228607885,-11.7808918830455
0.780711206364925,0.924739858059915,-0.300282833003988,0.172877141118199,-0.279782811388118,0.736081737067263,0.940888114832263,1.18084980757694,0.544369046622376,0.267696285673559,7.49175257457034
-1.57616794133789,-1.85070252809986,-1.06936163917525,0.331474432629238,-1.47837648603076,-1.60538201459676,-0.405561416962193,-0.166168078476582,0.405672709868237,-1.09707849396264,-7.50042508108135
0.388137476258644,1.03161162724813,-1.59034953469665,-1.00451080542454,-0.280134094944281,-0.360399101432668,0.0330548483946574,-0.25514179512747,0.315948340821305,0.86963081343178,0.87951195717359
0.668303623015954,-0.0762779034685928,-1.09258209291866,-1.58701957054644,-0.503837187632252,0.0609423121194381,-1.73950300254162,-0.883058107324422,-1.75639400021964,0.372914604485723,-5.92088355344058
-0.661460708488901,0.492081198573055,0.220729318579039,-0.107780112503958,-0.771256242302607,0.521252619947978,-0.959265171627042,-0.166583177854621,-0.988002178231268,-0.774403824526244,-2.04717248604116
1.65380827649489,-0.0450145669040186,-0.272347854994086,-0.188548631930416,-2.64538676672004,0.982552496549846,-2.00271144083765,-0.421827612951884,0.599496675577137,-1.59430724900859,-4.62731405428278
-0.250704958848016,-0.355108808394968,1.30681333559048,-1.59251549380248,1.18138536161743,-1.13177157568619,0.442575264068125,-0.180114565584902,-0.140464548754738,-1.26353778617725,-2.61239368804435
-1.22859401673611,-0.851192678279832,-0.999718063923581,-1.38842044734115,-0.672440400695111,-0.765908954231458,-0.820054867642915,-0.72564016903407,0.413623486296158,-1.08487187171735,-5.5328789936531
-0.957647668767205,0.375936797372505,0.747587398442126,-0.301232379695683,0.106147719827799,1.37453434310605,1.11146336774348,-1.21283138971579,1.40294826126666,-0.0454684818317155,4.68707517753355
0.369591132665564,1.26385539497492,1.07908478105232,0.947841374151152,1.55536301656392,1.25186937614861,-1.00685389446512,-1.1717945101347,-0.881522169298493,-0.954872636233111,4.20187695008261
1.55417988746893,-0.413923021175563,0.998023128391737,0.678601837413028,-0.66728908596014,-1.22714360965522,0.407724985741748,0.133896629851053,0.517029208328218,-0.117571284108449,4.06083017361595
0.00304029026043137,-0.279715061336208,-1.72599940329597,0.912969343013724,1.65319052887657,-2.06482168644032,0.0912025288609535,1.12865999598143,0.790222980976988,-0.533763648585285,0.502106958908025
-0.182220781221679,-0.197280569293064,-0.385889266648632,-0.283939738776039,-1.40462483515686,-1.17208387434034,-0.0886591448032941,0.798674050036937,1.98371614870415,-1.34336216007504,-3.23631566658249
0.877802394226564,2.04156516702201,0.848817782650356,-0.221729917996355,1.91315888333652,0.318038790895125,0.921333993959701,1.47822477749726,0.464229583373702,0.160994509883291,8.50157991129812
-0.86999049009207,-1.20335970522225,-1.39152041848217,1.03967110413592,-1.15616338914137,-1.44689927390652,-0.250321811228284,0.496916224319718,-0.821197056113164,-0.220689832262266,-5.50802192109835
0.685214864115335,2.31289638897537,0.9901180714347,-0.0607667375022214,-0.862887382806448,-0.0700536604417179,-0.142550625950313,-0.849776408782326,0.0112163099289611,0.344150831970018,0.0688079215643018
-0.661460708488901,-0.560459625190943,-1.68308444774303,-2.32542007328297,-1.8920487192107,-0.650103708677807,-0.363297530708609,-0.542958097385218,-0.77871799208199,-2.26218548155523,-9.88069325973881
-2.47662415198756,-1.37004592909166,0.318584971277289,-1.63562457832326,-1.79157878071644,-1.60538201459676,0.729018111780665,-0.915931107173949,0.405672709868237,-1.09707849396264,-6.2452046376336
-0.274002021022893,-1.47884378771329,-1.35965630956325,-0.540673819627513,-1.92832325512175,0.653665244752288,-0.390142433672047,1.06232029994992,0.599496675577137,-1.65905778089843,-3.66429907439572
0.754387789152184,0.0866522863635555,1.2952367508724,1.84997879921128,1.22955504877697,-0.0619837885287524,-0.00982522092572203,0.593198119260311,0.475689443715715,0.814174117815266,8.09011065134476
0.0182738095212557,0.449163425476949,1.91602505903326,-0.0296416436267223,0.86308183288902,0.143994214907975,0.869572136610376,1.05453519785365,0.255200107397612,-0.483981677935607,7.49110465720895
-1.51247942727027,0.0217116063159763,-1.55870362457127,-0.784181736442701,-0.654913150050801,-0.932820097577622,-0.106201054071199,0.100605261445733,-0.64941723149091,0.12204886212848,-3.17050466718349
0.226318798621789,0.472244093739894,-0.559731419551459,0.693042477034516,1.38752101861767,-0.265356007430025,-0.769730926197286,0.29763672858102,-0.42002916175427,-0.138734411948891,3.39812913854045
0.781410807510418,-0.45913732210208,0.732283117582471,1.51713025630406,-0.464419469633106,-1.22714360965522,-1.77597262464042,0.170335983465539,-2.35857935309433,-0.831073598529969,-4.32854145545772
0.104864694546241,0.892634862033746,-1.11974798054829,0.166283589220608,1.4897717723612,-0.137947772381347,0.451214135535029,1.24313828183216,-1.35382239821244,1.82701226587899,3.16699637905695
0.104864694546241,-1.23020427455518,-1.2968538475965,-0.493163895459795,-1.82820440172659,-2.07114461475551,-0.890621426206275,0.0485503335967454,-1.04253415049079,-0.132424893324986,-9.38011935793095
1.3417391347272,1.52688656117257,2.34732984116653,0.576544974876063,2.37751010240126,-0.14492069841455,1.56895433862371,0.451770337753149,0.0781453022770554,1.31986696883706,13.2056120755443
0.937743623779273,-1.42494985815191,-0.275207490053377,1.96569716390759,-1.24037902510385,2.74923017723394,0.0625267205993522,0.234978518408703,1.45277683698843,-0.245874378638855,6.29842766680468
-0.246673895860518,0.843958786669287,1.67658668533735,0.3958585749646,0.398215283828171,1.37703365146275,0.253086940988815,-0.286393086441071,0.182053222077956,-0.0703909408494703,8.48884744635107
0.243247488124455,-0.265281254965501,1.1771072209142,0.479360294615352,0.888145328602608,-0.792599027590783,0.527089724838305,-0.500281471513358,-0.702103125912428,-0.284704409917879,2.41214801992412
-0.957647668767205,0.0581147487783179,-0.453749066156883,0.173813101359905,-0.0312823518308304,0.0420022927054018,0.138005024033427,0.0435325848904656,0.00864424562403538,-0.4366984528737,0.718773451928121
-0.981119044278772,0.0581147487783179,-0.693754003712726,-0.0437396468108034,-0.746484533780749,0.24070265660604,-0.475493562391068,-0.489759731261587,0.81784224750519,2.04675250435953,0.521920763814765
-0.439835032597608,1.11953977899507,-0.262365663077286,0.127897572745784,-0.334440473253869,-1.05415566295553,-0.0239845036432417,-0.0700689824797301,0.093794138580034,0.796364226977099,-1.717042453275
-0.447336522581276,-0.49364328539314,-0.20817007226392,-2.77593350685999,-1.16266798731973,-1.18133010430331,-0.669414179314349,0.180149649860213,-1.20550367186413,-1.04243726087443,-6.2452046376336
0.740213979007568,-1.24798233511015,0.502679644660367,2.30983508279445,-0.19041279473139,0.743658875923645,0.487483430107217,-0.453455458451469,1.27729846798312,0.787474734311764,6.43772856859139
0.460717294518701,-0.183018746016874,0.212166587091043,1.5450009998391,-1.01506857629906,-1.6807138724524,-0.39042395439772,-0.0313787257696345,-0.294481927589718,0.83901234043798,1.14087895271721
0.62156639219119,0.997290507517078,2.14309407929371,1.63360257854472,1.17369949761872,-0.123767947120064,0.468130440400708,1.07804007841656,0.464229583373702,0.713019727016955,10.610644772718
-1.10272273045173,-1.36362856668277,0.110661340671491,-1.92347244540742,-1.54283170789106,-0.826679684364434,-0.669414179314349,-0.843597553229838,-0.562470189026203,0.292803392137613,-5.9064472892984
0.0182738095212557,-0.324375365054508,-0.443725096492301,-0.0111258618563709,1.01233557367024,-0.798393748883489,-0.416359858457644,-0.371959852960982,-0.989657365597952,-0.664980348426009,-0.404389258997109
0.322696996138416,0.15142910261769,-1.17378434053546,0.388793294177647,-0.454349720382945,-0.86654276402501,0.810348547639127,-0.34363930053474,-0.273810150422196,-0.257127780814692,0.0790431904120961
-0.015549966786579,-1.07222479242059,0.178154847968137,0.478363010633742,0.715614931364148,0.446125254631038,0.39799561377177,-2.01359073941476,1.36746925031073,-0.679984562722871,-2.55360374648251
-0.671735676577058,0.196171631921288,-0.840525846983544,1.43140572547324,0.107416281112413,-0.541595971752227,1.26696802967179,-0.239767301504056,-0.920312210555232,-1.80249292484904,-0.964911822078191
1.27671482795297,0.294011579052161,-0.5677087851857,-0.130544340720759,1.59396486731398,-0.770095354091407,2.20204502278236,-0.0469753611332971,-1.06739696871526,-0.51594745098716,3.62948299854841
1.0958962815717,-0.409857757173747,1.76968382889329,1.45541715814626,0.293356828135161,0.444063863496058,1.45243058409375,1.84865892786783,1.06492766557222,0.416690092825594,10.8981638260566
-0.599934238430168,-1.10611881624588,0.938080152732779,-1.58701957054644,-0.347892007202979,-0.20194218523798,1.38731378953464,-0.40306478965531,0.803618379405193,-0.280125931886065,-2.28877919852942
2.40288989998133,0.72298840504841,1.6438517075275,1.35557825114824,-0.260727330334758,0.640522070490506,1.25679292181611,1.46401141209013,0.846177168978825,1.39425996196946,12.0852778645762
-1.65681764392969,-1.21157111891394,-0.655403913306104,1.03967110413592,-1.46512218480337,-0.90425871348261,-1.11318965792355,1.28431303349191,-0.682140971085918,-1.21329809643824,-4.10387106995366
0.0840985783451494,1.58916974641025,0.418278430824294,0.0528832915545846,0.398215283828171,0.270749368005915,-0.0510613769022159,-0.291478247623077,0.517029208328218,-0.51594745098716,3.01761920877595
1.68041290063265,-0.0450145669040186,-0.210127917282007,0.865772318635506,0.136032093295459,-1.42769724817532,-0.775701202541577,1.0472011144271,-0.880950164260602,1.84736991696749,2.29370212353512
1.13148697831035,0.204361927043014,-1.34124945868404,0.065722367408355,-0.44087478750642,0.50750249412081,-0.762555355835997,0.0168288210728721,-1.07686049434661,0.343696947673152,0.96409042129525
-0.447444747814695,1.34322343622507,-0.975347890484691,-1.93131088198878,1.1620813423486,-0.288459719614018,-0.386105875054606,-0.400220693338138,-0.383180727367558,0.615265780134535,0.395422205774001
0.781410807510418,0.924739858059915,-0.300282833003988,0.884379012781813,-0.327544218966771,0.612655363475829,-0.520220600050833,-1.6239859770207,0.338320500623488,0.535991933196703,2.32671319906247
-0.359675996998765,-0.632000483852915,-0.883786789940024,-0.352515037650145,-0.749102870873674,0.555858958130887,-0.782122447679767,-0.158436953808302,1.93019069491598,-0.152853078778664,-1.78150214779972
-0.015549966786579,-1.07222479242059,0.178154847968137,-1.05421458611637,-1.18590545495549,-0.37343773385717,0.642106958284181,0.00239972201826341,0.931516584677554,-1.27616844177571,-1.8211630015092
-0.36496052379486,-0.610270781479461,0.57719453843962,0.984303476577464,-0.223289833177653,0.419209243892625,-0.949471609697628,-0.0958145336526064,0.456370943608224,-0.399127328009972,0.868088681962633
1.29375424759697,0.306338176417358,0.249122313555143,0.445775872486386,0.723595536368446,1.12583812736647,1.38291714447733,-1.1717945101347,0.147273329584817,-0.391529526251125,5.52099624381131
-1.03948657282241,0.130673047179934,-0.453749066156883,-1.30956949022559,-0.0211777011736132,-1.6876502568675,0.267771937149443,0.591017411506438,-0.240306084585895,0.87134684506197,-0.450904969551519
1.51492075578825,-0.91065914691239,1.66894876366726,-0.145205800046914,-1.36687162448944,1.06108249636185,0.857213557431518,1.2315420379282,2.05176845063743,-0.733517350215665,3.7283146836646
-0.79979099458019,0.211272965270827,-0.275207490053377,0.337556278753659,-0.272279453420247,0.734789707404329,0.0578604668994234,0.319129328911589,-0.309593796743472,-0.188868860724248,-0.030379286169389
-0.388802927016898,-1.64016780431927,-1.39152041848217,0.984083670044603,1.19252018856865,-1.63966438296988,-0.341438055282569,-1.19605878364398,0.545059242009983,-2.31586021235855,-0.924937664193942
0.134306539238991,1.22548569549416,-1.0564327628465,1.51452969405853,1.95398832680492,0.580952656216967,0.270835206359184,0.462129576674971,0.249658193738538,0.941402389203572,6.74595008380098
-0.447444747814695,1.34322343622507,-0.975347890484691,0.105123620150101,1.65632790323191,-0.00759353885329048,-0.253742825791818,-1.21283138971579,-1.96795651596439,-1.17534220975037,-1.90199141729373
2.18644313872828,2.21017823933208,0.58759321485501,0.800902946954013,1.49409006122092,1.69340789440711,0.687676757268456,0.947839988265872,1.21340750082404,1.26978626054637,12.3445333313758
-0.538966809052435,0.20505750254447,-1.33018283484652,-0.108647506670128,0.37749459846431,-0.366325278695555,-2.58865229035746,-2.11386009176176,0.0299971150368118,-0.922820351296475,-6.32433617415215
-0.561783946961778,-0.0773335333004507,-0.52217929864475,-0.0905513744645446,-0.343007182280474,-0.142899851736389,-0.393498798668462,-0.703374234796912,1.22548894359259,0.223023301762101,-2.28877919852942
1.03150237989288,2.9218430219741,0.510685662145752,1.20279129572826,2.80999432013129,0.0573308565440946,0.629489773796129,0.88336430859953,1.19540197623281,1.65467565679131,16.0356601173256
1.51492075578825,-0.91065914691239,-0.514582360161354,0.661346886972361,0.93940926056027,-1.46821589376037,-0.742699258382476,0.319129328911589,-0.34437360900356,-0.0371864452113886,1.81063642013375
-0.420954201210184,0.303162711206038,1.90641630801881,0.489770221282625,0.145058292692564,-0.740774730679853,0.617326351023769,0.865209052354984,1.12185028072724,-0.558372212176026,6.89867412108317
1.33020129823168,0.197592290786601,-0.802844915610791,-1.17508715708484,-1.28037693916537,-0.228484348670722,0.828246475078065,-0.439944330368812,-2.35857935309433,-1.33498793076937,-5.23673337822961
0.677372076706461,-0.330141154045537,-0.479168665529466,0.471629041735384,-0.167580985633859,0.0203527887334149,-0.97171645664979,0.160669903878468,0.04610324423189,-0.0383997680374558,-2.69233915397617
1.26727561988814,0.357963582250894,-0.335959406239751,0.896582633840403,1.12865013575304,1.12583812736647,1.06746765432195,1.07804007841656,0.157908348304567,2.82918574791839,12.3882069339674
0.232310167857213,0.388594606442963,0.281304798234434,-0.486456968139078,0.88788999303139,0.563369384465933,1.05593022481068,-0.513482664660133,1.65439359435286,-0.41246069994625,3.19733252064057
0.016123662217633,-0.324375365054508,-0.443725096492301,-0.0111258618563709,-1.19879583713295,0.569880132599987,-1.72423432128061,-0.489759731261587,-1.1156086152501,0.0652862152978524,-2.05563051223499
0.821008854035175,1.21584029205869,2.41567291463816,1.92440449875816,1.71014397295618,3.11185031015117,0.45096159797291,2.21515140710832,0.4401628501095,0.0805275795641715,13.6960677873995
0.121504382107701,1.36299535754863,-0.254085658311566,1.40754016953261,0.582142441430879,0.0376432622240299,-0.209496026118765,0.820778391694906,0.301859579291891,1.00500741865318,6.49100534678414
-0.274002021022893,0.493392361160645,0.956795360322061,1.12912182955786,0.516982713112031,0.589445673287062,1.09163069535766,1.24112211362487,1.02494002008655,1.1645521220852,10.3243941317603
-1.05266426901218,-0.240534864308898,0.744854043397688,0.357404932226258,-0.209001823229746,-0.760886160864387,-0.711476085543775,-1.01309091532594,1.03941002461314,-1.06411599721121,-1.5323008549665
-1.64303731043266,1.159460039179,0.956646728714607,0.709994783108919,0.482477253248511,1.09244508176836,1.06746765432195,-1.493763938163,0.199726331163172,0.820093223625006,7.48357288401475
-0.208954689016815,-1.11949059394664,0.498123208721409,1.51955642651511,0.88788999303139,-0.0707759313529161,0.851051633202301,-1.6239859770207,0.587235871153475,-0.215743318860439,3.20589391443394
-1.56079288677165,-0.977072202231705,0.556433002892388,-0.267417351632713,-0.0503596178760958,0.0420729377562726,0.297774911253173,0.138375034364147,0.617657420476058,-1.27616844177571,-0.819578574069273
0.460717294518701,-0.183018746016874,0.459913605668024,0.224411543823671,-0.565403364886783,0.375144071823342,-0.226620589921813,0.645241882475766,0.587235871153475,-0.930430503984929,3.72680297685845
-0.00206673059258197,-0.85158787535112,-0.453749066156883,0.0183465876758892,-1.34175809822156,-1.18768394824608,-0.976729797169648,-0.782102560836818,-0.127572682116413,0.803336208755781,-3.34472015222146
-1.56669706923092,-0.21423782161468,0.289762228095206,0.222614908316214,-1.55873254359753,-0.430504517115572,0.0590989577856125,-0.464050494257983,-1.52428608024263,-1.27866476592738,-8.13807220594636
-1.39633201761055,-1.48398817126527,0.487535607773697,-0.107666738409611,-1.3365840872214,-0.90425871348261,-0.624555896265156,-1.44759971666356,-0.75891987631807,-2.61419592001549,-9.08439213960592
1.13295049289497,2.15455420359818,1.68294807186753,1.35557825114824,1.7123566636402,0.155410284383336,1.58812410713364,0.27472020977906,1.49774499409836,0.887637374204179,15.9227157221645
-0.671735676577058,-0.560459625190943,-2.27027852309505,-1.16052977791408,0.340082724669561,-3.21679805802999,-0.669414179314349,-0.936776293423478,-0.280912815433607,1.20737055421446,-8.25921433628824
0.430446954949653,3.40772030868759,0.510685662145752,0.448499706803129,-0.0031581288626709,0.768051384897007,0.763769675492833,0.907916998727236,1.02494002008655,0.769005311683336,8.50157991129812
-0.547628068431467,-0.561237677571279,-2.05754805476528,-0.492451259891526,-1.40125516462746,-0.422450775130349,-0.488074455241328,0.0649076902664203,-0.735452612934687,-1.92563481248025,-8.95610395392841
0.558964984845107,-1.14872298456099,-0.374260833730104,-1.42377181875217,0.582541107935263,-0.37343773385717,-0.393498798668462,-0.571267061521822,-0.634256151854929,-1.39195149956876,-3.89275992204919
-1.33650434967045,-1.10876756152881,-1.58488332117574,-0.786177033459142,-2.37019996996946,0.213701174791823,-1.45425388425731,1.76874819949689,-0.796816512222975,-0.343586791245974,-7.63958093108657
1.58693969859003,0.561584052251821,0.55174152172558,0.580686915199879,0.612370908511739,1.11682783804826,0.234518792374366,-0.574587272848432,0.969648557433234,0.475369333158575,6.377785910577
-1.15325645330226,0.534039570658742,-0.433514813414741,0.385543777330346,-0.875204242493749,0.281770173532363,-0.255224530104465,0.0723666746823541,-0.988002178231268,-0.152853078778664,-1.43238987061166
0.754387789152184,0.283563980583574,-0.376899540834794,-0.030187600266127,-0.884610667565885,0.492162863392397,0.476767979300803,-1.06582258268117,0.453900328545487,0.839815560542242,4.09722552396381
0.630771672041621,-0.0445718032801873,0.202321214060492,-0.375088405140213,1.95903004624601,-1.64540027068051,2.20204502278236,1.13862574217019,-0.932110706774731,0.819237876471126,4.97254511986459
0.513449577988614,0.725439344614809,0.954806275214667,1.71572838017734,1.45049626234364,1.11507914565688,0.36366875747412,-0.806696584779911,0.475689443715715,0.716651981202832,8.09011065134476
0.586454908796064,0.47199063476481,-0.633049203860282,0.419803660989199,-1.38894999759744,-0.788942115963116,0.0590989577856125,-0.604150415111092,-0.346694934859657,-0.774403824526244,-1.94319486605954
-0.422072116589926,1.50808568898775,2.46909890523771,0.615647712826415,2.63369789588352,0.326975313003582,2.09586954581173,1.70487286204922,1.73563019947529,1.57094782931777,14.2506093342476
-1.29304251792197,0.546701542549638,0.324128357121792,0.767106124309667,-1.53320126673483,-0.207985834462864,-0.475493562391068,0.916568842748927,0.320956002048409,0.466873045309243,0.675570773494859
-0.882058390679463,0.991098023952748,0.366175984610339,-0.184436837965424,-0.735314236074892,1.68141656313216,0.691031568544089,1.02385861505971,0.157734743519729,0.621878023110283,3.90142659937996
-0.234632405083028,0.327568965439255,0.115860524482232,0.202242504764667,-0.9226997805824,0.123661146955336,-0.0239845036432417,-0.547744113554298,-1.98856100985822,-0.850802499778164,-3.27790487029484
-0.843657009202132,0.867354062631059,0.0472379836014289,-0.093090268126351,0.256061478928237,-0.137947772381347,1.33214030217819,-1.06824739147641,-0.436462913653232,0.645276732138999,-0.883310661042016
1.9689024679442,0.666072597953551,-0.850245413896837,0.491011118616036,0.311884852957619,-0.792599027590783,0.688677923265554,-0.313093536309649,0.558281062802852,1.815774051792,7.68170790313797
0.118938349329378,-0.557310593009321,0.808673027784434,-0.722286546190583,-0.626532184568611,0.362318408339944,-0.967514696343979,0.169447192928587,-0.397451256841696,-2.61830724313924,-3.34472015222146
0.421377534907844,-1.42190330112311,0.717379242378379,0.945052964923912,-1.15414936236135,2.74923017723394,-1.16366826379191,1.89610089668475,1.27729846798312,0.440390469426782,2.53369635616095
0.59717645439345,-1.78428471133401,0.744854043397688,-0.26270338673608,-2.43621613099645,-0.281449448747773,-0.00623504980806066,-1.73507633320162,-1.38506720636273,-1.72947375615047,-8.64230101279185
0.0972802775851015,0.647253507813938,1.2153549525296,1.31980071939752,0.39863560904555,1.57082504632526,0.417516944258222,0.462129576674971,1.53419028888213,0.426286208419466,9.91764105600967
-0.0143696800205182,0.640398540624248,-0.107840074116615,1.38219601031296,-0.256502611551264,-0.661904949636282,2.06537415824768,-0.0533856456441855,-0.387805220916054,0.364644844799207,2.78018994396638
1.52693522367933,-0.441415999288824,-1.11974798054829,0.945052964923912,-0.108798819560604,0.807278322989074,0.149394869457187,0.914170640530754,1.18849688551742,-0.266521384769897,4.12689035616319
-0.598258563901618,1.38449768461828,-0.12014588062928,2.20340169276305,-0.327544218966771,-0.390060533297105,-0.432018473982363,-0.678913487592784,-0.34437360900356,-0.511283010484043,1.25478247929407
0.702648002634246,2.46111535387285,0.130536722989122,-0.553933629214127,-0.625807992177255,-0.105291238774308,-0.584990890775491,0.442660738068591,1.58717778937021,0.123706386834571,4.33880911361296
-0.430918762997429,-0.860886035677029,-0.456268385841188,-0.986077103400695,-0.687071904831639,-1.34256740589486,-0.538134743080012,-0.121999315950726,-1.71453323521782,-1.07204168591126,-6.07100601209809
-0.295245096670143,-0.840157472034337,-0.91291267875602,-0.747692757341112,-0.529972597471925,-0.560125503051,-0.490146041016575,-1.89562330336858,0.0320304491326053,-0.343586791245974,-6.49111850622718
-0.735777675675943,-0.466956751414332,0.212853172077587,-0.695719953531033,0.774065241250523,-0.971375543740864,-0.212315165038998,-0.184340141437155,-0.16662488937104,0.214293486096118,-0.983408654879598
-1.44529301080645,0.867225684134955,-0.393106888094904,-2.77593350685999,-0.0523357311179277,-0.519742804230421,-1.53238629343018,-1.9032515582686,-1.75179587325608,-0.365282567682981,-9.09659129030411
-3.02166331330915,-0.587211438117222,0.482909851102404,-2.59351937604178,-1.00358126604049,-1.08404674641083,0.336924362978538,-0.530367207716652,0.495099219103892,-0.42275650755092,-5.66983189504021
-0.250704958848016,-0.772252092110577,-0.931397716172578,0.572822890190943,0.718513348814618,0.296553376964617,0.0241560027313678,0.968235642835458,1.35697899862837,1.77402208601131,8.48884744635107
-0.495372560937057,-0.439741817441787,-0.20817007226392,-2.77593350685999,0.143709357521113,-2.80524648772014,-0.58012642073432,-1.44172201298427,-1.2387532563203,-1.53348985064992,-9.91323700536985
0.615585717272483,0.439322008241737,0.844581721377092,1.43860524989594,0.364419770383584,1.59894017360141,0.763385985576748,1.19066332072665,1.07586408886649,-1.68908837967279,6.74595008380098
0.524602328966262,0.833146037386338,1.81342455606548,1.53876941113439,0.53510782266384,0.416831485574405,-0.318849531964247,1.24418776008674,1.45666717283461,-0.849078072400028,8.53944814621004
-0.420954201210184,1.50808568898775,2.46909890523771,0.615647712826415,1.94603935707738,2.21764161852781,1.50944987200172,0.631368863120797,2.32040215005427,0.538637894150261,13.494346233698
-1.50956153619668,-0.755563033884649,-1.02176273187386,0.440499670231121,0.00393266987968849,-1.60437961683338,0.517041695096042,-0.350217612132536,-0.351034797689885,-0.436155907889754,-0.961240618466063
-1.3685275416305,-1.74052550394293,-0.907203454485635,-0.517317069817415,-0.437183775559325,1.82764317147059,-2.27855119710621,0.798674050036937,-1.5083283246771,-0.922820351296475,-4.25841580490773
-0.137134039597583,1.28292023376994,1.18657641386307,0.0366540480624113,-0.279782811388118,0.0903715136946035,-0.325001814238756,0.48104407903647,-0.163355941494629,-0.558372212176026,1.95240951284481
-0.293725771997829,0.986927105873312,-0.949912163430437,0.123543487361918,0.362789052037088,1.37453434310605,2.20204502278236,0.550558572741968,1.25616998184452,1.44495707959811,6.00095347018319
-1.18269834759069,-0.253263641116208,1.23565511097846,0.945052964923912,-1.0073078891774,0.502858648868625,-1.96106220778564,0.49881861909911,-0.677054317555177,-0.244635578550875,1.82375878504001
-0.325494090249341,0.794954625537203,1.18353511421264,-0.727410150565555,-0.531950692964231,-0.547626185301531,0.572654999472659,-0.136838829487245,0.58485278935638,0.439921399110104,2.35345362074735
0.210723289236271,-0.252316143380173,-0.234775056205566,-0.603167386897276,-2.43621613099645,-1.16658161184209,-1.06061293014552,-0.0826133425250454,-0.684182841925075,-2.31586021235855,-6.90847462892209
0.754387789152184,0.49160326872617,2.27294943129757,1.22817748360419,0.53510782266384,-0.114356225369282,0.62409268162426,0.620706181168764,0.441129818097185,0.526973214976361,6.00095347018319
0.711607269551249,-0.858011660880767,0.19583157700674,-1.81351980433719,0.37749459846431,-1.05144452526521,-0.467495258305659,-0.712382360980474,0.658053831509254,-0.852733504444478,-3.58651127585954
0.590282830890059,0.944607113870156,-0.982445482714485,-0.490277717601565,-0.5501708666201,0.0470861213436855,0.729433705472412,0.0963218525132826,0.330286251931443,0.691229246443439,3.97271188303889
-0.561783946961778,-0.0773335333004507,-0.52217929864475,-0.0905513744645446,-0.343007182280474,0.529403824242879,0.993391669698887,-0.858879817296557,1.30021573903098,-1.17534220975037,1.01230388779293
1.26370304550198,0.493045397211998,1.54458576463328,0.888743087641805,0.690343627209288,2.43480234496599,-0.291324435388291,1.55281018204416,1.70635910437295,-0.440297044927318,12.073972176155
-0.181174794886847,-0.197280569293064,-1.12831551090081,-2.30057712923961,0.476642766510447,-1.61021717881046,-0.390476792873409,0.777000603106293,-1.66859375852217,-0.121314112401785,-6.14339528391378
1.26727561988814,0.493045397211998,1.02232891434274,0.818751901895241,0.293356828135161,0.321558636577259,-0.253742825791818,0.0540883946005849,-0.693114639418732,-0.703950175477449,3.90932213984409
-0.222333439032488,-0.77176913628689,-1.05821009915839,-0.188062839800113,0.887714495941013,0.564302392547553,0.684326563038169,0.0168288210728721,-0.755869615366172,0.684468160830476,1.13520445764133
-0.538966809052435,-1.11943219121131,0.0929441034191204,1.39962527395065,0.364432664780385,-0.160759636808777,-0.949471609697628,-0.0931225599354344,1.00681993654111,1.02966681548841,3.20589391443394
2.07933300074257,-0.5850602437363,-0.715331799563942,-0.471230376962623,-1.09857795978717,-1.84138242478372,0.896915457935816,-0.316758140105836,0.408348106132177,-0.679984562722871,-0.40679295468728
-0.618800787539625,-1.30801676265463,-0.00138231563485707,-1.0174624248959,-0.596275444540745,-0.813294967218826,1.20987798700945,0.798674050036937,0.513153687605343,0.0543615077192765,2.16549603530805
0.185989925152698,-1.42605552729784,0.381391670698565,-1.58367054890791,-0.303284476087742,-1.38533820921229,-0.390476792873409,0.0767204263589586,-1.45487300297952,-0.192032623945029,-5.19187942415219
0.429763328403988,0.650323461175361,0.998023128391737,2.17419322116132,0.893933411632306,0.954447257657852,-0.259142094822781,1.0750452587316,1.45666717283461,0.436048907334861,13.0775353089084
1.01879483675913,0.323726154741817,-1.89684539829805,-0.329516588336951,0.0600194499663922,-0.433519954089936,-0.741180798687954,-0.05859852925955,-1.21983663993108,0.325268410485944,-1.76449195345877
0.833536737556518,-1.32119935852444,0.142803598153503,0.0725017913374181,0.139212298073251,-0.0413898435567386,-1.10406182918658,0.186746096302326,1.43565658658537,-0.747881231210814,1.32259278923067
-0.737388494110945,-0.466956751414332,-0.00558065511372263,-0.139362277806096,0.412525300519032,0.401205961989126,0.0241560027313678,1.29619656388507,1.22558234793123,1.3922768223598,3.9893915678952
-1.3685275416305,-1.74052550394293,-1.07804342303024,-0.125205438129831,-0.141095377761058,0.913464018690829,0.0742206394117418,0.486944709906015,-1.20590448037094,-1.1562619195316,-2.49979603062629
-0.039330184027157,-1.05222341546814,0.178154847968137,1.78001546247892,-0.672354737514464,-1.03578508389877,-0.793101182321639,-0.835210713473618,-0.277819292594087,-1.05179589748177,-0.954577978526151
0.772282281733747,0.51259149930679,0.964436313960889,0.49992497153201,-0.0281649539564814,-1.97848626472821,-0.992428106117689,0.366686732193284,-0.559629452342418,0.771819151883324,1.16176139115878
0.817989486603046,-0.871499497291469,-0.656818368776051,-0.133274930058362,-0.771256242302607,-0.355756077234462,-0.622366914018226,-0.740054150214233,0.71376169769094,-0.823064436063988,-1.25191566891092
-1.10272273045173,0.87058260082826,-0.82029569259021,-0.321345273987663,-0.503837187632252,-0.195253651059432,-0.377501754086041,-0.072072328702915,-0.240306084585895,-0.811568225271798,-0.976427193752007
-1.69551571577589,-0.529090387628486,-0.773464390903892,-2.64658030564161,0.14936342985127,-1.72267297932793,-0.923190981991615,-0.703365683816853,-0.376026554395087,-0.489216991431358,-7.90590264814157
2.07933300074257,0.361749419081406,2.11065976401483,1.70417596157938,1.7123566636402,-0.123767947120064,2.13473775140433,0.772512415217525,1.73563019947529,0.689502510980589,16.0356601173256
1.27724537676038,0.294011579052161,-0.5677087851857,-1.729610063497,-1.18533743997021,-1.57404067576109,-1.65594300010166,-0.469679368730951,0.804601281892283,-0.53408545554073,-5.7898373056046
-0.412430701761501,-0.907308286298261,0.514253783398686,1.51955642651511,0.472908251546129,0.123661146955336,1.32507495417827,-0.313093536309649,1.15309804105073,0.3745049922892,7.12289610463116
-0.265578464100015,-0.562208489471701,-1.31293719439067,-2.41071748824572,-0.89802434571454,0.913464018690829,0.787176313414175,-1.47819524231404,-1.63376596634469,-1.9458828836067,-8.45057995664098
0.256296351628198,0.6024128797853,0.713592514397341,-0.819505585821119,-2.08746785286439,-0.205864680524046,0.867616939392747,0.169447192928587,-0.947895711781735,-0.243831398360217,0.943345022812582
0.421377534907844,-1.42190330112311,-0.245010006880031,-0.161413619140676,0.718513348814618,0.883022015238489,0.0625267205993522,0.133896629851053,-0.267496260277595,-1.41416432537865,1.54222121687094
1.3417391347272,1.52688656117257,1.064472544862,1.63360257854472,0.432236103397687,1.48570954479299,1.19756502616875,0.631368863120797,1.06492766557222,0.160994509883291,13.9282011406633
-1.47196489976704,-0.321293874544538,-0.584390543391926,-0.493163895459795,-1.40125516462746,-0.458254342036625,-0.250166188624935,-1.48475913589917,0.415510007382282,-0.45584470081312,-8.13807220594636
0.45752308059819,-0.16408840086381,0.896846418785583,0.437295296969426,1.59396486731398,-0.906534757905033,0.650133567755566,0.259506858490534,-0.141031192876059,0.899499717722033,7.12289610463116
0.0393929025092023,0.823838843843697,-1.08212133848439,-2.92692217546121,-0.843140512070999,-1.46405486341801,-0.798363749736747,-1.43534719820462,-0.312833148948242,-0.628725993912319,-6.90847462892209
0.822687738651007,-1.32119935852444,0.142803598153503,1.01066806124172,-0.9377946364098,-0.129910123702027,-0.307974964866488,-0.0931225599354344,-1.48790905618332,0.859523478313559,0.0905192192006586
0.0311736168035908,0.322020767328794,-0.436881381674936,-1.22602722842582,0.887736201230199,0.120436269739924,1.67994459912318,0.968235642835458,1.27729846798312,0.0998820984796317,3.03136168401349
-0.19189022956794,-0.142110824639185,1.43677696942002,0.896582633840403,-0.747303700251752,0.0945261913628363,0.196040265325821,-0.013781187836148,1.57382891653031,-0.246385375044948,1.63138969049201
-1.26141542542925,-0.823754342600765,-1.39152041848217,-0.976058216845221,-0.426607960283417,-0.0603711330944402,1.20987798700945,-1.2096776117103,-0.584483951185813,-1.37927832914577,-5.92088355344058
-0.954533670971358,-0.20652626245753,-0.577279374784245,-0.0828937787360266,-0.214089874764516,-0.494267895776343,-0.827228326448133,0.974145072038256,0.236797619274596,-0.55460322266184,-1.43238987061166
1.12923083275926,-1.01095064559063,-0.158007280459868,-0.594894078495711,-0.00264488060787259,2.11328065686848,-0.728084707641082,-0.0272835323007495,0.255096870136899,-0.941126895948136,-0.030379286169389
1.65380827649489,0.509160096270597,0.593411949969957,1.42438361724793,0.052554130523585,0.0116687039881502,1.60071489693411,0.0459812919028529,0.255200107397612,0.270214133812038,8.38993791687176
-0.819003341889342,-0.265927471114527,-1.60528229339574,0.98970719999768,0.086660719336558,-0.598792439235012,1.10013587635025,-1.14429743038502,-0.383180727367558,0.214293486096118,-1.47735990251162
-1.74228153360398,-0.848275839453973,0.128856653701502,-0.674786885998573,-2.6078062969356,-0.0494486814619855,-0.80969945011146,0.421319191782734,-0.915394258687288,-1.49332055212784,-6.3839024752642
0.881819252236392,2.04156516702201,1.01633568757511,2.2123149960362,-0.19153525924772,1.69340789440711,-0.609025098619678,0.634056922187026,1.5908504564856,1.08844920949224,11.2535953675656
-0.234632405083028,0.327568965439255,-0.435193927384155,0.123543487361918,0.452669148927768,-1.23623498558016,0.709425192463612,-0.0483829157413339,0.803618379405193,-0.671139233233417,0.868088681962633
0.0760541431487884,-0.233282204500005,0.483527037568058,-0.358783946847046,-0.267267969334344,-1.42278141366049,-0.475493562391068,0.403624554117043,-1.28943758119877,-0.599343735953472,-0.954577978526151
-0.735777675675943,1.06557562172822,-0.0652986244604996,-1.01649314001143,-0.875204242493749,-0.151843599216327,0.601072277466136,-0.5910836023826,0.254936914581122,0.796364226977099,0.98887205639367
0.121504382107701,-0.541438076070009,0.896626154241344,1.18854257068256,-0.120633642284647,1.53027307344013,1.00456062678559,0.382423918942622,-1.55529764905681,0.628564667125229,2.18900435828544
2.15516706756152,-0.144689719861666,1.91759256396582,1.10304448537993,0.920634657463101,-0.616472413049074,0.763769675492833,-0.574587272848432,0.255200107397612,-1.07844814141756,3.92667023011014
0.772282281733747,-0.0627130009001997,0.3002926344601,1.58541042050746,-1.06564728796129,-1.32381451567509,-0.307974964866488,-0.476516706875588,-1.48243104350306,-0.823064436063988,-4.10200547507412
-0.00661208513521341,-0.224322276239461,0.707170576255934,0.83681797829901,1.38752101861767,1.02829426904298,0.329141686542537,0.382423918942622,-1.35114806894212,0.493525683486882,4.86589026929729
-1.24280326339605,0.623940970838501,-0.275207490053377,-0.208075366110064,-1.90240211852466,-1.89769051488041,-0.553153994954826,-1.70989491979063,-1.02031078267128,0.259533732187731,-5.5328789936531
0.172699296471955,-0.466792145726878,-1.33018283484652,1.41104562897904,-0.327518192480682,-0.593981826997483,-0.834756744997803,1.29619656388507,-0.460787666684394,-0.185345117579298,-1.32614771908479
-0.495696650877634,0.428246429232926,1.1771072209142,1.51713025630406,0.202082307683106,0.574047101457553,1.89416815310804,1.38701149063062,1.47521744168561,2.12971591779998,10.5152645432144
0.513449577988614,1.30013888342168,0.215084981852003,0.343173386578348,1.56592053066864,1.37703365146275,-0.259142094822781,0.393588938139418,0.617887166796007,1.44495707959811,9.44626395564309
1.59404747221103,0.5429177277974,0.297703535364061,-0.499273674481878,0.814204105915479,0.746161510037982,0.486470478008463,0.128931025061612,-0.371882797463636,-0.483981677935607,4.81504566159847
2.15516706756152,-0.144689719861666,1.91759256396582,0.44732082449638,1.14464773767269,1.03741939382674,-0.488582322522619,0.561199358756892,1.02949015886309,0.847279286571294,9.45850232407662
0.121504382107701,-0.541438076070009,-0.0263846071245621,-2.92692217546121,-0.875329070135368,0.185807490704979,0.0876746074971315,-0.796616150732029,-0.271915309237219,-0.625670582486878,-5.51569456621712
0.0840985783451494,0.947411249812995,-1.23508954844167,-1.32524056259946,-0.51461281989667,-0.186332960541433,2.10174483384514,0.0435325848904656,-0.729525885234066,0.628564667125229,0.675570773494859
0.0396757680649397,-0.34603786516057,-1.33018283484652,-0.942768142532594,-0.608207921357289,-0.365544244645304,-1.69488550343587,-0.782102560836818,-0.553050133090596,0.273916799408027,-5.58706146810479
1.75050163099662,0.546372551132976,0.0552963576608786,0.3958585749646,1.88329463066748,0.580952656216967,0.720002149179672,1.07804007841656,0.206618429610871,1.02593423421229,10.683662845492
1.11826950330966,-0.549347126445291,0.243678163233172,-0.785249253509459,-0.226356520400987,0.612924918439726,0.298688342335604,0.209094033786531,-0.0124054509600019,0.704976972863758,2.54649216605967
0.00945098507982974,-0.967933823912173,-0.883786789940024,-1.60438092435184,-1.3365840872214,-0.422450775130349,-0.0100137187611387,-0.455051201733381,-0.623237066837673,-0.436155907889754,-6.60051781221651
0.705351221705361,-0.276392818699425,-0.742011747809785,1.12499676057367,0.839526093209877,0.375144071823342,1.32507495417827,1.67108102999721,0.223132141386705,0.376373719570064,7.95335362657091
-0.869380267380593,0.214451962097053,-2.25831000121252,-0.243159434763268,-0.843140512070999,0.54483961360267,-1.15733563768669,0.367183380345874,0.201359427500629,-0.664980348426009,-3.30899007731025
0.0840985783451494,1.58916974641025,0.560189144902408,0.730015572592625,-0.73431244125512,1.37703365146275,1.10644058545662,1.52279797924288,0.255200107397612,-1.68908837967279,3.92667023011014
2.07933300074257,0.361749419081406,-0.353381402928475,0.0137664025659675,0.334710809569628,0.773389067819522,0.317653458981695,-0.790346266252632,-0.326099986917784,1.18787715868735,2.76886734474719
-0.508867601711536,-0.852090777024743,0.147744739491362,-0.161413619140676,0.412525300519032,0.569880132599987,1.81422478216786,-1.1742435997903,-2.21582270455357,0.447999019315705,-2.33455820208596
-0.420954201210184,0.303162711206038,-0.748637854664705,0.351575587446523,0.640790634869302,-0.247639071004431,0.196040265325821,0.918339015652771,-0.893526726419556,0.535991933196703,2.50918006077989
-1.91856859670935,-0.575911018790116,-1.58488332117574,-0.489660596350651,-0.437183775559325,-1.36542995821678,-0.820054867642915,-0.138973497882286,-0.728879066151886,0.803433178306601,-5.20454716996871
-0.00206673059258197,0.111443471088264,1.69645668399421,1.49030117155175,-0.0281649539564814,-1.22008803119864,-0.341825195126833,0.491660108903999,-0.659960322472596,-2.03565540171482,-0.0221759690724694
0.59717645439345,-1.78428471133401,-0.205571821942597,-0.952655290404628,0.444325347338519,-0.675086053260505,-0.684292095935401,-0.893693947391556,-1.45487300297952,-1.23207541854485,-5.69431831731741
-0.593409201938431,1.38449768461828,1.30182314498671,0.437153709867225,1.57756217165968,1.42738622367006,0.781991809570157,-0.849155832650196,1.34985216610678,0.426286208419466,5.79167438392829
-0.152855161009542,-0.197765718142367,0.596549969544565,-1.49416650402472,0.126960394110957,1.91965720506288,0.34628303155534,0.209094033786531,-0.747276225449776,-0.265466269533157,0.369042274676336
-1.24280326339605,1.53769651855969,-0.0652986244604996,1.16317710295122,1.39591285884836,1.58194864286314,2.06345975559523,1.19066332072665,0.562531837348165,1.32013055422798,10.5127049946448
-0.397523174367513,1.04328239193895,0.747932411121236,1.46910781806685,0.316424267607463,1.5152109120844,0.763385985576748,-0.849155832650196,0.185430100577434,1.1950328010908,8.46376271324926
0.630771672041621,-0.0445718032801873,0.202321214060492,0.224411543823671,-0.79960048848426,-0.1072155645765,0.653972331188033,-0.00610423862317183,1.04845215096689,-0.17460389637781,0.434619758716145
1.26727561988814,0.112664540147518,0.778760117148093,1.84997879921128,0.526310036405397,0.591148219611034,1.06746765432195,1.44956733189414,-0.815981446919504,0.121458698375489,8.58020749270335
-0.518666040363744,-0.0352819585209301,0.307155780379938,-0.458044517348837,-0.875204242493749,0.982552496549846,-0.152833872605135,0.530627232500963,0.758206418874482,-0.297313114977597,1.16176139115878
-0.545774528323262,-1.22542574225952,-1.35965630956325,-0.243159434763268,-1.3365840872214,-0.0603711330944402,-0.923190981991615,-0.114294676853587,-0.0337944267273964,-0.922820351296475,-8.31673409410658
-0.274002021022893,0.493392361160645,-0.0328093130733715,-0.488963817945144,0.695794679799288,0.364647728645871,-1.73243047131444,-0.0313787257696345,-0.75465524562004,1.38350920930347,-0.294767654155386
1.86392713371941,0.401051993056489,0.0897354574231634,0.3958585749646,1.88329463066748,1.24323714073208,0.63091756960826,-0.133062804451934,1.45666717283461,0.73727672727777,10.1160919142904
0.26698730633156,0.200809689399127,-1.17378434053546,0.534132990250636,-0.53980576185193,0.120436269739924,0.396585354211635,-1.68848051747642,-0.383180727367558,-1.59430724900859,-3.21080310495012
-0.210008629449725,-0.42205097626531,-2.18745512245624,0.135601102883064,0.582541107935263,1.10712823349632,0.638186775649988,0.861445027961463,1.19274203187765,1.53705737836721,3.03136168401349
-0.76134209672194,-1.66104175204537,-1.58488332117574,0.745566518250907,-1.21737120998776,-1.38580921385118,-0.798363749736747,-1.92985203604579,-1.6064572886537,-0.376465317531683,-8.05367777933293
0.942357833181593,0.445186521869099,0.691156895809233,1.15977686760989,1.88329463066748,1.57082504632526,0.508456583067389,0.634056922187026,1.93852761669961,1.17753894090594,13.5115810817214
-0.168311098526003,-0.986917944872742,-1.2968538475965,-1.75995676826541,-1.52003576942919,-0.498340844276582,0.720688961115802,-1.35102758615895,-0.539875039267073,-1.02566396388397,-8.52932155770649
-0.661460708488901,-0.560459625190943,-2.27027852309505,-0.492008058872495,0.476642766510447,0.647436828617268,-0.393498798668462,-0.685255880695148,-1.1156086152501,-0.737664124085086,-5.86153966008319
-1.04960000722438,-0.240534864308898,-0.205571821942597,1.56981142641235,1.0941718162287,0.686826536753251,1.38291714447733,-1.12162996365782,-1.92768550381911,-0.669862221537763,0.675570773494859
0.737841207480229,0.739815020158933,0.932621847677202,0.425806616276851,1.12202228866702,0.0376432622240299,0.295170878639642,-1.03356819916292,-0.387805220916054,1.01707018677891,3.03136168401349
-0.439835032597608,0.628298193930943,-0.285230700310476,-1.69035548601929,-2.15951583538414,0.21454265759761,-0.250321811228284,-0.114294676853587,-0.32610758253303,0.680448068441529,-3.58651127585954
-0.234632405083028,0.518036696197164,1.00221156633159,1.34996570886892,-1.20846173464233,-0.195742819139002,0.638186775649988,0.0427415007084984,0.627909721270732,-0.0107344352379937,4.98838134740356
-0.168311098526003,0.531706647568134,-0.0652986244604996,2.0986896205585,-0.28027030810575,1.47587161562899,-0.108034176632373,0.492547305696427,-0.0784666076435497,-0.242220366462826,3.90142659937996
-1.20587584718397,1.30069824288145,-0.926039904832941,-1.57327332426995,-0.957825104538515,0.0429380822548494,-1.27906925260287,-1.46786939103121,-1.32735214101924,0.508021690684042,-5.501707783861
-0.749658305811853,-0.160451441727639,-3.07603099737055,-0.489660596350651,-2.6078062969356,-2.7681567059091,-2.78080312149257,-1.04239983268064,-2.3462630908248,-2.0679464736048,-14.0787951657182
0.0593514075418136,0.180341492166109,0.136031840874749,0.489796943547134,0.128593722613716,0.00957814342632303,0.00584332296394992,0.29117466058875,0.792399612163198,0.973641153053871,5.15205931541815
-0.408366879921753,0.194057324310943,1.1196568307943,0.906687198470293,0.680340323661528,-1.07517611822495,0.748594992787747,-0.822002535997431,1.08608967151421,0.0317138958730389,4.3883121762249
-1.24280326339605,-1.93932877419234,1.11129218318295,1.31148735259549,0.412525300519032,-0.765681226501658,0.706549304141003,-0.756190323480633,0.692165026689331,-0.151586351728181,1.91088428959648
1.02067467639976,-0.0449785936763288,0.977142678156996,0.640908091894179,0.475868616007479,0.0616755389201755,1.28763012265739,0.582356582698796,-0.149793770569944,1.33463220043746,6.99877881426774
0.719365791125392,-0.858011660880767,0.832502499710677,-0.101139087748528,-1.15414936236135,0.409182639030116,-0.337096630002256,1.62778095937997,-0.287575605030214,1.84736991696749,4.02612714861979
1.27724537676038,-0.713460270509318,0.243678163233172,2.06031824894035,0.198947679038962,0.146317232881395,0.613697785894246,1.99112568332877,0.724617920613727,0.796073208702702,7.77023285655811
0.797977581747591,1.22679051401031,-1.06533378948876,0.59235583798445,1.95398832680492,0.257329951657091,0.0440683742981698,-0.390690806850521,-1.09531000935477,0.822869474298429,7.05241254418505
-0.378303257755585,2.0776534203796,-0.137821084620229,1.38329026968168,-0.0907191909186189,0.771572739659888,-0.209496026118765,0.0442471473193098,-0.747276225449776,0.0278727041804441,1.85099047334863
-0.72968789351925,-0.466956751414332,-1.2968538475965,-0.46154805914415,-1.18484779873405,-0.828633815842428,-0.250321811228284,-1.46786939103121,-0.447420371671045,-1.936495550169,-6.90847462892209
-0.574643870637681,0.231943828770378,-0.443725096492301,-0.686248267853913,0.435689714941552,-0.595127088195606,0.283170383898213,0.65933237160112,-0.446282957211558,-0.110631452222705,0.234593074832087
-0.09195139614324,0.849269772363432,-1.56855060452677,1.62084947888719,0.494611273383287,0.424677258519076,1.30150723748505,-1.12470903549521,0.144283394553751,0.150758543125859,4.98838134740356
-0.0171016839470534,-0.53778849706372,0.502679644660367,-0.444375101099256,-1.5248888099444,-0.228484348670722,-1.47721665554948,-0.883058107324422,-0.011013982688731,0.953800174583476,-5.21831794222494
-0.00332965922588364,1.01134810936238,-0.633049203860282,0.967441065759815,0.145058292692564,-0.57286849689794,0.137059469009943,0.674888896593162,1.13197302721463,-0.153277862374491,4.2935827545441
0.268614956781148,-0.785477474627389,1.09550366782999,0.59235583798445,1.28284459421255,1.19146001544734,-0.0736177714525593,0.344968103037574,0.182053222077956,0.440390469426782,6.15460788705933
-0.910574331948503,-0.152647351431035,-0.720631177140145,-0.261693080191646,-0.608207921357289,0.557201276461376,-0.374544049338913,-0.321071821457605,0.658053831509254,-0.614806520923157,-2.17509153855403
0.489716410795317,1.02121006624961,0.163608646225151,1.0511716553878,0.0751653992775821,0.98220316932427,0.905548469161263,-0.0563505790805453,-0.537985042212856,0.651283364715131,6.15460788705933
-0.738530215737229,-0.466956751414332,0.212853172077587,-2.01075087104698,0.289188915027453,-0.67743009590972,-1.71248989611591,-2.07715171892677,0.34456364894404,-1.936495550169,-8.93809149552271
-0.981119044278772,-0.552521874512374,-2.08232788834837,0.597450034520104,-1.09886915248247,0.0135372704196187,-0.103314414964932,-0.340941164067788,-0.456056859130107,-1.01491684619348,-3.4444668750184
1.11872691935433,-0.549347126445291,0.243678163233172,-0.785249253509459,-1.54431744027907,-0.430504517115572,1.58927354042497,-0.646223476364556,-0.523484984190883,0.0411920546278836,0.991039496268542
-0.182220781221679,-0.197280569293064,-1.12831551090081,-0.598446083787128,-0.982244566190633,-0.570682271937202,1.59527283630239,-1.21699798828385,0.615105112863307,-1.06602550970177,-3.84654436276482
-1.74609632102436,-0.848275839453973,-1.30092762864404,0.552108364134635,-1.18717336357255,-0.637636390354636,-0.538134743080012,0.460632121807247,-1.2778305943487,-0.366001186211339,-4.3587419480361
0.388137476258644,1.03161162724813,-1.59034953469665,0.123543487361918,-0.383330162521717,0.443617438026063,-1.07734081664293,-0.0931225599354344,-0.474674974613664,-1.28139627863299,-3.14992754358674
0.575313225214608,-0.851232441268171,-0.443725096492301,-1.58367054890791,-1.55873254359753,-1.04989606874845,-2.28348555823119,0.948386151929263,-0.0954775949229264,-0.540063023087874,-5.21014092733627
0.0228293415705326,0.444736138077376,1.55783642831951,-0.431869842660223,0.602627606558271,1.47587161562899,0.722036830492346,-0.238248148115244,-0.0671903855406564,1.38268482056244,7.17471142022683
0.720592130588998,0.797007514195073,-0.0220817185832633,0.512895406556288,1.27779795788262,2.02468798909692,-0.109351616693218,0.485318917361122,-0.932110706774731,1.74894912349545,6.74595008380098
0.881910571594044,-1.3236791040004,0.96966142459498,0.59235583798445,-0.741370249661666,-0.968175772074858,-1.40486198088084,0.37889250670025,-1.53504310793695,-1.37927832914577,-4.37950920323979
-0.826174411448308,0.134169790343094,-0.560171065992234,1.31541913749879,-0.0632755190726967,-0.202309765599471,0.801299501848339,-1.1742435997903,0.74035881439195,-0.4366984528737,-2.55360374648251
0.781410807510418,0.924739858059915,0.778379040982888,-0.145205800046914,0.891573857185492,0.574047101457553,1.79995087377484,0.182844426999413,0.434152103713921,0.56250498151287,7.08757374701535
-1.10639194537749,0.87058260082826,-0.82029569259021,-2.02048014178038,-0.724419590706126,-1.16658161184209,-0.824257767479703,0.461376071536171,0.112023484917246,0.0795566328718771,-3.66429907439572
-1.16192759257232,0.534039570658742,0.502679644660367,-0.181368226984558,-0.853856040984883,-0.442000381331556,-1.09402422409238,-0.184806758677718,0.239139659237706,-0.176038880238826,-3.87775042159207
0.186515713922521,-1.42605552729784,0.671022055097888,-0.801693038053378,0.435689714941552,0.557201276461376,0.145092494290363,-0.180662472475805,0.12454197211695,-0.224059732730612,1.32259278923067
-3.02166331330915,-1.05550743085685,-0.213196930007619,-1.72453980172032,-1.85329394259916,-0.750173733799659,-0.842434659437852,-0.243946431608898,-0.9757698533676,-1.49706815140233,-9.88069325973881
-0.278428792020706,1.18608175086514,0.855005923701369,-0.957645177162242,-0.334440473253869,0.0796050255529128,-1.96106220778564,-0.321071821457605,0.236797619274596,-0.140997166410846,0.943345022812582
0.79965167502267,-0.264974778120907,0.243678163233172,1.73008785664046,0.690610973918361,-0.975571569263892,-0.155679247577697,-1.08315432452056,-0.920312210555232,-0.215743318860439,-2.55360374648251
0.163263286598257,1.05404057033949,0.634746397190729,0.601429076031456,1.58158531456819,1.8041092415212,0.778211549482914,1.26724935806971,0.464229583373702,1.08844920949224,8.82882490831206
0.813177291070173,1.40451164307947,1.63590161131042,0.971638384418494,1.43179913177454,0.651937742374696,0.781991809570157,1.30848577944306,1.06492766557222,0.823786298495326,10.9628049624529
-0.250704958848016,0.843958786669287,0.356594949518156,1.4747705721744,-1.20846173464233,-0.257502932579447,-0.615690725310876,0.733247525355952,1.12241111543549,-0.9029962765917,2.32671319906247
0.0685029635370736,0.055623808906031,0.393205222483633,-0.0273599144370274,0.870581044860688,-0.0893502620224759,-0.54706236446964,-1.06926425131583,1.32891707213824,0.391767410876206,2.1432346253439
-0.4961075557499,-0.439741817441787,-1.33002746817035,-0.176407268463042,0.206989202201283,-1.23093138333527,-1.2743338757168,-0.556029952047806,0.286986250034461,-0.504127017271082,-1.87645842131269
-0.408210817988491,0.194057324310943,0.622316061235502,1.38219601031296,0.640749794406757,-0.0822955032449335,0.862114002128031,0.914170640530754,0.363175755269448,-0.53446269870696,4.2273371203289
0.509627760479034,0.725439344614809,-1.67142092227899,-0.587791529076032,1.42877265529468,0.271742066803681,0.154867547076187,-0.822002535997431,-0.446282957211558,-1.02396207463436,0.0259188310930802
1.19056201247787,0.978803550276102,1.23526366674651,0.888743087641805,0.53510782266384,0.954447257657852,1.1059646726009,-0.318468846267616,1.43470827101167,0.396719128555283,10.4489148751595
1.75050163099662,-0.204084544796746,0.506361466030578,0.730015572592625,0.311884852957619,-0.120756803374049,-0.921805296515226,0.499079825615805,-0.702103125912428,-0.00149390673444825,2.5302744292008
-3.02166331330915,-0.587211438117222,-0.202393865566712,0.597450034520104,-0.417999178221703,-0.608245174758479,0.17436458670354,-0.240729270202934,-1.40931139229679,-0.146174870085614,-2.5586001639885
0.685214864115335,1.43975545639323,0.827282936880688,0.0349106246351067,0.09137817824128,0.0476869438245884,0.911608079114201,1.22060996230529,0.766687586745579,1.14502053968488,5.9678774921062
0.6421428019809,1.70447162093167,-0.0110177401766914,-1.73738812136392,-0.9377946364098,0.293486054973424,0.268529990624822,0.289146981367994,0.475996176798941,-0.47341480686093,4.40679571414072
1.3021095637258,0.0678387068619059,-0.316370048193611,1.58541042050746,0.198947679038962,0.177087936895086,0.245744329641365,0.551161077404735,-0.683065841266954,-0.360148558641348,4.21918680310514
1.90526872759454,-0.713205252138943,-0.137537186778043,0.166051930468356,1.40474726262371,0.0525115616998144,-0.291631663827357,0.666598613523466,1.14574925522887,0.79287750379314,7.42116530823865
1.33020129823168,1.52688656117257,-0.165438201725722,-0.0296416436267223,0.311884852957619,2.57017614059561,-0.47470267673131,0.462129576674971,0.626264364505677,1.27880468382131,5.79167438392829
0.430446954949653,0.28353973453265,-1.31392526555976,-1.61723822973781,0.412525300519032,0.0269617860463764,-1.09402422409238,-0.999412078548984,0.545059242009983,-0.351109209568235,-5.42779767929113
-0.293725771997829,0.440724688898563,1.1074449308987,0.172877141118199,-0.565403364886783,-1.12676991174569,1.15067617686223,-1.20683393493487,0.330286251931443,1.0979275015805,4.71416463025109
-1.49881297754257,-0.755563033884649,-1.02176273187386,-0.492451259891526,-1.16266798731973,-0.425457299673417,-0.643230792665959,-0.301344971079905,-0.254557320969183,-0.862475670064541,-5.1200444702439
0.180454741553417,-0.753136119144841,-1.73763572831407,-0.674786885998573,-0.469522374533087,0.112547233725757,1.88610929397432,-0.646223476364556,-2.35857935309433,-1.14682043276963,-6.17815556453816
-0.571995369260813,0.231943828770378,-1.33018283484652,-0.120521071419718,-0.0613913039651926,-0.81707093257693,0.804207196889057,0.65933237160112,1.08663275977789,0.519871624863796,3.72680297685845
-0.563562636119841,0.0255415061083827,-1.95346283796607,0.212017249409708,-0.0488558715603562,-1.45876426610546,-0.294939650622177,-0.329867166995444,-0.636138285654773,0.771002199722717,-3.27790487029484
0.626876950023603,-0.0445718032801873,0.202321214060492,0.887592808590935,-0.249717678807991,0.0827119503515081,1.67994459912318,0.653757575245601,0.969648557433234,0.103850382114178,6.79295024849574
1.86392713371941,0.479946582606741,-0.19054556273557,2.17419322116132,1.96520305045603,-0.228537081590078,3.16532392262592,0.947839988265872,1.46055528288215,1.06158814626317,11.9010368513618
0.136948466237801,-0.38138101300492,-1.31896868577265,-0.861866992524381,-0.874688782890518,-1.63966438296988,-0.613355674060081,-0.455051201733381,0.804601281892283,0.00656645343882287,-5.67155443335609
1.59404747221103,0.561584052251821,0.241746550912414,0.475821442021223,1.88329463066748,0.0903715136946035,0.402733821104629,0.393588938139418,1.54336543045931,0.485454203758192,9.51179487713443
-0.518666040363744,-0.590679068268955,-2.31222979325975,0.678508962400237,-1.10194363303722,2.249306670483,0.315179952570247,0.442660738068591,-1.98856100985822,-0.717525717077021,-1.94319486605954
-0.168311098526003,-0.986917944872742,-0.662492543904777,-0.155334301910287,-0.492259130378194,0.0502997183949852,-0.332740920784386,1.14618336652083,1.54487474660162,-0.56436793776442,1.9365560712781
0.0311736168035908,0.322020767328794,-0.436881381674936,-1.22602722842582,-1.34175809822156,-1.18185516908441,-1.64380441958265,-2.07715171892677,-1.07596887749713,-0.739711367980841,-9.29602885357328
1.09151380577572,1.4781625783013,0.276987071391989,1.06808160584597,0.388076483511045,0.93963949346186,0.763769675492833,1.65949865455777,1.69020237256473,1.31986696883706,11.7623290407789
-1.03948657282241,0.130673047179934,-3.07603099737055,-0.489660596350651,-1.52003576942919,-0.909742638389498,-0.785453374436496,-1.2960267851346,-0.901747686517185,0.259533732187731,-7.01461059243347
0.0311736168035908,0.213289361535284,-0.878722405426671,0.0632926643967867,0.456096841267997,-2.03958755927697,0.167469589385923,0.687621703123786,0.28526479332671,0.0911688400910581,-0.0258299384128629
-0.236664432690042,-0.483442304715813,1.09594268539839,0.44350032571777,-0.925833669397417,-1.68164249834401,-0.368559025067764,-0.340941164067788,-1.1041162749631,-1.7048794876043,-1.1545578871633
-0.236664432690042,-0.483442304715813,-1.69497634701778,0.185119484367069,-2.11236073060339,0.728348093943345,1.19286667232709,-1.44388888192695,-0.0190815369251156,0.490909830335061,-1.94319486605954
-0.647873488867554,0.761970182688606,-0.238145077596118,1.01066806124172,-0.910215997413004,1.53027307344013,-0.526181133104294,0.205685956489288,1.02351888668311,-0.330722477488613,3.77013601459141
-1.22252194005671,-0.588648778052593,-1.35965630956325,-0.872944093508648,0.785709908044195,-1.52597491278152,-1.65919641439858,0.160304666679698,-0.553050133090596,-1.04243726087443,-9.14643324328141
-0.314802241174754,1.11544092476068,1.30182314498671,1.68352071579314,1.94603935707738,2.12360984080272,0.629489773796129,0.631368863120797,1.19540197623281,0.0961444145616955,13.9282011406633
0.104864694546241,-1.23020427455518,-0.662492543904777,-0.99981234187342,0.0861623882827157,0.728348093943345,-0.756102307492011,-0.5910836023826,0.806022691234221,-0.531534206619727,-4.65282605654582
0.0311736168035908,0.322020767328794,-0.436881381674936,0.301017035518076,-0.457194263715768,-0.464571818047727,-1.16708341299463,-1.07919469447346,1.14589946845623,0.0238543494296971,1.93641657354469
0.0840985783451494,-0.720123866726426,-0.12234266579507,-0.00157375143571727,-0.0791568674325929,-0.0377865373938489,-0.657531274865185,-0.540043247500938,0.101538920614578,-0.531534206619727,-2.20453621146252
-1.15325645330226,0.534039570658742,-0.275207490053377,0.629256847475384,-0.577946828574722,-0.57085662330961,0.476767979300803,-0.136838829487245,0.495799690869184,-0.578591337654114,-0.750161449026346
-0.943652685937155,0.167987089485173,0.582862284770331,-0.516358595335539,-0.689076740778973,-0.0964954870901474,-0.255224530104465,-0.477180939873723,0.92631557075748,-0.347336879429881,1.60431077579934
-0.882058390679463,0.838407294408366,-0.304621177317399,0.0574653078753481,-1.84328720488501,-1.13177157568619,0.787176313414175,-0.76073581185261,-1.45487300297952,-0.44988240797298,-2.88956580908508
-0.726386188099393,-1.34461057766334,-0.944918168282153,-2.38723832107973,-0.919431228912599,-0.515984468667802,0.0553452039777822,0.0485503335967454,-0.127572682116413,-2.31586021235855,-6.90847462892209
1.28750111181043,0.294011579052161,-0.982445482714485,1.33571376015281,0.723595536368446,-1.22714360965522,0.0241560027313678,-0.678913487592784,-0.955572491223654,-0.110631452222705,1.50187096657904
-1.64303731043266,-0.708412555424428,-0.297225166233021,0.528381851286265,-0.711087432434931,0.883022015238489,0.532437274201164,1.21837025585144,-1.47679608519993,-0.029809763496723,0.718773451928121
0.781410807510418,-0.45913732210208,0.732283117582471,1.51713025630406,-0.464419469633106,-1.22714360965522,-1.77597262464042,-0.450305922553617,0.49548709535593,0.507215757436589,1.15062819153054
1.71761657227089,0.598398277670018,0.0168037156893929,0.678601837413028,0.345756503654095,-0.764454896390946,1.23673273391729,1.46061748373658,0.532425534202153,0.941402389203572,5.12357914620751
1.29375424759697,-0.713460270509318,0.136584282656955,0.224411543823671,0.3205344818597,-0.50717773197324,0.688677923265554,1.39155277079083,-0.911866513257123,0.145268933053736,3.01761920877595
0.654465478103427,1.33074631525685,1.01404163617013,1.82593740969821,-0.659446831468381,1.25186937614861,1.22150603652573,0.594189845969627,0.592533943011303,0.679354230675659,10.4594905534542
0.165763499665918,1.05404057033949,0.634746397190729,-0.0542458679669101,1.06389363806674,0.710533362613015,0.295170878639642,-0.956149991378047,-0.294978187808445,0.0921758239881408,2.89321360229026
0.648045890444073,1.78336175900946,-0.183109479207099,1.51751030276674,0.408306540715763,0.358565909065708,1.22150603652573,-0.504094002765604,-0.846181034657178,-0.247408287178129,5.70926294483455
-0.0351495818675636,-1.05222341546814,-1.36400512353572,0.433823572242443,1.29539351250774,0.564302392547553,-0.175928996330736,-0.42646925869207,0.507780150071888,0.510661281030959,-0.0142359131140171
0.234538826146291,-0.480219984556463,-1.31896868577265,-0.872776529481523,-1.55873254359753,-0.453818824291031,-0.709666567067219,-0.999079315240004,-0.490625051058389,-0.432441554984131,-5.21014092733627
1.17970376128822,0.810456813348555,-0.395585059807566,0.745850134065156,-0.670948923921898,-0.281201634440501,0.993679180985356,-0.1236251024769,-0.163355941494629,-0.626121500710693,1.27833012244336
-0.957647668767205,-0.539847522251083,0.326757159723463,0.147866929798393,0.086660719336558,-0.250719295210245,-0.952205455288575,-0.0827205121176648,0.286759866103122,0.577534724523231,0.00153798501345787
-0.943652685937155,0.167987089485173,0.790875914485504,1.16317710295122,-0.383330162521717,0.636391046014686,0.39799561377177,-0.348888325771174,-0.0124054509600019,-0.533763648585285,1.33017371454034
1.3338460574964,1.52688656117257,-0.165438201725722,-0.588809795319181,-0.327544218966771,1.36794130929654,-0.418780750736837,-1.23524786072303,-0.920312210555232,0.449593939413414,4.04882861681759
-2.56968755709179,0.354649897363001,-0.944918168282153,-2.38293576587198,-1.79157878071644,-3.21679805802999,-1.89561740817856,-0.00943900826724179,-1.74852255987605,-2.07734332953059,-15.0629367495983
-0.843657009202132,0.867354062631059,-0.664467840706587,1.78001546247892,-0.965849810938228,0.785374009271011,0.149394869457187,-1.38446967668346,-0.125447003652264,-1.31242912499413,0.574969477463692
-0.408497977819404,1.05060369007027,0.3002926344601,-0.879662785227016,0.780777898076373,1.74248799189037,1.15349714052416,0.858213176136348,1.23740115455097,2.82918574791839,9.95454182590507
-0.137134039597583,1.09541220352272,-0.154330474750777,0.00155754652204472,0.3609916372523,0.0910915027941039,0.421725306571509,-0.822002535997431,-0.53615430612867,-0.0892160644798279,-2.25337607061779
-0.132025301965917,0.568265763021739,-1.64087167217756,-0.49356948188621,-0.689076740778973,0.696079175812296,0.286962561452891,0.366686732193284,-1.02937748114014,-0.188868860724248,1.82375878504001
-0.673918042026137,-1.83094692819344,-0.211649159502002,-0.332236921705031,0.488785692248296,-0.045320716294513,-1.02892594470968,-0.333235339730962,-0.51879606448473,-1.3327151609416,-4.52197171503389
0.0421718075001437,-1.05921060878353,-0.899886852659322,-0.352515037650145,-0.214089874764516,-0.0772348888955226,0.573851462129159,-1.44388888192695,1.03941002461314,-0.852733504444478,-3.96271848539138
2.18644313872828,2.21017823933208,1.18051441853234,1.08162533977269,-0.245552962736431,1.26728425127643,0.533271611028391,0.143816396118342,1.88308800077625,0.769005311683336,10.0059583798234
-0.147469280827748,-1.28029817369,0.525534393970443,-0.36842546522095,-0.503837187632252,1.35505797522285,0.269446715815407,-0.966176422020255,0.803618379405193,-0.846795123500691,0.00153798501345787
1.3417391347272,1.52688656117257,1.064472544862,2.34817921889216,1.49409006122092,1.49747180873496,1.71251070815166,0.0974898873209643,1.46055528288215,0.294948149063805,11.9010368513618
0.736616585829798,-1.24798233511015,0.356902438699559,-0.880451469865881,-0.922221688673517,-0.433962381559601,-0.589558372762971,-0.184806758677718,0.186104790454848,-1.60880265828281,-3.69471774978215
-0.497693534334775,-0.439741817441787,0.051772093040595,-0.175371110256377,1.08332584003574,0.50750249412081,-0.725659943785777,0.160669903878468,-0.13646201860848,-1.0847441900496,-0.181602765828119
0.26698730633156,-0.0722742208489972,-1.05194284351995,-0.726081523702205,0.772374363704587,-1.57404067576109,0.0734084950902054,-0.604105085626257,0.658053831509254,-0.774403824526244,-4.65282605654582
0.232310167857213,0.168256313697836,-0.742011747809785,-1.32524056259946,-0.148666857509327,-0.0593743809334607,0.17436458670354,-0.740054150214233,-1.02208510917053,-1.37214363675809,-3.70473902858745
-1.56079288677165,-1.85070252809986,-0.369197559902431,-1.16052977791408,-1.14755907957463,-1.25859788469085,-0.669414179314349,0.0513357577086648,-0.000673506342679448,-1.92679587083628,-8.51733138994965
0.149386646746502,0.437666047923315,-0.278647711582831,-0.297051616142629,0.0359840454683549,-0.57085662330961,0.283170383898213,1.12865999598143,-0.281109586297586,1.23043267568774,3.45353349370911
2.18644313872828,2.21017823933208,0.58759321485501,1.70417596157938,0.706691489208879,2.04541024107089,0.524650859026878,0.717914788365213,-0.141695665219879,3.35003114171278,16.7394626831789
0.100452904884883,-1.76878838136212,-1.17031940495788,0.380228613503802,-0.749102870873674,-2.16095968211429,-0.779323357509682,0.0767204263589586,-0.915394258687288,-1.72947375615047,-8.64230101279185
0.0228293415705326,0.347660906190986,1.20736867524842,0.491011118616036,0.0167453864529852,-0.841619013525041,0.64706361083307,1.83353898370314,0.715329770835225,-1.07844814141756,3.54817074828745
0.0521517265200545,0.476493976800234,0.459268414587704,1.17614207288213,0.441760332801198,0.590441298782629,1.14780674566007,0.382423918942622,0.418074050918485,0.651283364715131,6.377785910577
0.530548725509745,1.22592697858197,0.244954815022021,0.194160356184869,0.480555986003986,0.80404531637216,-0.376080162258471,0.653757575245601,0.910936313420272,0.100044422849182,7.68170790313797
1.2209673993061,-1.16139863022137,1.1771072209142,-0.788314497376533,0.1989433791571,0.529543052275944,-0.0568135121617233,0.541009983898853,1.57746954487931,-0.935197628107411,3.77359739359148
1.3417391347272,0.372603633159816,0.228765471286407,0.343173386578348,0.455334047825879,0.850249481819283,-0.492854245041424,-0.432715555275102,-0.219665748174979,0.308794358981141,2.89321360229026
0.160931443914401,1.05404057033949,0.954806275214667,0.0863199243501458,0.441760332801198,0.518076896292427,0.560114784346673,0.134412722408227,0.513033778525444,0.695093239406,4.26634430521481
1.26370304550198,0.493045397211998,1.02232891434274,0.818751901895241,0.633357692633959,-0.394072461269365,0.521712967158746,-0.790346266252632,1.18073284297737,1.28564980796427,6.31246669087891
1.48067858990265,0.830470408046724,0.0168037156893929,0.678601837413028,0.339720869639353,0.710533362613015,1.48672034125986,1.30546905466899,-0.154871450346188,-0.729232902125566,5.38898182737802
-1.07519057759212,-0.203185128726188,-0.300555158161317,-0.598446083787128,0.314801338975601,0.296553376964617,0.421871225307856,0.423011884306511,0.729460467858222,-1.64993199142514,0.0790431904120961
-0.884634674264781,0.838407294408366,-1.63838383951898,1.03190626823279,-0.765667150196372,-1.03578508389877,0.275462074096224,-0.0315125852030932,0.896914559831346,-0.486436832421156,0.395422205774001
-1.04960000722438,0.130673047179934,-0.453749066156883,-0.611102902423582,0.845268632360893,-0.671272222435181,-0.226620589921813,-1.08523955498493,-1.65075830972611,-1.15770538447971,-5.52970058866834
0.016123662217633,0.95828224084808,0.505081077070336,0.512895406556288,0.103543318948734,0.225380961383593,0.0477424076782246,0.0833301635450792,0.00828402346639715,1.53705737836721,5.20239075627753
-1.70735959769147,0.429735660921164,1.28142910174981,1.16317710295122,0.0359840454683549,2.03261826276568,0.294206498124916,-0.238248148115244,1.14574925522887,0.599461323465192,6.35388363020424
0.671349357848673,1.15312059919071,1.2181939111745,-0.553933629214127,-0.19041279473139,0.574047101457553,-0.155679247577697,0.0987169416635284,-0.294978187808445,1.29753754174527,2.1179033259999
-1.08535201218873,-0.296397040977907,0.882363171120284,-1.00451080542454,-0.231155365887398,-0.532130328045558,-0.972941733893722,-1.89562330336858,-0.540474916113679,-1.09835687414807,-4.31297632376185
1.16171032301752,-1.16286655367818,1.91713202816676,0.22685611567991,1.40474726262371,-0.1869467737214,0.517998441709791,0.914170640530754,0.255200107397612,0.449593939413414,6.2762222175074
-0.88363441706669,0.838407294408366,-0.304621177317399,0.0574653078753481,-0.975032979150152,-0.0522395294874023,0.16100203559369,1.02840447090681,1.36746925031073,1.24035455512084,4.68707517753355
-1.68797432569258,-0.529090387628486,0.335965314670009,-0.108647506670128,-0.131061524785986,0.347970540520901,-0.992428106117689,0.0988054743092561,-0.301015254622327,-1.06411599721121,-3.27790487029484
0.0421718075001437,-0.383354905518023,0.397545931314262,0.537994577402556,-0.334440473253869,0.443617438026063,0.399830072458848,0.128763812940769,-0.715355076676581,0.998682145294792,4.06083017361595
-0.728810466548217,-0.499401221002059,-2.27027852309505,-0.594736687540469,0.109575904997946,-0.876293136047369,1.24454552758272,-0.184806758677718,-1.61270455425122,-0.516103370711028,-1.1545578871633
-0.00332965922588364,1.01134810936238,0.411367104767855,0.0762823203871533,1.54816475223987,-0.740774730679853,1.28068039735516,-0.0439091509462359,1.12185028072724,-0.546074572016915,4.2273371203289
-0.843657009202132,0.867354062631059,0.0472379836014289,0.854980743911548,0.41435293838544,-0.0628512790706159,-0.884702986181065,0.167170631901733,1.32859512449287,-0.652682321341791,1.76553517822866
1.2374816821123,0.946667881677304,0.827282936880688,1.81210662772777,0.74241823960903,1.55077817881367,0.441375860831891,0.930110330071705,1.5692859008726,1.72128203917858,14.2131219386327
0.793807149153067,1.22679051401031,-1.0249787948264,0.887592808590935,0.497821796287064,-0.785591422937313,0.318946754840026,1.58264391280223,1.57746954487931,1.74894912349545,7.71940461899837
0.0393929025092023,-0.34603786516057,-1.33018283484652,-0.942768142532594,-0.608207921357289,-0.281449448747773,-0.490146041016575,-0.695534090699454,-0.31897054397209,-0.195169714457924,-3.9236922007395
-0.495372560937057,-0.439741817441787,0.051772093040595,-0.175371110256377,0.410857283089535,0.16142404137268,1.35698397555736,0.330079126209544,-0.120458589878751,-0.00412883930050663,2.0329808500961
-0.884634674264781,0.991098023952748,-0.442702617048742,0.769049574222139,0.565148743610379,-1.32381451567509,-1.79676001650241,-0.396675576202524,-0.839804963082605,-0.0475395614979666,-2.31201226606216
0.509627760479034,1.30013888342168,1.27113134145292,-0.553933629214127,1.58158531456819,0.715570662094101,0.755409745755467,-0.453455458451469,0.766687586745579,0.426286208419466,6.43356673992285
-0.039330184027157,-1.05222341546814,0.178154847968137,0.478363010633742,-0.498255364365388,-0.228484348670722,-0.176018004537314,-0.604150415111092,0.548793261618391,-0.852733504444478,-0.359332680618677
0.121504382107701,1.36299535754863,-0.254085658311566,0.0768109688118594,0.93940926056027,-0.195742819139002,-0.709722733897314,-0.239767301504056,-0.233110651442214,-0.449840655757562,1.16950669847148
-1.69551571577589,0.429735660921164,-0.475946347412567,-0.757742734852564,-1.10847112495427,-0.198005261706615,-0.841737742345607,0.460632121807247,-0.526895698888219,0.422965792480958,0.0050771643229699
0.677372076706461,1.15312059919071,1.02242625864732,1.16524732589784,-0.143883907891868,0.869449451692007,0.121821488776278,-0.169444536161373,-0.0504213506137311,-0.391529526251125,4.41664951121042
-1.50956153619668,0.0217116063159763,-0.341989422657194,-0.504371533747933,-0.843140512070999,-0.334695444688076,-1.53238629343018,-0.381971856101277,-0.614247451825829,-0.540063023087874,-8.88930773095536
-0.00206673059258197,0.111443471088264,-0.435193927384155,-0.298529152009382,0.715614931364148,-0.288459719614018,0.192008910520505,-0.858879817296557,-0.0405030298304337,-0.140997166410846,-2.99277021025548
1.58693969859003,0.561584052251821,0.297703535364061,-0.499273674481878,0.312008766343938,0.0474503270649376,1.24102482845653,0.604642877355562,0.896695004173047,-0.275373264043115,7.68170790313797
-0.425742570340862,0.260269265565012,-0.599309837248047,0.705014083056629,0.246834224407184,-0.0707759313529161,0.34157265515312,-1.06582258268117,-0.803002896842582,-1.34336216007504,-1.2638541020478
-1.65034548188181,1.159460039179,-0.391552129348118,-1.62870334335034,-1.70497971374829,-0.0413898435567386,1.82866214707477,0.798674050036937,-0.152543798737891,-1.69345797542006,-1.42863049720342
-0.19189022956794,-0.0177200827292617,-1.279654471918,-0.575569772485104,-0.734726367181992,-0.519961326016251,-0.524838957058428,-0.624081959060928,-0.31897054397209,-0.695691056124305,-5.02109812657145
0.0760541431487884,1.04548247676129,0.613393480031678,0.863421749722458,0.312008766343938,0.913306525118963,1.89416815310804,-0.40115077967455,0.800700280926776,0.0112248859763581,6.43356673992285
0.00588138538682717,-0.967933823912173,-0.883786789940024,-0.757742734852564,-1.71790917469045,1.97570131477125,-0.294939650622177,-0.0344929602596326,-0.31322160200508,0.0238543494296971,-4.2471448612902
-0.726386188099393,-1.34461057766334,-1.39152041848217,1.03967110413592,-0.0798599939517666,-1.38533820921229,0.648674944813562,-1.67691583496454,-1.5083283246771,-0.739711367980841,-5.69431831731741
-0.412430701761501,-0.907308286298261,0.514253783398686,1.51955642651511,0.472908251546129,1.3271417862712,0.829246898984374,0.0540883946005849,-0.469210576525169,0.704976972863758,5.20239075627753
-0.549288100858285,-0.561237677571279,-0.279028912162003,0.577624447074209,-1.37245212493611,-1.5661112375087,-0.830052942557848,1.06232029994992,-0.148394652574925,-1.1562619195316,-3.69471774978215
-0.132025301965917,0.568265763021739,-0.589548292706044,2.00265268728142,-0.890106461129016,0.901224133505334,0.196040265325821,1.05144562829778,-1.92768550381911,1.01296274996566,2.29370212353512
0.29994708494117,0.612229053468752,0.861728722678345,0.601429076031456,1.38865773694018,-1.48245547920782,0.0432371204083141,0.564118147838417,1.65439359435286,1.815774051792,7.56793514620433
0.321614113678125,0.0911778280372836,-0.742011747809785,-1.46974121097593,0.676232841191905,-1.99784008600496,-0.0727512844074034,-1.20132569955346,-1.1156086152501,0.771002199722717,0.339571434725943
-0.447336522581276,-0.49364328539314,-0.20817007226392,-0.161413619140676,-0.201163108075517,-1.18185516908441,-0.348985482037088,-0.184806758677718,0.0036397383398099,-0.121314112401785,-1.99930828981868
1.12923083275926,-0.657852710553994,-1.3103081055812,0.0498814640488159,0.37045961567329,0.783506154524549,-0.768513380969735,0.196803979306994,0.790222980976988,0.357370643336246,4.71416463025109
-0.132025301965917,0.568265763021739,-1.64087167217756,0.173813101359905,-0.626532184568611,-0.532130328045558,0.275462074096224,-0.273317108291085,0.615105112863307,0.222321124065031,0.0905192192006586
-2.09427657027079,-0.795571158297007,-0.807785558007248,-1.16052977791408,0.516902153497951,-1.18133010430331,-0.996711599941683,-0.617476261379191,-1.61358392152704,-0.542083928691947,-7.72471996209183
-0.547628068431467,-0.561237677571279,-2.31222979325975,0.602611388089129,1.2362415570187,0.252807179317491,0.399830072458848,0.968235642835458,0.546920421896994,-0.91310179659081,0.223278705234953
1.91455069010514,1.48106657387837,1.20889083107887,1.08405911085946,2.8929753029618,0.623749070857057,0.38327410992135,2.55511781713605,2.18190677585837,0.802258887536826,17.1300257058255
-0.407765447241739,0.194057324310943,1.1196568307943,-0.0723854306208392,0.169413317119676,-0.741077594156476,0.196040265325821,0.0817454169138859,-0.676009130156187,-1.31242912499413,0.0790431904120961
1.4624366211642,1.42691155687579,1.064472544862,2.34817921889216,2.05488461869337,-0.14492069841455,1.43202033494225,1.78162995803259,-0.508414322440986,1.11363419503399,12.7094898091414
0.537470386507198,1.22592697858197,-0.137821084620229,-0.303912193038251,0.628543850006263,0.978806901323203,-0.769730926197286,0.346931229526248,0.558281062802852,0.651283364715131,2.1179033259999
0.528283043845976,1.57690464883502,1.92950588346677,0.44732082449638,0.893933411632306,1.55150090375376,0.778211549482914,0.890684944089644,0.725273244593558,0.0961444145616955,9.95454182590507
-1.15325645330226,-0.324350780933866,-0.112184655774025,-1.44239154305282,-0.646914947524421,0.0502997183949852,-0.996711599941683,0.677076648410098,1.14589946845623,-1.48875744245843,-5.13266712390918
-0.843657009202132,0.867354062631059,-0.664467840706587,-1.05421458611637,-0.331176816495654,0.713550046868314,0.718927014495791,-0.744094160894724,0.320956002048409,0.615265780134535,-1.50804645267718
-0.132268068772941,0.568265763021739,-1.64087167217756,-1.30956949022559,-1.45298488918873,0.185059755548276,-1.27713067612131,-1.74933997823615,0.0299971150368118,-0.157718276057552,-7.70246450138558
-0.0178243425538354,1.1101365844704,0.0761762759541128,1.04800979777889,1.95398832680492,-0.885456617502213,-2.00529080186149,0.0987169416635284,0.692165026689331,-0.422663535749636,0.434619758716145
1.24228862467767,1.18179085888216,0.387321317628312,1.06808160584597,1.13363664558904,1.04763650281932,0.755409745755467,1.30848577944306,-0.815981446919504,-1.35221321195002,6.64881073046982
-0.36496052379486,-0.743167999466632,-1.36400512353572,0.185119484367069,-0.214089874764516,-0.811404475313141,-0.995608915163105,-0.329867166995444,0.261773927330968,-1.46942943407505,-3.4444668750184
-0.728810466548217,-0.973800068796586,0.938080152732779,-0.918567117704789,-0.708626299609999,0.0386106248592807,0.315179952570247,-2.53068964416152,-0.478615232002872,-1.09835687414807,-2.11248100960603
0.268614956781148,0.200809689399127,0.503789866115557,0.666236894416992,0.628543850006263,0.892797958085999,0.829246898984374,-0.790346266252632,1.28559333358711,0.79287750379314,5.68897311151025
2.0046563435511,0.551121599316385,0.10645099679706,-0.789623335063036,0.60076000721824,0.0945261913628363,-0.175928996330736,-2.11346442325934,0.692165026689331,0.141178704385771,0.93944360204312
-0.230718382460274,0.307459287546856,0.41440328441983,0.0194393690391756,0.482477253248511,-1.6807138724524,0.546654098504684,-0.744094160894724,-1.96795651596439,-1.14682043276963,-5.20936086324658
0.383179599342454,-1.03762581774794,-1.21020165769192,-0.504371533747933,-1.65812205970302,0.647436828617268,-0.605215213769688,0.974145072038256,-1.32215803006137,-0.33953564315751,-2.49123625633139
1.9689024679442,0.863850556808353,1.43708434278451,0.175484558610953,1.37266545606507,-0.0688706117069123,-0.455309233410681,1.38701149063062,0.823604526777699,0.679354230675659,6.96886029851296
1.3417391347272,0.372603633159816,0.933995903302583,0.607115712892417,-0.527690126759132,0.568581415970987,-1.14536017120649,1.58264391280223,1.14574925522887,-0.391529526251125,7.64984373109265
1.0958962815717,-0.409857757173747,1.67658668533735,0.760772775779152,0.507285557540471,0.793252739004106,1.12024134771998,1.78072448244909,1.63782345438731,2.82918574791839,13.9291166081279
1.11515759470648,1.28744377561778,2.11065976401483,1.92440449875816,-0.133514201040366,0.326975313003582,0.763385985576748,0.890684944089644,1.35362259677245,-0.345184441254889,10.610644772718
-1.39633201761055,1.32757296135593,0.67907615011226,1.5450009998391,0.93940926056027,-0.110088890744137,0.482369799854261,-1.493763938163,-0.245396241842155,-0.00412883930050663,0.0688079215643018
0.210723289236271,-0.129516811417163,-2.1898992480545,-0.248951481521266,-0.0613913039651926,-0.881506987654318,-0.702001871441873,0.163459592999808,0.024962968461027,-0.979888923273434,-2.57147736821896
-1.25031424017533,-1.93932877419234,-0.890116779361828,0.745566518250907,-0.613930653514139,-0.665663218463454,-0.240993003350095,-0.410600744329381,-0.31897054397209,0.292578104486729,-2.57147736821896
-0.957647668767205,0.375936797372505,-0.312387147464444,0.351575587446523,-0.149974352905724,1.4418009599617,0.716448405446993,-0.910966386112712,1.19274203187765,0.973641153053871,2.72148184026904
1.27671482795297,-0.713460270509318,1.18353511421264,1.43860524989594,1.67672294591911,-0.632531175852501,0.594751275294968,1.42357795127034,-0.154871450346188,-0.41246069994625,5.38898182737802
1.51492075578825,2.27425080220362,0.620002547873148,0.520270863365453,0.885259320240721,1.35508166014466,1.74236002933282,1.1728352999468,1.49774499409836,1.63262454048349,11.9010368513618
2.67544132704078,-1.19356510727977,0.0103396815258169,1.30199149235503,2.41697048344769,0.716997941493889,2.06345975559523,1.043733713837,1.21340750082404,0.436237192830693,13.5115810817214
-1.15095645634333,0.534039570658742,-0.433514813414741,-0.184471257550163,0.37749459846431,0.734789707404329,0.312640641178052,0.521746118535728,0.58485278935638,-1.13974594144953,3.18225169017946
0.0593514075418136,0.476493976800234,0.459268414587704,1.17614207288213,-1.29940512509433,-0.792599027590783,-1.09402422409238,2.25002659183301,-0.920312210555232,-0.496702070487839,-0.0874319241348442
-0.278409203090078,1.18608175086514,0.855005923701369,-0.957645177162242,-0.622957101928624,1.02829426904298,1.81422478216786,0.785776373635818,0.182053222077956,0.993923567791947,7.49110465720895
-2.56968755709179,0.354649897363001,-0.944918168282153,-0.492451259891526,-0.285127191013694,-0.433962381559601,1.51104633872148,0.00239972201826341,-0.31322160200508,0.735144035317295,-1.15900075624457
-0.565423714776647,0.0255415061083827,-1.02651659388762,-0.9877522942003,-0.648093171385804,-0.608245174758479,-0.019628654314537,0.483567837736379,-0.690081718383188,0.15348969982672,-0.954577978526151
-3.02166331330915,-1.20394866824108,-0.213196930007619,-0.0622984230327788,-1.12108802540322,-0.507892667436276,-2.00271144083765,-0.869919701105343,0.605008840970357,-1.74133228607885,-9.98405804495495
-0.681902877728059,-0.00937759640556686,-0.560171065992234,0.214620386684716,0.384377086678977,-0.685402591278439,-0.615690725310876,-0.17390726190985,-0.31322160200508,0.680448068441529,-1.18159410141308
1.10869015471172,-0.549347126445291,-0.459235369155183,0.972389620629996,-0.624314881897311,-1.42278141366049,-0.496622135374084,-0.419232399995491,-1.48710397426919,0.138801057907174,-1.94319486605954
-1.74609632102436,-0.119682408124758,-1.59345136472693,-0.771578742771976,0.117169708450115,-0.453818824291031,0.226127144736416,-0.240729270202934,-0.526895698888219,-1.66238473134729,-4.3587419480361
-1.68179747393252,-0.979033686783024,-0.637333956888377,-2.38293576587198,0.14936342985127,1.82764317147059,-0.4071423085418,-0.0218046375071868,-0.690081718383188,-0.33953564315751,-3.37847244209588
1.52693522367933,-0.91065914691239,1.66894876366726,-0.466553888823526,0.555619075763828,0.954665149088169,0.0432371204083141,1.05453519785365,0.532425534202153,0.289512849717603,6.35388363020424
0.180454741553417,1.71101273781351,0.138904092672189,0.12434102132838,0.232369524162766,0.550427085632463,-0.911421978475208,-0.111906022642453,-0.452458485597691,-0.277704809754882,2.30503294518258
-1.31153845180178,-0.34431108015053,-1.36213150988635,-0.540673819627513,0.0528177987630067,-0.583738521348439,-0.767819708959369,-1.46832487243001,0.373510660460188,-1.3327151609416,-7.70246450138558
-1.00562159984673,0.213935410361886,-0.200794045720459,-1.63840625037038,-0.427064678929916,0.514239173188295,-0.0842437785731733,2.21984714815316,0.378023913352023,0.145268933053736,1.3645129340433
-1.25031424017533,-1.93932877419234,0.0556694470975077,0.568957942058387,-1.21737120998776,0.402424070016477,1.24854383561481,-0.685255880695148,0.408348106132177,0.283831526954058,0.0721765051344991
1.24698998724523,-0.930147248952046,-0.0328093130733715,-0.490277717601565,-0.327518192480682,-1.57404067576109,-0.338471130364431,-1.02932625027989,0.028277187981537,-0.781506167455962,0.424871021464709
0.631537494327337,-0.0445718032801873,0.439392725080711,1.40754016953261,0.891063536575253,-0.841619013525041,-0.313598993759001,0.438856631541239,1.58681633444324,-0.245874378638855,5.70926294483455
0.149386646746502,0.259597976040566,0.670089201863007,0.497228918537109,0.956634226433249,-0.279830870479513,1.48672034125986,1.18870602040248,0.128350436712179,0.695093239406,5.12254243684986
-0.671735676577058,-0.560459625190943,-2.27027852309505,-1.16052977791408,-0.333220880794602,-2.50622971802773,0.180174525997328,-0.41988728110541,-0.629268454851094,-0.476645857587252,-8.95610395392841
-0.495696650877634,1.01591878310641,0.202321214060492,-0.0128271015402255,-0.334440473253869,-0.265356007430025,0.638186775649988,-0.0858997551823808,-0.436462913653232,-0.246385375044948,2.75601555960654
0.258657773100935,0.818005538767657,-0.137537186778043,-1.59251549380248,0.881733755910384,-0.224721494961191,0.706549304141003,-1.27536333682941,-0.560998624292826,0.615265780134535,-0.573118393798752
-0.447334674148329,-0.49364328539314,-0.20817007226392,-2.77593350685999,0.183522338213322,-1.82741486955292,-0.960415960245834,0.416216179446373,-0.458505887490539,-0.358750321365197,-6.66321968588692
0.517723327218128,1.57690464883502,0.241746550912414,1.84997879921128,-1.42891389910192,-0.439863194282517,0.546654098504684,1.05453519785365,1.15309804105073,-0.483981677935607,5.04279737436312
-0.0941931731515018,-0.478837982399665,0.621061064271052,0.661346886972361,-0.334440473253869,-0.57085662330961,0.298688342335604,0.229772529900775,1.58717778937021,0.184143857997695,1.61213775830675
0.558964984845107,0.645418745812276,1.2552230957887,-0.0177952334898193,1.00215956593183,-1.95207787849687,0.867556166121493,-0.424480164662797,1.58681633444324,0.328333348521113,2.18900435828544
0.0409192784323653,-1.05921060878353,-2.39199559287845,0.695737568145838,0.157279053546157,0.331234128200397,-0.282534557188233,1.62778095937997,-0.152543798737891,-0.507233493556324,-0.750161449026346
-0.288359509950994,-0.92920861302385,-1.4159367629746,0.212017249409708,-0.749102870873674,-0.560125503051,-0.789772644646749,-0.624081959060928,-1.05493284792752,0.773659803747699,-5.43250744583678
-0.220972703159664,-0.77176913628689,-1.05821009915839,1.31354255751578,-1.84328720488501,0.0385213606019194,-1.74167023865329,-0.571267061521822,0.286986250034461,0.350664544194245,-1.75259463561901
2.15516706756152,0.271629872395106,-0.0110177401766914,0.287471020617754,1.55536301656392,0.165739088387649,-1.13308531610003,0.34692884721609,-1.0745681133779,0.583635117502348,3.9560917129494
-0.273143319253558,-1.47884378771329,-1.59345136472693,0.984083670044603,-0.214089874764516,-1.44689927390652,-0.461690921527441,-0.820868656703462,-1.05493284792752,-0.42275650755092,-6.69726529798377
-0.422072116589926,-1.78439813166181,-1.02176273187386,-0.396928445185856,0.805251833825048,-0.925325187123645,1.09573136847621,-0.477180939873723,1.11172904762608,-0.33953564315751,-0.20898261149283
1.77794153607298,-0.204084544796746,-0.0220817185832633,-1.91301395389437,0.482477253248511,0.550268031028732,-1.17946923879248,-0.0483829157413339,1.32891707213824,0.117940720431898,2.84981955208049
0.528283043845976,1.57690464883502,0.827282936880688,-0.136562751319217,-0.0281649539564814,-2.039936656423,0.730886655426068,-0.858879817296557,-0.418760372811774,-0.0132070710938695,0.868088681962633
-1.74228153360398,-1.00823466263672,-1.63662073781462,0.331474432629238,0.340082724669561,0.647436828617268,-1.07734081664293,0.855405751097323,-1.52428608024263,0.0652862152978524,-2.05010602504187
-0.203297615501497,1.56074184038577,-0.186164247054898,0.352709427196683,0.916578873625417,0.80404531637216,1.09163069535766,-1.12470903549521,1.57746954487931,1.03742710273608,7.57758722583489
-0.0351495818675636,-2.23108914876384,0.882891767004922,-2.77593350685999,-0.570812379940457,-1.1571275481978,-0.682154563794559,-0.869919701105343,-0.0337944267273964,-1.67669883673348,-6.2452046376336
1.77794153607298,0.546372551132976,0.862598162804959,0.553393794643504,0.295006094004119,0.192108722923368,1.0728240266898,-0.325631421193326,0.0380168799340099,1.10870207229951,7.95335362657091
0.369746149099287,1.26385539497492,1.07908478105232,0.607115712892417,0.518483561997968,-0.141961371285593,1.28068039735516,1.52070215223124,0.253259756162975,1.44495707959811,10.3243941317603
0.389839791286228,1.03161162724813,0.794636188346655,-1.73738812136392,1.21189090312425,0.0786681160509898,1.68141735260779,0.794596099824864,0.953446847044742,1.29899099357018,6.74595008380098
-0.0640866165210986,-1.21395362863282,-0.561890990532114,-0.155334301910287,-1.65812205970302,-0.341950775497062,-0.442632712753338,-1.47819524231404,-0.127572682116413,-1.18586570509684,-4.16588323512379
0.772282281733747,0.51259149930679,0.964436313960889,-0.366009822989638,0.284957813423778,1.18576116659396,0.583588158813716,1.12961292692382,1.85886984415964,1.44495707959811,9.45850232407662
0.62156639219119,0.997290507517078,-0.185696055492472,-0.188548631930416,0.145058292692564,1.02829426904298,0.245744329641365,-0.97364894808528,0.922416996553243,1.28564980796427,3.9893915678952
0.389839791286228,0.639778266403827,-0.633049203860282,0.478513181037533,1.57417307720005,1.10572373389463,0.441103118737296,0.0859505701425942,-0.762719765722073,1.00086115841592,7.68170790313797
-0.210008629449725,0.820193820145431,1.76968382889329,-1.6004377846388,-0.454349720382945,0.146317232881395,-0.386105875054606,-0.187060617673165,-0.225787033787276,-0.117571284108449,-0.187858367260637
-0.408366879921753,1.05060369007027,-0.322934479481037,-0.301232379695683,-1.62741188280475,-0.452055428264432,-1.35721473925665,0.00239972201826341,0.024962968461027,-1.06602550970177,-1.91893430329028
0.813453389131114,1.40451164307947,1.63590161131042,1.63360257854472,0.742753986962227,0.7962265060406,-0.0103272257893356,2.13745416516569,0.725273244593558,0.402619595806972,11.2535953675656
1.01879483675913,-0.0449785936763288,0.575834794507974,-0.11129568366613,-0.695745681512704,-0.725706176792062,0.832267924530746,0.409864691510909,0.146811981040117,0.532291357667807,1.37095989442302
-1.30883015227524,-0.0648925344637234,1.36127469281835,-0.615926020778804,-0.503837187632252,-0.24350684869085,0.891945338443659,-0.740054150214233,-0.560998624292826,0.680448068441529,-0.43178690237389
-0.63566382091378,-0.65484294310502,0.671022055097888,0.557269799028152,-0.975032979150152,0.276043248767442,-0.967514696343979,0.0485020137697358,-0.677054317555177,-0.737664124085086,-3.96271848539138
-0.63566382091378,-0.603733146512166,-1.4159367629746,-0.478192645217582,-1.33547610187844,-0.0494486814619855,-1.27713067612131,-0.782406658787906,-0.407727856914397,-0.862475670064541,-7.83808948662089
1.09521504438774,-0.624871409107974,0.670089201863007,0.437295296969426,-1.62650536565725,1.4418009599617,0.66395174110078,0.202765023027631,1.57746954487931,1.22178895928057,4.20439401234595
-0.00661208513521341,1.01134810936238,-0.633049203860282,0.35113374583151,-0.551934185889628,0.563369384465933,0.893559125107968,0.205685956489288,-0.0124054509600019,0.683480675496036,2.89321360229026
0.685214864115335,2.31289638897537,0.989501266430531,-0.0607667375022214,1.58605637670429,3.04668754041237,0.372397984019989,0.631368863120797,1.19540197623281,1.22172988847469,11.3299759658305
0.53039362444196,0.431342421121632,0.0588539451048472,-0.0723854306208392,0.139057525410602,-0.137947772381347,0.34157265515312,-1.1742435997903,0.692165026689331,-0.289729117214221,0.81520707084822
0.705351221705361,2.46111535387285,0.130536722989122,-0.553933629214127,-0.625807992177255,-0.105291238774308,-0.101939197998898,0.252893712437473,-2.44002322377862,0.329620437711023,-1.08159588197186
1.11826950330966,-0.625881858628954,0.856375771702551,0.131756934442724,-0.624314881897311,-0.224721494961191,1.16870187952883,-0.802433431454282,0.627909721270732,-0.533763648585285,2.33181270601358
-0.294325547796783,-0.840157472034337,-0.91291267875602,-0.747692757341112,-0.915559861980748,-1.82741486955292,-0.553153994954826,-1.03237218818178,-1.32735214101924,-1.72947375615047,-8.05367777933293
-0.508867601711536,0.0761767490400518,-2.27082886437221,-0.561936338835029,-0.558006609111928,0.335867578347034,-0.702001871441873,-0.333235339730962,-1.46451674526982,-1.60880265828281,-9.14643324328141
-0.380936861322836,-0.973048817638154,-0.115690173733959,0.173813101359905,-0.0312823518308304,0.244259592904952,-0.775701202541577,0.552687366037811,-0.397451256841696,-0.555175253790416,-2.2644630051801
-0.77976152324925,0.311798364142022,-0.171149903833451,-1.58367054890791,-0.246596158450339,0.24070265660604,0.975381785940092,-1.01309091532594,-0.689574947077304,-0.0597130111009495,-4.10200547507412
-0.408366879921753,-0.221109737634321,0.0518465989298023,0.74038653497388,0.192251583581456,0.759766784149941,0.867556166121493,1.24313828183216,0.635249039216903,0.344150831970018,6.06503742980497
-0.203297615501497,-1.23277422781379,0.326757159723463,-0.423374157189826,0.0586349349186563,0.140527936555882,-1.24517390023656,-1.67691583496454,0.499792329585496,-1.35392736733651,-3.89275992204919
0.489716410795317,1.47915188782428,1.63341584189536,0.615647712826415,-0.143883907891868,-0.114356225369282,0.486470478008463,-1.13344815895366,-1.0745681133779,-0.506770416155452,2.97514862331697
1.51492075578825,-0.91065914691239,-0.514582360161354,0.661346886972361,0.640749794406757,-1.4126912514749,-0.589018144528917,-0.478711956939041,-1.98856100985822,0.804805107455884,-1.31179285121499
0.953768321727988,1.73928001695949,0.217683301320069,1.42438361724793,1.43179913177454,0.602254535956861,0.921333993959701,1.46401141209013,2.17336684830933,1.82538693105216,12.3445333313758
0.821008854035175,-0.871499497291469,-0.158264416242102,0.065722367408355,-0.582011657972926,-0.366325278695555,-1.05434908726095,-1.44388888192695,1.14589946845623,-0.121314112401785,-2.17509153855403
0.26698730633156,0.200809689399127,-1.17378434053546,0.228452612195015,0.974113308108252,-0.444757634699626,0.706549304141003,0.101687074929808,0.930293065466724,-0.330722477488613,2.56134626919198
0.0521517265200545,-0.35133192790619,-1.61528290421617,-0.747692757341112,0.054679887825834,1.26215769005608,0.532437274201164,0.811612105209038,-1.13883705975137,0.627142040908315,1.66940104087059
-1.24280326339605,0.623940970838501,-0.275207490053377,0.433229248670195,0.228316653391149,-0.0841344998463857,-0.855214434930632,0.382483039570179,0.767597797825582,-0.178331370267058,0.868088681962633
1.27671482795297,0.294011579052161,-0.5677087851857,-1.729610063497,-1.18533743997021,0.587818437707348,-1.73950300254162,-0.340941164067788,-1.30837355148215,-0.664980348426009,-3.85120689400318
1.16171032301752,-0.00683088079046391,-0.545888299397761,0.355075323403815,0.064782448645145,-0.0266223866908897,1.26696802967179,0.873916274774499,-0.948088979603477,-0.277704809754882,2.46928484633125
0.0228293415705326,0.347660906190986,-0.0652986244604996,-0.142637575275975,-0.582011657972926,0.443617438026063,-1.3918560849613,1.21837025585144,0.0132909387790938,-0.156065006189327,1.9365560712781
1.57613753516448,0.115717400217612,0.589313272464926,1.13588209302579,-0.970739422243089,0.612655363475829,1.67994459912318,1.15309795673426,0.986664868977398,0.941402389203572,7.9238907969557
-0.152855161009542,0.397016756516279,0.913776547849155,1.12912182955786,0.519265383925223,-0.358536272510886,0.680323707129943,-1.23524786072303,-0.675225896819986,0.0284531309606248,3.65219334472874
-0.693700173495464,-0.400509190138608,-0.898982086705011,-0.416756296951379,-0.465644202579421,-0.570682271937202,-0.622366914018226,-0.350217612132536,-2.0418063140835,-1.27866476592738,-8.64109872712931
-0.20878953949713,0.820193820145431,1.76968382889329,0.368352076548363,-1.36687162448944,-1.0430822903009,-0.867697940340201,0.695676339732802,-0.947895711781735,-1.14248191054299,-3.23631566658249
0.210723289236271,-0.252316143380173,-0.234775056205566,-1.04727855477237,1.01310496158971,-0.671272222435181,0.169429196277832,-0.166583177854621,1.00355750502097,-0.496702070487839,1.15062819153054
-0.455925263130867,-0.758869971261094,-2.27027852309505,-0.594736687540469,-0.613930653514139,-1.80830065564441,-0.669414179314349,-1.2960267851346,-0.428175333859041,-0.655333691921762,-7.67394656065072
-1.84664572169602,-0.212103141243933,-1.73121528015334,0.552108364134635,0.333250521465775,-1.46405486341801,-0.763141395803107,0.779595646283106,-1.98583671264135,-1.26933924627307,-5.1200444702439
2.09751004138307,0.857458453178072,-0.165438201725722,0.607115712892417,0.526310036405397,0.574047101457553,1.15945684429729,1.94406554877358,1.93125575509169,0.689502510980589,10.1105228944812
-0.598258563901618,1.38449768461828,1.30182314498671,1.51751030276674,1.07173565793506,1.881762907444,0.508456583067389,1.11981954030277,0.464229583373702,-0.61463896733499,8.69737837811417
-1.70735959769147,-0.132567804929974,-1.35965630956325,0.440499670231121,-1.70497971374829,-0.458254342036625,-0.442632712753338,-0.666421966087327,0.659332521139307,0.431918739747776,-2.05563051223499
0.208413880262422,-0.240087788698372,-0.802767681036055,-1.42377181875217,-0.456700717731812,-0.780656502992989,-0.019628654314537,0.0446154094627399,-0.687488260995449,-0.176038880238826,0.424871021464709
-1.23920686676258,-1.14362098477558,-1.11624345665305,-0.976058216845221,-0.672440400695111,0.052595573112768,-0.285519827624963,0.0649076902664203,-1.98583671264135,-0.343586791245974,-6.36569603982783
0.648045890444073,1.78336175900946,0.296238040394824,1.32186887957042,0.388076483511045,1.55077817881367,1.49472863872005,-0.0902638084856992,-0.154871450346188,-1.31818840904123,5.23370979753928
1.57613753516448,-0.413923021175563,0.998023128391737,0.49992497153201,0.537667880793538,-0.0628512790706159,-1.32697744648581,-0.20901735031514,-2.21582270455357,-0.465961514187282,0.718773451928121
-0.4961075557499,-0.439741817441787,-1.33002746817035,-0.701601221780234,-0.558006609111928,-1.38533820921229,-0.19684530640182,-0.381971856101277,0.788694013160059,-0.831073598529969,-5.86153966008319
-1.74609632102436,-0.848275839453973,-0.721105046882512,-0.492451259891526,-0.89802434571454,0.0118670360546235,-0.524838957058428,-0.689993447737546,0.253516247571568,-0.784892225690823,-3.97076904508783
-0.508867601711536,-0.852090777024743,0.147744739491362,-2.77593350685999,0.340082724669561,-1.16014431429402,0.267771937149443,-1.70989491979063,-0.623237066837673,0.773659803747699,-3.81119833648694
-0.234632405083028,0.518036696197164,1.00221156633159,1.55607312053568,0.471175719658372,0.991435352628034,0.920891639964759,0.855147796773159,1.95158977895983,0.426286208419466,10.1160919142904
1.10957894168932,1.28744377561778,0.904120214618678,0.929129124542876,-0.341924841584141,0.93963949346186,1.16460920229972,1.47822477749726,-0.410509427242369,-0.30771169349072,8.50325303767678
0.218702010882079,0.472244093739894,1.1272949945744,0.12434102132838,-1.43403997738034,0.736081737067263,0.857213557431518,-1.02925730048997,-2.21582270455357,-0.578591337654114,0.943345022812582
0.0311736168035908,0.322020767328794,-0.436881381674936,0.301017035518076,-0.457194263715768,1.24316377300161,0.192008910520505,0.564118147838417,-0.715355076676581,-0.667914752643987,-0.177313717825225
0.524602328966262,0.833146037386338,0.691156895809233,0.491037172873098,1.56592053066864,-0.129450522511495,0.809684361554066,0.382423918942622,-0.932110706774731,0.651283364715131,7.49110465720895
-0.0178243425538354,-0.488649679642992,-0.542022641300754,-1.57327332426995,-0.246596158450339,-0.811404475313141,-0.940409502248221,-2.09886208617729,0.495099219103892,-0.922820351296475,-8.41556936681713
-0.0171016839470534,-0.53778849706372,-0.499219504613814,-1.63840625037038,-2.44589338771301,0.402424070016477,0.791682918183416,-0.782102560836818,0.386137691812331,-1.39195149956876,-3.81119833648694
-1.3685275416305,-0.549638139266764,2.10010963986913,1.08218952113304,0.759654802823656,-0.910247146735819,1.00456062678559,-2.06403280691587,-0.281109586297586,-0.625670582486878,-0.0221759690724694
0.120643008229091,1.36299535754863,0.163608646225151,0.52829894613585,1.95398832680492,0.0476869438245884,1.000496070329,0.77589889449681,-0.268578135988981,-1.074703945584,7.68170790313797
-1.2921746543216,-1.75997574993078,-0.84349091320535,0.0538924323255352,-1.63025593920043,-1.39314307834028,0.128598761837675,-0.544724121066574,-0.641531794308299,-0.151797240527012,-8.64109872712931
0.767508319882412,0.51259149930679,0.475238955085537,-1.12537562908392,-0.356307101591671,0.502858648868625,-1.10126193073136,-0.701725640396685,0.320956002048409,0.167834957130443,0.87951195717359
-0.311525995925431,0.502320431795826,-0.170079384806457,1.07378433906794,-0.884610667565885,1.54031618150518,-0.259132391874267,0.127235019127121,1.04845215096689,1.406038108875,2.77825439570178
0.0409192784323653,-1.05921060878353,-0.899886852659322,-0.817575602388268,-0.648093171385804,0.0135372704196187,-1.35721473925665,-0.556029952047806,0.255952961307499,-0.504127017271082,-5.02109812657145
0.505468757698816,0.551010809940649,-0.633049203860282,-1.49416650402472,-0.825245181977064,-1.51577331390906,0.792887227596052,-1.44472376523839,0.89734491755842,-0.515728618418113,-3.73469959838234
-1.74228153360398,-1.00823466263672,-0.42446553073698,-0.396928445185856,0.785709908044195,-1.94429418774096,-1.08617684308498,-1.08439523866072,0.495099219103892,-1.2553129935368,-7.04466679989971
0.160931443914401,0.430424432581704,-0.825250097857011,1.12499676057367,2.21603792564836,0.0796050255529128,-0.0594698043861342,-0.997160223165389,0.536727731636693,0.328333348521113,3.7994995298554
-0.293725771997829,0.986927105873312,-0.949912163430437,0.123543487361918,1.05124804421474,-1.64540027068051,0.3257085036776,-0.844975037327346,0.254936914581122,0.273514181271868,-0.573118393798752
-0.910574331948503,-0.278359364532152,-1.2968538475965,-0.95372708571707,-1.92832325512175,-1.18561455222236,-0.302196289519124,-0.312063973307196,0.413623486296158,-0.192032623945029,-7.06067689706838
0.409088224020878,-0.350051901940582,-0.706641741007037,-1.58367054890791,-1.067403508522,-0.392942742736248,-0.538134743080012,-1.14665345298531,-0.428752345028359,0.12204886212848,-5.7898373056046
1.12923083275926,-1.01095064559063,-0.794094221418394,1.96569716390759,0.0831676374465217,0.734789707404329,0.362731221828499,0.320786617527871,-1.35382239821244,0.152280889966507,1.37095989442302
1.40927537536722,-0.49516789368958,-0.12014588062928,-1.59251549380248,1.0941718162287,-0.593981826997483,0.893559125107968,-0.68682337977613,-0.893526726419556,-0.599419089090489,0.991039496268542
-1.10272273045173,0.66965979221011,-0.679538594073201,-0.279575444011781,-0.0613913039651926,-0.636950100442009,0.187745324061937,0.987301815925567,1.00681993654111,-0.00412883930050663,3.83726340040005
-0.620016697365982,-1.30801676265463,-0.500690195942021,0.492851762195888,-1.18590545495549,-1.63966438296988,-0.442632712753338,-1.19936324726299,0.60453395587622,-1.2553129935368,-3.87993727285697
-0.474485773758356,-0.148100337435994,-0.52217929864475,-0.655764753304387,-2.11236073060339,0.0609423121194381,-1.03532859712876,-0.999079315240004,-0.254557320969183,-1.26933924627307,-7.07667556589774
0.513449577988614,0.0636670578769941,0.439392725080711,1.56974641509502,-0.464419469633106,-0.661904949636282,-0.0742977055291241,-0.121295506443489,0.939149419042552,0.645276732138999,2.72148184026904
-0.957647668767205,0.0581147487783179,0.519017034816354,-0.354260623645208,-1.20462783005517,-0.291996922834737,0.0330548483946574,-0.109494042383334,-1.11934515003139,-0.0339977438539624,-2.81126399270209
0.186515713922521,1.71101273781351,-0.258355903220497,0.818338872475966,-0.464419469633106,1.11682783804826,0.617326351023769,-0.435222147710362,1.18849688551742,0.133514306597193,6.29842766680468
0.243247488124455,-0.265281254965501,1.1771072209142,0.479360294615352,1.62659113868004,0.362102986527968,1.46607465605133,-0.453455458451469,0.800700280926776,-1.20271945677762,4.96256969296528
-0.0715341959112843,0.72966197392451,-0.329243150703107,0.967441065759815,1.62659113868004,0.384440165611784,-0.502761048609857,0.494029017884836,1.00321295978478,0.621878023110283,8.05121438834976
-3.02166331330915,-1.05550743085685,-1.90272815921722,-1.0598798476365,-1.17976395987741,-0.603810509818088,0.128598761837675,-1.42677277184493,0.158924511068831,-2.61419592001549,-10.1012665418154
-0.147548333178634,-1.28029817369,-0.15562901701159,-0.35911945102425,0.157279053546157,-0.20194218523798,-0.762555355835997,-0.831019309631371,-0.833483080903603,-0.0941248556422242,-3.59030096281739
1.3417391347272,0.197592290786601,1.48411120962947,0.353162300916343,1.32692929289899,0.658166459799852,1.000496070329,1.84865892786783,-0.0983916956760152,-0.30771169349072,6.12126669130421
0.396320604480704,-0.341705315950361,-0.458216439629831,0.123543487361918,-0.0162287604486356,0.0897600495689278,1.38482209356118,-0.361114411942696,0.587235871153475,0.161413661164027,2.67173135998897
-1.68179747393252,-0.639067291354107,1.30567229396497,-1.8953992510383,-0.449373225554137,-0.519961326016251,-0.332740920784386,0.908192619188878,0.82849112564815,0.83901234043798,-1.78150214779972
1.33534996775481,-2.30192176136847,-0.898982086705011,-0.942768142532594,-2.48998860187609,-0.650103708677807,-0.363297530708609,-2.07715171892677,-0.629268454851094,-2.61419592001549,-9.8054250207313
-0.132025301965917,1.28292023376994,1.7519535131999,0.294939910329202,3.09868701939025,-0.242390473974698,1.56895433862371,1.5640210561334,1.49774499409836,0.160994509883291,12.7385504229675
-0.0143696800205182,-1.07222479242059,0.211719459452672,-0.341290672995458,-0.0861714212970768,0.181392059601868,-1.50392472859579,-0.489759731261587,-0.0958345883804171,-0.248201729703104,-4.13334942708129
-0.957647668767205,0.375936797372505,-0.312387147464444,-0.252428452558588,-0.0312823518308304,-0.777585736722345,-0.762555355835997,-1.24514744235759,-1.1382753695987,-1.18029933270025,-6.69726529798377
1.79374512326007,-0.204084544796746,-0.254085658311566,1.71220481252644,0.633357692633959,-0.279830870479513,-0.373460071503192,1.09618476911911,0.563269997542143,1.82701226587899,5.12357914620751
0.250581641525104,-1.35574569237459,-0.91291267875602,0.572822890190943,-0.51461281989667,-1.60437961683338,-1.74167023865329,0.229204020375745,-1.2778305943487,-0.358241375385856,-4.3587419480361
0.016123662217633,-0.324375365054508,-1.33018283484652,1.41104562897904,-0.454349720382945,0.871495846344537,0.730886655426068,0.127235019127121,-0.452458485597691,1.15795488058582,4.40966524968202
-0.447336522581276,-0.49364328539314,-0.20817007226392,-2.77593350685999,0.143709357521113,-1.82741486955292,-0.640029078407775,-0.629678225914004,0.0320304491326053,-1.2422529739711,-7.50042508108135
0.853743339737889,0.76665699694904,-0.231858323539772,-0.190657937585578,0.165980481302709,0.621123361677555,-0.561931767397465,0.794596099824864,-0.140017681578375,1.29753754174527,4.86267608464404
0.435476210396232,0.650323461175361,-0.137537186778043,0.44108721122097,-0.461811210447595,-0.733882368651379,0.194150420930322,0.922855725731259,1.13197302721463,0.691229246443439,7.14603859387557
0.198794742768937,-1.16627966340618,-1.05821009915839,-0.416756296951379,0.334334384413349,-0.583738521348439,1.38731378953464,-0.646223476364556,0.0449010217408995,0.0238543494296971,-0.809634993549246
0.987612411122615,0.309231094331133,0.968801335648452,0.3958585749646,0.455334047825879,2.02468798909692,0.259269132789156,-0.141244188696822,0.572444470033489,0.560638381762735,6.95359496178622
0.304829165105286,1.43655959882291,-0.137821084620229,1.52224601991148,1.67672294591911,-0.616472413049074,-0.0736177714525593,-0.453455458451469,-0.294978187808445,1.17869299381195,7.55623014686282
0.185989925152698,0.865547870253495,0.108803702275837,0.135907567746468,0.372788667413034,-0.0628512790706159,-1.11433127868711,1.1641414494022,-0.543495470496299,-0.449840655757562,3.21026850884637
1.8043394674518,-0.204084544796746,0.163608646225151,1.35479926547749,2.41697048344769,0.659401187632876,-0.335798278454116,1.30848577944306,0.180452321198601,2.12971591779998,10.5127049946448
-0.538966809052435,-1.11943219121131,-0.693625141010874,0.223576701930025,0.054679887825834,0.0345123157663787,-0.0239845036432417,-1.38465378756637,0.778579919817895,-0.135333803188777,2.16373608622538
0.881819252236392,2.04156516702201,0.848817782650356,1.81376033025525,1.64867202595139,1.49747180873496,1.71251070815166,0.0974898873209643,2.67409236907101,1.22172988847469,13.8533968919565
-0.210006921611666,-1.09337805372271,-0.0118488026650711,-0.0905513744645446,0.086660719336558,-1.6876502568675,-0.368559025067764,0.00239972201826341,-0.918330914040927,-0.201651672878096,0.424871021464709
0.429763328403988,0.650323461175361,0.984736346109136,1.84295736051819,2.41697048344769,1.25186937614861,0.372397984019989,2.58574836947505,0.0781453022770554,1.80673957844261,16.0356601173256
-0.0677088401133937,-1.21395362863282,-0.353725652189823,-2.25681619130966,-1.40245170724418,-1.13786105991169,-1.82652624878111,0.598452390088539,-1.3056172894618,0.829452384112285,-6.5424930817713
1.39559448603569,-0.49516789368958,1.30182314498671,-0.05048740832323,0.263472597867052,0.487824506246943,0.748594992787747,1.18870602040248,1.55674843674556,2.02167024274601,10.1160919142904
-1.15325645330226,-1.00517100900401,0.268535191640302,-0.155334301910287,-1.23868003480295,1.53126718626777,1.61783343839445,-0.219787145869136,-0.880950164260602,-0.152853078778664,0.234593074832087
-0.412430701761501,0.690272773333525,0.321704186442754,-0.0273599144370274,0.727576476577764,-1.32381451567509,-0.207641977502507,-1.81269180765656,0.58292187744164,-1.29839135126376,-1.56866671452074
-0.273249153430311,-1.47884378771329,-1.59345136472693,-1.63562457832326,-0.125921838029497,-1.25859788469085,-0.58012642073432,0.461376071536171,0.0158363881941553,-1.16591696508991,-6.36569603982783
1.24698998724523,1.18179085888216,2.20760164036811,1.70417596157938,-0.133514201040366,-0.64743099231864,1.72954614516261,1.65949865455777,1.13633490559917,1.92715595056503,13.9291166081279
-1.69551571577589,-0.132567804929974,-1.36519133949516,0.440499670231121,-1.10847112495427,0.24567198643128,-1.07520027916493,-1.73507633320162,-1.3056172894618,0.292578104486729,-6.1773028599259
2.18644313872828,2.21017823933208,0.58759321485501,1.70417596157938,0.706691489208879,-0.14492069841455,1.19605711998578,1.14593160569755,0.97622852258426,1.82538693105216,15.9227157221645
1.52693522367933,1.2265705108817,0.668997526328836,0.888325695725236,1.43179913177454,1.55077817881367,0.36366875747412,0.143816396118342,1.38465721990324,1.02253208565608,9.03570793600228
-0.200973300941818,-1.38423660791682,-0.197512452489841,-0.225453523088601,0.334334384413349,-0.541908466360185,0.224117233844276,-0.931449627373255,0.286759866103122,-0.439418908169797,-0.808799011139796
-1.12491294495789,-1.21460054206005,0.882891767004922,1.1160439511917,-0.0229625276512478,-0.86654276402501,-0.815024845966447,-0.316758140105836,-0.464027403739035,-0.761348287138828,-2.31201226606216
-0.910574331948503,-0.278359364532152,-0.662492543904777,0.164271175200515,-0.703428392474428,-0.198005261706615,1.22839972568286,-2.02545972288519,-0.240306084585895,-1.15770538447971,-2.05563051223499
0.45752308059819,-0.183018746016874,-0.878722405426671,-0.587791529076032,-0.272279453420247,0.296553376964617,0.729433705472412,-0.305860791769003,1.32891707213824,-0.839752450122818,1.50187096657904
-0.00661208513521341,-0.455547855862938,0.194947857890611,1.19034169410371,0.514097322556677,-0.829297699091389,0.297460229941988,1.22583835377473,1.58681633444324,-1.30742384365777,4.09338419652318
-1.13414951916825,-1.54653616029775,-1.63662073781462,-0.489660596350651,0.246743332909881,-0.822362803503491,-0.240993003350095,0.460632121807247,0.204555383097739,-0.237416354485837,-0.961240618466063
1.3338460574964,0.197592290786601,0.276331821782837,1.35479926547749,-0.320947916561555,1.47587161562899,1.17292430052855,0.654224493370549,1.95158977895983,1.75009336902297,9.03570793600228
-1.05266426901218,-0.240534864308898,-0.205571821942597,0.492426074639675,1.18138536161743,-0.842547029171759,-0.561931767397465,-0.05859852925955,0.28526479332671,-0.379847386275928,0.234593074832087
1.27671482795297,0.357963582250894,-1.01549893743552,-0.722286546190583,-1.50873906119773,-0.532130328045558,-0.106201054071199,-0.180114565584902,0.615105112863307,-1.41416432537865,-2.69935175358101
0.303572417727752,-0.140166779104841,1.85353698917431,0.972725021440803,0.694258117805511,0.574047101457553,-0.502761048609857,1.55208008626746,0.128350436712179,0.289512849717603,6.69925963229647
-0.412430701761501,0.303162711206038,0.999121091460637,-0.636917805274559,-0.572410439399573,0.893263709066976,-0.416359858457644,-0.34363930053474,0.546920421896994,0.349474920295508,2.10972219022078
-0.261031023585497,0.314612079988435,0.0472379836014289,1.16317710295122,0.602627606558271,1.10572373389463,0.761427799651205,1.6985921719631,0.532425534202153,1.1645521220852,5.88598505156176
-0.210006921611666,-1.09337805372271,-0.0118488026650711,-0.0905513744645446,0.126960394110957,0.0269617860463764,1.34654547236894,-0.459384003630674,0.639180249729611,0.983195598115601,2.54649216605967
-0.422072116589926,-0.270325416142407,0.46695576944462,-0.516358595335539,0.514235603461967,-1.4126912514749,-0.577991114699671,-0.565694381439944,-1.2469869060938,-1.15970536293773,-5.03280434298703
2.49872439626333,-1.19356510727977,1.18657641386307,0.580686915199879,1.77088174196616,-0.0628512790706159,-2.00529080186149,1.1746612960794,0.474390817865332,0.440390469426782,5.47991750490875
-1.08535201218873,-1.00553552723531,-2.08547140626172,-0.489660596350651,-0.570812379940457,1.82764317147059,1.51104633872148,0.0435325848904656,-1.98856100985822,0.494296566780485,0.0431408759286955
-0.132025301965917,1.28292023376994,1.2552230957887,0.287471020617754,-1.04218143879749,-1.48245547920782,-0.0887097359177967,-0.646223476364556,-1.21482364606091,-1.37214363675809,-0.976427193752007
-0.921707730726042,-0.214229526407532,-0.279028912162003,1.43140572547324,0.260023971866586,0.0470861213436855,1.13645293862775,1.47107310379897,1.0755156411821,2.12280722956376,5.12357914620751
-1.33650434967045,0.626798687040652,-2.18745512245624,-0.396928445185856,0.00393266987968849,-0.462882862570271,-1.2743338757168,-1.89562330336858,-1.40853380936961,-0.211764131122723,-6.91033172738434
0.26698730633156,0.200809689399127,0.503789866115557,0.352709427196683,-0.732150698692853,0.563369384465933,-0.584990890775491,-1.41488653808347,0.0990526509074453,1.04454397918668,3.18225169017946
-1.44529301080645,-1.4404897717437,-1.45642828531245,0.331474432629238,-0.0523357311179277,-0.980537647128566,-0.865412740532842,-2.09886208617729,-0.634750300936739,-1.05450644649026,-7.01461059243347
0.702466565233916,-0.26156783357265,-0.671841995291644,-0.45725753852186,0.178779510239226,-0.593981826997483,-0.756102307492011,-0.0315125852030932,-1.11934515003139,2.04675250435953,-0.0221759690724694
0.49053435747539,0.855038308171309,0.0103396815258169,0.437295296969426,0.763299262705033,1.47587161562899,0.419194802777644,1.38701149063062,-0.149793770569944,1.74935582158096,10.812042663386
-0.661460708488901,-0.560459625190943,-0.516552306058864,-0.942768142532594,-0.843140512070999,-0.458254342036625,-0.789772644646749,-1.19936324726299,0.598520830370696,-0.815828428843616,-2.11248100960603
-0.954533670971358,-0.20652626245753,0.102003866620227,-0.441050553102517,-1.77065240353851,-0.774594569214176,-0.402688861134823,-0.689993447737546,-1.71453323521782,-0.146174870085614,-6.77063597194684
-0.886499505785641,0.838407294408366,-1.63838383951898,1.03190626823279,-0.461368036336332,-0.444757634699626,0.377558590916966,-0.219787145869136,0.240572072696758,0.271475996079666,-0.836224949491172
0.224381002279768,1.0171223605597,0.172459335814043,-0.188548631930416,-1.09857795978717,-1.82631025302704,-0.279428630611054,0.403624554117043,-0.293037783987715,-0.465961514187282,-0.450904969551519
-1.44529301080645,0.867225684134955,0.816701216177162,-0.227762678643215,-0.206795338844334,1.18333711363843,-0.265591081720621,-0.440669158768897,-0.955572491223654,-0.599419089090489,-0.261767473314035
0.421377534907844,-1.06798006615488,0.332903787352685,-0.695358416998725,-1.37245212493611,0.0331610513947207,-0.865412740532842,-0.884942322422799,-0.0190815369251156,1.3107743621455,-3.13789202821534
-0.72968789351925,-0.499401221002059,-2.27027852309505,-0.594736687540469,0.0528177987630067,-1.65675853352922,-0.976729797169648,-0.178961338982935,0.405672709868237,-0.540063023087874,-5.93460912380296
-0.563562636119841,-0.0773335333004507,0.0518465989298023,-0.405094506450181,0.718513348814618,-1.4126912514749,0.945865527440718,-0.421827612951884,-1.48790905618332,0.680448068441529,1.60431077579934
-0.293725771997829,-0.840157472034337,-2.14159814192135,-1.63562457832326,-0.536256192443397,-0.97355225776672,0.0553452039777822,-1.70989491979063,0.0299971150368118,-0.461360472526386,-6.39669832875358
0.0311736168035908,0.322020767328794,0.877221171094443,0.437295296969426,0.956634226433249,0.0616755389201755,1.28068039735516,-0.581305820859582,0.167608894061567,-0.360148558641348,5.15205931541815
0.0182738095212557,-0.324375365054508,-1.33018283484652,1.41104562897904,1.65632790323191,2.02097605863447,0.419105533566134,1.84865892786783,0.128350436712179,1.26434126651028,8.03238551582313
0.861633097119416,1.28406534935316,1.23526366674651,0.594847536487098,1.58605637670429,1.67939959888574,2.69469869086517,0.84491442041974,2.18190677585837,1.63262454048349,15.7245710870928
0.118938349329378,-0.557310593009321,0.240767429047865,1.06428309502435,0.3609916372523,1.06108249636185,-0.291631663827357,-0.0533856456441855,0.57696551653987,1.5268963929373,5.04279737436312
-0.399611226342895,-1.69173922708348,-2.73520682089193,-3.04169995904614,-2.22938361884049,0.462906108553288,-1.89561740817856,-0.243946431608898,-1.70868485781385,-1.12390743197048,-12.7949360777694
0.352118745826133,0.274834170891797,0.356594949518156,1.17614207288213,-0.151688085407969,-0.661904949636282,1.67994459912318,-0.0439091509462359,-0.881522169298493,0.709555635511135,5.29821505456845
0.186515713922521,-1.42605552729784,0.381391670698565,1.51955642651511,-0.383330162521717,-0.86654276402501,-0.155623126281464,0.877559643537724,-0.636658669182739,-1.79138025112014,0.19288964216992
-0.336786443431614,-1.28425448159888,0.74653345398629,-1.58367054890791,-1.0259629901949,-1.34256740589486,-0.73415117134585,0.461376071536171,-0.32610758253303,-0.192032623945029,-4.52197171503389
0.185989925152698,1.71101273781351,-0.258355903220497,-0.778246079350237,-0.965849810938228,-0.547626185301531,0.0543185230425885,-0.969991536307337,0.516170914431014,0.347977787167385,-0.792022412104865
0.104864694546241,-1.23020427455518,-1.2968538475965,0.181791021991739,0.343377276769419,-1.63966438296988,-0.561113601684189,-0.411084265244683,-2.32387623788936,-0.240636111194065,-5.69431831731741
-0.205103812833962,1.56074184038577,-0.715331799563942,0.591431469238537,0.281826991022635,0.384440165611784,0.697742839652569,-0.313093536309649,0.00168294835179804,-1.07844814141756,1.95248521407952
0.668303623015954,0.23598008586733,0.255031028100739,1.51713025630406,0.948379426083413,-0.801774350456364,1.0728240266898,-0.790346266252632,0.910936313420272,0.555454402719537,6.15460788705933
-0.394765944256757,0.383996136511082,-1.20817289583291,0.577624447074209,0.364432664780385,-0.169730737064009,-0.027982815914741,0.0963218525132826,0.353349971285111,0.0317138958730389,0.848943091929811
0.0819189464741492,0.84162780187886,-0.975347890484691,-0.458044517348837,-0.267267969334344,-0.57953533845748,-0.827228326448133,-0.740054150214233,1.14589946845623,1.15008393427918,-2.69233915397617
0.321614113678125,0.0911778280372836,-0.52726825948525,-0.516358595335539,0.353337613818426,-0.195253651059432,-1.10406182918658,-0.0700689824797301,-0.518989219002778,1.04454397918668,-0.43178690237389
-0.412430701761501,0.303162711206038,0.999121091460637,-0.636917805274559,-0.572410439399573,0.686826536753251,-0.101939197998898,0.0817454169138859,-0.920312210555232,0.796364226977099,0.223278705234953
0.0311736168035908,0.213289361535284,0.459913605668024,1.73360883607894,0.451257835804127,0.201417190919419,-0.376080162258471,1.61857327960734,1.7990286944732,1.00500741865318,7.38147540937203
0.737841207480229,-1.24798233511015,-0.499219504613814,-2.01075087104698,-0.915559861980748,-1.95947100463021,-0.832194869128341,-1.43534719820462,-0.629268454851094,1.20737055421446,-4.95016277095812
-0.00661208513521341,1.01134810936238,-0.633049203860282,1.41363265456076,0.225815567013884,0.612655363475829,-1.32697744648581,0.438856631541239,-0.418760372811774,-0.631871641128755,4.04882861681759
0.114791932059435,0.921088851880723,-1.23508954844167,-1.46974121097593,-0.689076740778973,-0.908740394475914,0.3767643110495,-1.55575975442172,-0.011013982688731,-0.555175253790416,-5.4225908491901
-0.617915166653922,-1.22426050653168,-1.71702864087672,0.678508962400237,-2.06897904941029,-0.980537647128566,0.180174525997328,-0.114294676853587,-0.0337944267273964,0.198498525083932,-4.17969951291862
-1.57616794133789,-0.0537811446935344,-0.729829158494568,0.547841453476421,-0.608207921357289,-0.81707093257693,1.57632442004287,-0.14735397411825,0.28526479332671,-0.346416409415995,0.0790431904120961
-0.234632405083028,0.518036696197164,-0.238153305855866,0.854980743911548,-0.845854314954927,-1.18830433588592,1.09573136847621,0.170335983465539,0.696729966332238,0.603124015107357,2.34897591355203
-1.74217813286454,-0.848275839453973,-0.721105046882512,-1.0077098128211,0.246743332909881,0.878948233446554,-0.155623126281464,-0.184806758677718,1.22548894359259,-0.555175253790416,-3.38234709628323
0.630771672041621,1.15261949253196,1.53832824220543,0.888325695725236,1.58605637670429,0.640522070490506,0.36366875747412,1.94640910770026,0.725273244593558,1.72128203917858,12.6206512697321
0.100452904884883,-1.76878838136212,-1.17031940495788,-1.96113558855189,-0.591187456771579,0.364542328326807,-0.402688861134823,0.591017411506438,-0.351034797689885,-0.781506167455962,-7.87490886735836
1.9689024679442,0.863850556808353,0.668997526328836,-0.626403641940971,1.68054652197368,1.21188283345606,0.29457397853807,0.280855004850615,0.986664868977398,1.35533623202,8.50157991129812
-0.408210817988491,-0.221109737634321,0.0518465989298023,-0.706364476792566,0.676232841191905,-0.023061244706984,-0.836128387687625,-0.118476266386432,0.221516479533705,1.04454397918668,0.868088681962633
-1.04960000722438,-0.240534864308898,-0.205571821942597,0.492426074639675,-0.343007182280474,0.16142404137268,-0.816245081441327,0.0485020137697358,-1.1041162749631,-1.25674458522378,-0.917485055668968
-0.00661208513521341,-0.455547855862938,0.194947857890611,-0.26270338673608,1.86031181024296,-0.50717773197324,1.0728240266898,-0.822002535997431,0.627909721270732,-1.45129041079553,0.81520707084822
-1.22252194005671,-0.113064888795823,0.671022055097888,0.37290484867874,-1.37245212493611,-2.03958755927697,0.913200836320276,-0.410600744329381,-0.277819292594087,-0.810896025108686,-0.917485055668968
1.33020129823168,-2.30192176136847,-2.70586088460143,-0.540034408247479,-1.31550769084634,-1.47699876525247,-0.890621426206275,-1.52405938602613,-2.27971901268041,-1.27466367858149,-10.1012665418154
-0.79979099458019,-1.97147182468699,-1.69638929637153,-0.0622984230327788,-0.285127191013694,-1.61806772796824,-0.918361499314636,-0.0751056995279276,-0.542097998693705,-1.92679587083628,-7.90590264814157
1.19778073843826,0.133671509316334,0.380100628006692,-0.567290476773676,-0.747303700251752,0.364647728645871,0.194150420930322,-1.06926425131583,0.692165026689331,0.0453246581544013,0.502106958908025
-0.104276572066685,-0.918850548734049,-0.899886852659322,1.03190626823279,0.0201084132030927,-0.494267895776343,-0.341438055282569,-1.62666774331041,-1.52673532774737,-1.48859614767737,-2.11248100960603
-1.65034548188181,-1.21157111891394,-0.664049576402482,-1.18904065041499,-1.9515470886368,-1.60538201459676,1.27495620492187,-0.869919701105343,-0.723834752713347,-1.86553295197244,-9.57095869667533
1.78960943472513,0.0529161551563544,0.244954815022021,-0.431869842660223,0.999858223309945,-1.82631025302704,0.801299501848339,0.57675399259546,-0.294978187808445,-0.506770416155452,1.95240951284481
-1.52273326759002,-1.29011677612674,-0.664049576402482,0.137207076444542,0.109575904997946,0.728348093943345,-0.180123759984607,0.896057918673643,-0.273810150422196,0.361358527657465,-1.45007851554574
-0.511701594660048,0.00862643478138612,1.17898014112667,-0.419569363789218,-0.525786398791607,0.341040249379614,0.688677923265554,-1.6535153691705,-0.433044212262371,-0.614806520923157,-2.2644630051801
-0.234632405083028,-0.522574064103807,0.598917958727553,1.07378433906794,2.14282005832894,-1.08351418903217,0.234518792374366,0.0833301635450792,-1.35382239821244,-0.0313164696493289,3.65219334472874
-0.00332965922588364,0.111443471088264,0.115860524482232,0.967441065759815,0.602627606558271,-0.417793029931975,-0.921805296515226,-2.06403280691587,1.40008189843484,-1.22089204544893,-0.183098420348728
-0.740014536468443,-0.466956751414332,-0.475946347412567,-0.0437396468108034,-0.492259130378194,0.0269617860463764,-0.00110641222620776,-0.132533615404619,-0.168847674889762,-0.937952950020344,-5.42017197378619
0.508585970496107,1.30013888342168,1.27113134145292,-0.553933629214127,0.665555189530445,0.0116687039881502,1.16460920229972,-0.206881327550224,-1.06739696871526,-0.117998160547747,4.2935827545441
-1.13414951916825,-1.54653616029775,-1.63662073781462,0.331474432629238,-0.218096310772363,-1.38580921385118,1.82866214707477,-1.05025547598789,0.674118339508022,0.273916799408027,-1.94319486605954
-0.366916149413518,1.47124575228168,-0.855056489766164,0.693042477034516,-0.351774380286092,0.23004065809427,0.149394869457187,0.309029726910023,0.542843461306088,0.458857209556958,2.45767287496319
-1.22252194005671,-0.113064888795823,0.671022055097888,-0.405389412645279,0.0586349349186563,-0.968175772074858,0.353552963631432,-0.571267061521822,-0.0435602321942697,0.0795566328718771,-3.4130036227833
1.33020129823168,-2.30192176136847,-0.18414319175466,-2.01075087104698,-0.711087432434931,-0.822362803503491,-1.28460192269743,0.160304666679698,-0.821197056113164,-0.365282567682981,-3.87993727285697
-0.500175282253115,1.01591878310641,0.439392725080711,1.4747705721744,-1.01506857629906,-0.632531175852501,0.193658120071475,-0.0905208356911157,-1.47679608519993,1.15008393427918,4.04882861681759
-0.152855161009542,-0.197765718142367,-1.01526164099227,-0.615596029808551,0.954051557626517,-0.494267895776343,-1.10406182918658,-1.20519348210545,-0.584483951185813,-0.121314112401785,-3.07709450646059
1.11872691935433,-0.549347126445291,0.243678163233172,-0.785249253509459,-1.54431744027907,-0.430504517115572,0.913200836320276,0.0607281854250295,1.51728603555553,0.391767410876206,1.95280079400183
0.056416467006409,-0.502901934009913,-0.744271066214265,-0.0905513744645446,0.514235603461967,-0.0413898435567386,0.0379845173709348,0.170335983465539,0.453900328545487,-0.110631452222705,0.73594334510375
-0.935551277869313,-0.863687082431104,-1.35965630956325,-0.0846372906503938,-0.724419590706126,0.112547233725757,-0.702001871441873,-1.44472376523839,0.60453395587622,-1.48859614767737,-4.8662407484013
0.210723289236271,-0.252316143380173,1.45108262679058,1.5488476272158,-1.06005529821015,0.978806901323203,-1.73243047131444,0.153881195139554,1.58717778937021,-0.913413448914075,2.5302744292008
0.710648599827528,-0.803041387906476,-0.599309837248047,-0.183652175690163,0.640790634869302,0.569880132599987,0.440335211826776,-0.953438386087988,-0.225787033787276,-0.0313164696493289,0.0950514766969134
1.77794153607298,-0.204084544796746,1.48411120962947,0.553393794643504,1.45049626234364,0.991435352628034,1.96304529536183,1.46401141209013,1.81845421810593,0.0416580584673754,13.2056120755443
-0.957647668767205,0.375936797372505,0.307155780379938,-0.338572783418567,-0.902125707800782,-0.288459719614018,-0.791192408333373,1.60487391140065,-1.98856100985822,-1.59430724900859,-4.37950920323979
0.772282281733747,0.51259149930679,0.968801335648452,-0.366009822989638,-0.137517087639812,0.446185688381348,0.719442018485002,-0.27674007659887,0.681310849348791,2.05852403950052,5.81130351896992
-0.547628068431467,-1.22542574225952,-0.604174285822654,0.848812819302187,0.117921513492323,-1.2099169880938,-0.966059847207468,-0.284282074290661,0.386137691812331,-1.63031500871615,-3.37847244209588
-0.661460708488901,-1.43753318636646,-1.89381405755467,-0.842413260026077,-0.277380693155594,0.685189107340823,-0.865412740532842,-1.47819524231404,-0.183159049307992,-1.20388984545988,-8.02966091103621
-1.05266426901218,-0.240534864308898,0.440566093752988,0.140848795875354,1.4705434831002,-0.102432448176558,-1.00830028138174,-1.14429743038502,-1.08027219478855,-0.33953564315751,-3.13789202821534
-0.599934238430168,-1.10611881624588,-1.17031940495788,-1.47527347171544,-0.89802434571454,-0.597605964815299,-0.21729604416755,0.490558846981533,-0.338337412007717,-0.181958232913642,-5.51569456621712
-0.168311098526003,-0.986917944872742,-0.662492543904777,-0.0828937787360266,0.235352774098585,-0.462882862570271,0.396585354211635,-1.38465378756637,-0.21558137871659,-1.15770538447971,-3.59030096281739
0.165763499665918,1.05404057033949,0.634746397190729,0.601429076031456,0.480555986003986,-1.48245547920782,-1.16366826379191,-0.945808058114424,0.221516479533705,-0.72579160408282,-0.261767473314035
0.0393929025092023,-0.611874409466016,0.621061064271052,2.30983508279445,-1.36687162448944,1.68141656313216,-0.561931767397465,-0.190613804808555,1.01057060004927,-0.913413448914075,3.45614606216427
-1.74609632102436,-0.119682408124758,-1.35965630956325,0.165242559000512,0.488785692248296,0.0331610513947207,0.709425192463612,-0.411145510815693,-0.699847825024231,-0.555175253790416,-3.96271848539138
0.654465478103427,1.33074631525685,1.63341584189536,-0.221729917996355,0.518483561997968,-0.616472413049074,1.48672034125986,0.134412722408227,0.572444470033489,1.58328371063327,5.92834635297325
-0.00661208513521341,-0.455547855862938,-2.56939787613897,-0.0846372906503938,-1.15616338914137,-2.16095968211429,0.729018111780665,1.12343435349176,-1.00626735705073,-1.61992434592419,-4.31297632376185
0.724681976956672,-0.769222947226408,0.999121091460637,0.492570739811087,0.281826991022635,0.663272064132935,-0.373460071503192,1.24313828183216,-0.141031192876059,-0.667914752643987,4.98838134740356
0.629954646690284,-0.522188088500316,-0.664467840706587,-0.226393644531072,-0.771256242302607,-1.06146544847609,-0.240993003350095,-0.184340141437155,0.845875538069462,1.02966681548841,-0.43178690237389
-1.73947212631333,-1.00823466263672,0.230217166117036,-0.493163895459795,0.277794304192382,0.185059755548276,1.25468068825149,-0.685255880695148,1.08627996035663,0.735144035317295,0.973773209624721
1.77794153607298,0.213299865611578,0.443065652807116,-1.6004377846388,1.62659113868004,1.53027307344013,0.527627845050516,-0.286393086441071,0.787276855358393,0.847279286571294,6.64881073046982
1.20210601462942,0.133671509316334,-1.62814587267542,0.767106124309667,0.956634226433249,-0.464571818047727,0.0241560027313678,-2.11346442325934,0.540122145245067,-0.827944688372512,0.96409042129525
-0.699843349016706,-0.307656785308875,-0.000558025091061118,-0.208075366110064,0.0792298684946266,0.374589319924416,0.473040699720573,-0.862750544937881,-0.405220913616369,-0.0424594243105932,-0.261767473314035
0.208413880262422,-0.129516811417163,-2.1898992480545,-1.41807915008776,-1.61164491856863,-1.7041840474824,-0.138457004980355,-0.163071118348239,-0.562470189026203,-0.540063023087874,-7.50042508108135
-1.22859401673611,-0.588648778052593,-0.604174285822654,0.317479930259192,-0.469522374533087,-1.53750889295476,-0.702001871441873,1.06558517794302,0.446406526673089,-1.15770538447971,0.0050771643229699
1.05795258339393,-0.757397962526056,0.136031840874749,1.66497032946954,2.29161633724649,0.0474503270649376,0.755409745755467,0.654224493370549,1.95158977895983,1.58328371063327,10.5127049946448
-0.954533670971358,-0.20652626245753,1.70603363272725,1.95727289608092,0.165980481302709,-1.97848626472821,0.362731221828499,1.11446487234056,-0.326099986917784,-0.515327087610911,2.14006757350335
0.421377534907844,0.827910824785641,0.964436313960889,1.71572838017734,0.633357692633959,0.470129541409501,-0.342909628458183,-0.460404634497164,1.18073284297737,-0.167230735141298,8.05121438834976
-3.09987586285635,-0.587211438117222,-1.51634859163796,-1.84478441141346,-1.77493143022452,-1.28995791870421,-0.890621426206275,-1.04239983268064,-0.256482994779275,-1.46995607155059,-13.0782002886001
-1.21125500972458,-0.588648778052593,-1.59345136472693,-1.18904065041499,-0.277380693155594,-0.665663218463454,0.557578269497534,0.677076648410098,1.14589946845623,-0.555175253790416,-2.8160966824292
1.05795258339393,-0.757397962526056,-0.0328093130733715,0.905365953744577,0.064782448645145,-0.13458473878177,-0.95683904373662,0.619339359001514,-0.636658669182739,1.15008393427918,2.14006757350335
-0.725979551612335,-1.34461057766334,-0.944918168282153,-1.79792158031278,0.246743332909881,-0.597605964815299,-0.696207539392944,0.908192619188878,-1.38506720636273,-0.201651672878096,-6.14339528391378
-0.642324516777383,0.671744852391619,-0.664467840706587,0.264213714077227,1.06117746499184,-0.829297699091389,-0.693548415632038,1.62778095937997,1.12241111543549,-0.245874378638855,1.37095989442302
-1.74228153360398,-1.00823466263672,-1.63662073781462,0.331474432629238,-0.333220880794602,0.400573859595594,0.0330548483946574,-0.340941164067788,-1.1156086152501,-0.283145895517135,-4.99402985986224
1.90526872759454,-0.252512993154615,-0.335959406239751,-0.188548631930416,1.57756217165968,0.269317557658166,-1.00830028138174,-0.770964910706158,-0.676009130156187,0.819747434042307,2.0329808500961
-1.49881297754257,-0.755563033884649,-1.02176273187386,-2.38293576587198,-1.02899701291829,0.685189107340823,-1.64380441958265,-1.09735689435021,-1.60827698332484,-2.11914076993111,-11.2500033239959
-0.529050850775117,-0.0425664609360385,-0.275207490053377,-1.42377181875217,-1.9697811761978,-1.82288664467878,-0.842434659437852,-1.31850453434205,-1.40434502283084,0.292803392137613,-8.23817247188773
-0.00661208513521341,-0.455547855862938,-0.160478994366446,-0.918567117704789,0.126960394110957,0.696079175812296,-0.85093758044851,-0.411145510815693,-1.14602141889012,-1.48875744245843,-3.34472015222146
-0.00661208513521341,-0.455547855862938,0.194947857890611,-0.26270338673608,-0.577946828574722,2.74923017723394,0.34628303155534,0.259506858490534,-0.294978187808445,0.577152439205889,1.82672167041026
0.513449577988614,1.30013888342168,1.2181939111745,1.46899635773364,-1.42891389910192,2.09442848927717,-0.537896323866964,1.15676363608912,-0.904918729718549,1.10375897592936,6.69925963229647
1.57446125390853,-0.146325271076468,0.691156895809233,0.972725021440803,1.32692929289899,-0.801774350456364,0.402421738072442,-0.286393086441071,-0.96686096820527,0.878072738426739,2.18900435828544
1.71475502634845,-0.214462724099097,-1.59034953469665,0.0725017913374181,0.847157935425862,1.61954147729449,0.617326351023769,-0.333946197653436,1.16400154662294,-0.556299791303048,6.02039933029599
1.0958962815717,-0.624871409107974,-1.3103081055812,-2.25595051778322,-0.0798599939517666,-0.315578930761552,-0.789772644646749,-0.240729270202934,0.327764280006162,0.0543615077192765,-2.63960640333771
-0.20878953949713,-1.11949059394664,0.882363171120284,2.00265268728142,-0.79960048848426,0.171242508483445,-1.26878433123936,0.128635837008181,0.456370943608224,0.87134684506197,3.97271188303889
0.629954646690284,-0.522188088500316,-2.1898992480545,-0.7630693922428,-0.456700717731812,0.0590616825275994,-0.789772644646749,0.403624554117043,-1.30837355148215,-0.413933310701633,-5.03280434298703
-0.523528725190425,-0.590679068268955,0.211719459452672,0.841050757042874,1.59969084072345,-0.0266223866908897,-1.06890525331176,0.29117466058875,-0.636658669182739,0.944461275766843,3.20589391443394
-1.74228153360398,-0.848275839453973,-0.721105046882512,0.440499670231121,-0.503077349226904,-0.37343773385717,0.165487155948927,-2.11386009176176,-0.64941723149091,-1.1700752610205,-2.7348580289867
-0.735777675675943,-1.77434246530061,-0.211649159502002,-0.647464138485071,-0.553593333693004,-2.02769832229131,-0.465214344654211,-0.72564016903407,-0.490625051058389,-1.92679587083628,-9.93232229423039
1.15639970731298,-0.0566561200060442,0.844581721377092,0.0137664025659675,0.707504341348054,-0.0872456884101687,-0.282084622303488,2.2443920425636,0.617887166796007,-0.181496599597821,7.49175257457034
0.224381002279768,1.0171223605597,0.964436313960889,0.972725021440803,0.136032093295459,-0.668259636315119,0.366471921555514,1.11336718242219,1.76013653981281,-0.263084366105629,7.78764983715416
0.308673770883004,-0.140166779104841,-0.238145077596118,0.492347687627744,-0.383330162521717,-0.973686595501305,0.377558590916966,0.0817454169138859,1.16969761302667,-0.586470000073012,0.223278705234953
0.630771672041621,-0.522188088500316,-0.664467840706587,0.74038653497388,-0.383330162521717,-0.995755149319066,-1.05434908726095,-1.07919469447346,0.599496675577137,-0.516103370711028,-1.99930828981868
-0.910574331948503,-0.278359364532152,-2.14159814192135,-1.58705685559079,-0.125921838029497,-1.08404674641083,-1.21059154432768,-0.507944896576138,-1.07596887749713,-0.461360472526386,-9.28711529459137
-1.21125500972458,-2.10226639738546,-0.829850199623508,0.745566518250907,-1.18717336357255,-2.50622971802773,-0.88826317137292,-1.43534719820462,-0.9757698533676,-1.11986887182998,-14.6034200930393
0.537470386507198,0.356009152218901,0.412625219037037,1.34996570886892,0.455334047825879,0.568581415970987,0.402421738072442,-0.333946197653436,-0.911866513257123,-0.245874378638855,4.09338419652318
-0.495696650877634,0.428246429232926,1.14929310191636,1.02260698562962,0.145058292692564,2.02468798909692,0.594751275294968,0.77589889449681,1.10039892244896,1.00017424156848,10.2658791273455
-0.549288100858285,-0.336896802968236,0.841633149033526,0.261423594365167,0.260023971866586,1.10263769514633,-0.709722733897314,0.196803979306994,0.103742721506928,-0.838549309014435,0.837061340159903
0.755609591375326,0.283563980583574,-0.376899540834794,-0.030187600266127,-0.884610667565885,-0.344036488252363,1.38731378953464,0.330079126209544,0.233065843971376,-0.935197628107411,2.40696682061972
0.165763499665918,-0.348732583900766,-0.150529837324464,0.887469355871475,-0.143505749704682,1.45216581266415,-0.512140422354496,1.58264391280223,-1.35382239821244,0.878072738426739,5.95711948294092
1.75050163099662,0.546372551132976,0.695004124535476,-0.553933629214127,-0.0517083780843984,1.42598044655072,0.286319712689507,0.550558572741968,0.260636629666632,-0.4233600744381,2.94306841963813
-0.728810466548217,-0.973800068796586,0.938080152732779,-0.918567117704789,-0.708626299609999,0.333182244902046,-0.861052966455631,-1.05025547598789,-1.45487300297952,-0.922820351296475,-6.49111850622718
0.780711206364925,-0.45913732210208,0.732283117582471,1.51713025630406,-0.464419469633106,0.901224133505334,-1.3843830866148,-0.861669224617253,-0.00257128537064312,1.37197731008741,4.20187695008261
1.03150237989288,-0.802100447485456,0.469249871479302,1.73008785664046,3.09868701939025,0.590441298782629,0.0831392009585931,-0.136957149983716,0.434152103713921,-0.733517350215665,8.46376271324926
-1.53486098972854,-0.977072202231705,-0.161782690774432,0.528381851286265,-1.03132716197451,-1.46405486341801,-0.285519827624963,0.460632121807247,-1.66859375852217,-1.19073261993795,-5.501707783861
2.0046563435511,1.11131528684766,1.6438517075275,0.579281358326953,1.12842121791037,1.55150090375376,-0.205012448479886,0.0954709325188395,1.93125575509169,1.02253208565608,10.0059583798234
1.90526872759454,-0.252512993154615,-0.335959406239751,1.34996570886892,1.55536301656392,0.362102986527968,0.649213799739794,0.0938893261763371,0.766687586745579,0.716651981202832,7.84051367430724
1.77794153607298,-0.204084544796746,-1.3055409045611,0.202242504764667,-0.744013634986256,-0.173403251835564,-1.01236317522775,0.408585124378697,0.127644166494633,0.0380960843792395,-0.799919876696227
1.03904420215965,1.14218592594938,0.0897354574231634,0.551593492306406,1.8098991173024,1.57082504632526,-0.291324435388291,1.6129842907628,0.180452321198601,-0.069679696511146,10.6993439378083
-0.205103812833962,1.56074184038577,-0.97701595940336,1.34226956355952,0.519265383925223,-0.801774350456364,-0.175928996330736,1.42481937811339,-0.365448261368395,0.390788063719145,2.24679762828336
0.0431098708339672,-1.05921060878353,-0.931397716172578,-0.122000944141291,-0.331176816495654,1.26215769005608,-1.14961179838101,-0.744094160894724,0.61891955890505,-1.79138025112014,0.0050771643229699
2.04413174065511,1.24257479660975,0.130536722989122,0.594847536487098,-0.659446831468381,-0.394072461269365,0.3257085036776,1.05144562829778,1.18003248993728,1.26434126651028,8.50325303767678
-1.3685275416305,0.305360567547646,-1.05821009915839,-0.109673540243821,-0.465644202579421,-2.56995791277262,-0.0886591448032941,1.30805328150093,-1.38506720636273,-1.1562619195316,-5.71214772177986
-0.465494227480737,-0.879967293844244,0.670806096034022,-0.428807873441188,0.086660719336558,-0.0377865373938489,0.546654098504684,-1.38956694225687,-0.152543798737891,-1.20111418056943,-1.99930828981868
0.125619188458124,0.666483770437179,-0.332661512934604,0.260959346381023,-0.180336091104261,1.78403103260251,-0.914028090948768,1.24313828183216,-0.163355941494629,1.09374549987238,4.14528556228189
0.631537494327337,-0.522188088500316,-1.08418094951756,-1.32339389304084,0.954051557626517,-1.18768394824608,-0.435814422715866,0.163459592999808,-0.381475531086478,-2.61830724313924,-3.81119833648694
-0.673918042026137,0.196171631921288,-0.840525846983544,-1.30956949022559,-0.915559861980748,-0.309548709612496,-0.110604042146119,-0.0218046375071868,-0.351034797689885,0.87134684506197,-2.8160966824292
-3.02166331330915,-1.05550743085685,0.329894768493737,-0.492008058872495,-1.14755907957463,0.0118670360546235,-0.702001871441873,-0.544724121066574,-1.20550367186413,-1.53348985064992,-6.90847462892209
-2.02166224027416,-1.86539283355763,-0.213196930007619,-1.05914776017102,-1.11855728964775,-1.59200779809451,0.135856758182943,-0.555219051983959,-0.000673506342679448,-2.61419592001549,-10.1030541710378
-2.03047282540225,0.709286883750962,-1.4159367629746,-0.914849467961031,-0.218096310772363,0.564302392547553,1.42088937427321,0.987301815925567,0.163697506840437,-0.138734411948891,-1.63383977492544
-0.393935089965733,-0.727342781479379,0.178154847968137,-2.02424819348007,-1.3365840872214,-0.453818824291031,-0.923190981991615,0.656795720409479,0.024962968461027,0.68506005771746,-0.917485055668968
0.172699296471955,-0.466792145726878,1.49579914326533,-1.04412292560338,-0.630877207070494,0.487851911038653,0.857213557431518,0.269835713804633,-1.92768550381911,-0.669862221537763,0.991039496268542
-0.599934238430168,-1.34162741334526,0.193264188672336,-0.575569772485104,-2.06897904941029,-1.20798716745609,-1.04388481262015,0.421319191782734,0.286986250034461,-1.19073261993795,-5.63243528623427
-0.570492783503167,0.317481358763222,-0.860848271251445,1.17931735470485,0.155542336503229,0.111422615514577,0.0241560027313678,-0.751078920225575,-1.21482364606091,-0.0371864452113886,-0.347027173913487
-0.312634859270951,1.11544092476068,1.30182314498671,1.15977686760989,-0.0281649539564814,-0.0619837885287524,0.486470478008463,0.959874604130646,0.969648557433234,-0.0432035312795901,7.17471142022683
-2.03047282540225,-1.86539283355763,-1.90272815921722,-0.574237627269989,-1.79157878071644,0.199431114438044,-0.608814831145629,1.76874819949689,-0.75891987631807,-1.37545630264523,-8.64230101279185
-0.661460708488901,-0.560459625190943,-1.68308444774303,-2.64658030564161,-2.06949200218292,-0.553010063879535,0.861177852914087,-1.22534100897702,0.0299971150368118,-0.220689832262266,-6.3839024752642
1.17970376128822,-0.350402850119278,-0.297786044766356,-0.0273599144370274,1.13898659334691,-0.788942115963116,0.976078396878966,0.205685956489288,0.457330377880126,0.364644844799207,4.81504566159847
-1.77219807822647,-2.80797825197639,-0.588132826242852,-3.04169995904614,-1.17976395987741,0.462906108553288,0.180174525997328,-0.934174018997064,0.0299971150368118,-1.74133228607885,-14.6034200930393
-0.802145999265858,-0.537185247593153,-0.0118488026650711,0.742266744601329,1.72736301078338,0.367125526031278,1.25679292181611,1.59699827014191,0.0380168799340099,-0.251045212315406,7.68170790313797
-2.19023509806941,-1.00060123837703,0.0556694470975077,-2.59351937604178,0.98331892862252,-3.21679805802999,-0.250166188624935,-0.915931107173949,-1.04718443489415,-1.74133228607885,-9.88069325973881
0.586454908796064,0.47199063476481,0.844581721377092,0.343173386578348,1.38865773694018,-0.557043805415399,1.1025417241732,-0.956149991378047,0.845441413545849,0.491242096355189,4.78488273185407
-0.826174411448308,-1.92742755104461,-0.621969275166119,0.50161972499187,-0.0503596178760958,1.97570131477125,0.404972696719598,0.832828261771096,0.221526204471059,-0.958625303547093,0.545066802298422
0.172699296471955,-0.466792145726878,-1.33018283484652,-0.986077103400695,-0.0359009083710767,-0.37343773385717,-0.399711545395865,0.0890546066093822,-1.07431106703416,-1.46288212605582,-0.924937664193942
-0.523528725190425,-0.303408298806256,1.02633500040392,-0.115546355699799,0.758798141788965,-0.819597637664907,-1.16366826379191,-1.44388888192695,2.06272815625272,0.15348969982672,0.773630253025654
1.26370304550198,0.112664540147518,-1.15052462823022,0.972389620629996,1.29366505659886,0.954665149088169,-0.0562011903444733,0.676816387327414,0.646548836060537,0.0745547147716476,7.49175257457034
-1.44529301080645,-1.65139910666012,-1.07804342303024,-0.125205438129831,-0.277380693155594,-0.836662206926523,-0.390476792873409,0.394655118211618,-1.98583671264135,-1.2553129935368,-7.50042508108135
0.668303623015954,1.25558476050306,-0.258355903220497,-0.303912193038251,1.06389363806674,1.17904933663705,0.146955688078788,0.550558572741968,-0.640488378083955,-0.275373264043115,3.7994995298554
-0.294325547796783,0.440724688898563,0.469249871479302,-0.030187600266127,-0.529049226807039,1.14424588579902,-0.0312140253208611,-0.176309271233081,-0.281109586297586,0.344877764064073,1.92801425182895
-1.26141542542925,-1.77216856068193,0.289068838481303,-0.332236921705031,-0.879507092329985,0.0118670360546235,0.629244876011858,-0.464050494257983,0.236797619274596,-0.283145895517135,-4.05856620748784
-0.72968789351925,-0.499401221002059,-0.516552306058864,0.550930011322807,1.60528674061967,-0.291996922834737,0.286319712689507,2.51319563419187,1.14574925522887,0.443444985274835,4.20439401234595
1.51492075578825,2.27425080220362,1.44601388612006,0.740115274309402,2.8929753029618,0.858404286098516,1.99206997002524,0.79306162665288,0.366834173618189,1.60876389853258,13.6960677873995
0.719365791125392,-0.858011660880767,0.832502499710677,-0.101139087748528,1.95903004624601,0.0985031097596995,0.295170878639642,-1.6239859770207,0.58981864497114,0.349474920295508,2.29370212353512
-0.518666040363744,-0.590679068268955,-0.279028912162003,-0.586557783314266,0.582541107935263,0.0797573392146266,-0.439497035085602,-0.17390726190985,-0.75465524562004,0.0588677994145977,-0.811762489351953
0.719365791125392,0.797007514195073,0.163608646225151,-0.699180079538896,0.61369931635941,-1.22714360965522,-0.584990890775491,2.25002659183301,-0.675225896819986,2.12280722956376,2.1179033259999
-0.523528725190425,-0.590679068268955,1.41619819310919,0.0194393690391756,-0.525786398791607,-0.13458473878177,-0.495493021867989,-0.977706722821174,-1.02937748114014,-0.781506167455962,-0.954577978526151
0.149386646746502,-0.527584804480587,-0.391552129348118,-0.0111258618563709,0.0996326855537084,-0.971375543740864,1.11711785532742,-0.0313787257696345,-0.13646201860848,1.0979275015805,0.93944360204312
0.740213979007568,0.739815020158933,-0.802844915610791,-0.378078348875051,0.287616045457371,0.399117307945401,0.192008910520505,-0.822002535997431,0.850678288754933,0.577152439205889,3.63304102400081
1.03150237989288,-0.802100447485456,1.1074449308987,-0.303912193038251,-0.333814044981767,-0.247866156938086,1.38482209356118,-0.590204179923133,-0.100149314758815,-0.00230039233316642,2.32671319906247
-0.394765944256757,-1.2603309613265,-0.693625141010874,-0.248951481521266,-2.44589338771301,0.0576636258512327,-1.06066574019558,-0.688671928774135,-0.796816512222975,0.259533732187731,-5.63243528623427
-0.274002021022893,0.493392361160645,0.136031840874749,-0.115546355699799,-1.90419166285599,0.122997184589405,-0.338471130364431,-0.400220693338138,0.122088293440141,-0.624935470092998,-0.583293231973421
0.160931443914401,0.430424432581704,1.26033002211423,0.489770221282625,-0.997963498432608,0.978806901323203,-0.693548415632038,-1.01860191408189,0.579064038974755,-0.838549309014435,-0.030379286169389
-0.297551566626837,0.440724688898563,0.469249871479302,-0.030187600266127,0.169413317119676,1.53027307344013,0.702742365717239,-0.770964910706158,-1.92768550381911,1.44581417882801,1.37095989442302
0.243247488124455,2.16163729858016,1.16164775954535,-0.626403641940971,0.690610973918361,-0.000583869636222375,0.415981967560844,-0.225396702484012,-0.683065841266954,-0.556299791303048,4.40966524968202
0.134563143480349,0.666483770437179,1.2952367508724,0.730015572592625,1.39537161501973,1.28872502030409,-0.0783462208807972,0.593198119260311,0.625655187239571,0.426644729859837,5.9678774921062
-0.815475210195504,0.134169790343094,0.349411774714599,0.887469355871475,-2.02589570998849,-0.344036488252363,-0.338471130364431,-0.209843426190585,-0.21558137871659,-1.45659771719768,-2.05010602504187
2.07933300074257,0.361749419081406,-0.0110177401766914,-0.05048740832323,1.8098991173024,1.06995447773337,-0.750662654014526,1.9642633958788,0.477370009985004,1.09902741523632,10.0414620287732
-1.04960000722438,-1.57793359054331,0.13447515049989,-0.467261395050124,0.333250521465775,-0.520094453541562,-0.756102307492011,-0.730637322912061,0.499792329585496,-1.16591696508991,-5.43250744583678
1.91455069010514,-0.713205252138943,-0.545888299397761,-0.0968393119467511,0.27211507275196,-0.160759636808777,1.38482209356118,0.127235019127121,1.37621173239827,-1.18480477787293,5.425174593155
-0.571995369260813,0.317481358763222,-1.0105828794411,0.173813101359905,-0.42495502153339,-0.443140692885959,-0.475493562391068,-0.132533615404619,-0.240306084585895,0.494296566780485,-2.46498862784313
1.59404747221103,0.115717400217612,1.07908478105232,1.57303312093561,-0.357683678318498,-0.0996492442395289,1.25230741810215,0.241155993906223,0.475689443715715,-0.733517350215665,6.83332940201879
-0.828473567256418,-0.27635740958257,-0.18414319175466,-0.575455655789427,0.444325347338519,-1.99784008600496,0.0243729973063797,-1.15511740707762,-1.38506720636273,-0.784892225690823,-8.31673409410658
-1.69297119990705,-0.529090387628486,-0.773464390903892,-2.32542007328297,0.126193834352616,-2.07114461475551,-0.250321811228284,-2.38191598252765,-2.27971901268041,-2.24801068801406,-12.8243452265334
-1.69551571577589,-0.132567804929974,-1.59345136472693,-0.472569645728179,0.143709357521113,-0.583738521348439,0.18735085855268,-1.86706040670473,-0.735452612934687,-0.784892225690823,-2.7348580289867
-1.25145895541924,-1.93932877419234,-0.890116779361828,0.301878651505994,0.183522338213322,-0.980537647128566,-0.442163585028735,0.496916224319718,-1.72511690385438,-1.49332055212784,-4.16588323512379
-0.0434676771895495,-0.757006483368462,1.02633500040392,-0.358783946847046,0.881733755910384,-0.57953533845748,-1.16366826379191,-0.411145510815693,-0.397451256841696,-1.46288212605582,-3.15392316629865
-0.278409203090078,1.35353103982732,0.780293489216605,0.485555821357874,1.29366505659886,-0.110088890744137,-0.816809834993502,1.58264391280223,1.57235564261034,1.11120675970181,9.12456313420382
0.160931443914401,0.348549070483139,0.243678163233172,-0.0662618434764233,1.26046687773946,0.621123361677555,0.121821488776278,-0.389142185492398,-0.219665748174979,0.577152439205889,1.63138969049201
-0.0677088401133937,-1.21395362863282,-1.11750879539313,-0.674786885998573,-0.843140512070999,-1.65675853352922,-0.0100137187611387,0.100605261445733,-1.70833032503431,0.894544819374991,-3.81119833648694
-0.738530215737229,-0.466956751414332,-0.475946347412567,-0.986077103400695,-0.809333719228695,0.568586026345573,0.18735085855268,-1.20939040028078,-1.52673532774737,0.801013664812811,-3.7528002874435
-0.79714534702103,-0.442583449219645,0.0215818085450531,-1.78704840476783,-0.892687946593904,-0.458254342036625,0.0679094614479698,0.394655118211618,-0.028492914224679,1.24588347572718,-0.811762489351953
-0.0715341959112843,0.728508757528767,0.3002926344601,-1.40043934879321,-0.532838030951363,0.492162863392397,-1.26830748420357,-1.08523955498493,0.322483746218312,-0.160232082275379,-2.21620783728557
-0.88363441706669,-1.74365170638116,0.188874398738531,-1.54701686925506,-0.591187456771579,-0.642370762455581,1.59527283630239,-0.114294676853587,0.666751494644272,0.295378275467296,-2.20453621146252
-1.25145895541924,-0.823754342600765,-0.999718063923581,-1.38842044734115,-0.125921838029497,0.545056630854251,-0.496622135374084,-0.0614290344274932,-1.38506720636273,0.283831526954058,-2.5586001639885
-1.39054578369837,-1.74052550394293,-0.890116779361828,-0.517317069817415,-0.837031513025573,-1.60538201459676,-0.488074455241328,0.0485503335967454,-0.447420371671045,-1.92679587083628,-7.90590264814157
0.389839791286228,0.639778266403827,-0.633049203860282,0.478513181037533,1.57417307720005,0.736081737067263,0.763769675492833,-0.333946197653436,2.91772433965693,0.932161652515562,7.77023285655811
0.822687738651007,-1.32119935852444,-0.433514813414741,0.841050757042874,0.856649679391892,0.401205961989126,0.0522938465795087,0.127235019127121,1.40294826126666,0.598288763073512,6.88831445509193
1.05494931621634,0.828282183159059,0.0769658439883519,0.135968340891811,1.44767297412661,-0.801774350456364,0.486470478008463,1.59699827014191,0.617887166796007,-0.150722137256238,6.43772856859139
0.528283043845976,1.22592697858197,0.244954815022021,0.489770221282625,0.502600643526961,-0.728022467667293,-0.00444389139359997,-0.129048637916413,0.622025627284248,1.13489714260579,7.2707393646193
0.243247488124455,-0.265281254965501,0.0978183815486519,-0.615926020778804,-0.461368036336332,1.04505257290832,-1.71592348991576,-0.0700689824797301,-0.464027403739035,-0.152853078778664,2.16373608622538
-0.407315805890552,-0.221109737634321,-0.52217929864475,-1.78704840476783,-0.427064678929916,1.10712823349632,-0.827228326448133,-0.160806288051352,-0.028492914224679,-0.029809763496723,0.199230744312356
0.537470386507198,0.356009152218901,-1.08212133848439,-0.921561251535139,-0.0734830480971239,-1.51577331390906,-0.286106286045543,-0.160806288051352,-1.45487300297952,0.214293486096118,-5.13266712390918
-0.104276572066685,-0.918850548734049,-2.39199559287845,-0.472569645728179,-0.724419590706126,0.454405074359567,0.0799932549918998,0.0988054743092561,-0.351034797689885,-0.852733504444478,-3.37847244209588
0.537470386507198,0.431342421121632,0.855005923701369,-0.845596555081293,-0.551934185889628,0.854426287748638,-0.556185364897243,-0.67726725135756,0.758206418874482,1.74212448388632,2.60308669366841
0.0228293415705326,-0.724553094662698,0.342890974622554,2.00265268728142,0.064782448645145,0.516808781961651,1.12426252185566,-0.790346266252632,0.537645688983148,-0.00461641743004619,5.59159660789472
-1.39633201761055,-1.48398817126527,-0.501484256595466,-0.492451259891526,-1.10533599017539,-0.722414490588243,-1.96480394221565,0.948386151929263,0.373510660460188,-1.49332055212784,-7.67011450032085
1.29552682289478,0.306338176417358,0.249122313555143,0.445775872486386,0.723595536368446,1.12583812736647,1.2837793960259,-0.0539449425290275,-0.149793770569944,0.0521370075282481,6.34473293349741
0.104864694546241,-2.49186033564117,-0.161782690774432,-0.467261395050124,-1.10847112495427,-0.597605964815299,-1.96480394221565,-1.08439523866072,0.405672709868237,-1.09707849396264,-6.39669832875358
-1.74228153360398,-1.00823466263672,-1.63662073781462,-0.0622984230327788,-0.125921838029497,-0.422450775130349,0.608211101056079,-0.283350878038748,-0.584483951185813,-1.35392736733651,-2.11248100960603
-1.34673756995443,-1.10876756152881,-1.36702368260765,0.0538924323255352,-1.40245170724418,-0.0603711330944402,-0.442632712753338,-0.573064400747271,0.60453395587622,0.773659803747699,-3.60825041156904
1.29375424759697,0.294011579052161,0.765653924665977,0.287471020617754,0.414733721990526,1.36794130929654,0.475656958126354,0.620706181168764,-0.268578135988981,0.0521370075282481,6.35388363020424
1.52693522367933,-0.91065914691239,1.66894876366726,-0.466553888823526,0.555619075763828,0.954665149088169,0.0432371204083141,1.59699827014191,1.02494002008655,0.0998820984796317,8.46376271324926
1.30666270544166,0.687030706002637,-0.395585059807566,0.52829894613585,0.690610973918361,1.12583812736647,-1.47518739423893,0.820778391694906,-0.702103125912428,-0.266521384769897,3.77359739359148
0.812503966454251,-0.369625112053875,-0.52726825948525,0.945052964923912,0.680340323661528,0.0321856514403372,-1.14536017120649,0.824128783858396,1.58717778937021,-0.935197628107411,1.07799294260766
-0.0171016839470534,-0.488649679642992,-1.95346283796607,0.528381851286265,1.18138536161743,0.333182244902046,1.33214030217819,1.2315420379282,1.60987383122068,1.38268482056244,6.31853151865674
0.0430422905429217,-0.383354905518023,-1.01526164099227,-0.49356948188621,0.435689714941552,0.514239173188295,-0.992428106117689,-1.38956694225687,-0.628564678673998,-1.02255078792107,-2.51008176192172
1.10957894168932,1.19577688802353,-0.19054556273557,0.67479916321671,2.63369789588352,-0.0619837885287524,-0.0103272257893356,1.47822477749726,1.45666717283461,1.17753894090594,8.82882490831206
-0.0258264359335172,1.31696414405541,1.04837007858501,-0.348933282980802,-1.43403997738034,1.57377427635773,0.137059469009943,0.501650353029852,0.378814660795877,2.36276493003292,4.87848463541115
-0.404810340085947,0.194057324310943,0.832502499710677,0.775613225357656,-0.67088627738255,-1.82631025302704,-2.27855119710621,-0.624081959060928,-0.456056859130107,-0.503031024699145,-3.89275992204919
-0.969614931804446,-0.539847522251083,1.0141266453573,0.315004807378551,0.466558923693095,0.443617438026063,0.748594992787747,0.899005859066531,-0.0784666076435497,-0.194122419079339,3.90932213984409
0.163263286598257,-0.348732583900766,0.19583157700674,0.261423594365167,-0.223289833177653,-1.13177157568619,-0.500335352966806,0.0607281854250295,0.459866890772871,0.0100599256452723,-0.792022412104865
