"X1","X2","X3","X4","X5","X6","X7","X8","X9","X10","y"
-0.678681874581334,-0.784502866993266,-1.9436376750597,-1.09973489508928,-0.632397633390927,-1.93637339483576,0.0465024680787921,0.419590196082804,-0.27617488664171,1.92701949264733,-1.92012897414414
-1.32133160309655,0.636989341219565,1.22219339408359,1.18032014907147,2.02214929711978,0.704988446453299,-0.264173832573105,-0.43288071053807,0.985886719203402,0.109410288337471,5.32725162909038
-0.0271081934558512,0.606428177116391,-1.35194887640019,-0.356111859303405,-0.676898457585848,-0.605636001822716,0.662357135613025,-0.00742805350543665,0.411295871589943,0.766061890082986,0.498744079696961
0.747449516961843,-0.550261998375455,0.781793865047862,1.59720138883682,-0.585424235336923,-0.112127276068972,-0.419310678159206,0.887627295746464,-0.105030231788139,-1.16076807564286,3.8003249426582
-0.933374058323722,-0.495569661876502,-0.209504513439129,0.258589535601072,0.469851115806884,0.612199192323394,-0.051956550897546,0.999356236223504,0.188708639623244,0.168596946527231,0.953773929974339
-1.32550340229933,0.43602313496162,1.5616356851208,0.559597897099256,2.02214929711978,-0.264200322887531,-0.770900712841069,0.896858877601831,0.163259429409476,-2.04343956243747,2.553057965359
-0.866765783215941,0.0420113992244331,-0.155181509087778,0.611013246744688,-0.860200204712737,0.743574590926029,1.62328227101783,0.0171488364910145,0.888914736057715,-0.960668405345756,2.12356290436195
0.0852454231180691,0.155478834682301,0.462057287868415,1.02861507762684,0.340946840068693,-0.529009860544596,0.849213805435841,0.96604918871921,-0.380922463304676,-0.132461375749604,5.46040757900313
-0.102569112042774,0.155478834682301,-0.0553010621147654,0.00505787231787683,-1.98490866521356,2.14499110912644,-1.12124424123193,-1.05732159612342,0.563984702790917,-0.650046022215756,-1.35198606537891
0.557103464863748,-0.550261998375455,0.522987430112198,-0.975006131532489,-3.60772528401727,1.09646264519551,-0.689198349515927,-2.22002027127667,0.304939272567254,-0.356772961675195,-5.03418420805148
-0.594551616521762,1.70176174850268,0.0647190931171658,1.38481440435837,0.260079123907525,-0.268586199484041,-0.490300385144552,-1.01246385571913,2.6541852227646,0.53192501090448,5.45374448839967
-1.66628982109689,-0.834162360709134,0.59561828117135,0.641865123842963,2.02214929711978,0.945543201906813,-1.30849923792868,0.863824432409374,-0.422399374276336,0.168356390366959,1.30125299500758
0.906008950153667,0.155478834682301,-0.607630881769115,-0.840124223723463,0.872660507920335,-0.803124932125116,0.0179555052395412,0.156311297223506,1.53068853131251,2.21211567469263,3.2061580162533
-0.531521529042832,0.898779371438383,0.524439425383036,0.0206788466923915,0.612345439989503,-0.20370536460458,0.447395815816201,1.4003504278654,-0.536712020759072,0.21950241503097,4.02716423696746
-0.27653332497238,1.30294225785372,0.460272888361665,-1.74215656686856,0.255043665875821,0.190836056501927,1.27080758871522,-1.2144584321825,0.664661483858964,0.261278620778961,1.34139791922083
-0.29824756458151,-0.808855807068001,1.09701766872539,-0.619098688894806,1.2430227409402,-1.46606962829402,-0.681374240652653,0.339837599911543,0.923841843884734,-1.22711286212497,-1.14169828738167
0.000988417745379402,0.606428177116391,-0.133054964361169,-0.295218613100771,0.828871844339152,-0.888533673897407,-0.0131729034466549,0.577549874800574,-0.2437413740394,0.667445629699694,2.553057965359
1.72115482234345,-0.550261998375455,-1.0317829212113,-0.546069538072826,-1.18020764788054,-0.456008543902155,0.447395815816201,-0.550378453837165,1.18830680613128,-1.23548593153963,-0.140258429166272
-0.0956451476174826,-0.550261998375455,0.961377547946509,-0.746121452823508,-0.698581924908944,-0.0992564517336374,-0.247396066276997,-0.23684015663819,0.113292119849781,-0.308566083729234,-0.971028107159025
0.930414299575704,-0.550261998375455,-0.139276836746759,-0.358064811753943,0.478555245543485,-1.26990464844143,0.0465024680787921,-0.497764366189123,0.480629137811283,-2.90654818080019,-0.303029355483251
-1.11613620864776,1.47626521737144,0.729683944598479,0.628437125173514,0.260079123907525,0.0886073968166094,0.523680436176046,0.102360654076826,-0.402593098304711,0.743355182951751,2.96045336873628
-0.167720690670518,0.155478834682301,0.00548597081060603,-0.641454556180558,-0.499419600532809,-0.198830861302129,0.412868264266392,1.13507290556723,0.256526177473406,-0.63634694980229,0.615664139393595
-1.52633946311708,0.25670002114745,-0.311288388351638,0.937714606369702,-1.82682216056164,0.730843091284753,1.00714384751234,0.214725016607808,0.622647676900808,0.886783756386701,2.74353954111584
-1.64882035693528,-0.185441758776681,0.00439144997366657,-1.55352527357088,0.32296571969323,-0.496262935601059,-1.46484149778818,-0.815639876558793,-1.40943647264612,0.458888697485396,-7.61680738626337
-0.430261410977423,0.369362339414618,1.73105992145546,-0.357395517844685,-0.860200204712737,-0.305320514080229,-0.612111280503272,-0.66587398494672,-0.230216620580465,-0.568607425847628,-1.11543016419547
0.0936615250433742,-0.550261998375455,-0.188790652934719,0.0655669711301132,-0.810106021168745,-0.358937891239863,-1.82810687207074,0.110100829524805,1.10239668391361,0.400080094665595,-1.13872419893848
0.809828116107534,0.155478834682301,1.39625405804395,0.316424241980079,-0.17756933827738,2.14499110912644,0.743833054109305,-1.255211640585,0.360000531348681,0.692205212826473,4.70614686146532
-0.636700460696796,-0.338614214130496,-0.188790652934719,0.225457799730985,0.589206242582938,1.08877357440836,0.540552348614272,0.0514453333366008,-0.70091267194957,1.48742411639499,4.82378767390617
-0.34609790532356,1.30294225785372,0.194570922246518,-1.74215656686856,0.255043665875821,0.230978793491648,1.66054673353166,-0.549741511541127,0.640167409645865,-1.12888042167561,2.48264335091345
0.307463227304861,-0.550261998375455,-0.394532876216428,0.542657384465708,0.63697508898375,-0.129956153795521,-1.19809187402366,-0.00742805350543665,-0.102621578856734,0.287381243474458,1.41351552526877
0.981441652287457,0.606428177116391,-0.259536900213332,0.771242914818945,0.220526344978999,-0.654778607798867,-0.245705229783467,-0.523283384509689,0.829576265432813,0.552053062155472,2.97891523715988
-2.39360693262256,0.71392949646611,-1.20890032441207,0.609272436369656,-1.82682216056164,-0.20370536460458,-0.756167791665074,0.649145654011734,-0.228374802257095,-1.70711708762878,-3.61305495256841
0.967867451224496,0.155478834682301,0.145033420026973,2.15119529397618,0.0306499029031721,-0.740512910173951,1.29450875973308,0.450761668285801,2.24076478610333,-0.888656815122689,5.84407684755318
-0.836134556629227,-0.0361891445202189,-1.30627445415788,0.407718603308217,0.0513312099921561,0.463572604931123,-1.03904581888748,0.476925462692715,0.300767994712767,-0.819834918114825,-0.875662363022259
0.604405187463064,-0.550261998375455,-2.19076817411231,1.59689175171996,-1.80216973512153,0.93632060682025,0.855519628297921,-1.26156311550804,0.125445588564924,-0.660989009032785,-2.08427817823759
-0.671309785462968,0.473681278193807,-1.12001159783686,0.162013558556571,0.225343475268317,0.989418723164893,0.219294086478926,0.896858877601831,-1.58727360765011,0.0178883592349749,-0.760656345781554
0.140536276098953,0.606428177116391,-1.20941786236367,2.83623763203565,0.0511294653625741,-0.606559003928011,0.681158603462956,1.73852861321566,0.351489238579624,0.289203498048226,6.64727479182202
-0.103608010867768,0.155478834682301,-0.310631076942342,0.104618996336934,0.584081868178414,0.0612227875833855,-0.171835445196127,-1.2499752252043,0.216788453549377,0.267848100964693,0.999575121099924
0.255394090303013,-0.550261998375455,0.869759103538385,0.87147236617435,-1.25680815895602,2.14499110912644,1.00714384751234,-1.14098238330415,-0.314052099654488,1.13481918458389,2.96045336873628
-0.289194471221874,0.155478834682301,0.216587603009821,-0.958565471173296,0.269500431914699,-0.945303892264779,0.528154566340911,0.274238151313651,-1.53013126448163,-0.45593071738183,-3.4364065683514
1.1266383220656,-0.550261998375455,0.374210447170298,0.617363668313873,0.220546415775805,0.256476517370271,-0.585301593741158,-0.166280763675953,2.16193285651685,-0.164800342178684,4.02290639636862
-0.671309785462968,0.473681278193807,-1.12001159783686,-0.517984901863606,0.298717530193965,-0.249521296764331,0.568795284027091,-1.11920598417585,-0.437520157225016,-0.274373844077288,-1.23878955423194
0.230271869558489,0.606428177116391,0.518738598618355,0.805399198694096,-0.385508324717481,2.14499110912644,0.855519628297921,-0.421118389255712,-0.817129091188152,1.91858127643992,6.70160303844366
1.7005641482876,-0.550261998375455,-0.890919500329413,0.188561405579786,1.75058265721951,-0.19207285811278,0.919604556235513,0.0421666761440614,-0.275524059958106,1.74198171274902,5.31590085226864
0.376148118563385,0.606428177116391,2.31282408225605,-1.28220810180399,0.885080816616835,2.14499110912644,-0.670714419516609,0.377248416171882,0.387797248370545,-0.946812301885994,3.8400627221623
0.701729893434561,-0.550261998375455,-0.488328485763153,0.659499995648578,-0.519116173169242,0.199886849818166,0.383743411857013,0.315983889544115,-0.385206747010794,-0.352175184627965,0.355103144767718
0.565334510780728,0.606428177116391,2.05664370078909,1.17325557696121,1.49699944980816,2.14499110912644,0.137081503376357,-0.0954691956231332,-1.97999180962609,-1.5625506618814,5.76391979780878
-0.814786516728031,-0.157312744403375,0.522987430112198,-0.666145147867129,-2.05625221973739,2.14499110912644,-1.12124424123193,-1.0453296350873,0.387797248370545,-0.379597220757785,-2.07060540128617
1.7005641482876,0.606428177116391,0.210718264514178,-1.74215656686856,1.75058265721951,0.989418723164893,-1.02755168688579,1.71927106862153,1.30501370517171,-0.201324287528065,7.05071849826662
-1.40829544112156,-0.363508357128866,-0.680211629440797,0.138387399512806,0.0511294653625741,-0.264436941068816,0.265231229093843,-0.339641068251182,-0.0906048688761315,0.32233817454266,-2.11706130689823
0.906008950153667,0.606428177116391,1.05154489972231,-3.40402012662956,1.25957847910349,-1.48319396829855,-0.0497113394389239,0.982308223465517,-0.958825712932497,-0.249121716142356,0.254192664989529
1.69044019913722,-0.550261998375455,-0.890919500329413,-0.152826004194103,-1.18020764788054,0.341289566501409,-0.859317360418329,-0.130664926901335,0.360000531348681,-1.4357488605124,-2.50650606502653
-2.00684486866336,-0.133067645060122,-1.64939049903748,-0.194509945530209,0.538940410673307,0.790147777422133,-1.03255264792838,-0.430650121675204,-1.1790168173402,0.280967914265729,-2.8460265108903
-0.383379113837694,0.769955074142947,-0.935270738419496,0.918677525290489,0.133667655351646,-0.0493678160285648,-0.576303551854855,-0.442617044505215,-1.81481609690897,-1.04658417160334,-2.41545027322193
1.56201933005306,0.155478834682301,0.562720267874261,-0.0746887227273258,-1.28041401769345,2.14499110912644,0.855519628297921,-1.85891029008048,0.304939272567254,0.527522244083181,3.5155046918181
-0.558520317651456,0.407202621358854,-1.24218033613952,0.752569980443889,-0.444570185209086,0.408472132182274,-1.43531634273177,-0.510271091518736,-0.0927016223421018,1.42811132915632,-0.269676444429216
-2.22632284375584,-0.144463136272233,0.433500024949464,-0.142822609338811,0.260079123907525,-0.945303892264779,0.688714987610198,1.25391862914342,-2.15098159994518,0.792210037494632,-2.10540489519027
0.279776627889736,0.155478834682301,-0.879396156749116,0.752569980443889,-0.991902488309213,1.45569800772689,3.34174336985444,-0.43288071053807,0.640167409645865,0.883774052929133,5.30273756014463
0.304229001685156,0.155478834682301,1.73105992145546,-0.156850398442012,1.12220668638951,0.185478567327079,-0.106400900120793,-0.243688773685506,-0.113055810973661,-1.07146897016901,2.17351521274819
-0.687344678627866,-0.597637619355199,-0.680211629440797,0.138387399512806,-0.713151731901998,-0.656640281055433,0.174348901144229,-0.964352737948684,-0.482142288323402,0.364636418896444,-3.66706569559828
1.05648870101937,0.606428177116391,-1.28897405865053,0.493055238598815,-1.37198140160085,0.701396752450679,0.302888948237782,0.689042905985063,0.321807809939307,0.10799266180611,3.04271328472409
-0.843378122279574,0.88113887642203,-1.9977407814576,-1.15181669459643,-0.36545378515231,-1.61352832917999,-1.27040884572185,-0.142639582893189,0.835995310177011,0.35092972408014,-2.07190843868359
0.175483305270595,0.155478834682301,-1.0035322190744,-1.6294702490459,-0.565689474955307,2.14167681829772,-0.491178814132175,-0.253599339792762,0.387797248370545,-0.0981673142882818,1.50983394937463
1.7005641482876,0.606428177116391,0.210718264514178,-0.569191399588806,0.308740698135893,-0.0269318852097332,0.808235323272179,-0.865288753785265,0.481170942084283,-0.683078772247139,1.67158163685639
0.930414299575704,0.155478834682301,0.37922362951239,1.90694877996674,-0.0119256589763893,2.27276374263097,1.00714384751234,0.236629423201225,-1.71967716112128,1.48742411639499,8.03585210940451
0.339361797919429,0.155478834682301,-1.24218033613952,0.895517894328178,0.499880864991153,-0.17808008392324,-1.29020851378458,0.884702896884627,0.421242712052465,-1.26033538062732,0.43106815695659
-0.173373535530338,0.155478834682301,1.01722163551879,-1.13729708763374,0.862521667938569,-0.295698722357142,0.528154566340911,0.860948797971285,-0.290163642584319,-0.457554360108929,2.553057965359
-1.49917669735887,-0.253119505197811,0.809048355755223,-1.09973489508928,0.455768538010819,0.14158071681106,-0.295065992174071,-0.49211765031683,2.34462416718867,0.366702318715185,1.73878730963748
0.0224750723580657,0.155478834682301,-1.50263103862835,1.04589740020116,0.269500431914699,-0.529213531297535,-0.662486955811131,0.356892496096615,-0.0824978056883406,-1.360678056782,-2.13325026944891
0.629715120509081,-0.550261998375455,0.422734974719741,0.195388543384443,0.271371076275728,0.771247417110465,-0.496775317504507,-2.00480356214423,0.231270171684545,-0.599455219420402,1.4672971733481
-1.66140988438848,-2.3598031390609,0.870156967057143,-1.00211199539995,0.91622751819561,-1.87610892894057,-0.0497113394389239,0.00914382696682781,-0.285858925144463,1.70317007605747,-3.06709220127581
1.25381877363063,0.606428177116391,2.20266227431843,-1.96466561510028,0.0174341919482758,-0.305320514080229,0.0610254736699289,1.40190488198024,0.970933410632685,0.235180098481221,5.77868360427342
-1.08089969933186,-0.0817074335360279,0.522987430112198,0.0655669711301132,0.538940410673307,-0.848108199352816,0.78938443705651,0.610132563507769,-0.21438561179281,0.958661110013512,2.16684427832917
1.67894320633404,-0.550261998375455,0.931323886022298,0.54004836816077,-1.8776255653216,-0.305320514080229,-0.0683480564799745,0.186702242197983,0.460682787943832,1.83103718032244,4.08135266541743
0.846301237246732,0.155478834682301,0.491853216095844,-1.61018981605806,1.55329415003326,-1.44596707340762,-0.199920107471562,1.54420086444063,0.188708639623244,0.534938430884388,2.97891523715988
-0.648327544277988,-0.0847888097052552,-0.360508125875341,0.335020534956615,0.0513312099921561,0.586891687925935,-0.273465956643855,-0.560404914745815,-0.596264278785782,0.0984036141938148,-1.61719062419067
-0.355560528428443,1.30294225785372,0.30200213796639,1.07865711160571,0.260079123907525,-0.740512910173951,-1.6196588476618,-0.966519388565879,-0.189137818653486,0.235180098481221,-0.121995732926519
2.18854723794832,-0.550261998375455,0.629493930860642,-0.546069538072826,1.75058265721951,0.701333818167431,0.359358983067787,1.67758470925073,-1.05990687523022,2.04308916490849,8.79586366615611
-1.44320056789759,-0.0240166248818011,0.887639319109829,0.0218684943034034,-1.82682216056164,2.14499110912644,-1.12124424123193,-1.05280291823472,1.16676058591922,-0.565874354966289,-0.558454154963533
0.766926302491777,0.606428177116391,1.41198057538717,0.918677525290489,1.12384248678388,2.27276374263097,1.41458830066007,-0.915457733436234,0.212642816045577,0.306033493862366,8.62396153263048
1.32564551994995,0.606428177116391,0.470915403148823,-0.27889757191619,0.13187509005035,-1.37509147780887,-0.2500962019469,-0.497764366189123,0.585125837513144,1.51878381887659,4.78323801701112
0.833120797857647,0.155478834682301,-0.0651514382552366,0.624773825612719,0.106704533831893,0.233345203306933,-0.422440087572959,-2.40787513967674,0.38805891487993,0.722644086913963,1.7802771906886
-0.147514855541915,1.30294225785372,-0.855963898347156,1.9075277826488,2.02214929711978,0.654145013650198,-0.386602665481367,-1.06131158232483,-1.07533379523943,-0.308446981369514,3.64811955661831
1.36475984049179,0.155478834682301,1.58782841194118,-1.13487480061669,-1.56678940526587,1.09646264519551,-0.491178814132175,-0.17795150826294,0.563984702790917,0.32233817454266,4.16860708827831
-0.0765220696774002,0.155478834682301,0.277786353839041,0.188561405579786,-0.263033536617546,0.743574590926029,-1.00493860308401,0.0900678283144967,0.317439691441678,1.33291299392528,2.6926500359273
-1.38480588641848,-0.230767343964156,0.973201948425222,-1.46323493720876,0.329844398991798,0.348189877886007,-1.49754991604208,2.42005805708854,1.70738735494337,-1.53222413218498,0.0773408739781084
0.0487236915960656,0.606428177116391,1.62569102641722,0.250194804589914,-0.304468600615738,2.14499110912644,-0.112410617597802,2.39554027243194,1.30501370517171,-0.551248290959861,8.79586366615611
-0.52013795066363,-1.46397937681367,-0.612571997418814,0.0959009690426866,0.389099459585044,0.96697089395166,-0.866450599447056,0.352521771928739,-0.760158512559418,-0.692788644433026,-4.98851867097617
0.816657249489373,0.155478834682301,-0.301912919001065,-0.526406084000114,0.648148845070225,-1.8072489289447,0.600960710280143,-0.748783430328026,0.169431299502364,-0.236238839398971,-0.348401325319615
1.15928857528692,0.606428177116391,-0.0506601392271734,-0.27889757191619,0.256533069656621,1.53099773646965,0.791534696004168,0.0514453333366008,0.208326737846225,-1.36985405252456,5.46040757900313
0.833120797857647,0.155478834682301,0.381916890152379,0.996458476543562,0.0670979099898824,-1.37509147780887,-0.683989331762806,0.0652133472215429,0.776099955315321,0.557846770760235,1.39694696463247
-0.900165067183496,-0.0309919205176701,1.65031362037888,1.87454184707363,0.260079123907525,-0.305320514080229,0.341240724935756,0.571017563793685,-0.41396464594472,0.704841016779974,6.03660563796843
-0.110807599286466,0.155478834682301,-0.0553010621147654,0.00505787231787683,0.609696260153451,0.552707274172209,1.01691649048294,-0.553608616852964,-0.863766756702877,-0.224315592591462,-0.275886713002029
-0.519861892546763,0.405387544679135,1.22219339408359,0.552671095659486,0.0507760569898935,-0.112127276068972,-0.422440087572959,-0.495554240398448,-1.53013126448163,-0.683078772247139,0.633923828250061
-0.919638335168954,0.547253563027529,-0.982831656098859,0.752569980443889,-1.82682216056164,-1.37509147780887,0.820891563876165,-1.06792978630056,0.503998183495293,0.322381390314603,-3.19163862281814
-2.59839730503,0.212260239760447,0.9513979598963,0.704580831859445,-1.82682216056164,-0.305320514080229,0.700891802238574,1.94685882163739,-0.763376796618558,-0.43774140070861,-0.231446805372263
1.18743340240462,0.155478834682301,0.425261644101842,-1.28220810180399,1.19028867254384,-1.26677443744978,0.18285683892914,-0.499247027066577,-0.444767948157684,0.404425760644474,0.989879743473393
0.159804261746972,0.606428177116391,-1.25711629866728,-1.51814902883936,0.0882149765693228,0.996123349947022,-1.69370443064804,0.954626898753885,-1.78527283000119,-0.595750265910351,-3.27037937415614
0.223396061799501,0.606428177116391,0.0021578975875359,-0.683702850196838,-0.448749282110543,-0.871622173760346,-1.0897549114715,-0.62963543784114,-0.161360158022871,0.462021944680986,-0.748316037824996
0.847080421609864,0.155478834682301,0.491853216095844,0.0870727461688949,-0.764583939802842,-0.112127276068972,-0.175248782101885,-0.138476977293039,0.625420581605277,1.70317007605747,2.80518710372842
0.716308864625282,0.606428177116391,1.09369259896791,1.27507869574689,-0.79079239358389,-0.305320514080229,1.45194367245441,-0.922321723793968,0.549980775339543,0.667445629699694,4.41730109458739
1.52582054648674,0.155478834682301,0.44790360738511,-0.295218613100771,0.470712948097493,1.08976842699562,-0.314562158796366,-0.85792610966139,0.405583469284514,-1.02187875293163,4.16860708827831
-0.531521529042832,0.405387544679135,1.73105992145546,-0.357395517844685,0.455768538010819,2.14499110912644,0.674272725366255,-0.915457733436234,0.697993979644279,-0.644864694809006,5.18342649598897
-1.12034419741936,-0.0612438835094271,-2.19076817411231,0.305294385561725,0.516396108742578,-0.186259081245052,1.97217315830845,2.00206558392196,0.192056229463339,0.812270366800375,2.98942175467913
-0.3457242819117,-0.808855807068001,1.40447968602819,-0.0467039163140967,0.422319415187865,-1.23381096806542,1.24262167731926,1.23467144008819,0.914348862764952,-0.830404915786767,2.05469297732872
-0.0715899721442844,-0.550261998375455,1.22340316174916,-0.4566875868212,-0.925625524418299,2.14499110912644,-0.406436230064625,-1.91111463078744,0.304939272567254,1.23823342217004,1.73878730963748
-1.54835972470455,-0.0111078872422407,-0.394532876216428,1.87454184707363,0.260079123907525,0.990021781812077,-1.69159736639412,-0.21469245545761,-0.868192529361767,-0.819834918114825,-2.2355125248789
-0.3457242819117,-0.327581339396693,0.697551385704644,-0.925359592067983,-0.244529210015053,0.129919063041199,-0.961250980879074,-1.15404846137194,1.09804199375539,-0.856896968904407,-2.69272169198878
0.664705743480672,0.606428177116391,1.64835290179676,0.717221725425198,-0.36545378515231,-0.305320514080229,0.5653462637703,-1.1833892376758,0.610977827302869,0.595949403842446,6.29984469977466
1.71547659746722,0.155478834682301,-1.25711629866728,-0.485947205017235,1.75058265721951,-1.70040843272692,-0.0497113394389239,0.929398910675906,1.24848702921358,0.463511339341574,4.20295439179078
0.104267120491668,0.155478834682301,-0.222838008202916,-1.19267720983659,0.00535935428557048,0.527164735028516,-1.61789190618531,1.24856329062108,-0.586994620490299,2.48163517430961,2.74353954111584
0.0973421793751753,-0.550261998375455,-0.188790652934719,0.0655669711301132,-0.871792013428106,-0.432399720736376,0.856170039530847,1.60167121454654,0.82610054567405,-0.201324287528065,0.981329761606212
0.747449516961843,0.606428177116391,1.41198057538717,-0.973547034499095,2.40765443554837,-0.319038012421465,-2.11453458165267,0.572984748678645,0.718588349104526,1.57217757018005,6.41209864139007
-0.0209351993602406,0.155478834682301,0.838108141251555,-0.583113630973764,-0.381648952329259,0.763847862550749,-1.07121738510024,-0.129013580653381,0.346400848407737,-0.122639063317981,2.68523065673741
1.72115482234345,0.606428177116391,-0.182769047302319,-0.185159482310269,0.308740698135893,-0.264200322887531,1.08141912189139,-0.101602892489293,-0.0368977323709794,-0.961363360871953,3.91169115785215
-1.61841579602725,0.403512551089896,-0.119538662205852,0.314806006874386,0.260079123907525,1.20685061907437,0.294921650266547,-1.91111463078744,0.492568968946456,-1.45763012318556,0.745368967573303
0.15600980373673,-0.550261998375455,0.9513979598963,0.535605298060706,-1.45422873448441,-0.305320514080229,-1.18127363113958,1.26353004120587,-1.35191217457524,-0.0197974500763552,-1.34891182067909
-0.655680762504928,-0.0847888097052552,-0.781387222891008,0.378051863886445,-1.2750297349142,0.288037724687565,1.50882173719855,-1.0834285821928,-1.71568168917073,0.584484157442671,-1.68975738522883
1.95818380614532,0.155478834682301,1.29397195141817,-0.0570504174148826,1.09178427304007,-1.37509147780887,0.399769129589684,-0.694372730815846,-0.337241206669351,-1.46111633014998,4.02523623167257
-1.7375725465702,-2.47190001517204,1.26354704758255,0.457341038329046,0.0513312099921561,0.0897239945826765,1.46403205369221,0.241658005299251,0.0091062925441932,-1.35146002009551,-1.54260977900288
-0.228259033059666,1.30294225785372,0.182286090908608,-0.635143459469219,-0.713020735557176,0.543902136137848,-0.675956399571433,0.284475994569472,1.32700746867211,-0.549155093059012,1.86291883840193
0.324902982337187,0.155478834682301,-1.24218033613952,1.44432506080397,0.383743207119288,0.801690001881115,0.906600916553276,0.0100985657195513,-0.456806677541262,0.823478123253899,4.02290639636862
1.00521571241723,0.155478834682301,0.18232094306207,0.948562857892091,1.43400963915821,-0.0857464666565383,-1.59429150061365,-0.68341802335381,0.0165270288187401,0.224753463017796,4.16860708827831
0.160132603529719,0.606428177116391,0.731351078399716,1.39469007231814,-0.35333225626063,2.14499110912644,-0.689198349515927,-0.368685506611005,0.42065969228331,-2.77088627704717,3.06953268955147
0.358997236444323,0.606428177116391,-1.26648645897196,-0.485947205017235,1.33378555143886,2.23671659579246,1.23987462080446,-1.255211640585,1.88688325322051,0.645561480797299,6.70160303844366
0.320043870688293,0.606428177116391,-0.623753447337783,-0.381130261647003,-0.184652384393872,0.434886944840574,0.862507490079014,-0.248037296285649,0.285204046540395,1.34981829597931,2.39049520369962
1.18966135914386,0.155478834682301,-1.35616869118564,0.497926995478083,-1.31220075950397,-0.380026365346701,1.71821612854075,0.111144289195779,-0.999512537079024,-0.790798874598855,2.18937430266271
-0.714155501780372,-0.43975356211014,0.87802481972792,-1.02024255353441,-0.659250335242896,-0.247699053492374,-1.62737075388781,0.0916004850188947,0.122134376315052,2.70794008091802,-0.361137512331222
-0.3457242819117,1.30294225785372,-0.739685110747698,-0.138077034182755,0.32296571969323,1.06624091758786,0.139972701081539,-1.2144584321825,1.38594155689807,0.358455967555975,3.41946390845642
-0.0402560505126201,0.606428177116391,0.44790360738511,-0.15493669638958,-1.44123574659886,2.14499110912644,1.00714384751234,0.236629423201225,1.30501370517171,0.339893635780298,4.90635900204795
-0.23163939924724,0.155478834682301,-0.962134458496605,-0.750267838334269,-0.0988719432300542,0.25209605773296,0.586777692872716,-0.34043064390977,1.11512188523967,-0.568607425847628,-0.555868132641391
-0.31747132779669,-0.808855807068001,0.0590261679581465,-0.878367397038181,-1.82330626322151,0.814737243869326,0.422750752727097,-0.854735862109911,0.360000531348681,-0.393502945134011,-2.99284060758773
0.0924612197418932,-0.550261998375455,0.9513979598963,0.731518945645675,-0.889524630973733,-0.112127276068972,-1.09404606527896,-0.544594956638523,-0.0216432520531125,-0.325236561996054,-1.54260977900288
-0.240532341915159,1.30294225785372,-0.304018229258122,1.77654470222332,2.02214929711978,0.832653538508725,0.383743411857013,-0.234464013087906,-1.11205016951968,-0.331819317273701,7.49081585440742
-0.0955227742639504,0.606428177116391,-0.869930886230336,-2.3388990162036,-0.205603570537331,-0.167120160537347,-0.63482368470264,0.0916004850188947,-0.101746245591056,-0.261175079439168,-2.14220748965035
0.223396061799501,0.606428177116391,0.518738598618355,-0.840200423837454,0.243448890471628,0.966992269602111,0.743624908423394,0.157441009397968,-1.6730089070869,-0.771121848016246,0.437121447907478
-0.311631418696695,-0.808855807068001,0.0590261679581465,-0.878367397038181,-0.573078822177744,-1.43740802761081,0.894338698241648,-0.427485303036782,0.748424748736967,0.263529435821676,-2.08427817823759
-0.980203627473493,1.64166669910303,-1.01213111319805,-0.945423369419079,2.02214929711978,-0.287304113875885,0.894338698241648,-0.11194654385222,-0.631227856786091,-0.676051048898048,1.17046697365254
-0.526231517053113,-1.46397937681367,0.19883063574711,-0.709179445629197,0.652898958296056,-0.529213531297535,0.0179555052395412,0.902102313816143,1.03054881649757,-0.764240862109399,0.886442855733065
-0.60320098201987,-0.395547348057363,-2.6349233276842,0.3789200346884,-0.81422550556744,0.659189817639224,0.263976820272405,1.29577139976453,0.31082957667155,0.512113796445092,-0.486900919819808
-0.574670412227834,0.00829148738801777,2.93175956703625,0.983538595336201,2.02214929711978,-0.112127276068972,-0.623947971473424,-1.32751719741922,0.550732427196343,0.224753463017796,5.45374448839967
1.43591303122517,0.606428177116391,-0.655385217700277,-0.569191399588806,1.12891768529397,0.738593959166374,0.293530839622399,0.0976362650947025,-0.147703525559428,-0.843611402380157,3.25610341831645
0.809828116107534,0.606428177116391,0.00184574720497079,0.728405043868326,1.05422332295462,0.902555626082602,1.00965723167149,-1.41829360684075,0.0299369029928796,-0.409535829130009,4.47718262832985
0.638566029747529,-0.550261998375455,1.21553396587387,-0.567443077670119,-0.318804440009364,-0.612709263214322,-0.0758289837747251,-0.0812031954604874,-0.850496613536096,1.09853209835022,1.18946030237723
-0.346338393588542,1.30294225785372,-0.739685110747698,-0.138077034182755,-1.19399205087421,-0.364956313692588,-1.21337858677683,0.0287211122671145,0.781443545763966,0.51797784437338,-0.608485278188718
-0.437178224824098,0.369362339414618,-0.879396156749116,-1.6294702490459,1.2430227409402,1.39098754086329,-0.00294122311761658,-1.89679664313798,0.384654134237127,-2.64562125564036,-3.66706569559828
0.0834189948880783,-0.550261998375455,-1.62644566444369,-1.87418956014291,0.844540291684602,-0.186259081245052,0.0465024680787921,-0.381343637424362,1.7188508139424,-0.777324915958468,-1.29576106635193
1.13879010509126,0.606428177116391,-0.827032311343273,0.812926308547303,-1.7734027144199,-0.361816656477756,2.61408970103895,-0.815639876558793,1.14471157985801,-0.740600620578759,2.62055032158968
-1.64056300390814,0.263491857350626,0.922329076441579,-1.91268688259775,0.538940410673307,-0.729029112745449,1.24262167731926,-0.21411381945094,-0.923139427674773,-0.741747586787665,-1.46154266448087
0.643092722702112,0.606428177116391,-0.0647198044503665,1.936242570103,1.18882946501531,0.671874522345711,-1.74461949638526,0.984286023757501,-1.1790168173402,1.83269377510849,6.66373125487485
-1.67365794143075,-0.253963450330341,-1.06913787016226,-1.11521983106622,0.718663826568713,0.139998155696434,0.816560546232935,-0.741405701023552,0.576769377722129,0.280967914265729,0.745368967573303
0.0852454231180691,0.155478834682301,0.285055317839437,-0.0312688619201398,1.23276907135867,-1.06151402975116,-1.08512529493121,0.156311297223506,-0.086317873320668,-1.84807517614514,-0.851505705772302
1.17170501965486,0.155478834682301,-0.546404141285648,2.21408107776033,-0.896780621896963,0.631417064493445,0.650083256286409,1.26359199669559,-0.444767948157684,-0.988999825452117,3.47525097402463
-0.158357248996878,-0.550261998375455,-0.100092970290711,0.107147747098192,1.43109433632999,-0.612783840796456,-0.576381342667933,1.27915783314925,-1.05383833061862,-0.0197974500763552,0.987019708486172
0.388170015749431,-0.550261998375455,-0.751910697604352,1.29716568970109,-0.842799922998558,0.0317326404649029,-1.27724988503593,0.186702242197983,1.11512188523967,-1.57640514561118,-1.11543016419547
-0.992400920605901,-0.763723154760634,-1.36343393190182,-0.701865171181523,0.739811907719036,-2.17794257908855,-0.0497113394389239,-0.151233257906167,-0.631227856786091,-1.85963461823043,-8.17296064128919
0.210777216333956,0.606428177116391,1.04913762539686,0.359169609196818,0.0669563779122472,-0.361816656477756,1.0001471212018,1.00914444117624,-1.71688434510159,1.12681954195145,3.2878693487525
-1.55428231744285,-0.872542578237216,0.764533341657207,0.595071992485046,0.538940410673307,0.679886613632221,-0.758710780016021,-1.05732159612342,-0.976836448003225,-0.599455219420402,-3.19163862281814
-1.07532518975879,1.0834731481075,1.11753994191914,-0.295218613100771,-1.82682216056164,-0.305320514080229,0.0615511237704482,0.331545967509364,-0.444744989884661,0.07529746861918,-0.0467181264661216
-0.702831949318167,0.481900109394074,-1.12001159783686,-0.749661321967572,0.380575072784325,-0.492249338347122,0.960302948391153,0.455990824595474,0.515060348865223,0.666401201823792,0.770505176513777
-1.61841579602725,-0.863377301097215,-0.827766589922394,-0.447795576890913,-1.38234044558631,0.831001644902992,-0.458271216804299,-0.974917741324707,-0.850496613536096,0.410979158908333,-5.03418420805148
0.226424514851528,0.606428177116391,-0.970725685102282,-0.381130261647003,-0.947187721899172,0.677700008574393,1.48982716141789,-0.81825894832414,0.189679096292762,-1.28741361289581,-0.451000658010292
0.744187671925348,-0.550261998375455,-0.488328485763153,0.689690405079108,-0.557799853405803,0.677700008574393,-0.0683480564799745,-0.450870286190857,-0.492094152855623,0.52245013200676,2.4848791835881
-0.24610473523224,0.155478834682301,-1.43392707987645,0.977320207393569,-0.430113374840195,1.256008767862,-0.0415712779512966,-0.177525897021004,-1.43188163233615,0.203172876089459,-0.451000658010292
1.18415015552471,-0.550261998375455,0.922329076441579,-1.08967538218489,-0.984734369154562,-0.112127276068972,-0.376654352172653,1.03320920425628,-1.58501447803003,-0.365601817553052,0.133865344621018
0.45368464794063,0.606428177116391,1.42212709113701,-0.295218613100771,-0.00556569525051296,-0.305320514080229,-0.0551024965627673,-2.83120312510965,-0.0368977323709794,-0.0830422214196541,0.348712212935679
0.228534256233701,0.606428177116391,0.0021578975875359,0.497926995478083,-1.08825260368421,-0.112127276068972,0.841756742245335,0.537157203067697,-1.74424997142822,-0.253457787357325,0.999575121099924
2.10005167530607,-0.550261998375455,-1.08508696320102,0.364440679590323,0.147173922795381,1.26051333499674,-1.32648171956332,-0.0286969092293102,-0.314052099654488,0.0769565787729061,1.86291883840193
-1.34637006439871,0.0176796848892967,0.422734974719741,-0.167328101689946,0.538940410673307,-0.422927485241301,-0.398270889573285,1.88237375022825,0.0931159133760254,-0.988999825452117,0.83991706774347
-0.0681820817658032,-0.550261998375455,-2.6349233276842,0.862990554594738,-2.39026584811853,0.181826148667643,0.186829681310961,-0.130664926901335,-1.07688017791127,-0.0833224353605323,-6.13028119608637
-0.3457242819117,1.30294225785372,0.194570922246518,1.07865711160571,-1.82682216056164,2.14499110912644,-0.689198349515927,0.836921852676575,1.19661778714652,-0.151811847445843,2.95498718012583
1.34566253218392,-0.550261998375455,2.93175956703625,1.62947312205576,-0.28027750470573,-0.305320514080229,1.29763289628485,-0.261578990119833,1.03054881649757,-0.569904467019578,8.31919626105626
0.658403762240391,-0.550261998375455,0.0177709421476323,-0.665029535855507,-1.56678940526587,0.185478567327079,-0.712663664557812,-0.94632429124832,-0.0208775545752392,0.941002042342111,-2.94103489469455
0.46808255610724,0.155478834682301,-0.642138674350018,0.282313852306946,-1.52766555887481,1.17700073600085,-0.0456343759085469,1.16309536998275,-0.253459629506427,0.0649798950484326,1.04578511612649
-0.900827102457975,-0.0309919205176701,1.65031362037888,1.87454184707363,-1.82682216056164,2.14499110912644,-1.12124424123193,-1.91111463078744,-1.63384808283558,0.441180721238643,-1.15317255029422
-0.388815223798976,0.769955074142947,0.731351078399716,0.269769300759386,0.0507760569898935,0.535184380697711,-0.976508801234527,0.66825896420366,0.293096436162761,-0.147765344138999,3.11515060908075
0.130230321922773,-0.550261998375455,-0.188790652934719,1.87454184707363,1.16061277429637,1.13045441134749,1.11869897328176,0.931239312209574,0.0691465310436922,0.625200790358944,9.00687307652851
1.54905028867909,0.606428177116391,-0.287162143305739,1.07865711160571,-0.310141386788195,1.17700073600085,1.21726081307996,-0.49211765031683,0.192801531945237,-0.675748262894018,7.49081585440742
-1.19999063310643,-0.463117366218784,-1.11097833020876,1.06194005142963,0.0511294653625741,-0.819625766377408,0.882383299217652,-0.645241712350933,-1.42338090075921,-0.597029923589082,-1.42522301450067
0.164402995254939,0.155478834682301,-1.0035322190744,1.52552909142555,0.307446232116273,0.339610367497563,0.744417549605021,-0.612343142605529,-0.306619107013512,0.823478123253899,2.96616045304315
-0.919638335168954,-0.26947955762351,-0.188790652934719,0.22795113822915,0.327241816385943,0.324350333004117,-0.487360160522055,1.16275197313976,0.32551540247426,0.413962887027542,1.65873100056695
-0.837244812002898,0.0626021558900683,0.303326473448311,0.572918744787536,0.612345439989503,0.56722019453825,1.91080311829062,-0.986021408565684,-0.0917178277244153,0.0709494900338289,1.8927310479739
-0.641281055925116,-1.38449258832189,-0.053858513411604,0.0959009690426866,0.0670979099898824,-1.26662603955639,-2.15552610109412,0.0434555621826409,-1.19101850508194,0.5384038188475,-6.95863598279167
0.226424514851528,-0.550261998375455,0.869759103538385,0.22795113822915,0.515457011085632,-0.791052468019416,-1.27040884572185,0.156311297223506,0.00480335887618739,-1.35508584908288,-1.83943480435202
0.565334510780728,0.606428177116391,2.05664370078909,2.21408107776033,0.0507760569898935,-0.305320514080229,0.902314939923003,-0.46587390917167,-0.286875014669716,0.155034670088754,7.05071849826662
-0.671309785462968,0.362486520901402,-1.07104973666121,-1.07063612241556,-0.00556569525051296,-0.250404971428038,-1.0897549114715,-0.960610783592772,0.846996116648831,1.92701949264733,-0.222404274543436
0.988882719112561,-0.550261998375455,2.49832991838936,-1.73736389380168,0.126249004508338,2.14499110912644,0.540552348614272,-0.244830847220521,0.387797248370545,1.00105653834915,5.97466003844354
-0.740059700889679,1.12837984819972,-0.18614620327131,0.279146408109245,2.02214929711978,-0.0814706845566294,0.354756402133854,-0.512841203767548,0.71013241804361,-1.46111633014998,2.45740838223037
1.32564551994995,-0.550261998375455,2.93175956703625,-0.200407557418129,0.96154766774143,-0.305320514080229,1.93237873536357,-0.400732692847505,0.856139241720447,0.746268813613241,9.44555848670342
-0.663786364357858,-1.53535678390647,0.37843141728439,0.741738955979223,-1.38337511286168,0.968897252992027,-1.69159736639412,-0.865288753785265,-1.05990687523022,-0.856896968904407,-5.03418420805148
-0.844127020830389,0.88113887642203,0.703193730021352,-1.52447685750761,-0.860200204712737,-0.0531674025103778,-0.291925482661153,0.352521771928739,-0.850496613536096,0.904346799017514,-1.25828572107982
-0.400725105297856,-0.808855807068001,1.35654211166369,-0.0467039163140967,-0.574083244790668,0.730843091284753,-0.400543217879715,0.69998843067942,1.13403586891279,-0.0705432543676877,1.61086611145135
0.116394761984188,0.155478834682301,-0.911475058637859,1.70489509463365,-2.65787911300047,-0.305320514080229,1.00714384751234,0.982308223465517,-1.7003136785219,0.250490898617345,0.491601297453142
-0.38877367639507,-0.808855807068001,0.0815625477813964,0.873693508153421,-0.00556569525051296,-0.833552084317002,0.193492732043413,0.360999206386394,-0.30874288604368,-1.84807517614514,-2.2355125248789
0.0416184417639111,0.155478834682301,-1.07104973666121,-0.158965445920759,-1.90817848799228,-1.66154568460616,-0.264173832573105,0.419590196082804,-0.746919824462609,1.09853209835022,-3.81920637535845
0.228534256233701,0.606428177116391,0.0021578975875359,1.48819642831839,0.00216896367695882,-0.364956313692588,0.215193073384562,-0.769700700652035,-1.62688731545862,0.29201600727424,0.316814006884696
0.0174918168870976,-0.550261998375455,-0.188790652934719,-0.984666000429518,-1.37198140160085,-0.681414689339608,-1.36139671076002,0.167496916584008,0.0632661254669167,0.783820255163363,-2.14830730660396
-0.197974505112059,1.30294225785372,-0.278413715308439,0.627805597968466,0.612345439989503,0.0688141407014379,1.49250353311586,-2.20912809343548,1.02348589643904,0.0310483370111266,3.20616476732191
-2.45622135081554,0.928428507908766,-0.217890864469422,0.331725179748743,2.02214929711978,0.282592647941776,0.293530839622399,-1.05280291823472,0.439509236793492,2.01309938624476,4.62661293601569
-0.42406250312348,0.344812997772024,-0.217890864469422,-0.432760232905128,0.380575072784325,-1.08539492154454,-0.792788443850603,0.884702896884627,0.0402206878099054,-1.09208938848379,-0.875662363022259
1.7005641482876,0.606428177116391,0.210718264514178,-1.74215656686856,1.75058265721951,-0.00807394913890114,1.07730495537386,-2.4349410189789,-0.380686652894439,-0.562429511637397,1.30681706337319
-1.49917669735887,-1.29089925569917,-1.90536443386657,-0.709179445629197,1.05422332295462,-0.186259081245052,1.24262167731926,-0.833054422178451,-0.306619107013512,0.263310235127378,-2.42658879895813
2.75416506991229,0.606428177116391,1.26282755871657,0.426381257359684,-1.08452404195812,2.14499110912644,1.00714384751234,-1.76821516441315,0.387797248370545,-1.98900227722834,4.58079318743809
1.29161027021438,0.606428177116391,-0.989963748700918,0.389524608748532,1.98941736344228,0.116915686837955,-1.04782946533882,-0.138476977293039,0.549980775339543,2.33373501822116,5.97466003844354
-1.64056300390814,0.544438336069002,1.68669362181768,-0.245330341485595,-1.82682216056164,2.14499110912644,1.00714384751234,-0.915457733436234,0.3510503581812,0.579778160078059,4.34035638261097
0.320043870688293,0.155478834682301,-0.879396156749116,0.511583497740353,2.90286887894237,-2.17794257908855,-0.875263561729206,0.828969386417104,-1.55979719771686,-0.602081915914556,1.28560502386741
-0.806015780351295,0.587938058889235,-0.471171318429769,-0.484548458478891,-0.304468600615738,0.639531466991385,-0.422135669543603,-0.3093084178393,-0.113055810973661,-0.337039819866524,0.431933027639385
0.568571157697613,0.155478834682301,-1.63544355545262,0.868241944841233,0.389099459585044,-2.67468021759597,1.07730495537386,0.205646694132747,-1.55979719771686,0.830105079325514,-0.495107730845092
0.79747383469203,0.606428177116391,-0.700314729972904,-0.619424740056797,1.33123631851637,-0.492249338347122,1.15534907430253,-0.420622738676403,-0.585366721116965,0.180516821707072,2.64744160779749
-0.166787206936259,0.155478834682301,1.3954899355224,1.97829578143232,0.260079123907525,1.09646264519551,1.17560582084248,-0.43288071053807,0.492568968946456,-0.578698244773822,7.96347238741907
-1.12138796567675,-0.497761792357811,-1.11097833020876,0.138387399512806,-1.21367023487018,-1.48319396829855,0.643200030932542,0.488911915622497,-0.672362493585881,1.27731131784338,-2.32685303452439
1.69044019913722,0.155478834682301,-1.20941786236367,1.936242570103,-0.718859191568562,0.256476517370271,2.61408970103895,0.818861788342589,0.914348862764952,0.344056089263781,6.1922173465563
-0.619522372962137,1.27671213662389,1.18733289942569,-1.67757271127244,0.455768538010819,0.896150780775814,1.30141097006801,-0.717617177879453,1.26659359562547,-0.957582087516836,2.6147045270447
1.0294749834636,0.606428177116391,-0.86551944397935,0.3142232085865,1.00977913738224,0.467158974393061,-0.247396066276997,-1.40506720648229,-0.448657409609549,1.17591561156313,3.11515060908075
-0.34609790532356,-0.808855807068001,1.35654211166369,-0.343741364182324,1.64345471906109,-1.48319396829855,-0.12114875235162,1.03004231367373,-0.2437413740394,-0.201324287528065,0.313667174805815
-1.52633946311708,0.25670002114745,0.0105852014821708,0.689690405079108,0.260079123907525,1.08466321176474,0.318485170400243,-1.07881212806393,-0.756285464838617,0.193556647095535,1.16211598740815
-0.414140598228662,3.17755950094656,0.727724268679348,-0.529556105890892,2.02214929711978,-0.0988875537169907,0.389429365707777,1.25821359313246,1.30021479561348,0.833128036764663,6.92051893588837
0.950666692502734,0.155478834682301,0.334675574477085,0.48284084039656,0.416316668726014,-0.0269318852097332,0.647396915416229,0.0154102263198192,0.0091062925441932,-0.962194905090564,3.51120603656683
0.388155431497596,0.606428177116391,-1.26648645897196,0.1327179471013,-1.99601397292621,-0.762766665664146,0.774496159218559,0.481885786031187,-1.28542927026913,0.0755416541858969,-3.4395022942237
0.0523776442357133,0.606428177116391,1.62569102641722,1.23152501376604,0.538940410673307,2.14499110912644,0.656220321438374,-0.0954691956231332,-0.404078354368276,0.629244761680922,6.66786462793106
0.96147707998408,0.155478834682301,-0.0941364996847723,-1.69452173914182,1.09178427304007,0.604961311628547,-0.53314647203408,-0.494954251915583,0.805250505070356,1.07414992639032,1.39748460844059
1.20035987572809,-0.550261998375455,0.0105852014821708,-1.18901761001745,0.147173922795381,-0.31068248963105,-1.02755168688579,0.446148064148127,0.346400848407737,0.87243375100965,1.17046697365254
-0.60320098201987,-0.00104604819562516,2.93175956703625,-0.936264848210298,-0.860200204712737,-0.305320514080229,0.947562130751995,-1.62010142060454,1.20781012904721,-0.635995238634206,1.17046697365254
0.831707487670844,-0.550261998375455,0.0462260693769019,0.42052879192703,1.36436539192837,0.336210155991949,-0.358748656183576,-1.2499752252043,0.74923242972219,-0.576725936699014,3.8003249426582
-1.7375725465702,-0.403711413119618,0.0590261679581465,0.541049100628611,-1.82682216056164,-0.0531674025103778,-0.0142698090436172,-0.0989316524443547,-0.921601708257955,1.4007228930432,-0.490865036492097
0.220594309013566,0.155478834682301,-1.53289038694383,0.675044103980158,0.0443097112417838,-1.04373344852972,1.3407614865957,1.84598512169684,1.15879693392422,-1.16319154230994,2.62055032158968
0.994092813835327,0.155478834682301,0.18232094306207,-0.533088206384416,0.852731740394867,2.27935202941352,-0.350297714227931,-0.368685506611005,0.429067363599676,0.339893635780298,6.36516601352606
-1.35222769451961,-0.76815703135339,-0.638516474815448,0.077198754127409,0.405525619928214,-0.193544299413551,-1.20893352307193,-0.287503105668327,0.458392143304285,0.490879941648246,-1.04480751065151
-0.0402560505126201,-0.550261998375455,1.22340316174916,-2.12651346331671,-0.310141386788195,-0.0392878672916957,-0.998242429244169,0.33486770594187,-1.58501447803003,1.00617146793763,-4.98851867097617
1.15928857528692,0.155478834682301,0.392170184841049,-0.839265730588128,-1.56678940526587,2.14499110912644,-0.112410617597802,-1.41829360684075,0.304939272567254,-0.0260851868755839,2.4848791835881
-0.197974505112059,0.155478834682301,-1.43392707987645,-1.03990180417252,0.291001270651292,-2.22189737171785,-1.34311984954615,0.827806415754613,-0.306619107013512,-1.72698931653408,-7.61680738626337
-0.849839461595378,-0.0810527073705853,0.0462260693769019,-0.881097917200503,1.99332918995308,-0.959332336647148,-0.681374240652653,-1.26156311550804,0.132007574575382,0.339893635780298,-1.38163574575808
0.304229001685156,0.155478834682301,-0.879396156749116,-0.164397060657029,0.718635638410567,0.228477739887876,0.568795284027091,0.930164290711309,0.0661561029851187,-0.122639063317981,1.39748460844059
-0.210988190022229,-0.550261998375455,-0.100092970290711,2.19733687308227,-0.611617615730352,0.0796213919662558,0.750797036338144,0.0154102263198192,0.510653629516604,-1.01461911264939,3.8003249426582
1.17994816821563,0.155478834682301,-1.35616869118564,0.717221725425198,1.69268780564392,-0.19207285811278,0.949170991653061,1.28542827925223,-0.243269785815889,-0.931915638968812,6.18786404334465
-0.555952539891888,0.00829148738801777,-0.230666791098257,0.721251030987641,0.284578887265782,0.526889604068816,0.351295357622247,-0.920799949438629,0.549980775339543,0.714923647923884,2.28240667487487
-0.402591795757939,0.769955074142947,1.2484055380981,0.668692178211533,2.02214929711978,0.690980468484951,1.66054673353166,2.39554027243194,-1.27021794407663,0.958661110013512,11.3035620890398
-0.311631418696695,1.30294225785372,-0.496770802381256,-0.185159482310269,-1.19399205087421,-0.268586199484041,-1.0758828297542,0.276365167251086,-0.299203915512953,1.09853209835022,0.0116810123833612
0.988000852267281,-0.550261998375455,-0.360508125875341,0.978084310910167,-1.31476204096264,-0.102706016786836,0.791534696004168,0.382044797836747,-0.516052229733518,0.447121714383427,2.45872373166396
0.304229001685156,0.155478834682301,1.73105992145546,0.508653074414224,-0.441872558406573,2.14499110912644,-1.13576652052187,-1.05280291823472,-1.58501447803003,-1.17025632733506,0.139010674899538
-0.589945594790001,1.70176174850268,1.01666970772929,0.455600185381552,0.260079123907525,1.09646264519551,1.62328227101783,2.39554027243194,-0.340189546603934,0.181056384524156,7.01762683598938
-0.0992829702823619,0.155478834682301,-0.310631076942342,-0.712448246034911,0.654769091733083,-0.0858011992199197,-0.0758289837747251,0.348832348920834,0.38805891487993,-1.78952913588903,-0.231446805372263
0.158317264001915,-0.550261998375455,0.156630730850039,0.721239051219577,0.735243572566029,-0.656640281055433,-0.335083171917474,-0.00832086462523507,-0.247118918079262,0.552053062155472,1.91695583496369
0.0209494585269676,0.155478834682301,-1.07104973666121,-0.664883808532466,-2.26788850994238,-2.10086210353721,-1.30158165559692,-0.189582330653394,-1.39328380831824,-0.109856261064078,-9.36478860573064
-0.523585921852488,0.405387544679135,-1.24218033613952,-0.520281918601119,-0.439640920827675,0.163740079441031,-0.090122719315101,1.23467144008819,1.21948663169339,-2.98678562142917,-2.50650606502653
-0.589945594790001,0.321856889257386,0.268763255579861,-0.152826004194103,1.49699944980816,2.14167681829772,1.15089454746332,-0.915457733436234,-0.516052229733518,-0.323448220706496,4.94792904364081
1.99476242530029,0.606428177116391,-0.916229433594375,2.55418639509571,0.8043110286015,-0.900302042395569,-0.0984211474891011,-0.748783430328026,0.39773521480259,0.400080094665595,5.65537763311193
0.104267120491668,0.606428177116391,-1.9977407814576,1.936242570103,-0.061515964449812,0.312005012280527,1.89466398392122,-0.532835088765378,0.71013241804361,1.12656735520773,5.54763350850268
-1.82704481831053,0.0816020922085343,0.115571702738137,-0.304895659235666,-1.82682216056164,-0.5861226488588,-0.494580138345862,1.18949839677771,-0.665341085978612,-1.55917499024747,-4.24531604458623
0.638566029747529,-0.550261998375455,0.0177709421476323,0.471299082692458,0.128699868596886,0.223231992011828,1.43640468358942,-0.263312124823623,0.213247420426795,0.454993735793467,3.59797510186672
-0.0886293452175693,0.155478834682301,-0.310631076942342,1.22379946180598,0.255043665875821,-0.0827702932790051,-1.66064352056208,-1.0142698512433,-0.166632136081681,0.461641213197035,-0.451398996950732
-0.350392575336464,1.30294225785372,0.30200213796639,-0.569191399588806,-0.860200204712737,2.14499110912644,-0.689198349515927,-1.95877634474844,-0.00610082925673063,-0.527332571881778,-0.387905300272125
1.06438999322142,0.155478834682301,-0.652643751688944,-1.59138200418307,-0.984734369154562,0.859867144918041,-1.07498922761626,1.00955849474799,0.563984702790917,2.48163517430961,3.00084575899885
0.659971383071241,-0.550261998375455,1.21553396587387,2.06038383822555,1.96271272077023,0.134099849690446,-0.978940823072387,-2.41449253881848,1.06630145618448,-1.16076807564286,3.70236941068369
-0.437178224824098,2.8365774355977,-0.111899880313932,-0.529556105890892,-1.82682216056164,-0.305320514080229,-0.276676626473258,-2.05239205295301,-0.846778219780056,0.106593973837082,-1.96380121217603
0.734469738712645,-0.550261998375455,0.938279904726109,-0.194807631224309,0.473856211904425,0.207539953927602,0.824277770148618,-1.03495116933483,-0.247098650501368,0.467443850318645,1.9476245698571
0.0209494585269676,-0.550261998375455,-0.188790652934719,1.36035598435997,1.96271272077023,0.136778103856025,1.39657289792362,-0.199130495893116,-0.350559219396363,2.04308916490849,7.04577765161073
0.831707487670844,0.155478834682301,0.381916890152379,1.73402669491207,-0.0730247137142771,0.543902136137848,0.426718263004625,1.23270204317489,-0.653827014863565,0.287381243474458,4.23996514827407
-1.08089969933186,-0.402626607676774,-0.852813192845527,0.73241248873375,-0.304468600615738,0.0424108639136622,1.65814026882528,-0.46587390917167,-0.672401668927789,1.04473328873498,-0.0114656532883838
-0.31135466584425,1.30294225785372,-1.59047898586066,0.0727144917234434,0.327241816385943,-0.17808008392324,-0.656181306072501,-0.188498064946164,-1.32971723803036,1.03237483970068,-0.608485278188718
-0.240532341915159,1.30294225785372,-0.304018229258122,1.77654470222332,2.02214929711978,1.13045441134749,-0.305832905908547,-0.0749345841635164,0.523244394175696,1.83103718032244,9.44555848670342
-1.05556166914176,0.37202843288501,0.216587603009821,0.563299293002423,0.260079123907525,1.05696740577974,0.875107914533624,-1.05280291823472,1.54483243288337,-1.92417577185805,0.787044348000048
-1.45796357728211,0.0962132109507312,0.938279904726109,0.329988277210221,0.260079123907525,-0.708691605297184,0.259395296764471,0.352521771928739,-2.1635546513588,1.17243742198625,0.911361083802123
0.386105609318111,0.155478834682301,-0.102659925160587,0.0211542940865153,0.28714011809681,-2.49034497428971,0.431996171879368,0.25304529960709,-0.192738184420815,1.51878381887659,1.05651284640649
-0.426402700891614,0.344812997772024,-1.53289038694383,1.16302289415252,0.014463436031066,-0.49965421395571,1.00439244455956,-0.305936665353819,-0.631227856786091,-0.961363360871953,-0.940043716285242
-0.655680762504928,0.522216842868709,-0.995349194777874,1.73402669491207,0.260079123907525,0.293786460700328,0.841756742245335,-0.235991030239182,-1.15047031928301,0.766061890082986,1.56661136708865
0.124644365464439,0.606428177116391,-1.20941786236367,0.138996987740306,0.383896483297426,-0.160806823256951,0.869037528503792,0.22640057666025,0.0238705532777885,0.722644086913963,2.17351521274819
-0.292268373648819,0.155478834682301,0.216587603009821,-0.958565471173296,-0.97100506438441,0.00619277295157287,1.29763289628485,-0.839830569785811,0.648172414403246,0.675209409224993,0.0175732383146927
1.10780406327054,0.155478834682301,-0.652643751688944,1.39469007231814,-2.80410360228289,1.09646264519551,-1.12124424123193,0.382044797836747,-0.152924088990846,1.90417412653684,1.91550582027666
1.72115482234345,0.155478834682301,-0.70177676659855,0.19952031900359,0.483251109918147,0.68943811973721,0.238246018191416,0.455990824595474,0.384654134237127,0.0663240451685315,4.48266853381767
0.0487236915960656,-0.550261998375455,0.9513979598963,0.594427405545733,0.0303218135101961,0.042684150384725,1.01691649048294,0.0913761719382303,0.992757035948315,0.755763501542212,5.19102542038528
-0.849839461595378,-0.0810527073705853,0.938279904726109,-0.567443077670119,-1.0259868224919,2.14499110912644,-1.47234056181813,-1.03421423327794,0.563984702790917,-0.448145200702448,-1.6333159980421
-0.0509116320014857,0.606428177116391,-1.49612539382578,0.19982428736578,-0.0439901623632343,-1.20553480912842,1.35645216289509,1.26353004120587,1.05242765877914,2.58941333255784,3.95885813024636
1.09180033179261,0.606428177116391,-0.300806067853687,-1.17433823526934,-1.4257538568491,-0.268586199484041,-2.61778997744537,0.0434555621826409,1.16676058591922,0.0441848841338476,-2.0818495118472
-0.402664012320708,0.769955074142947,1.2484055380981,-0.356542931988731,-1.10108098871516,-0.305320514080229,-0.145424765030901,-0.339641068251182,0.863768349213346,-1.11848965318075,-1.68517304208373
1.29161027021438,0.606428177116391,0.681493403613268,-0.621244772510772,0.14688272515122,-0.102706016786836,0.338597618837285,-0.865288753785265,0.0426318306706561,0.347298947418257,3.78344839572339
0.506851598152877,0.155478834682301,-0.807651542008597,1.10342402437582,0.680977176101459,0.52399487020279,1.49250353311586,-0.371520707027175,0.604536597136691,1.74198171274902,7.04577765161073
-0.0809295553623305,0.155478834682301,0.277786353839041,1.05632713728088,-1.24114448320121,2.14499110912644,1.00714384751234,1.45725002590199,-0.106505322574034,-0.34045084930156,5.48118670493744
-1.43565124016868,0.313705724928591,-0.425546105217419,0.314806006874386,-1.82682216056164,0.763847862550749,-0.112410617597802,0.66825896420366,-1.51999104180746,0.329903828052731,-1.73942803855355
1.52582054648674,0.155478834682301,0.44790360738511,0.107399375593226,-1.56678940526587,2.14499110912644,-0.689198349515927,-0.986322909969782,0.563984702790917,-0.973095060697997,2.48264335091345
-0.921019105144988,0.547253563027529,-0.982831656098859,-0.255728614556646,-0.35333225626063,1.25555590543257,0.674272725366255,0.0514453333366008,-0.0915877122850831,-1.01480344928962,-1.72886292945748
0.923778876579758,0.155478834682301,0.37922362951239,-0.993419824739706,0.0274244963658991,0.256476517370271,-0.503826334967281,0.117852687527445,-0.238921784937124,-0.615356224747782,0.603129806081793
-1.25219850752226,0.0571283930270574,-1.51717768500734,0.617363668313873,-1.09250466511914,0.302884681872721,-1.10020390901647,-0.178745233286144,-1.18491844011474,-0.365359621625872,-4.59387998976356
-0.753894714436674,-0.694158709487486,1.35654211166369,0.996091501239237,-0.860200204712737,-0.305320514080229,-0.670714419516609,0.572984748678645,-0.998579657057052,-0.147765344138999,-0.684575152427279
0.32371960971791,-0.550261998375455,0.869759103538385,-0.984666000429518,0.185160164794996,0.0885357880523255,0.876535994774255,-0.651926336711785,0.152889632162188,-1.91076991787902,-1.61719062419067
-0.327407167052259,-0.808855807068001,1.40447968602819,0.707423802064905,0.380575072784325,0.0907945537297991,0.961356947435274,-0.870170110481066,0.155074786080753,1.48164139057743,4.85489383706105
-0.102569112042774,0.606428177116391,-0.328737428617799,0.527356757800173,-0.385508324717481,0.966992269602111,2.09135229088925,0.828884316087423,-1.86302888453418,0.861747377073368,4.47718262832985
-0.0493999292594301,-0.550261998375455,1.29501384579766,-0.203424847231318,-0.472181403151621,-0.112127276068972,1.00021888907072,1.2903972813162,-0.321031032394994,-0.352175184627965,3.38057262855662
-0.0955227742639504,-0.550261998375455,0.961377547946509,-0.746121452823508,0.699370843000369,-1.67590165550086,-1.34311984954615,-0.755790363416846,0.179825564659398,-0.72757190941164,-3.27037937415614
-1.49340155775024,1.07269556343443,0.993755557896205,0.948562857892091,0.260079123907525,-0.112127276068972,-0.090477733819238,-0.512841203767548,1.35022602439451,0.121532071775463,2.6147045270447
0.226424514851528,0.155478834682301,0.391066741666562,0.428256983310905,0.885080816616835,0.66718105312716,0.491546407140095,0.642536898573785,-0.665341085978612,-0.199601627577045,3.7571405139214
-0.223912982673701,-0.550261998375455,0.685796182250093,0.73241248873375,0.266336318420284,-0.567839833980749,-0.299083204655804,-0.158147356238027,0.549980775339543,0.00454687208613458,1.05651284640649
0.000988417745379402,0.155478834682301,0.838108141251555,-1.6941412721457,-1.28170331621817,2.14499110912644,0.726836030022557,-0.717617177879453,0.563984702790917,0.169539534026121,2.57463916032571
0.967867451224496,0.155478834682301,0.145033420026973,-0.707461081267975,0.0274244963658991,-0.156434063971107,2.28720029143667,0.613748671941983,-0.113055810973661,0.438168069970752,3.87266960504431
0.106858090387265,-0.550261998375455,0.9513979598963,0.0669007557367957,-0.699115068610182,0.497200666619895,1.60057467561844,-1.19200616160115,0.351073860142113,1.17591561156313,4.34374391949409
1.32564551994995,0.606428177116391,0.470915403148823,-0.082427740446221,0.185160164794996,-0.247699053492374,0.643200030932542,1.17283617184121,-0.55930831025571,1.12656735520773,5.31590085226864
1.09625545618767,0.155478834682301,-1.57845496753726,0.0206788466923915,0.959701894685024,0.550715761016032,-0.503826334967281,0.315983889544115,-0.505043632058444,0.35092972408014,2.48925961180126
-0.714155501780372,-1.33507076335119,-0.053858513411604,-0.385714344403637,-1.97420511148842,1.28138008864535,-0.0415712779512966,0.570757152649933,0.945453607887838,0.0663240451685315,0.491608033453204
-1.23241697165339,1.31426989663121,1.76416751125115,1.05357178275319,-1.82682216056164,2.14499110912644,1.00714384751234,-1.07691556100676,0.692212323527824,-0.109856261064078,2.89658424083383
-1.17753899316174,0.461979639056143,0.476012642991556,1.73778457615161,2.02214929711978,-1.2261353738339,-0.194298137932222,-0.865288753785265,-1.55979719771686,0.289656535121981,0.716220529713763
0.856362447588836,0.155478834682301,-0.341963315303966,0.925172633530617,1.34141224066637,1.19834645821915,1.29763289628485,-1.26294339379722,-0.337241206669351,0.712112640659869,6.41209864139007
-0.210988190022229,0.155478834682301,1.01722163551879,0.322488098937642,-0.139118704081259,0.497200666619895,0.280385603277997,-0.60633759634622,-0.0915877122850831,-0.308446981369514,1.97052126652427
-0.0173112454688997,-0.550261998375455,1.22340316174916,-1.64033698853239,-1.7734027144199,2.14499110912644,0.324565123256594,-1.95877634474844,0.563984702790917,1.94074158340532,1.10424462801203
0.797798127149165,0.606428177116391,-1.70453539884452,0.628437125173514,0.866249831707216,-1.55710782784806,0.359358983067787,0.295985970679264,-1.00648322060826,0.800649510013365,2.12905213544913
1.34566253218392,0.606428177116391,0.470915403148823,-0.27889757191619,-0.519116173169242,-0.112127276068972,0.0222511193444503,-1.05684102356781,-1.09512413329138,-1.7348645467982,-2.08427817823759
1.1266383220656,0.155478834682301,0.392170184841049,1.42723484244032,0.491630849354964,0.124921899307678,-1.22356091150915,0.0956647791956198,-0.523543902863927,0.00454687208613458,3.41946390845642
0.690396614171686,0.155478834682301,-0.135419754902805,1.48290521859739,1.29061566614443,-1.08539492154454,1.05305049419365,0.887627295746464,-1.42338090075921,0.746268813613241,3.78016517130883
0.42970000740471,0.606428177116391,0.696954473239031,1.01859418517768,1.40236106707844,-0.267585206090293,0.694930985494996,-0.651926336711785,1.00813726487154,-0.718555848013149,6.28110169327365
-0.346338393588542,-0.327581339396693,0.121380531131932,-1.73736389380168,0.718635638410567,0.776607039648907,0.688714987610198,-0.377772387669316,-1.23733622071778,-1.2108511550854,-3.4395022942237
0.659132225931493,0.606428177116391,1.64835290179676,-1.45935849652262,-0.447789941558636,2.14499110912644,0.0615511237704482,-0.161963465704924,0.304939272567254,0.280967914265729,5.18342649598897
0.506851598152877,-0.550261998375455,0.504467481327612,-1.51159163968422,1.28136632589549,0.200621135981645,-0.291638153367075,-0.494954251915583,0.970507717746256,0.932074737224252,4.92006550447752
0.902420914886986,0.155478834682301,-0.501056719818628,0.0696792353379708,0.178558691299101,-1.70082421106255,-0.684097257094354,0.683545363939582,-0.569571447027923,-1.06118853549993,-2.03520484020704
-0.949771280496227,-1.39391893565537,0.37843141728439,0.0654788956083117,0.584081868178414,0.612199192323394,1.5989912852511,-1.26294339379722,-1.86302888453418,1.31585253670228,1.65594799694994
-1.52633946311708,0.25670002114745,0.0105852014821708,0.689690405079108,-1.82682216056164,1.09646264519551,-1.12124424123193,-0.21469245545761,0.0426318306706561,2.48163517430961,-1.54763502295489
1.25381877363063,0.606428177116391,2.20266227431843,-1.11052658694938,1.27751503420423,-0.112127276068972,0.531657649946704,-0.750897463431804,0.983820618210084,1.38354851776789,6.15762402319673
-1.11613620864776,1.47626521737144,0.729683944598479,-0.293867982935342,-1.82682216056164,1.09646264519551,-1.12124424123193,-1.62010142060454,0.42065969228331,1.23777185069391,0.491601297453142
1.17083214004692,0.155478834682301,-0.546404141285648,2.21408107776033,0.405815906585385,1.00286119521045,2.61408970103895,0.280758955623615,0.0238705532777885,-0.564558533511595,8.11340885147854
-0.430261410977423,0.369362339414618,1.73105992145546,-1.90069099677987,-0.310649590124715,-0.112127276068972,0.251017379289246,0.571017563793685,-0.66091477403699,0.883774052929133,1.73878730963748
0.432678247321876,0.606428177116391,0.095422277637921,0.471087376723674,-0.954927285974348,2.14499110912644,-1.12124424123193,-1.41829360684075,-0.0208775545752392,-0.683078772247139,0.670909564981031
-0.17504319113181,0.155478834682301,1.01722163551879,-0.037299424590089,0.179629102339062,0.185478567327079,-1.04787333315437,0.556768169326412,0.0714474021429109,0.345826196736634,2.81910676238563
1.03733399582076,0.155478834682301,0.540201497881751,0.86325358966718,-0.0417528241097022,0.763847862550749,0.848590246869077,0.999356236223504,0.845151824057359,0.109410288337471,6.40007098153207
-0.933374058323722,-0.524509344094635,0.00810628625442959,1.51669204885778,-1.09250466511914,0.185478567327079,0.497891525878838,-0.283091820438263,-0.325355016278032,-0.962194905090564,0.141629322922148
-2.00684486866336,-0.133067645060122,-0.852813192845527,-1.17026302955657,0.612345439989503,-0.511198611626191,1.07945684964304,-0.651926336711785,-2.1635546513588,1.70744062486601,-2.42658879895813
-1.70785467667839,0.0903412270220685,0.522987430112198,-0.984666000429518,2.02214929711978,-0.29351561255708,0.799426553623885,1.52265980261579,0.835995310177011,-2.77088627704717,1.10424462801203
-0.166787206936259,1.30294225785372,-0.278413715308439,-1.59257792111228,-0.180295546957394,0.0688141407014379,-0.374322683812629,-1.89211390622857,1.7188508139424,-0.174203942744265,0.491608033453204
0.175483305270595,0.606428177116391,0.784671309618594,-0.655369766139025,1.16061277429637,0.123414736086178,0.816560546232935,1.90065028736777,0.292975146963404,0.408624291360893,7.37181345734774
-0.687344678627866,1.1936385904728,1.00375773171923,-0.777082703998573,0.260079123907525,0.535184380697711,-0.666374352402326,0.26682419325368,-0.380686652894439,0.364636418896444,3.22896289902856
-0.657358708818425,-0.0847888097052552,-1.79031179960345,-2.98853965953011,-1.56635600051441,-0.263019724058417,1.19480917102153,0.450761668285801,-0.342902090998331,-0.684359930845336,-6.65656722228306
0.972607472241048,0.155478834682301,-0.146097036324339,-1.69452173914182,-0.285863063326551,0.419888620322314,-0.544439341164918,-0.0316751289827334,0.970933410632685,0.779191637650195,1.27443042678065
-1.77114789815128,-0.630173401735882,1.34883124753268,1.0949700767643,2.02214929711978,0.461113331411953,-0.0401744411507923,-0.221338859951434,-0.350860458289218,1.90417412653684,5.09264231730393
0.930414299575704,0.606428177116391,-0.497564258161072,0.771242914818945,-0.0838099606422794,-0.654778607798867,0.564583749956242,0.389903783744769,-0.569571447027923,1.12656735520773,4.80727418783939
-1.16120773281796,0.181781185756131,-0.230666791098257,-1.45496081125474,-1.38234044558631,0.207539953927602,1.11869897328176,-1.89331273855207,0.481170942084283,0.688611254070671,-2.41545027322193
1.2350915907376,-0.550261998375455,-0.311288388351638,-0.848848255176565,1.75058265721951,-1.07247841916278,-0.199920107471562,-0.62963543784114,-1.24845377800866,-0.0666234453772459,-0.815493304510209
1.18743340240462,0.155478834682301,-1.35616869118564,1.01859418517768,1.17957095998735,-0.00718152477015576,-1.0897549114715,1.84598512169684,-2.19330255569637,1.28567097256554,4.02099379574906
-0.86522522474242,1.2481515526756,1.00375773171923,-1.14245388242227,2.02214929711978,1.32578285131661,0.977236056626326,1.14962027340239,-0.161360158022871,1.22430248170714,6.66786462793106
-0.838488215858016,-0.0361891445202189,-1.30627445415788,0.407718603308217,0.544620832302849,0.179743615319231,-0.0394669600565887,1.40190488198024,-0.466513591825086,0.36587960487189,0.92347015718435
0.885709593490049,-0.550261998375455,-0.982670611190055,-0.410471775202643,0.365067847930682,-0.109386542860438,0.0579629027342014,0.382044797836747,0.880993822277985,1.90417412653684,4.23251938496961
-0.619522372962137,0.747516455252642,2.40912091474479,-1.6294702490459,-1.10108098871516,1.09646264519551,0.422750752727097,-0.64992014927943,0.429067363599676,0.904346799017514,4.3140572893334
-1.75681367421575,0.918289161662007,-0.793203655740548,-0.788159580583233,0.260079123907525,-0.0920284004372669,0.768045870081616,-0.741405701023552,-1.97965161379838,-1.42549183311905,-5.23828149472724
0.716308864625282,0.155478834682301,-0.320824935350367,0.364712920811225,0.642024784575569,1.55472788845143,0.904585554653889,-0.380560924023178,0.201943118725227,0.0666988345806612,6.36516601352606
1.72115482234345,0.155478834682301,-0.70177676659855,0.19952031900359,-0.984734369154562,1.97349361590716,0.596461230783501,1.54543866119263,-0.0202664770571289,-0.665274395614732,3.87266960504431
-0.0715899721442844,0.155478834682301,-1.85611165676269,-1.6294702490459,1.0099147180519,-2.17794257908855,-0.199920107471562,0.887840273480041,-0.41396464594472,-0.615356224747782,-4.37815234923959
0.839646598692752,-0.550261998375455,0.0462260693769019,0.0686983037947716,-0.198269265436252,0.771247417110465,0.609315211372969,-0.17795150826294,-1.03591730661827,0.12122651294749,1.29840788560693
0.446723713447553,0.606428177116391,0.591267508112366,-1.83150121590323,-1.89342755220556,2.14499110912644,-0.112410617597802,-0.0749345841635164,0.387797248370545,-1.03676990175397,-1.69952136261942
0.42970000740471,-0.550261998375455,-0.751910697604352,0.0743410788279793,-0.565689474955307,-0.754987865864667,-0.866454088269163,0.430389969195084,-0.35376146384679,-0.27378348971058,-0.490865036492097
0.153365784730836,0.606428177116391,-1.25711629866728,-0.118513572024615,-0.700502735762243,1.99883836069823,-1.47234056181813,0.618916440200768,-0.314052099654488,0.689418939227312,1.49788350253962
0.0924612197418932,0.155478834682301,0.462057287868415,-1.82705501384337,1.12756798319065,0.0794880694032923,1.24262167731926,-0.526698021931553,-1.5531372559878,-0.553196262942671,-1.72886292945748
-0.919638335168954,-0.305156111854779,-2.6349233276842,1.11932538206187,-0.36545378515231,1.00215252999881,0.497891525878838,-0.355722864306407,-0.569571447027923,0.944705132264846,-1.21724600456218
0.426605981904471,-0.550261998375455,0.121380531131932,0.422387265439364,1.28993990134116,1.17946014701699,0.768045870081616,0.157441009397968,-1.88914653089241,0.0241311183950508,3.51120603656683
-0.648327544277988,-0.0847888097052552,2.49832991838936,-0.634792377322367,0.0511294653625741,2.14499110912644,0.203415554870613,-0.47582808009404,-1.58501447803003,1.87196449100571,4.02290639636862
0.388170015749431,0.606428177116391,-1.26648645897196,-0.485947205017235,-0.670732507466133,-0.694564933461139,1.55333956606799,-0.412456199137839,0.549980775339543,-0.162314239591599,-1.51172920913583
0.923778876579758,0.606428177116391,1.05154489972231,-1.11052658694938,-0.350479223045796,-0.361816656477756,-0.401409547794656,-0.645241712350933,0.970507717746256,-0.992379283609545,-0.760656345781554
0.279776627889736,0.606428177116391,0.091391636841632,0.983929616978889,-0.687036351362449,0.730843091284753,0.71828203187431,-0.920799949438629,-0.312447385139591,1.27496073423064,5.16455332271437
0.432678247321876,0.606428177116391,0.095422277637921,-1.74969119272805,0.0882149765693228,0.23198242988044,0.90087307046848,-1.64573627829953,-0.850496613536096,1.70744062486601,1.31261286162054
2.08164106129849,0.606428177116391,-1.59047898586066,1.38481440435837,-0.285863063326551,-1.16474996259681,0.317643952586815,0.25304529960709,-0.306619107013512,-0.109810020641302,0.880785928318922
1.52363864777932,0.606428177116391,0.126178472352502,-1.00033864993654,0.308740698135893,0.699163070926943,-0.662486955811131,-1.0037117632275,-0.586994620490299,0.883774052929133,4.23059970420989
-0.0886293452175693,0.606428177116391,-0.328737428617799,-1.63361525026688,0.665842249294371,0.109477684189632,1.39657289792362,1.89140560664497,-1.03973027332851,-1.10915782184268,1.86291883840193
-1.52633946311708,0.25670002114745,0.0105852014821708,1.25497909074513,2.02214929711978,-0.0425715979304866,-0.978940823072387,-0.177525897021004,-1.20691781226272,0.25170541158042,0.615664139393595
2.18854723794832,-0.550261998375455,0.191538031253906,-1.75135125204741,1.75058265721951,0.00836126656046408,-0.681374240652653,-1.11723946258726,-0.30167549604544,-1.74698911669281,-1.01109566459399
1.17198600334045,-0.550261998375455,-1.4375795822877,-0.301239009266199,-1.18020764788054,1.51633072946061,-0.165342288557943,1.29112442452742,-0.0202664770571289,0.0275459494482369,1.30681706337319
-0.3457242819117,1.30294225785372,-0.739685110747698,-0.138077034182755,0.32296571969323,1.06624091758786,0.774496159218559,0.863824432409374,-1.86302888453418,0.365340769894588,3.11515060908075
-1.32133160309655,0.636989341219565,-0.102659925160587,0.957311749732486,-1.82682216056164,2.14499110912644,-1.12124424123193,0.828884316087423,0.997091468682556,-1.10894246264425,2.22833406282873
-0.400725105297856,0.769955074142947,1.2484055380981,0.668692178211533,-1.82682216056164,1.09646264519551,-1.12124424123193,0.69998843067942,1.19661778714652,0.392379035447363,2.98942175467913
0.839646598692752,0.155478834682301,-0.301912919001065,0.08523044785212,-2.80087914283176,2.14499110912644,-1.12124424123193,1.23270204317489,0.563984702790917,1.28567097256554,4.12081564527597
-0.649650360564726,-0.338614214130496,0.9513979598963,-1.21318976415326,-0.00556569525051296,0.648846880030059,0.174348901144229,1.79055259823886,1.52721616605357,0.567725593147126,6.28773581711966
0.272884358469859,-0.550261998375455,-0.394532876216428,0.422387265439364,1.12756798319065,-1.51354165699575,-2.01413200138896,0.163314342472161,-0.380922463304676,-1.22711286212497,-3.27037937415614
0.885709593490049,0.155478834682301,-0.341963315303966,-0.674724496141995,0.278477488108974,1.55472788845143,-1.10511262664779,0.334356950665679,1.16676058591922,0.534938430884388,3.79216142622356
1.67894320633404,-0.550261998375455,-0.739089603862645,-1.79569707783334,-1.18020764788054,-1.11990223127503,-1.12107046333832,0.276754905724542,-0.314052099654488,-0.236238839398971,-3.04192582811422
1.79957174607392,0.606428177116391,-1.85759798814178,-0.211658313544745,-1.18020764788054,1.16500383630321,-0.70098642575954,-1.11723946258726,-0.00610082925673063,-1.17025632733506,-3.10908729574154
-1.50525971919437,0.577278175909494,-0.121978095202263,-0.0644658530784948,-1.82682216056164,2.14499110912644,-0.689198349515927,-1.05280291823472,0.405583469284514,-0.611152897345757,-2.0818495118472
-0.20534485405918,-0.550261998375455,-0.100092970290711,-0.674623878597654,-0.140335522606071,0.552707274172209,0.567019848481458,-0.235991030239182,0.260168859252241,0.0984036141938148,-1.54763502295489
-0.42009753129058,3.17755950094656,0.727724268679348,-0.246853250434684,2.02214929711978,1.97349361590716,-1.5450359125601,-0.409878355652794,-0.152756161712847,-0.597029923589082,5.48118670493744
-1.6904880760671,1.06232267189394,-0.869930886230336,0.359169609196818,0.260079123907525,-0.26672148094503,0.258048491916935,-1.27238738340069,0.314328107642067,0.568366342995821,-0.451398996950732
-0.197974505112059,-0.550261998375455,-0.100092970290711,0.731518945645675,-2.22895322424843,-0.112127276068972,0.37214120416608,-0.627983614282594,0.880993822277985,0.562955927411944,1.1984742397894
0.875450910674567,0.155478834682301,-0.341963315303966,0.948562857892091,0.718635638410567,-0.607972539987627,-0.570424162531516,-1.02182275505141,-0.2437413740394,0.970526507182857,1.65873100056695
-1.35924325125902,-0.0532554155496726,0.115571702738137,-0.925359592067983,-0.860200204712737,0.256476517370271,0.383743411857013,-0.244034307341443,-0.315691803484438,-0.233393990072555,-3.19163862281814
0.747449516961843,-0.550261998375455,0.938279904726109,-0.311116071904156,-0.741022775300012,0.730843091284753,-1.09404606527896,-0.917226644903708,1.30501370517171,-0.147765344138999,-0.0957154996667993
0.2380240680743,0.606428177116391,0.518738598618355,1.02041697572878,0.455349167198278,0.715617883213644,0.302043587892669,0.642536898573785,-1.75428002465728,0.864584576116057,4.35502190575174
-0.0955227742639504,0.155478834682301,0.476012642991556,1.18032014907147,-0.444570185209086,0.0886073968166094,1.88741555451082,1.93022923740948,-0.701918386718024,-1.14041080932878,2.89658424083383
0.459626527476055,-0.550261998375455,-0.417737349931205,0.232971266773953,-2.14511656598789,-0.612709263214322,0.221570592018866,1.62456428598023,0.983820618210084,-0.769537671639248,-1.23294529456653
0.0924612197418932,0.155478834682301,0.243494454769271,-1.25546198572188,0.975023779334498,0.832653538508725,0.829700339768254,-2.07369193393986,0.931610311730223,0.527522244083181,3.68427321922145
0.102458284649587,-0.550261998375455,0.9513979598963,0.731518945645675,0.927926724297591,-0.415274477200312,-0.734842471654816,0.689042905985063,-1.7003136785219,-0.0276728190817108,2.4848791835881
-0.445022514043749,0.369362339414618,-1.24218033613952,0.752569980443889,0.469851115806884,-1.14493868915902,0.548905797581659,-2.32841139435523,1.61679897074169,-0.00498225560471776,-1.46285674467258
-1.50525971919437,0.577278175909494,-1.85611165676269,0.139034478756775,-1.82682216056164,1.20685061907437,-1.12124424123193,-0.922321723793968,-1.12714297270919,0.335970675687045,-5.03418420805148
0.413443460857726,-0.550261998375455,0.121380531131932,0.422387265439364,0.44663544153682,0.0233400984741103,-1.52513825761259,-2.09718511890766,0.465588298284306,-1.4357488605124,-3.93847920408245
0.0487236915960656,0.606428177116391,-1.2428651852708,0.471087376723674,-0.574083244790668,0.288548729306568,0.833497105445445,0.992143999634188,-1.18491844011474,0.07529746861918,1.30681706337319
1.10780406327054,-0.550261998375455,0.374210447170298,0.426864175434387,-0.188150066551759,1.74005126159213,1.50882173719855,-1.96785180324692,0.697993979644279,2.08829010662335,7.96347238741907
0.557103464863748,0.606428177116391,2.05664370078909,-1.10492633187472,0.950702612995763,-0.361816656477756,0.101289734214794,-0.560404914745815,-0.437944707281662,-0.337039819866524,-0.0982776109971528
1.257722172073,0.155478834682301,-0.704001325317497,0.6903557346943,-0.0903549295368765,-0.493447135787432,0.0261601034816065,0.918224276439484,0.0524556414194704,-1.88079899624931,2.08962339239284
-2.45622135081554,0.212260239760447,0.156630730850039,0.884176553636209,-1.82682216056164,2.14499110912644,1.00714384751234,-0.0954691956231332,-0.315691803484438,-1.69594500852481,0.358960853825957
0.109226371459189,0.155478834682301,0.243494454769271,-0.778331454473162,-1.2934418739027,0.543902136137848,0.264360272188028,0.352521771928739,-0.0106590397104188,-0.683078772247139,-0.915979568366887
-1.38480588641848,0.786632956572675,-0.301912919001065,0.983826894522122,0.260079123907525,-0.563179670837294,0.481222090247737,0.88653489532273,0.39773521480259,0.345826196736634,3.22427577858936
-0.111659638988753,-0.550261998375455,0.961377547946509,0.72310379035338,-0.754782972342939,1.09646264519551,1.41458830066007,0.619680224328209,0.369031248903956,1.10577909656183,7.18249344222664
-0.775206922449479,0.853990458140893,1.01538178224574,1.42723484244032,0.260079123907525,2.14499110912644,1.00714384751234,-0.47582808009404,-0.67556704800531,0.712112640659869,7.05071849826662
-0.215952689228248,0.155478834682301,-1.43392707987645,0.639730376547301,-0.690353391471782,-0.542199133211334,-1.61681929369762,0.0652133472215429,0.979169610918597,-1.10924678470228,-1.15824473198793
-0.935922127905166,-0.524509344094635,0.852586941854721,-0.269515810490968,-0.139118704081259,-0.0572908555104509,0.602608547420483,-0.423686548767462,-0.779069061446469,0.755856023785601,0.911361083802123
1.04068449728839,-0.550261998375455,-0.0542550006008837,-0.731676815777371,0.483251109918147,-1.55501415452979,1.30559728279203,-1.06792978630056,-1.1790168173402,0.527522244083181,-0.608485278188718
-0.811953701500798,1.00405560969232,1.11753994191914,0.107399375593226,-1.82682216056164,-0.305320514080229,-1.69159736639412,0.634198200268225,0.956863985813,-1.91918350518554,-2.0818495118472
1.47109247263187,-0.550261998375455,-0.288289527190991,-0.824318910258941,-1.18020764788054,-0.20370536460458,-1.29020851378458,0.430389969195084,0.970933410632685,-0.183908349408742,-0.990544266149142
-0.259445009027011,0.155478834682301,-0.596909171267504,0.00505787231787683,1.12220668638951,-0.159559548504604,2.0481049900999,-0.741405701023552,-1.20359501186703,0.662846853221083,2.30824145898471
-1.52633946311708,-0.363924194707986,0.00810628625442959,0.417666362363013,2.02214929711978,1.35109427429221,0.265231229093843,-0.750432672267257,0.659013619742776,1.74198171274902,4.37577774951906
-0.919638335168954,-0.26947955762351,0.9513979598963,-0.69283609150102,-0.341314675982443,0.00619277295157287,-0.0892398813362861,1.26408825537201,-0.542630596476954,-0.841871355989936,-0.387905300272125
-1.12138796567675,-0.0612438835094271,-2.19076817411231,-1.21450265812506,-1.26143691838126,-0.00718152477015576,-1.61681929369762,0.391205772867182,0.351073860142113,0.480463344382257,-3.61696826138692
-0.260789486068163,1.30294225785372,-0.486951500066258,-1.59257792111228,-0.840730364247079,-0.36537192129911,-1.46207843554533,-0.561307932513484,0.351073860142113,0.889363975513252,-0.490865036492097
0.747449516961843,-0.550261998375455,0.781793865047862,-2.6553793217052,0.147173922795381,-0.225398584321101,-0.452142313492821,-0.366583105881806,0.429067363599676,1.13902970521001,-1.69952136261942
0.413443460857726,0.606428177116391,-0.762948261453086,0.311867547496087,1.2608459531429,-0.999819243238874,1.93237873536357,1.17283617184121,0.71013241804361,-0.27378348971058,5.43227780777338
-0.3457242819117,-0.327581339396693,0.697551385704644,0.721239051219577,2.35593021551149,-1.56700796286129,-0.571861527300129,-0.964352737948684,-1.05749339118741,-1.72720764100502,-3.51787626447197
0.432678247321876,-0.550261998375455,0.697551385704644,0.387605231864136,-2.26788850994238,-0.305320514080229,0.750797036338144,-0.549043522248657,1.72264634036509,-0.602081915914556,1.81712214793401
-0.915003307529487,0.946088430042477,0.176853138462277,-1.07876340414449,0.612345439989503,-1.16474996259681,1.93237873536357,1.16275197313976,-2.48378395514719,-0.144906181930744,1.65594799694994
-0.383379113837694,-0.327581339396693,-0.751910697604352,0.161216363800663,-2.5626127194644,0.543902136137848,-1.13576652052187,1.61828110306287,0.126857285754464,0.277844806729642,-2.21866860075296
-1.6904880760671,1.06232267189394,-0.328737428617799,-1.52447685750761,-1.82682216056164,-0.740512910173951,-0.859317360418329,0.382044797836747,0.82610054567405,0.681692652857264,-2.00072325307288
-1.34583119293919,0.136488668866039,1.1209238169298,0.416967105286355,0.260079123907525,0.0907945537297991,0.700667514463374,-0.253599339792762,-0.486695919567387,0.250490898617345,0.276661388359971
-1.34583119293919,0.136488668866039,-0.350471085572572,0.922146580290755,-1.82682216056164,0.0886073968166094,0.423856853559229,-1.01246385571913,-0.865552288997583,-1.07207497273809,-5.05679942283121
-0.435003280851303,2.8365774355977,-2.49339301034095,-0.246853250434684,0.260079123907525,0.563190180067016,0.62720920147026,0.953698641204924,-0.719768442427922,0.0220484257810051,2.16684427832917
1.06438999322142,0.155478834682301,0.664844612404402,-0.665106564754155,0.197661558828099,1.74005126159213,-0.976508801234527,-0.0936677506985826,-0.0202664770571289,-1.1249078568344,1.38521743990471
-2.00684486866336,0.955711269700821,1.39625405804395,-0.712448246034911,0.260079123907525,0.543902136137848,0.3465653790766,-0.64992014927943,-1.19101850508194,-2.64562125564036,-2.64616189195955
0.019745187087777,0.606428177116391,0.0470680757880745,0.736614161848273,0.912156184856433,0.419888620322314,0.650825335103494,0.556944192841591,1.70296611127463,-0.0705432543676877,6.54587982590663
-0.158808189466357,0.155478834682301,0.00548597081060603,0.266514943755395,-1.08825260368421,-0.268586199484041,-0.305832905908547,1.00992631924025,-1.69692287166866,0.234739853590633,0.133865344621018
0.32371960971791,0.606428177116391,-0.623753447337783,2.12658096667359,0.405525619928214,0.677700008574393,0.203415554870613,-1.36547580394406,0.132007574575382,0.194375611433053,2.11332842215761
1.03733399582076,-0.550261998375455,-0.350471085572572,0.264172393273551,-1.70823425868338,-0.268586199484041,-0.403574599542521,0.110100829524805,-1.23733622071778,-0.267214763649851,-3.64658643014038
-0.311631418696695,-0.808855807068001,1.35654211166369,0.714426799326902,-1.32046772449443,2.14499110912644,-0.689198349515927,-1.03421423327794,0.945453607887838,0.0769565787729061,0.214224515011231
1.91373136876032,0.155478834682301,0.179409391437304,-1.81706739446668,1.75058265721951,0.463572604931123,-1.65391792022178,-1.77038897338712,-0.152924088990846,-0.787551898817835,-0.990544266149142
0.690396614171686,0.606428177116391,1.09369259896791,0.19982428736578,1.65860273396048,-1.69821183751469,1.30559728279203,-0.366583105881806,0.314328107642067,-0.564558533511595,4.42995943415665
1.36475984049179,0.606428177116391,1.10247184534401,-1.09741194306457,-0.809573159628649,-0.305320514080229,0.185468641496172,0.545124784106978,-1.05990687523022,1.31700816449771,1.16082032339329
1.17198600334045,0.606428177116391,1.07516152612585,0.279146408109245,0.371558204547802,-0.361816656477756,1.5989912852511,2.20137989317188,-1.39328380831824,-0.435467329695863,7.96347238741907
0.226424514851528,-0.550261998375455,-1.64392703710072,-0.364499943463952,-0.198269265436252,-0.638632957789466,-1.29896595146701,-0.433303645212422,0.477727807701012,0.0663240451685315,-2.77255921018524
-0.702831949318167,-0.512301090983645,-1.64939049903748,0.192565508418724,-2.29144021515618,-0.0200220871123207,1.30651415100193,-1.41740866823094,0.11545251662381,0.0909811789953875,-1.43599145280686
-0.210988190022229,1.30294225785372,-0.278413715308439,-0.138077034182755,0.329844398991798,0.677700008574393,0.994104743978876,0.31181949399768,-0.0927016223421018,0.371031650536578,3.37571459611666
-0.485662969482222,-1.96486799485197,-0.537786719319512,-1.00211199539995,-1.28041401769345,0.23668426862256,-1.34849404060354,0.339837599911543,1.30501370517171,0.00454687208613458,-1.43599145280686
-0.311631418696695,-0.327581339396693,0.141010673801132,0.90330903580428,1.18882946501531,0.350281728209828,0.146006495397894,-0.143844603445756,0.829576265432813,1.48000013407669,4.90635900204795
-0.32630599115439,-0.327581339396693,-0.417737349931205,-1.00022779706132,-0.441554147745,1.31386314913238,0.0801097582523598,-1.62010142060454,0.346400848407737,0.527522244083181,-2.90919610134215
1.00521571241723,-0.550261998375455,-0.465499470188493,0.264172393273551,-1.70823425868338,-0.723434565877925,0.824682947214524,0.0928350922627031,-0.315691803484438,0.374927943373871,1.32938480686993
0.972607472241048,0.155478834682301,0.145033420026973,0.0764806892423444,1.14696563980066,-1.48319396829855,-2.01413200138896,0.409851451550192,0.1909666424214,-0.569904467019578,-1.23294529456653
-0.133388584594618,0.606428177116391,-1.202391096968,1.01859418517768,0.0669563779122472,-0.195360958042282,1.6320703560963,0.481152661238904,-0.126238450130411,-0.488575967661051,1.56179407396861
-0.0882034095868287,0.155478834682301,1.09708706362328,0.313151112124515,-0.965901228454844,2.14499110912644,-0.852816369016556,-0.986021408565684,1.16676058591922,0.930174079107557,4.11347528991534
1.04068449728839,0.155478834682301,-0.418131029440275,1.45207532996799,1.43400963915821,2.76129136679281,-0.980536336787118,-0.43288071053807,1.3523712305053,1.57217757018005,7.16841137239535
-0.992400920605901,-0.632028168613296,0.0815625477813964,-0.701865171181523,0.266336318420284,0.00288973504081481,-0.295065992174071,0.556768169326412,2.07044479212243,-2.04343956243747,0.491608033453204
0.114679342476655,0.606428177116391,0.703193730021352,0.359169609196818,0.99340529879449,2.83818424118119,-0.482447478489077,-0.0954691956231332,0.460682787943832,0.10799266180611,3.95074099924368
-0.302622820918726,-0.808855807068001,0.0590261679581465,-0.878367397038181,1.24524706851552,2.64062675835079,1.49928565359508,-0.47582808009404,-0.00610082925673063,-0.419783975754538,2.61095841287173
0.660798868559158,0.155478834682301,-0.400404635728431,0.364712920811225,1.81918287666389,-1.87610892894057,-0.0497113394389239,-0.755790363416846,-1.20691781226272,-0.671646821894448,-0.969479727183691
-0.416586329753084,3.17755950094656,-2.15716261205434,-0.529556105890892,0.260079123907525,-0.911212135819564,-1.46207843554533,1.09406374703968,0.192056229463339,1.04629457818506,0.633873311740359
-0.402591795757939,0.769955074142947,1.2484055380981,0.668692178211533,0.260079123907525,-0.112127276068972,-0.743393439407008,0.486000706449221,0.253174897020346,-1.2472009270336,1.72778742863014
2.14819815992899,-0.550261998375455,-0.67205258189126,0.189448750815993,-1.18020764788054,0.966992269602111,1.48982716141789,-0.0989316524443547,-0.152924088990846,0.195513676142549,2.98942175467913
-0.386227317190623,0.769955074142947,-0.935270738419496,0.918677525290489,-0.860200204712737,0.656950002889046,0.726836030022557,-0.430650121675204,0.0362905895939776,-0.365359621625872,0.316814006884696
-0.539701566303141,-0.403542686047638,1.22340316174916,-0.631213565055846,0.383419925948133,0.0955353251034244,0.829700339768254,-1.17562300419339,0.800264143985217,0.250490898617345,1.7407715588043
0.972607472241048,-0.550261998375455,2.49832991838936,2.24089636312786,-1.41988320886825,2.14499110912644,1.00714384751234,-0.161963465704924,1.30501370517171,-1.29969392006095,8.11123652512504
1.68138958888351,0.155478834682301,0.993755557896205,-0.295218613100771,1.12891768529397,1.34855838118486,-0.831965896697683,-1.64613419650269,-0.00610082925673063,-0.0624322931154372,3.20616476732191
0.46808255610724,0.606428177116391,1.42212709113701,-0.840200423837454,1.07221063207552,2.48312133916443,0.791534696004168,-0.47582808009404,1.30501370517171,2.02573244536593,11.3035620890398
0.154623795287363,-0.550261998375455,-0.188790652934719,-1.90652495276028,1.41883880254617,0.754547571059078,0.214506206575843,2.0114758183056,-1.18847181012057,-1.5625506618814,-0.79839278030759
-0.641281055925116,-1.38449258832189,-0.053858513411604,-0.385714344403637,-0.397336222584176,-0.477901562952986,-0.683989331762806,2.58217089282969,-0.147703525559428,-1.29969392006095,-2.50650606502653
2.14819815992899,0.606428177116391,-0.486951500066258,2.55418639509571,1.23693081973464,-0.766909255967294,0.977236056626326,0.982308223465517,-0.566510489381882,-1.22711286212497,6.54587982590663
-0.259445009027011,-0.550261998375455,-1.39386064522314,0.307580850825852,-1.33568677088881,-0.783720871242149,-0.427308718635421,0.0652133472215429,0.155074786080753,0.746268813613241,-2.41545027322193
0.707321595843938,0.606428177116391,0.95575340886307,0.63629610019122,-1.41988320886825,2.14499110912644,-0.689198349515927,0.931239312209574,0.563984702790917,-1.84807517614514,2.6147045270447
0.462370225722604,0.606428177116391,0.597646907462806,-0.805874886663108,-0.81422550556744,-0.361816656477756,0.819641805981126,0.658198189121749,0.11925918041738,1.40231495607979,3.79216142622356
-0.900165067183496,-1.44702772633678,-1.90536443386657,-0.385714344403637,0.013399134553335,-0.186259081245052,-0.457183763807743,-0.458211962497084,1.38594155689807,0.155034670088754,-1.42522301450067
-0.841893906060528,-0.747002748424943,0.525510453589302,0.996091501239237,-1.47733444496604,1.09646264519551,0.596461230783501,-0.251620382795019,-0.470588446771817,-0.669560346622153,-0.250336600195121
-1.67365794143075,-0.253963450330341,-0.410022267230667,0.258589535601072,0.260079123907525,0.0565743860372928,0.17111866582945,-0.630887197938257,-0.921542058853634,-0.976301348515252,-1.42522301450067
0.923778876579758,0.155478834682301,-0.405723418146332,0.868241944841233,0.940663778610537,-0.358844218786994,0.447926059136609,-1.98698906618046,0.601907627351003,-0.565874354966289,1.53450101020396
0.0403738596497136,-0.550261998375455,-0.188790652934719,-0.925359592067983,-1.37198140160085,-0.20370536460458,-0.17142305835375,-0.966519388565879,0.208091608560116,-1.91076991787902,-5.03418420805148
-1.2170502191075,0.199520323542985,1.28076858922432,-1.17955500530273,0.612345439989503,0.968851261617715,0.557363105747979,0.316790641609571,0.474763800380891,-1.73465731452305,0.437121447907478
0.734469738712645,0.155478834682301,-0.56934052707497,-0.526406084000114,0.746152885241441,-1.22453353608749,-2.76990472430098,0.419590196082804,-0.351685321509899,0.567725593147126,-2.54619248285862
0.607698865031528,-0.550261998375455,-2.19076817411231,1.59689175171996,-1.80216973512153,0.93632060682025,1.00714384751234,-0.442617044505215,-0.671904192729907,-0.365359621625872,-1.01109566459399
0.113823953277043,0.606428177116391,0.993755557896205,-0.15493669638958,-0.0118514203797249,-0.267198966079705,1.00021888907072,1.71927106862153,-1.29715991001439,-0.358961014434644,2.98942175467913
-0.00687649792850574,-0.550261998375455,1.22340316174916,-1.64033698853239,-0.985091916255374,0.497200666619895,-0.76137178140931,2.13099378950335,0.387797248370545,1.75008545034952,2.43753748148723
-0.768796200872527,-0.606509870909953,0.669954018613119,-0.142822609338811,0.298717530193965,0.199275284739251,0.575452011589997,0.0154692119453938,-0.998579657057052,0.122571202019673,0.791361658950229
0.981441652287457,0.606428177116391,1.20367478504594,-1.94001111295508,1.98941736344228,-0.694564933461139,-0.199920107471562,0.22640057666025,-1.82404589980919,0.155099467095854,3.38065162615324
-0.205151694529392,0.155478834682301,-1.43392707987645,-0.34412705570398,0.23752836958756,-0.266181127618156,-0.0299434701830664,0.872133377131134,1.17082007492417,0.366702318715185,1.91695583496369
2.21223454146507,0.155478834682301,0.247774700736528,0.763726529529003,0.483251109918147,0.247280757235568,1.23828213495239,-2.83120312510965,-0.299165188203851,-0.0502889028296217,2.97891523715988
-0.386227317190623,-0.327581339396693,0.121380531131932,2.24089636312786,0.133667655351646,-0.315284021079272,0.215193073384562,0.476925462692715,1.15879693392422,-0.430215917186448,3.71489794349152
-0.435003280851303,0.369362339414618,1.73105992145546,-1.90069099677987,-1.32046772449443,2.14499110912644,-0.276676626473258,-0.161963465704924,0.304939272567254,-0.0620451937346861,0.241633840281752
-0.857883158028616,-1.22422440507989,-0.56758970733731,0.595071992485046,0.73521455479703,-1.71356996530936,-0.412489296375418,0.430389969195084,-1.15047031928301,0.342464220796819,-1.96380121217603
-0.311631418696695,-0.808855807068001,0.0590261679581465,-0.878367397038181,0.054939394094938,-0.358844218786994,-1.59700591934101,-1.71472419067165,-0.542630596476954,1.45874212654452,-4.37815234923959
-0.806015780351295,-0.83849818561717,-0.935386224966137,-0.539146713465076,-1.33889296731122,-1.08539492154454,0.20157132284764,-0.335084599762167,0.801522224337531,-1.78952913588903,-7.08051710345866
0.462370225722604,0.155478834682301,-0.442078138270107,-0.749661321967572,-0.719498674547802,0.141156391353269,1.00959663672125,0.206127313150224,-0.492094152855623,1.23777185069391,2.45057747016133
0.413443460857726,-0.550261998375455,-0.751910697604352,0.3789200346884,0.328756275874951,-2.15222622756678,1.07730495537386,0.828969386417104,0.646246736497878,0.704841016779974,4.7930806886213
0.0209494585269676,0.606428177116391,0.017446841093528,0.736614161848273,-1.24114448320121,-0.112127276068972,-0.491178814132175,0.56558132257695,-0.299203915512953,-0.441757503678616,1.17902559529921
-1.07532518975879,1.10560584404544,0.247774700736528,-0.374156776925633,0.260079123907525,0.76774796651514,1.71821612854075,1.57477436278341,0.736862836241581,1.05945522685302,7.02339645378492
-1.10270064644543,-0.389186676906455,-1.64939049903748,-0.548925720999,-1.98490866521356,-0.92307773523047,1.11662966451984,1.54420086444063,-0.664796282370462,-1.3583334396477,-4.17239164653521
-0.0509116320014857,-0.550261998375455,1.22340316174916,-2.12651346331671,0.271371076275728,-2.04337988643477,-0.199920107471562,-0.759240840245695,-0.576888248470832,-1.59141807561858,-6.00937905201633
-0.386227317190623,0.769955074142947,0.784671309618594,0.355908266914678,0.538940410673307,0.715617883213644,-0.712663664557812,-1.62010142060454,0.0091062925441932,0.306033493862366,2.26214333327154
-1.40094136303102,-1.59446376315713,-0.433215427477504,0.457341038329046,0.513660275139542,-1.71356996530936,0.0551536738057585,0.445645946835355,0.646246736497878,0.679872453269232,-2.16972267286435
0.565334510780728,0.606428177116391,0.283154764155492,0.868435173909698,-0.296768671941623,0.543902136137848,-1.90535770402706,-0.101602892489293,-1.46456749318133,-1.92417577185805,-2.69272169198878
-0.648327544277988,0.145138083490641,-0.232472664896157,-0.0847243035812548,0.469851115806884,0.68943811973721,0.697599028216519,0.255704336418399,-1.23314066691396,-0.605577854080788,0.999575121099924
-1.70785467667839,-0.915727169379274,-0.56758970733731,1.58106056495485,-1.82682216056164,-1.93151859654028,0.885571494079609,0.0652133472215429,1.11853848899865,1.0919530787125,-2.16972267286435
0.289754492775326,0.606428177116391,-0.624843011360205,2.0400202896695,0.983521245346786,0.527164735028516,0.579924545793604,1.46322037221986,0.674502998434613,0.773263246484088,8.79586366615611
0.659971383071241,0.155478834682301,-0.400404635728431,0.364712920811225,0.630569285309151,-0.29715815309376,-1.20893352307193,-0.383973828137635,-0.921876699475354,-1.92417577185805,-3.64658643014038
-0.111659638988753,0.606428177116391,-0.328737428617799,2.21408107776033,0.538940410673307,-1.06078079589271,0.567019848481458,-0.0812031954604874,0.351489238579624,0.168356390366959,2.27625006243859
1.23298387437872,0.155478834682301,-1.66144285994573,-0.356111859303405,-0.984734369154562,0.0612227875833855,1.49928565359508,-0.709786113129876,-1.82404589980919,0.566071564355615,0.133865344621018
0.459626527476055,0.155478834682301,-0.442078138270107,-1.84352036563375,0.786602373944938,-3.03435185750163,-0.199920107471562,0.827806415754613,0.0818218109757201,-0.519051575184856,-2.84536152437128
0.175483305270595,-0.550261998375455,-1.64392703710072,-0.665029535855507,-1.35312586681623,-0.0858011992199197,-2.09180696315395,1.4650767184422,0.78651227284525,-0.769537671639248,-1.92012897414414
-0.518327431831581,-1.46397937681367,-0.612571997418814,0.0959009690426866,1.12756798319065,0.270163335892969,-0.517653444273842,0.439870496104016,-1.29715991001439,-0.122639063317981,-0.147968480457479
0.113823953277043,0.155478834682301,0.111151901510299,-1.63235325288988,-0.555050939093323,0.0179605225099854,0.643200030932542,0.203356749315745,0.122134376315052,-0.666808865238007,-1.14169828738167
0.659971383071241,0.606428177116391,0.247774700736528,-0.484504802863665,0.371558204547802,0.288037724687565,-4.27256696845827,-2.43271969786684,-0.827865122596001,-0.679814428665412,-3.02886112192248
-2.45622135081554,0.212260239760447,-1.64392703710072,-0.567443077670119,-1.82682216056164,0.302884681872721,1.16587288009331,-0.81825894832414,0.170012318398567,0.77658756755877,-5.27261686048838
-0.341188025001366,1.30294225785372,1.44502957038004,-0.415703668941169,-1.82682216056164,-0.305320514080229,0.674272725366255,0.0900678283144967,0.780970558162854,0.462021944680986,2.83442409680981
-0.246298571474522,1.30294225785372,-0.304018229258122,1.77654470222332,-1.82682216056164,2.14499110912644,-0.689198349515927,0.0514453333366008,0.692212323527824,-1.35146002009551,2.15855911098799
-1.03960904218117,1.73307628457455,2.10911058238368,1.07865711160571,0.260079123907525,2.14499110912644,1.00714384751234,-0.47582808009404,-0.779069061446469,-0.640282730447325,4.70614686146532
-0.0496716925458102,0.155478834682301,-0.12769897914759,0.104618996336934,0.466115997952305,0.128444962540288,0.820379048878146,-1.03495116933483,-1.01738299558956,-0.261175079439168,1.65594799694994
0.106858090387265,0.155478834682301,-0.222838008202916,-1.19267720983659,0.962034347674311,-0.17808008392324,0.101289734214794,0.157273106070813,-0.35376146384679,1.46348447717507,1.54194300833628
1.2350915907376,-0.550261998375455,-0.311288388351638,-0.848848255176565,0.147173922795381,1.08642127490829,0.200490256160777,-0.657222446207911,-0.314052099654488,-0.824448215711468,1.65594799694994
1.00193730669849,0.606428177116391,-0.86551944397935,-0.293867982935342,0.332982050607626,0.242227020827314,-1.29020851378458,0.577127782730864,2.11472630919053,0.557846770760235,4.12525234778506
0.294845304965135,0.155478834682301,1.73105992145546,0.868847155494506,-0.965901228454844,1.09646264519551,-0.734475433330573,-0.870170110481066,0.199836324195175,0.970526507182857,4.23251938496961
-2.00684486866336,-0.133067645060122,0.121599698536502,-0.143604878779972,2.02214929711978,-0.633603458985123,-0.459918720332428,1.26408825537201,-1.66953124732902,0.551502726662459,1.27953303324762
1.17994816821563,0.606428177116391,-0.834977823788269,1.45974232402508,-2.16679290690792,1.09646264519551,-0.689198349515927,-0.26337504526427,0.122134376315052,-1.14041080932878,-0.17565005748585
-0.57546242001923,0.00829148738801777,1.28076858922432,-1.46879344628627,0.383419925948133,-2.30816831195443,-0.571861527300129,-0.328871889126315,0.0402206878099054,0.823478123253899,-2.47628582571192
0.181236677333189,0.155478834682301,-0.217890864469422,-0.142410095456868,-0.197865504004137,-0.839742910388406,0.915333845890949,0.98975967822732,-1.58112105789537,-0.337039819866524,-0.605371312947496
-0.0402560505126201,0.606428177116391,-1.49612539382578,1.05357178275319,-0.441872558406573,1.55472788845143,-1.13576652052187,1.52210613749476,-0.57418897236233,0.696658864805882,2.6926500359273
-1.65683309131565,-0.640259682554361,0.466334626639572,0.121995398276611,0.260079123907525,0.50464233113878,1.3995171499248,-0.178169907508595,-0.47312422008076,0.794196962454672,2.49493905950329
-0.671309785462968,0.362486520901402,0.765505054009265,-0.357395517844685,-0.35333225626063,-0.268586199484041,-0.186275309054594,-0.489787759916594,0.00919314584141759,0.0752635021641237,1.4672971733481
-0.0765220696774002,-0.550261998375455,1.29501384579766,0.101610813776133,-0.820906219340999,-0.305320514080229,-1.41899980057474,-2.09718511890766,0.625420581605277,0.726971299285764,-0.764163558048907
-1.25219850752226,-1.20583274921824,-0.053858513411604,-0.709179445629197,-0.845175137153744,1.08547823709822,0.0101390676702152,-0.526698021931553,1.19661778714652,0.0741973911636673,-2.13325026944891
-0.714887077798232,-1.33507076335119,0.234331877301045,-0.709179445629197,0.658856447339664,0.404271504491573,1.08923770858424,0.550443094822825,-0.380686652894439,0.462021944680986,1.05651284640649
-1.14275241759848,0.949527675746721,1.01538178224574,-1.29669582854105,2.02214929711978,0.0862210115839819,-0.664447548563206,-2.45756852154204,0.421242712052465,-0.261175079439168,-0.0467181264661216
-0.140470988533382,-0.550261998375455,-0.100092970290711,0.535605298060706,1.33233385131075,0.245208614777776,-1.37690327813626,-0.277921918253337,-1.20442473252263,0.51797784437338,0.802952979057054
-1.72859696726357,0.291908691745788,0.0105852014821708,0.815567747707328,-1.82682216056164,-0.112127276068972,1.8311872252819,0.347634806722508,0.698590767344959,-1.55917499024747,1.90772622330925
1.56997066010932,0.606428177116391,1.52180172538294,1.25776116036943,-1.90817848799228,1.09646264519551,-1.12124424123193,0.43853739364103,0.970933410632685,-0.674027787999944,5.88327428756081
-1.65481629624404,-0.640259682554361,0.414257696641423,0.121995398276611,0.260079123907525,-1.03957871580026,-1.59700591934101,-0.561307932513484,-1.29642332296593,-0.565874354966289,-3.61305495256841
-0.223820203897298,0.155478834682301,-0.714263925965031,-0.0511902340987994,0.602723690131786,0.776607039648907,-1.74251761746868,1.02937705326021,-0.57418897236233,0.0769565787729061,-0.420917212092875
-1.62637628621527,-0.0338588711276071,0.9513979598963,-0.176462860619342,0.260079123907525,0.966992269602111,-0.927621279493401,1.31328268724313,-0.608022499782491,2.04308916490849,1.27468642427685
0.659971383071241,0.155478834682301,-0.400404635728431,2.19073770077014,0.246435163098685,-0.358937891239863,0.5653462637703,0.42735901960673,0.303881670698872,-1.22711286212497,2.11332842215761
-1.34637006439871,0.0176796848892967,-0.00472380574480549,1.14474703786798,-1.82682216056164,-0.112127276068972,1.8311872252819,-0.85792610966139,0.181448606511483,0.465256429605801,0.791361658950229
1.67894320633404,0.606428177116391,-0.585614338639683,-0.138077034182755,1.13283404579702,-2.40678815236512,-0.0497113394389239,0.205646694132747,0.885093401940649,0.224753463017796,1.9476245698571
-0.0725291644257506,-0.550261998375455,1.29501384579766,-0.203424847231318,-1.01006719378794,-0.305320514080229,-0.127471248314303,-0.0316751289827334,-0.0550515662345475,-0.519051575184856,-1.15317255029422
-0.714155501780372,-1.33507076335119,-0.053858513411604,0.645673992915088,-0.434544062586804,-0.689119944048425,-0.00294122311761658,0.313018986062842,0.74640956052731,0.695240066707574,0.693293243499942
-0.277194099651156,1.30294225785372,-0.486951500066258,-0.138077034182755,-0.35333225626063,0.656950002889046,0.426718263004625,-0.906629379281989,0.0091062925441932,1.34605147176929,-0.0982776109971528
-0.714887077798232,-0.43975356211014,0.87802481972792,-1.02024255353441,-0.659250335242896,0.715617883213644,0.862507490079014,-1.41829360684075,0.122134376315052,0.390591190933524,-0.569498544127835
1.54753618454451,0.606428177116391,0.0771806445456334,0.389524608748532,0.840990879148327,0.924903593887858,-0.0280401824080838,0.96115924901659,0.625420581605277,1.08993226536934,7.1018310152934
0.924351502009649,0.606428177116391,-1.26894759365812,-0.469594121393614,-0.188707400977191,0.00288973504081481,0.0625287739304528,-0.412456199137839,1.08010849204234,-0.403712866087078,0.0175732383146927
1.34566253218392,-0.550261998375455,-0.230666791098257,0.54004836816077,-0.46855918647347,1.45569800772689,0.0458198544541969,-1.03495116933483,0.126857285754464,0.784815904505886,3.41946390845642
0.127234413637482,0.155478834682301,0.243494454769271,-1.57030585855319,0.63697508898375,-1.06151402975116,-0.412489296375418,0.982308223465517,-0.866340660911609,1.40231495607979,1.19165597002053
0.866732535929948,0.606428177116391,0.274265852626108,0.00500093124760148,-0.466802574426348,0.631417064493445,-1.27724988503593,-1.21685572229709,1.18830680613128,0.746268813613241,2.81910676238563
-0.0271081934558512,0.606428177116391,-0.133054964361169,-1.63361525026688,-0.360760039840223,0.221901512756482,-0.662486955811131,-1.43707993799502,-0.101746245591056,0.335970675687045,-2.86562604289673
-1.48839822597044,0.454755521867063,-0.464463012179537,-0.037299424590089,-1.82682216056164,-0.268586199484041,1.42946408519257,-0.758517031678747,0.421242712052465,0.180516821707072,-0.924818564831046
-0.441220289328656,0.369362339414618,-1.24218033613952,-0.255728614556646,-0.439640920827675,0.847248333438932,0.264360272188028,-0.630887197938257,2.07044479212243,-0.519051575184856,0.812241841138728
-0.949771280496227,-1.39391893565537,0.37843141728439,-1.10997210695859,-0.585424235336923,0.342416847357962,0.882383299217652,1.46322037221986,2.45913876621738,-0.441612465829271,1.54194300833628
1.00521571241723,-0.550261998375455,-0.706974704149399,1.27937545140496,0.360500076976938,-0.216930551683385,0.16652814787624,0.313018986062842,0.895247512335515,-0.674027787999944,2.1735225813986
0.175483305270595,0.606428177116391,-0.935270738419496,2.51340503973158,0.32296571969323,-0.740701155041826,-0.158757302180141,1.26353004120587,0.362038261047176,0.289203498048226,4.7363769313276
0.0852454231180691,0.606428177116391,1.01538178224574,0.894273554696957,0.32296571969323,-0.361816656477756,-1.2661316553354,-2.40343972423322,1.13140200825371,-0.124190421259977,1.44183912429882
0.399153233205779,0.606428177116391,1.29397195141817,-0.295218613100771,-1.20466325234734,1.09646264519551,0.913485150195537,0.674399475898069,-0.796703038985572,0.0709494900338289,5.16455332271437
-1.66140988438848,-0.628281426682001,0.414257696641423,-0.529981876762064,0.455768538010819,0.760522069763115,-0.585301593741158,0.241658005299251,0.189679096292762,1.74198171274902,0.440014450583013
1.07287258381934,0.155478834682301,0.664844612404402,1.56835874394694,-0.197865504004137,-0.112127276068972,-0.163948356052915,-1.18348018704,-1.08862513963374,-0.960668405345756,1.44183912429882
-0.311631418696695,-0.808855807068001,1.35654211166369,-0.343741364182324,0.656481263642786,-0.198830861302129,0.635451541867147,2.42005805708854,1.46337556759656,-0.164800342178684,6.66373125487485
0.320043870688293,0.606428177116391,-0.656682209814537,-0.118513572024615,0.739811907719036,0.495292262651282,-0.298443517414211,-0.283091820438263,0.846996116648831,0.134893642351509,3.2107025026369
-0.31747132779669,-0.327581339396693,0.697551385704644,0.0655669711301132,0.00601949782139188,1.97349361590716,-0.831099129339879,-1.03421423327794,1.15580790471987,1.31626138462174,4.23251938496961
0.554087364868963,0.155478834682301,-0.246117591474186,3.01712694162212,1.08386420229572,-0.86037318998815,0.480135660989947,-0.412456199137839,0.351489238579624,-0.32622643927131,4.37577774951906
0.771466412487981,0.606428177116391,1.41198057538717,0.918677525290489,1.12384248678388,2.27276374263097,0.639366914502874,-0.0174756262562388,-1.35191217457524,0.645561480797299,6.66786462793106
0.388155431497596,-0.550261998375455,-0.751910697604352,1.29716568970109,-0.842799922998558,0.0317326404649029,-0.494580138345862,-0.561307932513484,-0.085119279972784,-1.09208938848379,-2.29376578067703
0.131778430769166,0.155478834682301,-0.911475058637859,-1.56846461515797,-1.46197642849796,-0.0827702932790051,-1.57125876264104,-0.895305913597456,-0.30167549604544,0.675209409224993,-4.17239164653521
2.21223454146507,0.606428177116391,0.257632479403717,0.517842752272495,-0.46855918647347,2.14499110912644,-1.47234056181813,0.668642983486569,0.563984702790917,-0.201324287528065,5.32725162909038
-0.0955227742639504,0.606428177116391,0.533598752654804,0.486924321194869,-1.0259868224919,1.09646264519551,0.186829681310961,0.838323276422764,-0.33733272350103,0.823478123253899,4.20295439179078
-0.23163939924724,1.30294225785372,0.999496093040539,-0.376711620550336,0.538940410673307,0.631417064493445,-0.412763144236105,-1.0651037932193,0.125445588564924,1.12696775348585,1.95832002680428
0.0339754855268754,0.606428177116391,-0.788634946822854,-0.00750786750711182,1.02096384627651,-0.250404971428038,-0.683989331762806,-1.98698906618046,-0.16008468214825,-1.30107682830994,-1.46915885394865
-0.519861892546763,-1.46397937681367,-0.612571997418814,-0.385714344403637,1.23071525879785,1.45502603835104,-1.87165544813189,-0.430650121675204,-0.175445372489268,-1.3081010933576,-2.16185218870559
-0.134485905456559,0.606428177116391,-0.377554971192652,-1.10492633187472,0.383896483297426,0.181826148667643,0.568795284027091,-0.560404914745815,1.28445093004885,0.766061890082986,4.92006550447752
-0.419679930347089,1.16057170685114,0.0771806445456334,-0.418863058862676,0.133667655351646,0.968851261617715,-1.27724988503593,-0.477034052386975,1.46723651427091,0.970526507182857,2.58125078546385
0.418869131284189,-0.550261998375455,0.697551385704644,0.155391651905243,0.630108995572178,1.00286119521045,-0.76137178140931,0.618916440200768,2.07119129016502,-0.164800342178684,3.8400627221623
-2.45622135081554,0.212260239760447,0.9513979598963,-0.203424847231318,2.02214929711978,1.29235907089624,-0.635365658658444,-0.244830847220521,-0.701918386718024,-0.365359621625872,-0.508888829070554
0.0834189948880783,0.606428177116391,1.01538178224574,0.894273554696957,0.329844398991798,-0.112127276068972,0.0238301502703413,0.81153948209577,0.895247512335515,0.24138390556585,5.31590085226864
0.847080421609864,0.155478834682301,-0.793203655740548,1.32413908723241,0.144131257668816,-1.11990223127503,-1.87165544813189,0.608304993763657,-0.00618168863187957,-0.221846619446937,-0.383653891871822
1.69044019913722,0.155478834682301,0.703193730021352,0.385792942894457,-1.31220075950397,-0.305320514080229,2.36622506177308,1.43586004842451,-0.147703525559428,0.714923647923884,5.84407684755318
-0.585537558373536,-2.43060752575317,0.870156967057143,-1.00211199539995,-0.718859191568562,-0.231958776161636,-1.24496613488351,1.06340538938647,0.970933410632685,1.22313650966074,-0.872634239013672
-1.51011458482939,-0.378854442360545,0.00810628625442959,-1.34469182830246,0.00216896367695882,0.832653538508725,0.27117065136063,-0.313765557243951,0.317439691441678,-0.393502945134011,-0.959462455501591
-0.34609790532356,-0.808855807068001,1.40447968602819,-1.07115761559429,-0.589962893566258,2.27276374263097,2.61408970103895,0.742811433002547,0.563984702790917,-2.44144077446338,2.63691147208019
-1.62637628621527,-0.0918983381550847,1.22340316174916,1.06194005142963,2.02214929711978,0.128444962540288,0.548905797581659,-1.03421423327794,0.314328107642067,-1.80322351629603,1.07212183178939
1.57083563324688,-0.550261998375455,-0.425546105217419,-1.05629058056512,0.147173922795381,-0.764800573556581,1.24262167731926,0.0599163212769263,1.12294311336362,-1.81777093540194,0.96726060998596
-0.417425778264276,0.344812997772024,-0.217890864469422,-1.03990180417252,-0.192891062316261,-0.422927485241301,1.46403205369221,-0.0280704387253317,1.47319537502012,1.42552169970296,2.98942175467913
-0.158808189466357,-0.550261998375455,-0.100092970290711,0.0218684943034034,-0.589962893566258,-0.264200322887531,0.567019848481458,-1.43885779945513,-1.18502092188974,1.58452290431694,-1.13872419893848
-0.240532341915159,1.30294225785372,0.999496093040539,0.300145664722737,-1.82682216056164,1.09646264519551,1.00714384751234,0.619680224328209,-1.55336268856885,-1.42298638211372,1.2747524607073
2.17423146894365,0.606428177116391,1.03747670026601,-0.138077034182755,-0.46855918647347,-0.305320514080229,-0.0394669600565887,0.993199417847835,-0.827865122596001,-0.946703140182829,4.02099379574906
-0.289194471221874,0.155478834682301,1.68669362181768,-0.850004185742318,1.1049473679107,-1.5170671559175,1.30559728279203,-0.694587870223791,-0.741322577243092,1.91858127643992,2.97891523715988
-1.35222769451961,-0.479123994376603,-0.365096499480926,0.350358971095967,0.0511294653625741,-1.55501415452979,0.877981711066817,-0.964352737948684,-1.63756763911045,-0.681660354018456,-6.13028119608637
0.432678247321876,0.155478834682301,-0.201389303397505,0.533066786514892,1.2430227409402,1.89476290270979,-0.800841259008352,-0.299167920606483,0.185973946672214,1.10577909656183,6.67467132270439
0.388155431497596,-0.550261998375455,-0.751910697604352,1.37159639547359,-1.45765009065694,-0.706219364503435,-0.253514939377983,-0.550378453837165,-0.95854568185421,-0.63634694980229,-3.81920637535845
1.20035987572809,0.606428177116391,0.0548787529189764,-0.27889757191619,1.99806637543235,1.2355115121172,-1.06778952662229,2.0114758183056,-0.958825712932497,1.28567097256554,7.02339645378492
-1.12034419741936,-0.0612438835094271,-2.19076817411231,0.305294385561725,-0.385508324717481,-1.58661235917654,-1.59429150061365,-0.502247411415509,-1.66953124732902,0.990672622483834,-5.063227466778
-0.671309785462968,-1.53535678390647,0.37843141728439,0.0654788956083117,-0.17756933827738,0.990021781812077,1.11662966451984,-0.44944988660222,-1.71967716112128,-0.0260851868755839,0.0321514556388289
-1.16120773281796,0.20217835501888,1.49968380786415,1.5239898504064,2.02214929711978,-0.358937891239863,-0.608606628359239,0.0154692119453938,-1.11205016951968,-0.602081915914556,2.28240667487487
0.902420914886986,0.606428177116391,-1.26894759365812,-0.293867982935342,-1.30355636642647,-0.690346989749047,-0.743393439407008,1.22838531387743,-0.902068472933843,-0.529977558764918,-3.1811350364168
0.677822972295361,-0.550261998375455,-0.0148684832867409,1.4248596852689,-0.0387900395941204,-0.432399720736376,2.02079208690175,-2.16354916097524,-0.932210344904464,0.180516821707072,0.150948927623871
-0.32630599115439,-0.327581339396693,-0.350552949049986,1.36431544830155,0.340946840068693,-0.639863858623092,-1.36139671076002,-0.431795326707154,1.47094452248214,-0.164800342178684,0.498744079696961
0.972607472241048,0.155478834682301,-0.146097036324339,0.376839219511304,0.965972860867966,-0.92307773523047,-0.194298137932222,2.04651952777296,1.22228186945458,-0.430215917186448,5.54763350850268
-1.35222769451961,0.681740372274371,0.0231253393212324,-0.432760232905128,0.260079123907525,1.01929631809121,0.72085960611071,0.377032767018561,-1.18502092188974,-1.2730642606589,-1.72798459424294
0.00141020210592722,-0.550261998375455,1.29501384579766,0.241752058400184,1.65860273396048,-2.26812978068164,-0.199920107471562,0.88696602172611,-1.15047031928301,1.07302619904593,2.553057965359
-0.3457242819117,1.30294225785372,0.194570922246518,-0.635143459469219,0.0511294653625741,0.37304416273797,1.49928565359508,-0.483381096594461,-0.921876699475354,1.78039351417161,3.7763618415802
0.181236677333189,0.606428177116391,1.04913762539686,1.18118209096985,-1.19399205087421,2.14499110912644,-1.12124424123193,0.107865245146275,-0.152924088990846,1.24393693398414,6.19533209520178
-0.367487349568341,-0.808855807068001,0.0590261679581465,-0.123337528380788,0.680977176101459,-0.193852300992847,-0.688700143198615,0.689042905985063,-0.299203915512953,0.184603230140136,-0.17565005748585
0.846301237246732,0.606428177116391,0.868000710757495,-3.40402012662956,0.852488736415489,-0.639079424791894,-0.681374240652653,-0.175865638357756,1.07066588669479,2.00082135556149,2.64744160779749
0.226424514851528,0.155478834682301,-0.217890864469422,0.364440679590323,1.33233385131075,0.4469664609028,-0.808851790555256,0.810604144200261,-0.999512537079024,-1.72720764100502,0.83991706774347
-0.523585921852488,-1.46397937681367,0.19883063574711,-0.709179445629197,0.454478439234425,-0.0460375540957095,-0.89371705724001,-0.506009581775694,1.10239668391361,1.01887510000403,0.491601297453142
0.339361797919429,-0.550261998375455,0.869759103538385,-0.925359592067983,0.317489795937419,1.30556738523035,-0.487360160522055,1.79055259823886,-1.58501447803003,-1.85963461823043,0.139010674899538
0.175483305270595,-0.550261998375455,-1.64392703710072,-0.665029535855507,-1.35312586681623,-0.00234283557568012,1.00965723167149,-0.412456199137839,1.88688325322051,0.951370473366676,-0.178438020659994
-0.594551616521762,1.53812609880977,0.162255322822997,0.517842752272495,-1.82682216056164,2.14499110912644,1.00714384751234,-0.707455108001395,1.09804199375539,1.16379812012498,5.48118670493744
-0.655680762504928,0.522216842868709,2.07603301003205,0.188561405579786,0.260079123907525,1.09646264519551,0.299755784587939,1.45725002590199,-0.602792985592993,0.628202714647928,5.52888831418626
-0.702831949318167,0.481900109394074,-2.13481271318593,-0.123985746084579,-0.310649590124715,0.227658910844594,0.215193073384562,-1.28626788093701,0.812492687940466,1.10456413790534,-1.07173660907188
0.7954110077442,-0.550261998375455,0.781793865047862,0.232971266773953,-0.772919836804568,-0.361816656477756,-1.04787333315437,-1.13949739535848,-0.760158512559418,1.38354851776789,-1.61719062419067
-1.67365794143075,-0.253963450330341,-0.410022267230667,-1.02024255353441,-0.860200204712737,0.996187018418708,0.906600916553276,-1.0453296350873,-0.321031032394994,-1.29464378789908,-5.45707889787163
0.2380240680743,0.606428177116391,0.0021578975875359,1.48819642831839,0.405525619928214,-0.862434154986706,0.185468641496172,-0.0812031954604874,-0.729990259922276,0.562955927411944,3.22391019295087
1.54916800774221,-0.550261998375455,1.65156238212178,0.407718603308217,2.01927820165852,-0.232285224694272,-0.498156431082775,0.68921905919621,1.29054587626062,-0.70595286785652,7.04577765161073
1.52582054648674,0.606428177116391,0.126178472352502,-1.00033864993654,0.478555245543485,-0.0234115009671821,-0.351114274686828,1.31348579695397,0.113292119849781,2.13766915374052,5.51017713699304
0.604405187463064,-0.550261998375455,0.422734974719741,0.00651755520634865,-0.713601223307343,1.17700073600085,-0.675956399571433,-1.27238738340069,-0.0208775545752392,-1.64425209704515,-2.71100167303137
-0.900827102457975,-0.0309919205176701,-0.538529558828936,0.674982098020333,-1.19399205087421,-0.318104361092735,2.32503055452303,-2.4349410189789,1.40189308810462,0.18005770093451,-0.311451260488399
-0.302622820918726,1.30294225785372,-0.496770802381256,-0.138077034182755,-1.19399205087421,-0.0992564517336374,-1.5450359125601,-0.966519388565879,1.17118483378846,0.958661110013512,-1.92729396669143
0.923778876579758,-0.550261998375455,-1.30627445415788,0.778997173691183,0.126249004508338,0.291390594490047,0.302455821747718,-1.41740866823094,0.32551540247426,0.823478123253899,0.736972722186548
0.51605763990166,0.606428177116391,0.991417117975708,-0.0570504174148826,-1.22778826351389,-0.305320514080229,1.71821612854075,-0.758517031678747,-0.290163642584319,1.00617146793763,2.31137710104372
-1.67365794143075,-0.253963450330341,1.08895020543361,-0.269515810490968,0.260079123907525,0.116725344137167,-0.247396066276997,-0.00615261556201858,0.0661561029851187,0.21950241503097,1.65594799694994
-0.837244812002898,-0.0361891445202189,-1.79031179960345,1.27937545140496,0.718663826568713,0.754547571059078,2.36622506177308,0.157441009397968,0.381311851808853,-0.671646821894448,2.98942175467913
-0.0956451476174826,0.155478834682301,-0.310631076942342,0.922040080275151,1.00640466023282,-1.24049091268674,-0.588862463018217,-1.56068097458986,-1.11205016951968,1.42552169970296,1.1984742397894
1.18938226113852,-0.550261998375455,0.0105852014821708,-0.790318358947025,-1.08452404195812,-0.529009860544596,0.797178907584831,-0.635829013539465,1.74992207911502,0.726971299285764,0.148944692068088
-0.352247316038335,-0.327581339396693,0.697551385704644,-0.238504034648371,-1.20466325234734,-0.112127276068972,-1.32648171956332,-0.416067424923579,1.09804199375539,-1.360678056782,-2.9553469954737
-0.402591795757939,0.769955074142947,-0.935270738419496,-0.374156776925633,0.0878455287149743,0.988265788122206,2.18742978772157,-0.132170220266501,-0.713389969340132,-0.741747586787665,1.7407715588043
-1.55428231744285,-0.872542578237216,0.764533341657207,0.595071992485046,-1.82682216056164,1.09646264519551,-0.112410617597802,0.838323276422764,0.992286445817558,0.275762642996907,2.4848791835881
1.02093383298477,-0.550261998375455,-0.465499470188493,-0.245330341485595,1.74164630375065,0.272898660047063,0.953386331349873,-0.435326843506592,0.31082957667155,0.0635347898990206,4.95150573468671
0.333258755298844,0.155478834682301,1.73105992145546,1.05632713728088,0.688148268383425,1.09646264519551,-0.508923624462488,1.84694956417367,1.10239668391361,-0.70595286785652,8.11340885147854
1.57083563324688,0.606428177116391,1.52180172538294,-1.17433823526934,-1.4257538568491,-0.305320514080229,-0.427308718635421,0.933384023164143,-1.58501447803003,0.0241311183950508,0.842979012885857
1.47109247263187,-0.550261998375455,-0.316338707417361,-1.38430092251178,-1.18020764788054,0.212640050996502,-0.448473266607006,1.84598512169684,0.563984702790917,-0.891946267648433,1.44465281940629
1.00521571241723,0.606428177116391,1.20367478504594,-0.446497123688928,-0.0417528241097022,-0.112127276068972,0.275243698553115,0.0764441559526833,1.11856489001659,0.408624291360893,4.29410391051683
0.506851598152877,-0.550261998375455,0.141010673801132,-1.25284546512612,-0.276965397209333,-1.38090553029802,-0.291638153367075,0.430389969195084,-1.5531372559878,-0.337039819866524,-3.14905172886576
0.831707487670844,0.155478834682301,-0.301912919001065,-0.707461081267975,-0.809573159628649,0.207539953927602,-1.66064352056208,-1.66072621839255,-1.18847181012057,0.0239935599119114,-4.01346523739303
0.847080421609864,0.155478834682301,-0.0651514382552366,2.30756055120157,-0.381648952329259,-0.612709263214322,-0.403574599542521,1.90516758210166,-0.853910314313169,0.19514388033413,3.80786967899091
-0.678681874581334,-2.01030861085173,1.26354704758255,0.457341038329046,-1.08305427245403,-0.5861226488588,-0.635365658658444,0.389903783744769,-0.602792985592993,-0.183908349408742,-0.303029355483251
0.690396614171686,-0.550261998375455,-0.964845034041905,-1.21450265812506,-1.08452404195812,0.440631714881271,-0.758710780016021,0.77499487445843,1.16676058591922,1.43144054073625,0.812241841138728
-1.12034419741936,-0.0612438835094271,-0.00472380574480549,-1.21426357209829,-0.385508324717481,0.62070363605251,-0.291925482661153,-0.171607151320298,0.125208145011962,0.568366342995821,-0.85997060387227
-0.383379113837694,-0.808855807068001,0.0815625477813964,0.734159312002054,0.466115997952305,-0.335929403436371,2.28720029143667,0.724309168022223,0.827631737278233,0.763440250529746,4.84899720418488
0.0313726754087405,-0.550261998375455,-1.62644566444369,0.00651755520634865,-0.362373868790079,-1.37870833309454,0.635451541867147,-0.550953471744661,0.169431299502364,1.04629457818506,-0.790484153793374
1.56997066010932,0.155478834682301,0.562720267874261,-1.07876340414449,-0.984734369154562,2.14499110912644,0.913485150195537,-1.82135721741988,0.563984702790917,0.882962189677571,3.71489794349152
-1.82704481831053,0.0816020922085343,0.115571702738137,-0.304895659235666,-1.82682216056164,0.0886073968166094,-0.308935996321217,2.13099378950335,-0.437944707281662,0.794994052786308,-0.684575152427279
0.831707487670844,-0.550261998375455,-1.51717768500734,0.314806006874386,0.308740698135893,-0.464651137138459,1.06599701889182,-0.719125653887117,0.0218081873955809,-1.62019736152074,-0.558454154963533
0.27988543087862,0.606428177116391,0.186159366694234,1.01859418517768,0.64304205481738,-0.791052468019416,-0.401409547794656,0.62397270001606,-0.672362493585881,0.763440250529746,4.78323801701112
-0.788867063042872,0.128057002035653,-1.27594448117808,0.322488098937642,-1.38234044558631,-0.740701155041826,1.19925301140536,-0.00832086462523507,-0.116811550569097,0.944705132264846,0.572001036746214
-0.205151694529392,0.155478834682301,-0.714263925965031,1.22379946180598,0.255043665875821,-1.01845813236476,0.977236056626326,-0.412456199137839,-1.63756763911045,2.00082135556149,0.787044348000048
-1.40094136303102,-1.59446376315713,-0.343142256415138,0.720166189838831,1.40236106707844,-0.19207285811278,0.426848841613349,0.216487908561371,0.219405267962527,-1.2472009270336,0.572001036746214
-0.837244812002898,0.0626021558900683,0.0105852014821708,-0.39269177767239,-0.341314675982443,0.673309991623927,-1.74461949638526,-0.52045743248289,0.692212323527824,-1.72720764100502,-4.54888341351386
0.827531932316219,-0.550261998375455,-1.51717768500734,0.871781897459285,-1.31220075950397,0.288548729306568,0.318485170400243,1.07235098351192,-0.57418897236233,-1.14041080932878,-0.0569325648258534
-0.0527754997491113,0.606428177116391,0.44790360738511,1.45207532996799,-1.10108098871516,1.09646264519551,-0.852816369016556,1.04758930530375,-1.73483100900075,-0.63634694980229,1.10424462801203
-0.435014943620708,0.369362339414618,-1.24218033613952,0.511583497740353,1.40236106707844,-1.36978449086072,-0.248203509073169,0.186702242197983,-1.05749339118741,0.951370473366676,-0.490873226920305
0.0948743830687584,0.155478834682301,0.462057287868415,-1.33588080554822,-0.447789941558636,0.247280757235568,-1.23855387781958,0.572984748678645,-0.796703038985572,-1.13169322857245,-2.99284060758773
2.28812849960037,-0.550261998375455,1.3954899355224,-0.172847342310541,0.147173922795381,-0.361816656477756,2.05340028118003,-0.132122158519254,1.54630432307222,-1.58250794127871,6.66171410494062
2.47698486748394,0.606428177116391,-0.327144865062007,-0.0910051598642003,0.147173922795381,-0.358937891239863,-0.406750970396431,-2.43271969786684,1.16201634196321,0.784815904505886,1.98770612244201
-1.22718280093587,-0.02049553380549,0.422734974719741,-0.688170188712636,0.0511294653625741,0.221901512756482,-0.150829769133074,0.618916440200768,2.34462416718867,-2.27187338011934,0.43106815695659
0.43135613651641,0.155478834682301,-2.13481271318593,0.868241944841233,1.2147182193008,-2.17794257908855,0.431996171879368,-0.842832669381789,-0.413147974918192,-1.28995675396883,-3.06709220127581
-0.0765220696774002,0.606428177116391,0.429027702004883,-0.988700999366272,0.447779317308877,0.624890323982952,1.00021888907072,-0.313765557243951,0.628715535174151,1.03939667600597,2.89658424083383
-0.293825399223456,-0.550261998375455,0.973201948425222,0.87160313432603,0.179629102339062,0.715617883213644,-1.10511262664779,0.860948797971285,-1.46456749318133,-2.77088627704717,-2.2355125248789
0.568571157697613,0.606428177116391,0.283154764155492,0.868435173909698,-0.888615560917712,2.14499110912644,1.00714384751234,-1.14098238330415,-0.153438057406515,-1.06175338810404,3.51120603656683
-1.40902282299579,-0.363508357128866,0.433500024949464,-0.144001915232801,0.612345439989503,-0.122090034612308,-1.07864581955657,0.610132563507769,-0.0927016223421018,-0.819834918114825,-2.14355600191972
1.95818380614532,-0.550261998375455,0.801258580319874,0.142548758977553,0.147173922795381,0.00619277295157287,-0.387471618905042,-0.00832086462523507,-0.827865122596001,0.194375611433053,1.98770612244201
-1.71028267396787,1.06990795803738,-0.328737428617799,0.486924321194869,0.260079123907525,-0.0801567946452013,-1.32648171956332,-1.06934858990841,-2.48378395514719,-0.0743495929201338,-5.05206783130047
-1.35924325125902,-0.0532554155496726,0.115571702738137,-0.925359592067983,0.133667655351646,-0.572961066688855,-0.358748656183576,-0.794277345489196,-0.766046207707441,1.48782380726633,-3.11620638257683
0.356421862899835,0.606428177116391,-1.26648645897196,0.99867674941875,0.866992270944552,1.01092962897751,-0.28937413173731,0.08607091734767,-0.977261047245138,-0.669560346622153,0.380647569228986
0.339110202220371,0.606428177116391,-0.656682209814537,-0.118513572024615,-0.541264430548108,0.771247417110465,-0.0368470721287849,-1.10359531023042,1.46723651427091,-0.529977558764918,0.75543049574564
0.245524863224688,0.155478834682301,-0.869281729985485,0.533066786514892,-2.17833999057021,-0.612709263214322,0.0458198544541969,0.88696602172611,0.187786516890456,-0.0276728190817108,0.572001036746214
0.659971383071241,0.155478834682301,2.07603301003205,-0.23441447574846,0.309634376033923,1.09646264519551,0.3465653790766,-0.178169907508595,-0.253459629506427,1.42552169970296,7.05071849826662
0.102458284649587,0.155478834682301,-0.222838008202916,-1.19267720983659,0.918085158763839,-1.23366557595966,-0.158162775305787,-1.18327072813048,-0.739684902498828,0.955957189260235,-1.75776107299729
1.18415015552471,0.155478834682301,0.429311770255381,-1.28220810180399,0.563050566025232,0.0897239945826765,-0.623947971473424,-1.77606651941179,-0.178328775205143,-0.640282730447325,-1.11543016419547
1.18743340240462,0.606428177116391,-0.0506601392271734,-0.418863058862676,-0.565689474955307,0.715617883213644,-0.253514939377983,-1.0037117632275,0.208326737846225,-0.901319949624658,0.498744079696961
1.23298387437872,0.155478834682301,-0.295210249339213,-0.405235064237977,0.126249004508338,-2.26812978068164,0.431996171879368,-0.842832669381789,-0.264149148038164,-0.448145200702448,-0.924818564831046
-0.714155501780372,0.165869191082336,-0.232472664896157,1.03631134643169,0.612345439989503,-0.151686802302285,0.357459412708416,-0.600863827497427,-0.377928633021792,0.756955814580769,1.38521743990471
1.49652512239338,0.606428177116391,-1.71638216488806,1.77654470222332,0.396799578054917,-2.40678815236512,0.101289734214794,0.276754905724542,-1.55979719771686,1.24393693398414,0.736972722186548
0.659971383071241,0.606428177116391,1.92188766403485,1.02041697572878,1.08386420229572,2.14499110912644,-0.336978715360204,-0.244830847220521,1.18830680613128,-1.06729029921064,6.66786462793106
-1.7297527814986,-0.818936983205726,-0.140140917453024,1.90751169952111,0.260079123907525,1.88346798107974,1.72790428179845,-0.0954691956231332,0.829576265432813,2.03678268721709,5.84407684755318
0.659971383071241,0.155478834682301,-0.400404635728431,0.139458773111297,-0.0987419857934116,0.723037550774787,-0.712663664557812,0.348832348920834,-0.760158512559418,0.615063511314059,1.53450101020396
0.32371960971791,0.606428177116391,-0.623753447337783,2.12658096667359,0.983521245346786,-0.521559865571697,-0.264173832573105,0.0436612171963222,-1.63756763911045,2.70794008091802,4.37577774951906
-2.39360693262256,0.928428507908766,1.73105992145546,-0.486229970798461,-1.82682216056164,1.09646264519551,-0.852816369016556,-0.221338859951434,-0.101746245591056,1.03939667600597,1.18697213614767
-0.402591795757939,-0.327581339396693,0.887639319109829,0.871124641058793,0.00216896367695882,-0.405130860184215,1.25335039736194,0.284475994569472,-0.581982252920869,-1.46111633014998,0.234968643494154
-0.0955227742639504,0.155478834682301,-0.0553010621147654,1.22289949786546,-0.611617615730352,0.968897252992027,-0.948728425611789,-0.532835088765378,-0.11291190596839,-2.20687767592581,0.205416197185791
1.02681130356128,0.606428177116391,-0.120358298976342,-1.67757271127244,0.0417556926905452,-0.367394967721487,-0.998242429244169,-0.523283384509689,1.93146225655773,0.683103466247317,2.1500309019857
0.866732535929948,0.155478834682301,-0.793203655740548,-0.356542931988731,1.10045792987008,-1.87610892894057,-1.31536320424347,0.205646694132747,-0.380922463304676,0.534938430884388,-1.43123978958485
-0.110807599286466,0.606428177116391,-0.328737428617799,2.21408107776033,0.538940410673307,-0.826241548975972,1.3995171499248,-0.420622738676403,0.351489238579624,1.75008545034952,7.96347238741907
0.628190587717394,0.155478834682301,-0.995349194777874,0.480973078315684,-0.349055224181591,0.0272596369715794,-0.412763144236105,1.5599634572374,0.907822413879515,-1.29969392006095,1.07212183178939
-1.23565068471744,-0.145321184339368,-1.64392703710072,0.717405710341262,-1.19399205087421,1.08642127490829,-0.54257939426452,-1.04496024009515,-1.43188163233615,-0.0865487444302813,-4.46520110358821
0.46808255610724,0.155478834682301,-0.642138674350018,0.675044103980158,1.55636926311588,1.50685874547495,0.885571494079609,-0.132170220266501,-1.58727360765011,0.119362528919675,3.01305871335257
1.00521571241723,-0.550261998375455,-0.360508125875341,-1.50202108253944,-1.18020764788054,1.06304054203039,-1.07121738510024,-0.506009581775694,0.304939272567254,-1.00834956002759,-2.64616189195955
0.124644365464439,0.606428177116391,-1.20941786236367,0.138996987740306,-0.0119256589763893,-1.58038977639632,-0.688700143198615,0.31167330001853,0.674502998434613,1.01887510000403,-0.848515653020538
0.140536276098953,-0.550261998375455,0.156630730850039,-0.238504034648371,1.24524706851552,-0.160806823256951,-0.487489903469763,0.846167328983071,-1.0836068885008,-0.352175184627965,-1.54763502295489
1.04068449728839,0.155478834682301,-0.418131029440275,-0.988700999366272,1.12891768529397,-0.208541400613379,0.953386331349873,-0.99173006363627,-0.841509848550348,1.60213479320179,3.38057262855662
-0.416554497539569,0.769955074142947,-1.25711629866728,-0.134859533338491,0.340946840068693,0.404271504491573,1.08635930161951,-0.393399187191369,1.70296611127463,1.38354851776789,4.0335770011605
-0.0402560505126201,0.606428177116391,-1.49612539382578,1.05357178275319,-0.441872558406573,-1.47685947954541,0.405027842585076,0.167496916584008,-1.63756763911045,-0.386510843999588,-1.47891768552862
-1.08089969933186,-0.0817074335360279,0.504467481327612,1.87454184707363,-1.82682216056164,-0.305320514080229,0.423856853559229,1.43586004842451,-0.247118918079262,0.101827459226435,1.4354524926097
0.195650711181353,-0.550261998375455,0.156630730850039,0.0655669711301132,-0.545530079624735,-0.730364288912864,-0.210766845265604,-1.18327072813048,-0.0922238147796238,1.04629457818506,-1.01109566459399
1.84867761076941,0.155478834682301,0.186159366694234,-0.134859533338491,-0.984734369154562,-0.267198966079705,-0.111094676983597,0.0557340312902232,1.70738735494337,-1.51632038683104,1.65873100056695
-0.305847751832087,1.30294225785372,-1.59047898586066,0.32780375194067,-0.445887643254686,-1.08539492154454,-0.707099178448154,-1.57419369184168,-0.350559219396363,-0.369225944574141,-1.43599145280686
0.304229001685156,0.606428177116391,-0.623753447337783,0.868435173909698,0.0431411687419449,1.32085147379919,-1.69159736639412,0.486000706449221,0.4418534668128,-1.51632038683104,1.49788350253962
0.175483305270595,0.155478834682301,-1.0035322190744,-1.6294702490459,-0.741022775300012,1.0245329316678,-0.273465956643855,1.70540806546192,0.970933410632685,0.595949403842446,1.30125299500758
0.52735838193591,0.155478834682301,-0.988915732987869,-0.993419824739706,0.360500076976938,0.431700806854473,-0.658582493713419,-0.0316751289827334,-1.20354563799466,0.0755416541858969,-0.381935603091176
-0.663786364357858,0.522216842868709,-0.489884323657655,0.289059511335788,-0.860200204712737,0.0955353251034244,1.23957506771545,-0.669977159344416,0.85289563785217,0.306033493862366,1.91695583496369
-2.00684486866336,0.955711269700821,-0.320824935350367,-1.22273436283813,2.02214929711978,1.41815092533014,-0.544439341164918,-1.255211640585,-1.53013126448163,-0.684359930845336,-1.05372674077626
1.24730821442845,-0.550261998375455,-0.155181509087778,0.159286623929635,0.844540291684602,0.847248333438932,-0.376654352172653,-0.222888114746002,-0.293974696576913,0.447121714383427,2.43753748148723
-1.77651731450322,-0.697330361636114,1.38620272376835,1.90751169952111,2.02214929711978,0.990021781812077,-0.162823469612205,0.236629423201225,-0.350860458289218,-0.810428786987823,5.16455332271437
0.972213890925588,0.606428177116391,-0.259536900213332,-1.33609368859654,0.220546415775805,1.02388516519003,-0.76137178140931,-0.532835088765378,-0.152924088990846,-0.209383831531632,0.999575121099924
-0.402664012320708,-0.327581339396693,0.121380531131932,-0.688170188712636,-0.380772449656052,0.0688141407014379,-0.478942831803413,-0.420622738676403,-0.998904241250388,-0.615031749765643,-2.16185218870559
-0.31747132779669,-0.808855807068001,0.0590261679581465,-0.269515810490968,-0.759451857331929,-0.156434063971107,-1.2436054469853,1.06340538938647,-0.186525631770828,1.09566067964291,-1.21724600456218
-0.386678719011889,-0.327581339396693,-0.751910697604352,0.00651755520634865,0.654342854395727,-0.025618950235968,-1.07864581955657,-0.178745233286144,-1.42853195759827,1.40231495607979,-1.11543016419547
1.07287258381934,0.155478834682301,0.664844612404402,-0.123985746084579,-2.14511656598789,1.09646264519551,-1.13576652052187,-0.794277345489196,0.563984702790917,1.02782511957783,1.33335771031385
-0.0402560505126201,0.155478834682301,-1.85611165676269,-1.22273436283813,-0.310141386788195,-0.494889057048003,-0.250924832783915,0.791380804302563,0.187786516890456,1.09853209835022,-1.54260977900288
-0.814786516728031,0.242071518827606,0.767196120551576,-0.621503345031486,0.32296571969323,1.08976842699562,0.383743411857013,-0.221338859951434,2.16193285651685,-0.745516600043634,2.39049520369962
0.418869131284189,0.606428177116391,-0.762948261453086,0.311867547496087,-0.320834061515878,0.414342893829101,-0.508923624462488,0.100892757911909,0.291291717991102,1.41437281420928,1.04405594346511
-0.915003307529487,-0.692081034970991,-0.495050132382479,2.18671307340352,0.612345439989503,0.23668426862256,0.15406357342827,-0.0131574480940422,1.30021479561348,-1.06368298603605,0.981329761606212
-0.20534485405918,0.155478834682301,1.01722163551879,-0.904895970177987,-1.20466325234734,-0.305320514080229,-0.315859130272893,1.28542827925223,0.845586313060062,-0.148615433863267,3.10960758129644
-0.361332362691831,0.769955074142947,1.04913762539686,-0.15493669638958,0.0511294653625741,0.730843091284753,-0.28937413173731,0.255704336418399,0.956863985813,0.714030876387199,4.76163474522202
-1.67365794143075,-0.116130499384715,0.685796182250093,0.37636758412411,2.02214929711978,-1.04016891684291,-0.206717823703463,-0.922321723793968,-0.269000623769728,0.0275459494482369,-0.348401325319615
-1.7297527814986,-1.24780061641547,-1.14184524929898,0.0654788956083117,0.544620832302849,-0.229146068217723,-0.63482368470264,1.28259565413539,0.0439824277058369,-0.988999825452117,-2.14220748965035
0.230271869558489,0.606428177116391,0.0021578975875359,1.48819642831839,0.225343475268317,-1.23381096806542,-2.58941420409439,-0.151233257906167,-0.572900289573237,0.679872453269232,-0.418645141335713
0.565334510780728,-0.550261998375455,0.522987430112198,-0.767694419907281,-0.809573159628649,-0.364956313692588,1.5989912852511,-0.865288753785265,0.625420581605277,0.205308882643543,1.57260707554408
-1.49917669735887,0.775702736570668,-0.489884323657655,0.167754345424304,-1.82682216056164,-0.612709263214322,2.23227017059055,0.0900678283144967,-1.58298067652978,0.688611254070671,-0.841633926674927
-0.849839461595378,-0.00594599434589213,-0.0542550006008837,0.674982098020333,-1.10108098871516,-0.102706016786836,0.841756742245335,0.556768169326412,-0.422399374276336,0.634670851512135,1.90103097687872
2.14819815992899,-0.550261998375455,-0.67205258189126,0.189448750815993,1.75058265721951,-2.22189737171785,-0.0497113394389239,0.827806415754613,-0.777192788660622,0.172666602996648,2.03199429959734
-0.205151694529392,0.155478834682301,1.01722163551879,0.141809347969244,0.688148268383425,1.88495686308396,-0.0368470721287849,-0.717617177879453,1.3523712305053,-1.27673747584449,4.95150573468671
1.10780406327054,-0.550261998375455,0.697856414030344,0.752064989038617,1.38793366783798,-1.63024193872995,1.30559728279203,1.26353004120587,-0.0846597030809265,-2.04343956243747,2.98942175467913
-0.714155501780372,-1.33507076335119,0.19883063574711,0.0959009690426866,-0.676898457585848,0.0688141407014379,0.426655435432533,0.0500268113408362,1.34035377505239,0.551793723952414,2.08962339239284
-2.21064990045888,-0.726394974282901,1.2758350071806,-0.385714344403637,-1.82682216056164,2.14499110912644,-1.12124424123193,0.457922535372212,1.40889362396546,-1.11879320113403,-0.875662363022259
0.602664058133223,0.155478834682301,-0.995349194777874,0.86325358966718,-0.397336222584176,0.1860536776556,-0.28937413173731,0.665789439794627,-1.18502092188974,-0.841871355989936,-0.940950378890769
0.707321595843938,0.155478834682301,-0.471171318429769,2.07298575440164,-1.68155501468294,2.14499110912644,-1.12124424123193,-0.244034307341443,-0.590722209178469,0.494344131651336,1.86834432944201
-0.687344678627866,-0.495517169503022,0.121599698536502,0.110175320180134,0.380575072784325,0.494787658294625,0.56926905801978,-0.60633759634622,-0.931543185165112,-1.04658417160334,-2.4919944429865
2.47698486748394,-0.550261998375455,-1.07104973666121,-0.566406884803167,0.147173922795381,-1.23366557595966,-0.459918720332428,-0.502247411415509,0.845151824057359,1.75008545034952,0.909138588454659
1.18743340240462,0.155478834682301,-1.35616869118564,-0.683702850196838,-0.984734369154562,0.382264827019799,-0.0454746132219494,-0.0749245339148398,0.948475147234458,0.615063511314059,1.90103097687872
0.114089881005481,0.155478834682301,0.243494454769271,-1.14318104208462,-0.245709666572943,-1.83681420788399,-0.452142313492821,0.374742819156724,-1.55443529893191,0.208854754115328,-2.14220748965035
-0.253839273138639,0.155478834682301,-0.596909171267504,-0.546069538072826,1.57212292256062,0.946796037243964,-1.49754991604208,2.42005805708854,-0.230216620580465,-1.51632038683104,2.67103797860097
2.02851841541629,-0.550261998375455,-0.464463012179537,0.0153932829959767,0.147173922795381,-0.694564933461139,-0.289691994973686,0.590553032778108,0.481170942084283,0.625200790358944,3.41946390845642
-1.48839822597044,0.216636955318928,0.922329076441579,-0.546331184374682,2.02214929711978,1.27219911607592,0.293530839622399,-0.244830847220521,0.133804251539451,-1.75951337300717,1.04578511612649
-0.949771280496227,-1.39391893565537,0.37843141728439,0.0654788956083117,1.03312265387097,0.685168838365096,-1.3455213364231,-1.90214993401843,1.85928622490779,0.625200790358944,-1.68517304208373
0.459626527476055,-0.550261998375455,-0.350552949049986,0.321779114758338,-0.107200170955771,1.65262011191621,-1.58731101766288,-0.248037296285649,-0.00610082925673063,-0.0731093160583358,-0.848515653020538
-0.400725105297856,-0.327581339396693,0.121380531131932,0.387605231864136,-1.56958828315802,-0.267198966079705,0.34037360171523,-1.98698906618046,0.631817514090248,0.766061890082986,-1.10910469737339
0.181236677333189,0.155478834682301,0.391066741666562,0.0153932829959767,-0.922986867688022,-0.0531674025103778,-1.07121738510024,-0.549043522248657,-1.28037894951888,0.122571202019673,-1.46154266448087
-1.0480551688773,-0.788670488274769,0.466334626639572,1.51123678178044,0.538940410673307,0.716516520094072,-0.712663664557812,1.89140560664497,0.480629137811283,-0.70595286785652,3.43541544494292
-1.11097006640146,-1.19867707288742,-0.053858513411604,0.645673992915088,-0.659035533071165,0.723037550774787,-1.01032972811093,-0.468886182427185,-0.503916860907832,1.41437281420928,-1.8150135458427
-1.11613620864776,1.47626521737144,0.729683944598479,-0.293867982935342,-1.82682216056164,1.09646264519551,1.00714384751234,-1.05280291823472,-0.148524129484384,-1.29464378789908,-0.0569325648258534
1.14134513160841,0.606428177116391,-0.827032311343273,-1.50074871296228,0.852488736415489,1.14710390700523,1.0147811346179,0.599571050575307,0.571870079274216,0.755856023785601,5.76391979780878
0.140536276098953,-0.550261998375455,-0.188790652934719,0.78643326790415,0.461141584742586,0.806490005377917,0.247226595405564,-0.337821620225675,0.966563933991101,0.552053062155472,4.02716423696746
-0.402664012320708,0.769955074142947,0.731351078399716,-0.742593987329026,0.718663826568713,-0.654778607798867,-0.247325779214673,0.455990824595474,-2.28370139562945,1.03256650766338,1.5894404353422
1.24730821442845,0.606428177116391,2.20266227431843,-1.11052658694938,-0.669427157121622,1.09646264519551,-0.660693348773287,-0.284771020386794,0.387797248370545,-0.267214763649851,3.20616476732191
1.24730821442845,0.155478834682301,-0.704001325317497,1.66176836606582,1.27751503420423,-0.884879285718119,-0.335083171917474,-0.130664926901335,0.503998183495293,-0.551248290959861,3.39070465775652
0.301535117878329,0.155478834682301,-0.879396156749116,-0.498966026211573,0.521355831031561,0.697228735868041,-0.0382915954884371,-0.714024221336524,0.880993822277985,-0.671646821894448,-0.469012233908126
1.17198600334045,0.155478834682301,0.425261644101842,-0.238373147691415,0.852731740394867,1.05399622561991,-0.471591199839136,0.163990305382709,2.45913876621738,-0.569904467019578,6.86227595521167
0.388170015749431,0.155478834682301,1.22219339408359,-1.14318104208462,-1.74625912315223,2.14499110912644,-0.112410617597802,0.549970444658011,0.304939272567254,-0.683078772247139,0.148944692068088
-0.503921998205332,0.554081585261877,-0.341963315303966,0.364712920811225,0.32296571969323,-1.11990223127503,-0.559081132863008,-0.625850526787771,-1.31428498178146,0.364636418896444,-2.06870736782198
-0.768796200872527,0.30497196859171,-0.596909171267504,0.188561405579786,-0.713020735557176,-1.26318440298503,-0.776870113997438,0.488911915622497,-0.921542058853634,-0.199601627577045,-2.66304317663454
0.846301237246732,-0.550261998375455,-1.51717768500734,1.3440810605002,0.126918239876418,0.257902076773012,1.16950425331004,0.0269790779954233,0.24089560714645,-0.0731093160583358,3.64811955661831
-1.45796357728211,0.0962132109507312,0.781793865047862,0.983538595336201,2.02214929711978,0.775775315505224,-1.91178353658947,0.209756034383945,-2.29847779082633,2.48163517430961,3.04271328472409
0.432678247321876,0.155478834682301,-2.13481271318593,0.0696792353379708,0.396799578054917,-0.287304113875885,-0.299083204655804,-0.279857229654783,0.0218081873955809,0.263529435821676,0.633923828250061
-0.0681820817658032,0.606428177116391,0.533598752654804,-0.613241334051934,-2.66979373541215,-0.305320514080229,-1.00575325327195,0.156311297223506,-0.0106590397104188,-0.598850080312572,-2.14830730660396
-0.57546242001923,0.321856889257386,-1.50263103862835,-0.744831016516925,-1.51558952583784,0.93632060682025,0.091491653286367,-0.283091820438263,1.09804199375539,-0.683078772247139,-2.69272169198878
-2.59839730503,0.928428507908766,-0.222838008202916,-1.79569707783334,2.02214929711978,-1.0938241212848,-1.31536320424347,-0.694587870223791,-1.71337044121168,-1.36217558065622,-8.0578293946313
1.56997066010932,0.155478834682301,0.0470680757880745,0.717221725425198,-1.85603791920003,-0.305320514080229,0.422750752727097,-0.431795326707154,0.212642816045577,0.10799266180611,2.26214333327154
0.923778876579758,0.155478834682301,-0.405723418146332,-0.839265730588128,-1.31220075950397,-0.52332079226584,0.856170039530847,-2.32841139435523,-1.73483100900075,0.991502547303303,-3.57963052274012
0.279776627889736,-0.550261998375455,0.869759103538385,-0.634792377322367,-1.7734027144199,1.09646264519551,-1.69159736639412,-0.917226644903708,0.387797248370545,-0.565874354966289,-2.9553469954737
-1.40902282299579,-0.432697724204099,0.669954018613119,0.382941429819472,0.260079123907525,0.699163070926943,-0.158757302180141,-0.377772387669316,-1.39328380831824,1.70325583280057,0.0810936503558907
1.40776382682723,0.606428177116391,-0.190092683915647,0.493055238598815,0.0367618941784002,-0.315284021079272,-0.0394669600565887,0.313018986062842,-0.549018152860599,0.958661110013512,4.19083176851768
-0.167720690670518,-0.550261998375455,0.685796182250093,0.241752058400184,-2.5202003445395,1.09646264519551,-0.689198349515927,-0.0280704387253317,0.429067363599676,-1.72720764100502,-2.07060540128617
0.568571157697613,0.155478834682301,1.97941874487788,1.22379946180598,0.179629102339062,1.09646264519551,-0.620199669300871,-1.2144584321825,0.384654134237127,2.58941333255784,6.40007098153207
-0.439770633315264,2.8365774355977,1.32965199974135,-0.246853250434684,-1.82682216056164,-0.305320514080229,0.656220321438374,-0.423686548767462,0.43312848796455,-0.224315592591462,1.98770612244201
-1.32133160309655,-1.15985709369523,0.19883063574711,-0.709179445629197,0.95517605786465,-0.263019724058417,0.192695781532457,-0.974917741324707,-0.870124094579184,0.0310483370111266,-1.15824473198793
0.318733487405288,0.155478834682301,-0.879396156749116,0.511583497740353,-0.265671637935472,1.28690963089146,2.61408970103895,0.196652559689408,-0.161360158022871,-0.253457787357325,4.58079318743809
0.716308864625282,-0.550261998375455,0.938279904726109,-0.202780708941818,0.13187509005035,-0.437733766594425,0.816560546232935,0.626487326225671,-0.824958735155411,-0.529977558764918,0.60000245115437
-0.390112655041761,-0.327581339396693,-0.751910697604352,-0.311116071904156,-0.923065357494059,-0.613084794961792,1.00021888907072,0.98975967822732,0.973338693039257,0.714030876387199,3.54399111029083
-1.32550340229933,-0.150676640595373,0.9513979598963,0.73241248873375,2.02214929711978,-0.53639123821371,0.531657649946704,-1.02682077964129,-1.20691781226272,1.4007228930432,2.08518746222433
1.54916800774221,0.155478834682301,-0.133054964361169,1.48819642831839,0.473856211904425,1.05731785905402,0.264360272188028,-0.87048149448192,0.82610054567405,2.21211567469263,7.1018310152934
0.116394761984188,0.155478834682301,0.111151901510299,-1.63235325288988,-0.0987419857934116,-1.04445966372092,-1.96473686528797,0.167496916584008,1.32700746867211,0.205968086510856,-1.00168740632821
-1.82704481831053,-0.613786008903137,1.34883124753268,1.0949700767643,0.260079123907525,0.0907945537297991,0.258048491916935,0.241658005299251,0.153622943040769,-1.10894246264425,-1.00372145606935
0.339361797919429,0.155478834682301,-1.24218033613952,-0.599010878090644,0.271371076275728,-0.025618950235968,0.808235323272179,0.0826023263904169,-0.425687167797772,-0.615031749765643,-0.915979568366887
-0.383379113837694,0.769955074142947,1.04913762539686,-0.988700999366272,1.30589493172239,0.677700008574393,-0.768419185232022,-0.377772387669316,0.192801531945237,-0.448145200702448,0.693813839600419
0.140536276098953,-0.550261998375455,-0.188790652934719,1.56794849553806,-1.14788051959,-0.740512910173951,0.638348525682077,0.869661457014999,1.70296611127463,-1.10909059292338,2.81910676238563
-0.102569112042774,0.606428177116391,-0.869930886230336,0.385792942894457,0.513660275139542,-0.169545814598356,0.816832812270446,0.421832321490073,0.601907627351003,-0.692788644433026,2.76992809282398
-0.866765783215941,1.2481515526756,0.405935296301284,0.677362949977367,-1.82682216056164,-0.305320514080229,-0.756167791665074,-1.37712071080484,1.17082007492417,0.958661110013512,-0.617583302866854
-0.470400673904003,0.142669380302295,-0.559379169858388,0.212252303154594,-1.44123574659886,1.28138008864535,0.5251926957447,-0.544095724957588,0.152889632162188,-0.109856261064078,0.351346371415036
-2.21064990045888,-0.726394974282901,0.659059713665429,-0.406243600824053,-1.82682216056164,-0.267198966079705,0.651214906904776,0.914345520128243,0.963323363730034,0.494344131651336,-0.746763893610647
0.79747383469203,0.606428177116391,-0.700314729972904,-0.619424740056797,0.317489795937419,-0.350226720797931,0.68276500746772,-0.131843705962127,-1.58727360765011,0.0220484257810051,-0.555868132641391
0.747449516961843,0.155478834682301,-0.320824935350367,2.07298575440164,0.289121397277122,0.233345203306933,-1.90510301593049,0.450789190774074,0.143714934778961,0.247669171641267,1.62302639663556
0.175471147622785,0.606428177116391,0.731351078399716,1.17325557696121,-0.304468600615738,-0.112127276068972,0.820891563876165,0.853262907574505,-0.739354375253838,-0.352175184627965,2.27625006243859
1.2350915907376,0.155478834682301,-1.66144285994573,0.918677525290489,1.55329415003326,-1.0938241212848,0.992375455294072,-0.0545805456767094,-1.42338090075921,0.869527785391529,0.572611231136735
-1.35222769451961,-0.76815703135339,1.34883124753268,-0.795333748490138,-0.405664998148348,-0.165474135268257,-0.389813602158348,2.00206558392196,-1.71967716112128,-0.529977558764918,-2.94103489469455
-0.42009753129058,0.344812997772024,-0.217890864469422,-0.137307124873733,0.340946840068693,0.043963753279875,-0.707446008357474,-0.917226644903708,0.50041754530431,-1.1078961001805,-2.08427817823759
0.0487236915960656,0.606428177116391,1.01538178224574,0.486924321194869,0.718663826568713,-0.723434565877925,-0.398270889573285,1.29577139976453,0.346006598572424,-1.0695511439507,3.71492734367746
-0.437178224824098,2.8365774355977,-2.49339301034095,-1.54629304487839,0.133667655351646,-0.00718152477015576,1.00439244455956,0.911561098882745,-1.27021794407663,-0.295298369576764,0.871216349628243
1.02681130356128,0.606428177116391,-0.141357563199642,-1.67757271127244,-0.276965397209333,0.51173428732373,-0.478942831803413,1.43586004842451,1.16676058591922,0.746268813613241,4.31556797800676
-1.08089969933186,-0.825174323016951,-0.935386224966137,0.322498063696969,-1.46189542299517,-2.26812978068164,-0.397985615164407,0.205646694132747,0.163259429409476,0.5384038188475,-3.9234296624251
1.72115482234345,-0.550261998375455,-0.890919500329413,0.000949562235867306,0.147173922795381,1.40599484265419,-1.32648171956332,1.30652324494865,1.16676058591922,0.773263246484088,4.48266853381767
-0.416586329753084,0.344812997772024,-1.53289038694383,0.983826894522122,0.516396108742578,-1.37382143310762,-0.358748656183576,-0.750312103009676,-1.05749339118741,-0.598850080312572,-2.00072325307288
-0.00687649792850574,0.155478834682301,1.3549892561789,0.142548758977553,0.179629102339062,-0.112127276068972,0.185468641496172,-0.839830569785811,-1.29715991001439,-1.20476992347943,-0.418645141335713
-0.663478346477206,0.522216842868709,2.07603301003205,1.85545698268577,0.260079123907525,2.14499110912644,-0.852816369016556,0.377248416171882,0.201943118725227,-0.810428786987823,4.23996514827407
0.320043870688293,0.606428177116391,-0.623753447337783,-0.314893421327503,0.23752836958756,0.658856983152879,-0.878226915297512,0.992143999634188,0.351073860142113,1.48472278890383,4.08135266541743
-0.760967247152726,0.467558449432299,1.73105992145546,-0.17073160471125,2.02214929711978,-1.39694988381733,-0.0672100381084419,-1.89211390622857,0.314328107642067,0.784815904505886,0.953773929974339
1.09625545618767,0.155478834682301,-1.57845496753726,0.0206788466923915,0.959701894685024,-0.511198611626191,-0.449974099281234,-0.686278002558338,-0.442814618327125,0.32233817454266,1.11599768424683
0.114679342476655,0.155478834682301,0.243494454769271,-1.57030585855319,0.877410043375607,0.23668426862256,0.949170991653061,1.93022923740948,-1.09512413329138,0.889363975513252,3.57324043077066
0.834043866229115,0.606428177116391,0.868000710757495,-0.484504802863665,-0.329582225118691,2.14499110912644,-0.948728425611789,0.820198069292041,0.563984702790917,-1.72698931653408,2.6480528559325
-0.821479912815379,-0.157312744403375,-0.191439905661782,-0.975006131532489,-0.164806575411008,-1.08539492154454,-1.59871609238669,1.62456428598023,-0.688689264877014,0.0769565787729061,-3.27037937415614
-0.390112655041761,-0.808855807068001,0.0815625477813964,0.873693508153421,-1.43783033198487,0.535184380697711,1.30651415100193,-1.86314938389681,-0.80077755709321,-0.648023557966029,-2.91550262404305
-0.802907188972268,1.15017284410338,-0.327082163429725,1.14845419743,-1.82682216056164,-0.305320514080229,-0.0456343759085469,-0.305936665353819,-0.437520157225016,0.326687732531043,-0.684575152427279
1.7005641482876,-0.550261998375455,-0.890919500329413,1.85545698268577,1.74164630375065,1.02917081615252,-0.298443517414211,0.481152661238904,1.23768706783286,-1.10909059292338,5.30273756014463
-0.60320098201987,-0.00104604819562516,-0.311288388351638,-0.791751847995558,0.447779317308877,-0.357249267728642,-0.26963752782161,0.974729946430568,-1.15813692995989,0.766061890082986,0.0833809150409725
0.659971383071241,-0.550261998375455,-0.0652932892532381,0.222164563966651,-1.30355636642647,-0.723434565877925,-0.17142305835375,0.88696602172611,0.845151824057359,-0.88369350158915,1.69346568491045
-1.00974764823431,-2.03108958527817,1.26354704758255,0.720166189838831,-0.592803000198621,-1.37509147780887,-1.42729377377583,-0.328871889126315,0.43312848796455,-0.221846619446937,-4.62441558013653
0.140536276098953,-0.550261998375455,-0.188790652934719,1.56794849553806,-1.14788051959,1.31316692827291,0.855519628297921,-1.72568266737397,1.34035377505239,1.39291322772847,4.02822179061494
-0.32630599115439,-0.808855807068001,1.35654211166369,0.714426799326902,-0.231615361368451,-0.267198966079705,-1.2436054469853,-0.0304231268773076,1.28634160700962,0.581814160315392,1.65873100056695
0.230271869558489,0.155478834682301,-0.217890864469422,0.139034478756775,-1.08305427245403,-1.37509147780887,0.457428283450565,1.56738861821942,-1.58112105789537,0.779191637650195,-0.490873226920305
0.358997236444323,-0.550261998375455,0.887639319109829,0.721239051219577,-0.259340151570515,0.535184380697711,-0.712663664557812,-0.52045743248289,0.279281108085196,-0.718555848013149,0.0175732383146927
-1.67365794143075,-0.116130499384715,1.77283223482028,0.445516080971866,0.260079123907525,-0.361816656477756,1.55333956606799,0.863824432409374,0.827631737278233,-0.325236561996054,4.02290639636862
-1.49917669735887,-0.253119505197811,0.809048355755223,-0.561907492591843,-1.82682216056164,2.14499110912644,1.00714384751234,-0.244830847220521,0.429067363599676,0.675209409224993,0.901763494658817
-0.0956451476174826,-0.550261998375455,-2.6349233276842,-1.17955500530273,0.470712948097493,-0.389757239641316,-0.909505155345619,-0.469407740810111,0.188708639623244,0.250490898617345,-2.07190843868359
-0.919638335168954,0.547253563027529,-0.982831656098859,0.752569980443889,-1.82682216056164,0.814737243869326,1.00714384751234,1.92349936232825,1.19047882297986,0.121532071775463,3.37669870925616
-0.29824756458151,1.30294225785372,-0.496770802381256,-0.138077034182755,-1.19399205087421,-0.268586199484041,0.417088769620252,1.54052282114976,1.23768706783286,-0.576725936699014,4.34035638261097
1.34566253218392,-0.550261998375455,0.303326473448311,0.871781897459285,-0.745973049810281,0.543902136137848,1.74747537453248,0.508237220878925,1.37842445047033,1.59123627659275,7.1018310152934
-1.67365794143075,-0.253963450330341,-0.410022267230667,-0.35014011681488,0.0507760569898935,-0.433238915058557,-0.496451090436329,0.772795414924068,-0.273589910403955,0.0275459494482369,-2.0818495118472
0.677822972295361,0.155478834682301,-0.400404635728431,0.139458773111297,-0.714025183088778,0.129919063041199,0.260128362217815,-0.372794999874931,-1.82404589980919,-0.648023557966029,-2.4058161550501
1.68138958888351,-0.550261998375455,-0.739089603862645,-1.79569707783334,0.147173922795381,-0.505363064359481,0.919604556235513,0.156311297223506,-0.827865122596001,-0.158069118444868,-1.46285674467258
-0.470400673904003,-0.541982630920173,0.87802481972792,0.258589535601072,-0.36545378515231,0.185478567327079,-1.66064352056208,-0.691047239384403,-0.923616192111951,-1.78952913588903,-4.32925460770195
-0.0104996994556268,0.155478834682301,1.3549892561789,1.73778457615161,-1.10108098871516,-0.305320514080229,0.203415554870613,0.537157203067697,-1.71688434510159,1.48164139057743,1.48572127847927
1.40776382682723,-0.550261998375455,1.72220230317568,-0.863388042507552,1.74164630375065,0.704988446453299,-1.96473686528797,0.88653489532273,0.429067363599676,0.53192501090448,7.49081585440742
-1.64056300390814,1.58854351863564,-1.14167211919549,1.07865711160571,0.260079123907525,2.38097619670047,-0.689198349515927,-0.707455108001395,-2.07684071334659,-1.06766121358195,-2.16972267286435
1.71547659746722,0.155478834682301,-1.25711629866728,-0.157270038208145,0.147173922795381,0.25209605773296,0.405027842585076,0.0436612171963222,0.481170942084283,0.289656535121981,2.93113045643264
-1.60697235934722,0.982620030670631,-1.66144285994573,0.527356757800173,-1.82682216056164,1.05696740577974,1.00714384751234,-0.0936677506985826,-1.37358481088311,-0.741747586787665,-1.15824473198793
-0.047094866870131,0.155478834682301,-1.85611165676269,-1.22273436283813,-0.310141386788195,1.18364801112924,-1.86692948488317,-0.769700700652035,0.405583469284514,0.325233659351608,-2.16185218870559
-1.64056300390814,0.544438336069002,1.68669362181768,-0.245330341485595,-1.82682216056164,2.14499110912644,-1.12124424123193,-0.32081379926042,0.429067363599676,0.462021944680986,2.10708354200829
-0.435003280851303,0.369362339414618,-1.24218033613952,-0.164397060657029,0.85732591900123,1.18364801112924,1.49250353311586,-0.699033780374762,-1.53013126448163,-0.912126552162822,-0.486900919819808
-0.147596906485134,1.30294225785372,-0.855963898347156,0.0727144917234434,0.718663826568713,0.988265788122206,0.701825698302643,-0.549741511541127,-0.47312422008076,0.182593303271834,1.39748460844059
-1.75681367421575,0.314701638761302,-0.155181509087778,0.689690405079108,-1.82682216056164,-0.112127276068972,0.302888948237782,-0.52045743248289,0.961308313929295,-0.00498225560471776,-2.13325026944891
-1.38436204841619,-0.517170746216239,0.0590261679581465,0.541049100628611,0.538940410673307,-1.63872736351119,-1.96473686528797,0.590553032778108,0.523244394175696,0.581814160315392,-3.10908729574154
0.181236677333189,0.155478834682301,0.391066741666562,-0.23441447574846,-0.705632352610731,-0.0992564517336374,-0.70206360204331,0.638665825662532,-1.97999180962609,1.12696775348585,-0.822864828727494
0.747449516961843,0.606428177116391,0.548342870926246,-3.40402012662956,1.25957847910349,-2.26010297946959,-0.199920107471562,1.03525453882248,0.247428627896725,1.07938464042171,0.328904251184078
-0.607589409714216,-0.00104604819562516,0.303326473448311,-0.863388042507552,1.12384248678388,-0.894104581778743,0.0465024680787921,1.89921752424103,-1.13620997637975,0.714923647923884,0.380647569228986
-0.158357248996878,-0.550261998375455,-0.100092970290711,0.535605298060706,-1.01006719378794,-0.529009860544596,-2.09180696315395,-0.755790363416846,-0.17370982214737,0.366702318715185,-3.25344258467548
0.0403738596497136,0.606428177116391,-0.788634946822854,0.457251999693155,-0.263033536617546,0.965472606270631,-0.491178814132175,-0.292499436271047,0.706597118146216,-0.352175184627965,2.56582660514728
0.433793635980104,0.155478834682301,-1.12001159783686,-1.39369125492892,1.69268780564392,-0.186259081245052,-0.412489296375418,0.274238151313651,-0.347821861106161,-1.12073603529839,-1.47398275270061
0.244792175018062,0.606428177116391,0.176853138462277,0.0206788466923915,0.447779317308877,0.16719731941182,-0.866450599447056,-1.32969146339209,-0.0922238147796238,0.249533544941757,0.999575121099924
0.220594309013566,0.155478834682301,-0.217890864469422,0.579939694612732,-1.59581464464911,-0.112127276068972,0.0458198544541969,-0.0812031954604874,-2.59446679530177,0.390591190933524,-1.05372674077626
0.164402995254939,0.155478834682301,0.391066741666562,-1.57030585855319,1.82423820298152,-1.30854534938502,-0.199920107471562,-1.0142698512433,0.625118572701656,-0.457554360108929,0.0116810123833612
-0.215952689228248,1.30294225785372,0.999496093040539,0.300145664722737,-1.82682216056164,2.14499110912644,-0.689198349515927,-1.91111463078744,1.30501370517171,-1.36985405252456,1.46950900880652
-0.383379113837694,-0.327581339396693,0.887639319109829,-0.318676906331671,2.27736018213703,0.685168838365096,-0.487489903469763,-0.313765557243951,-0.665341085978612,-0.946812301885994,0.466753119500982
0.831707487670844,0.155478834682301,-0.0651514382552366,2.07298575440164,-1.14788051959,1.09646264519551,1.00714384751234,0.771501431528268,-0.0915877122850831,0.345826196736634,6.86227595521167
-0.589945594790001,1.70176174850268,1.01666970772929,-0.945423369419079,-1.82682216056164,-0.305320514080229,2.23227017059055,-0.438250311832714,-1.43188163233615,0.0215586609855141,0.355316348001318
0.677822972295361,0.155478834682301,-0.400404635728431,-0.993419824739706,0.387234743821798,0.512171099947816,0.797178907584831,1.71927106862153,-1.55336268856885,0.0178883592349749,2.45740838223037
0.413443460857726,0.606428177116391,1.9269485597672,1.30234489787892,-0.860200204712737,-0.305320514080229,0.875107914533624,-0.168170631369349,-2.16303653077588,0.488485458182537,2.8480163377927
2.75416506991229,-0.550261998375455,-0.879396156749116,-0.161791692271071,-1.18020764788054,0.212640050996502,1.98489619806407,-0.447583453727544,-0.586994620490299,-0.233393990072555,1.91550582027666
0.0313726754087405,0.155478834682301,-1.07104973666121,-0.158965445920759,0.0889476510843097,-0.49965421395571,-1.64347214402204,-1.52991578198713,0.315639737714422,-1.70711708762878,-4.24531604458623
0.628033956444601,0.155478834682301,-0.489884323657655,0.139458773111297,-0.349055224181591,0.0953462156337018,0.990891360297427,0.348832348920834,-1.08642799879266,-0.976301348515252,0.0773408739781084
0.459283571994678,0.606428177116391,0.591267508112366,-1.83150121590323,-0.555050939093323,0.0907945537297991,-0.0551024965627673,-0.0890101728970343,-1.78527283000119,0.217215657488521,-1.8150135458427
-0.649650360564726,-0.0847888097052552,-0.781387222891008,0.378051863886445,0.340946840068693,-0.264436941068816,0.290214891626887,0.476925462692715,-1.31639745143082,2.01309938624476,0.770505176513777
-1.12138796567675,-0.0612438835094271,0.522987430112198,-1.13563669446026,0.284578887265782,-0.00117340547859818,0.28391876131879,1.40901098424123,-2.59446679530177,1.18780803363772,-0.809634551506045
0.506851598152877,0.155478834682301,-1.59290955227933,0.948562857892091,0.803457353725347,0.227658910844594,-1.2436054469853,1.19727615502396,-0.0322232693235394,1.0919530787125,2.05469297732872
-0.400725105297856,-0.808855807068001,1.40447968602819,0.996091501239237,0.544620832302849,-0.247699053492374,-0.658582493713419,-1.17236054167898,-2.28370139562945,1.48742411639499,-1.72886292945748
0.279776627889736,0.155478834682301,-0.879396156749116,-0.255728614556646,0.324593147213878,-0.264436941068816,-1.30849923792868,-1.18327072813048,-0.085119279972784,-1.40486631112654,-5.10504783074668
-1.49917669735887,0.775702736570668,2.07603301003205,0.840456467354726,2.02214929711978,0.814737243869326,0.583306785299119,-0.0174756262562388,-1.62688731545862,-0.180941986884698,6.19533209520178
-0.463980545673585,-0.541982630920173,0.87802481972792,-0.35014011681488,1.12220668638951,1.06624091758786,0.643200030932542,-1.14906940904469,0.780970558162854,0.339893635780298,4.34374391949409
0.0706553459304007,-0.550261998375455,-1.62644566444369,-1.91268688259775,-1.8776255653216,-0.922111125595623,0.619302810412629,-0.868091307596514,0.759553484768534,-0.595750265910351,-7.61680738626337
-0.111659638988753,-0.550261998375455,1.29501384579766,-1.11521983106622,0.969343392139945,-0.0827702932790051,-0.684097257094354,0.88653489532273,0.389970618610099,-0.602081915914556,1.05651284640649
-0.687349127713343,-0.597637619355199,0.852586941854721,-0.154148855306032,1.70318046328114,-0.129956153795521,0.21380830052671,0.564022052847158,1.88054189930894,-1.00031227694625,5.16455332271437
0.272884358469859,-0.550261998375455,-1.64392703710072,-2.81177667463229,-1.18020764788054,1.02917081615252,0.491546407140095,0.421832321490073,0.563984702790917,-0.323448220706496,-1.81929084285507
0.279776627889736,0.155478834682301,1.73105992145546,-0.0644658530784948,-0.439640920827675,1.09646264519551,0.263976820272405,0.863824432409374,-0.586994620490299,0.66385938000851,3.49872453045646
0.72762700473125,-0.550261998375455,0.201080971145754,-1.34864946298401,-0.46855918647347,0.201108682302382,-0.866454088269163,1.00992631924025,0.970933410632685,-0.0920171342958779,-1.37600320439021
0.659664898467307,0.606428177116391,0.247774700736528,-3.40402012662956,0.478555245543485,-0.346625778917054,-2.01413200138896,0.624416416624016,-1.58501447803003,0.861747377073368,-2.64616189195955
0.0487236915960656,-0.550261998375455,0.9513979598963,0.594427405545733,1.64291134020227,-0.985305195318152,0.536352145087656,1.26010372325053,-0.21438561179281,-0.810428786987823,4.34264422548
1.04068449728839,0.155478834682301,1.17979891954389,0.0870727461688949,-1.13832740402936,-0.305320514080229,1.65814026882528,-1.25580450512948,0.192801531945237,0.371031650536578,2.43753748148723
0.0948743830687584,0.606428177116391,0.862584040651206,-0.315812090970481,-1.32046772449443,2.14499110912644,-0.689198349515927,0.196652559689408,0.304939272567254,-1.60685419254194,1.49788350253962
-0.435003280851303,1.16057170685114,0.126178472352502,-0.27889757191619,0.455768538010819,-0.521245425735438,-1.52513825761259,-0.777541475491908,-0.739354375253838,0.176880207543794,0.370312289274364
-1.34583119293919,0.136488668866039,1.1209238169298,-0.600010724673178,0.260079123907525,-0.529009860544596,-1.51682051045594,0.62697839765126,-0.085119279972784,1.28567097256554,-0.420917212092875
-0.0271081934558512,0.155478834682301,1.3549892561789,-1.05629058056512,-1.31773776389106,1.09646264519551,0.203415554870613,-1.2144584321825,1.16676058591922,1.13902970521001,1.84394687570167
-0.134485905456559,-0.550261998375455,-2.6349233276842,-0.406078756762151,-0.809573159628649,-1.70040843272692,1.06035180141772,0.683545363939582,-0.21438561179281,1.07414992639032,-2.07060540128617
0.824282893074431,0.155478834682301,-0.301912919001065,0.480973078315684,-0.192469184436091,-1.83681420788399,0.877981711066817,-0.550953471744661,-0.387542057321399,-0.543184416409201,-0.962787880893778
-1.03960904218117,1.73307628457455,2.10911058238368,1.07865711160571,0.260079123907525,1.09646264519551,-1.03373969507096,-0.382415472280643,0.177953931330738,1.51878381887659,5.30273756014463
1.257722172073,0.155478834682301,-0.704001325317497,0.6903557346943,1.89697380168808,1.02917081615252,0.975714760930311,-1.82115152598176,0.216788453549377,-1.36985405252456,3.77113306383381
-0.386227317190623,-0.327581339396693,0.887639319109829,-0.304895659235666,-0.281061239366414,-1.37509147780887,-0.289691994973686,0.00914382696682781,-0.411969771666605,0.958661110013512,-0.231446805372263
-1.35924325125902,-1.42634995011758,0.580338963058536,-0.0556957554191458,-0.659035533071165,-2.17631235573001,-0.248203509073169,-0.433303645212422,-0.228731218612926,0.235180098481221,-3.9234296624251
-0.841893906060528,-0.636604687332895,1.09701766872539,0.525401270504323,0.329844398991798,0.798739079784638,2.74726195348182,-0.707455108001395,0.373481541925303,2.02558502258363,5.84407684755318
0.140536276098953,0.606428177116391,-1.25711629866728,-0.381130261647003,0.499880864991153,0.344607766887767,-0.17154102682296,0.439870496104016,0.00480335887618739,-1.40486631112654,-1.72886292945748
-0.555952539891888,0.407202621358854,-1.24218033613952,0.752569980443889,0.327241816385943,-0.745515467506758,0.575452011589997,-0.777541475491908,-0.631227856786091,1.45874212654452,1.23750746355705
0.304229001685156,0.155478834682301,-0.879396156749116,-0.255728614556646,-1.82330626322151,1.1023451912893,0.656220321438374,-0.854735862109911,0.78651227284525,-0.506303601878695,0.404725877726434
0.0523776442357133,-0.550261998375455,-1.62644566444369,-0.107170956951087,-1.03168249386149,-1.70067079039446,-0.734842471654816,0.827806415754613,-1.25903252640595,0.289656535121981,-3.89348253680926
1.18938226113852,0.155478834682301,0.425261644101842,-1.28220810180399,1.19028867254384,-1.26677443744978,1.4654212071368,1.97828913001789,-1.28542927026913,0.46812160260389,3.24983427442332
-0.367487349568341,0.769955074142947,1.04913762539686,-0.15493669638958,-0.860200204712737,-0.305320514080229,0.617230392912266,-0.0797171779123625,0.846996116648831,-0.199601627577045,1.86834432944201
1.18415015552471,0.606428177116391,-0.0506601392271734,-0.150473686250658,-0.713601223307343,0.185478567327079,-0.927621279493401,-2.09718511890766,-1.11034689585977,-0.871754960406487,-3.27037937415614
0.0936615250433742,0.606428177116391,-1.9977407814576,-0.47960105128912,0.975023779334498,-0.617305911853769,1.07945684964304,-1.41740866823094,-1.31428498178146,-0.144906181930744,-4.98851867097617
0.0339754855268754,0.155478834682301,0.765505054009265,-0.156850398442012,-0.00556569525051296,-0.247699053492374,0.541244238455084,-1.3126767902343,0.0091062925441932,0.07529746861918,0.987019708486172
-0.0955227742639504,0.155478834682301,-0.310631076942342,-0.712448246034911,-1.10799381458966,0.701396752450679,-0.377658221512435,-0.52045743248289,0.571870079274216,0.0984036141938148,-0.990544266149142
1.7005641482876,0.155478834682301,-1.20941786236367,-0.446497123688928,-1.18020764788054,0.915172555930537,-0.162903487075317,-0.175865638357756,0.970933410632685,-0.435467329695863,0.75543049574564
0.79747383469203,0.606428177116391,-0.700314729972904,-0.619424740056797,0.317489795937419,0.719469474402968,-0.17142305835375,2.65568201571351,-0.874150902212517,-1.23548593153963,4.16860708827831
0.153365784730836,0.606428177116391,1.2484055380981,-0.988700999366272,1.12220668638951,-0.567839833980749,0.953386331349873,0.560910530710148,0.622647676900808,-1.49832537990291,3.43541544494292
-0.00687649792850574,-0.550261998375455,1.22340316174916,-1.15539742079282,-0.656914282241071,-0.612709263214322,0.287390423335222,1.28259565413539,-0.453884982562462,-1.22744453819566,-0.969479727183691
0.824282893074431,0.155478834682301,-0.301912919001065,0.480973078315684,-0.0396240852366334,0.678047525397216,-1.06661220141111,1.55624651171967,1.40791076607321,0.247669171641267,4.29903729550603
1.17198600334045,0.606428177116391,1.07516152612585,0.279146408109245,0.371558204547802,0.730843091284753,0.383743411857013,-1.64613419650269,-1.73483100900075,0.508732633727469,0.572611231136735
-2.22632284375584,-0.11921265742692,-0.317346137023629,-0.561907492591843,0.260079123907525,-0.49965421395571,0.28391876131879,2.20137989317188,0.550732427196343,0.0441848841338476,-0.546455253645774
-0.0402560505126201,0.606428177116391,-1.35194887640019,-0.973547034499095,-0.668987195063085,0.392513547483585,0.324273235654504,0.348832348920834,0.481170942084283,-0.409535829130009,1.90772622330925
0.981441652287457,0.606428177116391,-1.55569445079634,1.45974232402508,0.92633593546206,0.748449095582372,0.807477523942972,0.331422357421337,0.153622943040769,0.235180098481221,6.58341835253424
1.67894320633404,0.155478834682301,0.649165851760774,-1.56235397679573,-1.18020764788054,-0.112127276068972,-0.707446008357474,-1.18327072813048,1.40889362396546,-0.064405960661814,0.0263780625770061
-0.655680762504928,-0.0847888097052552,-1.79031179960345,-2.98853965953011,-1.77446992225263,-0.0425715979304866,-0.707446008357474,-0.174538776324377,1.30501370517171,0.0755416541858969,-4.44359201501313
-0.463980545673585,-0.541982630920173,0.00439144997366657,0.101610813776133,0.549072161922855,-0.53639123821371,0.78938443705651,-1.32969146339209,1.96277723510309,-0.576725936699014,0.716220529713763
0.827531932316219,-0.550261998375455,-1.51717768500734,0.48454908315035,-1.17633910396834,0.658856983152879,-1.58731101766288,-1.36461527848249,0.845586313060062,1.48472278890383,0.207690684439208
-0.372796878684489,-0.808855807068001,1.35654211166369,-0.0467039163140967,-0.950714100764571,1.09646264519551,-1.58731101766288,0.553413108734474,1.16676058591922,-1.26033538062732,1.06520872472388
0.160132603529719,0.155478834682301,0.391066741666562,0.0153932829959767,-0.489155520758139,-0.723434565877925,-0.300552920714526,-0.964352737948684,-0.999512537079024,-0.337039819866524,-0.876790331697274
-3.1282723901905,0.928428507908766,-1.20890032441207,0.853927485730609,0.260079123907525,2.70694397649344,-1.12124424123193,-1.07691556100676,-2.19330255569637,-1.60899893469276,-4.59387998976356
1.99476242530029,-0.550261998375455,-0.464463012179537,-0.0312688619201398,0.147173922795381,-0.783720871242149,1.07945684964304,2.40620317835719,-0.953331951574283,-0.576725936699014,3.44225620439609
0.175483305270595,0.155478834682301,-0.911475058637859,-1.12094407262836,-0.477197634529139,-0.53639123821371,-1.19809187402366,-0.347620366966762,0.600733186044295,0.0672343177350371,-3.85624751577672
0.0924612197418932,0.606428177116391,0.649165851760774,0.359169609196818,-0.898451878593996,1.09646264519551,0.0351015552380368,0.642536898573785,-0.874150902212517,-2.55894347113774,1.63158947655949
-0.933374058323722,-0.495569661876502,0.805279031511725,-0.84105796259336,-0.296011173950668,0.116725344137167,0.0514370022170424,-2.05077070893198,0.192801531945237,0.180516821707072,-1.41136307496239
0.322874616693083,-0.550261998375455,0.869759103538385,-0.984666000429518,0.670380480289123,-1.81181585616248,0.18285683892914,-0.923866545703059,0.492568968946456,0.474483846845496,0.254192664989529
-0.259445009027011,-0.550261998375455,0.973201948425222,-0.770982378470253,-0.925625524418299,2.27276374263097,1.8311872252819,1.14962027340239,0.563984702790917,-0.792325613178588,4.48239797003425
0.690396614171686,0.606428177116391,1.09369259896791,0.19982428736578,0.249808147906052,2.14499110912644,0.71828203187431,-1.98915636426893,1.19661778714652,0.465256429605801,7.96347238741907
-1.40902282299579,0.448225213092754,0.044846109920945,0.37831263383611,2.02214929711978,-1.14228703998874,-0.498156431082775,0.846167328983071,-0.307545429511471,0.552053062155472,1.30125299500758
-0.00365050634328635,0.155478834682301,1.3549892561789,0.142548758977553,0.675760679240374,1.31316692827291,-1.09404606527896,-2.15678603099385,-0.00659012861995221,-0.792325613178588,1.41351552526877
-0.702831949318167,0.481900109394074,-2.13481271318593,-0.665106564754155,0.609696260153451,-0.186259081245052,-0.295065992174071,-0.816120070520229,0.5010422985371,0.404425760644474,-2.71100167303137
0.272884358469859,0.606428177116391,0.176853138462277,-0.683702850196838,-1.23818098788838,0.730843091284753,1.50882173719855,-1.17562300419339,-0.24961730208544,0.762553602570989,2.11546184034951
0.658403762240391,0.155478834682301,-0.135419754902805,-0.599010878090644,0.572486188412909,-0.888533673897407,1.58916341228993,-0.541701197017465,0.653073095247517,0.306033493862366,1.39748460844059
0.734469738712645,0.606428177116391,0.765331537984679,-1.81706739446668,0.156161894594165,-1.66154568460616,0.246729506153539,0.269767589387427,-0.35376146384679,1.34981829597931,1.05651284640649
0.430910116841219,-0.550261998375455,-0.751910697604352,0.471299082692458,-1.37198140160085,0.256476517370271,1.36269590961278,0.476925462692715,0.780970558162854,2.70794008091802,3.09752671571878
0.930414299575704,0.606428177116391,-1.26894759365812,0.628437125173514,-0.0144927823396753,-0.282191022237866,-0.0925811180710331,-1.71472419067165,-1.05383833061862,-0.338555363665153,-2.94695739182654
-0.658131059779179,-0.0847888097052552,-1.79031179960345,0.923246938620052,1.18882946501531,0.170655775238366,1.66054673353166,-0.337821620225675,0.39773521480259,0.374927943373871,1.62302639663556
0.833120797857647,-0.550261998375455,0.0462260693769019,0.922146580290755,0.156161894594165,0.924903593887858,-1.21529666112988,-0.132122158519254,-0.593916835612373,2.58941333255784,4.31556797800676
0.255394090303013,0.155478834682301,-0.217890864469422,1.20458827532818,-1.93768818207232,2.14499110912644,1.00714384751234,-1.82135721741988,0.199836324195175,1.23777185069391,1.27468642427685
1.71547659746722,0.155478834682301,-1.25711629866728,-0.485947205017235,-1.18020764788054,-0.236113455661377,0.697599028216519,1.73922055661064,0.970507717746256,-0.860395783913896,1.56661136708865
0.0174918168870976,0.606428177116391,0.0470680757880745,-1.63361525026688,-0.184652384393872,0.677700008574393,-0.156655779481734,0.668642983486569,-0.0968413983347048,0.369125977327462,1.21812892772585
-0.435003280851303,0.369362339414618,-0.879396156749116,1.86195716714277,-1.09250466511914,-1.93151859654028,0.820946643616366,-1.62114784816661,0.351489238579624,-1.23548593153963,-2.64616189195955
0.116394761984188,0.606428177116391,0.993755557896205,0.289974255269873,-0.611617615730352,1.09646264519551,0.091491653286367,-1.41829360684075,-0.850496613536096,0.182593303271834,0.736972722186548
-0.574670412227834,-2.43060752575317,-0.915799751161825,0.457341038329046,0.126918239876418,1.41815092533014,0.990891360297427,0.838323276422764,-0.593916835612373,-0.962194905090564,-0.387905300272125
0.923778876579758,0.606428177116391,-1.48266567342367,-0.415703668941169,1.89697380168808,-0.389757239641316,-2.76990472430098,0.0652133472215429,-1.08862513963374,-1.53298261498537,-3.57963052274012
-0.837244812002898,0.640632259697789,-0.0651514382552366,3.01712694162212,2.02214929711978,-2.08623403679773,0.82469708531468,0.565030731914671,-0.593064089133851,-0.551248290959861,3.81918040215747
-0.38877367639507,-0.327581339396693,0.887639319109829,-1.86122720009562,0.0692685212891038,0.624890323982952,1.08141912189139,0.280758955623615,-1.05990687523022,-1.12888042167561,-0.815493304510209
0.102458284649587,0.606428177116391,-1.9977407814576,-0.446497123688928,1.09133635306863,-0.389757239641316,0.483421633304483,-0.354509728002809,-0.932210344904464,-0.0830422214196541,-0.922240795115819
-0.678681874581334,1.01694098789438,0.548342870926246,1.05357178275319,2.02214929711978,1.28690963089146,-1.50099634159721,-1.96785180324692,0.638227463750535,-1.72720764100502,0.92079433307334
0.459283571994678,0.606428177116391,1.42212709113701,0.107399375593226,0.383419925948133,1.09646264519551,-0.422135669543603,0.986255758210324,2.01780598653317,-0.11220995961848,9.00687307652851
1.72115482234345,0.155478834682301,1.2484055380981,0.736614161848273,0.0283110337117967,2.14499110912644,1.72031556005834,-0.707455108001395,-0.152924088990846,0.07529746861918,6.66786462793106
-0.0509116320014857,0.606428177116391,0.44790360738511,-1.67499813850589,0.684209671750253,-1.11990223127503,0.799426553623885,-0.769700700652035,-0.671749047813483,0.0450572803862741,-1.69336133610709
-1.16120773281796,-0.448016202192368,0.852586941854721,-0.269515810490968,-0.860200204712737,0.763847862550749,0.391952057640953,-1.2144584321825,0.545550706883107,0.29201600727424,0.0833809150409725
-0.919638335168954,0.547253563027529,-1.12001159783686,0.511583497740353,0.0507760569898935,-0.169545814598356,-2.61778997744537,1.51314460129974,0.895247512335515,-0.164800342178684,-1.15317255029422
0.841481907238357,0.606428177116391,0.868000710757495,-3.40402012662956,1.09178427304007,0.806490005377917,1.24262167731926,0.820198069292041,1.40889362396546,-1.69594500852481,3.79216142622356
-0.205151694529392,1.30294225785372,0.257632479403717,-0.635143459469219,-0.405664998148348,-0.0992564517336374,-0.918545128120943,1.23467144008819,-1.38125150105946,0.29201600727424,1.44465281940629
2.04425315103872,0.155478834682301,0.524439425383036,-1.15181669459643,-1.18020764788054,1.09646264519551,1.74747537453248,0.352828032372119,0.387797248370545,-2.44144077446338,4.92006550447752
0.613752468139156,0.606428177116391,-0.521836625661897,0.1327179471013,0.28714011809681,-0.613084794961792,0.808235323272179,-0.354509728002809,0.167498667724088,0.256385723568378,2.08835326997527
-0.52013795066363,0.405387544679135,1.22219339408359,1.47322205389438,-1.82682216056164,-0.305320514080229,-0.276676626473258,1.75848216315003,-0.444767948157684,0.392379035447363,2.83442409680981
-0.619522372962137,1.27671213662389,2.60544922910055,-0.446497123688928,0.260079123907525,1.09646264519551,-1.19253843993907,-1.95877634474844,-1.6730089070869,-0.562473011615532,-0.418645141335713
0.0523776442357133,-0.550261998375455,-1.62644566444369,-0.107170956951087,-1.03168249386149,-0.509080346784841,1.01691649048294,0.0599163212769263,-0.863766756702877,-1.17025632733506,-3.25344258467548
-0.110807599286466,0.155478834682301,-0.0553010621147654,0.00505787231787683,0.609696260153451,0.284998466114063,-0.382571530840863,0.756849526878418,0.107040070074164,0.87243375100965,2.97891523715988
1.31005733680437,-0.550261998375455,0.303326473448311,0.805420746284201,0.872660507920335,-1.7665142926881,-2.01413200138896,0.276754905724542,-0.166632136081681,0.581814160315392,0.20438350593753
0.083685356767544,0.155478834682301,-0.222838008202916,0.772833662040311,0.307446232116273,-0.0801567946452013,0.491546407140095,-1.25580450512948,1.60697092975738,-0.124190421259977,3.11515060908075
-0.215952689228248,1.30294225785372,0.999496093040539,-0.376711620550336,0.538940410673307,0.535184380697711,-0.878226915297512,0.39781284447454,1.11008810578585,-0.459839948985858,4.08135266541743
1.0699715503781,-0.550261998375455,1.1209238169298,0.802147506407889,-0.362373868790079,1.09646264519551,0.294622252103899,-0.508560158881245,0.208326737846225,0.746268813613241,3.62102848073279
1.18415015552471,0.606428177116391,1.07516152612585,0.279146408109245,-0.733715715804624,-0.305320514080229,-0.884341670285557,1.19727615502396,-1.20354563799466,-0.61790305652082,0.0236933921279412
0.885709593490049,0.606428177116391,0.453958444831782,-0.157270038208145,-1.74889093104053,-0.305320514080229,1.70451367331025,0.626487326225671,0.4418534668128,1.42552169970296,5.26471684837417
-0.663478346477206,0.522216842868709,-0.995349194777874,-0.78132831887362,0.380575072784325,0.228477739887876,-1.91178353658947,-0.26337504526427,0.465588298284306,-0.823053732508408,-3.27037937415614
0.370316863748161,-0.550261998375455,0.115571702738137,-1.21426357209829,1.69268780564392,-0.464651137138459,-0.0672100381084419,0.46878523076438,-0.35376146384679,-0.659943795008101,0.603129806081793
-1.08089969933186,-0.0817074335360279,-0.191439905661782,0.422387265439364,-1.10108098871516,-1.23381096806542,0.819641805981126,-0.00742805350543665,-0.0518981622215305,1.38354851776789,-0.809634551506045
-0.42406250312348,1.16057170685114,0.126178472352502,-0.082427740446221,0.612345439989503,-1.17007791814835,1.08923770858424,0.476925462692715,1.11213789336223,-0.61790305652082,3.39070465775652
-0.919638335168954,-0.26947955762351,-0.188790652934719,1.36026924380733,0.538940410673307,-0.170337418958189,-1.82810687207074,1.37216150081193,-0.2437413740394,-0.311666043850299,0.139010674899538
-0.921019105144988,-0.305156111854779,1.29501384579766,0.110175320180134,-1.09250466511914,2.14499110912644,-0.852816369016556,-0.478891645084397,-1.58501447803003,0.119379084484625,-1.43123978958485
-1.51731033869653,-0.283630266680537,-1.00024582492889,-0.631213565055846,-1.0259868224919,1.08642127490829,-0.491178814132175,0.571017563793685,-0.799066562612903,-1.04658417160334,-4.32925460770195
-0.0886293452175693,0.155478834682301,-0.310631076942342,0.213286661170802,-1.41988320886825,-0.0992564517336374,1.23957506771545,-0.592626067540727,-1.29715991001439,-0.652225274995928,-2.50650606502653
-0.60320098201987,0.377059200469132,-0.911475058637859,-0.664883808532466,-0.895691946250428,-1.4562542319049,1.35645216289509,1.6683725336125,0.855486484016631,-1.81141968228116,-1.83943480435202
-0.558520317651456,0.357328746627024,0.111151901510299,-0.0312688619201398,1.49699944980816,-1.44596707340762,0.399769129589684,-0.175865638357756,-1.42338090075921,-0.901319949624658,-0.222404274543436
-1.19999063310643,1.19440929193436,0.868000710757495,-0.805874886663108,-1.82682216056164,-0.305320514080229,-0.458271216804299,0.96604918871921,0.648172414403246,-1.28995675396883,-0.875662363022259
-0.34609790532356,-0.808855807068001,1.35654211166369,-0.343741364182324,-1.98020348907859,-0.305320514080229,-0.419310678159206,0.0956647791956198,0.743694794419613,-0.107205548301157,-0.70427790149063
-2.45622135081554,0.928428507908766,0.391066741666562,-0.383428942487385,0.260079123907525,-0.232285224694272,-0.186275309054594,-0.512841203767548,-0.719768442427922,0.180516821707072,-0.55901531842942
0.824282893074431,0.606428177116391,-0.604037576305869,-0.406437113574844,-2.1838804559318,2.14499110912644,-0.689198349515927,0.564022052847158,0.304939272567254,0.0666988345806612,0.466753119500982
1.10780406327054,-0.550261998375455,0.697856414030344,-1.08967538218489,-0.984734369154562,0.763847862550749,-0.427232492920149,0.348832348920834,0.387797248370545,-1.46111633014998,0.348712212935679
-1.0480551688773,-0.14861211043502,0.115571702738137,-0.925359592067983,0.544620832302849,-1.29502680871376,0.0051577210689045,1.73852861321566,0.369086675553525,1.62662670984703,2.12356290436195
-1.23241697165339,1.31426989663121,1.76416751125115,-0.564580495798322,0.260079123907525,-0.305320514080229,-0.374322683812629,2.0114758183056,0.177953931330738,1.90417412653684,7.18249344222664
0.797798127149165,0.606428177116391,-1.70453539884452,0.628437125173514,-0.0987419857934116,-1.44596707340762,0.230089632559471,0.828969386417104,1.71881887848474,-0.569904467019578,1.72778742863014
0.72762700473125,0.606428177116391,1.41198057538717,-0.973547034499095,-0.377666450668929,-0.305320514080229,-1.32141905342672,0.488442118769103,-1.63384808283558,0.122571202019673,-0.569498544127835
1.05648870101937,0.155478834682301,0.540201497881751,-1.10326806831498,-1.4257538568491,-0.112127276068972,0.885571494079609,-2.22002027127667,1.52721616605357,-0.209383831531632,-0.617583302866854
0.181236677333189,0.155478834682301,-0.217890864469422,-1.07063612241556,-0.480871305476242,0.915172555930537,-0.0454746132219494,0.96115924901659,-1.78527283000119,0.140830646519836,-0.488825283151251
-0.215952689228248,0.155478834682301,-1.43392707987645,-0.409945303755816,0.835666095226395,0.659189817639224,-0.849737670956631,0.909625058713473,0.245816022255817,-2.20687767592581,-2.27605159541709
-0.0323669987635515,0.606428177116391,-1.49612539382578,1.05357178275319,0.380575072784325,-1.56700796286129,0.431878494419902,-0.750312103009676,-0.185539811809977,-0.565874354966289,-0.222404274543436
0.707321595843938,-0.550261998375455,0.201080971145754,0.471299082692458,0.185160164794996,0.201108682302382,-0.0892398813362861,-0.23684015663819,-0.0974363142140926,0.746268813613241,1.98770612244201
-3.1282723901905,0.212260239760447,-0.870584322303379,1.03577111897843,2.02214929711978,1.05850553477033,-0.637117892534408,-0.850707743722764,0.362038261047176,0.447121714383427,0.999575121099924
0.0797598141778862,0.606428177116391,1.62569102641722,-1.3842546928175,-1.43783033198487,1.09646264519551,-0.308935996321217,-0.873461511430878,0.563984702790917,0.329903828052731,-0.787420143341546
-0.240532341915159,1.30294225785372,0.999496093040539,-0.376711620550336,0.538940410673307,0.535184380697711,1.91080311829062,-0.43288071053807,1.12814589019145,-0.644864694809006,5.32725162909038
-1.69449441907487,1.29378700886662,1.09369259896791,0.107399375593226,2.02214929711978,-0.493447135787432,-0.289691994973686,0.701473455790082,-1.42338090075921,0.0666988345806612,1.89621713216273
0.839646598692752,-0.550261998375455,-0.224333455020675,-1.08967538218489,0.483251109918147,0.835208650296582,0.90087307046848,0.00527408365018558,1.19661778714652,-0.659943795008101,1.37952715808381
-0.417425778264276,3.17755950094656,-2.15716261205434,-0.529556105890892,0.260079123907525,-0.911212135819564,1.11751026420184,-1.02233492303953,-0.185539811809977,0.090614348457381,0.250178823161042
-0.0882034095868287,0.155478834682301,1.09708706362328,0.352177574913115,-0.898451878593996,-0.305320514080229,-1.79200228358444,0.163137376654806,1.46723651427091,-0.797163983037833,0.419240044969453
0.677822972295361,-0.550261998375455,-0.0148684832867409,1.4248596852689,-0.0387900395941204,-0.199487499405474,0.0222511193444503,0.665789439794627,0.0137064706769744,0.695240066707574,3.79216142622356
-0.260789486068163,1.30294225785372,-0.486951500066258,0.627805597968466,0.0507760569898935,0.233345203306933,-0.494580138345862,0.921718760654795,-0.273589910403955,0.534154326146596,2.86410160914307
2.14819815992899,0.155478834682301,0.283154764155492,-0.485947205017235,-1.18020764788054,1.09646264519551,0.422750752727097,-0.426943128906917,0.563984702790917,-0.660989009032785,3.70236941068369
-1.82704481831053,-0.613786008903137,-0.638516474815448,0.240190385823124,0.538940410673307,-1.37870833309454,-0.909505155345619,1.13122301538442,-0.371416527741021,0.721756513163711,-1.04480751065151
1.04068449728839,-0.550261998375455,1.1209238169298,1.55405685480624,0.135157922882321,-0.361816656477756,0.581074397743659,-2.40787513967674,0.172084522482758,-0.519051575184856,0.380647569228986
-0.11110072419725,0.155478834682301,-0.0553010621147654,0.00505787231787683,0.609696260153451,0.552707274172209,0.27117065136063,-0.750897463431804,0.00480335887618739,-1.83986435595014,-1.24420712788939
0.114679342476655,-0.550261998375455,-0.188790652934719,0.0655669711301132,-0.900048350349618,-0.791052468019416,-0.0323124418633964,-0.0281226456873741,-1.43188163233615,-1.62614793146152,-4.01346523739303
0.181236677333189,-0.550261998375455,-1.64392703710072,-0.665029535855507,-1.35312586681623,0.206150001252073,0.830257663533482,-0.777541475491908,1.32700746867211,0.681692652857264,1.25283167546217
-0.134694797970144,0.606428177116391,-1.202391096968,-0.683702850196838,-1.25680815895602,0.0567216878843081,2.18742978772157,1.21542316595601,-2.98562533840786,0.991502547303303,2.18937430266271
-1.51011458482939,1.05624277628904,-1.2428651852708,-1.45935849652262,0.538940410673307,0.160808178464547,-1.52513825761259,0.984286023757501,-0.396574684098715,-0.550813644682401,-2.14220748965035
-1.64882035693528,1.25867537776548,-0.521836625661897,0.254871805112159,-1.82682216056164,2.14499110912644,-0.689198349515927,0.244454661423946,-0.101746245591056,-1.30107682830994,0.370312289274364
2.75416506991229,-0.550261998375455,-0.879396156749116,1.56835874394694,0.147173922795381,-0.933119281046735,-0.941436165996583,-0.502247411415509,-0.863766756702877,-0.859426583839405,-1.23294529456653
1.02445122265014,-0.550261998375455,-0.465499470188493,-0.410471775202643,1.56923902201995,0.466552859022087,-0.185373077223529,0.0500268113408362,0.784399590657208,-0.819834918114825,2.76992809282398
1.13879010509126,-0.550261998375455,0.922329076441579,0.689690405079108,0.518668211836992,-0.706219364503435,1.15171538656449,-0.497406365609835,1.17082007492417,1.48000013407669,7.05071849826662
0.568571157697613,0.606428177116391,1.11753994191914,-0.00750786750711182,0.859406317331978,-0.247699053492374,0.607430707507585,-0.248037296285649,0.21711777326153,-0.841871355989936,4.11347528991534
-0.20534485405918,1.30294225785372,0.257632479403717,-0.635143459469219,-0.713020735557176,-0.5861226488588,0.481222090247737,1.26010372325053,0.610977827302869,0.667445629699694,5.31853608581868
0.885709593490049,0.155478834682301,-0.793203655740548,-1.52447685750761,0.844540291684602,0.466990224930169,-0.998242429244169,-1.02233492303953,0.0632661254669167,1.17243742198625,0.139010674899538
1.15664342400043,0.606428177116391,1.07516152612585,0.377136984840058,-1.97420511148842,2.14499110912644,-0.689198349515927,-1.2144584321825,0.304939272567254,0.0984036141938148,4.92006550447752
-2.45622135081554,0.928428507908766,0.391066741666562,0.916357199730187,2.02214929711978,1.84881566337463,1.45194367245441,-1.07691556100676,0.381311851808853,1.13481918458389,3.95074099924368
0.809828116107534,-0.550261998375455,0.781793865047862,0.232971266773953,0.396799578054917,-0.730364288912864,-1.95685298853475,1.56738861821942,0.648172414403246,-0.70595286785652,0.466753119500982
0.706271982151145,0.606428177116391,0.765331537984679,-1.34463142169195,-0.192469184436091,1.31316692827291,0.554752540591825,-0.901429065457194,0.970933410632685,-0.174203942744265,4.78323801701112
1.18743340240462,0.155478834682301,0.425261644101842,0.806604610065581,-0.582059550204883,-0.361816656477756,1.00965723167149,-0.131843705962127,-0.523543902863927,0.374927943373871,3.20616476732191
0.127901525600069,0.155478834682301,-0.911475058637859,0.860389497670195,1.37097751815598,-1.12652158382008,0.531657649946704,-0.94632429124832,0.422420683823459,-0.441757503678616,3.10960758129644
1.17083214004692,0.606428177116391,-0.0506601392271734,-0.082427740446221,0.572486188412909,-1.2658940803819,0.436278423086402,-0.0281226456873741,-0.825005173597544,0.234739853590633,2.66697483926426
1.00521571241723,0.606428177116391,-0.86551944397935,-0.293867982935342,1.0099147180519,-0.367153764136205,-0.193515516157615,-0.41363402437642,-0.696957915195833,0.29201600727424,0.633873311740359
0.643092722702112,0.155478834682301,-0.995349194777874,2.15119529397618,-0.119487902917459,-0.480261284347646,-1.09404606527896,1.03508593274149,-1.18328650244441,-1.10924678470228,-0.361137512331222
-2.39360693262256,0.71392949646611,0.504732768934837,-1.15617091023857,0.260079123907525,-0.236113455661377,0.977236056626326,-1.61732537308445,1.06630145618448,1.51422664125492,1.06446135268232
1.23298387437872,0.606428177116391,0.0548787529189764,-0.418863058862676,0.840990879148327,0.14158071681106,0.267530598653513,0.0764441559526833,0.438640360744845,0.714923647923884,3.6348641637568
0.46808255610724,0.155478834682301,0.0231253393212324,-1.6294702490459,-0.487634992680546,0.678047525397216,0.82936932770436,-2.02973888193194,-1.05990687523022,-0.0409171493419731,-1.73942803855355
0.2380240680743,0.155478834682301,-0.869281729985485,0.167754345424304,0.28714011809681,1.19834645821915,-0.433821936484873,0.0100985657195513,-0.400433446977103,0.701659609920543,3.8003249426582
0.453882640988772,0.155478834682301,-0.642138674350018,3.01712694162212,1.08386420229572,-0.482831260840561,-0.607593877751605,0.389903783744769,-0.269000623769728,0.581814160315392,6.76303506866475
-1.7297527814986,-1.24780061641547,0.37843141728439,-0.0556957554191458,0.133667655351646,-1.06151402975116,-0.474415534437574,0.610010267351005,-0.030911386938563,0.37263289808611,-4.98851867097617
0.102458284649587,0.606428177116391,0.649165851760774,0.359169609196818,-0.938620004055927,1.09646264519551,0.743833054109305,0.986255758210324,1.73151585008254,-1.2472009270336,5.45374448839967
0.565398117143828,-0.550261998375455,0.522987430112198,0.542657384465708,0.416316668726014,1.76576268024661,0.391952057640953,-1.82135721741988,0.208091608560116,0.358455967555975,2.31583882069579
0.840632656135194,-0.550261998375455,-0.224333455020675,-1.08967538218489,-0.984734369154562,0.690980468484951,-1.61681929369762,0.00941338915768523,0.304939272567254,-0.43774140070861,-0.876790331697274
