"X1","X2","X3","X4","X5","X6","X7","X8","X9","X10","y"
1.48091993534815,1.89571246765815,1.25537829347086,-0.0561647093250603,0.611557111083529,0.202320228895719,1.14411352935427,0.457904965038288,0.600690010594868,1.23280001534441,9.10303093183806
-1.59473342509894,-1.73309661099795,-1.66367174122555,-0.585660543855193,-1.05852833978628,-1.58544129544639,-0.819697794453937,-1.49400066007612,-0.583457817684621,-0.449281821755551,-9.99904617681537
-0.646445368549681,1.08969118177759,0.425847961617309,0.928725560270309,0.676806855964415,-0.116284310924964,-0.0317290009368702,0.926719149076006,-1.13175961086836,-0.461611609968994,2.94681047937199
-0.562044923919788,-1.08388632682521,0.522518888387196,-0.109943125514541,-0.263434673401547,-0.204956365807942,0.0314068445480104,0.223985216447477,-0.357415600594537,-2.66306195965933,-3.21400806595548
-0.944849018223885,0.047881841339201,0.493369457683,0.44365179933699,0.0153490080715784,0.214071787025578,0.452482665937882,0.96234882156093,0.508901541792194,1.11270701927558,5.03534337782338
-0.362985738093709,-0.660715324426659,0.417241779801344,-0.615218420691592,0.338467014561383,0.636572877655766,-0.129520574736133,-0.985442061582725,-0.876340311727575,0.447754112118198,-0.177399684582844
-0.0636384431465766,-0.971466335296381,-0.870861431051486,-0.0292146692185661,-1.62083694904314,0.353520791737149,-0.246296081866111,0.160417847613768,-1.64665809720748,-0.230401660873743,-3.0690614216851
0.414143362411695,0.418872731325787,1.60797333501459,0.383059362979666,0.708667530490205,0.505758125418484,0.702418612241356,-0.239587831523354,-0.0584437246231901,0.741052419225393,4.16313179545551
1.00297032290142,2.36242288241475,1.30033329249623,1.6197211358404,0.627079028835637,2.19747940912973,1.75313389802507,1.72125879778616,0.997071970369317,2.50241181703805,17.5579352274109
-1.40556427089218,-0.653941830689967,-0.772555972888704,-0.834588745168094,-1.37758048552978,-1.00303913327974,-1.60510420021128,-1.56969697007703,-0.135955095032591,-0.853285787411683,-8.87021326001982
1.0986386860257,1.53369332481063,2.25495156539417,1.21384902150844,1.30410474763665,0.546634036093505,0.784075089204908,0.930770186544313,-0.782475292259215,0.73495356718073,10.8203199455188
0.0343038212703406,-0.110796655578968,0.470829174208345,-0.342973384231612,0.131241677862188,-0.448492401566207,-0.654446640795153,-0.841460292222753,-0.384307378794086,-0.726722453943755,-3.12647276659658
-1.23110434988791,-0.221379051958071,0.776444591009877,0.0842387814420732,0.407124187869646,-0.608312437884639,-0.117891074198109,-1.35701916754713,-0.363676776085061,-0.0437673060084496,-2.09588259701555
0.445586687597695,0.845287065057483,0.00328372334471598,0.913931608190151,0.13601450073971,-0.890083175910053,1.37243733386775,0.627464380977662,0.88262250064888,0.170728319119332,5.68723293679594
-1.83653331786167,-2.58089622724469,-3.21763940724901,-2.62678956806442,-3.62060522217244,-1.62125572940405,-1.44082760831073,-2.62946793845667,-3.59272628835528,-2.46565411016382,-24.0790075272737
-0.445844971722732,0.189782926066377,-1.03677502363355,0.379327985035599,-0.935381744488481,-0.473274413106013,-0.0607821781835168,-0.158370183212033,-0.245890627855474,-0.458618661559786,-1.159363898622
-0.927129248730274,-0.138085112759883,0.252720459815767,0.889718673246394,-0.284593178410428,0.339280997030568,0.24024541508066,-1.01531503832005,-0.23152288301978,-0.291869001802531,-0.170892136402223
0.440215121214638,0.206538897176646,1.00662535336679,0.0175631914760229,-0.0260942799850406,-0.0528381826629814,-0.296937920740579,-0.195908236432315,-1.74923057033404,0.291216781703145,-0.00488526262169825
-1.15604884968473,0.641278022659273,-0.02444518950317,-1.05604404826941,-0.401366952204363,1.01888469109266,-0.292471487718661,-0.0703962606599741,0.669890123454817,-1.61186086267791,-3.25165789878612
0.142090522063908,1.10007858928048,-0.886518045346756,-0.995942899472527,0.40317500971378,2.10342414978413,1.18983153839596,-0.106884519027594,0.460292879396562,0.741052419225393,4.88802753188688
0.321427357841272,-0.0928202118951195,-0.630883587438462,0.0522520423490974,-0.830774537569365,0.636572877655766,-0.710581487941346,-0.860626836450168,-0.631321769058567,0.626649145506776,0.251765962989801
-0.622088801021743,-0.56593620803173,-1.05362861959678,-1.46615262843978,-0.606179461792198,-0.0562831409757952,0.739082320550362,-0.707655206526166,-0.990485841547925,-0.789201650631761,-5.89256886391715
-0.429451972859365,-0.606697324869331,-0.645679673967215,-0.667963939204058,-0.0635208508886159,-1.0535519786139,-1.09620411900686,-0.995620386016218,-0.7604362174449,-1.84727557037941,-6.91491930909152
-0.390547815163344,-0.625622720809724,0.417241779801344,0.491469753288779,-1.26550970624063,-0.433582376468519,-0.9866509914722,0.0356810232477964,-0.118406709864912,-0.32342258149082,-1.59009261064365
0.438571220606361,-0.476236391843098,-0.523877422202574,0.00270694035409721,-1.5179286735668,-1.42270325506667,-0.856909481920731,-0.324140812505009,-1.28706114066079,-1.36778459026812,-7.39484041620609
-0.320163124597915,-0.540988081772642,-0.403603147672724,-0.385580950978847,-1.14681337861826,-1.11935476430063,-0.453180621655235,-0.742353388187526,-0.585904875418698,-0.324099893674565,-4.7793183344118
-0.964899238242824,-1.93050898041444,-2.39142225998656,-1.63468356570231,-2.51083460958879,-2.0654266448897,-1.58459452049934,-3.10669324847407,-1.88906179622799,-2.15501524466641,-18.923563897455
0.0249426736206492,1.37585539656187,0.55678133699902,0.603979155836773,-0.0331877662093334,0.516632462331658,1.06642737217305,0.905104607577109,1.7018188688459,0.829029336417652,8.61070820446072
-1.83653331786167,-2.58089622724469,-1.85335043058462,-0.626310294059755,-1.15085238217304,-0.540026018235826,-2.47188118895189,0.591395001861035,-0.661136019748872,-2.31693798115432,-13.342640441046
0.0737074064841857,1.89994615848668,-0.24699342985434,-0.513574491780075,0.773534360774235,-0.116284310924964,0.383087961640187,1.43468424871114,1.51679072340984,-0.235616038971178,5.66799806472033
-0.142130120797344,0.770345560544811,1.58384785003739,1.02920804661451,0.532763031459311,2.09378440851174,0.981421027077015,-0.0458980486387205,0.17766654348217,1.04911458705964,7.74224221973581
-0.460767290561908,-0.0772422652272904,-0.610933701825387,-0.895593883218991,-1.08111113718362,-0.451370066076921,-1.67586570465866,-0.139800955617186,-0.759221977969657,0.02014356351294,-4.64377575545265
-0.939641199727871,-0.783800362237922,0.803898900266558,0.050763651869542,-0.0886821152257646,0.636572877655766,-0.710581487941346,-0.479903507066484,-1.13510334922651,-1.03907733031366,-0.462117938327975
-1.78292787683396,-1.85140911381772,-0.738326806203342,-2.13422704193667,-2.98923324634492,-1.69753188476468,-2.06815051690584,-3.08145266127681,-1.88906179622799,-1.73173660159572,-18.7131377162201
-1.52828715553857,-0.948979765505148,-0.553150338740176,-0.745365022978327,-1.57647559496212,-0.467200258054255,-1.60618033480946,-0.234960914693387,-0.987409545601893,0.100957326624703,-7.67120417604434
0.065347828380016,0.117456149693857,-1.38377312271218,-1.80366246298565,-0.638105758628313,0.21307369047467,-1.14800449912862,0.670379999195023,0.658413201408893,-0.0309218747734967,-2.07532507848303
0.019606067450367,-0.110796655578968,-0.980108224894771,-0.385580950978847,-0.374327703850683,-0.732228411942258,-1.31782589759698,-0.875040521108804,-1.44624715440689,0.22232758784559,-7.80963577958462
-1.96721363751403,-0.603670395111831,-1.83879209444595,-2.01817696332245,-1.14513281947645,-1.8664376346794,0.120343378257698,-1.00819590841031,-1.16247525316701,-0.550715269905126,-11.7675053536732
1.10537230089707,1.53369332481063,-0.796910694032394,0.165820561956301,0.391426980851967,-0.116284310924964,-0.186838443206065,0.0786326769491658,0.709953756007572,-0.688269975984116,2.92374747264795
-0.307674527752712,1.52579948582048,1.11634828195619,1.02920804661451,0.0395947348449722,0.426814464511438,0.645429400007091,1.54180538847861,0.539358459470039,1.57850067756932,9.78363964704758
-0.196169175179323,-0.167962714092657,-0.351934570215653,0.490695688751448,-0.519376154834328,-1.0062584294861,-0.240471793072986,-1.0105562426827,0.678085460966333,-0.171998088495751,0.251765962989801
-0.0956943062914009,0.386612790010152,0.394153889869426,0.0165238110984221,0.185898545160327,0.287173586757917,0.0779486773077322,-0.0536004454352893,-0.150672678038302,0.502960574127555,2.54840322354674
1.19570066347142,0.262309587036491,1.11037842021198,1.21911852470473,1.37362904387583,0.333087102940415,0.880413741151131,1.32186456463654,0.0610697954738464,0.726502693953552,9.86061227213293
1.02286655628674,-0.518499423845658,0.469580960294903,0.515323104830697,-0.165338209253229,-0.157797274092802,1.37243733386775,-0.00272285797979839,-0.0839567405429595,1.32430336639552,6.57954101919848
2.29782857700151,2.04333911364795,1.31898567955583,1.58571271750053,0.946173877765711,2.1247726965442,1.30565058120527,-0.0135460231772378,2.65111896342237,1.03197475949953,17.1175946699808
-1.96721363751403,-1.22791526884671,-0.353045161817909,-2.27217649718991,-1.183814304085,-1.37044225426122,-0.972241157702734,-1.08567908479947,-1.0921324136357,-1.6244557806411,-11.607909422969
-0.956786290689242,-1.93050898041444,-0.353045161817909,-1.1785410139919,-1.86901741633589,-1.31307984932946,-2.0973704649843,-1.96144630529195,-0.308816589558914,-1.3921511756138,-10.8010947329957
-1.79380655664483,-0.624657022544681,-0.758956150599459,-1.08103817501794,-1.20100452642878,-0.467200258054255,-0.648983697253652,-0.0914702817194665,-2.00756992887977,0.0656053904635119,-6.29630966571627
0.794469370705591,-0.246398987623567,-1.45787625090587,-0.385580950978847,0.726693851596231,-0.554960392529763,0.0991875020881592,-0.346927108184243,-0.587244633750631,0.0674932582555035,-1.9461458213712
0.247326484702214,0.17139564117681,-0.555580172710566,0.203077281701634,-0.0006735028041702,-0.201869717310275,0.150342312360235,0.21532268853506,-0.249626847693005,-0.188688884093744,0.714534875523991
0.294109791361414,0.0315213931830655,1.0966808590432,0.174328260565998,-0.0260942799850406,0.48511957945409,0.371242434668967,0.648574554348324,1.26390618229922,0.897488170236808,6.14804731322546
-0.426871132058668,-0.358948462974628,-0.57071465663681,-0.857837987536177,-0.541079177727412,-1.02381329118766,0.146266448862913,-1.20542723106967,-0.350777829492467,-0.666840400910349,-4.35999128447896
-0.120070050947741,-0.748278329048221,-0.361203730620774,-1.46483606437353,0.0773649422445062,-0.6660455724439,-1.52280284029607,-0.877846379347527,-0.350777829492467,0.0466744478431853,-3.82729563978616
-1.4592214185164,-0.171873721776357,-0.334191780539879,-0.595556728849525,-1.07983337938914,-1.59925070418411,-1.18214616339741,-0.676225304330758,-2.10926294834554,-1.18145445279929,-9.53739919661524
0.582972123027089,0.0654338044055942,-1.93937618619252,-0.590292874744238,-0.647407848626329,0.916777934169526,-0.776070830843496,-1.0105562426827,-0.118406709864912,0.765599345988505,-1.09898244548592
1.62565253979681,0.725344262553564,1.1092564668715,1.35548479045489,1.37937356757523,0.324358880404359,0.510876871279325,1.50433387196859,0.53454785416392,1.59746532762677,13.4238518739634
-1.80517911780833,-1.0231887422505,-0.558498268575342,-1.14541670199017,-1.25142265408732,-0.315039024046582,-0.853526320583064,-0.106916723993345,-1.16538447670396,-0.0120777235408116,-7.03601602032626
-0.916507411686368,-0.236529813485534,0.858622691099985,0.739107577272546,1.70090516095288,-0.540112800920745,-0.351425964619762,0.66221978933577,0.227267871890328,0.412689664092192,1.28939930909915
0.924365330813133,1.10333592606177,1.57388290383956,1.94547036764765,0.526453414761184,0.927108610402114,2.1443259165595,0.339837494509733,0.100255689060297,1.19426754154503,11.7279716886631
0.239905340672838,-0.347747217423119,0.570628303835259,0.305942584369355,-0.590234992950025,0.288650896487671,-1.34954940049752,-0.509360485172674,-0.571706012675636,-0.655099327143581,-1.34961222990238
1.20508708185034,0.735775315414305,0.817454750134064,-0.4820776901131,0.52816129592799,0.707803665604892,-0.0717327357229152,0.561961147440683,0.749992636250073,1.07135423783347,6.30914314673236
1.31934892571361,1.15386203268688,0.0971820702994486,0.246647635316881,1.39446059754564,0.494338754469011,0.62519044137957,0.445173342893882,-0.174544113002469,0.266923343293664,5.35961820878949
-0.164916925600527,-0.118054089987928,0.00180181750132334,0.387745414424171,-0.00805887699728107,-0.201869717310275,-0.322101635685897,-0.135061622921418,-0.402571501757128,0.550423972673251,-0.00488526262169825
-0.791394217797032,-0.368002210642951,-1.14628642238372,-0.655613548320634,-1.52332237643121,0.164477063164744,-0.793695098718841,-0.398048653939094,-1.69060423032736,-1.84727557037941,-8.74955593313407
1.15273057544051,0.323948967565038,-0.240827470484729,1.76287557556719,1.31983672251793,1.32123117664948,0.0829182451613559,0.770411989518861,0.405394075685519,0.876766353398166,9.22750132793753
-1.59473342509894,-1.73309661099795,-1.66367174122555,-1.30260561358227,-2.98923324634492,-1.69753188476468,-1.95798506264927,-1.64660564385266,-2.73768788399417,-1.12781104378748,-16.0525013740617
-1.52828715553857,-0.948979765505148,-0.553150338740176,-0.745365022978327,-1.37758048552978,-0.596837883955791,-0.0252854159232816,0.109266237020571,-0.235099716822697,-1.27353173860342,-4.62582324539275
-0.121869878154301,-0.748278329048221,1.07553677134456,-0.829901273370509,-0.315671539122301,-0.80858430469351,-0.298887229450699,-0.392465506039339,0.204144265467841,-0.230401660873743,-0.892855337095282
0.959956710554924,0.59513058592091,1.36068076307771,0.649471627671809,0.952765394367849,1.15169160966293,0.637614630220465,-0.263670031692994,1.45787284524132,-0.130484869843225,9.65150701663246
-1.29133045368492,-2.40270430924585,0.047853420873711,-2.27217649718991,-1.05852833978628,-1.8664376346794,-1.23761237520288,-1.653872764735,-0.504055662872756,-1.00006680074571,-12.5920998941564
-0.620686046825389,-0.546492206795832,-1.57376174410379,-1.11766025935216,-1.223692328307,-0.596837883955791,0.178592848292776,-0.815793029339267,-0.428245430731722,-0.158055009760289,-6.33343231841815
-1.59538256648674,0.479477136936496,-0.326599074776618,0.0516934671058609,-0.0716403098813226,-0.822162778413549,-0.68696528794184,0.128410075907983,-0.433687959582502,0.413705154727059,-1.66952612208459
-0.265728218515268,-0.87526231943501,-0.371579225533809,-1.20955494066197,0.914492957126135,-0.259144293079275,-0.641770132794759,-1.06441603754009,-0.902050040472956,-1.06912130359229,-2.89514994226011
-1.01717827698259,-1.34662217069808,-0.748964239442777,0.229017299756467,-0.469430708353751,-0.540158548222154,-0.515343522359575,-0.155917416975096,-1.01884480940121,-0.0309218747734967,-5.22130651463226
2.33487378725247,0.0152269852511909,0.694901881173685,0.830137654663526,0.538107624827763,0.27685316803213,0.518213624716651,-0.713048764965621,-0.433828675156614,0.90531355888499,4.73084028656274
0.483284635346708,-0.897732066226959,-0.095769604895294,0.366738326752814,0.440371409855575,-2.10848568850075,-0.894346970582921,-1.0367452040629,-0.371076723643184,-0.433124979414686,-4.1648483882384
-0.646445368549681,0.477481327362181,-0.24811365003249,0.491469753288779,-0.264567519335303,1.04348527122767,0.74030854448181,-0.559278673605101,0.661263735182069,-0.45994496243174,2.49564854737605
1.02539425871095,0.694586431376179,0.296166768909614,0.4651543064073,0.115607855045841,0.398079595442075,0.122684000474243,-0.276457444342352,0.562927819925249,0.853914862415174,4.44132983504002
0.973064484736236,-1.33565518014274,-0.913198509617148,-0.20266796038472,-0.332651320136253,-0.00263143242778366,-0.670225950762494,-0.587252250783971,-0.958788799166179,-0.515005523761399,-3.75414565930415
0.47254809650712,0.256004596821052,-0.115831845687397,-0.552223126357937,-0.42814851002294,-0.341784890532399,-0.159504683183817,0.341140005503407,0.290100189761312,-0.580886887445627,1.14987920102759
2.13046108530018,0.212751307172308,1.40099950186238,0.515452638796283,1.71186809231778,0.654054045232557,1.04469725639333,2.08588419414291,0.265672765939841,0.547171821442865,10.559937069671
-0.302807857357257,0.63771992769676,0.556229796489024,0.67703560364873,0.771569525257319,0.382339664158129,0.499113666407972,0.658017552699561,-0.433828675156614,0.379974963441271,4.87647124641964
1.07003661161866,1.16926066851231,0.189873617488022,0.220124523841069,0.149010038522387,0.399915892164609,-0.2558722516914,0.284479044530333,1.00679197367974,0.504805674921406,5.68723293679594
0.582972123027089,-0.300625822012538,1.23620689840661,0.0849005399134719,-0.433631995302388,-0.743005290205912,0.950668927744809,0.48679592938632,0.625481597615913,-0.454155769929632,5.78481217369624
1.0714789384341,-0.745697699339417,1.1964137298518,0.362355408576428,-0.102017767494681,0.590586849469881,0.576477062003489,0.795834128120098,0.758000636557727,-0.407888378605084,5.43426366209095
-0.944849018223885,0.047881841339201,-1.17963976662602,-1.22456769692792,-1.01370754284945,-0.400999209008571,-1.64301721623408,0.0249029321705484,-1.47804124418769,-0.622195085936589,-7.36814120025842
2.29782857700151,2.16697822609975,1.64287706238543,1.07364014377211,1.9791155931195,3.11312908896459,2.63237244118902,2.15429585134596,1.56126402808542,1.82336739057931,18.9765051712369
0.99561607504237,0.476536773114641,-0.577932352760122,0.216072629616752,0.911657963018628,-0.146004025084608,0.851408625896347,0.661352826547418,0.971150996021115,1.3700819351981,7.73877594374023
-0.347315875423383,-1.26114159462718,-0.149834512923712,-0.302339260427347,0.21190345002383,-0.813280684291292,-0.641770132794759,-0.273499960089473,-0.805375411768984,-0.498317432414604,-3.4084378424217
-1.52828715553857,-0.948979765505148,-0.553150338740176,-0.212969956647405,-0.89864808902258,-0.0562831409757952,-2.2399829606507,0.510876216693686,-0.457078535888122,-0.7647362782837,-5.15426565318229
0.345996741920078,0.450707063452798,0.0287406301695543,0.0165238110984221,1.54854445081114,0.386292652706078,-0.0162525028107349,0.974599073408596,1.3340210742518,0.526711006435608,6.83406491275432
-0.75982931344901,-0.0555248310651872,-0.999306731003347,-0.0131186769560076,-1.62083694904314,0.0206802387097096,-0.925599256047681,-0.691470350619351,-0.283893101395925,0.0263585673777791,-4.73448898795043
0.0585254830866351,0.777453110599829,0.272417869835867,-1.69616333024748,-0.27700933568948,-0.226357233916538,-0.894346970582921,-1.89349688468123,0.301402099092233,-0.231967354652739,-2.58654194779395
0.99561607504237,0.476536773114641,-0.577932352760122,0.216072629616752,0.911657963018628,0.48511957945409,0.910525121580428,0.820839251796913,-0.722115992038922,1.04911458705964,6.84308598386825
-0.879272754740582,0.643930921370236,0.219019515793034,0.108558154712368,-0.703389167991471,-0.50452205062701,-0.329085756269644,-0.16855259740379,-0.603732810281712,-1.13914250023209,-1.06799565558853
-0.206608424511335,0.227209353742814,0.299713537095608,0.875757903526773,1.7850140166672,1.35714128804554,0.725314737062674,1.42121011549277,-0.2756734447262,-0.0944784496445075,5.35961820878949
-0.179054590598983,-0.289759185162124,0.401582069101628,0.108558154712368,1.50748667734398,-0.545946400488199,0.66580277130577,1.20673768687853,-0.423949753677965,0.553468584329622,4.41583503514282
0.483284635346708,-0.897732066226959,0.164676854418946,-0.317191359093243,-0.0886821152257646,-0.0996883705536216,-0.491602946817896,0.97157102624639,-0.55423645197629,0.947483096218929,0.887414731045663
-1.0426697891022,-0.940807754211205,0.4218069286342,-0.268986409870513,0.0679427253131389,0.67391854594275,-0.777812999353672,-0.848273334718553,0.247745836407276,-1.27353173860342,-2.47699704411168
0.759757376240621,1.52026905012449,1.18877789480916,0.0488792407644609,-1.83418741465869,0.516632462331658,0.302257565420097,0.874670838852329,-0.480956054474671,1.1442307745057,4.44132983504002
0.194990887215853,0.163118005304868,-1.45787625090587,0.430421576527831,0.471274967512847,-0.654967119218526,-0.41507698299495,-1.13119788239757,0.478799952924699,-0.509508455504233,-1.64860437586351
-0.395570420032396,0.228622666287647,-0.996486643153147,0.280772157406204,0.0495699243901847,0.830771267665291,0.730403500533229,-0.168620676032915,0.302655930640309,0.79028513720478,1.9291479155038
-1.11182893907127,-1.08540947788132,-0.756751812572526,-0.212969956647405,-0.89864808902258,-0.694157010151618,-2.09412721755702,-1.67028915169597,-0.485445017389334,-0.384840091954017,-9.45270512873659
-2.08494723831907,-1.51118622522116,-2.31405625458088,-0.610033350603965,-0.377291192360145,-1.20124788140447,-2.47188118895189,0.591395001861035,-0.476304970897136,-0.853285787411683,-11.0612187764192
0.858767004147467,0.35602010876557,-0.789537966217107,-0.810661716201377,-1.23542260344106,0.375711489348336,0.0425367424171134,-2.27289369860948,-0.509797794855547,0.138809204683644,-3.69868899304464
2.29782857700151,2.16697822609975,2.02042967468686,2.30086755691947,1.84594901778938,1.95673711671121,3.12781724907716,1.13058981441894,1.56126402808542,1.53110952349363,16.4410844420412
-0.325289824682917,0.707236409898265,-0.154886171752371,0.752314304733559,0.651367575399574,-0.540112800920745,1.25639938676748,-0.560446582561543,-0.974376667734406,-0.194910307081039,1.58444777052499
1.82427924605362,0.597668868972815,1.1092564668715,0.0488792407644609,0.434077343400223,0.832068918789406,-0.211787147214702,1.0784056187492,0.776629375277167,0.970708283551009,7.30426833150005
-0.93229545257282,-0.138085112759883,-0.0429101186764556,-0.383942277150168,0.368064278889654,0.172477353829809,0.871989257124845,-0.401474866862774,0.524774250415912,-0.232067116320542,1.45595181713952
0.272319436494955,-0.20920400775348,1.91804534290404,0.868423561025361,1.08946317754268,1.46092927705984,-0.135607476852425,0.899728497983679,0.776629375277167,0.751669984880481,9.65150701663246
-0.604468446668094,-2.05250121960429,-2.12484421927919,0.59043878456508,-0.569159034129718,-1.0633112059303,-0.897359622309804,-0.385675348257384,-0.517898169824131,-0.823607646046904,-9.05002693082726
-0.885042470640047,0.536379925794104,0.470829174208345,0.145549223698788,0.627002146184798,0.287173586757917,0.682038746921591,0.950945624223912,0.709953756007572,0.872375880912013,6.3545430853518
1.48091993534815,1.89571246765815,1.80090308958869,0.0234912177381556,-0.203212434590081,0.834244267167204,0.127837078752957,1.3747196565987,0.833939497635385,0.822129318058911,11.4859658726867
0.924365330813133,1.10333592606177,1.57388290383956,2.3137913394097,1.66559486769578,1.05160624179475,1.42277492204309,1.32023357742788,1.38297032560277,0.646678586737976,15.7684331965078
-0.0563390657185198,-0.0568075891467877,-0.0374977022629178,1.14994673900095,0.0916623611816309,-0.202197751131148,-0.0788990199749722,0.937748848628387,-0.43950877281124,0.386316040159186,2.54840322354674
0.0653545878173333,-0.258709337796732,-0.495975339966801,-0.841342034376871,-0.401366952204363,-0.440404899152863,-0.68696528794184,-0.587252250783971,-0.805375411768984,-0.410903146576264,-3.93414402556014
-1.0656826471914,-0.993597778328788,-1.25264606912703,-0.859055432720541,-0.569159034129718,-0.650782869995071,-1.9228044732465,-0.53889902554335,-1.16538447670396,-0.527822049114187,-7.74460483144553
0.786226886200266,-1.70619616663368,0.618397190436467,0.23566314691792,-0.360508994224833,-0.267137901091018,-0.192341689863186,-0.877943748215899,-0.322351946381857,-1.73680018091821,-0.406773865080393
-0.445844971722732,0.189782926066377,1.02671426739179,-0.244214742377179,0.773534360774235,0.373293447845609,1.09708579440114,0.905104607577109,0.93240074789404,0.501314521776893,4.4065969283249
-1.35537429024642,0.253478672286436,-0.00444673743480076,-0.472990562615022,-0.00535430800017966,1.01888469109266,0.119367118968677,0.420310606561826,-1.05716585070524,-0.719555079379603,-1.92810801289282
0.345996741920078,0.108426976551349,0.0410648037166422,-0.829901273370509,-0.974405204988822,0.123685125568354,-0.449427169988965,-0.138860319725609,-0.506062682637168,-0.221815539024863,-2.6064851647023
0.519286909790206,1.04274561952181,0.466850691947474,1.20855804820416,1.46751793539264,0.251709616820424,0.523203369702877,0.832626296868623,0.531109916299548,1.02638354278676,10.240365567945
-1.34691388709766,-0.499668884112573,0.803898900266558,0.0490155838570752,0.0919981423983622,-0.102556354865625,-0.858685912942985,-0.220684005046231,0.227754200313764,0.371192542776584,-2.6266857586661
1.01201949666314,0.963625695095818,0.391107549166199,0.315496333671197,1.39446059754564,0.358582307282476,0.800132583587601,-0.0204959282522246,0.8714979935339,0.822129318058911,8.77480155565166
-1.29133045368492,-1.21213138366267,-0.867661292064885,-2.27217649718991,-1.31029780395281,-0.282760678120954,-0.666620560712608,-0.861515195633955,-2.21534966388641,-0.870404642193348,-9.24017984956028
-0.895303446761928,-1.75704790144397,-1.05968497514429,-0.666744599335721,-1.20811789851279,-1.57666776870169,-0.221760811493687,-1.31076663446794,-1.4852361575402,-1.16000677323767,-9.67914261714658
-1.4352031088547,-0.86487201207981,-0.758956150599459,-1.41066617931305,-1.25142265408732,-1.68862311120304,-0.666620560712608,-0.385675348257384,-0.987409545601893,-0.550715269905126,-8.94593534447109
0.019606067450367,1.37585539656187,0.347818600520783,0.18541119591374,-0.237535535704937,0.466925091378955,0.340910573483964,0.807630095142157,0.434457634081504,0.411019315323699,6.57954101919848
-0.081508132575765,1.03903920634531,0.0683156784232413,0.773995838070667,0.994180137144529,0.418416857095156,0.310497340876595,-0.138162989305475,-0.71131071217714,1.81836407766996,6.57954101919848
0.896820737390441,0.0655120896568832,0.422917865480229,0.998714735612109,-0.181471810721498,0.0748541667919655,-0.114934346584221,-0.243358301980105,-0.857287476058942,0.27515539393495,2.94681047937199
0.397886645397768,1.69114091304253,1.07692617144325,1.12140795718093,0.671845775592772,0.654054045232557,0.912703775583648,1.62168050086074,1.0629649548392,1.13044166052598,11.0513338831882
-0.8647577935058,-2.03139447919005,-1.23227317452167,-1.39931049279417,-1.09637879927158,-1.58544129544639,-0.114034934077612,-2.32344599819593,-0.517138628722599,-1.01707274534857,-9.24017984956028
-0.215919411013462,1.13378047244277,-0.40586638552236,0.875757903526773,0.112088781492137,-1.0181903290583,0.391894169374388,0.236166473541746,0.71436216140995,-0.808522870240789,1.49199559093332
1.19582496515243,0.240616791203102,0.553663999725348,1.20196332505968,1.99366943872207,1.95014197970604,-0.269192720807798,0.596710358348218,1.13473199480818,-0.0472736096933966,9.62618338885656
-0.256967793833898,0.0238253756927396,-0.941779021773021,0.280772157406204,-0.184223750192677,-0.433582376468519,-0.240471793072986,-1.24018823887895,0.299325416211671,-1.03550496399281,-2.45359450971523
0.387247810038175,1.13963100861906,0.296166768909614,1.20399023820374,1.42263779075702,0.895109769980778,1.64456168268387,0.1887698750082,1.91923462421991,1.43358503916312,10.0054268728679
0.447028123764316,0.958782218474642,1.36068076307771,0.236365061724684,0.165702008255445,1.61828328029878,0.843857266852193,1.94948088745769,1.21949289543968,1.91679799710813,11.7279716886631
-1.66807643135607,0.432276587490698,1.08269061980484,-0.534304328550334,0.100092377661127,-0.754369872018351,-1.21461150525624,0.116240437216332,1.12426760629155,0.104646578339667,1.16775042557652
0.703161356953046,1.89999827102269,1.05911858539144,1.342562043726,0.322717833543231,1.3020228184185,1.27382883721514,0.982296315402095,0.503309889424711,1.14933398617775,12.4333041293709
0.321427357841272,1.42107472709797,2.02872554261481,0.61999020866598,-0.0165928554204212,-0.274795810742619,0.865057213502118,-0.743522068988505,0.536544669628862,2.50269044970708,11.085880084669
-0.850402214955752,-1.21598338297772,-1.76087792668617,-1.1384710533072,-0.632976355706869,-1.57666776870169,-1.74530319543362,-1.26853796278061,-1.30860500906954,-1.15222599522687,-12.5920998941564
-1.96721363751403,-1.96425843852908,-1.84897535397093,-1.28256962070025,-1.41400386896973,-0.540026018235826,-1.55077939952297,-2.54260525524254,-2.22656980826872,-1.89385185347592,-16.0525013740617
1.09434967692017,0.711894232728318,-0.17577851881408,0.133453978425433,0.350066443850915,0.805294530387075,0.922480620274782,1.17679486129045,0.315932957072345,0.423932391357961,7.73877594374023
-1.74953134913221,-0.646980469196904,-0.756751812572526,-1.57616976919469,-0.0606418266786694,-1.00303913327974,-2.00032711180891,0.115179475998795,-0.147515090227445,0.100957326624703,-6.19370954365411
0.324644332211687,0.805942618960917,0.268477054708828,0.285504130963376,-0.165338209253229,0.125637857256502,0.0310501889551923,0.0769029398030758,-0.308706205311585,0.432193736838125,3.87180196893091
-0.567778898925395,0.116549740741939,-1.81015492472906,0.368841772176826,-0.524826751839297,0.916777934169526,-0.983989254620622,-0.515081714682838,-1.45209872345158,0.189041547453944,-3.93414402556014
0.131636804910108,0.301567166678027,0.586147188209077,-1.04483413423548,0.497593821259807,0.233458965430951,-0.488077954236051,0.912169567670868,-0.276705190980322,1.08487054442035,2.24823228451131
0.111175744492151,0.761024283683346,-0.280313226123978,-0.829901273370509,-0.830774537569365,-0.154812776317657,0.774483815101552,0.55692389413833,-0.958387640641685,0.325666956643397,0.171604986553632
-0.723979417088814,0.31317198271228,1.53947104386495,0.165820561956301,1.22700086873385,0.380702351042903,-0.80783397934687,-0.466435648969421,0.264138581721385,0.263826578434289,3.38424616098846
-1.78292787683396,-0.624657022544681,-0.756751812572526,-1.57616976919469,-1.02925599635452,-1.68862311120304,-0.580869846372692,-0.711015298437908,-1.54754829713614,-0.809223847762154,-10.1392159561032
1.79863975919274,0.37174597013576,0.694901881173685,1.17251009102982,-0.216481488231717,2.0789998760516,1.31851854551317,-0.263670031692994,1.51679072340984,1.31591293041067,7.77340471598693
-2.22881941156498,-0.671954854916616,-0.442901145838971,-1.4389959473752,-1.36442363005138,-1.08469474083341,-1.37992190109259,-1.56969697007703,-1.0921324136357,-0.911329889191328,-11.0616010911683
0.151334984921035,-0.218568303067395,-1.22635954217738,-1.20955494066197,-1.62072148017537,-1.87475894177034,-0.589776580401064,-0.669368235404936,-1.20357193580699,0.643224771852954,-5.41238127281955
-1.56378789526336,-0.117539734972963,-0.318712448568376,-1.06242139106904,-0.0559251704304326,-0.954222859764665,-0.98155595042297,0.0125950896402968,0.0329303128776425,-0.866296561795682,-5.6150402538919
-0.752284705165633,-0.0555248310651872,-0.0963949481090317,0.0125651381674989,-0.678821271492145,-0.341001324718085,-0.170957687311472,0.947219813755395,-0.418479557302544,0.550423972673251,0.282732706819653
-0.293243492404416,-0.87861852274271,0.776444591009877,1.14994673900095,0.00773297812500263,0.835717965604222,-0.446371666967537,0.164889939905561,0.946981228736043,1.05455383841484,6.32296065964111
0.759816850225072,-0.443171211857006,0.299713537095608,0.216072629616752,-0.342561966790777,-0.321885253464326,-0.0164458928182543,0.565960904351758,0.213639536433303,0.308159585046628,0.737820832746655
-1.66149174606641,0.432276587490698,-1.06347727528869,-0.398237127459172,-1.31716395402758,-0.325756357356226,-0.97473710461359,-1.90800502787266,1.26159069688086,0.297122390204771,-3.75069925247482
0.374398101772633,1.5159621085622,0.136081798106159,0.586677283477092,0.149010038522387,0.941496638607715,-0.0156342858865301,0.729429594666674,-0.722115992038922,0.379974963441271,5.8656289857234
0.896820737390441,0.0655120896568832,0.422917865480229,1.32752401460858,1.33343042940357,0.834842335052554,0.40437821438114,0.795546685294834,0.75427238426193,0.266923343293664,9.83200504168831
1.60311532515896,0.0552949072420917,-0.281551650809678,-0.460789673068515,-0.431293719899561,-0.305304082319597,0.452482665937882,-0.102750106732328,-0.913672260984115,0.504482195490916,0.229885056623581
1.31899232334049,-0.152781631838227,0.525649362219088,0.422598019425657,0.346576886269818,-0.0536849935822869,1.44470516181024,-0.0626604559862908,0.434457634081504,0.810867521009845,6.43761389856297
-0.191753098903419,-0.403396763909962,-0.732424321805966,0.323398537108023,-1.12611294847464,-0.150023957624212,-1.21461150525624,0.0455626949634847,0.10066550017372,-0.258723317225197,-3.1907135260896
0.819197396360546,0.941312052290639,1.0629353778546,0.236365061724684,1.10730879361687,1.40724088371375,1.42997462503695,0.690157826331375,-0.234352755841158,1.49733854276094,10.090245311873
1.57718150605256,0.917512644416042,3.06522571348895,1.52484474955563,2.22555478196811,1.9564553617715,0.76291173056256,1.84138053108908,1.97401036211527,0.861034688382403,17.3220530396197
-1.11182893907127,-0.266864942291143,-0.241089723207313,-1.09097828112332,-0.469430708353751,-0.954222859764665,-1.47263105423739,-0.615002154134272,-0.585904875418698,-0.883053392725567,-8.05818163551566
-0.444964454616912,-0.752750170350115,-1.28882051787398,0.0517581797225577,0.409011278538125,-0.451370066076921,-1.09022022410485,-0.514792000252257,-0.438650741312839,-0.752929557733107,-5.29443563986182
-0.890668112034745,-1.75704790144397,-1.05968497514429,-0.666744599335721,-1.20811789851279,-0.781672568855512,-2.07994414376755,-1.06747784792297,-0.870321737998311,-1.67172408219433,-11.0616010911683
0.44492734244558,0.206538897176646,-0.315682527915369,-0.0498939083384697,0.0502726789049246,0.835717965604222,1.10414115354547,0.874670838852329,0.758000636557727,1.21165069820424,4.68051412550778
-0.809269941069945,-1.53449961235345,0.0407428657070352,-1.93062238471252,-1.59457399054831,-0.585668984803905,0.454893398158859,-0.398048653939094,-0.81247389620162,-0.61114440101922,-7.142800793559
-1.09862770837021,-0.675728368322564,-0.111681590273076,-0.380182391872925,0.88405545446461,-0.683920431577412,-0.666231738755107,-0.362778228381568,-0.174484703308258,-0.543826613788619,-4.29566939391151
-1.11837091176339,-1.07771252220181,-1.8473084391234,-2.13422704193667,-0.723980299218794,-1.7103008363395,-1.23761237520288,-2.54260525524254,-1.56271841210284,-0.94265164781195,-13.3660331493262
-0.120475595791406,0.582605707537255,1.14121367483701,0.0175631914760229,-0.867359723629832,0.773800636644819,0.969801295714147,0.795834128120098,-0.925133142764671,1.1442307745057,6.30669491625911
0.250701435241328,0.17139564117681,0.321035558620488,0.0165238110984221,0.773534360774235,0.680885960680101,-0.187108422848527,0.950945624223912,0.264721771631184,0.639427953923505,5.8656289857234
0.239905340672838,2.28689041690193,0.797871422643765,1.20573398440362,0.611557111083529,-0.210414597627287,1.06749748212112,0.795546685294834,-0.0772140883713308,1.6265240942579,9.75303328017552
1.4716393725969,1.89571246765815,1.80090308958869,2.48659253615428,2.22555478196811,1.62911687926623,2.63237244118902,1.84138053108908,1.43702527461022,1.53110952349363,18.8964319699981
0.549044142188588,-1.24724072826995,1.57647515416959,0.0278869670603956,-1.16200535565965,0.0884964402591841,-0.0164458928182543,0.693031115411846,0.108207583539078,-0.331811834306448,0.711746814734329
0.794469370705591,0.330539389555221,0.469684866809586,-0.209970289387374,-0.802939844947852,0.440105960060386,0.216592686339411,0.627464380977662,-0.654540923947605,-0.957959266460678,2.125028058263
-0.93229545257282,-0.47109599799022,0.0117118809564302,-0.228456557273905,0.585764097394421,-0.341001324718085,-0.508026072231312,0.131920205859248,0.337672914351254,-0.122003013419225,0.965355668829953
0.667258908484863,0.253954942561631,1.05140883127779,0.883005636292078,-0.21268669198829,0.418416857095156,1.09950326923235,-0.155002244762611,0.227267871890328,1.36245188524854,7.73877594374023
-2.00169653658665,-1.19002854434305,-0.353045161817909,-0.72979802275065,-1.59457399054831,-1.07143240062039,-1.30649331205965,-0.425324966014178,-1.34098919588741,1.04061987406618,-8.75343403355914
-0.320163124597915,-0.540988081772642,-0.403603147672724,-0.385580950978847,-0.401366952204363,-0.150023957624212,-0.641907432848378,-0.585978831974317,-0.438650741312839,-0.752929557733107,-4.84884625493643
0.00929080696267709,0.0987631330446942,-0.00155112052555062,-0.995942899472527,-0.491930946905585,-0.654994981041639,0.325005281431593,-0.299877902065816,-0.121690031297973,0.947483096218929,-0.438502654431565
2.33487378725247,2.04333911364795,1.31898567955583,0.0012388626662404,1.85687138778248,0.426724126212197,0.666097167449409,2.20870938260812,1.31824788794995,1.304129374102,14.9123349068063
-0.59976358175335,-0.842896417129585,-0.532148583729096,-0.534719543820213,-1.07983337938914,0.353520791737149,-0.389164695990555,0.114614670718968,-1.1183330881518,-0.330900283149389,-2.82472988496249
1.48091993534815,0.843348604996772,0.063485348673116,1.50793317473844,0.952765394367849,0.385862256573074,0.878010223173586,1.54180538847861,0.60933596330132,1.43358503916312,9.91540655932366
1.03880067968766,-0.227600416361221,1.14121367483701,0.883005636292078,-0.011571845520565,-1.21700046737242,-0.600581947901588,0.252272288961174,0.508901541792194,0.504482195490916,4.16608913795087
-1.15034152565802,-0.824003347273405,-0.507071101072907,0.907973472905118,-1.59145024784293,-1.20689761878626,-0.717698444831762,-0.876544193180979,-0.726212695395917,-0.448151698004315,-5.4706516771442
0.95220341738951,0.0669989004964682,0.417559396978882,-0.218496068757072,0.00773297812500263,-0.100684682265277,0.813137542938446,-0.560446582561543,-0.460033698604416,-0.0707510029651712,0.325155373506408
-1.57709198120162,-0.307628483276375,-0.668583946176616,-2.3380288372024,-1.02076719991554,-1.33048322812328,-2.2598665216346,-2.27093561824958,-0.9058928386459,-1.85476589505118,-13.3150358434654
-0.0730485557838801,-0.681361735304683,0.088318772394615,-0.657259077983218,0.304728960503264,1.01888469109266,-1.30406446138302,-0.154772368333197,-0.384307378794086,-0.805790466129852,-0.575554144703876
-1.92223033408752,-1.96425843852908,0.047853420873711,-1.39736423046342,-1.02925599635452,-0.848716523892974,-1.16195363831155,-0.861515195633955,-1.27457296692819,-1.39259624013484,-10.5302011451017
2.32958606415458,2.16697822609975,1.64287706238543,1.07364014377211,0.946173877765711,1.99722773847115,1.74238278175112,2.0702021294463,0.749268905296976,1.6457418205769,18.8106369132042
0.701432809333552,-0.530910019749092,0.477182153722776,0.862611138264607,0.771569525257319,-0.865224161628351,0.64700560012996,-0.0526429302078987,0.481684371432679,0.479909669555932,2.97105765794192
-0.935816708927398,-0.908617084513374,-1.14343941269065,-0.156760179581554,-0.710503100799941,-0.896538802898844,-0.98155595042297,-0.769830347232005,-0.612189940465504,0.0804915112787057,-5.4706516771442
0.129504728130362,-0.288342245295979,-0.154847125604754,0.175887260078087,0.369910464142515,-0.405474455063847,-1.30406446138302,0.00912069934335723,-0.743624837563223,-0.459507741135159,-0.575554144703876
-0.362985738093709,-0.660715324426659,-1.77777647408114,-1.1785410139919,-0.656244995138108,-1.01335375956721,-0.503076692145291,-1.98803056543354,-1.67963703209407,-0.883053392725567,-8.10096783157478
0.896820737390441,2.88531667338616,2.26681733886151,1.07364014377211,1.75666655956987,1.62911687926623,2.42468912328984,1.84138053108908,1.10171609463854,0.51280703867034,17.3220530396197
-0.895303446761928,-1.75704790144397,-0.770081921310885,0.0881914772779681,-1.52332237643121,-0.99975379635346,-1.4955979122411,-1.43880260620213,-1.34680861629074,-0.242749238915886,-8.59027958100836
0.952955409662668,0.336439336218698,0.326759926469923,-0.259629192044176,0.47767947045375,-1.12561591959426,0.391894169374388,-0.138563719075892,-0.145353424044229,0.845581324457593,2.73927443938158
-1.41197326324611,-1.33049426034008,-0.889185366127195,-1.16432972602617,-1.02925599635452,-1.0633112059303,0.238102050786406,-0.676225304330758,-0.0494412119124145,-0.0509469575451149,-6.45975625860619
-0.950743320138791,-0.87371292148348,-1.64021160230238,-1.40276314293018,-1.12564047453667,-1.0633112059303,-0.848127189591564,-1.06747784792297,-0.60254601041053,0.179435096094487,-8.74955593313407
0.387247810038175,-0.992407183839287,0.398422777839475,0.231945242459236,0.0153490080715784,-1.03310586137131,-1.19073078901965,-1.24018823887895,0.658413201408893,-1.61758331287281,-2.02326818882581
0.79919708514512,0.330539389555221,0.105079835080248,0.807736814023032,0.852588948640766,0.380702351042903,0.446070212080252,0.0289341922728599,0.93240074789404,1.21165069820424,6.30914314673236
-0.93229545257282,-0.783800362237922,-0.602319181195261,-0.602862380777599,-1.31716395402758,-1.20151231292211,-0.678400027789509,-0.176756108616964,0.0356031732022574,-0.72207874353451,-5.35321712764387
-0.130372538667575,0.702972843259045,-0.289219542807007,-0.364574584894052,0.172941996514492,0.409948266835148,-0.414603574571996,0.792409128955415,-1.73687620584411,1.05455383841484,0.563339825131825
0.973064484736236,0.530302773091152,1.69519489595545,0.348683371899439,-0.129928107731406,1.83542647564872,1.52719065696536,0.690157826331375,0.986451567887764,1.35974622747536,7.77340471598693
0.307173159201429,1.16507879138191,0.223740814057498,0.969038216202605,-0.0703159516529531,0.273249769799917,-0.157133330281432,0.24457159585242,-0.272838907522423,0.535799061838208,4.45124882816559
-0.643133196552469,0.335477706075821,-0.293570940621216,0.952105169221412,-0.656061984808196,-1.24633132149787,-0.149335784124914,-0.682231832169815,-0.00274499930464487,-0.0761241638762175,-2.6064851647023
-1.12110688027981,-0.266864942291143,-0.792716629559047,-1.22456769692792,-0.638105758628313,-0.201602904296619,-0.622518615686869,-1.60429072149676,0.692070056187834,-0.660447840459127,-4.49919978543289
0.145918156343542,-0.0597350192450883,-0.710318355523695,-0.841342034376871,0.239352871656503,-1.10604622835787,-0.0453060542147916,-0.328795698176292,-0.82410566805419,0.240870204333056,-2.61846627879515
-1.59473342509894,-2.55713710553238,-1.85335043058462,-0.83607753145566,-1.14513281947645,-1.98062126553938,0.24124621725821,-2.31646983292727,-0.865410345000667,-0.381977152992349,-12.9882398215337
1.06354148539671,1.11765979017016,0.502412443331503,1.11181177866057,0.275022936259109,1.47635015364827,0.235241995775778,0.898536153519681,2.06868657293402,1.88892785287048,11.79422583515
0.151334984921035,0.270218584280986,-0.0812660979274576,-0.22951475445953,-0.202415341486539,1.19476540868152,0.186613634266649,0.513254426555801,0.607331328535453,1.19960170867714,6.30669491625911
-0.584269097332974,-2.28010614489024,-1.03985487897058,-1.36294923489846,-1.12564047453667,-1.7103008363395,-1.47391897742604,-0.947678175053661,-1.45226761753518,-2.15763238076302,-13.2598839296677
-0.465558653959548,-1.03393845329119,-1.20390073971155,-1.47583493228189,-0.38024481367788,-1.62624487136568,-1.9052523725276,-2.27093561824958,-0.431959822344259,-1.80121261783762,-10.8903361973805
-1.54799968476388,-0.964922618065931,-0.483580884240617,-0.392585514997425,0.345209891151728,-0.901979575686406,0.297749638191593,-0.0176648114791668,-1.45209872345158,-0.0437673060084496,-4.91667219993907
2.02175937682055,1.75442566057252,-0.0282135736044827,0.880439722450519,0.85194743028363,0.921507985404136,0.925749285838299,1.57502954089864,2.26838475931588,1.304129374102,14.4770230366782
1.21552309040499,0.464497927985738,1.3598217774322,0.263392659978907,-0.0998233430282505,-1.0866845802457,0.503228824319145,-0.00272285797979839,-0.533617133627019,0.794983948417921,5.70938584388252
1.03880067968766,-0.227600416361221,0.307196673207917,1.0199129267099,0.704041069290574,0.237281018820655,-0.421873974102695,0.874670838852329,0.611997429143425,0.124494451063412,4.44132983504002
0.181145012014852,-0.387312107763037,-1.20323489872101,-0.792158445234435,-1.01416030194424,-0.89809424452157,-0.227200730784549,-0.70668160975381,-1.01884480940121,-1.03907733031366,-5.55929971317556
1.46222663281901,1.15787314067867,2.92598873775145,0.567943356776011,3.24456550430035,1.7609019171393,1.30565058120527,1.13058981441894,1.36450874193674,0.861034688382403,16.3044395045248
-0.771910349382782,-0.781915415219285,-0.843690047197698,-0.24910254635542,-2.87704756120296,-0.596837883955791,-0.286685056603951,-0.269393538263647,-1.47809636704458,-1.84727557037941,-8.3050259093697
-1.74953134913221,-1.85140911381772,-1.24713477346291,-2.32261469464435,-2.51083460958879,-2.28038347004891,-2.57488603981005,-1.28997030282565,-1.11373791747433,-2.08609899587409,-17.4767777777598
-0.462359155962377,-0.0889796076472974,0.198131666726603,-0.556678327127906,-1.04064283398794,0.595778200188425,-1.51226614146854,-1.06441603754009,-1.1183330881518,0.207120251881981,-5.36163673870333
1.15829336654565,1.00935524586273,0.971488614687677,0.343834112007387,1.15694643519291,0.799721377872318,1.24276654297759,1.70859089871347,0.811394378484791,1.03528145950397,12.3415562372463
-0.192561944144295,-0.403396763909962,-0.732424321805966,-0.530437429951411,0.252272756545693,-0.285273083455114,-1.25097127500029,-0.682231832169815,-1.55888604857135,-1.19705735273773,-6.09896739299161
-1.66807643135607,0.536133749839745,-0.698408788191734,-0.414515743768771,-1.08252232632669,-1.0535519786139,-2.09412721755702,-1.13648288291315,-0.418293098833996,-0.398673149806199,-8.64438641681759
0.633845604873129,0.435394403846027,0.469684866809586,1.16540271969682,1.1485431555969,0.306002885438233,1.46856046201261,1.32770919563454,1.33061647529885,1.13044166052598,10.8203199455188
1.37761299429672,1.28845538547646,0.205060436920063,-0.288533117443626,-0.65667841081461,2.18296390463685,1.46856046201261,0.100325876261619,1.44163412777471,1.78436865317914,9.56266989141592
0.947816960718851,1.23652198971053,1.15716532116132,0.348683371899439,0.238221462338204,-0.360474549485151,0.52324570167975,-0.138162989305475,0.408250639482658,1.26581438720053,7.10205152908873
0.736673822248177,1.45791800466906,1.07692617144325,0.302211434315203,-0.967680728173722,0.948585349985821,0.454790214300046,0.00734418118688667,0.709953756007572,0.553468584329622,6.83406491275432
0.294109791361414,0.0594261668134381,-0.66496563893013,0.773871906507143,0.224355359002577,-0.321885253464326,1.22362087200271,-0.154772368333197,-0.460033698604416,0.970708283551009,2.24823228451131
1.40538436399402,0.423828205457061,0.296166768909614,-0.540171640395702,0.862982621552652,0.382339664158129,-0.646323224438593,0.926719149076006,0.0937944599039308,0.0172144258969433,5.07054769954958
0.258643600029633,-0.27236721656589,-0.0374977022629178,-0.142726479102495,-0.057005549665071,-0.97076309845249,-0.149335784124914,-0.905888761454199,0.227754200313764,-1.78210328388441,-1.49058080988055
-1.66464098287687,0.536133749839745,-1.17963976662602,-0.31515314880042,-1.31716395402758,0.21307369047467,-1.17162933903259,-0.0484854704101327,-0.759221977969657,0.0263585673777791,-5.00455687669221
0.345996741920078,-0.314589633581883,-0.0959642328999641,-0.270640279325314,0.100092377661127,0.449786603012127,-0.390356691130834,-0.525160369075807,-0.336098619235996,-0.396678748048245,1.46990455422894
1.19582496515243,0.240616791203102,0.57110079537965,0.0833925057406219,0.0696680250896583,0.876864503703161,0.122684000474243,-0.870258743076558,-0.0946113182216706,0.382048670317396,3.93735114500894
1.0714789384341,1.16926066851231,0.303999466601164,1.11884486040883,0.0395947348449722,0.360302348341025,0.215973077496474,-0.870258743076558,0.755665182428971,0.970708283551009,6.21741818155402
-0.390547815163344,-0.625622720809724,-0.234435718820098,0.285894116476298,-1.04097281890112,-0.913748709663826,-0.609755279860533,0.0125950896402968,-0.391504465914146,0.75796674256948,-1.66952612208459
1.14756799394333,0.250127757422501,-0.809251971148688,-1.354355157017,0.304728960503264,-0.285257353945676,-1.44241900802517,-1.24018823887895,0.684269203246193,-0.158055009760289,-1.81401406326579
-0.859127480138468,-0.309926085428393,-0.645679673967215,-1.24169793683103,-0.710503100799941,-0.901979575686406,-0.431253124087162,-0.615002154134272,-0.499690016718239,0.0359506459039409,-5.89256886391715
-0.206608424511335,-0.961351412828764,0.993499304163597,-0.995942899472527,0.575294738241405,-0.321479771091784,0.871989257124845,0.627464380977662,0.223092840423576,0.558838348239879,2.74779446804843
-2.63300029977416,-0.900316180288285,-1.03985487897058,-0.697389142161446,-1.12564047453667,-3.39015185129575,-2.00275570518233,-1.58750853539972,-1.55027044668287,-1.29802932094813,-15.6777762594467
-0.653121925274354,0.477481327362181,-1.27078627541876,-0.0350053258406315,-1.29004291150668,0.273279817358921,-0.491301581051441,-0.158370183212033,-0.118406709864912,-0.673688519030072,-4.88683755591706
-1.62130554589859,0.219206058601636,0.417241779801344,-0.841342034376871,0.11821778156066,0.210766753096025,-0.0607821781835168,-0.572022005399522,0.626790252285576,0.567666056034508,-0.438502654431565
-0.601482272223744,-0.842896417129585,-1.25760240322932,-1.29031356389437,-1.68945484612358,-1.94067817372177,-1.95920939847025,0.591395001861035,-0.485445017389334,-1.24747701743878,-10.0165432210187
0.263300524905499,-0.27236721656589,0.470829174208345,0.260814248622512,2.09025651034449,0.913162190537012,0.70108274067757,0.376225040462092,0.61240278853706,-0.34929646730374,4.97933534278692
1.15829336654565,0.323948967565038,0.69390727735805,0.346301628671292,1.67463049457355,1.30180341856662,1.64456168268387,-0.145331836888232,0.531109916299548,0.777046648081304,8.70449166519385
-0.0654095493662126,-0.971466335296381,-1.15023969210121,-1.84976956682471,-1.20811789851279,-1.83790190826487,-2.0973704649843,-2.54260525524254,-0.661136019748872,-1.6613575107858,-13.2598839296677
-1.66149174606641,-1.16379039879092,-1.17725351062199,-2.26738620310435,-0.324217335351845,-0.282760678120954,-1.95920939847025,-1.72775033421236,-1.34680861629074,-1.6613575107858,-12.5771955578733
0.019606067450367,1.37585539656187,0.223740814057498,-0.0571550408915873,-0.228375739765291,-0.567287971551405,0.66580277130577,0.293140637513142,0.322618061550716,-0.216029762982971,3.65313555797581
-0.349355689620926,-0.125074447641943,-0.386713976059624,-0.109943125514541,-0.357667316840764,-0.0905414875440114,0.0991875020881592,-0.16855259740379,-0.107452639575757,1.18898066682048,0.870397088826262
0.321427357841272,1.42107472709797,0.935025807164851,0.501664662823722,0.165702008255445,0.358582307282476,-0.0156342858865301,0.0168960141272261,-0.390031392312042,-0.257196652366098,4.41583503514282
1.62565253979681,0.725344262553564,0.868395926610875,1.11249293543266,0.671845775592772,0.659250032022583,0.0829182451613559,0.866819438708167,1.89021286343618,0.870106987278657,10.1628665874554
-1.24465101160113,-0.221379051958071,-0.359974095424799,-0.380182391872925,0.296511749093553,-0.913748709663826,-0.581351514855605,-0.101786527867962,-0.200828728307276,-1.73680018091821,-3.75069925247482
0.214668509280247,0.045198333343828,0.422492053243328,-0.907224841816189,0.921179114055695,0.999518550491622,0.383087961640187,-0.138162989305475,-0.480956054474671,-0.135768317447514,2.49564854737605
-0.964899238242824,0.359455725551471,-1.25636442410931,-0.716704536802203,-0.405041180040185,-0.236307316151366,-1.67510539691022,-0.995620386016218,-0.808512759038989,-0.573276172960085,-6.75359258727842
-0.109714667003148,-0.730352609016461,-1.90251099442115,0.284658851728956,-0.926508872670906,-1.0689974804169,-0.617037578430559,-1.73367935358409,-0.309984071359789,-0.0372467956395288,-6.00850267051756
1.68833095841619,1.42683199210275,1.14537474982579,0.821136329326029,0.882207851291944,0.393147498029082,0.998257124456919,0.770501691786459,0.503309889424711,1.59746532762677,11.0034092466103
-0.903728511180514,0.611831023301422,1.85347502740914,0.592146478076038,0.581212088977045,1.40007214846332,0.725314737062674,1.307026529168,0.776629375277167,1.49600894350704,9.23635748292317
-0.210198486153061,-0.0563666393258281,-0.164772322356619,0.491469753288779,-0.367275073043585,-0.0599773835995406,0.150342312360235,0.108398801940522,-0.0933957915046618,0.794023618022452,1.93949501100124
-0.368258921154719,-0.660715324426659,-0.638815861189233,-0.667963939204058,-0.596555186475741,-0.294971622350831,-2.51726858750183,-0.324925393825283,-1.06343540412903,-1.61467563630407,-8.75343403355914
-1.19271475551846,-1.94981105988415,-0.18082549226913,-1.01854833037197,-1.40292200128204,-1.57666776870169,-1.55946741987764,-2.27093561824958,-0.990077732370316,-1.39566879699057,-14.1278396543213
1.24162937418749,1.56280136032955,0.266893897846987,0.236365061724684,1.2530120363319,0.799721377872318,0.250422148709448,1.02728176332798,-0.234352755841158,1.67787171987814,8.47781454383301
-0.0974675509886177,0.452165305850869,-0.710848621216688,-0.243047458310176,-0.263434673401547,-0.654967119218526,-0.508026072231312,0.128410075907983,-0.418479557302544,0.543906221379368,-0.53137963088811
0.631943876281846,0.577753578670442,0.268477054708828,1.05318585222562,-0.0331877662093334,0.983926006526438,1.07081053318898,-1.23667478013575,0.67223414070746,0.593354473669309,4.71028116558248
0.0653545878173333,0.117456149693857,-0.461742182176375,0.523468841616549,-0.538543513435822,-0.601946421917828,-0.159951772881214,-0.72818258221814,0.227754200313764,0.706298088663043,-2.32542135991165
-0.942697278716701,-0.624973935915175,-0.976829037403256,0.885562656225834,-0.401366952204363,-0.51026146808176,-2.18319849629226,-0.139800955617186,-1.21611730172392,0.593231797228404,-5.3927870747364
0.896820737390441,0.0655120896568832,0.422917865480229,0.998714735612109,-0.181471810721498,0.0824895601820047,0.347727973221486,0.626108848898924,0.758000636557727,0.526711006435608,4.71028116558248
-0.976110557432076,-0.214088368591699,-1.49732047774289,-0.392585514997425,0.128320804866692,-0.24788868912014,-1.08420944710692,-0.993862829188669,0.323325023702197,-0.699563540085175,-2.89514994226011
-0.942697278716701,-0.908617084513374,-0.0672807674747931,0.0402857361208738,-0.401366952204363,-0.500004969671492,-1.31782589759698,-1.24371433282684,-0.0463251418758476,-1.08488519605729,-5.39858266512386
-1.54799968476388,-2.1826019293082,0.047853420873711,-1.71887273399638,-1.69158529099399,-0.783945371601065,-1.36021713160595,-1.43880260620213,-1.56271841210284,-0.610234983991646,-12.5920998941564
1.19570066347142,0.553078790144487,0.223740814057498,0.473816564798537,0.423394801447615,0.0980871233350179,0.310497340876595,0.807630095142157,1.03303633615114,1.89177171504085,8.03030689349239
-1.11182893907127,-1.08540947788132,-0.758956150599459,-0.212969956647405,-1.02280173118079,0.512608246550099,1.45681687930841,-0.299877902065816,-0.85563457991367,1.18898066682048,-1.13716310550027
0.946683606869289,1.54018514427284,1.37766330067081,0.881092418812686,0.293671096477534,-0.558491597358114,1.46040870381848,0.898540848689553,0.531109916299548,0.0260047227308845,10.240365567945
-1.09862770837021,-0.675728368322564,-1.2466338773805,-1.01854833037197,-1.68945484612358,-1.20678502742586,-0.615650351352342,-1.31076663446794,-0.135955095032591,-0.642207421315004,-6.55072412862802
0.145918156343542,-0.0281506599264393,-0.260545990770847,0.62994881446691,0.227306124920626,0.345580154068092,-0.0788990199749722,-1.01531503832005,-0.650520981914766,0.126902121124176,0.255706733888316
0.283217635621753,0.944629828130656,-0.42652719998659,0.841235692142228,1.30669229636569,-0.116284310924964,0.499113666407972,1.12741848391822,-0.734049341299119,0.435590106853875,4.41589742105339
-2.86747813836844,-1.68426770179237,-1.36303680551482,-1.08173452510141,-1.15085238217304,-0.328390562133163,-2.13089632942207,-1.91442181537895,-0.865410345000667,-1.3921511756138,-14.555460474746
0.207400871175263,-0.0101573242226915,-0.165707317481452,0.999075956798511,-0.301128785312687,0.30718715312905,1.12509721721277,-0.243358301980105,1.46045838168064,0.0518478870918824,4.7504295763317
0.539595046993687,0.736887570527762,1.7184112696687,1.12140795718093,0.827681513593047,1.22448742306765,0.769163897563939,0.982296315402095,1.13638748914146,1.02638354278676,8.93808438674468
-1.54892607171957,-2.1826019293082,-1.09351951687278,-1.37507801574437,-2.03185227861466,-0.328390562133163,-1.56990954318468,-1.05067253046988,-2.35991818181701,-0.610234983991646,-12.7849601690109
-0.462359155962377,-0.0889796076472974,0.198131666726603,-0.556678327127906,0.132303028320623,0.304651875930341,-0.376940555030475,-0.138563719075892,-0.336098619235996,0.632174669973665,-2.32542135991165
1.19621732751499,0.240616791203102,0.57110079537965,1.20855804820416,1.60117160620958,0.84729823046067,0.874718020753159,1.1921038662058,0.683509481658491,0.17736073883086,9.97435204879284
-1.37089446931082,-0.818937948695125,-1.33473341021129,-1.16432972602617,-1.02925599635452,-0.529635629128804,-2.00032711180891,-1.57138848438213,-1.34680861629074,-0.97726861820004,-11.354377546969
-0.937866145565072,-0.138085112759883,0.359563860968115,0.188037998928559,-0.374906527082343,-0.466749857268256,-1.51226614146854,0.251418320586342,-0.560241291112829,-0.498317432414604,-2.91430123133095
0.563357866576794,-1.24724072826995,-1.22430894230728,-0.588984732636514,-0.469430708353751,-0.596378478804056,1.45681687930841,-0.707655206526166,0.289363019687521,-0.108836540202303,0.12164179454183
-1.13893317949469,-0.88966491961969,-1.0360909955691,-1.44437170494612,-0.94116793671429,-1.20678502742586,-1.66347936650799,-1.31076663446794,-0.476304970897136,-2.19285564932869,-10.4744934329035
-0.75743508751329,-0.0555248310651872,0.722296945340459,-0.495903140209429,1.48310241739124,-1.06889007700897,0.0900454420301589,0.187672398183177,0.61892322999502,-0.135768317447514,1.55127725731827
-0.531344187444671,-0.285532847679686,-0.57071465663681,0.430421576527831,0.518747591908269,-0.114317059043354,0.602282282580961,-0.505080797741633,0.397231648646764,-0.957959266460678,0.282732706819653
2.85216194836734,2.29594486493003,1.87311595957625,2.30086755691947,1.84594901778938,1.79353041798488,1.56961905459998,1.84138053108908,1.56126402808542,1.97333838391907,18.9765051712369
-0.307674527752712,-0.328480326474175,-0.732424321805966,0.379327985035599,-0.2233743084275,-0.348894154127117,0.371487907536181,-2.27289369860948,-0.927561255737109,-0.868803731329963,-4.91667219993907
-1.04301015246787,-0.422549644325667,-1.47879741999402,-1.60968881617653,-0.663586388575387,-0.180465544105111,-1.70378133135401,-1.33807150441601,-0.615718150324131,-0.759397165748586,-8.63351289649587
2.13046108530018,1.1971538304594,1.87692719814826,2.48659253615428,1.43622255114535,1.74522372138011,0.76291173056256,1.72125879778616,1.11247433833645,0.646678586737976,16.3239104121128
-1.23110434988791,-0.221379051958071,0.776444591009877,0.0842387814420732,-0.519376154834328,0.123685125568354,-0.176459366064441,0.252272288961174,1.12426760629155,-0.472743081724863,-0.532194551027838
1.68833095841619,1.42683199210275,2.70105640220547,1.07364014377211,1.57504718686981,1.99722773847115,1.30565058120527,2.92532158886062,1.05008775790287,0.931525564858592,17.3220530396197
-2.08494723831907,-3.02917782776773,-2.4893718671166,-3.50203944278081,-3.62060522217244,-1.62125572940405,-2.29939558284839,-3.14206917917497,-1.51356244478643,-2.34834689927735,-24.3786757681448
0.95220341738951,0.0669989004964682,0.417559396978882,1.05318585222562,0.0866026836697028,0.793280576968314,0.300646976779958,-0.448609182726434,-0.924454955082613,-0.387704598912593,3.87180196893091
1.17305997527458,1.62330031327952,1.38297159472243,0.821136329326029,0.882207851291944,0.986920653899372,0.429058690826947,-0.110012694880772,0.920990647845477,0.870106987278657,9.62245000757887
0.440215121214638,0.702374527331275,0.651410687837896,1.93027831351945,0.538107624827763,-0.601251021070413,0.725314737062674,0.405805188179388,0.217620609528075,0.545142664002905,6.4195056192397
1.21967298340087,0.464497927985738,-0.591311144186779,1.23428251696366,0.341706002133023,0.27188381090909,-0.675384707540556,-0.619937832214192,-0.573887525163393,-0.312469719346388,0.360345676551241
-0.36041949063891,-0.660715324426659,-0.638815861189233,0.974618231038791,0.931947224904782,-0.554810915590657,-0.364383347152913,-1.02533961668318,-0.648216540873084,-0.351955559301461,-2.30226327404064
-1.41197326324611,-1.33049426034008,-0.889185366127195,-1.39736423046342,-1.82705991318558,-1.0771419793918,-2.2598665216346,-1.59346242722103,-1.88949055138124,-1.3921511756138,-14.555460474746
-0.179054590598983,0.249432596909038,-0.630883587438462,0.00270694035409721,-0.751097162650705,0.0848122134166296,-0.10265008585343,-0.699628324382991,-0.53402723849383,0.460270640043412,-0.456676519660524
0.222730936189255,-0.203829503793752,0.479800673584011,0.305942584369355,0.119509224551527,0.696809362883029,-0.997303223862243,0.96234882156093,-0.43950877281124,0.286736883879608,2.49564854737605
-0.296718454510371,-0.438695972467173,-0.837369065047438,-0.355426945923956,-1.18356598672778,-0.746262180906411,-0.717698444831762,-0.143859378892186,-0.808512759038989,-0.68222541791939,-6.17019413167557
-1.66807643135607,0.432276587490698,0.088318772394615,-1.02839963844441,-0.735657530032603,-0.960484240927222,-1.49946377795413,-0.354030178477463,-0.703922495179592,-1.09270461149289,-5.41238127281955
2.50324309845627,2.29594486493003,1.87311595957625,2.30086755691947,1.67570737049675,1.79353041798488,3.12781724907716,1.13058981441894,1.17926810667191,2.22283757407806,18.7845567417896
-0.562044923919788,0.235072587185149,-0.941779021773021,0.430421576527831,0.338467014561383,-0.466749857268256,-0.127574062622798,-1.06441603754009,-0.107452639575757,0.48277696830117,-0.866949716106209
-2.63300029977416,-1.68426770179237,-3.08052957305324,-2.58542902619146,-2.48242032112771,0.0307649774025799,-2.44274089965092,-2.78986094663352,-1.75460206653792,-1.69559239113924,-20.8266531904136
0.414143362411695,1.40976351256495,-0.538464911347775,1.76287557556719,0.635750174522234,0.613017827429019,0.876385609793977,-0.155002244762611,1.52044606461984,0.0485566610194943,7.45374585794931
-0.792853540486435,-0.977194739304224,-0.691166300860869,-0.655613548320634,0.414250223552853,-1.4168535600885,-1.52567275486604,-1.13354154499349,-1.06343540412903,-1.42209420768894,-6.55072412862802
0.593590485742308,-0.611694353882615,-0.992659035904643,-0.961196164997174,-0.785014515446367,0.0227789546667717,-0.641770132794759,0.366912871592871,-1.19340090976882,-0.32342258149082,-3.75414565930415
0.803465079244776,0.462589958538931,0.268477054708828,0.425078927714957,0.601496027001621,0.139843658743607,0.667462567821203,-0.128195780422642,1.19660791927678,1.18648044264381,7.73877594374023
1.14756799394333,0.250127757422501,-0.809251971148688,-1.354355157017,-0.704127623934201,-1.63537430756018,-0.966214574019787,-1.32414422236117,-2.16750609395279,-0.281943027013554,-6.51616763337125
-0.790930485983908,-0.85868034665056,-0.554987006226429,0.393035319477667,0.11821778156066,-1.19522998288344,-1.18618152626206,-0.280631802104635,-0.291797900072216,-0.498317432414604,-6.07983066231821
-0.142130120797344,0.770345560544811,1.58384785003739,1.02920804661451,0.532763031459311,2.09378440851174,0.445397254696752,1.16563164420199,1.36848017440013,1.80193555343154,12.4333041293709
1.4716393725969,0.961253140112405,1.63286702205482,1.20388289202915,1.26552509407431,1.24197662055754,0.495903914859021,0.0884586404115178,1.01357779888653,0.777046648081304,8.93808438674468
-1.19360360754683,-0.572322627043073,-1.10992128546573,-1.43881553413649,-0.964345690111946,-0.963084369945017,-0.690485016234856,-0.39247620217999,-0.358841400425037,-0.656416003815054,-6.91491930909152
-0.604468446668094,-1.04071295969602,-0.586889825115013,0.167285509898595,-0.522981630691889,-0.746262180906411,-0.950295364904879,-0.875040521108804,-0.499690016718239,-0.071712766395523,-4.93710664514881
-0.661222996691602,0.474462717525555,-0.24811365003249,1.36000146669841,1.02960862962592,0.264265978887792,0.163120283934062,-0.20717849211401,-0.87297965383591,0.602838978973978,2.46778823068964
0.139776087708071,1.10007858928048,0.281705597044237,0.425078927714957,0.676806855964415,0.0980871233350179,-0.646323224438593,0.0771248329779286,0.744872837023246,0.0527347924228636,2.56902136180363
1.36925360952824,1.28845538547646,0.772406045901458,1.86718852520448,1.42132575539283,1.53666424030634,1.2756370658386,1.74687629915509,0.15672728560737,1.03197475949953,12.4068638846704
-0.392116432350747,0.608023089134681,0.160045368986273,0.479668457046272,2.09025651034449,1.12112343729334,0.52324570167975,1.82707628879405,0.920990647845477,0.829029336417652,10.5553000174159
-0.164916925600527,1.41989868247932,1.3598217774322,0.358487465622359,1.10730879361687,0.746974215061602,0.902529279493039,1.94948088745769,1.01357779888653,2.0872519695689,11.9354865014949
0.0561706832577062,0.777453110599829,0.529476867614756,0.0377872798077998,0.0353771371588844,0.0600800604822076,-1.07548063510224,0.293140637513142,-0.353060756555769,1.09335180146867,2.94681047937199
-1.54892607171957,-2.1826019293082,-1.29968326046098,0.59043878456508,-1.223692328307,-0.848716523892974,-1.70378133135401,-0.750539611944593,-1.04202560891762,-1.39902543180997,-10.5302011451017
-0.429451972859365,-0.606697324869331,0.417241779801344,1.36000146669841,0.0916623611816309,0.0731192341187479,0.3231033336042,-0.428457550833907,0.815143096286946,-0.312469719346388,3.00407586304975
0.198286381974887,-0.164156294087112,-0.264145120361254,-0.192046123955692,-0.830774537569365,-1.2694352150669,0.733539531165944,-0.187928146049809,-1.25859800481072,0.210648865857874,-2.04716225493109
1.38799801642292,0.242642364795438,0.334887847729297,0.123833359527351,-0.711749317074653,-0.151342111884203,0.367218203057068,0.190466904699809,0.910429452875378,1.43164660759965,5.52955825312593
0.509935043648564,0.52911507160006,0.469684866809586,0.836324485262292,0.149010038522387,0.983926006526438,0.650768811505025,-0.366244025260798,2.1812365243764,1.21165069820424,9.22750132793753
-0.181700682827785,-0.167962714092657,-0.351934570215653,-0.997757903740414,-0.4419251122241,0.0515103021058089,0.325005281431593,-0.16855259740379,-1.13510334922651,-0.641029180960845,-1.50704021239325
0.399354726627248,0.685824341471544,1.11343474895281,0.641164928552215,-0.635081222479456,0.505219447618476,-0.157133330281432,-0.0410772489508693,0.395987363080183,-0.290253962371762,3.65871430547633
0.654657880870931,0.25620523229082,-0.600433040327625,-0.209410713992892,0.399629226145974,0.409948266835148,0.158470057101487,-1.01531503832005,-0.249626847693005,-1.33374021571953,-2.62207029742375
-0.282248293450864,-1.08683525641347,-0.976829037403256,-0.655613548320634,-0.89864808902258,-0.925163423208483,-0.986390067538994,-0.265938338508795,-1.32313833102572,-1.17503694048694,-6.34119199395231
2.32958606415458,0.0152269852511909,0.935025807164851,0.136612548822735,0.604951774641468,0.385584379059479,1.46040870381848,1.32770919563454,-0.954273103512381,1.21238976812297,9.65150701663246
0.582972123027089,-1.28232241718393,0.858622691099985,0.875757903526773,0.391426980851967,-0.316243028864956,0.313277418359706,0.912169567670868,-0.145353424044229,0.639427953923505,4.41583503514282
-0.770477366754765,-0.860193617498712,-0.668583946176616,-0.602862380777599,-1.62072148017537,-1.51692618073173,-1.17139967201662,-0.145842570116084,-0.530303435611956,-1.49773036662612,-6.52892862549439
-1.29133045368492,-2.40270430924585,-1.09351951687278,-0.792646901121463,-1.04427753234183,-1.14721640308875,-1.43978131199267,-1.91442181537895,-0.392460953729196,-2.31693798115432,-13.342640441046
-0.347315875423383,0.452171473827032,-1.02928198129557,-0.30484127935945,-0.801913635679018,-0.822370333517229,-0.324822817524335,-0.877846379347527,-1.9454759152223,-0.0334509043479339,-4.64377575545265
-1.37089446931082,-0.818937948695125,-1.22416675313707,-0.437260348609079,0.592526075252161,0.17793697826249,0.711946088574776,-0.41770883509561,0.0638839115192337,0.543906221379368,-0.400067039930471
-1.37089446931082,-0.818937948695125,-0.963920489382979,-1.4389959473752,-1.68022824937959,-0.132920941313344,-2.00032711180891,-1.5079847661721,-1.28937621792731,-1.2365547461019,-12.5920998941564
-0.792853540486435,0.0879358971856528,0.372178617420625,-0.533524799427304,-0.716951837393149,0.0848122134166296,-0.546699879181852,-0.164897626582913,-0.261738921041635,0.447754112118198,-0.866949716106209
1.31934892571361,-0.327768443956786,-0.628448468986528,-0.512672094172859,-0.82822936113257,-0.401065457501358,-0.777812999353672,0.413065330614065,-0.121690031297973,0.0581670441555989,-2.32533143634221
-0.36041949063891,-0.125074447641943,0.0242653844219818,-0.579204247419533,0.338467014561383,0.612910133507673,-0.777451489094397,0.473997452972238,0.815143096286946,-0.527835738187985,-0.137643793852323
-0.620686046825389,0.274127892846141,0.247279839292916,0.87706184011486,0.651367575399574,-0.852831053896488,0.66580277130577,0.187672398183177,-0.0946113182216706,0.46839913850886,3.87180196893091
0.154569706037825,-0.218568303067395,-1.00431371413967,-0.487741166284605,-0.389787319257791,0.0174393008538866,-1.41835155944796,-1.18653309333157,-0.41657821830531,-0.344125943807237,-5.29443563986182
1.31934892571361,-0.327768443956786,-0.415216225413823,-0.831529094155794,-1.84256927842729,1.03565253855056,-0.313603736640395,0.37564145592434,-0.313112631408334,-1.21964404876524,-3.25165789878612
0.445586687597695,0.206538897176646,1.00662535336679,0.0175631914760229,0.0711423028154107,0.125637857256502,0.178790436540939,0.509821135217835,0.629646116222533,0.524295939024697,4.62486716549138
-0.983541727258664,-0.214831692535965,-1.77777647408114,-0.8277858027803,-1.223692328307,-1.62624487136568,-1.30349166369987,-2.3414682027495,-0.870321737998311,-0.304845687604653,-11.3501058271276
-0.296718454510371,-0.847026095254015,0.422445068880458,0.188037998928559,-0.740830006329497,-1.10604622835787,-0.0607821781835168,0.0143607754582602,0.346642252109812,-0.396678748048245,-0.456676519660524
-0.465558653959548,0.462427015472844,1.13582413485128,1.04246341474179,0.144554712697678,0.221075181584561,0.347727973221486,-0.364390724198167,-0.974376667734406,0.413659067953206,2.73927443938158
-1.52090269617277,-1.38791751444508,-0.792181720934892,-1.40276314293018,-1.02076719991554,-0.726642131985818,-1.34947805994196,-0.269393538263647,-1.47809636704458,0.117402198281431,-7.74460483144553
0.796316023828323,0.81128505643974,0.0753424396518008,1.08729072416531,0.0422335823670221,0.708523036474497,0.300646976779958,0.648574554348324,0.0937944599039308,0.694106263507596,4.73084028656274
-2.86747813836844,-2.33846724204854,-3.18452132204409,-1.20651515773515,-2.99002355785558,0.0307649774025799,-1.98631413223746,-1.28997030282565,-1.88906179622799,-2.15501524466641,-18.923563897455
0.354841818733521,0.450707063452798,0.255214211393715,-0.209693936674948,0.0584306297365945,-0.515619082208689,0.0321277057147555,-0.0407895904647648,-0.101775404885533,0.794023618022452,2.49564854737605
1.00297032290142,2.36242288241475,1.30033329249623,0.712652789130733,1.33768331110123,1.03697401666671,0.919950299271533,0.271402436551647,1.6420981686224,1.41428049697985,13.122986164734
1.17305997527458,1.2588835593827,0.0971820702994486,2.34118727438969,0.293671096477534,0.803391448477082,0.889808088888301,0.0557039796834146,-0.25491726154905,0.73495356718073,8.03030689349239
-0.804910194369141,0.278538665414221,-0.266604622119605,-0.508655751901278,-1.59145024784293,-1.28778121239175,-0.617037578430559,0.510876216693686,0.0519743285978821,-1.00690756958927,-5.1454360957759
-0.800790580127437,0.278538665414221,-1.81015492472906,0.0517581797225577,-2.26850189300452,0.0320676234991089,-0.0440545048317918,-1.3628338190514,-2.14798607314272,-0.805790466129852,-7.78664503396823
0.349521755296114,0.108426976551349,0.0410648037166422,0.0267206397855491,1.3266885649945,0.826834986328862,0.910525121580428,0.00734418118688667,0.713799020540921,-0.194910307081039,4.91783157826038
0.697244109598753,-0.530910019749092,0.479800673584011,0.862611138264607,1.22700086873385,0.203279829105146,1.06642737217305,1.41979884675157,1.35876891030788,1.35974622747536,7.90991958793037
2.50324309845627,2.29594486493003,1.87311595957625,3.32415039607257,2.16191349903577,0.852673269767673,1.56961905459998,1.87775323525802,1.23542779134573,1.53110952349363,18.9765051712369
-1.19982346486474,-0.440334214951232,-0.365036378912378,-0.392238323129888,-1.08252232632669,-1.20689761878626,-0.563351550490382,-0.781615814906707,-0.860911217854473,-1.19186316057214,-6.67118634555093
0.483284635346708,-1.28310135760764,-0.21697370131609,-0.472990562615022,0.368064278889654,-0.422475438237119,-0.390449142547659,-0.570110367324965,-0.0988567376733605,-0.694499451549022,-3.12434157504731
-0.140365281715741,-0.411519974080438,-0.149326749573723,-0.394463562418638,-0.293973824880289,0.0592199963869657,-0.983989254620622,-0.362778228381568,0.555380091524866,-0.258723317225197,-1.84410422895472
-1.78292787683396,-0.646980469196904,-0.758956150599459,-1.08103817501794,-0.557985801584537,-2.02189512028923,-0.848127189591564,-0.711015298437908,-0.302242320450572,-0.622195085936589,-6.52892862549439
-1.79380655664483,-1.85140911381772,-1.24713477346291,-1.78106989318617,-0.377291192360145,-1.20124788140447,-1.22852054126927,-0.750539611944593,-1.34680861629074,-1.32045130870939,-11.607909422969
-0.0457075492174209,-0.307298305780214,-1.33611965762922,-0.0131186769560076,0.252272756545693,-0.612777959796381,-0.641907432848378,0.701969812509939,0.836916655468646,0.286736883879608,1.29902231551559
0.271419016420714,-0.20920400775348,-0.264145120361254,-0.556678327127906,-0.263434673401547,0.377323233836567,-1.19073078901965,0.409770793189673,-0.648216540873084,-0.523884067279163,-3.66616338907522
2.06685989815285,1.1971538304594,1.87692719814826,0.0234912177381556,0.857361927935373,1.24197662055754,1.48980459435896,1.74687629915509,-0.0227725458256834,1.50469945505067,12.4068638846704
0.593590485742308,-0.258407165777064,0.707218047932809,-0.1700718815411,0.106546647956483,0.844805084394197,0.411846891168987,0.777401921769414,-0.87297965383591,-0.673672591370147,0.737820832746655
1.33917797617555,1.3945202515589,2.30814994327149,0.0234912177381556,1.33768331110123,0.582057563128621,1.49872281023462,0.647809420447946,0.554618860668703,0.73495356718073,10.559937069671
0.0421262023618012,1.81569805523296,1.28437694363156,-0.641680625570421,0.556982413792969,0.570027308118675,0.310497340876595,1.32770919563454,2.06868657293402,1.42658588909822,9.79033471155893
0.95220341738951,0.0669989004964682,-0.894355328328732,-0.446065375666626,-0.336080491355542,-0.475771575578488,-0.777812999353672,0.784569066252015,-1.17171399849401,-0.0570942089620288,-1.33509058397654
-1.41197326324611,-1.33049426034008,-0.558498268575342,-0.8277858027803,-1.41687307046132,-1.15393300547214,-0.690485016234856,-1.44302851390036,-1.4852361575402,-1.59835031855704,-9.24017984956028
0.95220341738951,0.0669989004964682,1.31075672739021,1.02850152010085,-0.173790120652861,0.925129463362562,0.859367466450641,0.832626296868623,-0.722115992038922,-0.529890316845418,4.35199531829624
-0.390626982499225,-0.390700492328779,-0.224743374777837,-1.02839963844441,-1.18356598672778,-0.971905606070119,-0.700050359490929,-0.398048653939094,-1.90642417993211,-0.145931531384598,-7.142800793559
1.31899232334049,1.15386203268688,0.0971820702994486,0.246647635316881,1.67463049457355,1.82429545246317,0.0829182451613559,1.46632259639273,0.946467465667523,0.655723289422638,9.8233734497119
-0.297717673071498,-0.83585400247275,-0.792716629559047,-0.0292146692185661,0.0724116371223424,-0.813280684291292,-0.641770132794759,0.316544246699656,0.0638839115192337,-0.136777096142847,-1.61448053843422
-0.261352314692275,0.14382535896892,0.107656217296957,0.307620681398806,1.00267155085872,-1.17958262705597,-1.39120455644442,-0.10174518865762,0.0425208655422388,-1.28734517381663,-1.81401406326579
1.37249669320541,-0.0759992852110311,0.469684866809586,0.00586722765409178,-0.255816043619562,0.590586849469881,0.363084870555406,0.440657546568422,-0.480956054474671,-1.51005360808328,1.33546276401577
-0.840713331353627,-0.515674058744003,-1.33430816206739,-2.24442918772392,-0.142293352480049,-0.419439181872453,0.0915986432127965,-0.995620386016218,-1.6275241198721,-0.912333811398105,-10.7279842665233
-0.170569988658579,-0.838129062319619,1.18802268429359,-0.715290986041213,-0.472663431755692,0.444210152275131,-0.455832055582407,-1.30719576472924,-1.058553876391,0.22232758784559,-1.58443850545156
-2.22881941156498,-3.32536810145788,-2.00165254792857,-3.50203944278081,-1.92097363671418,-3.10160034723246,-1.44082760831073,-3.14206917917497,-2.34964781990708,-3.08386056875376,-24.3786757681448
-0.0328692934245143,-0.193289804579385,-0.495975339966801,-0.508655751901278,-0.820562514002596,-0.683920431577412,-0.53106721134146,0.316544246699656,0.301402099092233,-0.158294193007936,-1.03864605619081
0.371144317256556,-1.58916791824012,-0.149599195974281,-0.451522653626037,-0.401366952204363,-0.00762712528119772,0.478850001088328,1.00485309982856,-0.84184962145328,-0.719555079379603,0.12164179454183
-0.950743320138791,-1.01606623501793,0.4218069286342,0.431135509696418,0.549489376059573,-0.822162778413549,0.924439655303377,0.978963418896094,-0.322596955515672,0.607644200399853,1.8948078314345
1.14756799394333,0.250127757422501,0.531225065817377,0.4651543064073,2.3259190515402,0.337823320204898,0.0421204801134621,0.62839203539767,0.531109916299548,1.44283987245111,7.30426833150005
0.148576452530649,-0.218568303067395,0.197776740387183,0.285149461048632,0.812104491148672,0.275086580173886,-1.07548063510224,-0.137679805484717,-0.101775404885533,0.947483096218929,1.65062656428428
0.0387483437283236,-0.308621627668885,-1.81015492472906,0.907973472905118,0.170266299697952,-1.53801297579473,-1.84331125919259,-0.222992034601333,-0.984046077266541,-0.800231907417117,-6.33343231841815
-0.179718543109899,-0.67826169979469,0.469312188356742,-1.23086752339225,-0.731339027302325,-0.30746974433553,-1.0634340375509,0.128410075907983,-0.343209203670187,-0.344125943807237,-3.18338321005958
-1.14286034650494,-0.824003347273405,-0.507071101072907,0.907973472905118,-1.59145024784293,-1.59925070418411,-0.0148132418727889,-0.998709956171465,-0.150186141145256,-0.498970048493798,-5.43805297193288
-0.142130120797344,-0.411519974080438,-0.00797898916751166,-0.695876170009395,-0.704127623934201,-0.653590330199444,-1.31782589759698,-0.431619840347287,0.041091249732715,-1.73847110760318,-5.89256886391715
0.445586687597695,0.958782218474642,0.333532596346075,1.55654663664939,0.75493163389466,0.559919854729682,0.674033109331045,1.54180538847861,-0.2756734447262,0.174350208825605,4.50261655817279
0.139776087708071,1.10007858928048,0.281705597044237,-0.243248017781347,0.471206281885253,-0.0536849935822869,1.09708579440114,-0.477060268213868,1.17556562768313,1.18816511507523,7.08885572344726
-0.738888637027338,-0.426365321134127,-0.197415791317928,0.431135509696418,0.575294738241405,0.123685125568354,1.72434954993745,0.661352826547418,-0.308706205311585,1.36245188524854,4.3906691910157
0.877312924809182,-0.322340343408098,-0.224028944550625,0.467615345974723,1.54854445081114,-0.36695946762342,0.923407283977013,0.24457159585242,-0.423949753677965,-0.34929646730374,3.78357758331592
-0.716522745173665,-1.64216276886162,-0.649738683792081,-0.50232796239035,-0.604044396271596,-1.58670552531612,-1.64161072041506,-0.285553377948752,1.26159069688086,-0.256800764756476,-5.97371926903192
-0.418677586686662,-1.60656088126096,-1.66057067299824,-0.589615471445613,-1.82498834763794,-0.951747999495064,-1.45334262641765,-2.61779109071257,-1.76950095161209,-0.976553798695455,-12.2810594234971
1.13885563141168,0.0570014062343508,0.531793936642753,1.29533895024249,0.708667530490205,-0.821448854433508,-0.0717327357229152,0.81159767654537,1.004500710666,0.367723522213677,5.2528843896468
0.483284635346708,-0.897732066226959,-0.095769604895294,-0.695876170009395,-0.798707593981848,-0.30746974433553,-0.487034517526472,0.686974931654974,-0.396990546514114,0.201356976219577,-0.456676519660524
0.225406946686426,0.0279912264858266,0.547698489566716,0.107101193268173,1.67772595794357,0.0824895601820047,0.299147045956466,-0.138162989305475,0.25507467283432,1.35926329022291,6.84308598386825
-0.75982931344901,-0.0555248310651872,0.722296945340459,-0.209410713992892,-0.781995935938934,-0.46625665449881,-0.670225950762494,0.37564145592434,-0.460022262719047,0.201356976219577,-0.892855337095282
0.946683606869289,1.0091675178312,-0.291340747172424,-0.544019010946712,1.54854445081114,-0.448042917875224,-0.772097779972081,-0.143781260256497,0.454575207873787,0.690058096972579,4.09511301797157
-0.45714877530043,-0.752750170350115,0.170708138532618,-2.35373846899168,0.128320804866692,-1.24260753798429,-0.678400027789509,0.0455626949634847,0.438087821833589,-1.45369576812893,-4.7793183344118
1.24162937418749,1.56280136032955,1.49146256302093,1.48225468295096,1.91600529458238,0.426724126212197,0.495903914859021,1.3755916148099,1.21379329178964,0.453345296197905,11.9458515780035
1.16272214263681,1.62330031327952,1.49146256302093,1.48225468295096,-0.466930983127366,0.825574937528536,1.17844718918864,1.55693085492196,0.683509481658491,1.01603756652606,11.79422583515
0.927667609798352,1.07015321912437,1.32602826868195,0.0268815598542177,0.604951774641468,1.10475602032825,1.06749748212112,1.70859089871347,0.0610697954738464,0.641654757368827,9.84728595463256
-1.49363404150294,-2.8153588680071,-1.64544097008379,-3.12007082529855,-1.51852368188525,-2.68987713018424,-1.44082760831073,-1.28997030282565,-1.11373791747433,-2.15501524466641,-20.9740887967352
-0.45714877530043,-0.752750170350115,0.000800316740283848,-0.543126788920858,-0.332651320136253,0.732853872205316,0.924439655303377,0.190466904699809,0.337672914351254,0.0176144298344029,0.229885056623581
2.13046108530018,0.212751307172308,0.624159732658984,1.04819967122292,0.303488556485287,0.570027308118675,0.643012946384507,0.878330086187291,1.26144388801578,0.735528315253597,10.354255545783
0.0249426736206492,1.37585539656187,0.466850691947474,1.37193165341755,0.738555971463619,0.84729823046067,0.674033109331045,1.36553959403525,1.6221326432692,1.53630578069311,9.91217717607014
0.453056332160326,-0.350589576160938,0.345065389072293,-0.342973384231612,-1.17081426382098,-0.074934329248756,-0.625180953549979,-0.338878501912517,-0.945388451844078,-0.230401660873743,-3.12434157504731
1.62565253979681,1.18339234935131,0.749695550349498,0.880439722450519,0.671845775592772,-0.0150635675204297,1.24276654297759,1.32770919563454,0.33802383687664,0.547171821442865,8.74222208843815
-0.8647577935058,-2.03139447919005,-2.02402361894898,-0.692032398356563,-1.31029780395281,-1.20124788140447,-2.18796034004818,-1.48559070747882,-0.308816589558914,-1.10544077782771,-14.1278396543213
-1.16602961281248,-0.3271804457946,0.618397190436467,0.234997261130544,0.250906133461098,0.472897722091687,-0.322101635685897,-0.428457550833907,-0.17605628163771,0.244630579246214,0.255706733888316
-0.370303531854343,-0.660715324426659,-1.14628642238372,-0.602862380777599,-0.432603681993469,0.0525535695858425,-0.323241392683195,-0.332697209978425,-0.370390118729386,-0.285967525234538,-1.15413906361655
2.30263600335843,2.16697822609975,2.02042967468686,2.00689412711043,1.63814780960701,0.655798675414642,1.01283509555411,1.68627189673532,1.3073670078675,0.5831852908647,15.2310535941606
-0.140365281715741,-0.411519974080438,-0.178800204584501,0.0490155838570752,-0.497407209833253,-1.38803830897752,0.0867608242104007,-0.533635960715044,-0.632466344049861,-0.370587966873998,-2.91430123133095
0.252484389658918,0.704289312621878,0.939821104006253,1.6131733516197,0.307095999696575,1.83542647564872,1.37849047956485,2.08588419414291,0.33802383687664,1.14933398617775,12.6925781908329
-0.36041949063891,-1.15698067378517,-0.668583946176616,0.393035319477667,-0.374327703850683,-0.6660455724439,-0.666231738755107,0.0455626949634847,0.208133796060459,0.788559011170559,-2.6064851647023
0.00961568187166767,-0.712637057952825,-1.00099260644274,-0.886668295312918,0.0773649422445062,-0.954222859764665,-1.09620411900686,-0.396230954406793,-0.509797794855547,-1.19705735273773,-7.07969614359165
-0.723979417088814,1.19529882180802,0.255214211393715,-0.526848339733755,-1.74816413329941,0.0884964402591841,0.371487907536181,-0.087169417754215,-0.571706012675636,0.550423972673251,-1.95877031001499
-1.54799968476388,-0.964922618065931,-0.483580884240617,-1.74213193746084,-0.212684246807673,-0.807851341302852,-0.851298913782403,-0.143859378892186,-0.699738097113353,0.0466744478431853,-6.82369576860437
-0.416310281383503,-1.60656088126096,-0.828112896294338,0.700211213946297,0.252272756545693,-1.06301188503142,-0.3269532851488,-0.505637999897086,0.384162377129094,0.32275142348048,-3.22731468785729
1.48091993534815,1.89571246765815,0.597490476473117,0.470597346491836,1.25028144792356,1.14918159792174,0.0697409729016262,0.18033362051181,0.939341386889643,1.26539032633642,9.8233734497119
-1.40838087472817,0.108633960980695,0.0116469650740305,-1.84190530275639,-1.52332237643121,-1.09066203373832,-0.853526320583064,0.115323583020467,-0.687103292964808,-1.03459681812692,-6.67118634555093
-1.35537429024642,0.253478672286436,-1.49092159845511,-1.2062330905877,-1.86901741633589,-0.0584243963664885,-1.70378133135401,-1.44302851390036,-1.34098919588741,-0.853285787411683,-9.40780403753397
-1.7511310039602,-0.386145557297885,-0.548347872534842,-0.386995252046347,-0.857317309812149,-0.936099987786472,-1.14316259392779,0.691697511607335,-0.808512759038989,-0.46174967295824,-5.35321712764387
1.29501478092214,0.670305566196252,0.817454750134064,-0.4820776901131,1.35075792165734,1.46092927705984,0.0860054364969185,1.1921038662058,1.63041979674239,1.89177171504085,9.91217717607014
0.85253805191932,0.848349097966391,-0.0714094727951212,0.165820561956301,0.173549544451137,-0.0536849935822869,0.411846891168987,-0.664674580320759,-0.965770888015557,0.975241600597346,-0.315580008192197
-0.444964454616912,0.189782926066377,-0.293570940621216,-0.657259077983218,1.47560526215083,-0.238025886571645,0.97178369197744,0.0769029398030758,-0.480956054474671,1.11270701927558,-0.315580008192197
0.383042116954082,1.2055483828872,0.620591022732281,1.50793317473844,0.417022759681605,0.0977667497791922,0.944636362070247,1.36798265094354,0.539604147713226,1.0675790313193,8.61439667239654
-1.54799968476388,-0.964922618065931,-0.360137772472534,-0.844415351778867,-0.638105758628313,-1.51692618073173,-0.215464223179823,-1.36082431338652,0.0010799391604072,-0.579642363462341,-6.57716235393915
0.79919708514512,0.462589958538931,0.268477054708828,0.861987120325037,-0.520571299874038,-0.567287971551405,0.235789978725636,-0.138563719075892,0.899091265380585,0.794983948417921,6.32296065964111
1.0898847895778,1.26947524499242,1.18877789480916,0.767868224509804,0.620828470037539,1.85175040820273,0.268391398282269,0.982296315402095,0.577385900273829,0.841734942130947,12.365827869605
-0.084801370806705,1.47788027958412,0.400578122447152,1.35235643230561,1.10730879361687,0.0977667497791922,1.34503588233966,0.770411989518861,1.6221326432692,0.547171821442865,10.2393262671979
0.141680211286664,-0.0597350192450883,0.0436580411562045,-0.120809567562902,-0.721130538896654,-0.444369144800868,-0.235773459913863,-0.338878501912517,-1.13510334922651,0.0581670441555989,-2.04716225493109
1.82427924605362,1.01504619027031,0.749695550349498,1.35548479045489,1.37937356757523,0.825574937528536,0.0726541118912242,0.726669743684849,1.0629649548392,1.1153736099325,10.4173854797715
1.33917797617555,1.13487936083209,0.916479789192618,1.2908264986206,-0.0165928554204212,0.375741919701854,0.389588351792165,1.29228263473772,-0.540593044620879,0.829029336417652,7.17561886067029
-0.210198486153061,0.227209353742814,0.299713537095608,0.642657206246662,0.679300028234326,0.826834986328862,-0.198099030346449,-0.587473096555758,0.225810862159715,-0.150184581521842,1.52101171246113
-0.771910349382782,-0.860193617498712,-1.10992128546573,-1.47583493228189,-0.38024481367788,-0.757648913989255,-0.87893666243045,-1.53898368983229,-1.02408511889919,-0.398673149806199,-7.78664503396823
-1.11182893907127,-1.08540947788132,-1.8473084391234,-1.24973392492028,-1.09637879927158,-1.9199513994523,-1.40772214185059,0.591395001861035,-1.47809636704458,-1.40853818974829,-10.7584318982722
-2.39965035247116,-1.19602634554849,-1.66367174122555,-1.31760424280688,-0.377291192360145,-1.8664376346794,-0.968184418408053,-1.00819590841031,-1.16247525316701,-1.0622068858906,-12.4948404865599
0.0737074064841857,1.89994615848668,-0.785970731158585,0.981547851266333,1.40067166188613,1.46092927705984,0.337544467817757,0.683453414723493,-0.260418383763259,0.0366609333263088,6.21741818155402
-0.840713331353627,0.544558948354504,0.477182153722776,1.89950709507231,1.05764035088491,0.418416857095156,0.650768811505025,1.36798265094354,0.62432035482769,-0.33026672400274,6.4195056192397
0.520155799001626,0.908840108509648,-0.0864870950055383,0.267264857857527,-0.241389003368085,-1.25623081018216,-0.145025814806026,0.523695987428398,-0.199018386367405,-0.12118282565628,3.83452288933297
0.796316023828323,0.330539389555221,0.105079835080248,-0.563928687766205,-1.41174189605027,-0.995235161942467,0.086697082663951,0.686974931654974,-0.794130301729255,-0.00432355043659026,-1.24118573076985
-1.01717827698259,-0.713654783381988,-0.559387565718492,-1.71685584691268,-0.207821542978066,0.164477063164744,-0.98155595042297,-0.332697209978425,-0.7604362174449,-1.49773036662612,-8.05818163551566
1.14756799394333,0.0570014062343508,1.35438477714713,-0.288533117443626,1.58145993877912,1.1024201751297,0.831455559208114,1.307026529168,0.383307881335408,2.1809829932755,8.99734531594534
-0.377180428843207,-0.0346381858650077,-1.35794048010101,0.974603098457371,-0.357667316840764,-0.348894154127117,-0.0464195886344491,0.686974931654974,-0.814450046129452,-0.0245101268645608,-0.866949716106209
-1.11182893907127,-0.133246131659678,-1.77777647408114,-0.935323228382721,-1.59555624528915,-0.270514340304656,-1.42851486182633,-1.5079847661721,-2.21534966388641,-1.39902543180997,-11.906013484383
-1.24465101160113,-0.790482512900852,-0.772555972888704,-1.02775353855762,-0.776953466142936,-1.29165641850319,-0.648983697253652,-0.991069864877468,-0.569371400941544,-0.747943696381325,-6.29630966571627
0.129504728130362,-0.512151679936978,-1.36554047450125,-0.211454663052905,-0.785014515446367,-1.06301188503142,-1.67586570465866,-0.650362744336155,-1.46708188958847,-0.660447840459127,-7.51045116341759
1.02750963616469,0.694586431376179,0.400578122447152,1.25326286589051,-1.1221957614959,-1.21700046737242,0.332649517340462,-0.087169417754215,0.386517668586434,0.479909669555932,2.90838543291333
-1.35684491586864,0.253478672286436,-0.659793168510129,0.0063589736660386,-1.29004291150668,-0.500004969671492,-0.695191367174255,0.371815001404606,-0.85563457991367,-0.523884067279163,-5.29443563986182
-0.377180428843207,-0.0346381858650077,-0.351934570215653,0.117519844280293,-0.336080491355542,0.830771267665291,-1.14690816592148,-0.0418603907496248,-0.603732810281712,0.509946763986927,0.0308007884850818
-0.716522745173665,-0.00396132344886716,-0.178800204584501,0.0125651381674989,-1.04064283398794,-0.248919904031569,-1.41835155944796,-1.53528945516253,-0.585904875418698,-0.539307702266351,-4.49919978543289
0.642085771331211,-1.48168337184796,-0.241089723207313,-0.477525380533946,-0.417707655186626,0.370828018307458,-0.0567334166437591,-0.10174518865762,0.0638839115192337,-1.13631716281088,-0.398457799728197
2.50324309845627,2.85954646336467,1.06370331550218,1.7473190189496,2.22555478196811,1.79353041798488,3.12781724907716,1.13058981441894,2.58994186210294,2.22283757407806,18.7845567417896
-0.652923521113296,0.477481327362181,0.125026582759017,0.87706184011486,-0.342561966790777,-0.297184870268852,0.519340458519804,-0.35948797750584,-0.482645454255553,-0.673672591370147,0.589772371169191
0.371144317256556,0.626827505468093,0.105079835080248,-0.209693936674948,0.773534360774235,-0.146004025084608,0.0497298366130197,0.81159767654537,1.56804554581262,0.504805674921406,5.82658749421896
-1.66807643135607,0.536133749839745,-0.326599074776618,-0.857837987536177,-2.01828271080767,-1.59925070418411,-0.589776580401064,1.14397173944523,-1.90642417993211,-0.632606003775612,-9.2670272095797
0.398436447309758,1.69114091304253,1.07692617144325,1.12140795718093,0.639189376651398,0.668417090363289,0.693079464188851,0.996903637820279,1.44821454271682,0.489466210094271,9.56266989141592
-1.66807643135607,-1.16379039879092,-0.889185366127195,-1.62946351522055,-1.67006914411019,-0.282760678120954,-1.74530319543362,-1.39369161659969,-1.13626154936378,-1.45107218261378,-12.4948404865599
-0.429451972859365,-0.358948462974628,-0.57071465663681,-1.47439732348753,-0.217164743900712,-0.660404814189891,-0.667963639367289,-1.47114068384596,-0.772643709315159,-1.08488519605729,-6.75359258727842
1.33917797617555,1.3945202515589,1.2645634180135,1.46253115659578,1.80285417255685,2.43810303252478,1.75313389802507,0.0974609333202783,2.65111896342237,2.07801736892756,16.7101328820709
-0.895303446761928,-0.728337175843891,0.00323055950138769,-0.303344819466939,-1.38477640764526,-1.54113331292312,-0.622518615686869,-0.39767710491331,-0.928143238768781,-0.344125943807237,-6.09896739299161
0.290060234412863,-0.311628520416474,-0.00400965476761863,0.999075956798511,0.315418076971408,0.696809362883029,0.910525121580428,1.24278527814372,1.19660791927678,0.901083548758344,7.00613791201895
-1.1326840512612,-1.84616367815969,-2.02402361894898,-2.6915394947143,-2.90547521558004,-2.39036967545012,-1.44655919524993,-2.3865749786606,-2.45289052248635,-1.39532136448651,-18.7131377162201
0.0479800787767067,1.81569805523296,0.868395926610875,0.986639278589941,0.388091880238073,0.246342125150997,1.42801294351296,0.534666525404882,0.757153778461183,0.921152123347632,8.61439667239654
-1.40838087472817,0.108633960980695,0.0116469650740305,-0.382525708869841,-0.5995689781796,-0.504859826505769,0.491385887334957,-0.338878501912517,-0.74080480955121,-0.527835738187985,-2.99931435794051
-0.652923521113296,0.477481327362181,-1.27078627541876,-0.154207156661338,-0.522981630691889,-0.285273083455114,-0.666231738755107,-1.18653309333157,-0.370390118729386,-0.691483792484381,-5.29443563986182
-1.40838087472817,-1.33049426034008,-0.176036819452613,-0.340401613521067,-2.08777557153298,-0.467200258054255,-0.655337352378472,0.328493413709376,0.232322420859738,-0.912333811398105,-6.57648592174802
1.02286655628674,0.694586431376179,0.934097452627028,0.383059362979666,-0.0958212517159867,0.941496638607715,0.23958283168628,1.53364577861398,-0.852431054260822,1.21165069820424,6.30914314673236
-0.395570420032396,0.608023089134681,0.160045368986273,-0.831529094155794,-0.802311383870463,-0.124522588553019,-0.546699879181852,-0.10174518865762,-0.571706012675636,-0.21771762012842,-1.81401406326579
-1.44980152231719,-0.171873721776357,0.513310325876409,-0.275023093344529,0.0140383169441049,0.172477353829809,0.0991875020881592,0.527675436725956,0.114212142366358,-0.719555079379603,-0.170892136402223
-1.92223033408752,-1.86342836692167,-1.54021215992389,-1.31760424280688,-1.83933349133692,-1.39801942035688,-2.00275570518233,-0.931723375502952,-1.89264891214179,-1.73303731642463,-15.6777762594467
-0.390547815163344,0.228622666287647,-0.996486643153147,0.280772157406204,-0.935381744488481,-0.0484706693902872,-1.60750569268822,-1.47114068384596,-0.808512759038989,-0.0564262151668231,-5.43805297193288
0.151334984921035,-0.0476007423625178,-1.80225772624103,-0.716704536802203,-1.50235274789442,-0.255491785234091,-0.0148132418727889,-0.905591747357054,-0.502873036657896,-0.630020170602022,-6.17019413167557
1.3810815446429,1.46846261818842,0.266893897846987,0.236365061724684,0.650404401407323,0.0977667497791922,1.22182416804585,1.75881557653827,1.8537616782105,1.80128671928164,14.3009770111886
0.350067589814619,0.450707063452798,0.422917865480229,1.78034433940388,1.53141131633947,2.17006612145572,0.429058690826947,0.839326531317956,0.260713170251823,0.206204019801181,10.3729435631319
-0.551264371357763,-0.522769378183251,-0.645679673967215,-0.590292874744238,-0.596555186475741,-0.731735011837153,-0.694272674995314,-0.155917416975096,-0.595406132279003,-0.632606003775612,-4.0145813851321
0.667258908484863,-0.583315825357475,-0.293570940621216,-0.568294408038111,0.253405257040976,-0.224692810654976,-0.176459366064441,-1.2028597096552,0.173396589795022,0.32275142348048,-1.24118573076985
1.33917797617555,1.3945202515589,1.2645634180135,0.694191597248585,1.53888655860303,0.816524680157134,0.268391398282269,1.53404647623234,1.6420981686224,1.04192142728432,12.8992006797715
1.4476367738608,0.410900157907261,-0.608149972093378,0.773995838070667,0.994180137144529,0.510837615034024,0.217319907386461,0.180983936694859,0.539419393712348,1.89177171504085,5.78063744194126
1.09415541060187,1.33170716735623,1.64752595844947,0.756395644255571,0.322717833543231,0.253077780402072,0.878010223173586,1.45445121253139,0.60933596330132,2.0872519695689,13.4238518739634
-1.60883637320425,0.219206058601636,0.417241779801344,1.28685557688962,-0.876891915609657,-0.433402739380046,-0.253948727061639,-1.02533961668318,0.247745836407276,1.24847207302,-0.101481631235521
-0.958925566460899,-1.93050898041444,-1.35180869123282,-2.61492148476817,-1.34960965650568,-1.59197343918145,-2.00275570518233,-1.54535328300754,-1.51320026137217,-1.12781104378748,-15.1284650220485
0.946683606869289,1.0091675178312,0.721372461710819,1.21911852470473,0.558701211039458,0.111751371569047,0.523203369702877,1.45343831105393,0.466591032500821,1.80196034332362,8.90438620185037
1.46222663281901,1.12960561662064,0.377624031112633,0.775432142449988,-0.967680728173722,0.120359903362621,0.772455538328965,0.0771248329779286,0.868375544588163,-0.163284940563784,5.68723293679594
-0.646445368549681,0.668458736660024,-1.02928198129557,-0.169527682851486,-0.495111478190382,-0.376152645790294,-0.383439857459677,-0.682231832169815,-0.322351946381857,0.0211948919698918,-2.51848619031489
-0.142130120797344,-0.828899564472503,-0.197415791317928,-0.592151146936929,-0.374327703850683,-1.48242839821853,-0.515343522359575,-0.487705582581242,0.461971010763302,-0.752929557733107,-2.20165007296996
1.0986386860257,0.597000434352198,0.0753424396518008,-1.31978529062211,-0.538543513435822,0.30718715312905,-1.14690816592148,0.0143109210010578,0.126968604915667,-0.206774488165785,-1.06067001866006
-1.44980152231719,-0.171873721776357,-0.329679070793189,0.687625356195115,0.0140383169441049,-0.116254378468007,-1.51226614146854,-1.2656590758657,-0.430527984772594,-1.19705735273773,-7.80963577958462
-1.52828715553857,-1.38791751444508,-0.792181720934892,-1.40276314293018,-1.82705991318558,-0.282760678120954,-0.848127189591564,-1.72775033421236,-0.534641636875372,-1.57783436476175,-10.5302011451017
-0.362985738093709,-1.15698067378517,-0.668583946176616,0.167285509898595,-0.00859603063292743,-0.236307316151366,-1.46423725834377,-1.18653309333157,-1.11759580643474,0.190154850078095,-4.1994405252056
-0.235347243384025,-0.0809948998700345,0.193013619315169,-0.00601624541261347,0.440371409855575,-0.297176790469117,-0.192341689863186,-0.0407895904647648,-1.31892613360541,-0.14254266783149,-1.35579933714231
-1.19360360754683,-1.94981105988415,-0.18082549226913,-1.08103817501794,-1.77948314768953,-3.39015185129575,-1.61913292278903,-1.58750853539972,-0.125395807679957,-1.45107218261378,-13.5414670372914
2.06685989815285,1.20554992277863,1.87692719814826,0.0234912177381556,-0.432038991170933,0.921507985404136,0.0829182451613559,0.964431354524507,0.532276014348995,0.367723522213677,10.5553000174159
2.85216194836734,2.29800784233578,1.87311595957625,3.32415039607257,2.16191349903577,2.29579181743104,2.90698597715435,3.17894565676538,2.20399158976103,2.76832892069903,25.6585491796184
0.107719823985309,0.761024283683346,1.56750250841512,1.21911852470473,0.303488556485287,1.5041615941862,0.874718020753159,0.485978758476235,0.539358459470039,0.435590106853875,10.9731909243988
0.631943876281846,-0.459856735670231,-0.264382071122178,-0.835701041934404,-0.51460827767317,-0.116254378468007,-1.23409397647388,0.380191538415642,-1.25859800481072,-0.301945523602781,-2.38205263429231
-0.77533570506871,-1.12111119603123,-1.12693461926645,-1.44437170494612,-0.94116793671429,-0.577868469917866,-1.11599792832336,-0.39247620217999,-1.16538447670396,0.179435096094487,-6.70763530453794
-1.20346199897406,-0.440334214951232,-0.0240826561082835,-1.20955494066197,-0.926508872670906,-0.325756357356226,-0.947690919528848,-0.662904157282761,-0.680323832986439,-1.49773036662612,-6.38305939587896
-0.0014426614647845,-1.0898980638879,0.993499304163597,-0.651050613561266,-0.120509764971269,-0.49789695995554,0.924439655303377,0.937748848628387,0.51493238667012,0.498389160077499,3.65313555797581
0.796316023828323,0.330539389555221,1.3809903707363,1.21911852470473,0.295540300329541,0.570027308118675,1.49747766693947,0.381464554119079,0.874045478754053,0.176928142169052,8.13128652188474
0.896820737390441,2.88531667338616,2.26681733886151,1.59966243515098,1.43622255114535,1.5109858095021,1.74238278175112,1.27283612461964,2.28049877792879,2.09001444221207,17.6494498614334
-0.55949575389056,-1.08388632682521,0.171766788648687,0.431135509696418,0.680763187556996,-0.267137901091018,0.397963677301605,-0.416114592205975,-0.336098619235996,-0.00432355043659026,1.29902231551559
1.01201949666314,0.963625695095818,0.721372461710819,1.21911852470473,0.599319863886355,0.122887621146516,0.523203369702877,1.53364577861398,-0.954273103512381,1.2305760982477,8.56562416027118
-0.531344187444671,-1.68335545514309,-0.483580884240617,0.0517581797225577,-0.306564702611537,-1.30350695979746,-2.0104679467748,-0.222992034601333,-1.69060423032736,-0.159264282929928,-7.3869199785638
2.27203588086944,1.71842958008009,0.53793159529544,1.48225468295096,1.64877433787606,-0.801859229442745,1.27382883721514,1.10266480872203,1.31446279151819,1.64715985143987,12.2914025956606
-0.288018219524326,-0.87861852274271,-0.359974095424799,-1.15945175127493,-2.26850189300452,0.196100425913392,-0.947690919528848,-0.504852022220007,-0.530303435611956,-0.730409134276711,-5.23665790241116
0.212760914865632,-0.349268545226276,-0.164772322356619,0.343034042767453,-0.0295871220079047,0.902312226784768,0.383087961640187,0.81159767654537,-0.857287476058942,0.182331564984263,2.49564854737605
-1.57307400887807,-1.15066771941694,-0.138267864302123,0.853214647786923,-1.53230093566679,-0.878599389261258,-0.453180621655235,0.295691026089046,-0.283893101395925,-0.32342258149082,-3.80079206752142
0.613202550840196,-1.23380931515195,0.469312188356742,0.999075956798511,-0.648941376681024,-1.35359225319069,-0.53856877425638,-0.786835899536009,-0.145922401097505,0.32275142348048,-1.13716310550027
-1.60898082042262,-2.55713710553238,-1.36303680551482,-1.00520758612209,-2.2184116011084,-1.69753188476468,0.120343378257698,-0.926121667276769,-0.425373666839265,-0.449281821755551,-13.3443487852508
-1.35537429024642,-2.064044532772,-1.47249933253829,-1.24672098629352,-1.88144724418059,-1.23422095372315,-1.23761237520288,0.591395001861035,-1.2440717900159,0.117402198281431,-10.1392159561032
0.194990887215853,-0.164156294087112,-0.195194541928628,0.44365179933699,0.0153490080715784,-0.795796614110339,0.0823212706630548,-0.719577857728413,0.337672914351254,0.0674932582555035,0.0590447799111462
0.362838852231504,0.894855778348608,0.818580170041187,1.52418095163918,0.307095999696575,0.929376168286884,1.24276654297759,0.443500091815605,0.776629375277167,0.357965572863081,9.98574818966328
0.582972123027089,-0.300625822012538,-0.00155112052555062,-0.0263746401800514,1.19950435988122,-1.08632865566245,-0.617548613394416,-0.27549628529484,-0.854552842476047,0.106308464962278,-0.0158695011478034
-0.397359817587766,0.937484174416023,-0.387975724826363,0.675356863773073,0.300153398548056,-0.100684682265277,1.25639938676748,-0.026267833373265,0.771811701406326,0.512161350313534,5.39948339299816
-1.60898082042262,-2.55713710553238,-1.36303680551482,-1.63468356570231,-1.41400386896973,-2.28038347004891,-1.58459452049934,-3.08145266127681,-1.11373791747433,-1.39532136448651,-17.3287222639093
-1.35684491586864,-0.499668884112573,-0.111681590273076,-0.985499122934885,-0.388839843666769,-0.287056553154764,0.146266448862913,0.893166125606619,0.439128103983471,0.268861861820558,-0.921222714012299
0.448183238366599,0.845287065057483,-0.473163490275753,0.841235692142228,-1.16200535565965,-0.545946400488199,-0.71459351399449,-0.235189837164776,0.836916655468646,-0.622701060379184,1.63190274557409
-0.55949575389056,-0.53012091247779,-0.638815861189233,0.0402857361208738,-0.374327703850683,-0.230990472901224,-0.487034517526472,0.0356810232477964,0.346642252109812,-0.728842271482371,-3.22770335988922
0.429342155645728,-0.0098327242059234,-0.372654477151233,0.43333121579032,0.534760305977856,0.999518550491622,-0.600581947901588,-0.189462030471095,0.910429452875378,-0.232067116320542,3.8059234948682
0.139776087708071,1.10007858928048,0.281705597044237,0.425078927714957,0.0711423028154107,-1.12521632535619,0.944030272635191,-0.168620676032915,0.806992071521496,1.26581438720053,3.53055191256875
-1.12128060762612,-0.266864942291143,-0.394346823462483,-0.0330221124321014,-0.907935075609118,-0.971956518367555,-0.564841173677947,-0.0484854704101327,-2.16750609395279,-0.900298340161431,-5.41238127281955
0.248048340870566,0.292951959783796,-1.93937618619252,-0.812622445863914,-0.926508872670906,-0.731735011837153,-0.0440545048317918,-0.262402520107985,-1.60735129872601,-0.728842271482371,-5.50969512263878
1.25362111996318,1.86899973743951,0.806183068240155,0.788377689646656,2.63112186995987,1.66649719664156,2.29835993109726,2.0702021294463,1.2984672117082,1.31965055256938,17.4651242866659
0.271419016420714,0.24952322623441,0.213358468619918,-0.749635618894162,-0.28370573782769,-0.541571826849114,0.0738122596658904,-0.121070444012153,0.70646664734423,-0.291869001802531,1.28337467220177
-1.14355784348371,-1.84616367815969,-1.23227317452167,-1.24973392492028,-1.09637879927158,-1.68285408346594,-1.56990954318468,-1.05749817118451,-0.534641636875372,-1.67172408219433,-9.76861436647457
-0.59976358175335,-0.0388319997951128,-0.7477247060263,0.0232872802106752,-1.45876816346702,-0.986229429160172,-1.16947715325593,-1.36082431338652,0.0356031732022574,0.11456398586079,-5.43805297193288
1.38799801642292,2.3376141450757,0.53793159529544,3.06811156619539,1.9791155931195,1.7609019171393,1.01283509555411,-0.0135460231772378,1.44983308763563,2.50241181703805,16.3982271943946
-1.74953134913221,-0.386145557297885,-0.502332143271902,0.368841772176826,-0.557657415873759,0.0227789546667717,-0.170533610599297,-1.25473611899656,-1.21611730172392,-1.3650386478567,-5.25698566123
-0.738888637027338,-0.426365321134127,0.0967573580834951,-0.0341479964768583,1.06726342904757,0.974761254660026,0.63241516145723,-0.185286827075893,0.831693919267712,-1.74197192081139,2.61641189188107
-1.08598637418779,-0.675728368322564,-0.308668956293011,-0.211454663052905,0.296511749093553,-1.48242839821853,-1.09620411900686,-0.613557723397832,-0.519935257528406,-0.46174967295824,-4.64377575545265
0.290060234412863,-0.311628520416474,0.197776740387183,-0.0498939083384697,-0.00805887699728107,-0.50452205062701,-0.13370240578875,0.860201646742952,-0.322596955515672,0.776307957297939,1.65062656428428
-0.187876643381497,-0.403396763909962,-0.666522430511722,0.00101722319839353,-0.641012998514514,0.0174393008538866,-0.474349844770642,-0.443575119198807,-1.19340090976882,-1.73680018091821,-6.53878958983509
-0.265728218515268,-0.278337962195449,0.372178617420625,-0.142726479102495,0.399629226145974,0.501835887579779,0.24024541508066,0.626108848898924,-0.857287476058942,0.130013442098403,1.93949501100124
-0.192561944144295,-0.167962714092657,-0.351934570215653,1.28685557688962,0.562744439301736,-0.438446486463797,-0.539292836919742,0.108398801940522,-0.541813161103853,0.308159585046628,0.714534875523991
0.369391897564725,-1.58916791824012,-1.65541751434224,-1.01854833037197,-1.223692328307,-0.315039024046582,0.348922673379669,-0.945191779139946,-0.358841400425037,0.0100166376686953,-5.43805297193288
-1.1326840512612,-1.84616367815969,-1.35180869123282,-1.22910522122487,-1.05852833978628,-1.7103008363395,-1.41225259024347,-1.05749817118451,-0.9058928386459,-1.71849148119687,-12.7269324599928
-1.78681262502302,-0.624657022544681,-0.756751812572526,-1.44437170494612,-0.94116793671429,-1.33048322812328,-2.0973704649843,-1.31076663446794,0.483733940226067,-1.67172408219433,-9.40780403753397
-0.45714877530043,-0.0889796076472974,0.401582069101628,0.739107577272546,-0.306128607531096,0.835717965604222,-0.84702762214317,-0.985442061582725,-0.718607250216297,-0.606243330192231,0.251765962989801
-0.29181317465312,1.14198280400894,0.964791156932155,0.592146478076038,0.144554712697678,0.707803665604892,0.67872541294317,0.704925932981705,-0.0584437246231901,0.367723522213677,5.32914948225888
-1.44980152231719,1.18096930420195,-0.481575332435667,-0.023084926248786,-0.287058549398665,0.449786603012127,-0.189891171446759,-0.505080797741633,0.337672914351254,-0.509508455504233,0.0173745039191315
-0.192561944144295,-0.167962714092657,-1.25636442410931,-1.24169793683103,0.345209891151728,-1.11935476430063,0.0261171228337994,-0.779263801949562,-1.19340090976882,-0.694499451549022,-4.49919978543289
-0.567778898925395,-0.371189508159888,-0.564610170082485,-1.09097828112332,-1.29963219838002,-1.89271885579398,-1.42851486182633,-1.39369161659969,-0.895530228283124,-1.24747701743878,-8.67040151730585
0.0421262023618012,-0.308621627668885,0.420005119968752,-0.0119620448702904,0.0153490080715784,-0.724438181983893,-0.28457645499054,-0.305453435565258,-0.117047047397932,-0.24295179345426,-0.0158695011478034
-0.48629149850924,0.471799463833628,1.05885556697554,0.422437855748547,1.40067166188613,0.398079595442075,0.922480620274782,0.452472812580788,-0.150377499476345,0.367723522213677,4.88817194629545
-0.324509545110052,-1.06862682021821,-0.976829037403256,-0.655613548320634,-0.379494402349791,-1.0689974804169,-0.643635608782571,0.691697511607335,-1.74692147210662,-0.900298340161431,-8.1672329005339
-0.235347243384025,-0.0809948998700345,-1.03756693954006,0.787167875196867,-1.1302445332868,-0.473274413106013,0.5825661347186,0.114614670718968,-0.559274932486253,0.0822842713459943,-0.155149585584386
-1.09862770837021,-0.675728368322564,-1.2466338773805,-1.01854833037197,-1.59873636484396,-0.557120597962332,-1.11599792832336,-0.269393538263647,-0.244454949963179,-0.0351752145467379,-6.51616763337125
-0.55949575389056,0.235072587185149,0.247279839292916,0.247050038812216,-0.318469956228507,0.0426502146709083,-1.14690816592148,-0.27549628529484,-0.607517445609263,-0.206774488165785,-1.33509058397654
-1.04301015246787,-0.940807754211205,0.4218069286342,-0.451522653626037,-0.401366952204363,-0.986229429160172,-0.928557495234847,-1.18653309333157,-0.0463251418758476,-0.642837138911115,-4.1994405252056
-1.51121173310669,-1.1410743443374,-1.11613016785489,-0.666744599335721,-1.82498834763794,-1.69419487205912,-0.666620560712608,-1.96056147790882,-0.48949883892535,-1.39902543180997,-11.0616010911683
1.3725979989654,1.46846261818842,1.49146256302093,0.251491326376724,2.63112186995987,2.43810303252478,1.42277492204309,2.92532158886062,1.36450874193674,0.872487345488675,17.3419097735169
2.33487378725247,0.0152269852511909,0.935025807164851,1.12140795718093,0.827681513593047,0.293082213191132,0.0829182451613559,-0.00846930393595583,0.61240278853706,1.06475572185143,7.30426833150005
1.0898847895778,1.26947524499242,1.69227433731441,1.63201579704775,1.4713689249271,0.797817594806031,1.68121089081646,1.22571893083737,1.38190880564315,0.9136603173541,14.0964991928404
0.786226886200266,-1.70619616663368,-0.413520548948428,-0.0902311445161024,-0.641012998514514,-0.00762712528119772,-1.23409397647388,-1.24371433282684,-0.985116360999203,-1.08488519605729,-6.57648592174802
0.290808046117704,0.447789407106678,1.52454470332204,1.34139673849928,0.145563228039779,0.686301512419201,1.06749748212112,0.100325876261619,0.873529003342497,1.49623685521793,9.78363964704758
-1.1326840512612,-1.84616367815969,-1.35180869123282,-0.738228686231132,-1.02076719991554,-1.37044225426122,-1.74530319543362,0.365217245413893,-1.11572088129191,-0.304845687604653,-8.79499621218394
-0.653121925274354,1.08969118177759,0.667432071564488,0.267264857857527,0.264873400289912,-0.0536849935822869,1.6433920803556,0.535452013370975,-0.423949753677965,-0.235616038971178,5.07054769954958
0.338610886904625,-0.314589633581883,0.308711146637417,-0.831529094155794,-0.0886821152257646,-0.124522588553019,-0.189891171446759,1.7109388980403,0.978807285370452,-0.232067116320542,2.29206557008252
1.09434967692017,1.33170716735623,1.64752595844947,1.00997374989529,1.33768331110123,1.67948865160742,0.495903914859021,1.2719430766729,0.99671086265886,0.73495356718073,15.3781755001522
0.786226886200266,-1.70619616663368,-1.47879741999402,-0.386995252046347,-0.857317309812149,0.196100425913392,-0.389164695990555,-0.487705582581242,-0.985116360999203,-0.805790466129852,-5.43805297193288
-0.336469229871997,0.0789299554432339,-0.941779021773021,0.148073470985991,-0.521889150702125,-0.248919904031569,-0.894346970582921,0.31053394257887,-0.791063619905345,0.632174669973665,-3.12647276659658
0.949341770838476,0.409554257194476,0.57110079537965,0.700447208864888,0.0422335823670221,0.152582836972085,0.738222615171003,0.0426085037618853,0.755665182428971,1.36245188524854,9.26032144714535
-1.57709198120162,-0.307628483276375,-0.668583946176616,-1.00438883339616,0.182415323544325,-0.569443642815938,-0.643635608782571,-0.429089259486543,0.041091249732715,-0.699563540085175,-4.0145813851321
-0.135517897180936,-1.03066247671602,-1.15696112453525,0.920135235264053,-0.200914928262396,0.177474337909267,-0.41507698299495,-1.43666787125375,-0.391504465914146,-0.221815539024863,-3.55477295607707
-0.181700682827785,0.249432596909038,-0.192689242086946,-1.39527305203402,-1.14681337861826,0.0515103021058089,-1.44527433988869,-0.199115519197164,-0.85563457991367,-0.553521717327062,-5.22130651463226
-1.41197326324611,-0.653941830689967,0.0323709205189036,0.51450822061937,0.304728960503264,-0.583519508527757,-0.170957687311472,-0.572128040936873,-0.313112631408334,0.413705154727059,-1.33509058397654
-0.900108402490411,-0.928472600480611,-1.47076913092297,-1.08503727703376,-0.94116793671429,-1.20678502742586,-1.45334262641765,-2.27093561824958,-1.60021075374578,-1.57783436476175,-12.7269324599928
-0.55949575389056,-0.53012091247779,-0.638815861189233,-0.380182391872925,-0.181851131247866,-0.51026146808176,0.491385887334957,-1.13923761113983,-0.984046077266541,-0.158294193007936,-3.04487190558375
1.37249669320541,1.28845538547646,1.71114900118236,1.0776857941492,1.33305906547806,1.05515095367905,0.495903914859021,0.339837494509733,1.38180208110778,1.09258363301959,11.9562510357998
-0.390626982499225,0.228622666287647,-0.996486643153147,-1.1140610973223,0.409011278538125,-0.752164692934688,0.676034283019583,-0.0482747188073062,0.652135187728093,0.558838348239879,-0.425304894069522
0.272319436494955,0.24952322623441,1.41240390166939,1.64786978397939,1.37362904387583,0.385862256573074,-0.135607476852425,1.48499974550124,-0.399204608302006,1.3700819351981,7.95666040726166
-0.215919411013462,-0.0563666393258281,-0.164772322356619,0.491469753288779,-0.0295871220079047,0.201854813403138,0.24075763387001,0.473997452972238,0.520927994804181,0.719549869944795,3.12864090877761
0.483284635346708,-1.28310135760764,1.18802268429359,0.350457284056441,0.00773297812500263,-0.448492401566207,-0.136126234351684,0.693031115411846,0.213639536433303,0.126902121124176,2.28189099786754
-0.0730485557838801,-0.681361735304683,1.08269061980484,-0.0116068249314641,-1.27925783384317,-0.554810915590657,0.156065859406766,0.633158845107014,-0.955742681288022,-1.13914250023209,-1.64860437586351
0.338957567589901,-0.890290190735728,-0.837369065047438,0.787167875196867,0.931947224904782,0.612910133507673,0.186613634266649,-0.611014886355039,-0.249626847693005,-0.150184581521842,1.45595181713952
-0.0457075492174209,-0.307298305780214,-0.208941976150868,-0.657259077983218,0.309280502465612,0.461472126393273,0.42491094567016,0.487890926429186,0.480866580073486,-0.534513672153303,0.979870476836029
0.196100797502985,1.55245813168386,-0.538464911347775,0.773995838070667,-0.583265832106142,0.852842127529794,0.710077563925902,-0.0971454456260962,-0.480956054474671,2.50269044970708,5.19706346546322
0.239905340672838,-0.347747217423119,0.774512301157411,1.23428251696366,0.0689806004701147,-0.666601593229152,-0.997303223862243,0.536930958421105,-1.52341246141217,-0.0761241638762175,-0.723659936593371
-0.652923521113296,-1.11628419106724,-1.04112431571324,-0.392585514997425,-0.660442761682343,-0.0562831409757952,-1.52280284029607,-1.90800502787266,-1.21526968887262,-0.729187764698564,-9.45270512873659
0.0737074064841857,0.162470519500176,0.0331939366452369,0.166265225038166,0.627002146184798,0.896329556475976,0.923407283977013,0.82222210867507,0.88262250064888,-0.438687425229613,6.57954101919848
1.25825998320303,1.86899973743951,0.294914511839081,1.12140795718093,1.40092272985569,0.825574937528536,1.49872281023462,0.572443350704758,2.50707505789742,2.61287335108636,13.9102815985297
-0.312632654582083,-0.317266120800612,-0.666522430511722,0.384049134910641,-0.576991044310205,-0.818497597021369,-0.601655358750171,-1.24221353304286,-1.97750991003848,-1.3650386478567,-8.05818163551566
-0.377180428843207,0.272380717025023,1.1964137298518,0.84986239728543,0.237458607781719,1.36544241401339,0.963356503804063,1.10266480872203,0.897900834087231,1.04911458705964,9.65150701663246
1.4476367738608,1.27231555544614,2.25495156539417,0.0234912177381556,-0.432038991170933,1.40512532551322,0.273876695289482,0.109607403597207,-0.710381862011932,-0.217268473350818,4.72250951322949
-0.927129248730274,-0.236529813485534,-0.329660853760479,-0.20266796038472,-1.14681337861826,-0.51026146808176,-0.777705002678725,-1.0367452040629,-0.992362872273645,-1.73847110760318,-9.2670272095797
0.673597042075402,1.13518144182929,-0.202315263962962,-0.218496068757072,0.679300028234326,0.27188381090909,-0.65861689895423,-0.664674580320759,0.730042885847055,-0.138233016937757,2.28189099786754
-1.66807643135607,-1.16379039879092,-0.176036819452613,0.0820457124570377,0.409011278538125,-1.91215834461718,-0.98155595042297,-1.2103830716279,-0.140575120137541,-0.448363211956193,-7.39484041620609
-0.59976358175335,-1.21917614139959,0.109992063994685,-1.62350880339558,-0.710503100799941,-0.540158548222154,-0.278135450043337,-1.98111258414828,-1.20357193580699,-1.93958202008487,-8.52043802649451
1.00297032290142,-1.06293750403928,-0.386713976059624,-0.243047458310176,-0.751097162650705,-0.752164692934688,-1.21461150525624,-0.732955935170189,0.356381048522869,-0.763538044061289,-3.98582369844992
2.27203588086944,1.71842958008009,2.35108198288951,2.00689412711043,1.84594901778938,0.655798675414642,2.66406237488866,1.87775323525802,1.10171609463854,1.97333838391907,21.0082935611009
1.10537230089707,0.597000434352198,-0.948151595385807,1.03307481932786,1.30669229636569,-1.12521632535619,1.28020246831611,-1.61032815565201,-0.87297965383591,-0.413154768347691,0.229885056623581
-1.49363404150294,-3.39122109548803,-0.787355886729168,-1.63468356570231,-1.14513281947645,-1.69753188476468,-2.00275570518233,-0.997473699158382,-0.456758236272426,-2.26849042102373,-13.2649127177051
1.21967298340087,2.1339510195282,1.219537022058,1.24724939613733,1.19722727873574,2.00853874353851,1.21545081168758,0.348540905298896,1.06788014148081,0.696972389473533,13.619184931633
0.334088772946722,-0.890290190735728,-0.57071465663681,0.285894116476298,0.132303028320623,-0.341001324718085,0.732864147760032,-0.164897626582913,-0.17605628163771,0.690058096972579,1.02946669812724
0.212760914865632,0.0513003130058672,0.0208225796992386,-0.0119620448702904,1.19950435988122,0.287173586757917,-1.07548063510224,-0.112446517092862,0.65953789559173,-0.707468951995703,2.125028058263
-0.680179573844234,-1.60662219125034,0.594356474813538,-1.47439732348753,-0.926508872670906,-0.912283006157233,-0.431253124087162,-0.732955935170189,0.0356031732022574,-1.18145445279929,-5.07284027467623
1.19570066347142,0.553078790144487,0.55678133699902,2.06007514838594,0.0580510439804813,1.5041615941862,1.17844718918864,1.1921038662058,-0.260418383763259,1.03528145950397,9.79033471155893
2.06949472834987,1.25508740885022,0.198533045926089,0.781603101673125,0.303488556485287,0.246342125150997,2.44306598959102,0.773504597729038,1.8537616782105,0.9136603173541,11.9562510357998
-1.7511310039602,-0.386145557297885,-0.548347872534842,-0.470741504146735,-1.02280173118079,-1.17150217639624,-1.91678496978241,1.14397173944523,-1.6275241198721,-1.30582103725704,-9.45270512873659
0.85253805191932,0.848349097966391,-0.0714094727951212,0.425078927714957,-0.412239171285419,0.312655189729416,0.0071238477319234,0.627464380977662,1.32991027159862,0.409698968352279,5.52878136846972
-0.790930485983908,-0.85868034665056,-0.543925511252305,0.394810166916892,-0.401366952204363,0.916777934169526,0.313167696367463,-1.07774700535135,-0.911868761190265,0.0172093370453335,-1.33953347955267
-0.191753098903419,-0.403396763909962,-0.732424321805966,-0.530437429951411,0.252272756545693,-1.03153015505059,-0.923931189714039,-0.662904157282761,0.658413201408893,-0.521478577329879,-3.55477295607707
-1.78292787683396,-0.624657022544681,-1.8473084391234,-1.56231470019733,-1.88144724418059,-1.8664376346794,-1.25098239172572,-1.54461429956581,-1.76950095161209,-1.6244557806411,-13.2649127177051
1.03609702088799,1.28686700412182,1.63286702205482,0.61999020866598,1.21868557448821,-0.00540825446223105,0.912703775583648,0.770501691786459,1.2151512674911,0.174350208825605,8.6561370955569
0.752548819734032,1.19717290977876,1.32602826868195,2.95820245718739,1.48363416133867,1.05160624179475,2.28279230141207,1.46105131538694,1.00002486225871,0.750025656068552,14.2852606314988
-1.52828715553857,-1.38791751444508,-1.0151907086726,-1.36294923489846,-1.67006914411019,-2.45525120646081,-0.968184418408053,-1.48559070747882,-1.3264167242107,-1.41777747011688,-13.3780678873044
0.881317368629616,2.04262242873142,0.198533045926089,0.146725547842954,-0.0966975947150597,2.09378440851174,0.208519994267868,0.317057204304282,-1.24577313155015,1.36245188524854,6.83406491275432
-0.716522745173665,-1.37467841344814,0.612514943296296,-0.169527682851486,0.557000958823485,-1.53801297579473,-1.29280695203879,1.02774006773912,0.227754200313764,0.103351908457771,-1.33509058397654
-0.840713331353627,-0.284855698768664,1.57647515416959,-0.10289882284921,-0.0881026266788651,-0.353738751065856,-0.166390550705033,-0.985442061582725,-0.192821076497607,-1.14005426895288,-2.6064851647023
0.959956710554924,0.44397776409217,1.45126921702115,1.26303385286105,1.71186809231778,0.668417090363289,1.09530042234185,1.31326698308816,0.300355393729317,1.03528145950397,11.2435864927933
-0.93229545257282,-0.138085112759883,-0.454692736729264,0.787167875196867,-1.5179286735668,0.0174393008538866,-0.356430779938881,-0.786835899536009,-1.2906857696093,-0.694499451549022,-4.85272207245197
-0.681373226403213,-1.74961205443256,-0.442901145838971,-0.365999927554582,-0.0559251704304326,-0.957672333094493,-0.700050359490929,-0.270902346097456,-1.01884480940121,-0.344125943807237,-5.50969512263878
-0.991596947882637,-0.535383720119722,0.056709858336056,-1.1140610973223,-0.647407848626329,-1.06301188503142,-2.09412721755702,-0.90844250954261,0.0356031732022574,-0.449281821755551,-6.75359258727842
-1.23952407192788,-1.55197799693355,-1.23873349317488,-1.28364571971667,-0.985608964788087,-1.76906322305972,-1.56990954318468,-0.947678175053661,-1.4624357814503,-1.32045130870939,-14.1278396543213
1.48091993534815,0.843348604996772,0.502412443331503,-0.288533117443626,-0.520571299874038,0.394092080298719,-0.646323224438593,-0.243358301980105,-1.73687620584411,0.706298088663043,1.25028720402703
2.32958606415458,0.0152269852511909,0.935025807164851,1.12140795718093,1.69599409180628,1.85175040820273,1.49113932386468,1.2719430766729,1.31446279151819,1.63025864318883,15.1066391228371
0.383042116954082,1.96886368209994,1.71114900118236,1.00997374989529,0.857361927935373,1.67948865160742,2.99964440821588,-0.0135460231772378,1.07185752290134,0.646678586737976,14.4770230366782
0.372157467222197,1.5159621085622,0.240147432186084,0.547797599971809,-0.0331877662093334,1.26307246146276,0.645429400007091,0.489073754440408,0.897900834087231,0.171580833349023,7.86414726091195
0.213416524168093,-0.349268545226276,-0.164772322356619,0.175887260078087,-1.12247139265156,-1.08724139690085,-0.985469464306707,0.670379999195023,0.585997886638755,-1.21964404876524,-1.85490405831879
0.144932118880455,-0.0281506599264393,-0.260545990770847,0.746467227609307,-1.64030034971244,-0.466749857268256,-0.296268012461728,-0.187928146049809,-1.55888604857135,0.710117403579253,-0.575554144703876
-1.78292787683396,-0.624657022544681,-0.758956150599459,-1.44437170494612,-1.31804940752665,-1.94067817372177,-0.819697794453937,-2.32344599819593,-0.534641636875372,-2.19285564932869,-12.7269324599928
0.850261037407677,0.848349097966391,0.871054042692791,1.11181177866057,0.417022759681605,0.864687452971724,1.64456168268387,0.996903637820279,1.6221326432692,0.547171821442865,11.4431471045559
-0.0595822342948305,-0.0568075891467877,-1.26998079074568,-1.68717222464761,-0.500342170567021,-0.78392385857149,0.307155250870221,-1.02531513272564,-1.392744783861,-0.752929557733107,-5.4706516771442
-1.92223033408752,-1.96425843852908,0.047853420873711,-1.39736423046342,-1.10324548427774,-0.848716523892974,-2.0973704649843,-2.37063519698198,-1.81223611059515,-1.12781104378748,-14.1018890006178
-2.39965035247116,-1.82121863349123,-1.77964476495783,-2.64896822950093,-1.51852368188525,-2.21498502872699,-1.44655919524993,-1.22858009178484,-1.43977936296699,-0.903860770719901,-17.5037703672709
-0.55949575389056,-0.53012091247779,-1.14628642238372,-0.623273746088944,-0.89864808902258,-0.938708056194595,-0.0464792161797897,-0.905591747357054,-1.46708188958847,0.326382388530464,-5.07284027467623
2.33487378725247,2.04333911364795,1.31898567955583,1.78681656111869,1.57504718686981,1.54661227941443,1.30565058120527,1.31533343651643,1.68384601177835,0.5831852908647,17.1175946699808
0.877312924809182,1.28708001839737,-0.45624280117162,0.165820561956301,0.264873400289912,0.510837615034024,0.423478989869299,0.246473039441371,0.118985083887795,0.259581536855547,5.39948339299816
-1.59473342509894,-2.55713710553238,-1.36303680551482,-1.00520758612209,-2.98923324634492,-2.21498502872699,-1.58459452049934,-1.28997030282565,-2.73768788399417,-0.903860770719901,-17.4767777777598
0.349521755296114,-0.314589633581883,-0.516669329465358,-0.657259077983218,1.23388242903876,0.472897722091687,-0.0638497240372089,-0.985442061582725,0.213639536433303,1.40647313470393,2.32756591459162
0.142090522063908,-0.0281506599264393,0.932686611032636,0.267264857857527,2.09475758740164,0.810748606197734,1.12200205838259,0.768686964846697,1.36848017440013,1.19746540932424,10.9951251946446
1.16699894882938,1.62330031327952,1.38297159472243,1.39805764657798,1.44331522610915,-0.164538861524578,1.21032703400163,0.0175204335378029,-0.0152839075087991,0.691994182780235,8.90438620185037
0.445586687597695,0.958782218474642,1.36068076307771,0.830137654663526,0.478729516614646,1.95014197970604,0.273876695289482,1.21876776766384,1.33061647529885,0.435590106853875,10.5561533602238
0.539595046993687,1.03153556377798,0.934097452627028,0.608189415960326,0.581959891698608,0.360302348341025,1.00372022035292,0.462268316470218,-0.710381862011932,0.215627082590312,5.66799806472033
-2.63300029977416,-1.68426770179237,-0.485847738680671,-2.01817696332245,-0.377291192360145,-1.14721640308875,-0.972241157702734,-1.42433524434482,-0.473156495828829,-1.06782302148567,-11.0616010911683
2.85216194836734,2.29594486493003,1.87311595957625,3.32415039607257,2.16191349903577,2.29579181743104,2.90698597715435,1.00942415909563,0.619170545042143,2.76832892069903,22.9476258793804
-1.1326840512612,-1.84616367815969,-1.23227317452167,0.462273568860593,-0.866426458260121,-1.20678502742586,-0.897359622309804,-2.37063519698198,-0.870321737998311,-0.855030909069179,-8.10096783157478
0.774110075181605,1.58576811517319,1.75134807709581,1.44044395452785,0.967883160482685,1.05515095367905,1.05397668079016,2.44844067870142,0.15672728560737,0.152561633044605,14.6980336031272
1.46515199982575,1.67220874818952,0.806183068240155,1.11998121332763,1.95004525996951,0.980811810802783,0.335598525533404,2.00373508734139,1.87943642466,1.63025864318883,13.4455594239501
1.46222663281901,1.67220874818952,0.198533045926089,0.884816041812813,-0.190343752119046,-0.20867620149918,1.00372022035292,0.512253992216409,1.23367255118849,1.02665870612609,7.74224221973581
-0.293243492404416,1.14198280400894,0.964791156932155,0.603979155836773,-0.298820096282633,0.0980871233350179,0.144885229298627,-0.276457444342352,0.345949520370533,0.639427953923505,5.07054769954958
-0.935816708927398,-0.908617084513374,-0.0672807674747931,0.0402857361208738,0.11821778156066,-1.26554840662052,0.875006677865452,0.893166125606619,-0.677439652013319,1.13292508737588,-0.425304894069522
-0.931708519163512,-0.138085112759883,-0.454692736729264,0.787167875196867,-0.885402665694863,0.488468203422768,-1.07570886430658,-0.905888761454199,0.384162377129094,0.104646578339667,-3.66616338907522
0.285416872977477,1.15833931373931,-0.948151595385807,-0.0498939083384697,1.09023666264383,0.773800636644819,0.332649517340462,0.509821135217835,0.243290345235316,0.819832672435804,4.42720223336894
-0.956786290689242,-0.733051042465482,-1.10992128546573,-0.392585514997425,-0.660442761682343,-0.957672333094493,-0.278135450043337,-0.183175273305379,0.163594495086045,-0.258723317225197,-4.15832789976673
-0.170569988658579,0.651138018803922,0.989432189583676,-1.31978529062211,1.50748667734398,-0.0528381826629814,0.66580277130577,0.11383512814139,0.93240074789404,-1.51005360808328,2.67956161897267
-0.0603767405665124,-0.686558395781224,0.088318772394615,-0.657259077983218,0.304728960503264,-0.0905414875440114,0.871989257124845,-0.572022005399522,-0.117047047397932,-0.514193057950758,-0.312280930614432
0.019606067450367,-0.821689844145662,-1.90251099442115,-0.743412533919322,-0.776953466142936,-1.29165641850319,-1.9228044732465,-1.24535497918571,-0.301950817870078,-0.660736649989128,-8.52043802649451
-0.355223155978539,-0.125074447641943,0.0242653844219818,0.337482452239706,1.09023666264383,-0.353738751065856,0.759182406487048,0.96234882156093,0.460292879396562,0.49165572678933,5.31196131514088
-0.462359155962377,-0.0889796076472974,0.198131666726603,-0.48963267285295,-1.30851176789117,-0.29247868799604,-1.9306145719721,-0.514792000252257,-1.50191320150831,0.0466744478431853,-6.18823751790371
-0.882887052903681,-1.04192107626109,-1.12693461926645,-1.08103817501794,-0.946427203793034,0.468016140768914,-1.48794690843934,-0.139800955617186,0.0356031732022574,-0.926011913024079,-5.23665790241116
0.0343038212703406,-0.162465340116114,-0.910326542213229,-0.495382363359474,0.587180196068567,-1.52371383845247,-0.146842861121424,-0.429089259486543,-0.121690031297973,-0.103967713985835,-3.17959743373114
-0.551264371357763,-0.407749034331405,-0.0429101186764556,0.155575954729317,-0.837618187407589,-0.583519508527757,-1.01875375957452,1.02774006773912,0.295565816429042,0.0308525724937639,-0.155149585584386
-0.265728218515268,-0.278337962195449,-0.7477247060263,0.255147977643514,-0.935381744488481,-0.849570523632078,-0.609755279860533,-0.155917416975096,-0.156511044697373,-1.13631716281088,-3.4084378424217
-0.349355689620926,-1.07803460931511,0.178956993769479,0.0289571116117914,-1.12858646941338,-0.233861031676236,-0.0460466457508509,-1.24018823887895,-1.01884480940121,-1.61758331287281,-5.97371926903192
-1.2380795251593,-1.56609071194123,-2.21447428685881,-2.21104194588854,-1.17765633709684,-1.98062126553938,-1.58459452049934,-2.60862792605128,-2.11705564070972,-2.26849042102373,-20.9740887967352
-1.52828715553857,-0.81564042024056,-0.828112896294338,-1.08103817501794,-1.11946159800503,-1.33048322812328,-0.615650351352342,0.00446095120458839,-2.00375945994237,-0.478885454980023,-9.04526391025136
-0.770477366754765,-0.860193617498712,-1.10992128546573,-1.47583493228189,-1.82498834763794,-0.529635629128804,-1.9052523725276,-1.06747784792297,-1.16247525316701,-1.80121261783762,-11.906013484383
1.46515199982575,1.15787314067867,0.833031748142955,1.29133866833584,1.21868557448821,0.324358880404359,0.953848941277168,0.945678766702836,0.945484560541817,1.80128671928164,14.3009770111886
0.896820737390441,0.0655120896568832,0.422917865480229,1.32752401460858,-1.05340418646622,0.621218217272223,-0.2558722516914,-1.08891532674051,-0.0933957915046618,1.09921324535885,3.65313555797581
-0.882887052903681,0.536379925794104,0.308711146637417,-0.806818209483957,0.132303028320623,0.339280997030568,-0.211237416998834,0.219439772826697,0.646083856182579,-0.430426248615501,-0.137643793852323
-0.390547815163344,-0.390700492328779,-0.57071465663681,-1.47439732348753,-2.08777557153298,-0.528870504407305,-0.0196234730791265,-1.13354154499349,-1.16688650998965,-1.08488519605729,-6.70763530453794
2.85216194836734,2.70050313520528,1.90148623245823,1.66599049635674,1.67570737049675,0.852673269767673,2.63237244118902,2.92532158886062,2.58994186210294,2.22283757407806,24.6945808445023
-2.00169653658665,-1.22791526884671,-0.353045161817909,-0.859055432720541,-1.68945484612358,-1.39964781956945,-2.17521351087213,-1.22457748114485,-1.43617204670003,-1.39566879699057,-13.2598839296677
1.33917797617555,1.3945202515589,2.30814994327149,2.48659253615428,0.867565410744008,1.21231675962784,1.73645225115654,-0.0135460231772378,1.31446279151819,1.03197475949953,14.0476127593824
0.151334984921035,-0.0476007423625178,0.761032331367784,0.67703560364873,0.0993083755273004,-0.540112800920745,0.393725945768346,-0.536249740351546,-0.854552842476047,-0.386059447057065,2.15684950290148
-1.4352031088547,-0.86487201207981,-0.756751812572526,-1.41066617931305,-1.25142265408732,-1.94067817372177,-2.2598665216346,-1.59346242722103,-0.583457817684621,-1.39566879699057,-12.7269324599928
0.877312924809182,-0.322340343408098,-0.372654477151233,-1.35508501491654,0.368064278889654,0.270372665619409,0.4524013021829,0.40720300788797,1.27764132162314,0.130013442098403,3.38418332296965
1.08353113048279,0.765667831873244,1.09029668412795,0.873340708090958,0.599319863886355,0.251709616820424,0.674033109331045,0.466970339865173,1.26144388801578,0.793476018193564,10.8006204955854
-0.457412016711123,-0.447878374456669,-0.564610170082485,-1.20955494066197,0.613459126545435,0.273279817358921,-1.84331125919259,-1.2656590758657,-1.33594913970885,-0.0120777235408116,-5.50969512263878
0.18225660912628,-0.784969720979937,-0.913198509617148,-0.529709756424959,0.239453677115781,-0.0457134952039839,-0.717934582040301,-0.418127297867275,-0.200828728307276,-0.661330290454969,-3.93015800137777
-2.11142350669466,-1.33089307098102,-0.18082549226913,0.0881914772779681,-1.52332237643121,-0.963084369945017,-0.674064170405294,-1.01873718940597,-1.47022931515241,-0.550715269905126,-9.04526391025136
-0.629740945668791,-0.96158566690738,-1.10992128546573,0.0820457124570377,-2.26850189300452,-1.00303913327974,-0.566508705628214,-1.43880260620213,-0.135955095032591,-0.61114440101922,-9.25067258824054
-0.319986696197847,-0.540988081772642,-0.564610170082485,0.379327985035599,0.471274967512847,-1.08724139690085,-0.218800449149911,-0.585978831974317,-0.555190963605771,-0.24295179345426,-2.96462586525175
0.475421936686985,0.044209946127683,0.444562609191288,0.67703560364873,1.40067166188613,-0.365621090714033,0.423478989869299,0.599526099047959,1.44163412777471,1.06475572185143,7.7347569941521
0.0737074064841857,-1.14214546546236,0.399389703566881,-0.243047458310176,-0.497407209833253,-0.638694573365712,-0.170957687311472,-0.0375642210511388,-0.200828728307276,-0.459507741135159,-0.488268748228342
0.283217635621753,0.908020040228822,-0.481566302411354,1.84279247257115,0.149010038522387,0.380702351042903,0.837507077495841,0.807630095142157,0.833851454485303,1.01532064157129,6.46392714125595
-0.32593825675299,-0.293488090739758,-0.956194808694905,-0.667963939204058,-0.611469103675819,-0.971905606070119,-1.14800449912862,-1.12797289920548,-0.495740103775794,-0.66584603714992,-6.29952140150636
-2.16567283251217,-3.32536810145788,-2.00165254792857,-1.15761668117423,-1.95930620953165,-2.34087950635772,-2.12527295484179,-2.16621805264751,-1.88906179622799,-2.08609899587409,-20.8266531904136
1.51097166946373,0.477707243882439,1.11425460743595,-0.0852670377137622,1.60180324834738,0.994291764347813,0.412590897527996,0.1887698750082,-0.260418383763259,0.673637016252366,7.73010044848292
-0.885042470640047,0.643930921370236,-1.27078627541876,-0.667963939204058,-0.837878842353336,-0.500004969671492,-1.23960541089949,-1.36881984009244,-1.3174812253538,-0.984437587334964,-6.08812697329565
0.881317368629616,-0.0615316285120606,-0.401096269087114,0.166265225038166,0.627002146184798,-0.202197751131148,0.74030854448181,-0.611014886355039,0.607331328535453,0.897488170236808,3.25413191466314
1.14756799394333,0.278350246856338,0.897615008522906,0.804045706245315,1.46200715951616,0.494338754469011,1.41519076949588,1.1921038662058,0.0610697954738464,0.840868070451525,9.22270179995158
-0.859127480138468,-0.309926085428393,-0.645679673967215,0.51450822061937,-0.0443785084814149,-0.818497597021369,0.380601790697172,-0.460323517175097,-0.158668719892231,0.471876503510293,0.0308091481661826
-0.620686046825389,-0.546492206795832,-1.59009841172907,-1.72092767304857,-0.663586388575387,-0.952244928110918,-1.9052523725276,-0.385675348257384,-1.16538447670396,0.0311609417235683,-8.52043802649451
0.142090522063908,1.10007858928048,1.6477320523398,1.27111008332029,1.69599409180628,0.324358880404359,1.15161756261355,0.197381074251903,1.39537398622766,1.37295298279758,10.4565048444727
-1.34350783171917,-1.35406425037229,-1.09443094899637,-1.28918888615423,-0.78125201272247,0.290821489965545,-0.57176771243676,-0.396230954406793,-0.674780420963974,-0.755566214567431,-6.42666039394099
-0.745110311217982,-0.0555248310651872,0.105704855107435,-0.416431084149706,-1.56767128288713,0.0174393008538866,0.261879606643898,-0.304521193102353,-0.226183860172095,1.18088447782456,-2.62207029742375
-0.600933542378514,-0.842896417129585,-1.25760240322932,-0.80554325816661,-1.57647559496212,-0.419439181872453,-0.897359622309804,-0.39247620217999,-1.16538447670396,-0.538151343743893,-6.70763530453794
-0.629740945668791,0.335477706075821,0.234512897122077,-0.758585415882299,0.575294738241405,-0.226357233916538,0.0738122596658904,-0.0703962606599741,-0.913672260984115,-0.719555079379603,-1.89650161306327
-0.916507411686368,-1.82619536503095,-2.12484421927919,-0.305024994308045,-1.67006914411019,-2.1471094586136,-0.610431479874386,-1.17663850603117,-1.83642584022497,-0.660736649989128,-14.1278396543213
0.565055806096452,0.614721585277875,0.906865842674303,0.019286895720905,-0.102017767494681,-1.12521632535619,0.309303054139425,0.792409128955415,-0.528479953478334,-0.387704598912593,2.41636192214088
-0.916507411686368,-1.82619536503095,-0.792181720934892,-0.437260348609079,-1.16707219750269,-0.281761680577487,-0.689781561908999,-0.106916723993345,-0.627762453670178,-0.575809055721968,-7.10656198460198
1.46222663281901,1.12960561662064,0.377624031112633,0.22920363764674,0.228597992903886,-0.471443502053926,0.79070741489198,0.246473039441371,-0.0584437246231901,-0.19691385964008,4.42720223336894
-1.58974206667302,-2.55713710553238,-1.85335043058462,-2.64896822950093,-1.51852368188525,-2.39036967545012,-1.37725769323396,-1.22858009178484,-2.73768788399417,-1.12781104378748,-18.923563897455
1.14756799394333,0.278350246856338,0.57110079537965,1.2526259425696,2.31593755176251,0.0846527406239131,0.389588351792165,1.10968879513071,-0.0442510606185425,0.135248864480695,9.83200504168831
0.95220341738951,0.633263186332872,0.400211780699801,1.56670106912566,0.434077343400223,0.176069843424019,0.405865539906,-0.227970290555288,0.870846076605974,-0.321670129008155,5.66799806472033
2.13046108530018,1.1971538304594,0.198533045926089,2.14243644087508,1.26552509407431,1.24197662055754,1.70603699546927,2.20870938260812,0.878641047964618,1.21122616906029,13.9102815985297
0.239905340672838,1.4847309933444,0.935025807164851,0.501664662823722,0.581959891698608,1.40724088371375,1.49747766693947,0.637093974495736,1.21949289543968,0.489466210094271,10.9168737130546
-0.181700682827785,0.249432596909038,-0.104880429214353,-1.08458628695844,-0.284954956153353,-1.27408286524315,-1.01408525022809,-1.98111258414828,-1.94340232433741,-0.656416003815054,-7.3738501916446
-0.362985738093709,1.50909769071061,-0.0864870950055383,-0.689286449868615,-0.0295871220079047,0.195966683884775,-0.0638497240372089,-0.587712857019385,0.386517668586434,-0.49421254601,0.563339825131825
-1.65360564188468,0.536133749839745,0.493369457683,-0.38015000460391,-1.04064283398794,-0.822162778413549,0.19348927640358,-0.694908040643425,-0.866927959861353,-1.14005426895288,-3.29902312943142
0.744792690799283,1.19717290977876,1.40099950186238,0.880439722450519,0.611557111083529,0.247827593117513,0.958026474200007,0.317057204304282,0.348038897974127,1.35974622747536,8.61439667239654
0.924365330813133,1.07015321912437,1.32602826868195,0.348683371899439,0.952765394367849,1.13297009491669,0.906207772651028,0.485978758476235,1.48143952227239,1.57850067756932,10.4565048444727
-0.081508132575765,-0.441833938051091,0.761587735860286,-0.0366572451547801,1.3266885649945,0.269524843566843,0.260246403753347,0.974599073408596,1.00679197367974,0.809475907222629,5.32914948225888
-1.67927850054323,-1.93113376264294,-1.24713477346291,-1.78106989318617,-0.377291192360145,-1.13391386189512,-2.13089632942207,-1.05067253046988,-0.9058928386459,-1.6613575107858,-13.2598839296677
1.51171392341,0.704235563247116,0.0952782645489554,0.954910977702768,-0.011571845520565,0.925129463362562,0.0421204801134621,1.17679486129045,0.904169240006394,1.20923730213228,7.30426833150005
-1.57709198120162,-0.608934741273324,-0.75851118864584,-1.74213193746084,-0.576462031635656,-0.419439181872453,-2.44033226531166,-1.40638006065734,0.287390542736592,-0.976553798695455,-8.79499621218394
-0.800790580127437,-1.50141695567689,-0.360137772472534,0.368841772176826,-0.704190950228805,-0.135670510635069,-0.170533610599297,-0.0176648114791668,-0.800737766774988,-0.437320168458349,-3.75414565930415
-1.35684491586864,0.253478672286436,-0.00444673743480076,-0.624566537126094,-0.401366952204363,-0.638694573365712,-0.950295364904879,0.784569066252015,0.0698205996010539,0.890970011085426,-1.13716310550027
0.973064484736236,0.530302773091152,1.69519489595545,1.16311521161816,0.761765802108161,1.86124115782131,1.32774556669249,0.647809420447946,0.939341386889643,0.17736073883086,8.93808438674468
-0.531344187444671,-1.68335545514309,-0.360137772472534,-1.0542128135746,-0.934725565378247,-0.0584243963664885,-1.94786666031097,-1.2362362237399,-0.838975355091191,-1.58979185885687,-9.36223221117003
1.09434967692017,1.33170716735623,1.64752595844947,1.56995108210032,3.07727149161945,1.19495748970178,2.28279230141207,1.52534183001044,1.32413694074026,0.851746962745679,17.5579352274109
-0.130372538667575,-0.544594885867769,-0.876557808726325,-0.0350053258406315,0.239352871656503,-0.752164692934688,-1.25097127500029,-0.791881261168564,-0.866927959861353,0.249848568508742,-2.82472988496249
-1.1326840512612,-1.84616367815969,-1.35180869123282,-1.22910522122487,-1.05852833978628,-1.7103008363395,-1.40772214185059,-1.05749817118451,-0.9058928386459,-1.71849148119687,-12.8157612772512
-0.32593825675299,0.707236409898265,-0.701301360477067,-1.05661974253678,0.239352871656503,-0.00847414939941182,1.11499289157617,-0.838863459872373,-0.883374345607425,-0.470450187172163,-0.400067039930471
1.09415541060187,0.711894232728318,-0.17577851881408,-0.544019010946712,0.773534360774235,1.72841867225829,-0.0717327357229152,0.478881450955378,0.463604584883762,1.07135423783347,7.83029389228065
-0.0014426614647845,-1.0898980638879,-1.33430816206739,0.885562656225834,-0.332651320136253,0.867471685849864,0.306641192054055,0.633158845107014,0.836916655468646,0.27515539393495,3.49616883077592
-0.779806043121008,-0.781915415219285,-0.843690047197698,-0.31515314880042,0.914492957126135,-0.500004969671492,-0.641770132794759,0.106277222258868,-0.884909470183671,-0.221815539024863,-4.56585211151574
0.263300524905499,-0.0769149859057194,-0.400032483335779,0.827143668657793,0.211855787278816,0.70124122648234,0.332649517340462,-0.05718533196074,-0.654540923947605,0.975241600597346,2.24823228451131
-1.14355784348371,-1.84616367815969,-1.23227317452167,-1.24973392492028,-1.09637879927158,-1.58544129544639,-1.56990954318468,-0.947678175053661,-1.2440717900159,-1.67172408219433,-11.6261275425832
0.509935043648564,0.908840108509648,1.36068076307771,0.146725547842954,-0.21268669198829,0.834842335052554,0.217319907386461,0.272950650866087,0.118985083887795,1.69959195515213,9.26032144714535
0.952955409662668,0.0669989004964682,1.31075672739021,0.944439451203451,0.430904163493145,1.1024201751297,0.687300093667217,1.24541172826886,-0.11301136689436,0.280778686912105,7.17561886067029
0.797141877845813,0.729531044241347,0.544888203588459,0.630456317377634,1.32325921327985,0.603785751828651,1.74899669899402,1.24494289076857,0.516155607065293,1.45957901328794,10.8202714818146
-0.935816708927398,-0.138085112759883,-0.0429101186764556,-0.511275725545842,-1.16782510654616,-2.16698444577602,-2.02612733165913,-1.58164325075729,-0.594004073763287,0.0311609417235683,-8.75343403355914
1.0898847895778,1.26947524499242,1.69227433731441,1.56995108210032,3.07727149161945,1.12541333686358,1.75313389802507,0.0974609333202783,1.11247433833645,1.03197475949953,15.5701994861165
2.71094903122015,2.70050313520528,2.2593711172855,3.32415039607257,1.67570737049675,2.29579181743104,2.75865643303938,1.00942415909563,1.70503272425059,2.22283757407806,22.9476258793804
0.369840195283061,0.626827505468093,0.469684866809586,-0.243248017781347,0.199158256189558,0.544977041666222,0.969801295714147,-0.870258743076558,-1.01320560842514,1.13419575057936,2.00205091490596
-2.1256026252985,-1.33089307098102,-0.383841067823812,-1.62946351522055,-1.67006914411019,-1.42895978773927,-1.22852054126927,-1.3392902883353,-1.83642584022497,-1.2365547461019,-13.1660110395814
0.0421262023618012,0.651896959850135,0.00983529168977957,0.655555885133912,0.716018609484324,0.312655189729416,0.503228824319145,0.820839251796913,0.971150996021115,0.694106263507596,5.61655881448087
-1.56378789526336,-0.117539734972963,-0.607634601090972,-1.71685584691268,-0.813735769822442,-0.694157010151618,-0.53841855873642,-0.260188147895076,-1.46708188958847,-0.61114440101922,-6.81877476252413
0.582972123027089,0.0654338044055942,-1.93937618619252,-0.0330221124321014,0.21190345002383,0.488468203422768,-1.19073078901965,-0.398637130869931,0.903308691551254,-0.19854825331934,0.0308007884850818
-1.09862770837021,-0.675728368322564,-1.2466338773805,-1.08103817501794,-0.569159034129718,-1.12320945674833,-2.07994414376755,-1.57138848438213,-1.47022931515241,-1.57783436476175,-11.724469586074
1.31260685009778,0.410006345479591,1.0033118891867,-0.4820776901131,1.28773218274979,0.591881259151692,0.13194894192143,0.572334808527263,1.08093005965133,-0.688269975984116,6.54594610186799
1.19582496515243,0.553078790144487,0.55678133699902,0.315496333671197,1.13063109907984,1.32123117664948,0.172181836642328,1.82707628879405,1.91923462421991,-0.0720650886945474,10.090245311873
0.520155799001626,1.04274561952181,0.934097452627028,1.03357279629578,1.26429612880835,0.246342125150997,1.28780396923673,1.32186456463654,0.482742759794172,0.548477997849316,10.2393262671979
-0.723939270407733,0.31317198271228,0.0984705828836031,-0.795963356951074,-0.935381744488481,-0.180364931864635,-0.955008912058563,-0.566412438928038,-0.118406709864912,-0.699563540085175,-3.04487190558375
-1.37089446931082,0.0746974397186698,0.768104754202608,-0.795963356951074,-0.2233743084275,-0.0996883705536216,-0.717934582040301,0.115055329312544,-0.79991645726916,-0.130719223177331,-1.43664219235599
1.19570066347142,0.262309587036491,1.11037842021198,0.162936471370333,0.957940280426016,1.32123117664948,-0.211787147214702,0.100325876261619,0.315932957072345,0.639071761108163,7.73877594374023
-0.531681624654267,-0.901682814615801,-1.25760240322932,-1.14082638718726,-1.40292200128204,0.176535307987652,-2.02612733165913,-1.67028915169597,-2.21534966388641,-0.448345716662261,-9.24017984956028
-0.738888637027338,-1.11996310739635,0.0323709205189036,-0.154207156661338,0.209571267868698,0.476534668586059,-0.0567334166437591,0.210211303093991,0.233960685088528,-0.370587966873998,-0.390072397778186
-1.12110688027981,-0.266864942291143,-0.394346823462483,-0.380182391872925,-0.735657530032603,-0.282725577528366,-0.323241392683195,0.114614670718968,-0.343209203670187,0.00458617629106434,-1.1745008243308
0.271419016420714,-0.20920400775348,-0.264145120361254,-0.48963267285295,-1.23542260344106,-0.29247868799604,-0.195956403076835,0.686974931654974,-0.791063619905345,-1.78210328388441,-4.15445144978605
-0.362985738093709,-0.660715324426659,-0.638815861189233,0.974618231038791,0.931947224904782,-0.319452714568316,-0.322101635685897,0.860201646742952,-0.636222479925395,0.02808333794948,0.171604986553632
1.6922562942299,1.42683199210275,1.14537474982579,0.821136329326029,1.7335354445131,1.47014104970773,0.495903914859021,1.74687629915509,2.65111896342237,1.4578711861313,15.7828350135413
-0.75982931344901,-0.0555248310651872,0.722296945340459,-0.120809567562902,-1.08150038918289,-0.074934329248756,-0.615230572418272,0.341140005503407,-0.0768772965455887,-0.459507741135159,-0.892855337095282
0.250701435241328,0.17139564117681,-0.847818146608967,-0.966534730704283,0.726693851596231,-0.321479771091784,-0.390449142547659,-0.572128040936873,-0.336098619235996,-0.132151188461191,-1.9502056162713
-0.418677586686662,-0.358948462974628,-0.913198509617148,-0.812622445863914,-1.29963219838002,-1.89271885579398,-1.60618033480946,-2.27093561824958,-2.21534966388641,-0.384840091954017,-10.4744934329035
1.12229520740897,0.234085627229071,0.723944623565227,0.883005636292078,0.650404401407323,1.20783373290605,0.530973899488712,1.02747945568238,0.539358459470039,0.675779102566787,11.085880084669
0.452901198596722,0.958782218474642,1.36068076307771,0.236365061724684,0.165702008255445,0.659358266437311,0.454790214300046,0.898540848689553,-0.197097106361273,1.26581438720053,8.45143530815667
-0.567778898925395,0.116549740741939,-1.81015492472906,-0.470741504146735,-1.25286832673232,-1.87475894177034,-1.70378133135401,-1.96144630529195,-0.981357308610208,-1.07554880657788,-9.99904617681537
-0.882887052903681,0.536379925794104,0.470829174208345,-0.0119620448702904,-0.880441574684455,0.201854813403138,-0.434786593089688,0.387690288779837,-0.117047047397932,0.367544544949772,0.870397088826262
-0.620686046825389,0.274127892846141,0.247279839292916,0.87706184011486,0.119509224551527,-1.05622361519825,-0.763199389381622,-0.16855259740379,-0.402571501757128,-1.81729753278993,-2.38709255774274
-1.23952407192788,-1.56609071194123,-2.21447428685881,-0.234819792349577,-1.09637879927158,-0.783945371601065,-1.42990450748622,-2.84836892169797,-1.88949055138124,-0.448345716662261,-13.1660110395814
0.397886645397768,1.69114091304253,-0.24699342985434,0.204522783442265,0.771569525257319,1.26307246146276,0.650768811505025,0.859794955488884,0.986451567887764,0.281838294659773,7.41651379905089
-0.0994303163316873,-0.860922195869531,-1.14628642238372,0.149444927670901,0.88405545446461,-0.913748709663826,-0.487034517526472,-1.15275483189168,-0.592462016542547,-0.221815539024863,-2.20165007296996
-0.73448548917503,-1.29345641496065,-1.76087792668617,-2.26738620310435,-2.98923324634492,-1.59197343918145,-1.95798506264927,-2.78986094663352,-2.45289052248635,-1.39532136448651,-18.923563897455
-0.29181317465312,0.643392859089061,0.189736818260225,1.92051337706402,1.50880707547828,0.968401244420192,0.250422148709448,0.325159600996135,0.776629375277167,-0.247407515587822,7.02077123756532
1.0898847895778,1.33170716735623,0.0644107504379965,0.220124523841069,0.149010038522387,0.941496638607715,1.20872761601889,0.704925932981705,-1.24577313155015,0.251070377597352,5.82658749421896
0.433948895362876,0.702374527331275,0.326759926469923,1.05318585222562,-0.0331877662093334,-0.448042917875224,0.910525121580428,0.626108848898924,0.454575207873787,2.1809829932755,7.34046569133133
0.465672447064976,0.0631129427692598,0.784891595199718,0.858233578166318,1.05764035088491,0.418416857095156,-0.0528897802428197,-0.155002244762611,0.150902130898791,1.35926329022291,5.74881340090724
-2.16872544132397,-3.32536810145788,-1.86427135301188,-1.15761668117423,-1.92582405363669,-2.68987713018424,-2.44274089965092,-2.16621805264751,-1.68832662331299,-1.67467014198943,-19.8090859709606
0.129504728130362,0.473674791209873,-0.330335277429402,-0.651050613561266,-0.162898416591783,-0.433402739380046,-1.44241900802517,-1.25473611899656,-0.577738226423765,-0.448151698004315,-3.49785822472315
0.0893340621967881,-0.288879233012649,0.211914602556227,0.575453585054236,0.907664717431375,-0.545946400488199,-0.110621555372135,0.24120017504649,-0.0839567405429595,-0.241629805811294,1.93949501100124
-1.74953134913221,-0.386145557297885,-1.94512195784712,0.462273568860593,-0.39610627724196,0.512608246550099,-0.832351462920195,-1.60429072149676,-1.73698184740581,-0.387931887746291,-9.10248394463683
1.38799801642292,0.423828205457061,0.347818600520783,1.04643233868478,0.708667530490205,1.03977418287308,1.64456168268387,1.57502954089864,0.691805799376953,1.14933398617775,8.93808438674468
0.307234241574665,0.709025240201464,1.13448783876883,0.315496333671197,-0.0778823762634107,0.418416857095156,0.922480620274782,-0.466435648969421,0.0855368621691001,-0.387595526981524,5.07054769954958
-0.771910349382782,-0.860193617498712,-0.668583946176616,-0.602862380777599,-1.62072148017537,-0.684258628649485,-0.953589110760195,-1.72533289038565,-1.47022931515241,-0.660736649989128,-8.3050259093697
-1.19982346486474,-0.440334214951232,-0.0240826561082835,-1.20955494066197,0.0773649422445062,0.867471685849864,0.0867608242104007,-0.416114592205975,-0.0988567376733605,-0.433124979414686,-3.12647276659658
0.566629860512859,-0.020254638509432,-0.0812660979274576,0.479668457046272,-0.342561966790777,-0.438446486463797,-0.268478094214014,-1.14187992779922,-1.31104006246436,-1.92182631012774,-3.04487190558375
0.369840195283061,-1.58916791824012,-1.04752296658307,0.907973472905118,-0.641012998514514,-0.660404814189891,-0.39375700495611,-0.875040521108804,-1.11759580643474,-0.523884067279163,-4.85272207245197
-0.311665090469887,0.0109133168351427,-0.164772322356619,-0.385138344508119,-1.1029985687693,0.106507036380498,-1.29018343353841,0.0143607754582602,-0.805375411768984,-1.11531032193214,-4.63395286456969
0.927667609798352,1.10333592606177,0.316515280401756,1.36134643561731,0.532763031459311,-0.17092320439142,0.542688994612993,-0.448609182726434,0.463604584883762,1.3700819351981,5.25117154239002
-0.364741715468299,-0.660715324426659,0.417241779801344,0.178683195748254,0.399629226145974,-0.026552400852669,-0.565106627943212,-1.1987711565781,-0.955742681288022,-0.769770694999788,-2.58654194779395
-0.445844971722732,0.189782926066377,0.707934335664272,0.142955625769265,0.0584306297365945,-1.03981306745324,-0.129520574736133,1.47799532397229,0.00173708944912863,-0.355988256252789,1.55127725731827
-0.792853540486435,0.0879358971856528,0.372178617420625,-0.533524799427304,1.1413635302362,-0.647874671957246,-0.117891074198109,-0.430435009766232,0.213639536433303,-0.839207694858895,-0.147437641227171
-0.36041949063891,-0.660715324426659,0.417241779801344,0.491469753288779,-1.17081426382098,0.352379676811507,-0.0286940363885045,0.0143109210010578,-0.371393921470482,-1.10024404565876,-3.25165789878612
0.292419923726577,0.0594261668134381,0.268771437863706,0.216072629616752,-0.742118276405683,0.0731192341187479,0.391894169374388,-0.35948797750584,0.70646664734423,-0.0832243990730236,1.78860048372013
-0.584095488550573,-0.321007635192782,1.08269061980484,-0.829901273370509,-1.63507085717676,-0.936228947979283,-0.389164695990555,-0.887872635294369,-0.772643709315159,-0.344125943807237,-4.15832789976673
-1.0656826471914,-0.0863173611904884,-0.361203730620774,0.0232872802106752,0.585764097394421,0.375711489348336,-0.400756372577735,-0.890634201681718,-0.607517445609263,-0.868803731329963,-2.58654194779395
0.366062905606565,-1.11953419698157,1.57647515416959,-0.460789673068515,-1.38569067113745,-0.466749857268256,0.156065859406766,-1.35962945995013,-0.85563457991367,-0.563576129056686,-3.69868899304464
1.40538436399402,0.423828205457061,0.934097452627028,0.358487465622359,1.53141131633947,1.76554106164538,0.899938678224802,0.547329036083503,0.683509481658491,0.874220946087101,11.6856593860642
-0.349355689620926,-0.125074447641943,0.288458940107224,-0.206990558344188,0.250906133461098,0.0680593149388319,-0.364383347152913,-0.154772368333197,0.290100189761312,-0.544284988072714,0.604380567723253
-1.66149174606641,0.432276587490698,-1.06347727528869,-0.398237127459172,-0.405041180040185,-0.6660455724439,-1.62907266334226,-0.139800955617186,0.323325023702197,-0.071712766395523,-5.29443563986182
-0.689447496661803,0.897859601216243,0.734086232967235,0.352240467154162,1.30669229636569,0.152582836972085,0.474001080716057,-0.713048764965621,-0.356748666975136,0.708648601817574,4.95244634098863
-0.935816708927398,-0.908617084513374,-1.14343941269065,0.284658851728956,0.914492957126135,0.867471685849864,0.0738122596658904,-1.53212700710093,-0.970753639451553,0.179909465486568,-2.4643393725425
-0.324509545110052,-1.06862682021821,-1.207324183785,-0.340401613521067,-0.829350885753988,-0.925163423208483,-1.47263105423739,-0.0212608540123094,-0.687103292964808,0.190154850078095,-5.07284027467623
0.566629860512859,0.614721585277875,0.723944623565227,1.20196332505968,-0.0238555761474688,-0.821448854433508,0.302257565420097,0.96234882156093,-0.0765466758805608,0.367723522213677,5.03880872283117
-0.265728218515268,-0.278337962195449,-0.646091700284012,-0.487741166284605,-0.0431093422440217,-0.440404899152863,0.733539531165944,-0.699628324382991,-0.174484703308258,-0.291869001802531,-2.6064851647023
-0.751412817937177,-0.0555248310651872,0.105704855107435,1.20520517437729,-0.0759162414805718,0.288650896487671,0.333617505203589,-0.361146854355513,-0.958387640641685,0.0822842713459943,-2.18909677684955
1.0986386860257,0.597000434352198,-0.948151595385807,0.479668457046272,-1.15782295121198,0.0731192341187479,-0.79299062392529,-0.184503990434803,-0.418479557302544,1.08487054442035,-0.371833579317932
1.85688085887266,2.1729061680117,0.96704836192986,0.390233090539712,1.70571047743287,1.99439960281645,1.70603699546927,-0.0135460231772378,1.8491529450969,1.5379335050582,15.2994224471293
1.04885595490597,-0.107662918009165,1.88399554079825,1.27111008332029,1.92608349333134,0.587502868244564,0.335566511380577,2.21125234154395,1.28392673282894,0.120280188255316,12.4333041293709
-1.66149174606641,0.536133749839745,-1.17963976662602,0.907973472905118,0.213783730419181,0.210766753096025,-0.858685912942985,-1.06441603754009,-0.636256508419986,-0.728842271482371,-3.49785822472315
1.46222663281901,1.12960561662064,0.377624031112633,1.25252613412709,-0.216481488231717,-0.17092320439142,0.063233613746479,0.152057607815609,0.507192639906904,-0.413154768347691,4.44132983504002
0.794469370705591,-0.246398987623567,1.38670166880591,0.019286895720905,0.616164451090464,-1.39119589563388,0.0497298366130197,-0.611014886355039,-0.150672678038302,1.09921324535885,1.62668337615261
-0.515145621720293,1.63033068705596,0.333532596346075,0.165820561956301,0.431219803159642,-0.416337447146343,0.833270160591616,-0.300530331900766,0.21350818918494,0.49165572678933,4.12812826521395
2.85216194836734,2.29594486493003,1.90148623245823,1.66599049635674,1.84594901778938,1.79353041798488,1.56961905459998,1.27283612461964,1.10171609463854,1.31965055256938,17.0994919194662
0.509935043648564,0.908840108509648,1.36068076307771,0.236365061724684,-0.384428561741076,-0.397716344499508,-0.515353087075278,1.65463827670242,0.150902130898791,0.708648601817574,4.44132983504002
0.470701986393798,0.643215703201104,0.70214091322322,0.473816564798537,1.05764035088491,0.925129463362562,0.800132583587601,0.898536153519681,0.0277165775127831,0.675779102566787,6.63978451650372
0.374398101772633,0.626827505468093,0.778367961784953,0.816460176363235,1.32325921327985,0.897051163037409,1.53933669371577,0.694537525434694,1.63041979674239,1.0675790313193,10.1839421600869
0.858767004147467,0.848349097966391,-0.0714094727951212,0.425078927714957,-0.412239171285419,-0.205235960889078,0.64700560012996,0.192942283780392,1.0064075142085,0.379974963441271,4.62486716549138
1.19621732751499,0.553078790144487,0.55678133699902,0.184022533402907,1.58145993877912,0.459166551724056,0.416915652787247,0.462268316470218,1.22017762769068,0.638827451886999,10.438914108363
-0.192561944144295,-0.167962714092657,-1.25636442410931,-0.985499122934885,-1.29409190966128,0.353520791737149,-1.16947715325593,-0.691470350619351,-1.67816253434898,-0.61114440101922,-7.45222561739973
-0.890668112034745,0.197650267434537,-1.36554047450125,-1.71685584691268,-1.59873636484396,-1.64637795924507,-1.74530319543362,0.365217245413893,-0.266071351080439,-1.27140200500516,-7.74460483144553
-1.11182893907127,-0.266864942291143,-0.747287757061963,0.0856651643839516,0.14259929997036,-0.150023957624212,-0.487034517526472,-0.346927108184243,0.0638839115192337,-0.868803731329963,-0.462117938327975
-0.562044923919788,-1.08388632682521,0.171766788648687,0.113052315458908,-0.293973824880289,0.0174393008538866,0.774483815101552,0.565960904351758,-0.814450046129452,-0.49421254601,-2.62207029742375
-0.359233932581483,-1.15698067378517,1.08762525585089,0.231945242459236,0.224355359002577,-0.026552400852669,-0.488077954236051,-0.265982867204619,0.337672914351254,-0.766729227950831,-0.723659936593371
-0.849430194104261,-0.284855698768664,-0.329660853760479,-1.0033912180838,-0.647407848626329,-1.41560456431787,-0.278135450043337,-1.70290396487304,-1.01022834939412,-1.34656105955629,-7.56356005558212
2.33487378725247,0.0152269852511909,0.935025807164851,0.136612548822735,0.604951774641468,-0.471443502053926,-1.0412110348341,0.326512388145239,0.88262250064888,0.0131190023763753,5.69996137871029
0.0389153116125861,0.298660762307514,0.394153889869426,1.16595081395637,0.313795053450476,0.160418267289415,0.302257565420097,0.926719149076006,0.292941872111603,1.26581438720053,4.73084028656274
-0.364741715468299,-0.660715324426659,-0.638815861189233,-0.879882885809303,-1.23485281862711,-1.09066203373832,-0.133862937519158,-0.90844250954261,-0.928143238768781,-1.06912130359229,-6.75359258727842
0.151334984921035,-0.0476007423625178,-1.80225772624103,-0.716704536802203,-1.50235274789442,-1.09066203373832,-0.198284296506096,-1.26102116992005,-2.10926294834554,-0.763538044061289,-7.58183531265672
-1.0125194242467,-0.486900386770057,0.513310325876409,1.28685557688962,0.907664717431375,0.213562425568936,0.98903758585312,0.831966438714993,0.868375544588163,-0.840953025134159,5.12750432327747
-0.311665090469887,-0.228227826966955,0.310754257083703,0.080780340172687,0.372284533205208,-0.0986513959537713,-0.0638497240372089,0.404501059782503,0.386517668586434,-0.135768317447514,0.245306541341382
-0.130372538667575,0.557628624933022,0.00477311528011721,-0.831529094155794,-0.802311383870463,-0.124522588553019,0.44294049285076,-1.35962945995013,-0.559274932486253,0.0849199650241958,-1.64860437586351
0.0737074064841857,1.89994615848668,-0.785970731158585,-0.878442072035212,0.172941996514492,-0.743005290205912,-0.235773459913863,-0.719577857728413,-0.913672260984115,-0.658333212345565,-2.30226327404064
-0.809269941069945,-1.21477904275084,-0.963920489382979,-0.743412533919322,-1.84588163980378,-0.401783144107381,-1.98445704393162,-0.475451971841568,-0.476304970897136,-1.10587528159836,-8.87021326001982
-0.00049499933550016,-0.600275945325365,0.22965193763097,0.203077281701634,-0.721130538896654,-0.102556354865625,-1.58528226648805,-0.460323517175097,0.692426949731092,-0.699563540085175,-1.59206529665126
-0.619960683360823,-0.546492206795832,0.347963825754719,-0.00527875854952654,1.18264533673315,-0.149675014072291,-0.192341689863186,-0.717132211336039,-0.482645454255553,1.24847207302,1.45595181713952
0.438571220606361,1.01839599708151,1.0033118891867,1.29077424587749,0.538107624827763,0.577326847772071,0.530973899488712,1.71903066871214,1.53054265043345,0.174350208825605,9.86098041781271
0.642085771331211,0.919084938784532,0.0753424396518008,0.996423624115158,0.693481744664046,0.925129463362562,0.668173491855083,0.138187960549247,0.315932957072345,1.16738809770636,4.50261655817279
-1.11182893907127,-1.08540947788132,-0.756751812572526,-1.08016652597281,0.0654710331561583,-1.51692618073173,-0.503076692145291,-1.53898368983229,-1.21782933219949,0.0438420336334794,-7.67120417604434
-0.8647577935058,-2.03139447919005,-1.23227317452167,-0.650397091152579,-1.36442363005138,-0.282760678120954,-0.53841855873642,0.0549109482631044,-0.895530228283124,0.207120251881981,-6.74397940174598
-0.643133196552469,1.08969118177759,0.0967433762978883,1.84279247257115,1.58145993877912,1.46092927705984,0.65480226082817,1.55693085492196,0.33802383687664,1.41607906398308,9.86098041781271
-0.38517903082618,-0.625622720809724,-0.234435718820098,-0.895593883218991,-0.735657530032603,-0.6660455724439,-1.06638136731806,0.670379999195023,-0.226183860172095,-0.682684145130533,-2.21822970702674
-0.299349900874959,-0.847026095254015,-0.792716629559047,0.974603098457371,1.06726342904757,0.270372665619409,-0.71459351399449,-1.07774700535135,-0.677439652013319,-0.132151188461191,-1.20831195077014
1.25362111996318,1.56280136032955,1.49146256302093,1.48225468295096,0.526453414761184,0.831594412064924,2.1443259165595,0.0884586404115178,-0.0152839075087991,0.696972389473533,11.0034092466103
-0.210198486153061,0.227209353742814,0.932686611032636,0.0826516422075887,-0.0416089579609096,-1.01398701389437,-0.565106627943212,0.108398801940522,0.909133915448773,-0.352122442487632,2.125028058263
-0.779806043121008,-0.781915415219285,-0.843690047197698,-0.31515314880042,-0.469430708353751,-0.946733255458,-0.793695098718841,-1.90800502787266,-1.21782933219949,-1.09270461149289,-7.27905398539229
0.17882574355649,-0.784969720979937,-0.57071465663681,-0.385580950978847,-0.332651320136253,-0.715689264245565,-1.09022022410485,0.292121194038667,0.116087066800429,-0.554417354104791,-0.776706894479471
-0.620686046825389,0.274127892846141,0.247279839292916,0.247050038812216,0.0153490080715784,0.0731192341187479,0.11272813454968,-0.401474866862774,-0.905802337239603,0.210648865857874,-0.438502654431565
0.349521755296114,0.108426976551349,-0.847818146608967,-1.58662853797611,-0.590302150023656,-0.715689264245565,-0.453180621655235,-1.60429072149676,-1.21611730172392,-0.72207874353451,-6.00850267051756
0.633845604873129,-0.123071268289105,0.68304527883184,0.415910031714213,-0.255816043619562,0.14075959270748,-0.997303223862243,-0.83311202645487,0.114212142366358,0.632174669973665,0.471420897633395
-0.8647577935058,-2.03139447919005,-1.35180869123282,-2.61492148476817,-1.15085238217304,-1.23422095372315,-1.89240336577583,0.591395001861035,-1.0921324136357,-1.85049392332105,-11.9592007904792
2.29782857700151,2.04333911364795,2.26681733886151,2.30086755691947,1.67570737049675,0.852673269767673,3.12781724907716,1.27283612461964,1.10171609463854,1.97333838391907,18.8964319699981
0.711494266842221,0.104547666546959,-0.415216225413823,-0.0263746401800514,-0.00805887699728107,0.835717965604222,1.1227162785943,1.43468424871114,0.572111440036268,1.44283987245111,7.10205152908873
-0.882887052903681,0.536379925794104,-0.516669329465358,0.705589693684343,-0.519376154834328,-0.285257353945676,-0.625180953549979,0.947219813755395,-0.343542385411997,-0.956251906553608,-0.400067039930471
0.483284635346708,-1.28310135760764,1.18802268429359,0.655555885133912,0.664521950360797,-0.255064252739298,0.332649517340462,0.24457159585242,-0.0839567405429595,-0.188688884093744,3.65313555797581
-0.225890234309932,-1.21784345571273,-1.17733593190097,-1.00965499578153,-1.83878748633387,-1.20678502742586,-0.70490273621483,-2.27093561824958,0.0815353926617703,-0.568017850292771,-8.52043802649451
0.79919708514512,0.330539389555221,0.105079835080248,0.807736814023032,0.332165013741125,0.805294530387075,1.32494319072437,0.905104607577109,1.7018188688459,1.02638354278676,9.23635748292317
-0.256967793833898,0.0238253756927396,-0.941779021773021,0.280772157406204,-0.184223750192677,0.202687724924518,-0.296268012461728,-0.727647021784596,-1.13510334922651,0.710117403579253,-2.74823340301469
-0.584095488550573,-0.321007635192782,0.088318772394615,0.0490155838570752,0.931947224904782,-0.429452886790309,0.397963677301605,-0.411185499121126,-0.475077200280723,-0.956251906553608,0.417762596914333
1.13885563141168,-0.980417675716794,-0.27980748457106,0.746467227609307,0.562744439301736,-0.296045464452111,1.5181704182543,-0.063406012817977,0.78253835948298,-0.0124571235010141,3.50276532349246
-0.140365281715741,-0.461803483514004,0.164676854418946,-0.510581963918443,-1.04064283398794,0.765570477532881,-0.775027102554696,0.97157102624639,-0.121690031297973,0.491168672833552,1.14987920102759
-1.72156798863358,-0.286619723112133,-1.38295315566367,-0.437260348609079,-0.547083660035936,0.512608246550099,-0.0148132418727889,-0.0176648114791668,0.461971010763302,-0.337834486095698,-4.29566939391151
0.362838852231504,1.19433761575208,-0.0714094727951212,0.720606258657761,0.313795053450476,0.505219447618476,-0.111211940967085,1.12741848391822,-0.103119136948726,0.673637016252366,6.3545430853518
0.877312924809182,1.28708001839737,1.15716532116132,2.95820245718739,3.24456550430035,1.13645751239207,2.55596409398795,1.87775323525802,1.43702527461022,1.97333838391907,21.0082935611009
-0.418677586686662,-0.358948462974628,-0.837369065047438,-0.667963939204058,-0.611469103675819,-1.04444910892653,-0.0148132418727889,-0.564617883713191,-0.800737766774988,-0.433124979414686,-5.72791959022078
1.38799801642292,0.423828205457061,0.347818600520783,1.04643233868478,1.53141131633947,1.018652981132,0.792681479230549,1.3747196565987,1.84963988591923,0.0260047227308845,11.079986959303
1.09415541060187,1.33170716735623,0.376510259812148,1.21911852470473,0.538107624827763,0.333087102940415,0.530973899488712,0.878330086187291,-0.352152738954236,1.21238976812297,8.03774945172516
0.361472826121182,0.494793983054572,0.314892128846959,-0.563928687766205,0.0996655621414296,-0.331570270085121,-0.479767873019624,-0.890634201681718,-0.147323621346563,-0.370587966873998,-2.6266857586661
-1.37089446931082,0.0746974397186698,0.858622691099985,-0.446065375666626,-1.00564849412827,-0.181163406191053,-1.46423725834377,-1.65974406561465,0.270367685971791,-0.438389023035653,-3.29902312943142
0.736673822248177,0.847910828523049,0.0753424396518008,1.6016305918256,-0.0238555761474688,0.925129463362562,0.776044438015972,-0.466435648969421,0.611997429143425,0.245825375784521,5.61655881448087
-1.96721363751403,-0.603670395111831,-1.644179663461,-1.6163490364118,-0.701773974429946,-0.951747999495064,-1.47391897742604,-2.27093561824958,-1.45226761753518,-1.69060787185857,-13.5539275520557
0.0479800787767067,0.777453110599829,0.570793528653757,0.165820561956301,-0.511069908448162,0.212013843239853,-0.101307784241068,0.912169567670868,-1.01320560842514,1.19960170867714,4.17334921027426
1.65548749744189,0.956688124962142,1.64752595844947,1.48225468295096,1.91600529458238,1.03697401666671,1.65877867521901,0.667274773813225,2.65111896342237,2.07801736892756,16.948104783383
-0.771596605722193,-0.860193617498712,-1.10992128546573,-1.47583493228189,-0.38024481367788,-1.12320945674833,-0.853526320583064,-0.991069864877468,-0.418293098833996,-1.61802369951124,-7.19254741995067
-0.631964592141172,-0.96158566690738,-0.668583946176616,0.0891485860639207,-0.557657415873759,-0.341367368726333,0.10530266491883,-0.587252250783971,-0.254286721234253,-0.337834486095698,-2.38205263429231
0.475421936686985,0.256004596821052,-0.330335277429402,0.166265225038166,-0.403602906872866,0.835717965604222,0.833270160591616,-0.560446582561543,-0.766342894305478,-0.0152100900680419,0.360345676551241
0.549044142188588,0.736887570527762,1.45126921702115,0.236365061724684,0.165702008255445,1.46216950679064,1.53933669371577,1.0768593925953,0.757153778461183,-0.33026672400274,8.58658224100962
0.292419923726577,0.0594261668134381,0.268771437863706,0.216072629616752,2.09025651034449,1.89824419961923,0.62519044137957,1.307026529168,0.606921090199309,0.215627082590312,7.53537838320661
1.08353113048279,0.765667831873244,1.0629353778546,0.830137654663526,-0.129928107731406,0.559919854729682,0.981337893410674,0.140694573217533,-0.722115992038922,-0.130484869843225,5.01230287790704
-0.429451972859365,-0.358948462974628,-0.57071465663681,0.0318223658841257,-0.626657138421309,-0.913748709663826,-0.0453060542147916,-0.429089259486543,-0.935314496461573,-0.673688519030072,-4.0923657722844
-0.643133196552469,0.668458736660024,0.0331939366452369,-0.0362397059263636,0.223258318818528,-0.438446486463797,0.306641192054055,-0.416114592205975,-0.0683557638819851,-0.0515916449068623,0.870397088826262
0.593590485742308,1.97999259024485,0.39594354891299,1.64288478677273,0.0580510439804813,-0.274795810742619,1.53933669371577,-0.0344831207284068,1.26144388801578,2.03433773624569,9.5455777724567
-1.62130554589859,0.479477136936496,-0.913198509617148,-1.93062238471252,-1.20811789851279,-0.528870504407305,-0.851298913782403,-0.0914702817194665,-0.457078535888122,-0.573276172960085,-5.9285380318246
0.866969648309105,-0.285535732407875,1.29903716748881,1.04643233868478,1.60117160620958,0.15515023663708,0.843857266852193,0.949784460239491,-0.0604845007550805,1.37870917067088,8.47781454383301
0.290808046117704,0.447789407106678,-0.387975724826363,0.467615345974723,0.562744439301736,0.195966683884775,1.11134852511892,-0.453902723574607,-0.925133142764671,0.42309287894213,1.52101171246113
-0.738888637027338,-0.426365321134127,0.0967573580834951,-0.5703931113866,0.170266299697952,-0.0624405332973382,-0.132584312600216,-0.086671516118306,-0.459897372731747,-1.21964404876524,-3.37213660667973
-1.40556427089218,-0.653941830689967,0.109992063994685,-0.0330221124321014,0.239352871656503,-0.267829829912432,-1.25097127500029,-0.83724121408644,-0.383812927113002,-0.72207874353451,-4.73448898795043
0.819197396360546,2.34807602576689,0.597490476473117,-0.112351812229139,0.253824039870156,0.693721419207506,1.34503588233966,1.10968879513071,0.383307881335408,1.0675790313193,9.84728595463256
-0.0335598607578654,0.0557581988855007,0.0436580411562045,-0.806818209483957,0.0221927574939803,-0.611008767873002,-0.292815959399921,-0.598879841965077,-0.603732810281712,-1.13631716281088,-2.97034036798709
-0.600933542378514,-0.0388319997951128,0.0944208295560042,-0.385138344508119,-0.263434673401547,-0.654994981041639,-1.18087681510021,-1.13119788239757,-0.949739350146931,0.629261419750489,-3.75414565930415
-0.964899238242824,0.359455725551471,0.0685148836089567,-0.545370272417207,0.87393860302031,-0.405474455063847,-1.51226614146854,0.97157102624639,-0.766342894305478,-0.167253238052384,-1.9502056162713
-0.446616651708766,-0.752750170350115,-1.28882051787398,-0.386995252046347,-0.89864808902258,-1.17150217639624,-0.384414702824188,-1.13648288291315,0.0356031732022574,-0.763538044061289,-5.25698566123
-1.37089446931082,-0.818937948695125,-1.22416675313707,-0.684457542390818,-1.59873636484396,-0.585668984803905,-2.07994414376755,-1.06747784792297,-0.0863678682909829,-2.19285564932869,-11.7675053536732
-0.0364779771886032,1.0706076574888,-0.809251971148688,0.999075956798511,0.651367575399574,-0.27125590022847,0.0981253537458092,0.260003099627268,0.758000636557727,-0.145211597019013,4.09511301797157
2.32958606415458,2.16697822609975,0.490666588535256,0.835537630900947,1.32293920889836,2.00853874353851,2.65027881224064,-0.0135460231772378,1.00002486225871,2.50241181703805,17.1175946699808
-0.646445368549681,0.477481327362181,-0.24811365003249,0.491469753288779,-0.264567519335303,-0.754369872018351,0.785725122809259,-0.087169417754215,-0.883374345607425,0.182331564984263,1.29902231551559
-0.900108402490411,-0.423663934082607,-0.394346823462483,-0.302339260427347,0.0724116371223424,-0.216913059078552,-1.84331125919259,-0.944149148208407,-1.1183330881518,-1.30582103725704,-6.66642798514831
1.31260685009778,1.08460226110421,0.284261406260848,0.809835768424514,0.771737624704971,1.40724088371375,0.610131610573495,1.45445121253139,-0.234352755841158,0.579619543601363,8.83784849855662
0.79919708514512,0.330539389555221,0.105079835080248,-0.563928687766205,0.812104491148672,1.13547907463341,-0.546134638630576,-0.281321163271413,0.67223414070746,1.05455383841484,3.50276532349246
-0.0974675509886177,-0.630222567469032,0.0716615771788544,-0.258248453939482,0.0221927574939803,-1.63537430756018,-0.0423917614137194,-0.944149148208407,0.247745836407276,1.30883404608822,-2.32533143634221
0.633845604873129,-0.123071268289105,0.68304527883184,-0.333285781941032,1.02960862962592,-0.865224161628351,-0.136126234351684,-0.611014886355039,-0.150672678038302,-0.580886887445627,0.368564201086448
0.445586687597695,0.206538897176646,1.00662535336679,-0.877529061408531,2.09025651034449,0.380702351042903,0.555363888386946,0.0557039796834146,-0.201798004205917,-0.387704598912593,5.12750432327747
-0.397359817587766,-1.8741542595894,-0.573485096299804,-1.2062330905877,-0.617148470252297,-0.270514340304656,-1.14316259392779,-1.2103830716279,-1.21526968887262,0.0311609417235683,-7.51045116341759
-1.44354580144083,-0.171873721776357,-0.329679070793189,-1.00327337117807,-1.50235274789442,-0.938708056194595,-2.00689137337542,-0.432633950480264,-0.530303435611956,-0.304845687604653,-5.84151039024742
-1.72156798863358,-0.386145557297885,-0.860757346636652,-1.04876841137915,-1.17711319836416,-1.62624487136568,-1.43991208542821,-0.669368235404936,-1.05605429735384,-0.515182915975721,-9.53739919661524
-0.297717673071498,-0.438695972467173,-0.876557808726325,-0.590292874744238,-0.590302150023656,0.0227789546667717,-1.18618152626206,0.160417847613768,-0.226183860172095,-0.563576129056686,-2.60632353561828
-0.0595822342948305,-0.13776801197726,-0.27980748457106,0.366738326752814,-0.556516283130606,0.304651875930341,-0.565106627943212,-1.14187992779922,0.0638839115192337,1.30883404608822,0.255706733888316
0.196100797502985,1.55245813168386,-0.194181938739844,-0.11708217288925,1.02060853224479,0.418416857095156,-0.0421995604269689,-0.912663175227475,0.245277595876437,0.639427953923505,3.57164126325596
0.366062905606565,0.894855778348608,0.818580170041187,1.85894366576545,0.061651986613624,0.84729823046067,0.389588351792165,0.143725181316822,-0.722115992038922,0.210173748954231,4.35199531829624
-0.0956943062914009,0.452165305850869,-0.710848621216688,0.366738326752814,0.921179114055695,-0.316243028864956,0.529418541228396,-0.485766577983342,-0.857287476058942,0.133925236707401,0.563339825131825
0.432554207917637,0.408158950555566,0.0886321890119992,-0.197451407394791,-0.876891915609657,0.409948266835148,-0.268478094214014,-0.142823600254249,-0.343542385411997,-0.719555079379603,-0.390072397778186
-0.188526312536983,-0.403396763909962,-0.732424321805966,0.430421576527831,0.518747591908269,-0.102556354865625,-0.434786593089688,-1.89349688468123,-0.510772443652274,-1.14005426895288,-4.84884625493643
-0.0327071270189286,-0.193289804579385,0.180872373903919,0.247050038812216,0.353537070107555,0.409948266835148,-0.285577133473008,-0.0526429302078987,0.658073196300555,-0.648679907772894,3.04717810381738
-0.678383791479183,0.902485936522604,1.06989896154564,1.10151065153993,0.581212088977045,-0.821448854433508,0.159313587594769,0.440657546568422,-0.356748666975136,0.409698968352279,3.65871430547633
-1.7511310039602,-1.85140911381772,-0.738326806203342,0.123181268573322,0.0719403928477087,-0.456375718539086,-1.47263105423739,-1.90800502787266,-0.301950817870078,-0.568017850292771,-10.0269343945545
-1.54892607171957,-2.1826019293082,-1.29968326046098,-0.804131007335583,-1.183814304085,-1.13391386189512,-1.47391897742604,-2.20295257358627,-1.49279653091308,-0.982737515193386,-12.937504238295
0.633845604873129,-0.123071268289105,0.68304527883184,0.157537202550008,0.720157652516883,-0.27125590022847,0.235789978725636,0.164889939905561,-0.87297965383591,-0.673672591370147,3.04717810381738
0.896820737390441,-0.114239105892968,-0.315682527915369,-0.539529361736417,-0.315671539122301,-2.10848568850075,-1.09022022410485,-1.90800502787266,-1.392744783861,-0.387931887746291,-5.4706516771442
0.345885943667372,0.108426976551349,-0.555580172710566,0.290276585651408,-0.202415341486539,-0.341784890532399,-0.364383347152913,0.00912069934335723,-0.402571501757128,0.471876503510293,0.255706733888316
-0.849430194104261,-0.575383073644729,-0.329679070793189,-0.879882885809303,-0.736451964093376,-0.24788868912014,-0.694272674995314,-1.18653309333157,-0.495740103775794,-0.256421851761658,-6.17019413167557
0.00929080696267709,0.0987631330446942,-0.00155112052555062,-0.0362397059263636,1.05596872378333,0.275086580173886,0.333617505203589,0.66221978933577,0.225665485766975,0.1714892271866,4.52461008625939
-0.0636384431465766,0.503993126004701,0.00477311528011721,-0.0366572451547801,-0.284593178410428,0.345580154068092,-0.71459351399449,0.79771508027492,1.20861075338871,-1.33374021571953,0.806170181552422
0.896820737390441,-0.114239105892968,-0.00303496289575762,-0.807728495751162,0.0393470072946436,0.444937285402798,0.389716796178432,0.48679592938632,-0.654540923947605,0.502960574127555,2.94681047937199
-0.745110311217982,0.77315326125452,0.268771437863706,-1.3066603782379,0.0140383169441049,0.902312226784768,0.97178369197744,0.807630095142157,0.395987363080183,0.777152829542002,3.20949240925537
0.79919708514512,0.462589958538931,0.393278104057648,0.174328260565998,0.291013562834265,0.401272128100685,0.423478989869299,-1.298321546684,-0.43950877281124,0.325666956643397,2.54840322354674
0.631943876281846,0.577753578670442,-0.686516393935504,-0.22951475445953,0.0976348037152927,-0.488208525376126,1.27206842688685,0.267037125068311,0.225810862159715,1.26852903465463,4.12329386642026
1.09415541060187,0.711894232728318,0.620591022732281,0.59028754814284,1.2530120363319,-0.601251021070413,0.52324570167975,-0.364390724198167,-1.04931522851049,0.593354473669309,4.95877466579381
0.858767004147467,0.848349097966391,0.871054042692791,1.10057340653497,-0.231460101144608,0.198043494204566,0.800132583587601,0.50160854708484,-0.103119136948726,1.34074783112016,8.45143530815667
-0.75743508751329,-0.266690704257169,1.74496871267802,0.0826516422075887,-0.228375739765291,0.242815004625363,-0.303779804929603,-0.0971454456260962,-1.6812684102392,-1.21964404876524,-0.437599006181594
0.850261037407677,1.21346918863803,1.3076803158471,1.35548479045489,0.240536915852373,0.587502868244564,0.127837078752957,1.02728176332798,0.267385861159285,0.793476018193564,8.61070820446072
-0.296471019658583,0.643392859089061,1.41240390166939,0.825309288347417,0.401068825024832,1.26307246146276,0.9162891385336,1.1921038662058,0.139555557149824,0.514473867836069,8.68853716011717
-0.179054590598983,0.249432596909038,-0.192689242086946,-1.39527305203402,-1.14681337861826,-0.612777959796381,-0.223164473395772,0.542920146285332,-0.902050040472956,0.626649145506776,-1.85490405831879
-1.52828715553857,-1.38791751444508,-2.12484421927919,-0.234819792349577,-1.04427753234183,-1.68285408346594,-2.18796034004818,-1.48559070747882,-0.578231181709643,-1.27101681330586,-13.342640441046
0.432554207917637,1.01839599708151,1.3598217774322,0.830137654663526,-0.129928107731406,0.570027308118675,1.10330483411665,0.966674419356677,-1.24577313155015,0.268300148934841,6.99586989209972
0.803465079244776,2.07229483869352,1.44329542644425,1.48225468295096,0.526453414761184,0.797817594806031,1.32774556669249,0.547329036083503,0.811394378484791,1.02542689983957,12.3875948086199
-1.78681262502302,-0.624657022544681,0.612514943296296,0.379327985035599,-0.728891000985876,-0.913748709663826,0.10530266491883,-0.235189837164776,-0.226183860172095,0.163795335711013,-2.41571122581646
-0.465558653959548,-0.0772422652272904,0.597272147524694,0.825435028401886,0.468988908717453,0.12871320416096,0.98903758585312,0.950945624223912,0.245277595876437,0.673637016252366,6.84308598386825
0.475421936686985,0.731903147496166,0.553663999725348,1.35235643230561,0.581959891698608,-0.0252115684058564,1.32460249520782,-0.366244025260798,-0.103119136948726,-0.0944784496445075,5.01230287790704
1.33917797617555,-0.327768443956786,1.6423102837013,0.605528521035093,0.532763031459311,0.306002885438233,0.523228191853842,0.821387467015659,0.0494180815621573,0.730467895073088,7.45374585794931
-1.66149174606641,0.432276587490698,1.08269061980484,0.752314304733559,1.67772595794357,0.618795885984983,0.277146011550244,1.32770919563454,1.23367255118849,-0.34929646730374,5.2528843896468
1.0195787317083,0.963625695095818,0.391107549166199,0.220124523841069,-0.181471810721498,0.418416857095156,0.79070741489198,0.405805188179388,-0.147308136993425,-0.0124571235010141,4.42720223336894
0.019606067450367,-0.821689844145662,-1.90251099442115,-0.743412533919322,-1.62665560686251,-0.467200258054255,-0.655337352378472,-1.42433524434482,-0.528393008627113,0.02014356351294,-6.42666039394099
-0.0328692934245143,0.0557581988855007,0.0610560012148025,-0.995942899472527,-0.0997045763532203,0.683899924102934,-0.491602946817896,-0.154772368333197,-0.17605628163771,-0.282114154416793,-1.24118573076985
1.08502410926268,0.85300902986248,-0.202315263962962,-0.513574491780075,-0.742118276405683,0.268164688536241,-0.57099719089825,-0.220684005046231,-1.6812684102392,-0.331811834306448,-1.61551456533946
0.566629860512859,0.614721585277875,-0.686516393935504,0.166265225038166,1.00267155085872,-0.575190965623777,-0.57099719089825,-1.07774700535135,-0.696052261208658,0.685266719220531,0.604380567723253
-0.109714667003148,-0.860922195869531,-0.21697370131609,-0.382525708869841,0.170266299697952,-0.504859826505769,-0.0678512831885802,-0.702820517594773,-0.636256508419986,0.491168672833552,-0.532600187244312
-1.78292787683396,-0.646980469196904,0.612514943296296,0.0232872802106752,-0.626657138421309,0.476534668586059,-0.132584312600216,0.387690288779837,-0.396990546514114,-0.337834486095698,-2.5295728019341
-0.681373226403213,0.455081122683322,-0.264382071122178,0.820000945687272,-0.968137618084464,0.902312226784768,-0.136126234351684,-0.154772368333197,0.0995422141110006,-1.33374021571953,1.46990455422894
0.359758900131391,1.19433761575208,-0.0714094727951212,0.720606258657761,-0.711749317074653,-0.567287971551405,-0.0788990199749722,-0.135061622921418,1.20861075338871,1.43164660759965,3.09193261069225
-0.59976358175335,-0.0388319997951128,-0.7477247060263,0.0232872802106752,-0.417707655186626,-0.204956365807942,-0.354634299098717,-0.443575119198807,-0.577738226423765,-1.21964404876524,-3.8471709415949
-0.391551734545887,-0.390700492328779,-0.57071465663681,-1.47439732348753,-2.08777557153298,-0.603362386983038,-0.4653213943425,-0.622557690776847,1.26159069688086,0.0804915112787057,-2.60632353561828
-1.11182893907127,-0.266864942291143,-0.792716629559047,-1.38888755218517,-1.84588163980378,-1.58670552531612,-1.55946741987764,-0.901092450283209,-0.476304970897136,-1.01707274534857,-8.10096783157478
0.565055806096452,-0.180966520733057,0.0958961474441086,0.0267206397855491,-1.41174189605027,0.483202265909986,-0.479767873019624,-0.164897626582913,-1.00520200406958,-0.868803731329963,-1.18458821306411
-1.66149174606641,-1.16379039879092,-0.176036819452613,0.0820457124570377,0.409011278538125,-1.77942355995169,-1.52567275486604,-1.12797289920548,-0.617249447502997,-1.36834761924564,-10.0269343945545
0.432554207917637,0.408158950555566,1.60797333501459,0.501664662823722,0.890259856729801,0.994968976193629,0.674033109331045,1.55693085492196,1.6221326432692,1.67787171987814,12.4333041293709
0.621239893302663,1.15625587208003,0.777292004862785,1.70479343178942,1.33199762918789,0.668417090363289,0.998257124456919,1.70859089871347,0.300355393729317,1.4578711861313,12.4333041293709
-0.923865955576876,-0.47109599799022,0.0117118809564302,-0.385580950978847,0.467112295833902,0.106507036380498,0.44294049285076,-0.572022005399522,-0.794130301729255,0.947483096218929,0.658436680994479
0.924365330813133,0.948162111739641,-1.08093321083093,1.03307481932786,-0.228375739765291,1.21267383769403,-0.2558722516914,0.96234882156093,-0.600978135018606,1.18816511507523,6.66945753994804
0.445586687597695,0.206538897176646,-0.315682527915369,-0.0498939083384697,-0.766815857377964,-0.433402739380046,0.42491094567016,-0.572128040936873,-0.286029208803015,-0.501384022669959,-0.147437641227171
1.40538436399402,2.13564595305207,-0.0282135736044827,1.12140795718093,0.24124373070426,1.46500021658507,0.925749285838299,0.577857657667276,0.260713170251823,0.0797067784757937,10.3729435631319
-1.92223033408752,-1.86342836692167,0.047853420873711,-1.08503727703376,-0.38024481367788,-0.585668984803905,-0.589776580401064,-0.0611710338074941,-0.612189940465504,-0.438389023035653,-8.10709800825829
0.759816850225072,0.668507222755646,0.281705597044237,0.863669210152715,1.39446059754564,0.452390623023877,0.46218673414184,0.489073754440408,0.548750109723589,0.675779102566787,9.81620149202346
0.414143362411695,1.67128780493422,-0.24699342985434,0.174328260565998,0.13833834398559,0.467215091339257,-0.198099030346449,1.43468424871114,-0.0584437246231901,2.50269044970708,7.86414726091195
0.539595046993687,1.04503103642404,0.400578122447152,0.603979155836773,0.556982413792969,1.20783373290605,1.42801294351296,0.731231027827854,2.06868657293402,0.120280188255316,11.4925754874235
1.24910968825398,1.56280136032955,1.38297159472243,0.821136329326029,1.30827137132732,0.960711711787149,1.48980459435896,0.823973469677996,1.07185752290134,1.76079178548089,12.6913265938716
1.51097166946373,0.704235563247116,0.0952782645489554,1.52418095163918,0.388091880238073,0.933543357688257,0.880413741151131,0.143725181316822,1.02229556972949,0.339079273792266,11.085880084669
-0.429451972859365,-0.358948462974628,-0.224743374777837,-0.624566537126094,-0.332651320136253,-1.08061198283905,-0.323241392683195,-1.24371433282684,-0.766808620027391,-0.805790466129852,-5.43805297193288
-0.179718543109899,-0.67826169979469,-1.01077026312823,0.974603098457371,0.0521611214119008,-0.248919904031569,0.97178369197744,0.341140005503407,-0.147323621346563,0.853914862415174,3.90179135927587
0.438571220606361,0.702374527331275,0.301338364533285,-0.111210750029785,-0.0416089579609096,0.212013843239853,-1.07548063510224,0.24120017504649,-0.199018386367405,1.18898066682048,2.28189099786754
-0.170569988658579,-0.657607019516331,-1.99717370836082,-1.4389959473752,-1.02925599635452,-0.13575982622407,-0.674064170405294,-0.991069864877468,-1.27760791873982,-0.629113241587029,-8.43953732077447
1.0714789384341,0.152280601939134,1.44310221531334,0.22920363764674,0.708667530490205,1.32123117664948,0.172181836642328,0.518517500836664,1.35876891030788,1.81836407766996,10.8967931606302
0.0737074064841857,0.162470519500176,0.0958961474441086,0.742023480495842,1.02060853224479,-0.744282802933019,1.5181704182543,-0.559278673605101,1.26390618229922,1.70220283725407,6.4195056192397
-1.38246464917482,-0.916420857677413,0.612514943296296,-0.88924644286864,-1.08111113718362,-0.78392385857149,-1.52567275486604,-0.0611710338074941,0.400127886133555,-1.71123480972397,-6.00850267051756
1.68833095841619,1.79472623956158,0.886159870481492,0.821136329326029,1.30827137132732,1.23777224430138,2.99964440821588,0.451633778106006,0.15672728560737,0.5831852908647,12.4068638846704
0.019606067450367,-0.821689844145662,-0.844938037369319,-0.0714337277264592,-0.0431093422440217,-0.230990472901224,-0.694008195313888,0.784569066252015,-0.121690031297973,-0.370587966873998,-1.9502056162713
1.31934892571361,-0.327768443956786,-0.415216225413823,0.875757903526773,1.7850140166672,0.780596211726281,0.963707832187606,-0.928670928217482,1.28507970356928,0.512161350313534,9.26032144714535
-0.362985738093709,-0.660715324426659,0.417241779801344,-0.615218420691592,-0.426199424757685,-0.29247868799604,-0.354634299098717,0.00912069934335723,0.295565816429042,-1.73680018091821,-1.360360488194
-0.48629149850924,0.471799463833628,1.05885556697554,0.415910031714213,1.22700086873385,1.60796990319215,0.292977911407718,0.768686964846697,1.02229556972949,0.501314521776893,8.12076411117661
0.239905340672838,2.28689041690193,0.797871422643765,1.20573398440362,1.52550753105465,1.24197662055754,1.22434120710867,0.339837494509733,0.259081909590573,1.14933398617775,9.97866781816476
0.207400871175263,0.903707111608361,0.393278104057648,1.10151065153993,-0.0778823762634107,1.52458666471289,0.360349301459019,0.140694573217533,0.699003895964016,-0.34929646730374,5.68723293679594
1.15829336654565,1.00935524586273,0.971488614687677,0.263392659978907,0.342715886482284,1.51344425688846,1.42402012106218,1.0768593925953,1.09696021554357,2.60815338032134,12.8992006797715
-1.06423912305886,-0.556857917676325,-1.207324183785,-0.745365022978327,-1.05575284196753,-1.41555872027606,-0.648983697253652,-0.846134706211805,0.110381048035206,0.0804915112787057,-6.00850267051756
-0.0745233286259045,-0.681361735304683,-0.700989061089046,-1.09097828112332,0.914492957126135,0.732853872205316,-0.292471487718661,0.444521157648243,-1.05716585070524,0.0581670441555989,-2.89429025055781
-0.130372538667575,-0.544594885867769,-0.327441206196385,-0.472990562615022,0.0679427253131389,-0.818497597021369,-0.955008912058563,-1.4580324946625,-1.04650189406905,-1.73847110760318,-5.15426565318229
0.141680211286664,1.10007858928048,0.281705597044237,0.425078927714957,0.676806855964415,0.418416857095156,1.25530530053184,-0.66340301307798,0.25507467283432,0.694106263507596,4.45479363375075
-0.622088801021743,-0.546492206795832,0.733889436579279,0.62994881446691,0.437269195459764,0.835717965604222,-0.296937920740579,0.284479044530333,0.978807285370452,0.558838348239879,4.41583503514282
-1.74953134913221,-1.85140911381772,-0.738326806203342,-0.924975650474486,-1.14492920158165,-0.950483626032498,-2.0973704649843,-1.46351680024807,-0.517138628722599,-1.39566879699057,-10.1932498016066
1.4476367738608,0.410900157907261,-0.608149972093378,-0.689286449868615,-0.538543513435822,0.288650896487671,0.452482665937882,0.978963418896094,-0.43950877281124,1.11270701927558,5.03768323193939
1.33917797617555,1.3945202515589,2.30814994327149,2.48659253615428,1.65339625114157,1.54661227941443,0.76291173056256,0.592285061247305,1.00002486225871,0.602124467181454,14.9123349068063
1.09415541060187,1.33170716735623,0.376510259812148,0.162936471370333,0.670535902247015,0.358582307282476,1.12200205838259,0.138187960549247,1.08093005965133,-0.0720650886945474,4.50261655817279
1.06354148539671,-0.401180978677666,-0.847818146608967,-1.44799919000498,0.0724116371223424,-0.204956365807942,-0.487034517526472,-1.24018823887895,0.299325416211671,0.115120944654469,-1.80261265015138
0.33258968210804,-0.890290190735728,-0.224743374777837,-0.508655751901278,-1.19871583568951,-0.51026146808176,-0.53106721134146,-0.41851491389681,-1.2906857696093,-0.682684145130533,-3.7145324945097
0.225406946686426,-0.421806057879662,-0.394975685220938,0.889718673246394,-0.360508994224833,-0.285257353945676,-0.479767873019624,-1.06441603754009,-0.261738921041635,-0.711743470886388,-0.575554144703876
0.744792690799283,1.19717290977876,1.32602826868195,1.86718852520448,1.16225530068079,-0.0290380385979098,0.0697409729016262,1.43008547060086,1.01357779888653,0.120280188255316,9.86098041781271
-0.140365281715741,-0.828899564472503,-0.197415791317928,-0.592151146936929,-0.533685901290706,-0.233861031676236,-0.517782923272164,0.380191538415642,-0.245890627855474,0.732586989754341,-1.92810801289282
-1.4352031088547,-0.443772054258479,-1.2466338773805,-0.8277858027803,-0.813735769822442,-1.26675478002295,-2.44033226531166,-0.32896428340273,-1.0044102204297,-0.759397165748586,-8.30590359961917
0.438571220606361,-0.476236391843098,-0.523877422202574,-0.539017557009525,-0.284954956153353,0.488468203422768,-0.176459366064441,0.218436122468325,-0.677439652013319,-0.639747194562922,-0.400067039930471
0.00929080696267709,-0.837518467874439,-1.18443115270488,0.393035319477667,0.726693851596231,-0.422475438237119,-0.983989254620622,-0.33591716542303,-0.411642158077091,-0.885130065301948,-4.15445144978605
-0.716522745173665,-1.37467841344814,0.612514943296296,-0.169527682851486,-0.216432122030635,-0.43758893797431,-0.487034517526472,-2.27289369860948,-0.992362872273645,-0.97684591051473,-6.47338712765364
-1.14985548386477,-0.824003347273405,-1.0709801218017,-1.57616976919469,-1.02925599635452,-0.401783144107381,-1.03729944934013,-1.01642963626045,-0.301950817870078,-0.710473555949089,-10.0269343945545
0.582972123027089,-1.28232241718393,0.858622691099985,-1.3066603782379,-1.1029985687693,-0.960484240927222,-0.925599256047681,-0.431619840347287,-0.703922495179592,-1.09270461149289,-3.82729563978616
-1.66807643135607,-1.16379039879092,-0.176036819452613,0.0820457124570377,-0.00891033504560984,-0.569443642815938,-0.223164473395772,-0.53414483342723,0.356381048522869,-0.666840400910349,-3.04487190558375
0.947816960718851,1.54018514427284,0.448007003068979,0.775432142449988,0.0884948191443505,1.82429545246317,0.792681479230549,0.634506045108707,-0.352152738954236,0.874220946087101,7.95666040726166
-0.296471019658583,-0.87861852274271,-0.129728136764691,-1.46483606437353,0.914492957126135,-1.19522998288344,-1.52280284029607,-1.24221353304286,-0.509797794855547,-1.16000677323767,-8.17118971744147
0.175230206922384,0.405335418685021,0.989432189583676,1.23920493896752,-0.21268669198829,0.505219447618476,0.0953126831787301,0.0289341922728599,0.629646116222533,-0.407888378605084,4.24388153346016
-1.66149174606641,0.432276587490698,0.088318772394615,-0.472990562615022,-0.801913635679018,-0.473274413106013,-1.01408525022809,-0.0847916524960903,-0.383812927113002,-0.158055009760289,-2.78082213308884
