"X1","X2","X3","X4","X5","X6","X7","X8","X9","X10","y"
0.221579928941613,0.183862890822517,-0.523609331501016,0.65606899482772,0.87218430995903,0.387822738488378,0.156255062554672,-0.880708813798665,1.36413346385606,2.00547244290477,7.57285503180049
-0.324179166960066,-1.96778829112161,-1.26793736817656,0.599020692509684,0.782721956750419,-0.424051972073815,-0.554941864858667,-0.611676435605772,-1.1982362487549,0.428752314763735,-4.17300872955739
-1.4577193995533,-1.02668467834138,-0.947851661515581,-0.617541382199038,0.0367862920549896,-2.73604921714176,-0.47111532904918,1.64138561732835,0.350559281399957,-0.797447159255774,-6.68061014915181
0.732072255707704,1.86679763300246,0.174421232087546,-1.98007137604807,0.0808694761584949,-0.50340490521888,-0.660141640515545,0.0827236378942236,0.884276614935463,-0.324117456899397,1.9567662299796
0.263323031120391,0.0304152727219792,1.93328064180519,-1.01446051896292,-0.779584688496514,1.20029742839989,0.306838178643233,0.0749080810575778,1.36423220826891,0.993645676236476,6.38002749297907
-0.594368313629449,-0.547508579209437,-0.989577892313471,0.0937734101626921,-1.1650710258568,1.57279867974156,1.56324907434517,0.817066736013866,0.71962764051013,-0.404301094629471,0.58567454721981
1.15520132114979,0.0272611268971296,0.0593563160968552,0.248409939990085,-1.09486731485603,-0.117601475500895,0.0889752205876888,1.08072224475497,-1.11855464930329,1.1445588750985,3.6663190427805
0.326421420726461,1.66133768299616,-1.6351923602906,-0.323485173398457,-0.847640618636318,0.281592930441877,0.451852359867273,0.0625180512705002,0.615448142401198,-0.117276381823206,0.509814461822346
0.481421645824693,-3.22679223271048,-0.865269216848382,0.508584491113734,-0.818116457108898,0.387556501925121,0.438721312576705,0.452278484940339,-1.16583137828879,2.00028011505382,-1.56006586328015
-0.781606112427303,-0.64713055041723,1.00639811721672,-1.60908680339982,-0.922844847842602,-1.35215884585097,-1.18396692071591,0.0841697917376003,-1.55650419728075,-0.642524783903784,-5.98149103817055
2.10942806783963,0.398620945235465,0.332379528043887,-0.668894581708848,0.545036004615483,-0.180262211652493,0.698663669237569,0.835982042024478,0.0499132162621251,1.8791297353408,5.24558514188657
0.739683505887307,0.280182328002274,-0.848655487418753,-1.9403798079516,0.88922549087649,-0.645652413768863,-0.0647562458951011,0.371848454703502,0.534060227869884,0.55665992575769,-0.354383379671603
0.44885479848997,-1.8807999513126,-1.1267346970405,-0.32366793175109,-1.37767329322562,0.387556501925121,-0.74056650881615,0.739286794138144,-0.310726490676709,1.37339237815779,-3.73165320239789
0.0344336774750904,-0.456008648740586,-2.05879462083855,-1.86922630549548,-2.48783901037593,-1.60961543145135,-2.04482737396126,-1.39574921942242,-1.83131893863565,-1.99262639001895,-15.7830157317737
0.937587291266439,-0.31939584859595,0.314231196238344,-1.31010879190388,0.254905403593517,-0.124203179793405,1.43979764418242,-0.67786388222452,0.113185299800163,0.958928650320092,0.85270640845997
-0.987513996685824,0.0826543148011159,0.882378046516883,-0.7422452184142,-0.30679693960905,-1.28205324598485,-0.729824763335866,-0.252382718442099,-1.60742086453756,-0.642268076343807,-3.80432267811764
-1.54382676463714,-0.637259190468973,-1.41599560743274,-0.215391807108315,0.135535969920393,0.0356802721177808,-3.15661760253454,-0.501592493768487,-2.15901441112861,-1.64079103914976,-9.50152843691705
-0.976988795569516,-0.315657596243273,0.731438775683306,-1.25130754053967,0.487331451074858,-1.28205324598485,-0.0186433702726391,1.52846564103902,0.0988065601474926,1.16991708148587,1.47126780970574
0.398124897043557,-0.199175890508539,-1.03472909721967,0.106257911081288,-0.0175190337737823,1.11890635311388,-0.499850362839476,-0.708093247377883,0.0868127730945447,-0.107909697443422,0.73207011019124
-0.744986195837245,-0.473423169791854,-0.589437910373251,-0.464794266973127,-0.955520882920784,-0.839357022139797,-1.73805900724737,-1.19581672078894,-1.66393365569183,-2.36125854130804,-9.30554499200699
-2.14018980739345,1.07682005361192,-0.810401385115778,-0.221380447206189,-1.1799676452323,0.119160632833166,-1.80808545760111,0.412038574855074,-1.71816620694567,0.0962386099515618,-6.01193101839036
-0.235467524429203,0.548920209519233,1.32125738186855,0.674979989702237,1.32520199968265,-2.00217202041727,-0.868025552439682,-0.419983708885473,-0.0154508596602547,0.435636641796225,4.04308418931194
-2.0835223067847,0.161033997624069,0.281416713129613,-1.40945357769106,-0.915812616407546,-0.705641862759496,0.103603800645016,0.276442961887419,-1.49598671361815,-0.608953928679961,-5.31845337023167
0.519040202116331,1.27558325358875,0.126377839682957,-0.626113097960943,0.0527408992157401,1.84438213631387,1.38584345969762,0.389836454289206,1.30432403466668,-1.63512710488325,5.3150473538221
0.263323031120391,0.0304152727219792,0.477345614100729,0.905197170819461,-0.177714013164751,-0.304213806081963,-0.501997815599475,-0.575545555821458,-1.317495674014,2.48227086293986,2.73450547711155
-0.0854372780806994,0.0433946331286411,-0.0764458870938432,0.958522259981745,0.490198877268894,-0.763322139312811,0.954714632738548,0.548320440849656,0.651062653850201,0.501018735111021,5.16599710198436
0.716385313303564,0.131284545526858,0.847675165735517,0.364935089980049,0.909138263793117,0.036694091594579,-1.05550036568351,-0.425721166196645,-1.39732879521001,-0.342124929883409,4.58453679144101
-1.14888323343177,-1.37652368782027,-1.31185468124596,-1.35047033783233,-1.73081647290515,-1.57583577906813,-0.179036336149216,-0.840897145810552,-1.46910203853237,-1.5922763676491,-11.1833254512992
1.0914820865955,-0.613495030932188,0.889947027268666,1.46957119601705,-0.352022224161828,-0.0856053417543461,0.0603143208044912,-0.500294567270556,-0.0561149493413918,0.997063929331204,2.19995911354887
-0.853509247093586,-1.15387645845386,-0.170232078967111,-1.79087478639813,-1.44414943966096,-1.99801528497698,0.116653504379469,0.776552141111978,-0.466887044587612,-2.04849226186803,-7.92699360139902
0.843043244511456,-0.562938501592408,1.02851095834417,0.130710458737573,-0.23235317672759,-0.153331489040931,-0.613402053430273,0.525835367095426,0.808376956999399,0.757859429379409,4.65749284002034
0.728261231575436,0.210595303864321,0.949793226708799,-1.06663053206235,-0.934267304032103,1.25919820965952,-0.0915793932188751,-1.07507161189709,-0.0142665638177781,-1.1194425090872,-1.17710297391601
-0.235467524429203,0.548920209519233,0.889947027268666,-0.889878479143543,0.811030942531016,0.215193232205144,0.114528893808861,0.271337180836667,-0.510135289280508,0.723382145761432,0.700530719203992
0.172285909433779,-0.385919436945038,-0.391167527363557,-0.0278922539987328,0.49646397641688,0.639549851547442,-0.425172966608605,0.93622425164038,-0.724023196478318,2.41991439136815,4.95378343274526
1.20239199253673,0.148058118564113,0.56636600911798,0.508552523285821,0.88842982016368,-0.434086412729875,0.817027418034799,-0.0765106360692794,-0.639172107308521,1.8791297353408,5.78697474761602
0.7464572210815,-0.355896421597022,-0.190072808505747,1.90276089141763,0.407587967857107,0.502753542097103,1.70053355516019,0.786358907590142,1.43121323848416,0.856714212469042,7.10684013943935
0.340657457605511,0.427339250213661,-0.779125385383219,-1.26516785852394,0.0936921892702576,-0.864616918066387,-0.576904004413102,1.69948546695738,-1.76095472981675,0.2188304355798,-3.37075866281321
-0.0439344120085957,-0.694092238128679,1.74347751360747,1.24656255244968,0.768722709999995,-0.257404083145589,-0.19336711938356,-1.40938514976149,-0.295099534824403,1.14783091110997,4.73156654565954
0.846402456541275,-0.485409242360924,-0.267489476977358,-0.873220800775494,0.622768912112985,-1.68720995571101,0.381841735684617,-0.729219261133555,0.487665908151575,0.508072155317766,-1.45364410632906
-1.13428437447439,-1.37652368782027,-1.31185468124596,1.13516383965656,-1.78656989424947,0.0188863056710214,-0.351429527824143,-0.603266585920376,-0.481888270656838,0.299907512069408,-4.36430957776302
0.97890157756734,0.150314986975836,0.396931214231526,-0.869664459494168,0.309339821010587,-0.444539450806662,-0.669029880011858,0.466236065014194,-1.37005214597631,-0.526621860806435,0.655096767631296
3.27763901221715,-0.129165650528953,0.218472532974368,0.456325885249636,0.481866044380944,0.621951597655782,1.66128589285254,1.38671430378742,1.61613119077908,2.40705256401533,12.8826525231743
0.582232319930167,-0.57314284981067,1.82342771039505,-0.762849928277878,1.05237318520316,0.0938013588995161,1.59953730374882,-0.0765106360692794,-1.14320800841609,1.44425090887426,6.38002749297907
-2.48435591478585,-1.18729495131744,-1.35683933124848,-1.40058500312746,-2.59357512379644,-2.01335072041461,-1.64358473388378,-1.55384553203251,-0.928415716310572,-0.550299714079374,-15.5558214241402
0.20719432816059,-1.57127822154857,-0.291832148826507,-1.7323873084424,0.163438979756784,-0.875544890827105,0.14454578136601,-0.335401421767466,0.350559281399957,-1.44906476598727,-4.03051583400021
1.82014595484663,0.446392083934648,0.848612807589368,1.29369821394556,1.26280405914704,0.541452213961177,0.219209784014662,1.84568273957113,0.880254429330587,0.623403412768124,11.2851909571827
0.336029778921605,1.23500969953245,-0.639749095450627,0.510436166855849,1.64034698706051,-0.180262211652493,-0.322199667481826,-0.0307676603333543,0.514389287190162,0.25289350185542,4.08625876665655
0.286787667169186,-0.452869699474119,0.635415275361248,-1.38120531240602,0.509743397489545,0.116307213765717,-0.972337536998243,0.410489817387569,0.622343938667588,0.723382145761432,0.375171113787806
-1.13428437447439,0.251063623626625,-0.216065625624028,-1.24755887122036,-1.21458894018343,1.26748276310617,-0.354868633240508,-1.39463431243552,0.902486770600624,0.188471438607015,-1.57760750779818
-0.375100632276544,0.44999428773065,0.0751123837470091,-2.41109570160129,-1.05258560762472,1.19995197936184,-0.765092203790187,0.087247163137927,-0.805164797934433,1.14278777179291,-1.0444710608688
-0.679916975484313,0.18677367367166,-0.206229259619217,0.362230490720482,-0.41788586355347,0.705624732376537,0.0107230434329324,0.13880141973994,0.146928753718485,-0.00273082218343156,5.35550501991382
-1.30644155318067,0.40692545848744,-0.216065625624028,0.412474644618557,0.221547218981509,-0.60182198809631,-0.27605820021722,-0.888240459245569,-1.4348992776805,0.915107901492718,-3.92165928511783
1.86118011735033,-0.535561612449586,-0.466030386327709,1.46957119601705,1.96078846503,1.43873979994736,0.488581246129134,0.980211259640468,-0.0496269187499841,-0.308389524613032,5.70373473221801
2.16734460907941,0.211241560912496,0.706060293726218,0.677898960843909,3.01211269866555,0.927038189845834,1.18599160704837,1.5040275034507,0.95843367882452,1.64474717480846,13.9228043010317
-0.810468507316129,1.88500236137651,-0.839679213776109,0.129016086424333,1.03192912547629,-0.938651035065901,-0.526048247464016,-0.188695182842839,1.30510154297685,-0.360075230779401,0.0887802838465044
0.747028164845893,0.450436231121546,1.10301148650289,1.42195858489736,1.37986174594882,1.57291721127843,0.751593422030443,0.999399891109789,-0.0969634267855191,0.947779403479287,10.0600651816998
1.13672719465621,-0.625671358304658,0.294279840124617,0.420860737549902,-0.854056845578363,-0.434830478630742,1.16555723024354,-1.19835300638092,1.01690174578193,0.0100316939303525,0.0186666539698512
-0.143275561861865,1.08316983234481,1.32996507796255,0.65116234683321,-0.491867944900113,1.22028369322835,0.321925151576588,-1.7562758694694,0.268060192217787,-0.578692765358263,3.16512092466752
0.126091905408365,0.44770142045793,-0.131393192036172,0.64079609541576,0.428037000626723,-0.10911176229547,0.768559877066819,-0.949302732269988,-1.57110398983976,0.66068264632382,0.754549295005831
-0.744986195837245,-0.473423169791854,-0.589437910373251,-0.445072321750113,0.487331451074858,-0.280747376184805,-0.890750503092768,-1.35371683474242,-0.0433367657087849,-2.30160786650444,-5.00661512316878
1.42389308516884,-0.748849040125666,0.314231196238344,-1.30436239122129,-0.628596776560591,1.26523873862951,1.40016000979575,-2.03441157258669,-0.468431246804167,0.625056217062744,0.44528396282471
0.583068350423297,-1.17956837936231,-1.31726153261157,-1.0083872422339,-1.12022726348692,-0.829718417141,0.0912398598985116,0.209625642292618,-0.121708014823458,-0.0126165116870168,-3.91627249123038
0.7464572210815,0.450436231121546,1.10301148650289,0.776502236210642,0.702841491012778,0.103614542486105,0.87767041587318,1.97225310327231,2.13488789885418,1.9937227892936,13.0969954184719
-0.30636977699271,0.250632442513298,-0.368724864998472,-1.12366471041885,0.0543686524793447,-0.154021066477716,-1.07957307745463,-1.46643355043673,-0.989944798320193,-0.207054432294941,-4.7261309606778
-1.8146393311975,-0.330250726965727,-1.96124842683204,-1.09162261618616,-0.503963572316583,-0.867167846938716,0.361426045967924,-2.08309195369382,-0.946984703745887,-1.61839450097019,-10.3428907629901
0.797574878979434,0.762331617348718,0.0518178936861477,-0.244541623949446,0.00600509144700869,0.492180851072846,-0.665455301166722,-0.743006246026981,0.264597192412963,2.41991439136815,4.19488031245019
0.258732882137307,1.36363688512168,1.09523991633585,-0.00714614870035185,0.582987697817655,0.550220758812659,0.876163968681061,-0.434095104080052,-0.200420889210243,0.513570431085763,3.08767271484969
0.211321538374577,0.975274856357321,-0.988375445185789,-0.15027660574583,-0.847640618636318,1.26523873862951,1.33380194213502,0.0749080810575778,0.506475981276511,-0.38579537765886,1.40149594192999
-0.257878292255632,0.010790153367989,0.884081072796582,-1.68336284238809,-0.772535428404058,-0.966377125011038,-0.577324953909351,-0.302887122860072,0.888938253875183,-1.61363306800286,-5.01759930137633
-1.70035431410168,0.210214074888164,-1.74529574184512,-2.68351200418495,-2.59357512379644,-1.81149725950726,-2.07594726974999,-1.66189252665176,-0.928415716310572,-2.01179255542876,-17.0909303434815
-0.160208284921794,0.067393240280201,0.120206259267721,1.08235372200277,0.657238673288209,-0.919679941928618,0.210287340390964,-1.34169865212449,0.523388588330505,-0.158888135444676,0.0887802838465044
-0.143275561861865,1.08316983234481,1.32996507796255,0.714699947617856,1.48158688523142,0.670755946255374,-0.660834043124252,2.58829612265845,1.78578671886322,0.789615953743331,10.6874282217358
1.57130723315924,1.55592673334301,-0.406407167139682,0.564807641176119,0.506925939113199,0.217617747768237,0.559682602384965,-0.626191693438882,1.48135284559751,-0.553219670109605,3.76756684388818
-0.350328926335911,-0.647112119065577,-0.30930176944075,0.0697249531125341,0.281785575534899,-1.59464330631971,0.556909266408172,0.654889533615078,0.370438935799296,-0.360075230779401,-0.0411511779619375
-0.454806510154714,0.604136426856964,0.867853932970134,0.42326528729067,-0.23235317672759,-0.957451026428677,1.28270591713421,1.08072224475497,0.723930185908883,1.32577735486427,6.3556172970382
-0.375100632276544,0.44999428773065,-0.687952222761372,-0.340465120627255,-0.485128662108312,-1.43508752750093,-0.585185621574593,0.351176309606232,1.57830676639631,0.637223574921146,0.0138896387426476
0.208958773341786,0.384067084484824,-1.32792949842125,1.94253276259389,0.123854233170428,-0.444539450806662,0.799793422877265,0.157310686042452,-0.144416856263598,-0.404301094629471,1.17926977978291
-0.26109404284334,0.934354059570555,-0.406733812417844,-0.739619121030172,0.166859163501152,-0.53758879730853,0.13896834742837,0.630121785552419,1.58029770556988,-1.38504624852781,-0.486087708585094
0.390792088700605,2.16418799874588,0.26763960787899,-0.0256838281751927,0.291862254529824,2.31764227273962,-0.421388280804842,0.662283748233584,0.977237374628952,-0.60895873694574,6.64952977971937
0.602949395334602,-1.15236480966494,1.3191124151524,-0.347786518240249,-1.1157071619441,-0.656085936248678,-1.37063258390576,-2.36514762034158,-0.794616104241474,-0.686444475135285,-3.40618626690503
0.450931375929604,-1.8807999513126,-1.1267346970405,-0.32366793175109,-0.818116457108898,1.57279867974156,0.556909266408172,1.19467896653063,-0.412195251364779,-0.0850470923855695,-0.0116283853011536
-0.130655106196733,0.0339988578206701,-1.24713356544444,-0.52585012160437,-0.55893010749476,1.14564733381579,-0.949866602528483,-0.77656049909413,-1.07973674857977,0.831876615270826,-2.08334525438738
-1.82636527417189,-0.10919846018094,0.206211194314824,-0.364686246987402,0.142911123843513,-1.10584389160341,-0.708464062597584,-1.42621713340588,0.343113539933057,-1.24349621195437,-5.59629673960477
-0.832991869721143,0.527533459403516,0.635415275361248,-0.551275514546872,2.55190052461865,0.367506369210823,0.348915145663157,0.519907947178078,0.452899802679281,0.399464295548653,6.59649150599918
0.774913679497681,0.257532863430645,-0.848655487418753,1.25341594447816,0.5463923839097,0.861136248442128,0.886148049247607,-0.604895919369607,-0.813848580776642,0.915115285151182,5.55383557725064
-0.864100239977748,-1.15387645845386,-0.646421785274618,-1.29408008734271,-0.591820894226166,1.14208381312179,-2.041087945824,0.351176309606232,0.392590639099096,1.39235612368836,-3.62291887186501
1.66886394332846,0.585625395576274,0.848612807589368,1.56302161731123,-1.49464804810446,0.533686058577908,0.457910620015967,0.382045076967835,0.0622183414868899,0.165300224264358,6.3556172970382
-0.763391101863983,0.4003074368712,-0.929639395973433,0.0697249531125341,-0.30679693960905,-0.816956109385377,-0.135690627758015,-1.0265917759291,-0.880492254682366,-1.421567704315,-3.84961025733025
-0.26109404284334,-1.53551186198172,-1.0887672431789,-1.29408008734271,-1.01246995630843,-2.71271314780107,0.707057716202848,-1.02687764866173,-0.93306177117158,-3.64397604688652,-14.4532974813415
-2.05114875864835,-1.92904292379681,-0.1872613051994,-0.999204079123478,0.502108874432361,-1.35070822512029,0.0478107427670717,-0.693615061876599,-0.985492274566835,-0.945187398485785,-6.80600098652509
-1.06718100748149,-0.597816154964717,-0.59241308420159,-0.805661522780289,0.27498174721575,0.213581856950765,0.556909266408172,-0.888240459245569,-0.121708014823458,-0.453274006679756,-1.17326423841066
0.340657457605511,-1.08786555078315,-0.810401385115778,-0.943734171031858,-0.507960410218334,-1.25528725946999,0.104201290283635,0.0419372662665239,-0.768172177638214,-0.391363907002328,-0.736021048290007
-0.415231950576604,1.05029858182807,-0.788669482253336,0.958522259981745,1.2071227869869,-1.53861638865175,-0.972337536998243,0.608689291737156,-1.317495674014,0.764687689367528,1.82175351301388
0.720328653466391,0.926746328944084,1.01051788420501,0.816809503567422,1.59421844052493,-1.13234334233307,1.24548163325661,0.281253558555653,0.978985117436879,0.0357473100240425,8.89266428506457
-0.100470811198747,-1.63248821228417,0.206211194314824,1.487894091259,-0.934267304032103,-1.24640930671509,-0.120503208985257,-0.408491375474132,-0.225770414056064,-0.26315839180572,-1.85331373599973
-1.6694085329561,-2.46073681148423,-0.149669759392582,-1.38906347044659,-1.37389177330189,-0.854358215105289,-1.61261192750669,-1.39925209116201,-1.54665904012563,-1.13469346087707,-10.1278116335164
-1.44102584822116,-0.584474213850011,-1.40673617487428,0.149414346215219,0.0208440616070691,-0.382218604427317,0.438721312576705,0.28176122840726,0.398435418271002,-0.117276381823206,-1.0134593679212
-1.13428437447439,0.63155654477795,-1.06152288879789,-0.465412682414181,1.19361774545209,-0.99953570489842,-0.949866602528483,0.769345267126808,0.69966773952077,-0.453274006679756,-1.55623921376797
-0.0667117693738845,0.69378133679326,0.654976793233737,0.329281661679183,2.64819883675615,0.53495139717782,-0.454406718119097,-1.26438748960189,-0.336037906266536,-0.553961149048563,3.18284221020332
0.234886818219111,-0.398867480716682,0.635415275361248,-0.873220800775494,1.07230458271331,0.194180210940703,0.641218828875746,-0.496455222816115,0.113185299800163,-0.0719468902598309,0.894830908825964
-1.92756924818036,-0.066572880360127,0.421957809284305,0.623534315703201,0.196169392706776,0.234638203474783,-0.00257060303574953,0.135080955569385,-1.42506584510699,-1.62274430724423,-0.262144296624389
-0.892281570948336,-0.251919659625158,-0.157888730978137,-1.64259902630303,0.045897292111187,-0.330190310637777,-1.25483856978425,-0.252382718442099,-1.2033162119264,-1.82538372098655,-7.88138096159456
-0.602140951896514,-0.342388019046171,0.300059655618119,-0.56176574170624,0.0910268232716137,-0.112789863909202,1.51142650703611,-1.33646988936064,0.447275910756316,0.478590435743481,1.1522890771972
-1.11567118822672,-0.814290232850285,-1.98904171045428,-0.0539475364233601,0.163438979756784,-1.62718954820741,0.0804516728270209,-0.504137509332862,-0.141890715198653,-0.912933493074793,-7.14675892997099
-1.7677579168302,-1.22740005346452,-0.865269216848382,-0.898592799475877,-0.303226203574619,0.115724674011929,-0.766171863456764,-0.255524383896401,0.516488283235063,-0.000416000349617324,-3.91832552431131
0.799266325926602,-0.212230995659594,0.382296687281138,-0.213057970034061,1.73695321621642,0.0179006550465555,0.873759071883014,0.519907947178078,0.471355834072901,0.68183690454929,5.66139390178798
0.404524918559304,1.05161006878529,1.21087112903528,0.6255196016076,0.329119665534503,0.702823084096018,1.38557927120742,-0.177534824202148,0.900133983669811,-0.239212287635063,7.17830098433889
-0.613375324032451,0.624680369009022,0.20577824337198,-0.268648254519597,1.72153764927124,0.791805191282568,0.00959823732721032,1.78064890980332,1.14267122153774,0.977138376385879,7.40973562708139
-0.725273263587761,-1.79752100278902,1.01410190339958,-0.445072321750113,-0.771779818523129,-1.62718954820741,-0.530663847833386,-0.767626462681841,-0.507954331794688,-0.804238643464597,-6.96728326901017
1.37532856169814,-0.935511523052474,0.393954764307415,0.785664206211428,0.123854233170428,-1.16870251700938,-0.639926266612856,-0.385010879376706,-0.248241237964993,-0.44529436729348,0.73207011019124
1.27209769887484,-0.849716697717063,2.43141082403033,0.194645332120519,1.35609321752805,0.670755946255374,1.43229919439176,0.332984167956339,0.272830989838759,0.856714212469042,7.51152055697954
-0.543030194892888,-0.280990560185567,0.66884833848846,-1.12366471041885,-2.51303898104482,-0.269106081538261,-1.16229935759576,-1.5313622990083,-0.507954331794688,-1.55477709774949,-4.96808280831559
-0.789352340841511,-1.18865893562099,0.556882829372648,-0.0386794073289911,0.0936921892702576,0.640620463644356,0.487811432911079,0.0431570646541928,0.970921578084995,0.0897937875988148,0.354332842664723
0.508583776824485,1.27558325358875,0.933406783808289,0.816809503567422,0.620139786445413,0.165809319249452,-0.143930097098172,0.508915652462102,0.839020661907635,1.24249256936905,6.84024248327148
0.365092238749388,-0.260792274951291,0.646734097826065,0.369667511376788,0.258714837330664,-0.246392761016409,-0.669029880011858,0.362273779793976,-1.19589316023604,0.332965259390432,1.04739571272644
0.145400593072463,1.46126325710643,1.09523991633585,-0.0315548952170896,-0.475835380541371,-0.473530815313937,0.394427155848046,-0.67786388222452,-0.974740287012449,-1.55748866267338,0.150087561158256
0.7464572210815,-0.180487196305991,1.02352583988306,-0.0387337125876806,1.16238399291123,-0.0638847690967522,0.241959801064529,0.309456104554395,-1.81218662262204,1.15623685225872,4.95378343274526
-0.321093508246858,-1.60608985958516,0.181573379424154,0.467988923630944,-1.29257200830135,1.87199490105944,-0.936190033573903,-0.77656049909413,-0.367373153812435,0.476666421824736,-0.380053655736681
0.519040202116331,1.27558325358875,0.648383523639104,0.823955042444416,-0.239301279178626,0.984003359138513,0.583532494695477,1.27069366540914,0.350657446483144,1.88518427620499,8.27911114261609
-2.19442762662644,-0.241383913442267,-0.339784833062921,0.00369471736618413,-0.583190471796802,0.228360110101394,-0.487627963007752,0.168870426018642,-1.02177070294656,-0.0358077960111222,-3.36106535475815
-0.866996767515583,-1.00726678699778,-1.0887672431789,-0.167849620676564,-1.19349456597136,-1.13567194738131,-0.0684166552109243,-0.854504821885503,0.516488283235063,-0.713750763988257,-5.00661512316878
-0.139548990929572,0.0144035778838727,0.0403843043484596,-0.741195822331887,0.760827928409685,-0.501399813040967,-0.115572910418819,-0.430393953481137,0.794401804274071,-0.834607351896766,-0.0915300276014142
-0.477268669519158,1.76427138752378,0.834137186309335,1.01099430398662,0.0678327886743886,0.589011801711817,-1.05550036568351,1.25968363079938,0.967591770322116,-0.275571793852257,5.65348834863463
-0.400551138884792,0.629420119740166,0.56023000327813,0.496679556650673,0.00600509144700869,0.454282582765972,0.661400434055765,-0.564257451453154,0.839968677384875,0.338963541948435,3.33145265351535
0.491870912379709,-0.621523118968066,-0.0572396284121683,-0.581604260702069,0.689487589340158,0.764938265851055,1.41750132204838,-1.16595242217969,-1.68995889686602,0.476666421824736,2.263326861247
1.4513432441087,0.42456681706522,1.26576719400733,1.55231127584692,-1.49464804810446,1.19366509056439,0.117024025892438,0.671801306774565,0.151163804218233,0.804195092256901,8.24159255993302
-0.350328926335911,0.455877026102946,-1.03472909721967,-0.261457941574003,-0.0647742192353733,-0.686275423363872,-0.820343174797361,-1.72293114084621,-0.147861605328241,-0.336922408212043,-4.58780930505259
-1.28446396991639,0.832097031470224,-0.45652192487947,0.384543471557285,-0.0924815353251087,-0.0347070371594737,-0.909122283356012,0.638022322996024,0.84800827330131,0.233779136183954,1.47126780970574
2.25079456538506,-0.623319132648556,0.559468065164456,0.135555690211041,1.16190618739441,1.23761136049513,0.865483515292358,2.63891266036441,1.14844128990698,1.46912110144634,10.3160241848618
-0.543030194892888,-1.0796558400315,-0.960017127881743,-0.732315958657224,0.432347115287728,-0.119938474449101,-0.554941864858667,0.654889533615078,-0.616730913603947,-0.312781360934738,0.875098383753915
0.541484410797664,0.782428943208004,-1.46022810107046,1.60061681894053,-0.0286558040648282,0.149355006749437,1.49972533631289,1.96676902726481,-0.0496269187499841,-1.62392741098286,4.73180371308951
-0.139548990929572,0.983854787747554,-0.0717173297921736,1.60910123488171,1.27094893123442,1.33039853309246,1.38435468429103,0.304832844848374,0.173028593125968,1.23991068162465,7.51152055697954
2.37569205877109,0.613278776787557,1.48989011579455,1.46901025054934,1.81096072017101,1.39760675261651,0.570028417765832,1.48231035855374,1.83080295480628,0.185689394661975,13.9228043010317
0.0123075778487171,-2.12335795827095,-0.867133336195376,-1.63652525612207,-2.22235074186878,-1.86235853186333,-0.179036336149216,-0.442050967339615,-0.93306177117158,1.52287419603664,-8.40989905383595
0.367199441936581,-0.126478170409451,0.192016963025538,-0.211693222111818,0.457986386717833,0.194180210940703,-0.106731670133582,0.0904179564494742,-1.21097484686403,0.418755525057755,0.608094375288015
1.26224189314533,0.152608515939133,-1.46022810107046,-0.466954551078284,-1.58600697555469,0.18620961851955,-0.210295130475991,-0.794601128850927,-1.44118948477048,-0.46052915065268,-4.38645321564542
0.600551867887125,-1.15236480966494,-1.17079591945906,-0.943734171031858,0.410283564297649,-1.79452289577808,0.512533746832635,0.0463795090035294,0.150925249905307,-1.3965421204048,-6.55218265053017
-0.705836939729405,0.391966878872449,-0.391167527363557,-0.261457941574003,-2.50518245804205,0.119160632833166,-0.303399426242383,0.698216622464681,0.745146939019707,-1.77787209280143,-3.39782636413787
0.130515647419136,-0.162563028805652,0.754133337801592,1.08663754771724,1.03448293953583,0.169493532621556,0.457910620015967,1.07822864459898,0.812706731356816,-0.674296864628657,8.92096529649524
-0.611077346170946,0.825302895109409,-0.190072808505747,-0.741195822331887,-0.117665051331713,-0.521281900909217,-0.813235327481683,0.167632649764479,0.154869298602108,-2.37920470733755,-5.01759930137633
0.888984959918625,-1.12632231892564,0.0275016552617778,0.481587205090426,0.819049733155299,0.998799969914001,-0.442165421051958,-0.15517905934053,-0.22377806343412,-0.206954651696559,3.81158831052136
-1.1510727865278,0.565110171411224,-0.537334780427953,0.0697249531125341,0.760827928409685,0.165328157509271,0.32381964053375,-0.575545555821458,-0.445100924839134,-0.985472635955782,-0.0990249085887228
1.82014595484663,0.446392083934648,1.34789027313523,0.235717252887211,1.43227731424293,0.585360847633567,0.751593422030443,0.504439038246964,0.977237374628952,0.429844831389675,10.7008993485972
-0.789352340841511,-1.18865893562099,-0.496456057949244,-0.184653592413027,0.168721146960186,-1.65486110054212,1.469781133769,0.148502472991373,-0.227142867942695,-1.30410166085899,-5.03739654537702
0.558212409325716,-0.364356759254947,-0.687952222761372,1.41448415392918,1.16238399291123,1.10305760334394,0.0173257979465228,0.786358907590142,1.06740920626009,1.23991068162465,8.39040798038603
0.404524918559304,1.05161006878529,0.753294580982784,0.149565309551313,0.361532511595702,-0.296835331483882,0.579483516437391,1.12775009006328,1.3886224823936,1.83493701834955,7.01458225437778
0.0732706398107403,1.63860696330621,0.742892199404708,2.17840527297098,0.951279063781313,0.119136717060438,-0.217466320695985,-0.177534824202148,0.424181036270085,-0.935884941351141,4.41202295647847
-0.211189588178506,-1.1710879751844,-0.263722972848945,0.976328842660897,-0.449521651849406,-1.83847713505775,2.00201290880083,-0.97183486619984,1.58063756354642,1.32577735486427,1.28736690608694
1.20239199253673,0.148058118564113,0.98851149553067,0.235012884939776,2.14443347994932,0.119136717060438,1.43229919439176,0.381044981763522,2.12875978787574,2.40705256401533,10.5885151937274
-0.313434372716306,0.164670640524822,-0.112870904485374,-0.59786977069021,-0.132950703619085,0.471132549356883,-0.263114151312027,-0.430393953481137,1.61259962281405,0.801334318152297,1.14867798447071
0.178697966636423,-0.051159548724734,1.04465806206105,-1.58656187367868,1.11034044899038,-0.779924194038111,-0.819113215375324,-0.385010879376706,0.918469469903424,-0.280201240474486,0.824912292774438
-0.0686575657511579,0.0618841448500816,1.3074462324578,-1.93216600622925,1.04110053832688,-0.563399176343745,0.61469144104266,0.91296421458924,0.218515287684021,0.435636641796225,1.03226008614406
0.581575499624023,-1.17956837936231,-0.261599309004924,-2.05522326394734,-0.000358491624197757,-0.139643103705791,0.682644644170725,-0.523389675877818,-0.222362006391726,-1.44906476598727,-3.25248406241165
-0.087980332627712,0.0433946331286411,-0.468196893382254,-1.12366471041885,-0.0182525740277038,-0.323385511906341,1.1984763097291,-1.36334708808177,0.892602557071579,-0.959786242104114,0.84513143605123
-0.725273263587761,-0.225801114352326,0.0549315316975948,-1.34142027956315,-0.354679142040905,-1.31272438002149,-0.774074931228314,0.412038574855074,-1.60041175785448,-0.909652708224574,-8.77242031769731
-0.320591352600799,0.795380913613565,-1.30080183231329,-0.794197249295946,-0.966467222075952,-1.23729431251117,0.640368873249197,-0.912105960923249,-1.38615424309855,-0.455694120526631,-4.21902133064695
0.704849067755107,0.357988058453311,0.354132483298895,-0.648452195801055,1.46191683228061,0.745918600088875,1.14840907318504,1.67975499454044,0.170855195481063,0.548013010006514,7.40973562708139
-1.28446396991639,-0.175324240471576,-1.51178185545952,-0.338314234906175,-0.46710976942917,-0.798061343931693,-0.897880375216655,0.0913872690589507,-0.210430142782533,-0.763821049251013,-6.11809916711825
0.747028164845893,0.450436231121546,1.10301148650289,0.776502236210642,0.702841491012778,1.03119181435655,1.56559359740081,1.32537797894312,0.824400764323049,0.00349463265259384,10.0364247930982
1.76130477920445,0.505963124055138,0.848612807589368,0.0588337501969912,0.544899284408929,1.08663160741983,-0.217466320695985,-1.31503965904768,1.19712773255466,-1.74248715630242,1.49843493582236
0.106623727853588,-0.773366361206282,-1.68532747714951,-1.27882162999158,0.341239297164937,-0.568101055086808,-0.0346753673699507,-0.41631049757206,0.392590639099096,-1.79621750981513,-4.21902133064695
0.214917371786825,0.384067084484824,-1.75307391609068,-0.0478118234775234,-0.589243028723177,-2.00935374034636,-2.2712536592095,1.68559750446339,0.238713099481314,-0.265656478735756,-0.69866107797355
-1.18314098416335,-0.115036244291723,0.751720510229718,-1.0807713386348,-1.48262249280819,-2.48670359963245,-1.25165138887884,0.776552141111978,-0.37935679933118,-1.0485502767152,-5.98149103817055
-0.594797131307077,-1.53511133156425,-1.22977415624026,-0.430524240532682,0.137739695318102,1.79786915930205,-0.311542057929781,-0.725449175060849,0.918469469903424,-0.701789219875678,-1.85331373599973
0.178697966636423,-0.385919436945038,-1.3369457023029,0.729442969116357,0.120738041464513,1.26523873862951,1.33380194213502,-0.603208516482705,0.833346355334366,1.27599680572941,4.93849625048886
-0.943912652305395,-1.28831667766005,-0.867133336195376,-1.1063644126902,-2.58408429874375,-2.3523495703252,-2.703680528202,0.062817381477427,-2.0515534080579,-1.99066012194739,-15.5558214241402
-2.34735478578837,-0.368983452147302,-0.952913421117627,-0.641119103895464,-2.2304849662286,-0.8459760935831,-0.861877804130929,-1.54376124138632,-0.00143264725220191,-0.725711559799001,-9.06564346558465
-2.19745922118591,-0.241383913442267,1.72392376347176,-0.909648511712222,-1.78656989424947,-0.305277869583605,1.87058681099895,-0.641264148982899,-0.225770414056064,-0.0595874512413803,-0.146525347372658
-1.84720379212263,-0.330250726965727,-0.0432062978124643,-0.737115148615702,-1.47574077932123,-2.39747942929795,-1.37293034286609,-1.39925209116201,-0.658152769703459,-1.13469346087707,-10.8823002366186
-2.16726659311218,-0.380781016615265,-2.18658478166,-0.148585576920535,0.00738855101615145,-2.01472255303151,-1.13397857910956,-0.0180223740310632,-1.86425410763139,0.180145389073243,-7.67022250793107
-0.141108120500991,1.08316983234481,1.32996507796255,0.714699947617856,1.8968005342909,-0.0407457038998623,-0.0116261132267408,0.135738112061147,-0.200420889210243,-0.844883707369955,3.73067624579203
0.232038390219213,-0.97771782145795,0.66884833848846,1.22741205748461,0.104236884596413,0.860796202461078,-0.311566865067722,-0.496455222816115,0.34201428853332,-1.47030523638794,2.3304077686523
0.469142250205648,1.31022783141558,0.731247730002033,1.73763279933702,1.46490928664196,-0.635546428831034,0.35619834374778,0.842235988517168,0.811159910546393,0.920715434309331,8.57814173164607
0.595051598519508,0.190223527220765,-1.0041638247692,-0.266984204839786,1.40339681251917,0.180762081251592,1.27913753282666,-0.781028916922118,-1.57110398983976,1.81466246508271,3.81342333760736
-2.05114875864835,-0.774640292897374,-2.5535398967906,-0.148585576920535,-1.73081647290515,-1.50147552275807,-2.703680528202,-1.17817978683896,-1.11411680181047,-1.67185764745051,-15.7830157317737
-0.832991869721143,-0.314210270340233,-0.184746413993736,0.0457004101002214,-0.418753202392364,1.51366159528774,-1.71062890081045,1.2601442949855,-1.21097484686403,0.0286136860188555,-0.380053655736681
-0.468129973893951,0.125924043133307,-0.445596723751093,-0.261457941574003,-0.759803620851642,0.101873991272243,-0.194464177004115,-1.46643355043673,-2.55838109006335,-1.16550947656242,-7.14675892997099
1.84067851386854,0.792061190876207,1.58322946241435,-1.28013242371675,1.91777727447841,0.585360847633567,1.05831099376091,0.282574138313337,-0.0661198582151988,0.249443567764775,5.70373473221801
0.335634804844142,-1.603543099774,1.05215537856797,0.0195239574533753,1.11758549457264,0.484798509118863,0.852356832145896,1.00381335153577,-0.189438120985513,1.53803704290833,5.35227779075512
0.558212409325716,-0.757557983678649,-0.224584630026979,-1.89305772206461,-1.74158662519645,-1.07365687975298,-0.870854788654021,-1.71144837333681,-1.51764012369251,1.0246066717103,-5.85116490620147
-0.813977232084667,-0.105969375049486,-1.13050792597771,-1.86922630549548,-2.28613937458256,-1.46610972737688,-2.63175196063632,-0.709188640356269,-1.4918980604146,-2.17117429680269,-14.2177414548715
1.44781427865939,2.13970732011854,0.198294104496744,0.873183188906864,1.16662178346327,1.23849939153428,0.81671542305816,1.36473863093585,1.54834090569761,0.296125060027077,11.4137389346157
0.261363817544601,1.25401805054012,-1.08590965093988,1.48634085260794,0.0321882341738151,0.875659373237394,-0.0620548066322314,0.468454906506014,1.06652509795526,-0.366682913874304,4.47902151766332
0.583068350423297,0.744051611411784,0.669341207177781,0.833129666439535,0.244776102142619,-0.267055151180212,-0.799394154939775,-0.496455222816115,0.51553764491552,0.869173872249749,5.69247568126676
-1.14888323343177,-0.670873792560102,-1.52054592393745,0.00369471736618413,-0.638697060072094,0.387556501925121,-1.07908674643734,-0.688748659488067,-0.793347026504156,0.466338167801782,-4.42481192927907
-1.18314098416335,-1.85149109807735,-0.236601003802596,-2.44253996703683,-1.75301191382936,-0.854358215105289,-0.758866468066798,-2.20919465233722,-1.54665904012563,0.572888490799636,-10.2542309463951
0.443213103365292,0.623407721421873,-1.65101747996784,-0.397395305949958,1.06042442423624,-0.763322139312811,-0.778605330693202,0.245166590904297,0.145654051979976,0.231841811773231,1.98479133465962
0.54157113902351,-0.560854279772599,-1.24713356544444,-0.261457941574003,0.459847415204467,-0.238916597603525,-0.702093659349534,-0.570969271246325,-1.64120178719582,-1.24349621195437,-5.06420946419305
-1.18314098416335,-0.115036244291723,-0.472877528358158,0.306251212138369,0.678394517079023,-1.2185124302614,-0.210295130475991,-1.41423257319181,0.230963441749171,0.0515354308181244,0.885429055030881
-0.852462068919766,-1.15387645845386,0.181573379424154,-0.0907128470255963,-0.197841916078815,-1.10584389160341,0.196961840646969,0.148502472991373,-0.889299957421677,0.602586710921564,-0.321264439120669
-1.50985121725034,0.678738395883603,-0.70839247087656,-0.117617498885329,-2.51303898104482,-1.03912020686327,-1.53122961036302,-0.325901607171709,-0.621348247961939,1.0246066717103,-5.00661512316878
0.431554294949546,-0.655784024688546,1.10908213322525,1.81844774422493,0.968158844703674,1.54469486205706,0.811572678699382,1.19363514940495,1.12400555811744,1.03113804868176,8.14475344619734
0.0285717901797085,-0.22523376474062,-0.175215250438321,-0.59786977069021,-0.759803620851642,-1.19499649632496,0.870671811585567,0.190692872028477,0.622343938667588,-0.128664714957479,0.748222735430453
-0.602140951896514,0.244595626955537,-0.0119299365592708,-1.58530363571327,-1.60273279794982,-1.61417100696717,-0.624365356768271,0.463132245176145,-0.385867295309702,-1.51858867185132,-6.99174493057239
-0.853509247093586,-1.53934046108617,-2.18658478166,-1.56957319405118,-1.75301191382936,-1.50147552275807,-2.703680528202,-2.56737217068472,-0.928415716310572,-2.17117429680269,-17.5057402414686
-1.79313385760763,-0.774974684987948,-2.69016461668228,-1.25638423833457,-2.59357512379644,-1.04658283126415,-1.64358473388378,0.00355983817359476,-0.637116803109172,-2.4341559007233,-14.7010267010469
1.40452184352291,-2.40036142238247,0.731438775683306,0.284896147586913,-0.721435515017498,1.07300305353521,-1.14935696778279,-0.0342654738532447,0.464943583081961,-0.408179095537298,1.33924544033778
-0.594797131307077,-1.53511133156425,-1.22977415624026,0.172940218163793,-0.417221376167153,-0.113653664807947,-0.45777771073102,0.0976658544433069,-0.222362006391726,-1.15131722568481,-4.42481192927907
1.07534422639081,-0.361889187524092,0.119243086498687,-0.213057970034061,0.217341080864133,0.599672676681917,0.72909011163939,1.12775009006328,1.290429948017,-0.431250319096924,3.9815895205797
2.86470549199587,-0.379573809334322,0.355309114546094,1.20033312445778,-0.208208703599836,1.86904376745468,2.18178694757624,0.800123389810482,0.0403188640569717,0.120049195662715,9.6578407116766
0.966621299825673,1.01609918448069,-0.864205971417485,-0.491166904667573,1.0346332411469,-0.298526636709164,0.523099742128779,1.00381335153577,0.631741843417289,0.118714440900641,5.01433483091173
-2.48435591478585,-0.780860238727711,-0.236601003802596,-0.641119103895464,0.0460440684664489,-2.71271314780107,-0.47111532904918,-0.31463550564554,-0.93306177117158,-0.723702394996567,-9.49699220392521
0.602949395334602,-1.15236480966494,-1.17079591945906,-0.638431064913291,0.142911123843513,-0.922003668337415,-1.25483856978425,0.850866699862824,-0.548022741715641,1.16659813452934,-1.9429190751229
0.0123075778487171,-0.203119331700466,0.635415275361248,-0.263283764063857,-0.478591507720161,-0.851758149594651,0.45515107241573,-0.776431976035576,0.653346979040766,1.34828956479192,0.838164969814936
-1.11535159755133,-1.46550670292258,-0.952913421117627,-0.617541382199038,-0.195994860364175,-1.13567194738131,-1.76472743984941,-0.080081189228237,-1.13846057653366,-0.657393146169322,-9.3990445325742
-0.829945257627197,-1.11276882999472,-1.85326741180668,-1.01478235221742,-2.22235074186878,-1.60654422485653,-0.808569492782073,-0.709188640356269,-1.18041680708777,-1.65377390028654,-12.2025379714082
0.592235015764973,0.596444660932906,0.41862785241655,1.03772404874434,-0.491867944900113,0.0938013588995161,-0.694542079204684,1.08083330009573,1.48135284559751,2.5201385235906,6.58557324888716
-0.656635341226069,-1.94840896494522,-0.988488090796358,-2.44253996703683,-2.59357512379644,-1.04658283126415,-0.548943677791712,-1.09806870106294,-1.83131893863565,-1.8706058586883,-15.0725375333138
0.105056646543429,-0.943149323313149,0.773813130530292,0.911406204210208,-0.0244219289244811,0.401775015088322,-1.00531083185028,0.525835367095426,1.24150356264932,-1.47030523638794,0.0887802838465044
2.56351355018692,-0.852946981958741,-0.448578448549474,0.0575909390544432,-0.628908444532955,1.03695408438517,-0.347998025646221,0.34262108306745,0.107139187883994,1.16847417492897,4.95378343274526
0.020779887649316,0.285314513233225,0.334049311777793,0.160813934314994,0.87218430995903,1.03695408438517,0.780659559122717,0.671801306774565,0.135220803574709,-0.994981564047355,7.08449771035895
-0.393502227236226,-0.654213594652028,0.199299649755386,-1.25130754053967,0.0885760593045493,0.286867846081513,-2.23770602591984,-1.20609739582219,0.569283391523631,-1.79621750981513,-5.00018582848787
-1.27031642354043,-0.338952155540158,-1.91087364695521,-1.34563640633099,-0.857081584159889,-1.56162515730424,0.116653504379469,0.371813363266284,0.516488283235063,-0.444857253881012,-6.72487561806668
-1.57259242348228,-0.499451292196534,-0.496456057949244,-1.65403306551213,0.00738855101615145,0.436997023769904,-0.774074931228314,-0.126412867417959,-0.105326590402725,-1.05864276571051,-5.19696258616835
0.611594752235424,1.32837293544522,-1.2176409710187,0.510436166855849,1.29919160668841,-0.859258355834827,0.271894106513292,0.137563538197089,0.452899802679281,0.686687079265527,7.08449771035895
-1.82636527417189,-1.36713596903764,0.47907309319322,-1.58603164088472,-1.37634043337328,-0.890240455016567,-0.47111532904918,-2.22204422546386,0.0694009544403279,-0.657393146169322,-7.92699360139902
1.40452184352291,-2.40036142238247,0.806014415221727,-0.791237132558162,-1.06533783025134,0.286867846081513,-0.936190033573903,0.769345267126808,1.03794338819393,0.8968796922412,-0.67173274395346
-0.28593567054381,0.802534650427669,0.501734040226339,-1.26065318573659,0.490581786606231,0.880630354742824,-0.679726177112599,-0.00256806864413766,0.0388403246749813,-0.890482741449631,-2.09543031676736
0.314426387377188,0.0766163918694331,1.32125738186855,0.610328846666075,1.56726880945086,-0.335615076478482,1.64571354526054,0.387107165323667,0.812706731356816,1.91421481320448,6.58992376376482
0.54539621273582,0.782428943208004,-0.00144099919214841,-0.239288232327591,-0.682712298516201,-1.52892218584797,1.40062018437964,0.302740449345596,-0.123536672565133,-0.662455723889952,-1.65230409247825
-0.139548990929572,-0.0170443860671731,-0.204693711084285,0.606248001020551,2.14710506931675,-0.185308618221292,-0.19336711938356,0.539482680219361,0.103598176435496,-0.62557898574494,4.14093704578663
0.258732882137307,1.36363688512168,0.285964622594106,-1.01446051896292,-1.34072446686055,0.602126640308266,0.799793422877265,0.91296421458924,-0.439038709189024,0.274715427088474,4.19281975637849
-2.02628769211912,-0.0762102666476485,-0.926135501849705,-0.746398368484742,-0.941265353680817,-1.86298808210524,-1.10652449715164,-1.92781659181099,-2.0515534080579,0.53756333004248,-8.22968991468966
-0.671603939475631,-0.714027763519833,-0.620257253116396,-0.0586994871551437,-0.407031837438755,-1.10584389160341,-0.826055035223451,0.143325969541605,-0.850860874760533,1.50818628890963,-1.37929667728876
0.357892674519991,-0.260792274951291,-0.56652767716408,0.364861271648953,0.356200385426664,-1.68720995571101,-1.75549374141987,0.452278484940339,0.254660830762095,0.188633039739491,-3.92165928511783
1.30715704121524,2.20230358503218,-0.20298120414303,-0.964350287563788,0.909138263793117,0.193182920247342,0.840495288860655,0.384943354938665,0.333351535512405,-0.0719468902598309,6.38002749297907
-0.832991869721143,-1.11276882999472,-0.926135501849705,0.935380626898905,-1.16121266707501,-1.68762701762432,-0.940748160700522,0.463132245176145,-0.158938043775408,1.77831917462742,-3.62291887186501
0.0605539863017156,-0.367791373175311,1.12434942813861,0.98178671800713,0.170258086787671,-1.47223839541071,0.595877548022362,-1.33646988936064,-0.849346585361933,-0.517417663436495,1.46807495805962
-0.01941588766134,-0.703819655217353,0.745316565002408,0.958522259981745,1.14687556163306,1.68059411427267,0.232434430639549,0.192021280522886,0.743572135619124,1.25704745385817,8.89266428506457
1.51167332048569,0.0732974733700585,2.47919429426544,1.52016635205572,0.20197199052764,1.30998998720133,1.0426149485662,2.04205245749766,0.435873153411564,0.849566545497523,12.8074625640615
0.217745103721639,-1.12973481183003,-0.164666825950559,-0.630328223017223,1.1346015879964,0.224442859213689,0.411841004010867,1.10626495056685,1.24150356264932,2.00547244290477,4.93834657965563
0.944969684391108,-0.31939584859595,0.720333305074368,-2.10433773028804,0.678394517079023,-0.0969171739950546,2.19232461235401,-1.40938514976149,0.0883099192163001,0.146639689092419,0.372347956659067
0.558212409325716,-0.757557983678649,-0.224584630026979,-0.628525662352827,-1.06533783025134,-0.314134665410198,-0.266823977008662,0.723343682887816,-0.4668591211586,0.0986474968931893,-1.63914553768328
-0.705836939729405,0.391966878872449,-1.3369457023029,-0.258966146690995,-1.09901231589206,-0.201245791627806,-1.12668793161719,-0.641264148982899,0.619429301518172,-0.732225994930135,-4.36430957776302
-0.220741912814183,-0.595282279384584,-1.25648824804371,-0.0468563182046292,-0.197841916078815,-0.634835108639492,-0.309228163687241,-0.350286380704364,0.303114158651006,-0.235408248772117,-4.43050415556243
0.577866342949762,-0.190092619538577,-0.270301336715544,-1.69725632922811,0.203942473429701,0.324995544306769,-1.59145842166607,0.320462619505487,0.0534899354548133,0.175534539380594,-3.5775258871417
0.362278364816817,-0.126478170409451,-0.0103440096498264,1.66080041569886,1.30445671046245,-2.00217202041727,-1.13040660120216,-0.385010879376706,0.923489750942158,-0.550127464790831,0.0467813259512813
0.206532165457895,1.14677472460308,-0.20013285114701,0.61765348777953,0.170258086787671,0.180467217096784,2.01709841615537,1.78064890980332,1.24446715377247,-0.215574414123441,9.62167815279222
0.732072255707704,0.917075012004811,1.01051788420501,-0.45732368194328,0.170258086787671,1.65213069553719,-0.333258281385633,0.387107165323667,-1.64451361884819,0.435636641796225,2.91621800804618
2.15835380843957,1.08680884452508,0.871775204428831,0.216150951128838,2.31025623164933,0.185055442689452,-0.240561327815646,1.81238656563246,0.519196442476954,0.847442036387821,13.6956939834628
0.15586679653916,0.924951864335705,1.71980103743761,1.73763279933702,-0.554366581307926,0.741563211983993,-0.390772041050611,0.165574178696212,0.424181036270085,0.338142960556689,7.9501063655356
0.672520796909149,0.116580501640629,-0.405427756745028,-0.486608547713844,1.08246035967455,1.03695408438517,0.107322863673236,1.07822864459898,1.17357707899226,0.650887436502725,5.57902969082629
-1.75771216080177,-0.55673760169819,-0.505606059615948,0.508584491113734,-0.771779818523129,-2.48670359963245,-0.595916610787079,-0.377596569609435,0.343113539933057,0.175943824428695,-2.74572457897306
1.57244562329411,0.949324598564825,0.571382515489091,1.56302161731123,0.227182037236145,0.986942410753705,1.09540788111164,-0.18601437186388,-0.0727615030010074,1.96813588887721,10.2641830640038
0.629306655682284,-0.224900401477519,0.189388520569377,0.363198925623793,0.0527408992157401,-1.42922422286603,-0.540488031886323,-0.0679071829415122,-1.49109806723873,0.175534539380594,0.177437389933576
-0.145091604349247,0.486575223493881,1.00260613090514,0.83718285147566,0.789359840744178,1.30680486402808,2.53215851198391,1.32537797894312,-0.0969634267855191,1.19972805600948,9.55321933773843
-0.594797131307077,-1.53511133156425,-1.22977415624026,-0.258384539205662,0.0621643982979524,-1.35215884585097,-0.695706344739347,-0.603266585920376,-0.611671869380601,-0.352063366401745,-7.14675892997099
-0.789352340841511,-0.302481219982831,0.199299649755386,-1.91472905333249,0.045897292111187,-1.90130027280576,0.409713565772248,-0.538952987366786,-0.599001715325839,-0.642268076343807,-5.53646056711103
0.178697966636423,0.599389698606697,2.25266474180553,1.39670072480558,0.0113940981174034,2.22575490854299,1.48204108545085,0.618703797675544,1.14844128990698,0.741290365916307,10.4840377114844
1.01875477730452,-0.972024061664113,-1.87058830722928,-0.52585012160437,0.88922549087649,0.224442859213689,0.55133782666638,-0.353803381837864,0.0988065601474926,0.435636641796225,-1.8360403536136
-0.64981410386601,0.160836450964655,-0.46070123418137,-0.285361283511377,0.311791942585732,-1.55597437507087,-0.577324953909351,0.127674289910886,-0.845109675693696,-0.336922408212043,-3.75247653035049
0.1916403483757,0.315020626191076,0.382296687281138,1.05690914526161,-0.414807694741014,0.697502984395949,-0.679726177112599,0.494146516840946,-0.152914582711209,0.0152420968765195,1.57681349636963
-0.309080247282034,0.250632442513298,-0.85884932082251,-0.261457941574003,1.20741461420287,-0.964399562282079,0.0381773269174238,0.332476392749053,-0.308503129650765,-0.180220419083958,-1.97067222214986
-0.562367212286694,0.0633213314755074,-0.886030337526866,-1.09047381716953,0.410283564297649,-1.32430853321483,0.552206729475554,0.190692872028477,-0.195047321611482,-1.40907823577631,-5.01759930137633
-1.49776270244821,-0.778273002247716,-1.23405480352317,-2.37359377710264,-1.92508726981629,-0.708356343152724,-0.898969869992132,-0.840897145810552,0.769783543474326,-0.725711559799001,-7.40172711114686
0.362079227086656,-0.126478170409451,0.192016963025538,-0.39496925193893,2.62501416070115,0.815606214341955,1.24548163325661,1.55791915093513,0.203577003226265,-0.0930479663216057,8.05497335447603
-0.639894468922586,-2.32624574197139,-0.236601003802596,-0.403645696515135,-1.6118267843629,-0.431584087411407,-0.595916610787079,-1.16708293522134,0.210305720852842,-1.47219319625762,-7.52881935921391
-0.838053286119524,-1.40243893756799,0.0194347066596657,-0.805661522780289,0.27498174721575,1.19995197936184,-1.68048956841149,-0.131618381977412,-0.646466427743535,-1.12611092824831,-4.75617503129434
0.526270227434634,1.01720697544017,-0.348017249595565,-0.095319971688778,1.2071227869869,-0.267055151180212,0.886148049247607,0.309456104554395,-0.152914582711209,0.8968796922412,4.63735855933241
-0.853509247093586,-1.53934046108617,-2.18658478166,-1.98403765153393,-0.624413386367384,-0.786172622372253,-1.72820192022057,-0.31463550564554,0.769783543474326,-1.0485502767152,-11.237973650824
0.229773844251579,0.898414226210169,-0.16906550886525,0.657102885444122,-0.175800975333244,0.0165136149391267,-0.136053773238071,-0.62055162639804,1.14481340463065,0.999045902513611,3.71598718524956
1.2294448985774,-0.833993341928334,1.33368040082366,-0.270480797838633,-1.55109224516755,0.529062942950664,0.339835188917973,1.75776741476575,-0.806833695589302,0.645172251084927,3.01545394216076
0.54539621273582,0.782428943208004,-0.00144099919214841,-2.10433773028804,0.459847415204467,0.821875242435178,1.86621717050483,0.384277487581234,1.02597252174166,1.79748609562905,7.78929953347887
0.362079227086656,-0.260792274951291,0.389837035376336,-0.0578924404798999,1.03192912547629,1.23521291946179,-0.226606503743603,-1.7562758694694,-0.210477553046213,0.869173872249749,1.03226008614406
-0.477268669519158,1.76427138752378,0.355391868976589,-0.183806523645856,0.428037000626723,-2.20528410465562,0.0889752205876888,-0.597395143522612,0.00845114542091538,-0.465475473120907,-0.486993839988886
0.524781538942908,1.01720697544017,-1.08590965093988,-0.400326413756885,-0.70583426132764,0.804618561209762,-0.0322749192602104,-0.403791013937801,0.750934670209532,-0.558602023002909,-1.65230409247825
0.72384429135065,-0.560932682285945,1.04845450512836,1.0837186078746,-0.671462062917026,0.462757392687565,-2.22127545932352,-0.669239215474412,0.25054638607665,-1.22307890136355,1.20269268193613
0.336029778921605,-1.603543099774,-0.620257253116396,-1.16046861878067,-0.166447590891203,-0.875544890827105,-1.12668793161719,-1.9721951709301,-0.93306177117158,-1.09292505641154,-9.3990445325742
0.257002505761389,1.36363688512168,1.79604575624573,0.988702034263319,2.31025623164933,1.27507240036545,1.18599160704837,0.168663945997285,2.01333323053944,0.841878885984644,13.5433459952543
0.123899169688989,-1.59765293433403,-1.1267346970405,-0.364686246987402,-1.74851311771332,1.14208381312179,-0.45777771073102,0.812427001330876,0.0371619086687027,0.637223574921146,-1.44958318731623
2.10942806783963,0.581613663860585,0.963243665891953,-0.0494671730867429,1.40507558123032,-0.245290693122985,1.43229919439176,-1.42049769591871,0.471355834072901,1.02162429336704,5.18466087864253
0.171297313934692,-0.79153828596657,-0.70839247087656,-0.52585012160437,-0.55893010749476,-1.23729431251117,0.285483046233355,0.132114092466367,-1.593181073681,-1.6027651622805,-5.59489023462541
0.647050123433308,-0.113317892506069,-0.865715732970659,0.0548912785014902,1.83650801141712,0.211402852871764,-0.297180100955741,-0.610660642545353,0.943799405452045,1.23275871124353,3.00144749879547
0.336029778921605,-1.603543099774,-0.620257253116396,0.221916865224636,-0.0684026343582041,0.129980273969757,0.660892604078083,-0.124749354859953,-1.06124668939439,-0.360075230779401,-3.5775258871417
-0.438546261449708,-0.993591110837159,0.176040002356542,-0.312788545401389,0.115384358346976,-0.132216839020841,-0.0293843447182614,-0.729219261133555,0.290536259805007,-0.26315839180572,-0.721681751680412
1.15520132114979,0.0272611268971296,-0.385085751308221,1.97971701442049,1.19371167350128,0.108332693816549,-0.273056776942871,0.469971171761892,0.978985117436879,1.23991068162465,6.72484170421721
0.357892674519991,-0.0157371835924857,0.334049311777793,-1.00320206196004,1.04118201203439,0.715011914994476,-0.630851916869751,1.03594962614501,0.839968677384875,1.65836828493628,5.95569530435911
-0.384034824672429,0.768280476702517,-0.467555331880261,-0.522853819640508,0.454670100103859,-0.0217405450825455,-0.671010765868257,0.817066736013866,1.56464660812026,0.0985795972985199,-0.763451733426399
0.619920365302697,-0.785163975928435,-1.24912146171302,-0.630328223017223,0.203942473429701,-0.235766086701331,1.66008451257331,0.0431570646541928,-0.0142665638177781,0.813017014925263,2.6567244935771
0.830964180634065,-0.665499621044039,0.249311586798854,0.98178671800713,-0.294807660502668,-1.10514465703571,-1.43030811532218,-0.530887331147944,1.20219526555959,-1.68885683940773,-3.92165928511783
-1.5330192582002,-0.395927126020087,0.0410831217259478,-1.40945357769106,0.135535969920393,1.79786915930205,-1.71529632516137,-0.0679071829415122,0.303114158651006,-1.12611092824831,-3.75247653035049
0.152746756870753,1.27381232042842,1.21087112903528,0.853957415665566,1.31292802591746,0.445642464512758,0.786382575820875,1.55791915093513,0.760050670106082,0.624580448650681,10.2641830640038
-0.826233109678244,-1.08418674032923,-1.98904171045428,0.838237895403354,0.229118793394143,-0.179761754469613,-0.578714167135341,-1.06426907826959,-0.297192377131379,1.20553220326661,-3.80079424102403
-2.21161198592088,-0.241383913442267,-0.864429371088306,0.732725635104467,0.766181487767107,-1.40487852868108,-1.12668793161719,-0.573664026941801,-0.466887044587612,0.831876615270826,-5.03739654537702
0.687415076686562,-1.50215729134091,-0.123980401808927,-1.10005582543877,0.438776643774186,-1.2185124302614,0.5708835228102,-1.39463431243552,0.511052559428034,0.08845970641949,-2.49802815837451
-1.14888323343177,-1.37652368782027,-2.69016461668228,-2.12698164167769,-2.30112437963853,-2.01335072041461,-1.65903530646697,-1.44419485928381,-0.564508666678938,-1.99066012194739,-17.0909303434815
-0.160208284921794,-0.071575498071881,0.884081072796582,-1.64172539105626,-1.16121266707501,-0.568101055086808,1.12690418053473,0.685503007164693,0.943799405452045,0.508072155317766,2.6567244935771
2.17262603970669,1.08680884452508,-0.0339315337454755,-0.945562226271408,0.283293559536908,-0.137202349237624,0.911720227501163,2.02394219859886,0.29523214853584,0.0897937875988148,5.85307349358762
0.145400593072463,1.46126325710643,1.79604575624573,1.23950977445188,1.26280405914704,0.348261565587222,1.11303542887212,1.19181480965563,0.824400764323049,1.27837783482077,13.0969954184719
-0.414293130207961,1.05029858182807,-0.788669482253336,1.22741205748461,1.28869362137373,-0.142767623187646,0.523099742128779,-0.15517905934053,-0.613009801317211,-0.187095124268318,7.13710211329016
-1.27002601162677,-0.732793885525643,-1.40673617487428,-1.34563640633099,-0.303226203574619,-0.680678729903251,0.36957646517738,-0.755140305088409,-1.26864922630048,-0.964096319455714,-7.52881935921391
0.178697966636423,-0.051159548724734,1.31703239450177,1.0837186078746,-1.2665942282547,0.880630354742824,-0.0915793932188751,1.21639752401762,0.548737867397695,-0.106459230401068,4.47902151766332
-0.259203045344789,0.568108791857886,0.889947027268666,-0.889878479143543,0.811030942531016,0.215193232205144,1.76949871946367,0.539482680219361,0.0414367655304697,1.65836828493628,9.8142601920413
-0.324179166960066,-1.33151505368027,-0.319470737033468,0.17340941030486,0.115384358346976,-0.812697789357991,0.178026283350782,-0.97329837874856,-1.56456969537853,-0.867438261166173,-3.91832552431131
-0.0854372780806994,-0.22778037876135,1.12434942813861,1.19579224495374,-0.414807694741014,1.41781335488002,-0.171166784269728,0.24034744475691,-0.200420889210243,-0.366682913874304,2.69050733872069
1.51167332048569,2.01868010020476,-0.20298120414303,0.482020332725559,0.941058585070821,0.585360847633567,0.0590853841950121,-0.0354822755735112,2.12875978787574,0.14517369361517,5.39241516679648
-0.594368313629449,-1.53511133156425,-1.01370044356252,0.397370685717057,-1.5105466080213,1.14208381312179,1.469781133769,-0.383985260856905,0.544923217240565,0.571863836256377,1.14930558144223
-0.562367212286694,-1.38501676885244,-0.496456057949244,1.58393975694653,-0.00482547358445989,-1.79452289577808,0.196961840646969,-0.126412867417959,-1.14906287492842,0.55665992575769,-1.0134593679212
0.214917371786825,0.384067084484824,-1.75307391609068,-0.0478118234775234,1.11034044899038,-2.10724543247837,1.66008451257331,0.677955575564134,-0.574779661897992,-0.117276381823206,0.784615796983046
0.266047216478341,0.370793674027632,0.0710333654659759,0.234888400367932,0.111068080190044,-1.36577420514183,0.32381964053375,-0.580146805563533,-0.768983553971226,1.16991708148587,2.43849593627763
0.944969684391108,-1.15363818731159,1.36422823561209,-0.706279615972365,-0.721435515017498,-0.132024827407596,-0.936365570929984,0.518167941573754,0.324393123555379,0.435636641796225,0.509814461822346
0.676139006958204,-1.41636393357781,-1.13050792597771,-0.674081254068084,-1.91169269624581,-1.17034812452995,-0.351429527824143,-1.48465267023526,-0.852904155765841,-1.38061041790939,-7.67022250793107
0.266047216478341,0.0304152727219792,1.93328064180519,1.25651430554709,0.109783396442015,0.823041559650469,-0.619899388756563,0.835982042024478,0.876700641659516,0.14517369361517,7.02238909002305
-0.677123194214149,0.746946680955523,-1.03472909721967,-0.394611210833976,-1.77649615756153,0.422041125911938,0.512533746832635,-0.455987702294889,0.0988065601474926,0.299907512069408,-3.5775258871417
0.28921052945758,-1.90723840561054,-0.829070177812925,-0.344515822250644,0.410283564297649,0.286867846081513,0.274703840406616,0.320462619505487,0.523388588330505,1.14135860918334,0.0026700345426085
1.4513432441087,1.53021629773866,-0.318146663097349,0.990209138120862,1.37986174594882,-0.503770364884556,0.16133161441587,2.58829612265845,-0.0969634267855191,0.261694743745563,9.02260154270557
-1.11278773065155,-1.46550670292258,0.634744904912561,-0.508255749828869,-0.779690547255662,0.387556501925121,0.0924542716798033,-0.955212374618992,0.33191234636984,0.617140088516064,-3.92165928511783
1.80374196507519,2.260562431447,-0.422092976730662,0.873183188906864,1.16662178346327,1.8266334409691,1.24809267849087,-0.49726883448528,0.824400764323049,2.48812472358165,13.8730733158103
-0.087980332627712,-0.602269442579767,1.56882174319305,0.328953823723079,-0.349022140207752,-0.53758879730853,-1.14935696778279,0.0519820519289824,-0.768983553971226,1.47177169063974,2.687649068514
0.611594752235424,1.12826778808605,2.10917943163571,0.727397155187752,-0.208208703599836,-0.185331913246837,1.05053074043392,0.671801306774565,0.689062258753194,0.509785465856471,5.24173823175839
-0.436815728001839,-0.757811580397327,-0.472877528358158,-0.757672572349283,0.229118793394143,-0.424051972073815,1.56324907434517,-1.49015910422029,0.207160148002091,1.1445588750985,0.73207011019124
-0.102317892449986,-0.137309326754255,0.00224103895801828,0.761318315866377,-1.83838857528127,0.16986499339172,0.824551933915915,0.638022322996024,1.92003670870499,-0.0101664743569221,3.38767961895419
-1.1101659227532,-0.306068116578484,-0.245828969519248,-1.27882162999158,-1.47034601385348,-1.35361616247496,-0.351429527824143,-0.231995448941744,0.316870459762598,0.852511380575073,-3.36411047111058
-2.05114875864835,-1.92904292379681,-2.2003837020482,-1.19670772234269,-0.424823749971161,-0.164079861156317,-0.758866468066798,-0.135627477150075,-0.93306177117158,-0.813828191194839,-8.22968991468966
-1.27031642354043,-0.338952155540158,0.580515304655551,0.558204896724302,1.00134099670317,-0.441754199060565,-0.186396379064796,0.488230719959393,0.115485155513386,-0.187095124268318,2.98018541258436
1.0661771429662,1.08595873313037,2.32734306258027,-1.28013242371675,2.14443347994932,0.197387816118879,1.52834341227578,0.282574138313337,-0.131398814339644,1.57299641129109,10.1467270512969
1.41860115550699,-0.272555564941083,0.24253228535875,1.11888997517468,1.83237931528205,1.47316376773004,-0.321456093799307,0.377757896375706,0.0210107663578679,0.14325431877257,6.8689042881768
0.96806521043125,0.143913995901342,-1.20365020037484,-0.525629394749957,0.156901156471101,0.320736479493868,-0.0175605822669863,-1.06104375405274,-0.193183958933571,0.429672895641473,0.0138896387426476
1.51794699454589,-1.13342133826424,-0.0103440096498264,1.57676030634068,1.14966832440141,1.87658634121356,0.752756678910003,1.19181480965563,2.13488789885418,1.11555439252342,10.2799644784799
-0.79378471029585,-1.50867541389601,-1.02766000114945,-1.58603164088472,-0.857081584159889,-0.848391418932611,-0.723975743878424,-1.01203250099614,-0.959430354495483,-0.350724692199644,-7.67022250793107
-0.96219307461146,0.294968807428106,-1.57503466260465,1.59206704350422,-0.556810345268652,0.338908684641482,-0.0186433702726391,-0.0546965121504285,1.56464660812026,0.0560090883361656,0.090230533336322
-0.589344233735782,0.800212066220322,-0.999571335065223,-1.57050592567442,-1.21458894018343,-0.73477138059654,-1.07908674643734,-0.255524383896401,0.288391109899826,1.05537609841671,-4.07629334934357
-1.84720379212263,-0.10919846018094,0.206211194314824,-1.40945357769106,0.137739695318102,0.641019512895839,0.31225414889901,-1.02771108687086,-0.158938043775408,-0.650640123046555,-3.40445281979919
1.64868739442229,1.24644263263948,1.48989011579455,-0.245824307116026,0.608743185357622,1.30998998720133,0.820171539438871,0.282574138313337,0.151163804218233,0.992213042017689,8.8532558993156
-2.07775217330185,0.161033997624069,-0.0502721592501777,0.127207584197411,-0.517085649431458,1.87199490105944,0.0917123277067753,-0.620375046643026,-0.569034804094523,-1.3417097179019,-0.258061687845172
0.126091905408365,-1.59765293433403,0.93343344217463,0.986561876467017,1.05237318520316,0.222059768931457,-0.679726177112599,-0.00256806864413766,-0.980836696116248,0.562121067297275,1.14867798447071
-0.087980332627712,-0.22778037876135,-0.0987571863525096,-2.76089132639629,-0.676918925001307,0.249806677553187,-0.0411281920953444,-0.725386847176844,-0.984107478151953,-0.720962131088419,-5.31845337023167
-0.454806510154714,0.500688820010767,0.685629704244926,-0.525629394749957,2.62501416070115,0.533686058577908,-0.100092531645245,1.78090894074288,0.10410219216431,-0.55120646812451,4.51583272624016
-0.547014935500097,-1.0796558400315,-2.08624301966042,1.47532678951047,-1.0755659198425,-0.829718417141,-0.37498859838482,0.6744174086714,-0.00825375063115037,0.0692451138222178,-0.911193963070979
0.18508856185659,-0.661825777680547,0.147998729456438,-0.00566226767590739,0.404482372569044,-1.36906763139196,0.381841735684617,0.233315802350809,-0.308503129650765,-0.660588347831993,0.787071468901226
0.577866342949762,-0.190092619538577,-1.4410094500478,-0.755723897990136,1.1346015879964,-0.543184518881687,-0.839711022533282,0.754914517557463,-0.0647729448446305,-1.55748866267338,-1.45642686211765
0.758371651606675,-0.180487196305991,0.382296687281138,1.16338672291309,0.0244122531533115,1.37867747026334,0.0179823321936797,0.519907947178078,1.64821042727288,0.817633028334722,8.72465827305544
0.0285717901797085,0.285314513233225,1.0579510450337,-0.213057970034061,-0.322251881168548,-0.964399562282079,0.928147763396988,-0.430393953481137,0.642140248523681,-0.00165766984896521,0.894830908825964
-0.838053286119524,0.0972633614049985,1.05606449729592,-0.293662180926158,-0.41788586355347,-1.2185124302614,0.250909628127515,-0.295210722823508,0.0814869580277824,0.20057277841819,1.98479133465962
0.802784986169467,-0.0982939764966327,-0.92272352179513,-0.591979648666014,-0.205436519146121,-0.829462450933015,-0.936190033573903,1.24787585754245,-1.42506584510699,0.163969231050255,1.21048137616655
-1.73369354891268,0.475267898333199,-0.870097210486698,-0.684685730157324,1.3816306686353,0.281922239448603,0.548332801397784,-0.390422326182434,-0.196211314406341,0.755342542791107,1.9567662299796
2.10942806783963,0.581613663860585,0.963243665891953,1.28021633612131,0.227182037236145,-0.0260562430646073,1.47819920464326,0.633268061860519,0.760050670106082,1.41408640330276,9.38228472686267
1.82014595484663,0.446392083934648,0.848612807589368,1.29369821394556,-0.554366581307926,0.594098555564359,1.05053074043392,0.384943354938665,1.36599071920839,1.28652468592419,10.7813092677078
0.390792088700605,2.16418799874588,0.174421232087546,0.135555690211041,1.29722323297064,0.330577087560038,0.601689937541574,1.68947457344544,2.02071933970825,-0.0930479663216057,8.57814173164607
-0.477268669519158,-0.123616498728183,-0.537942975739702,-1.91472905333249,-1.36040824211696,0.207607006284535,-1.24691764837839,-1.05214688770545,-1.26864922630048,0.0962386099515618,-7.26653577307181
0.336029778921605,1.23500969953245,1.96597743208683,-0.383960091788788,-0.648779383637957,-0.99322048627884,0.394427155848046,-0.353803381837864,-0.123536672565133,0.332965259390432,2.10982669581519
-1.1101659227532,-2.31032555547728,-0.540699532125037,0.360399371202735,-0.000358491624197757,0.207607006284535,-1.81947474319353,-0.72896356858608,0.576744348203659,0.429672895641473,-3.39782636413787
-0.0430264023422638,0.6360020127962,-0.610857705580999,-0.415181511783811,-0.725495052912278,-0.686275423363872,0.170229041723082,0.637376144915638,-1.11410448355043,-0.0126165116870168,-2.99238363724002
0.020779887649316,-0.667197947060294,-0.70839247087656,-0.992166025664733,1.38663590311296,-0.514588971943703,-0.778722829006133,-0.570969271246325,-0.158938043775408,0.637223574921146,0.84513143605123
1.80361228805612,2.260562431447,-0.946594537566747,0.482020332725559,1.76434515925685,0.263581591136617,1.04663566215687,1.07608381094776,0.519196442476954,1.08621121056504,8.56678103017212
-1.39492442163248,-0.708404700116523,-0.646421785274618,-2.23587960694703,-0.695648086190193,-1.99801528497698,-0.0415592158547812,-0.0180223740310632,-0.646474932092799,1.52287419603664,-6.48458469806214
0.731355026657168,0.280182328002274,-0.0542943906513646,-0.706279615972365,-0.781279163711674,-0.394783496020246,0.55133782666638,-0.580146805563533,0.0576556246001561,0.31958041569008,-2.09543031676736
0.0285717901797085,0.285314513233225,-0.270301336715544,1.88627341918348,-0.588113644182169,-0.779924194038111,-0.540488031886323,0.650581014294758,-0.565473725921735,1.97058643100567,3.74527576743268
-0.454806510154714,0.604136426856964,-0.234782797162712,1.41448415392918,2.9211456909794,0.335489431684754,0.645511580989277,0.633268061860519,0.2312621758401,0.0401790929541652,7.17830098433889
-0.0686575657511579,0.606979400133074,-0.109907091584501,-1.64172539105626,-1.32506686037816,-0.345687364048297,-0.980109541678953,0.298055765601352,0.718436254118112,-0.336922408212043,-5.12848744241536
1.51794699454589,-1.13342133826424,0.867853932970134,-0.648452195801055,-0.0795374341607566,-1.31792073904158,0.630636874007686,0.630121785552419,1.47445012610234,-0.479187995399554,-0.763451733426399
-1.52961013301673,-0.395927126020087,0.421957809284305,0.306251212138369,0.138767851279501,1.03907012986817,0.20034135532705,-1.19835300638092,0.154869298602108,0.496528597072884,0.608094375288015
0.247360549911753,0.893797170525455,-0.16906550886525,1.01619126551531,1.32520199968265,1.33039853309246,1.78625100265655,1.55099231880954,0.880254429330587,1.27837783482077,11.1903616314209
0.195034048065381,0.446796930521345,-0.0921096766909694,1.08663754771724,0.561378431262625,0.666044020617081,0.0533974979068972,0.0077986569492082,-1.11855464930329,1.37829351263544,5.73476095856074
-0.823282435358509,-0.834360132883849,-1.5325272606641,-1.86227764977861,0.502108874432361,-1.1052559426637,-0.654549870420617,-0.603266585920376,-0.453866255839632,-1.23053139293677,-8.40989905383595
0.105056646543429,1.28133415596986,-1.01272008596295,0.609850940771863,-0.0518904801182082,0.720897050757823,0.432603840781598,0.281437682674824,1.61025690003562,1.23275871124353,3.88681948730755
0.178697966636423,-0.051159548724734,0.766638148872559,0.425620172422802,-0.234928435215925,1.18126148382729,0.443218056489433,1.25968363079938,-0.263083191562691,-0.62557898574494,2.98136946799485
0.0605539863017156,-1.88000467424863,-1.85326741180668,-0.258384539205662,-1.6118267843629,-2.39747942929795,-0.861877804130929,-1.39925209116201,-0.810803608935131,-1.44314973701834,-10.89695105257
0.325828490043785,1.66133768299616,-0.368499846906842,-0.637031415102455,0.87218430995903,-0.226522494097124,1.63859650332015,-0.715891359609103,-0.0163403374908797,-0.745014946080022,1.99446894333526
-0.864100239977748,1.17263000137762,0.785407754917372,-0.0367827861705497,0.784203671417215,-0.554722062032592,0.365081691130595,2.64170267771162,-0.58804124306836,0.951977279503265,5.60888274952058
-1.0514664002773,-1.76159723261826,0.755398168397318,1.58393975694653,1.83650801141712,0.880630354742824,1.76949871946367,-0.722154113272706,0.145519280708465,1.28652468592419,7.9501063655356
-1.28446396991639,0.832097031470224,-0.483955138667556,-1.31826083047435,0.336122500491048,-0.503092840977025,0.5708835228102,-0.603210390515012,-1.53783758405542,-1.09292505641154,-4.36430957776302
-0.163270311786428,-0.071575498071881,0.704559944432086,0.39792611853236,2.12352857633885,1.9280068596117,-0.129114522510985,-1.42049769591871,0.240016965062396,1.05122642087624,5.26618111201924
-1.77344407794846,-0.55673760169819,-0.330656675270569,-1.00716248587214,-1.14484063457878,0.115724674011929,-0.0707670126852215,0.791671654325291,-0.195047321611482,-0.391363907002328,-4.86523820479815
0.232038390219213,-0.502010686811931,-0.45652192487947,0.931990316967052,1.61147869818779,1.80089581527117,-0.336086864473509,1.22412275448673,0.719218381571755,-0.17027902266757,5.85307349358762
-0.455151613522459,0.500688820010767,0.685629704244926,0.436041454184241,0.258714837330664,0.222059768931457,0.365081691130595,1.71265688404147,0.545996148758539,-0.62557898574494,0.90324650758991
-0.813977232084667,-0.105969375049486,-1.25648824804371,-0.32366793175109,0.0885760593045493,-1.51646836674543,-1.00874806145995,-0.538952987366786,-0.466887044587612,0.209941639020404,-2.74572457897306
-1.75771216080177,-0.203747493633174,0.0410831217259478,-0.805661522780289,-1.19349456597136,-1.27723179394435,0.788343111751821,-1.61558310709818,-2.24421781561908,-2.12263458851308,-9.50115179824885
-0.877704945793043,-0.509494895461367,-0.245828969519248,0.0873683457596576,-0.0993283581839451,1.14564733381579,0.40467024291525,-1.19835300638092,-0.629967594390318,0.66068264632382,-1.38315953760631
-0.687049538133595,0.0538745011184211,1.05414364599978,-0.581604260702069,-0.725495052912278,-0.0474877725436086,-1.16062491173088,-0.17641932445185,-1.07504557853768,0.915107901492718,-0.789853590381238
-1.03243935760059,0.602750473539208,1.12434942813861,0.170859791137722,-0.660047299609351,-0.419754171407069,-2.21610570387266,-0.97329837874856,-0.850860874760533,1.50818628890963,0.177437389933576
-0.364663108228094,-1.77948071608913,-1.23405480352317,-1.09673161200822,0.0520492283246421,-1.5682443093761,0.36957646517738,-1.70870714903362,-1.67257943435804,-1.16806943661577,-4.90800699929425
-1.0514664002773,0.722486437966948,0.230023433450965,0.426511491725161,-0.176504458841482,0.431436740970542,0.799793422877265,-0.650107182274326,0.792963706831544,1.37829351263544,3.54633524916446
-0.139548990929572,0.983854787747554,0.0946560733674527,-1.43729903232824,-0.117665051331713,-0.829462450933015,0.548332801397784,-1.01406758996539,-0.909473807939566,-1.05864276571051,-3.84772328662927
0.0295489013608287,-0.22523376474062,-0.175215250438321,-0.163644284347316,-0.0175190337737823,0.515867188279379,-0.115572910418819,-0.669239215474412,-0.468431246804167,-0.220780263164635,-1.62848968292202
0.0285717901797085,0.285314513233225,-0.270301336715544,-0.791237132558162,0.109384129562453,0.602126640308266,0.411841004010867,1.10626495056685,0.651062653850201,-0.398269556905534,3.24270244385869
0.0081070182658483,-2.12335795827095,-0.867133336195376,-1.63652525612207,-0.328659679405288,-0.397685652053862,-0.921800230225483,-0.755140305088409,-2.15901441112861,-0.397869588377643,-11.5465005258292
0.390792088700605,-1.91327174299533,-0.407446156441073,1.43551490039133,-1.72095344527054,-1.90130027280576,-1.76809366782829,-1.12388340860943,0.957935075503734,-1.04421997153007,-6.96728326901017
-0.971614796327391,-0.899583536820773,0.421957809284305,1.30477173134526,0.101836238083648,-0.0347070371594737,0.0626420481125312,0.320183380640795,-0.725633750750364,1.15623685225872,3.24270244385869
-0.324179166960066,-0.471451351647456,0.66884833848846,-0.537120486778002,0.552615457943313,-0.238916597603525,-1.53679908772671,-1.01406758996539,0.419850086547301,-0.546238129438056,-4.75600668619929
-1.13213109393026,0.251063623626625,-1.31045152612979,-2.22851190661706,0.488462960038036,-0.823933926616597,-1.13986207533196,0.209625642292618,-0.907459761984047,-0.350724692199644,-5.43823681669956
1.60067056848186,-0.0865562543961859,0.00169748649867441,0.0503225744425149,0.629258848429789,0.984003359138513,0.348915145663157,2.41963226572193,2.08863259125031,0.883343424683457,10.0364247930982
-1.75771216080177,-0.203747493633174,0.421957809284305,-0.344515822250644,-1.88645770429583,0.979768950276302,0.618890699302207,-1.06426907826959,0.238713099481314,-0.626506022863273,-1.37929667728876
-0.986446739045823,-0.899583536820773,-0.35457646644173,-0.805661522780289,-0.166447590891203,-0.829718417141,-0.0160367619518518,-0.040826847043193,0.619429301518172,0.699528534240419,-2.1675790510564
0.602949395334602,0.495873936273512,1.33230397130342,0.0929495891498509,-1.20705955091662,0.440230388689493,-1.71015049024608,-0.419983708885473,-0.696369062753255,0.573158049495417,1.9567662299796
0.594652233143335,0.190223527220765,1.00621514556546,-0.637031415102455,0.754304533507822,0.00365775278299119,0.107322863673236,0.550117235142117,2.17195160284065,0.627950200960185,7.35444493096274
0.317350328871452,0.0766163918694331,-0.821303183819522,1.41448415392918,0.0565071133251311,-0.855683502389867,-0.304983711330421,-1.91760892155553,-0.906526981853672,1.16991708148587,-1.97067222214986
0.857812104525253,0.66939100685042,-0.978630011860635,-0.709286454314738,1.72153764927124,1.32157447716984,0.583532494695477,-1.48930667029142,-0.336037906266536,-0.36453682288341,1.14867798447071
0.629306655682284,0.320735917462786,1.05052900044627,0.119382985297422,0.545036004615483,-0.00392913036212644,0.457910620015967,-0.0636729864192405,0.968182082352495,-1.24443439750212,5.44525051428404
0.367199441936581,-0.126478170409451,0.867853932970134,0.387679600032001,0.519756426520209,0.492180851072846,0.0533974979068972,0.24034744475691,1.53688605450709,0.457652581591507,6.55535138072644
0.843384629096715,0.990565625535431,1.56305312818883,-0.42168265337154,0.34878412000679,-0.435109557990573,1.01502978042172,1.16397381395491,0.79126942575598,1.33920766365136,7.97844965662512
1.42389493190863,0.633467808933087,-1.2176409710187,-0.824011693711646,1.70259887055183,0.234382321270136,1.20240164660562,1.97225310327231,0.694305683251288,-0.101996361697779,3.84779956732633
1.15520132114979,0.0272611268971296,0.463912295604446,-0.222580214817627,-0.234928435215925,0.0165136149391267,0.0545349632271463,1.08083330009573,0.0457519390409878,-0.158888135444676,0.700530719203992
0.712535089020135,0.462915335120768,-0.466030386327709,-1.58656187367868,0.138767851279501,-0.501399813040967,0.26659197419769,0.107994278165979,-0.452021582216734,-0.465475473120907,0.177437389933576
-0.642860555007967,-2.32624574197139,-0.236601003802596,0.847744147736464,1.38131800751825,-1.22903420209639,-0.729824763335866,0.654889533615078,0.290536259805007,0.274659873200458,-1.29037896300827
-0.642860555007967,0.948578670715126,-0.523609331501016,0.112055808605442,2.62501416070115,1.9280068596117,1.26048632290954,1.00756876227831,0.689062258753194,0.742398604889264,7.2651029381428
-0.64981410386601,0.728606450718868,0.985631938963456,0.288952620319863,-0.0518904801182082,0.484798509118863,1.81846645641218,-1.16595242217969,-1.16910387931549,-0.775265699812081,0.58567454721981
1.65067103473818,1.34308263206275,2.93937322485129,2.07312474515221,1.41887564628303,0.227098192961744,2.24910128131633,-0.580816683631853,0.353446417951121,0.841878885984644,14.6704674712377
0.587986736019253,2.1279762598338,0.521688891350442,0.564807641176119,2.19146212138865,-0.684942714754285,-0.103124432707063,0.352871611755027,-0.0236360061058064,1.57409379754651,9.3341398695975
-0.324179166960066,-1.33151505368027,-0.976385738528347,-1.41125959308691,0.189831502722546,-0.382218604427317,-0.109711065958813,-0.126412867417959,0.99655201931687,-0.866262303477785,-3.09258591833777
1.41860115550699,-0.272555564941083,0.664836968659901,1.19962828491124,0.0583801084512057,1.72441643892248,0.246361990719721,0.352871611755027,2.11249557989494,0.120049195662715,10.0318179700947
0.469142250205648,1.31022783141558,0.933406783808289,-0.45732368194328,-0.380957040789607,-0.309351341483134,2.0205940923951,1.6156389955309,0.417313053736593,0.338963541948435,4.46485716158323
0.0614777436009946,-0.394533573733474,0.0275016552617778,-0.00566226767590739,1.07061536468038,1.64226389441658,-0.180702342622681,0.17143302056225,0.852951129972511,0.0592514884276421,4.19488031245019
-1.52961013301673,-1.19294320563358,-0.988488090796358,-0.600695984739586,-0.84467020719221,-1.25814092981631,-0.47111532904918,-1.27082527323182,-0.93306177117158,-1.0485502767152,-10.3008689740873
-0.515859009492211,0.264186338688334,-0.0572396284121683,-0.446093329080533,1.91513349463049,0.619470337709842,0.117769067913909,0.0687337924730458,0.192526470225036,0.221102950243929,2.43870416235043
0.611594752235424,1.32837293544522,-0.736956713326512,0.833791926954801,1.56726880945086,0.195029180710508,-0.619899388756563,-0.167524098595325,0.0411300986288231,-0.711136473489463,0.074921677273919
-2.19745922118591,-0.191684684367957,-0.867133336195376,0.732725635104467,0.487331451074858,-1.58106526061191,1.469781133769,-0.408491375474132,-0.548022741715641,0.0986474968931893,-3.75350070320922
0.228425959779715,0.269512759010844,-0.540747871725225,0.129016086424333,0.260813011286633,-1.52892218584797,-0.279755538389137,-0.888240459245569,-0.365640876288154,-0.818173654167157,-1.45642686211765
-0.853509247093586,-1.53934046108617,-0.75171695012677,0.508584491113734,0.766181487767107,0.867427664770048,0.00962916413796994,0.817066736013866,1.53687186360665,1.33920766365136,4.73156654565954
-0.438546261449708,1.43856964886628,1.71980103743761,0.622574011469656,1.31547516921473,0.426911095690776,-0.129114522510985,-0.719824225288925,-1.00982707180725,0.997110817134983,8.92096529649524
-1.56491729609734,0.164970272632179,1.00035235315646,-0.615168024203306,1.47324157140401,1.23776081545884,0.0668534867696997,1.00381335153577,2.17195160284065,1.83279044557221,6.84024248327148
-1.39006697390778,0.666462415464343,-1.09384037487373,1.04589350202481,1.00134099670317,-0.834009298598445,0.379568464396813,0.320183380640795,0.258206650913611,0.403855538480263,0.0310853201421328
0.412482371743948,-1.37398466504146,-0.185704490353309,-0.394611210833976,0.317872218130683,0.820663748684072,-0.468988623323485,-0.540509663973938,0.653346979040766,-0.263107439452645,-1.38315953760631
0.0324633425361691,-0.456008648740586,1.34826548754444,-0.190018168815229,1.71865320796475,1.01918876220266,1.05053074043392,1.54865525349036,0.272830989838759,-0.155304366840726,7.10501479869398
0.846402456541275,0.990565625535431,1.56305312818883,-0.368191377310276,1.12008941276092,-0.170545258954327,0.811572678699382,-0.198295847761727,-0.493218140756695,0.338963541948435,4.15075473254596
-0.101500567300708,-1.63248821228417,-0.445738737239499,-1.34554999089854,-2.04511509543794,-0.867167846938716,0.654072708421808,0.463132245176145,1.40087834864648,0.442851894149252,-0.894030093877366
0.576633308775431,-0.190092619538577,-1.4410094500478,0.49150673177051,-0.219800142134771,0.0091136760555144,0.381841735684617,1.08433751308556,0.335590546638509,0.254169770651053,-0.897174379538073
-0.477268669519158,-0.99175374790091,-2.00617058403454,-1.1063644126902,-0.835556175306709,0.95173566663482,-2.14436167643403,-1.05214688770545,-0.396533270246819,-1.23053139293677,-9.05158462204004
-0.145091604349247,-1.294849526585,-0.638062264954752,-1.27882162999158,-0.915812616407546,0.387556501925121,-1.32691144124562,-1.36979737936207,-0.852904155765841,0.585463045030003,-6.45937519715196
0.97381027856544,1.01609918448069,-0.736956713326512,1.12350497769644,1.27094893123442,1.14914765064826,0.811572678699382,0.332984167956339,-0.706918106023608,-0.352219464025941,8.25802442355026
-0.22714199311981,-0.566459358655189,-0.904354386069091,-0.235956546501636,-0.48599999823771,-1.77340267804142,-0.303399426242383,0.791671654325291,-0.594328865836938,-0.391363907002328,-1.99577035103845
0.153080114253552,-0.468591408911577,0.0275016552617778,-1.15830658289037,-0.262984334961288,0.338908684641482,-1.16062491173088,0.0509729176903393,0.398435418271002,-1.55906574554544,-1.45251607648328
-0.37534549752609,-0.0830967468276189,-0.135352675004748,-0.382512464423529,-0.759803620851642,-1.27567253255135,-1.07533115811156,-0.255071503152981,-0.158938043775408,-0.0358077960111222,-3.68816543299456
-0.942049326640625,0.254854563783586,0.214138788167736,-0.880349531820483,-0.672333342610445,-0.758596446511068,-0.764275554681883,0.168870426018642,-1.10020836600324,-1.26998699794759,-4.50900976146404
0.846402456541275,-0.485409242360924,-0.267489476977358,-0.873220800775494,-1.20168787955987,0.900888857786388,0.00896477219355376,0.0246276659814406,0.145771818686501,0.613812034286627,2.2480452349653
1.57244562329411,0.949324598564825,0.133859722784232,0.988702034263319,3.01211269866555,0.185055442689452,1.24809267849087,0.465268741428314,-0.0496269187499841,0.00349463265259384,10.7008993485972
0.540670467057883,-0.560854279772599,-0.853852042538376,1.35240793424844,-0.118323915914221,0.145281406443303,-0.115572910418819,-1.34169865212449,-0.468431246804167,-0.13006480476625,0.363412676663694
0.602949395334602,-1.15236480966494,1.3191124151524,2.10113980342283,-0.0550100558723954,-0.0333843657212576,1.02188928293598,1.64238627732784,2.69206759028031,1.85376584223513,11.1903616314209
-0.36093188552117,0.7296814694817,0.367391570777462,-0.0492247423662462,0.693914034506714,0.387724993335589,1.76949871946367,-0.112950218850619,1.72158775898575,-1.07978711996246,2.3233427439383
-1.39492442163248,0.666462415464343,-1.71569358911533,1.58393975694653,-2.41610743626104,-1.1052559426637,-2.16911378455205,-1.27082527323182,-1.25614848450429,-0.877655749981575,-7.67022250793107
-0.208197431654034,0.265554584788502,-0.465313041181486,1.26763649484437,0.437626591341056,-0.331695546204373,0.857403648243067,0.421372847788867,-0.6428205086755,-0.208855797627756,3.15344231524405
2.78389627237096,-1.38960788868017,1.24667129626724,-0.383960091788788,0.805843356375741,1.3108533835306,-0.129114522510985,0.0424705555860687,-0.200420889210243,1.46504388605151,6.81065410202129
1.86118011735033,-0.535561612449586,-0.346044161446812,-0.965445331137532,0.811030942531016,-1.39973667301425,-0.758005057970272,0.371848454703502,0.523388588330505,0.326871773205607,-0.486087708585094
0.758371651606675,0.887473682945687,-1.49814639250127,-0.190018168815229,-0.847640618636318,1.25919820965952,-0.590085571332965,1.10626495056685,-1.11855464930329,-0.613396158880032,1.29180831142872
0.277573405808296,1.43426476557738,0.510073591149654,2.01389668645556,1.34536500845592,-0.0260562430646073,1.36943662812857,0.054021597444466,0.951027392546115,1.60823791394425,10.1659016742866
-1.02042939137714,-0.312672917349339,1.00035235315646,-1.60908680339982,0.782721956750419,0.338908684641482,-0.895728621452585,1.03116680764244,-0.380991174470222,0.0955886694693805,-0.886685324393065
-1.92756924818036,-2.13134148841422,-0.1872613051994,-0.999204079123478,0.502108874432361,-0.198844616273522,-1.94818799479118,-0.767626462681841,-1.18041680708777,-2.03929051174489,-10.3428907629901
0.221579928941613,0.898414226210169,-0.346044161446812,0.328115318391517,2.11329012121846,0.132282376916641,1.53958864121033,-1.48930667029142,0.589363835107723,-0.369693509428658,4.31101255354241
1.4513432441087,0.42456681706522,0.329108780710766,0.197115997955278,0.951468982973707,0.392458266577642,1.52456803534732,1.49543945903266,-0.0496269187499841,0.440219051351765,7.73329315643559
0.648916894191861,-0.113317892506069,0.424363980029264,1.49717751390921,1.83237931528205,0.108332693816549,-0.211238622860178,0.129637461118846,-0.439038709189024,0.804195092256901,8.08962488056154
3.24474096378676,0.998207427944816,-0.584602215083042,2.46317950609418,0.502820113997594,0.185055442689452,0.751593422030443,0.980211259640468,0.353446417951121,0.947779403479287,10.3662359443378
0.367199441936581,-1.07520159620494,-1.92989129549258,-1.34554999089854,-1.26447766678948,1.02273448343112,2.05128320991296,-0.603210390515012,0.135172211314594,-0.419436301179257,-1.14052524320947
0.239028386971334,-0.955083199089652,-1.31045152612979,0.809333140221085,0.671158079236892,1.23776081545884,-0.89774707479675,1.21639752401762,-1.02951837437124,0.146639689092419,4.58453679144101
-0.100470811198747,-1.63248821228417,-0.445738737239499,-0.0907128470255963,-2.11355971162949,-1.39796640324604,-0.111343612267991,0.367931034843443,-1.56456969537853,-0.720962131088419,-7.26653577307181
-0.613375324032451,-1.28141084679092,-0.0795999898855371,-0.654279455969524,0.586303354825122,-1.58971483442728,1.01228241654015,0.146118854956272,-0.845109675693696,0.80808331608096,-3.92165928511783
-0.30636977699271,-2.1428504930298,-0.952913421117627,-0.144613734195752,-0.000358491624197757,-1.29368451210365,-0.897880375216655,-0.504137509332862,-0.21920713153316,0.0755176547529503,-4.21902133064695
-1.11567118822672,-1.46550670292258,1.01410190339958,0.0937734101626921,0.317872218130683,0.867427664770048,-0.839711022533282,1.19467896653063,-1.37005214597631,0.476666421824736,0.715117134901671
0.145400593072463,0.14312711131821,0.477345614100729,1.48634085260794,1.26284459983252,0.550220758812659,-0.119284278707265,-0.00363097107416314,-0.481668724568561,-0.101996361697779,2.75158029641497
-1.13428437447439,0.251063623626625,-1.31045152612979,-0.324785755768144,-1.91169269624581,0.342712002935271,-0.695706344739347,0.412038574855074,-0.720582591621149,-0.187199177681384,-5.04132247411564
-0.796074843273528,0.734826801468091,-0.427930996379475,0.19018568608952,0.238624390615082,0.217277741605112,-0.186396379064796,0.568907778986009,1.24150356264932,0.755754839438949,6.64071273534282
1.44781427865939,0.42456681706522,1.26576719400733,-0.368191377310276,2.14443347994932,0.621951597655782,0.820171539438871,0.437446046125134,-0.836987426792757,0.0325491775465181,7.72779765033527
0.687415076686562,1.54732441241813,-1.53926581864769,1.76235190217615,0.968158844703674,1.49046772601565,1.00193918467269,0.059883648979459,1.2756816812091,0.0216974681831801,6.84799674572653
-1.38772231352065,0.666462415464343,-1.09384037487373,0.688763860246343,0.552615457943313,-0.521281900909217,-0.949866602528483,-1.02771108687086,0.207160148002091,-0.631036327192639,-3.62291887186501
0.15586679653916,0.0974369768671051,0.161483331168001,-1.38120531240602,-0.350798786435816,0.126241716743306,0.55133782666638,1.430077435089,0.833346355334366,0.478590435743481,3.21846984823469
-0.26109404284334,0.934354059570555,-0.405427756745028,-0.739619121030172,0.390939414764293,0.141365726877633,0.954714632738548,2.64170267771162,0.79126942575598,0.853745526540256,3.08767271484969
-1.92756924818036,-2.13134148841422,-0.1872613051994,-1.38906347044659,-1.37389177330189,-0.708356343152724,-0.0761725847505512,-1.92781659181099,0.0694009544403279,-0.444857253881012,-9.39273676973412
0.799266325926602,0.607709783358608,-0.050666327763567,0.907334191396485,2.14443347994932,-1.71777177459865,-1.05550036568351,0.404661331920596,-1.96980749466226,0.08845970641949,1.44627857851842
2.58451618105869,-0.852946981958741,-0.682875115592251,0.119382985297422,0.104236884596413,0.502753542097103,-0.229949442490804,1.25968363079938,-0.670183908651402,-0.550127464790831,0.894830908825964
-2.51841195134748,0.194354388426871,-1.46535651244121,-1.33139394076903,-0.503963572316583,-0.262276701003436,-0.971395618724644,-1.16331632625455,-0.37768903052091,0.373973763957314,-7.88138096159456
-0.642339431401603,1.18296105458443,-2.04756743084555,-0.766822571823806,-0.418999477553093,-1.52680733913899,0.222341430685354,-0.852795034833363,-1.35882340784958,-0.454089644376727,-7.14675892997099
-0.971614796327391,-1.19957829381991,1.08284776685107,-0.235956546501636,0.0936921892702576,1.51366159528774,0.0342000242355203,-0.403791013937801,0.745146939019707,-0.0769720131108919,1.27202097520516
0.534631321739848,1.01720697544017,-1.08590965093988,1.20467557914451,1.04218954102459,-0.144019208432224,0.596473061000846,0.211447898263367,1.92350042395353,1.83279044557221,8.11745761367735
1.2740307716835,-0.849716697717063,1.93328064180519,0.531207745121168,1.35609321752805,0.165809319249452,0.16133161441587,0.192021280522886,1.33997191063692,1.10750732756124,9.88533219515002
-1.20714719072958,0.111908587504936,-2.79487091318457,0.838237895403354,-1.91169269624581,0.979768950276302,0.0185337507763799,-1.97015222242857,-0.606725356718988,-1.26998699794759,-6.99174493057239
-0.0497703018131038,-0.694092238128679,-0.216065625624028,1.19611082691833,1.0346332411469,-1.36577420514183,1.1219306783736,-0.58637545967034,0.0303702084783479,-0.711136473489463,2.43849593627763
0.412482371743948,1.64983547009844,0.790379893102815,1.14662246854199,0.196199697025034,0.773528675419922,-0.315919140757396,-1.09794919064018,-1.66254650297106,-2.40781891014008,1.33700448143311
0.266047216478341,-0.0564532371181454,-0.354337192725962,-0.0244550319014724,1.5646692752385,0.149355006749437,-0.737622322853987,0.00338595780789054,0.642140248523681,0.221102950243929,-0.0400792301172954
-0.423039734445234,-0.0838627459112039,0.742295770921754,1.08235372200277,0.959041550475959,-0.938651035065901,-0.611928765542673,-0.575545555821458,-0.308503129650765,0.801334318152297,3.81158831052136
0.18508856185659,-0.106351929279288,-0.56652767716408,0.0195239574533753,-0.492028095329461,0.417229153055433,0.0157053036896846,-1.33646988936064,-1.64546270796084,-0.479821564559608,-3.40445281979919
0.106623727853588,-0.773366361206282,1.56882174319305,0.98178671800713,-0.383124838629226,0.35752634061542,0.133147146142377,-0.048067359171361,0.452899802679281,-0.844883707369955,2.73450547711155
-0.838053286119524,-1.40243893756799,1.72392376347176,-0.615168024203306,-0.455485561415859,-0.954261552915179,0.556909266408172,-1.62907753959001,-0.147861605328241,0.0546790651722702,-3.23587542243395
0.455029976329214,-1.8807999513126,0.93343344217463,-0.216583257234604,-0.154492438607264,0.158638347479197,-0.139966861163322,1.19467896653063,0.785479986223641,-0.479187995399554,0.329431116827388
-0.26109404284334,-1.53551186198172,-1.0887672431789,-0.819873437955655,0.135535969920393,-0.438633657367412,-1.43013387904536,-0.72896356858608,-1.37213793261501,-0.642268076343807,-5.85116490620147
-0.687049538133595,0.830695947398846,0.161483331168001,0.284896147586913,-0.862658538709139,-2.43235427858214,-0.231379554957018,-0.573664026941801,1.03740462981193,-0.0595874512413803,-3.5775258871417
1.65067103473818,1.34308263206275,0.228597616758714,1.56039324278412,0.951279063781313,1.19047045202313,0.198940984381063,1.38724089852114,0.598546334431167,0.883343424683457,10.6692494715227
0.779894443472939,0.365282461200775,1.24667129626724,1.1634565165378,0.883040560453947,1.07068953903634,-0.421388280804842,0.352871611755027,-0.164735372535593,-0.215574414123441,6.05175007958457
-0.357993939081479,-1.53014082795744,-1.40673617487428,-1.86530964552016,0.502108874432361,0.119160632833166,-1.81947474319353,0.42187712626672,-0.502774391758131,-2.53522417128589,-11.5465005258292
0.72406587078919,-0.560932682285945,0.859451313046265,1.49717751390921,-0.491867944900113,0.551694906087606,0.114528893808861,0.367173146595674,-1.67718508164344,1.73093723726603,2.82554182462604
0.878212335120599,0.305579488086363,1.71980103743761,0.780731716065137,1.0168142488858,1.53966276126775,0.360295303504356,0.504439038246964,-0.144850013657298,1.91421481320448,9.98249869549278
0.19238422703681,0.446796930521345,0.298976489800974,0.481463080676787,1.29919160668841,1.50915179310306,1.06751283455077,1.26616874315384,-0.70883205086242,-0.455489618723047,6.05175007958457
0.336029778921605,1.35257680137813,2.36211723407112,1.56039324278412,0.752552481254384,0.890651170114357,1.1232653246167,2.04205245749766,1.69400953590909,0.953851994673504,14.6704674712377
-1.92756924818036,-2.13134148841422,-0.1872613051994,-1.38906347044659,-0.546293577235036,-1.57583577906813,0.000351923943237602,-1.92781659181099,-1.83131893863565,-2.36778944021661,-10.1278116335164
-2.07775217330185,0.161033997624069,-0.0502721592501777,-0.213470787476078,0.766181487767107,0.529469153288135,-0.702093659349534,1.94855854747733,-2.00467948411922,-1.16601711674003,-1.9429190751229
0.534631321739848,1.13133619241279,0.292377942598998,0.972175137294324,0.702841491012778,-0.185331913246837,1.38584345969762,-0.167524098595325,0.668692428360212,0.338142960556689,5.24558514188657
-1.75771216080177,-0.203747493633174,0.421957809284305,-0.344515822250644,0.520482468932553,0.867427664770048,-0.368572155589989,-1.95243989603566,-0.606725356718988,-1.82257769592679,-3.25248406241165
-2.51841195134748,-1.53632956291548,-1.53455700015361,-2.65630333696191,-0.963091602651166,-1.07154044840833,-0.945076886968676,-0.914004979881622,-2.0947700123484,-1.99066012194739,-15.8715630935521
2.25079456538506,-0.430652550182833,0.370083021169589,2.08735425041218,0.172215703187675,0.401329716421078,0.246361990719721,0.0178512980179554,-0.617963762292625,-0.152206954517894,3.99223113746441
0.211321538374577,-1.12973481183003,-0.30930176944075,-0.615168024203306,-0.430226375001666,-1.23729431251117,-0.0346753673699507,-0.912105960923249,0.490821692852356,0.370469545866001,-1.14052524320947
1.82014595484663,1.08623647099299,0.637969296979348,0.041983080409138,1.59421844052493,0.368222742093894,0.219209784014662,1.55099231880954,0.796916056383968,0.537563048699576,9.16873646354662
0.247360549911753,-0.106430486428679,1.04465806206105,-0.589265274838104,-0.781246291290917,0.527879914226026,-1.10448134409849,-1.95243989603566,0.207160148002091,1.15016638867149,-1.38686332116528
0.0838519686339804,-0.126749094106088,0.754133337801592,0.609850940771863,-0.23235317672759,-0.731661186250824,0.685028861967633,1.08072224475497,1.46988488587606,1.50967923305959,7.78929953347887
1.27054045955717,1.13550561865567,0.332379528043887,0.586385880146572,1.19371167350128,1.01286380029895,1.17613021791227,2.61204978924599,1.83080295480628,2.02421668251309,12.5299958397375
-0.547014935500097,-0.280990560185567,-0.130683420256194,-0.0944181942478087,-0.759803620851642,0.867427664770048,0.359734731913547,0.320183380640795,-0.116369252310535,-0.26315839180572,-0.139410579634026
-0.422294138553558,0.159138217733673,0.704559944432086,-0.430029617131406,-0.41788586355347,0.417229153055433,0.538225332588444,-1.46521651700594,0.534060227869884,-0.0203805886885001,2.43402541638788
1.15520132114979,0.0272611268971296,-0.385085751308221,1.97971701442049,-1.31603649571537,1.22325174738859,-2.22127545932352,-0.389309844709179,-0.311546302499168,-0.136317555381068,1.82175351301388
0.441412021921749,0.623407721421873,-0.756564068515206,1.25341594447816,-0.872767198621122,0.327190062129737,-0.824652536761886,0.205395414117015,0.0888908208860239,-1.03452331238204,2.59421156615373
0.0741758871304572,0.179056019828653,1.33368040082366,1.37183033708271,1.90681921090872,0.53495139717782,0.873273769730523,-1.42049769591871,-0.516726864486759,0.278732068722713,5.49330033040341
0.731355026657168,0.917075012004811,0.39718630763589,1.12083782881563,-1.31603649571537,0.810357946040643,1.76949871946367,1.58746667666082,0.760926235760855,1.54661940665659,8.57814173164607
-0.687049538133595,0.864690581945026,1.93328064180519,0.784380760589552,0.727992065579886,0.589011801711817,-0.619899388756563,1.07822864459898,1.06652509795526,-1.74248715630242,4.83647636030553
-1.40755057937522,-0.708404700116523,-0.646421785274618,-0.338314234906175,-0.636235353147544,-2.53029548304311,-1.94347943037698,0.356030688829871,0.545323627368997,-0.534817199718715,-7.56613443981407
-1.52961013301673,-1.19294320563358,-1.03156097715541,-0.992042546758457,-0.303226203574619,-2.39747942929795,0.116653504379469,0.776552141111978,-0.557850832256692,-0.613275571456842,-6.01299110612777
-0.562367212286694,-0.96949685146179,-0.0750947784627076,-0.909648511712222,0.586303354825122,1.03907012986817,-1.2828622767486,0.630121785552419,-0.629967594390318,0.233668739391432,-3.0340384992316
-0.419671537031566,0.637036754467795,0.477345614100729,0.146176802815754,0.975658278670522,0.252921944987634,0.0197712403852418,2.33025164100204,0.79126942575598,1.50967923305959,6.74514534278129
0.779894443472939,0.286281107646236,0.354132483298895,-0.705481071877656,0.819049733155299,1.80089581527117,-0.273056776942871,0.387107165323667,0.603607809433453,0.534917428294849,4.93834657965563
1.57244562329411,1.55592673334301,1.25308692537281,0.218583205750636,0.484565993632456,-0.0260562430646073,-0.454406718119097,-0.0440996105875159,1.42411286699106,1.53803704290833,7.9439620784579
0.712535089020135,0.131284545526858,0.110251511917866,-0.213057970034061,0.345654962696629,1.83510960152833,1.59608091354209,0.389836454289206,0.900133983669811,1.46504388605151,8.11745761367735
-1.17301689656184,-1.85149109807735,0.47907309319322,1.13292036538827,-0.30679693960905,-1.17737976232977,0.626121207291009,0.298055765601352,0.653346979040766,-0.36453682288341,0.292480886600166
-0.220741912814183,-0.595282279384584,-1.25648824804371,-0.0468563182046292,-0.140751046813752,-1.52680733913899,-0.487627963007752,-0.255071503152981,0.609185674534976,1.73682717910108,-0.895287646644116
0.0614777436009946,0.508786717314497,0.393637227103808,-0.0239019146223737,0.784203671417215,-0.50340490521888,1.81846645641218,2.33025164100204,-0.706918106023608,-1.23845923394776,3.71598718524956
0.524781538942908,1.01720697544017,-1.08590965093988,-1.26065318573659,-0.824272639060342,0.86008184408486,1.72148917054246,1.44403037167349,1.22103394205785,-1.22307890136355,5.05956102833928
-1.73369354891268,-0.905213994050287,-0.547892682410642,0.149414346215219,-1.3080226767062,0.761096503406956,-0.915056709190665,0.741510716367448,0.427493854505493,-1.12611092824831,-0.420155529511564
-0.853509247093586,-1.15387645845386,-0.170232078967111,0.902778822226618,0.0132836058703948,-1.27567253255135,1.14195139064031,-0.455987702294889,-0.781899869317521,0.508072155317766,-0.203697001418462
1.64669840877509,1.24644263263948,0.603613993406043,0.482020332725559,1.22855525318114,1.78107292971148,0.81671542305816,0.634729626783513,0.760926235760855,0.429844831389675,10.0600651816998
-1.50985121725034,0.678738395883603,1.48727794715636,0.422421108341272,0.0891661679091803,-0.135458696500456,1.1338132963481,1.10626495056685,0.512802329021246,0.0897937875988148,7.55303183713905
0.534631321739848,-1.02340077393836,-1.71569358911533,0.0986028618133318,1.1346015879964,0.0921434468202503,-0.139966861163322,-0.58637545967034,1.20219526555959,-0.148662693106667,1.33924544033778
0.594652233143335,-0.332127279529284,-0.537473612963755,-0.544247820835167,1.06042442423624,2.3987279718946,1.59953730374882,0.0424705555860687,0.10410219216431,0.926391159736327,6.05175007958457
0.228425959779715,-0.97771782145795,-0.810401385115778,-0.979770505463091,0.336122500491048,0.0974394593598955,-1.3419948615589,0.637376144915638,-0.81234160467601,-0.867438261166173,-4.93077702269338
0.67288414688821,1.43635290618205,0.790379893102815,0.56084542022893,0.210282532893832,0.500106071104484,-0.183903717751031,0.817561444234448,1.05945699925101,0.982901487646638,6.58557324888716
1.0914820865955,0.376659281079354,0.290329831791133,0.833129666439535,1.29722323297064,1.71961985776852,1.43229919439176,0.210524870600149,0.00413293116730631,1.5429711756425,10.2641830640038
-0.0403159875581063,1.21002928686,-0.442903146423508,-1.41821970191265,0.506095389468666,0.145281406443303,-0.639926266612856,1.26135042588117,-0.507250988051192,0.442851894149252,2.21314341540924
-0.562367212286694,0.0633213314755074,-0.886030337526866,-1.32414250758073,-1.05258560762472,-1.29368451210365,0.850847894849106,-0.91829278504143,0.563586421202318,0.691161809153281,-4.1170946232928
0.370874107090943,-1.07520159620494,-0.216065625624028,0.972563769721104,-1.29322463745912,-0.0220519811338116,-0.194464177004115,0.840032872910914,0.123765585353386,0.321753457604549,-0.632338014964745
-0.114404708884603,1.02282169199687,0.69932693422114,-0.567021457216878,1.07904114630279,1.19333328454481,0.593283765139109,0.7269872862551,1.22103394205785,0.380654806888421,7.10501479869398
-1.27031642354043,-0.732793885525643,-0.562285537086693,0.13061476254598,-0.955520882920784,-0.971874136640563,-0.654549870420617,0.29510712670993,-0.850860874760533,-1.10715306010611,-6.96728326901017
1.60067056848186,-0.0865562543961859,0.00169748649867441,-0.244034743265189,1.31631338191388,1.17373302465155,1.24548163325661,-0.514231723550438,0.479053200251743,1.04415150975054,8.37862542566638
-0.414293130207961,1.05029858182807,1.04963265297106,0.193057260464563,1.31227807565095,0.984003359138513,1.35145976303973,0.944106246606061,0.0622183414868899,-0.19468466105708,7.17830098433889
0.758371651606675,-0.180487196305991,0.382296687281138,1.16338672291309,0.0244122531533115,1.64028526314115,0.897662877769409,1.22412275448673,-0.0727615030010074,0.707652562323739,9.62167815279222
0.232038390219213,-0.97771782145795,0.66884833848846,-0.741195822331887,0.506095389468666,-0.238916597603525,-0.186396379064796,-0.220391684065194,0.827491891292186,0.686687079265527,3.09455355804516
1.2294448985774,1.10803208764421,-0.0200187033144173,0.725723767745159,-0.767093431738972,-0.226522494097124,-0.794861065250764,2.64170267771162,2.69206759028031,0.984104651749355,9.0999942914618
-0.529068733037139,0.704666194931649,1.06511847529465,1.57676030634068,0.487374041708011,1.02813752553473,-0.492113634447673,1.57061709937991,0.0622183414868899,1.53803704290833,7.57907259522504
0.629306655682284,-1.83665051917017,-0.245828969519248,-0.231783855336579,-1.07417986817772,-1.90130027280576,0.103603800645016,-0.603266585920376,-0.332385407415047,1.16659813452934,-0.914318052815724
-0.464445419957838,-0.344444139907048,-0.216065625624028,-1.34142027956315,-1.40801627720669,-1.54571971263468,-0.37498859838482,-0.337787044880333,-1.63719965376529,-1.61839450097019,-8.31994905756133
0.404524918559304,1.0791745850312,0.0100296424722978,-0.855885881322655,0.179916115622155,0.720897050757823,0.0603143208044912,0.367173146595674,-0.613009801317211,-0.890482741449631,2.15984776956113
0.54157113902351,-0.560854279772599,-0.853852042538376,-1.47327299347671,-0.0505585208626415,1.50741803710145,0.901175395413881,-0.67786388222452,0.544923217240565,0.124204159203501,2.43402541638788
-2.77028071705943,-0.278508226292509,-0.865269216848382,-0.139194183283909,-1.33821292833617,-1.90963934583659,-1.61261192750669,-0.803258826034267,0.00115518148970279,1.0246066717103,-8.08380096260545
0.50073204095395,0.922792251379035,-0.152214944353375,1.25640767620218,1.35609321752805,0.649277970283494,0.246361990719721,-0.626686058670121,0.432469987403454,1.53803704290833,5.96654181671794
1.51167332048569,0.0732974733700585,0.710519705573738,0.841112284549514,-0.495613578027918,0.879397682178297,1.99469758586167,1.67975499454044,1.61613119077908,1.12587329823427,10.3662359443378
1.33186784516613,0.211124415949959,0.859499447081384,1.39670072480558,-0.264534867673833,0.599148091104103,-0.492113634447673,-0.488934242005764,1.26289705285799,0.440219051351765,5.16357473746222
-0.455151613522459,0.500688820010767,0.685629704244926,0.270059522080602,-0.499159960971307,0.176688209970568,0.186802631876051,0.398690763827311,0.625713332928777,0.804378059707922,4.95378343274526
0.317350328871452,-0.356924879616421,-1.87058830722928,0.00456597806293151,-0.772535428404058,0.286867846081513,-1.25483856978425,1.15252652791434,-0.295099534824403,0.704619375276275,-2.99238363724002
0.0790650632588534,-1.80472047258359,-1.0887672431789,1.52148609397324,0.221547218981509,-0.953014926073113,-2.01299829284807,-0.673662277789893,0.230963441749171,1.47177169063974,-0.146525347372658
-0.566788148366765,-0.96949685146179,0.580515304655551,0.255393008410385,-1.8328144643887,-0.382218604427317,0.618890699302207,0.226922607944039,0.18701867752805,1.48915527044367,-0.632338014964745
0.848884712107276,0.582521139077524,0.290329831791133,1.25651430554709,1.43970351335545,0.453890790541218,0.16133161441587,0.944106246606061,0.826843966356796,0.704421515713241,7.9439620784579
1.57244562329411,1.55592673334301,-0.406407167139682,1.47187891162098,1.34536500845592,-0.0793385802052276,2.18178694757624,0.437446046125134,1.86782247019406,-1.98017406539548,10.0318179700947
-0.087980332627712,-0.602269442579767,1.56882174319305,-0.0492247423662462,1.28491623043026,1.38030972975256,2.13907608837543,0.0424705555860687,0.581133897497417,-0.436096015442386,8.55074442817988
0.704849067755107,0.462915335120768,-0.466030386327709,-0.91109420449059,1.2058031083432,0.0955585546997724,2.01709841615537,1.78064890980332,-0.0661198582151988,0.350565829965787,3.76756684388818
-1.38772231352065,1.5105265398299,-0.190072808505747,0.88123520822933,-0.322251881168548,-0.126423015047764,-0.540488031886323,0.630121785552419,0.234021950669202,0.508072155317766,4.04308418931194
0.0285717901797085,-0.456008648740586,-0.572242264662289,0.181774117048894,0.777084665866892,-0.294183446933865,1.5197693921531,-0.143837552559404,0.980930629543877,1.14783091110997,4.19488031245019
0.673909130326451,-0.481462189514411,1.04465806206105,1.0837186078746,2.14443347994932,1.53966276126775,0.360295303504356,-1.62465760671342,0.223470225274989,1.41408640330276,8.83947798049928
-1.89425458939898,-1.72123430964913,-1.63884045049116,-0.148585576920535,0.313414847799253,-0.182381067571008,0.0804516728270209,0.412038574855074,-1.13681882462407,-0.713750763988257,-5.00661512316878
-0.141108120500991,0.983854787747554,-0.741175389315022,0.0186040606080433,0.260813011286633,0.860796202461078,0.166568052233973,0.973599951388023,0.597141311681172,0.898385020608903,5.85710082263635
0.239028386971334,-0.955083199089652,-0.216065625624028,-1.04625533119748,-1.1799676452323,-0.992934658132592,0.438721312576705,-0.852795034833363,0.130391825211064,1.16659813452934,-1.41520979315169
1.2740307716835,1.13550561865567,-0.113964575657036,0.409738287822272,1.83237931528205,0.348261565587222,-0.454406718119097,-0.414485234212952,0.471355834072901,1.33920766365136,7.02238909002305
0.54539621273582,0.782428943208004,-0.00144099919214841,-0.89806517510114,-0.721435515017498,0.639549851547442,0.734284857298466,2.64170267771162,0.826843966356796,-0.113760201256042,3.46629954569223
1.28380367315614,-2.24053037824676,0.770242356810926,-0.372885618050114,-0.751649087614097,-1.01013618648442,0.5708835228102,-0.560441564895412,1.3567658635401,-0.711136473489463,-0.00984412797978407
-2.45943830867713,-1.53632956291548,-0.1872613051994,-2.12698164167769,-0.624413386367384,-0.854358215105289,-0.263945497817238,0.776552141111978,-0.336406343351598,-0.44751011427343,-7.75846516001462
0.153080114253552,-0.468591408911577,0.0275016552617778,0.450070753470317,-0.781246291290917,-2.11582194026261,-0.231379554957018,0.61508607015688,-1.44118948477048,0.857514890161328,-1.0444710608688
-0.211189588178506,0.521807806388838,0.0956782398333275,0.132634647014252,-1.8483984128021,-0.132216839020841,-0.324164212532471,-0.295210722823508,-0.218180516992462,-0.253960711787072,-1.63914553768328
-0.454806510154714,-0.242407738870853,-2.49103839012242,0.13061476254598,0.410283564297649,-0.314134665410198,-0.309228163687241,-0.457777602870891,0.130013013769106,-0.600607401124689,-5.50311482022266
-1.11278773065155,-0.814290232850285,-0.35457646644173,-1.41125959308691,-1.26447766678948,-1.86298808210524,-0.763756943064824,-1.02687764866173,0.310971684718434,0.265460138757036,-7.88138096159456
0.413429550310802,-0.838741646812245,-0.628861994736937,0.350380788360576,1.61844750390574,0.619470337709842,0.824542729448289,0.382045076967835,-0.613009801317211,-0.62557898574494,1.73504982618923
3.19066488624666,-0.129165650528953,0.603613993406043,0.103837033977796,0.608743185357622,0.890651170114357,0.488581246129134,1.19181480965563,1.78578671886322,0.120049195662715,10.0364247930982
-0.884540422720197,-0.509494895461367,-0.245828969519248,-1.38191624337431,0.0315979035189843,-0.613373958857181,0.33711050429319,0.484104302388105,-0.609006297112417,-0.289127171219925,-2.76384332679493
0.0123075778487171,-0.154859671720972,-0.0442182825514922,0.950030105648314,-0.418785946034931,-0.941521985440292,0.381841735684617,1.0614866580332,-0.565473725921735,-0.218971444598374,4.58453679144101
0.664871388413347,-0.481462189514411,0.766638148872559,-0.709286454314738,0.118136276570138,0.145281406443303,1.49972533631289,1.18416494127944,1.92350042395353,1.08621121056504,5.81250040037087
0.813157984532077,0.35951562591856,1.71980103743761,2.08735425041218,1.33281517967976,-0.37673584917184,1.43229919439176,0.662283748233584,2.13488789885418,1.64474717480846,13.6776835908063
-1.92756924818036,-0.066572880360127,0.0410831217259478,1.52148609397324,0.811030942531016,0.486841851180957,0.0342000242355203,-0.597355760059861,-0.510135382133224,-0.38579537765886,3.65007401135425
1.26719169062425,0.949020154500717,-0.582241891089744,1.19962828491124,-0.767093431738972,1.02813752553473,0.596473061000846,-1.32304897786139,-0.639172107308521,0.755754839438949,3.11690067555422
0.261363817544601,0.0304152727219792,2.43141082403033,0.472999322295826,-0.0782671678955029,0.875659373237394,-0.119284278707265,-0.521205748807467,-0.6428205086755,0.335348234968218,5.73476095856074
-1.18314098416335,-0.115036244291723,-0.472877528358158,-1.86922630549548,-0.838694940570805,-1.50175053526233,-0.930738906176155,-1.2830289335938,-2.26915628166623,-0.537280955939669,-9.50152843691705
-2.34735478578837,-0.368983452147302,-0.547892682410642,0.142780897640427,-1.04264310791687,0.0188863056710214,-0.528460859438468,0.590763267238011,-0.365640876288154,-0.168997155783753,-5.39957982741121
0.0614777436009946,-1.88000467424863,0.794453690593844,-0.52585012160437,-0.266195929410657,-1.51646836674543,-1.07533115811156,-0.548588257825107,-0.599001715325839,-1.57578010103043,-6.26057365979274
1.7379243233099,0.0860632835151097,0.421641615301264,0.409738287822272,1.27094893123442,1.05287053044603,-0.454406718119097,-0.716641190917827,-0.152914582711209,1.88518427620499,6.76072374094143
-0.973598153173631,-1.19957829381991,0.366107157040641,-0.32366793175109,1.0741315913596,0.338908684641482,0.20034135532705,0.13880141973994,1.61259962281405,-0.0228122550330035,2.36252801535937
0.582232319930167,-1.17956837936231,-1.31726153261157,0.493812434313513,-0.730266307702207,-0.503092840977025,-0.357959973507541,-2.03906314980418,-0.0475314512633554,-0.631036327192639,-3.80432267811764
-0.613375324032451,0.825302895109409,-0.0319796525220865,-0.581604260702069,1.10198446762967,0.454282582765972,-2.22127545932352,0.0623605680862858,-0.162877087625925,0.269800541106219,-1.38315953760631
0.326421420726461,-2.69762045205097,-0.547892682410642,-1.55981636193111,-2.26670408497202,-0.890240455016567,-2.44845504049538,-1.10997196047427,-1.83131893863565,-0.895396066522675,-10.3509862599784
0.878212335120599,0.630688903682349,0.710519705573738,0.472999322295826,-0.648779383637957,0.0938013588995161,0.114528893808861,-0.635403737511596,0.0888908208860239,-0.072536103410378,4.27209349812972
-0.143275561861865,0.486575223493881,-0.821303183819522,0.606248001020551,-1.0263937045963,0.471132549356883,0.607159338033515,0.817066736013866,-0.471572919855792,-1.64800638308282,1.20269268193613
-0.20135700506089,0.265554584788502,-0.353738742063253,-0.29014387650921,1.04118201203439,1.41781335488002,0.916695017257524,-0.488934242005764,0.200556689653444,0.00660013299167181,2.62927245272817
0.247360549911753,0.893797170525455,0.41862785241655,-0.648452195801055,1.28491623043026,-0.226522494097124,0.340081399924757,1.37292876267948,-0.503606676988458,0.645172251084927,4.38746660409408
-1.6694085329561,0.210214074888164,-1.1290295492371,-0.4138126021132,-2.29207883677261,-0.431584087411407,-1.10652449715164,-2.17195955479009,-0.93306177117158,-1.80471075786444,-11.8575395560376
-0.102317892449986,-0.137309326754255,-0.391167527363557,-0.755723897990136,0.736952988711762,1.11890635311388,-1.00531083185028,-0.978282535027094,-1.02789359944559,0.0354180325726239,-3.5775258871417
0.517548622786671,0.534840553188202,1.24693808303641,1.62931536075358,-0.594325486774087,0.607016849457153,0.241959801064529,-0.0307676603333543,0.839020661907635,0.608755415488751,7.72779765033527
0.635206089976101,-0.248575931029294,1.0579510450337,-0.095319971688778,0.485945902162547,-0.50340490521888,0.306865290512551,1.42896074081768,-0.813848580776642,-0.36453682288341,3.22534856064272
-0.296263752407729,-1.2850715834569,-0.419420431392355,0.17340941030486,-0.714281324569651,-1.13610944731136,-1.28501431995074,0.590763267238011,-0.880492254682366,-0.713750763988257,-3.68523512653326
-0.832991869721143,0.527533459403516,0.230023433450965,-0.218947941836509,-0.0924815353251087,-0.393166465997752,-1.01611125719974,-0.523389675877818,0.769550230681453,-1.55748866267338,-6.3130392147398
-0.102220194101351,1.40120834413878,-0.050666327763567,1.97971701442049,0.883040560453947,-0.10011168395294,-0.326398226588474,0.17143302056225,0.607124266414283,-0.994981564047355,4.93849625048886
0.261363817544601,1.25401805054012,-0.637654434654357,1.01619126551531,2.3558980973404,-0.947302866794581,-0.388783508323205,-0.0765106360692794,0.839968677384875,-1.19852164316096,3.4596146105038
0.524781538942908,1.01720697544017,-0.348017249595565,0.713438514524002,1.85054979926764,0.335489431684754,1.24548163325661,-0.745487258517175,0.838065874729259,1.02162429336704,6.87365354288956
0.105056646543429,-0.773366361206282,-1.68532747714951,-1.32242523898979,0.135535969920393,-0.954261552915179,0.104201290283635,-0.126480852195394,0.130391825211064,1.41727235424552,-3.72715067698034
0.648916894191861,-0.113317892506069,0.424363980029264,2.39245356510547,0.797143013139263,0.132282376916641,-0.0920833463492583,0.214408072369567,-0.0236360061058064,1.04415150975054,7.72779765033527
-1.70035431410168,1.1848252369749,1.12434942813861,-0.293662180926158,2.62501416070115,0.502753542097103,0.876163968681061,-0.198295847761727,0.452899802679281,-0.349789940045973,5.60888274952058
-0.100470811198747,-0.137309326754255,0.00224103895801828,0.761318315866377,-1.83838857528127,-0.119736333303111,-1.37070385042009,0.127674289910886,-0.191161053310794,0.442851894149252,-3.92165928511783
0.802784986169467,-0.0982939764966327,0.298976489800974,1.2480759664192,1.26284459983252,0.103614542486105,0.583532494695477,-0.391459666429106,-1.11855464930329,0.264474584677154,4.40398996954802
0.587986736019253,0.744051611411784,0.669341207177781,0.833129666439535,0.244776102142619,0.672922794563752,-0.336086864473509,0.835982042024478,0.858768131482968,-0.0534074265596719,5.85307349358762
0.524781538942908,1.13133619241279,1.09523991633585,0.725723767745159,1.40507558123032,-0.947302866794581,1.06751283455077,0.469971171761892,-0.14763104234683,-0.760473330994883,4.08309439698226
0.382256776406243,1.00787479402039,0.559468065164456,0.65116234683321,0.536135997336793,-0.141903704974195,1.59953730374882,-1.32061578071643,-0.691228544746452,1.34766461186938,5.40772197860491
0.0603549218356932,-0.394533573733474,0.0275016552617778,-1.00910373428353,-1.16121266707501,-1.16744068312421,0.0984089242277537,-1.42621713340588,-0.0475314512633554,-0.0358077960111222,-4.98285735580963
0.211321538374577,0.384067084484824,-1.32792949842125,-0.825743638754716,-0.770428586536262,0.712729908767813,-0.606532618466042,-0.436991928682657,0.154869298602108,-2.37920470733755,-0.736021048290007
0.857812104525253,1.22956835709187,1.07318184462133,0.0768349803735897,0.968158844703674,0.53495139717782,-0.129114522510985,0.389836454289206,0.581133897497417,-0.20095211481789,4.67929797348626
1.4513432441087,1.53021629773866,-0.318146663097349,1.27628074333265,0.575309592585546,-1.13234334233307,1.01502978042172,-0.488934242005764,0.566829352403772,0.0745167364599908,3.99223113746441
0.404524918559304,1.05161006878529,1.21087112903528,-0.220003925696291,0.501319531668907,1.32058661594393,-0.211238622860178,1.98937900714123,1.206605111533,-1.50596763126942,7.78929953347887
0.432175791114021,-0.655784024688546,1.10908213322525,0.425620172422802,0.116107919359589,-0.492670786652491,1.10799892011491,1.11572986073815,0.838065874729259,0.338142960556689,5.79939837110847
-1.27031642354043,-0.931958910643711,-0.323059410838099,-0.363652128299489,-1.3080226767062,-0.947185015470192,-1.25165138887884,-1.12388340860943,-0.381079151145867,-0.91138729779675,-9.71898114209364
-2.51841195134748,-1.53632956291548,-2.2003837020482,-1.19670772234269,-0.549700342748132,-1.81149725950726,-2.07594726974999,-2.56737217068472,-0.928415716310572,-1.1744740408259,-15.8715630935521
0.263323031120391,1.25401805054012,-0.348017249595565,0.245788788133394,0.0565071133251311,-0.50340490521888,1.49972533631289,0.844144010968728,-0.445815305987942,-0.0850470923855695,3.18284221020332
-1.27210977981273,-0.732793885525643,-0.926135501849705,-1.00716248587214,-2.20784696240194,-0.786172622372253,-0.263945497817238,-0.135627477150075,0.516488283235063,-1.82538372098655,-5.07563084327541
-0.690339372789973,0.0538745011184211,-1.57503466260465,-1.34554999089854,0.135535969920393,-1.13610944731136,0.876779017223611,0.411081393965576,-0.365640876288154,-1.421567704315,-5.28037819174394
0.50073204095395,1.71265441565616,2.3343707400082,1.93521556836666,0.489868240125117,0.368222742093894,-0.390318668051621,-1.42049769591871,0.629857018193165,0.707652562323739,7.9439620784579
-0.320873860555865,-0.101875843955122,-0.821353798121464,0.872475762177947,0.943104290184131,-1.52892218584797,-0.279755538389137,1.41289073566741,-0.336037906266536,-0.26315839180572,2.2480452349653
0.44885479848997,-1.8807999513126,-1.40659592837074,-1.79087478639813,-1.37634043337328,-1.56162515730424,0.116653504379469,-0.719363367030866,-1.86425410763139,-2.36778944021661,-10.3293525658148
-0.832991869721143,0.527533459403516,0.635415275361248,-0.551275514546872,0.52081372662403,0.521739165623935,-1.98252087804133,1.03583256170733,0.714043388217416,-0.614324611409272,2.43402541638788
0.441412021921749,0.37551085866043,0.847675165735517,0.64906229158512,1.16190618739441,-1.42942540145098,-1.72943887353563,1.42862680140477,-1.29918068245753,0.66068264632382,4.19281975637849
-1.06718100748149,-0.078929351615362,-1.00129024836089,-1.41096488117865,-2.53860478182961,-1.57729794305964,-1.61261192750669,-1.27659679127325,0.769783543474326,-1.20735308005356,-7.73060145027
0.647050123433308,-0.937880798773367,-1.90815966948689,0.161252932074616,0.640909340582792,0.515867188279379,-0.574620324106712,1.08072224475497,1.26049763159581,0.929831791396597,3.15344231524405
0.0295489013608287,-0.22523376474062,0.635415275361248,-0.143578178500665,0.0808694761584949,0.447038688949762,0.644752095895703,-0.223564916764324,1.06734322576529,-0.408179095537298,0.700530719203992
0.508583776824485,0.0128437579296924,-0.865715732970659,-0.268648254519597,1.45347222027948,1.38030972975256,0.0220848762515435,-0.570466915336007,0.652232523905086,-0.206954651696559,0.122560018911496
0.514589736784645,1.27558325358875,0.648383523639104,0.237871483839861,0.935556594531529,1.3108533835306,2.08440021616506,1.91324421068001,1.19516853526904,0.291223098993845,11.1903616314209
-1.03243935760059,-1.38321846116604,-2.18658478166,-1.38201363274734,-2.3084835781948,-1.04658283126415,-2.703680528202,-1.17817978683896,-1.11411680181047,-0.483872373406317,-13.7742977607494
-0.566788148366765,-0.96949685146179,0.580515304655551,0.384543471557285,0.52081372662403,0.324995544306769,-1.14935696778279,-0.430393953481137,0.447275910756316,-0.187095124268318,2.59421156615373
1.84067851386854,0.792061190876207,1.02364043771824,1.42970961516477,1.08312171596509,-0.684942714754285,1.43229919439176,-0.0354822755735112,0.882009101661594,1.29956200636171,9.98249869549278
1.57244562329411,1.55592673334301,-0.237143644021891,-0.668894581708848,1.28984382146897,1.66326640080109,-0.103124432707063,0.777051846658645,0.244869741548028,1.50967923305959,12.371378844091
0.364945693325476,-0.034557242505808,-0.0319796525220865,-1.64172539105626,-0.831565863130874,-1.24640930671509,0.870671811585567,0.137207301148728,1.20219526555959,0.000962268130107412,-2.91942546458734
-0.320591352600799,0.795380913613565,-1.30080183231329,-1.59419082767873,0.586303354825122,-1.51713326755406,0.424048211008009,0.723343682887816,0.545259066414883,1.39235612368836,-2.09543031676736
-1.52961013301673,-1.19294320563358,-0.988488090796358,0.350579815437508,-1.43023653017276,0.786139232412563,-0.624365356768271,-0.573664026941801,-1.49991537187035,-0.812276638064509,-5.43823681669956
0.843384629096715,0.990565625535431,0.648383523639104,1.17467073563243,0.608743185357622,-0.170545258954327,-0.619899388756563,-0.0765106360692794,0.0677074751528237,0.169283310247769,5.68768799774465
-1.3979655778016,1.02844933767952,0.230023433450965,-0.0888527963176648,-1.58600697555469,-0.357028858614469,-0.585185621574593,0.298055765601352,-0.380991174470222,-0.100211911364297,-2.10696922684997
0.00138357886145434,0.526990605216908,-0.0765099842698682,-0.15027660574583,-0.485885636334563,-0.394783496020246,1.09734335580563,0.817066736013866,0.148870221381029,0.813017014925263,3.38767961895419
0.741041974410572,0.280182328002274,-0.848655487418753,-1.9403798079516,-2.11355971162949,-0.755931489026571,-1.00824482266131,-0.504137509332862,0.563586421202318,-0.613275571456842,-7.63175719970262
-0.364663108228094,0.7296814694817,0.268395731354729,0.270059522080602,-0.298883574666491,0.764938265851055,0.61469144104266,0.277424612935104,-0.152914582711209,1.02794701567674,3.54633524916446
0.583912631563996,0.744051611411784,0.669341207177781,0.833129666439535,0.133154921398339,-0.852878074208073,0.443317766376763,1.18724442800246,1.22103394205785,-0.371005453503184,5.60888274952058
1.86118011735033,-0.535561612449586,-0.16906550886525,-0.637031415102455,-1.08283546617034,-0.501399813040967,-0.721923150257205,0.638022322996024,-1.43726079076929,-1.57578010103043,-3.09258591833777
0.0594845945625811,-1.88000467424863,0.794453690593844,1.73544531460008,0.258714837330664,0.169018446401251,1.43979764418242,0.203256185241672,-1.00982707180725,0.982901487646638,4.65410766290706
-0.899588378582254,-0.251919659625158,-0.362904038272711,-0.633160318356588,0.487331451074858,0.14038047768554,0.390377235971451,0.0255822406173512,0.252760478497409,-0.421531324387033,-1.19170069859053
0.335634804844142,1.35257680137813,0.640888485236947,0.776502236210642,-0.352022224161828,0.947140737419364,0.911720227501163,-0.0282755998992798,0.79126942575598,0.650887436502725,7.10501479869398
-0.29785113658541,-0.283268475791388,-1.57503466260465,-0.445072321750113,0.344042961647078,0.14038047768554,-0.0186433702726391,-0.0575516156765356,-0.00825375063115037,0.231841811773231,-0.721681751680412
-0.179465248943018,0.726502600331675,1.45702315067772,0.0888961734542906,0.123854233170428,0.109799194461221,2.63340113341602,-0.0765106360692794,0.812706731356816,-1.07978711996246,6.51388441387625
-0.976988795569516,0.292819243691552,-0.436464559691548,-0.98875554616092,-0.955520882920784,-1.83339865761122,-0.921800230225483,-0.337787044880333,0.516488283235063,0.380506652028172,-6.44859495007738
1.77464238502423,1.53901077998496,1.60781801370499,-0.00895991011655884,-0.554366581307926,1.05287053044603,2.18178694757624,-0.312602455701728,1.36228472732423,0.14325431877257,9.6578407116766
-1.03795731345563,0.48862495436103,1.51035776842888,-0.634359943408184,1.15279276584251,1.05312688093704,0.00959823732721032,-0.781028916922118,1.53687186360665,-0.265886981029824,3.33145265351535
0.878212335120599,0.305579488086363,-0.346044161446812,0.785664206211428,0.5463923839097,-0.674961305686194,-0.383580415393099,0.0904179564494742,-0.974740287012449,-0.280201240474486,2.263326861247
1.01749251858936,0.870255890608464,0.306343501740758,0.794917024311948,0.164374491689745,0.646817555643044,-0.0920833463492583,0.158561309941235,0.744029259900768,-0.240459465273518,6.27692731706476
-1.70035431410168,0.210214074888164,0.00713479418588458,0.17340941030486,0.509743397489545,0.386597297010995,-0.186078062965641,0.608689291737156,0.621313982599852,0.321753457604549,3.55424560072141
0.0603549218356932,-0.394533573733474,0.0275016552617778,-0.00566226767590739,-0.953585436983717,-1.79452289577808,0.33711050429319,-1.78993126760745,0.511052559428034,-0.0194794178056145,-5.03880576207409
1.68928131419534,0.384193335195225,-0.736956713326512,-1.15421591021453,-0.478591507720161,1.05312688093704,0.438492632289388,-0.3124818090526,-1.29918068245753,-1.28626944901537,-1.10833510484874
-1.02877398240128,0.364167393999276,-0.883666029435949,-0.757672572349283,-1.5105466080213,-1.1052559426637,-2.30259933563653,-0.404355460325839,-0.852904155765841,-0.0785464639012387,-8.40989905383595
-0.0686575657511579,0.987035710842928,0.69932693422114,1.25640767620218,-0.344882897208608,-1.39973667301425,0.17403432972708,-0.299623817855755,-0.510135289280508,-0.875699664507765,2.43402541638788
-0.324179166960066,-1.33151505368027,-0.984211068574004,1.58393975694653,1.00134099670317,0.811531241179841,0.411841004010867,1.18416494127944,-0.639172107308521,-0.0228122550330035,5.15171993183839
0.842085444891949,-0.485409242360924,-0.267489476977358,-0.678398906592483,1.69485020711008,-0.309351341483134,0.735993904877857,2.33025164100204,0.41987351738742,1.6165850002581,8.1455535675978
-2.34735478578837,-0.368983452147302,-0.547892682410642,-0.0539475364233601,-1.05456016487794,-1.35070822512029,-0.251829687331514,-2.21175306655819,-0.895029924474402,-0.813828191194839,-6.96527376797282
0.197275893687157,0.446796930521345,-2.04756743084555,-0.516589361546205,1.1346015879964,0.878639567270157,0.652177638853481,-2.03441157258669,0.0534899354548133,-0.890482741449631,0.177437389933576
-0.150011962687146,-1.07320672800994,-1.61676313422858,-0.732315958657224,0.0852436449147091,-0.316318296811845,-1.43719804757607,-1.78993126760745,-0.646474932092799,-1.26998699794759,-8.42567750287984
-0.656635341226069,-1.94840896494522,-0.988488090796358,-2.66180430555223,-2.59357512379644,0.0158852663100615,0.480756652488687,-1.58899090204338,0.00115518148970279,-0.198283937066844,-12.1796196136099
-0.087980332627712,-0.22778037876135,-0.0987571863525096,0.780589510219417,0.217341080864133,1.24391015262014,-1.43710929506063,-1.06175446537763,-0.468431246804167,0.707661274491489,1.16404076155154
0.676139006958204,1.43635290618205,2.32734306258027,1.93521556836666,1.29297119659631,1.22559565210834,0.809360461915024,1.6469214542557,1.75527163161511,-0.222323003802406,13.9228043010317
-1.52961013301673,-1.19294320563358,-1.42505113155608,-0.797356398046627,0.684725699927488,-2.53029548304311,-0.0386577363768218,-1.11769760759738,-0.00143264725220191,-0.89001940979352,-6.76910975651879
-1.39492442163248,-0.708404700116523,-0.466628963227311,-0.4138126021132,1.2579891639049,0.945535665069272,0.689011948216805,-0.302890630764432,1.61259962281405,-0.275571793852257,1.26072590807799
0.712535089020135,0.131284545526858,-0.527467678341675,-0.466954551078284,1.61149894234752,1.92143455217901,0.87767041587318,1.26616874315384,-0.611773682628519,1.24499268906792,5.70981410711177
0.0732706398107403,0.179056019828653,-0.410935937857095,-0.551275514546872,0.217267807590743,-0.311264585867478,0.13896834742837,-0.323431845438518,-1.49109806723873,-1.3632254815802,-3.84772328662927
0.261363817544601,1.25401805054012,-1.08590965093988,-0.578527293245446,-0.130497704535591,-0.964399562282079,-0.178814795595173,-0.0679071829415122,-0.686233528924112,-0.601222801379495,-3.72715067698034
-1.84720379212263,-0.330250726965727,-0.0432062978124643,-1.63652525612207,-2.28613937458256,-0.501569124096137,-1.34014233520354,-1.92781659181099,-0.939010635808049,-0.895396066522675,-10.2204357551117
0.263323031120391,0.0304152727219792,1.93328064180519,-1.01446051896292,-0.779584688496514,0.176688209970568,-0.501997815599475,-0.299623817855755,-1.22975475391351,-0.235408248772117,-2.91942546458734
-0.942049326640625,0.104319707352867,1.56475090521485,-0.925697399552869,0.275142867965121,0.324995544306769,-0.512128414615764,1.08072224475497,-0.0610886946493087,-0.571524370084789,1.31026333870743
0.432175791114021,-0.762077229968223,1.22332835458868,-1.41821970191265,-0.730266307702207,-1.22903420209639,-0.820343174797361,-0.126412867417959,-0.434590681547146,-1.14483074684039,-4.38645321564542
-0.257878292255632,-0.329959365577503,1.05414364599978,1.34347518802433,-0.778164438657153,-0.941521985440292,-0.139966861163322,0.233315802350809,-1.21097484686403,-0.415231726269549,0.0138896387426476
0.0605539863017156,-1.88000467424863,-1.85326741180668,0.58744770882918,-0.507960410218334,1.57279867974156,-1.70233805649683,-0.405856119252974,-0.845109675693696,-2.65599663915969,-7.26653577307181
-0.423039734445234,0.159138217733673,0.704559944432086,-0.266984204839786,1.70259887055183,-0.477089293664371,-0.737622322853987,0.421372847788867,0.335374888933132,0.274659873200458,2.33055493463669
-0.656635341226069,-1.94840896494522,-1.03156097715541,0.149414346215219,1.22438865414924,-1.51646836674543,0.285483046233355,0.0463795090035294,-3.15500138532672,0.175943824428695,-3.40618626690503
0.190765124782854,-1.05801093215968,-0.123980401808927,-1.28025669600933,0.782721956750419,-0.235766086701331,-0.178814795595173,0.320462619505487,1.58063756354642,-0.275972773594628,2.12907859181851
0.18508856185659,-0.106351929279288,-0.56652767716408,0.112055808605442,0.46254571625335,1.24391015262014,0.00582460460577256,2.33025164100204,-0.164735372535593,1.16847417492897,5.40772197860491
2.15835380843957,0.211241560912496,-0.194460200056102,0.626581929678027,0.652633501649722,1.53966276126775,1.47819920464326,0.77765238828572,0.519196442476954,1.29956200636171,10.1467270512969
0.802784986169467,0.607709783358608,0.356150349363399,0.65116234683321,0.88842982016368,0.955052855980176,-0.143930097098172,1.67975499454044,0.982326046590933,0.0357473100240425,6.74514534278129
0.0123075778487171,-2.12335795827095,-0.330656675270569,-0.865038164328629,0.0315979035189843,-0.151870021310278,-0.0989348453805546,-2.36514762034158,-0.381079151145867,-0.312781360934738,-5.30372436856496
-0.0854372780806994,-1.44854084612447,-2.68243580825435,-0.617541382199038,-0.835556175306709,-0.680678729903251,0.654072708421808,-0.504137509332862,-1.2033162119264,-0.720962131088419,-10.8894497466038
-0.0686575657511579,0.987035710842928,0.832023504370351,-0.648452195801055,-0.0884223649850576,0.440230388689493,-0.679149396754198,-0.392840093071666,0.258206650913611,0.853028403395179,1.28736690608694
0.332285770309418,1.21444086483471,0.913349307493505,1.10760605115203,1.0168142488858,0.53495139717782,0.35619834374778,1.68947457344544,0.760050670106082,0.537563048699576,9.16873646354662
-0.562367212286694,-1.38501676885244,-0.496456057949244,-1.41125959308691,0.0377344529296599,-0.190808868472286,0.232273878670399,-3.13663788463103,-1.18041680708777,-0.0865355552359309,-5.98149103817055
0.0285717901797085,0.285314513233225,-0.270301336715544,-0.791237132558162,-0.976786731635899,-0.283713748930907,-0.194464177004115,-0.248029415876344,0.653346979040766,-0.235408248772117,-1.10833510484874
1.33180190362353,0.8082720889142,0.758789687840348,0.990209138120862,0.481866044380944,0.445642464512758,1.4777690219053,1.34380946352206,-0.0619292986137529,0.287004418534961,8.31687908754428
1.17600813058697,0.572525745725952,0.292377942598998,-0.0509908485653985,-0.616520189717658,1.68059411427267,0.0173257979465228,-0.307898266963397,1.17357707899226,0.528762698375268,6.38002749297907
2.25079456538506,-0.430652550182833,0.370083021169589,2.08735425041218,0.19267921509012,0.460311215764176,1.78625100265655,-0.0354822755735112,-0.0169580101703932,0.883343424683457,7.84213038155354
-0.320591352600799,-0.101875843955122,-0.821353798121464,-1.91472905333249,-0.915812616407546,-1.68762701762432,-0.37498859838482,-1.48465267023526,0.502615692278265,-0.657393146169322,-5.84534655378764
0.326421420726461,-2.69762045205097,-0.952913421117627,-0.969948444181932,-0.84467020719221,0.979768950276302,1.87058681099895,0.637376144915638,-1.22975475391351,0.259241760331773,-1.85331373599973
-1.40598399418877,1.02844933767952,0.635415275361248,1.16218874051691,-0.280022856143892,0.169018446401251,1.43979764418242,0.771175766349001,0.085753191959421,0.73450880435216,5.52231108481492
-0.832991869721143,-0.314210270340233,-0.184746413993736,0.0457004101002214,0.311791942585732,-0.323385511906341,0.781242591297365,-1.36334708808177,-0.195047321611482,1.48915527044367,-0.632338014964745
-0.731468830772601,-1.79752100278902,1.01410190339958,-0.464794266973127,-1.1799676452323,-1.17034812452995,-1.39708864542768,-1.35288646979217,-1.55445718711644,-0.91138729779675,-9.3990445325742
-0.992287230893944,0.0826543148011159,-0.810401385115778,-0.0468563182046292,0.512412940266569,-0.323385511906341,0.111573395531809,-0.0679071829415122,0.635552438695509,-0.421531324387033,2.72894923319602
0.595051598519508,0.190223527220765,-0.623512216274203,1.90276089141763,2.27398601102452,-0.537994445141521,1.686973250781,0.790333461230129,0.234330491809271,-0.697093065704157,10.0194402561793
1.46526648894119,-0.238229217635093,0.463912295604446,-0.576118411548674,-0.129915210333302,-0.919679941928618,1.75475668975082,-0.978282535027094,1.00386437471744,-0.578692765358263,4.04308418931194
1.80374196507519,1.08623647099299,0.637969296979348,0.235717252887211,2.6258294993013,1.64360089757842,2.3885242240587,0.578148290570643,1.54834090569761,1.54579505109569,16.5475570301735
0.217745103721639,0.975274856357321,0.358387061881887,2.48482566171132,1.34536500845592,1.01286380029895,1.17613021791227,1.04391288738819,1.47445948867842,0.849566545497523,13.2685996718455
0.859584429331217,0.435247095485489,-0.442903146423508,1.76235190217615,3.13873030635906,1.29646209778898,1.24809267849087,-0.514691834871305,0.239944143161206,1.46912110144634,10.6692494715227
-0.796310274038156,-2.30506354624983,0.47907309319322,0.935380626898905,0.768626782669785,-1.24640930671509,-0.896905967348887,-3.13663788463103,-0.895029924474402,-0.00256439697342915,-8.34974695445135
0.205354602057488,1.14677472460308,-0.20013285114701,0.61765348777953,0.5463923839097,1.30680486402808,1.01502978042172,0.135738112061147,-0.190711135879232,-1.19852164316096,5.69247568126676
-0.102220194101351,-0.137309326754255,-0.391167527363557,-0.127100597255627,-1.31191178855524,-1.23729431251117,-0.78631311071182,0.541293175373275,-0.720582591621149,0.366840424071975,0.875098383753915
1.33186784516613,0.8082720889142,0.758789687840348,0.988702034263319,1.22855525318114,0.621951597655782,-0.321456093799307,-0.262423659783119,-0.22259968475306,0.548013010006514,6.74157192684063
1.44781427865939,2.13970732011854,0.799197747755186,1.66168080010872,1.81096072017101,0.5221028836736,1.18599160704837,0.945496651683534,0.93092400933118,2.40705256401533,16.5475570301735
-0.257878292255632,0.568108791857886,1.32125738186855,-0.197582915009531,-0.144260285498263,0.327190062129737,-0.912614860260274,-0.0924796589418755,0.748525475520316,-0.358156433021195,2.33131411822807
-1.0788480223346,-0.337727606204915,-0.13498486289913,0.0873683457596576,-0.291027924516802,-1.77340267804142,-1.77698992266704,-0.720706987166995,0.957935075503734,-1.14483074684039,-2.30382466159149
0.635206089976101,1.93764771013609,0.26763960787899,1.66620317838259,1.96940322183536,0.263581591136617,0.198940984381063,0.437446046125134,0.151163804218233,-0.674296864628657,7.73329315643559
0.450931375929604,0.154166842226832,0.91628778530409,-2.10433773028804,-0.418753202392364,-0.419754171407069,0.0107230434329324,-0.0679071829415122,0.445322149193115,-0.150340983753033,1.29180831142872
-0.235467524429203,0.548920209519233,0.0956782398333275,-1.83941838609538,-0.689639148808663,-0.812697789357991,-0.490068005251316,0.00761709846735041,-0.66902066390299,0.585463045030003,-1.00335892474721
-0.220741912814183,0.932126891019755,1.75648103440033,0.833129666439535,1.46804748273404,0.649277970283494,0.438489204166142,0.394052375240154,0.900133983669811,0.624580448650681,8.27911114261609
-1.39492442163248,0.666462415464343,-1.71569358911533,-1.41125959308691,-1.33821292833617,-0.680678729903251,-0.338337542848526,-2.08309195369382,-0.37768903052091,-0.877655749981575,-7.67022250793107
0.92999157296875,-0.14624800295887,-0.530458506990235,-1.06954592078731,0.0132836058703948,0.281592930441877,-1.53679908772671,0.320183380640795,-0.193183958933571,-0.526621860806435,-2.17256070666275
-0.90260251089152,-0.493429618121392,-0.13498486289913,-1.07118234728279,-0.245682267589307,0.752511760482884,-0.311542057929781,-0.645569157680155,0.99569428507802,0.191433508132375,-1.2473119962001
3.27763901221715,0.998207427944816,-0.584602215083042,0.613216647222997,1.34536500845592,1.64360089757842,0.687724266819185,1.63159899479399,1.83080295480628,-0.0798712377495856,11.4137389346157
-0.291693719423336,-0.283274156175772,-1.57503466260465,-2.40811109879106,-0.303226203574619,-1.1052559426637,-2.30259933563653,-0.231995448941744,-0.959430354495483,-2.25361182062125,-12.2520590328081
-0.477268669519158,-0.99175374790091,-0.846380693679673,-2.22851190661706,-0.857081584159889,-2.01472255303151,-1.10652449715164,-1.58899090204338,-2.41131394027791,0.524856982519443,-10.6628533830764
-0.0430264023422638,0.144227718692262,1.31703239450177,0.510436166855849,-0.177714013164751,-1.36577420514183,0.186802631876051,1.19467896653063,0.124620946834864,-0.713868046324247,1.56936852149552
0.0741758871304572,-0.851777142279119,-0.810401385115778,-1.24120553367527,-2.29207883677261,-2.71271314780107,-1.04642921053326,-0.803258826034267,-1.46910203853237,0.572888490799636,-11.4006815013686
0.0741758871304572,0.179056019828653,1.33368040082366,0.974373987676247,0.935556594531529,0.499637312796606,0.599291523240214,1.27069366540914,0.674205660944516,1.79981419148146,9.6578407116766
-2.14018980739345,-1.41850863723245,-1.35683933124848,-1.40058500312746,-0.526723918379748,0.298068331059562,-0.47111532904918,-2.27922100866295,-2.0515534080579,-0.691308897434392,-11.8575395560376
-2.77028071705943,-0.278508226292509,0.755398168397318,-0.430524240532682,-0.127603492435724,0.207607006284535,-0.178365120208755,0.127674289910886,-0.14172064594129,0.0986474968931893,-0.146525347372658
0.888984959918625,0.737273355178943,1.13320130155872,0.135555690211041,1.29722323297064,2.28807978234179,0.819443339234725,-0.345356487762188,0.00757343661885518,-0.200970215914042,6.93929135081309
-2.34735478578837,-1.43972296562656,-0.741670696947666,-1.25638423833457,-0.546293577235036,-1.60654422485653,-1.61261192750669,-0.65407837132773,0.0694009544403279,0.398000746353742,-8.31994905756133
-0.821206436582278,-0.175734472343807,-0.384733708745927,-1.71557941783637,-1.36040824211696,-1.50175053526233,-1.10939561487599,-1.27082527323182,-0.422346110809223,1.52287419603664,-5.80398702675587
-0.0430264023422638,1.21002928686,1.13606299651473,0.833129666439535,0.702841491012778,-0.859258355834827,1.59608091354209,1.23546680560127,0.826843966356796,0.0325491775465181,8.72465827305544
0.687415076686562,-1.50215729134091,-1.5376146118679,-1.07515789731147,-0.944111116043064,-1.62718954820741,0.0478107427670717,-0.195590382707169,-0.466373938025371,-0.763821049251013,-4.16568824574981
-0.690339372789973,0.830695947398846,-0.278805049755648,0.570024829906013,1.46191683228061,-1.16870251700938,0.680336397155501,0.93622425164038,-0.808894624284091,0.813017014925263,6.64071273534282
0.895345087186445,-1.12632231892564,0.0275016552617778,2.11277491104288,1.26284459983252,1.1191139127653,-0.119284278707265,0.842235988517168,0.914722901062515,1.12587329823427,8.27527272493349
0.153080114253552,0.0974369768671051,0.161483331168001,-1.64172539105626,-2.51303898104482,-1.97178557653087,-0.860511777424298,-1.65606705813381,-1.2122794195969,-1.5922763676491,-10.7624204986149
1.44781427865939,1.53021629773866,0.228597616758714,0.727397155187752,-0.264534867673833,0.219689461503438,0.260224155120946,0.158561309941235,-0.190711135879232,-0.354090140298566,2.81350044491758
-0.594368313629449,-0.547508579209437,-0.989577892313471,0.0937734101626921,-0.0182525740277038,0.355433275497136,-0.820343174797361,-1.42965555712913,-0.846499715755457,-0.690404591938099,-3.43062959440625
-1.05139349753657,1.09512715548092,-0.354337192725962,0.49150673177051,-0.308999171777254,0.515867188279379,0.481296986409677,-1.34169865212449,0.324393123555379,-0.316025268179354,2.43402541638788
0.0187203312649619,-0.154859671720972,-0.774819863565697,-0.594764063572652,-1.16121266707501,-0.758596446511068,-1.19524836093365,-0.0823226030197268,0.198895233344245,1.50818628890963,-2.83026728182822
2.16091696726514,0.211241560912496,0.79558939872275,0.964570446999256,2.31025623164933,-0.677547318710035,0.751593422030443,0.846562629109521,2.69206759028031,-0.0212628824347401,10.2799644784799
-1.73369354891268,0.475267898333199,-0.362904038272711,-0.0907128470255963,-0.831565863130874,0.00686084102554724,-0.309228163687241,0.146118854956272,-1.64546270796084,-1.13542593889384,-4.42481192927907
-1.14389113765788,-0.670873792560102,-1.29424914082094,-1.09673161200822,-2.28613937458256,-0.890240455016567,-1.04642921053326,0.356030688829871,-0.335164918837755,-0.0202179328206818,-6.76910975651879
-0.826233109678244,-1.08418674032923,-0.0795999898855371,1.59206704350422,-1.72095344527054,-0.73477138059654,-1.07908674643734,0.269487457191847,0.427493854505493,-1.27280492319494,-4.35677935636206
2.17262603970669,0.211241560912496,-0.194460200056102,0.626581929678027,0.165007130513046,1.70361684357104,0.604002492914459,0.054021597444466,0.244869741548028,0.278732068722713,6.81065410202129
-1.18188851428853,-0.115036244291723,-0.472877528358158,1.04589350202481,1.40339681251917,0.764938265851055,0.630957718949485,0.34262108306745,-1.19424642021713,-0.158888135444676,-0.763451733426399
-0.031769777595373,0.272745458636431,-0.410935937857095,0.0913014186856948,0.673668545164682,-1.31792073904158,0.20034135532705,1.2601442949855,0.34201428853332,0.478536761590297,2.36252801535937
0.0200696698561943,0.630783881666711,-0.585234017423101,1.34347518802433,0.924310669235252,0.502753542097103,0.852006551624077,-0.307898266963397,-0.813848580776642,1.65836828493628,3.99223113746441
-0.943912652305395,0.865692919460521,2.0344904272358,1.52637058262658,0.570596683069956,-0.298526636709164,-1.05550036568351,0.755741110459227,-1.66254650297106,1.53945266784966,3.9664456610055
0.261363817544601,0.0304152727219792,-0.267489476977358,-0.266984204839786,1.14123385859849,0.998799969914001,-1.15209094132862,0.258328631596295,-0.116369252310535,1.4674802243318,2.81789669301173
-1.44102584822116,-0.584474213850011,-0.562285537086693,-1.43065109415929,0.0460440684664489,-1.17034812452995,-1.94818799479118,-0.730359326074964,-1.57609345356749,-0.739673716656095,-4.90800699929425
0.18508856185659,-0.106351929279288,0.646734097826065,-1.06954592078731,0.275142867965121,-0.110991167022651,-0.664039930845405,0.0431570646541928,0.145654051979976,-0.220780263164635,-1.38686332116528
0.586489270313087,0.744051611411784,0.669341207177781,-0.244034743265189,0.802207892809176,1.50915179310306,1.35145976303973,1.26616874315384,-0.870631370736732,0.722657310593396,6.36365053099109
0.682805832991795,-1.50215729134091,-1.5376146118679,1.30477173134526,1.2058031083432,0.833024709631554,1.40016000979575,-0.781028916922118,-0.974740287012449,0.264474584677154,4.19281975637849
-0.179465248943018,0.726502600331675,0.387129291456547,-0.63038789514779,1.35674803089086,0.149355006749437,-0.534341100095162,1.19064740423627,-0.833089709940267,0.377080282047263,1.03226008614406
0.534631321739848,-1.02340077393836,-1.09384037487373,0.712258604061958,-0.159975506605155,-2.43235427858214,0.626121207291009,0.266519858675038,1.21294483838629,0.478536761590297,-1.15714218738464
-0.30636977699271,-2.1428504930298,-0.952913421117627,-0.258384539205662,-0.859493895588572,0.342712002935271,0.0145131102617603,0.0976658544433069,-1.26849992467479,-0.479821564559608,-5.52399401992643
-0.832991869721143,0.527533459403516,-0.175215250438321,-0.409449812236359,0.455342508668831,-0.509198967443516,0.30809875600372,1.2601442949855,-0.620246042010534,-0.117276381823206,1.9567662299796
-1.11535159755133,0.338813158679173,-2.49103839012242,-0.325741758217345,0.0315979035189843,0.195801768705589,-0.78631311071182,-0.376037595641797,1.40087834864648,0.129750688314714,-3.60219593346657
-1.40598399418877,-0.708404700116523,-0.646421785274618,-2.23587960694703,-0.700189768054284,-1.99801528497698,0.116653504379469,0.83968037335097,-0.794616104241474,0.373973763957314,-7.78477021350999
0.524781538942908,0.930066943739688,0.859499447081384,0.776502236210642,1.90681921090872,1.43873979994736,1.0426149485662,0.800123389810482,0.760050670106082,1.12587329823427,11.1903616314209
-0.562367212286694,-1.38501676885244,-0.496456057949244,1.58393975694653,-0.449521651849406,-0.966377125011038,-0.0989348453805546,0.484104302388105,0.335336766603221,-0.119850842472137,-1.38679117676344
0.846402456541275,-0.553244149650652,-0.0103440096498264,0.897916970113672,0.959041550475959,1.10305760334394,1.85979453674973,-0.626686058670121,0.607124266414283,-0.641408145230868,4.08309439698226
1.57244562329411,-0.0865562543961859,-0.585542579953226,0.235519861850662,0.556792979362069,0.947140737419364,0.391528095832961,0.214408072369567,0.569356866068412,0.650887436502725,4.51583272624016
-0.642339431401603,1.18296105458443,-2.04756743084555,-0.766822571823806,0.487331451074858,-0.686275423363872,0.682644644170725,-0.875550784146231,0.892602557071579,-0.26893114677892,0.84513143605123
1.23023885987463,-0.624987759601651,-0.865715732970659,1.10948141753957,0.468731939304037,0.149355006749437,0.768559877066819,-0.178584137198872,0.362892138696054,0.722657310593396,5.2243764020308
1.60482483158119,-0.105840437803725,-0.55418174547867,0.69742142484148,1.81800424928958,0.53495139717782,-0.305064552794631,-0.177534824202148,0.202185281174879,0.68183690454929,6.59649150599918
1.28380367315614,-0.849716697717063,0.393954764307415,0.510436166855849,0.519756426520209,1.647435274446,0.117024025892438,-1.09794919064018,-0.0163403374908797,-0.0534074265596719,5.44525051428404
-0.295664383499164,-1.2850715834569,0.838634507159599,0.0236871745543965,0.671158079236892,-0.548360522418733,0.38311056957764,0.371848454703502,0.0303702084783479,0.992164232797082,1.99446894333526
-0.324179166960066,-1.33151505368027,-0.976385738528347,1.52148609397324,0.229132409964247,-2.00935374034636,0.512533746832635,-0.583830605888791,-1.71816620694567,-0.600607401124689,-4.58780930505259
0.842085444891949,-0.485409242360924,1.33368040082366,-0.748678814454918,-0.908653953437701,0.116307213765717,0.595877548022362,1.06099625926817,0.484874386918845,1.34766461186938,2.81350044491758
-1.8146393311975,-0.10919846018094,0.300014816643362,0.623534315703201,1.25986752166322,-2.09317515911507,-1.3981858733481,0.298055765601352,-1.56456969537853,-0.732225994930135,-4.93077702269338
-1.13428437447439,0.251063623626625,1.12964948894138,0.650869569653673,-2.72097681305597,-0.823933926616597,-2.2712536592095,-0.693615061876599,0.392590639099096,-1.23230419476592,-6.5251564132881
0.534631321739848,1.01720697544017,-0.637654434654357,1.2480759664192,0.88842982016368,0.685426488849321,0.65485601838348,-0.640894424614949,0.267568255856372,-0.349789940045973,4.47902151766332
-0.562367212286694,-1.38501676885244,0.556882829372648,1.6817308264694,1.2586359251768,0.327190062129737,1.05013653121687,-1.16595242217969,1.58029770556988,2.48812472358165,7.73329315643559
0.72406587078919,-1.33862516113289,0.434729849078339,0.0510166636840205,2.62501416070115,0.226546128077686,2.2795784982596,1.68947457344544,0.551684611754256,1.12587329823427,10.0364247930982
-1.34751319004627,0.207360828363579,-1.50005560038836,-1.29408008734271,-0.838694940570805,-0.397685652053862,-2.30259933563653,-0.730359326074964,0.447230914108714,-0.252415802272666,-6.80600098652509
-0.976988795569516,-0.899583536820773,0.421957809284305,-0.380373933708598,-0.407031837438755,-0.201245791627806,-1.07906161895098,0.850866699862824,0.427493854505493,-0.460531347500145,-1.85331373599973
-0.976988795569516,-0.315657596243273,0.731438775683306,-0.152374785175464,-0.00443585431679047,0.294661067753334,0.0107230434329324,-0.70987178051201,0.154869298602108,-0.218971444598374,0.154485236348172
0.00609592075808279,0.496673268302498,-0.412256381162751,-0.430029617131406,1.69134637852259,-0.309351341483134,0.72909011163939,0.281437682674824,-0.123536672565133,-1.46484318052928,2.84868441050469
0.648875946707476,-0.113317892506069,0.7420233339297,0.838925410359721,0.361532511595702,1.92143455217901,-0.183903717751031,1.32142812546197,0.977237374628952,0.14325431877257,11.6496122096529
-1.0514664002773,0.722486437966948,0.230023433450965,-0.446093329080533,-0.205436519146121,-2.00935374034636,0.604070775886825,-0.408491375474132,-0.476485968394073,0.163969231050255,-1.44958318731623
-2.34735478578837,-1.43972296562656,-1.53455700015361,-2.65630333696191,-0.963091602651166,-1.04658283126415,-2.703680528202,0.00355983817359476,-1.11411680181047,-2.17117429680269,-15.8715630935521
-0.864100239977748,-1.15387645845386,-1.96124842683204,0.732725635104467,0.632583016134785,-0.559413497064018,0.285483046233355,-0.455987702294889,-0.222362006391726,0.233668739391432,-1.26552856187643
0.362079227086656,-0.126478170409451,-0.537473612963755,-0.0167815792565261,0.600174833370677,1.18126148382729,-0.383580415393099,0.281437682674824,-0.311546302499168,-1.46484318052928,2.59421156615373
-0.350328926335911,0.455877026102946,-1.03472909721967,0.368307191303435,0.172218915005572,0.518436640919723,-0.936365570929984,-2.00506472852612,-0.589767909636807,0.129750688314714,-3.37075866281321
-1.02042939137714,0.877248738397247,-0.468196893382254,0.368307191303435,1.08246035967455,-0.525202083616182,0.595877548022362,-0.0464936852733148,-0.54353934883415,0.418755525057755,1.27202097520516
-0.439937185697175,1.43856964886628,1.24667129626724,-0.244541623949446,1.5641881672465,-0.435109557990573,-0.305678277623488,0.0687337924730458,0.589363835107723,0.0978358944379436,6.20692679176912
-1.39492442163248,0.666462415464343,-1.71569358911533,1.58393975694653,-2.41610743626104,-1.1052559426637,-0.0684166552109243,-1.52919729591109,0.392590639099096,-1.14357615577003,-5.00661512316878
-0.147721952637614,1.08316983234481,-0.496051342271882,-0.488939209013003,1.08246035967455,-0.10911176229547,0.133147146142377,0.0279898220559589,0.359443786887139,2.41991439136815,5.32406148776438
-0.665155136578624,-0.685416352688001,0.00713479418588458,1.72642207263182,0.754304533507822,0.145281406443303,0.10617653562128,-0.62055162639804,-0.574779661897992,-0.389279142183508,1.44627857851842
-0.135110268826679,0.0144035778838727,0.33659911842421,1.88627341918348,0.88842982016368,0.169493532621556,0.687843778085483,1.07822864459898,-0.0661198582151988,0.211257250365011,6.68651500024343
0.517548622786671,0.534840553188202,-1.20365020037484,-0.0171746730188148,0.673668545164682,0.387724993335589,1.41750132204838,1.64238627732784,0.79126942575598,1.58416271405317,7.72779765033527
-0.139548990929572,-0.0170443860671731,2.45478726715145,-2.08885072940384,0.490581786606231,0.764938265851055,-0.16678203879801,0.991153404066345,-0.311546302499168,0.496528597072884,1.29030811373188
-1.50985121725034,-0.778273002247716,-1.23405480352317,-0.617541382199038,-0.195994860364175,1.59869751799058,-0.309228163687241,0.763642664961102,0.370438935799296,0.608422388316203,-1.56006586328015
0.672520796909149,1.43635290618205,2.32734306258027,1.45409984242641,1.10793472515448,-0.684942714754285,0.219209784014662,0.352871611755027,0.811159910546393,-0.856567060531066,7.97844965662512
-0.852462068919766,-1.53934046108617,-2.18658478166,-1.98403765153393,-2.59357512379644,0.0158852663100615,-2.703680528202,-1.99354031415637,-0.564508666678938,-1.67185764745051,-15.5558214241402
0.357892674519991,-0.260792274951291,0.0704224212221956,-0.681111736819152,0.166859163501152,1.25919820965952,0.166568052233973,0.755741110459227,-0.691228544746452,1.49287562017353,3.07525521668123
1.13672719465621,-0.212926611142279,0.822026788871109,-1.01446051896292,0.433079521215153,-0.0321767054232594,2.01709841615537,-0.610660642545353,0.839968677384875,0.399464295548653,4.47902151766332
-0.813977232084667,-0.105969375049486,-1.13050792597771,-0.0586994871551437,-0.407031837438755,-1.40487852868108,0.938116070432834,0.266519858675038,-0.774835805224871,-0.160560410562745,-3.74709321871503
0.19238422703681,0.110989761328798,-0.434210092309693,-0.0244550319014724,0.811030942531016,-0.492670786652491,0.652177638853481,1.10626495056685,-0.272214695033696,0.801334318152297,1.79073655383585
1.82014595484663,0.446392083934648,0.848612807589368,-0.419544797496332,-0.671462062917026,-0.827457939416178,1.84006715966342,-0.743006246026981,-0.272214695033696,0.645172251084927,5.44525051428404
0.647050123433308,-0.113317892506069,0.424363980029264,2.39245356510547,1.48853740027847,0.0622776886039661,1.38435468429103,0.587904259194961,1.38285028779154,1.61666708944686,11.1903616314209
-0.67286386936438,-1.51117546182106,-1.23405480352317,0.00369471736618413,-0.166447590891203,-1.62718954820741,-0.564785576356276,-0.739445392995055,-0.147355584955826,-0.336922408212043,-5.90273776409145
1.0661771429662,1.08595873313037,2.32734306258027,-1.28013242371675,2.14443347994932,-0.37673584917184,0.751593422030443,0.719756992174497,0.333351535512405,0.804195092256901,7.75338016003484
-0.0686575657511579,0.0618841448500816,-0.988790268093381,-1.04625533119748,-1.1799676452323,-0.330190310637777,-0.578714167135341,0.266519858675038,-0.616730913603947,-0.763821049251013,-2.74572457897306
-0.336430697137512,1.01624039190663,-0.623512216274203,-0.372885618050114,0.120738041464513,-0.775822410660109,-0.196062839857097,-1.01406758996539,-1.17535600005117,-0.100211911364297,-1.17326423841066
0.757518045949239,0.887473682945687,-1.49814639250127,-0.190018168815229,-0.847640618636318,1.25919820965952,1.33380194213502,0.973599951388023,1.64821042727288,-0.428493039946616,5.69247568126676
1.01875477730452,-0.970688148634978,0.169915089388649,0.64079609541576,-0.349022140207752,-1.37322743587038,-1.16291555139116,-0.163829435897072,1.21294483838629,-0.38579537765886,0.292480886600166
1.604581859001,-0.105840437803725,0.00768722172490157,0.512733732470584,0.747284987801093,-0.435109557990573,0.0220848762515435,1.34926313439136,1.14267122153774,0.984104651749355,6.74157192684063
0.367199441936581,-1.07520159620494,-1.92989129549258,-1.74398947330367,-1.0441039374778,-0.943470412984753,-0.338337542848526,-1.52919729591109,-0.37768903052091,0.432274562387715,-10.8894497466038
1.36415470008486,-0.686972113892492,0.720333305074368,0.821142874527213,0.0321882341738151,1.01918876220266,0.142615073848401,-0.0968638829326823,1.17357707899226,-0.0930479663216057,6.73437861541005
-0.971614796327391,-1.19957829381991,1.08284776685107,1.487894091259,-0.779584688496514,-1.24640930671509,-1.08188816198344,-1.78993126760745,-0.0433367657087849,1.15016638867149,-0.146525347372658
-0.613375324032451,-1.28141084679092,-1.85326741180668,-2.66180430555223,-0.624413386367384,-1.46610972737688,-2.63175196063632,-0.65407837132773,-1.54665904012563,-0.483872373406317,-10.3509862599784
-1.38772231352065,0.666462415464343,-1.57503466260465,-0.537974815802347,-0.245682267589307,-1.17737976232977,0.547656150396132,-1.3640903674085,-1.01805104387298,-1.16806943661577,-6.92077700122157
0.583912631563996,0.744051611411784,-0.00144099919214841,0.784380760589552,0.90737063141323,0.308295707102346,0.698663669237569,0.786358907590142,-0.190711135879232,2.00547244290477,9.14268907068766
-0.362008025723614,0.7296814694817,0.105261717789879,-0.634359943408184,1.69134637852259,1.94560985434947,1.60448292516961,0.0804932367258287,0.256350631359237,-1.63512710488325,5.55383557725064
-1.14389113765788,-0.670873792560102,-1.29424914082094,-1.09673161200822,-2.28613937458256,-2.71203547743256,-0.548943677791712,-0.904615641482785,-0.561440636929209,-0.338224525376344,-7.21163240737841
0.92999157296875,-0.14624800295887,-0.530458506990235,1.24656255244968,0.00963373171421134,0.791805191282568,-0.347998025646221,-0.880708813798665,0.808376956999399,1.00630121341916,3.00144749879547
0.592235015764973,2.1279762598338,1.47715172383924,0.999725988862382,1.08312171596509,1.19047045202313,0.132582202656842,-0.61427243218337,0.689062258753194,2.09905302952482,11.1903616314209
2.16091696726514,0.285792290279092,-0.0200187033144173,1.33457785282799,1.30932916616069,1.78107292971148,1.05831099376091,0.465268741428314,-0.145254940784805,1.9937227892936,11.9093132165179
-0.304157264333649,-2.1428504930298,-0.547892682410642,-0.473721590321588,-0.944111116043064,0.100936701981362,-0.690583495688088,-0.725898840729494,0.188159014267755,-0.000300470680706332,-5.85743626271686
1.80374196507519,2.260562431447,-0.422092976730662,0.873183188906864,1.16662178346327,1.8266334409691,0.132582202656842,0.915340809187849,1.14844128990698,1.60823791394425,10.4840377114844
2.06216309095898,0.689221192020216,2.26123880490536,-0.00895991011655884,0.577280303292385,-0.37673584917184,1.84636581699573,0.0804932367258287,1.43121323848416,1.27837783482077,10.6692494715227
1.84067851386854,0.713941075324467,0.133859722784232,1.16088259790869,0.196199697025034,-0.0407457038998623,1.64571354526054,1.75329229882748,0.155731944029483,0.0357473100240425,7.51252376998245
-0.220741912814183,0.392828304631392,0.192016963025538,-0.739619121030172,1.04118201203439,-0.0141105987451348,-1.29469173435348,-0.734063907562532,-0.913768012349316,0.0873722220160427,-3.15057443589538
1.80374196507519,1.08623647099299,0.521688891350442,1.56577994421621,2.25038074917508,-0.0797335176347152,1.07174245620152,0.884184333679116,-0.0619292986137529,0.291223098993845,9.98249869549278
0.54157113902351,-0.560854279772599,-0.853852042538376,-0.216583257234604,-0.485128662108312,0.0475626868212655,0.111573395531809,0.677955575564134,1.56464660812026,0.0560090883361656,0.0887802838465044
1.46526648894119,0.982626774427538,-0.113964575657036,2.08735425041218,0.227182037236145,0.835798206177968,0.16133161441587,0.587904259194961,2.08863259125031,1.9937227892936,10.3160241848618
0.672520796909149,-0.481462189514411,1.31703239450177,1.25640767620218,0.185440285462904,0.861136248442128,-0.954148181113457,0.309456104554395,0.631741843417289,0.211257250365011,4.51583272624016
0.195034048065381,-0.327383975308866,-0.106584062061285,0.950030105648314,-0.118323915914221,-0.434830478630742,-0.501169324625903,1.430077435089,1.34107607156161,0.0582183558863703,2.43870416235043
0.672464675347129,1.43635290618205,0.790379893102815,-0.708989241950247,0.720960329649016,1.10746261944801,1.38435468429103,-0.414485234212952,-0.842903308663884,-0.148662693106667,3.9815895205797
1.29357318490671,-2.24053037824676,0.363356480739836,0.450070753470317,-0.847640618636318,-1.2185124302614,-1.37070385042009,-0.252382718442099,-1.05326321851742,0.370469545866001,-5.75624209564151
0.878212335120599,0.305579488086363,-0.466030386327709,2.39245356510547,0.206443843937911,-0.144019208432224,-0.0884234093061644,0.24034744475691,0.41987351738742,1.24249256936905,7.14303216554503
2.48309018011132,-1.05675174005694,1.10301148650289,0.586385880146572,1.87910123831232,-0.635546428831034,1.37171398396065,-0.589826514651686,0.597141311681172,1.27837783482077,7.75338016003484
0.217745103721639,0.975274856357321,1.13606299651473,-0.0740112745624855,1.28984382146897,0.955052855980176,0.0759123630198941,-1.48930667029142,-0.822998992721638,-0.404301094629471,3.71232177573452
-1.50985121725034,0.136178802706095,0.731438775683306,-0.943734171031858,1.38131800751825,0.324995544306769,-0.388819562233827,0.525835367095426,-0.46655490342715,-0.415231726269549,1.30381822016562
0.20719432816059,1.14677472460308,0.290329831791133,0.64906229158512,1.16190618739441,0.743316847463482,0.840495288860655,1.57346633636991,-0.0169580101703932,0.926391159736327,7.01458225437778
-0.296263752407729,-1.2850715834569,0.838634507159599,-1.25130754053967,0.160013971622938,0.867427664770048,-0.307613249861391,0.608689291737156,-1.06124668939439,0.608422388316203,-2.81294917041353
-0.423039734445234,0.159138217733673,1.21602703872492,0.160813934314994,-0.322251881168548,-0.775822410660109,-0.167818977941903,-0.0693139750397991,0.464943583081961,0.975837348055032,1.99446894333526
0.336029778921605,-1.603543099774,-1.51178185545952,-1.40945357769106,-0.84467020719221,0.0823871001181461,0.103603800645016,-1.77842826692327,-0.147355584955826,1.73597085697149,-4.93077702269338
0.214917371786825,0.384067084484824,0.387129291456547,-1.41025015176825,-0.00443585431679047,-0.126423015047764,-0.00112034365909734,0.410489817387569,0.335374888933132,0.508072155317766,3.10104717688499
0.676139006958204,1.43635290618205,1.12524708582067,0.0768349803735897,1.90681921090872,0.890651170114357,0.819443339234725,1.07608381094776,2.13488789885418,-1.98017406539548,10.0902162993241
-0.744986195837245,0.643864847572595,-0.85884932082251,-0.438466647270124,0.762541470636186,0.529062942950664,1.28270591713421,-1.06175446537763,0.0543435313628073,0.326871773205607,2.98018541258436
-0.295664383499164,-1.2850715834569,-0.419420431392355,0.174465956839046,-1.32506686037816,-2.12232276125457,0.0478107427670717,-1.16708293522134,-0.507954331794688,0.466338167801782,-2.30382466159149
1.80374196507519,2.260562431447,-0.422092976730662,0.0834976976963414,2.6258294993013,-0.742071978608266,0.819443339234725,2.61204978924599,1.14844128990698,0.704421515713241,11.1903616314209
-0.423039734445234,-1.48363464079071,-0.701632041746483,-0.393448479442451,-1.3080226767062,-0.61889950650484,0.0592592536032778,-2.11338322122889,-2.29052089249483,-0.338920895192762,-7.72929854097916
-2.0835223067847,0.161033997624069,-0.0502721592501777,0.127207584197411,-1.1650710258568,-0.431103439078024,0.256361699322376,-0.72896356858608,-0.880492254682366,-1.23230419476592,-4.81984357994389
0.672464675347129,-0.481462189514411,0.766638148872559,-0.91109420449059,1.11758549457264,-0.444539450806662,0.641218828875746,0.350042614860103,-1.12138421882563,-0.524134879112799,-0.67173274395346
1.18086846481441,1.35612348570394,0.0668264605622289,-1.98007137604807,1.35674803089086,0.308295707102346,-0.492113634447673,-0.0307676603333543,0.192526470225036,-1.08136715731343,1.17107200987163
1.26719169062425,0.949020154500717,-0.179172872737929,0.823955042444416,-1.22100946448399,-0.473530815313937,0.956754593167018,1.44403037167349,1.30470916485017,-0.782370656710477,5.9287725960578
0.152746756870753,1.27381232042842,1.21087112903528,0.794917024311948,0.210282532893832,0.234382321270136,-0.492113634447673,-0.715891359609103,-0.833089709940267,0.0985795972985199,2.64692620519345
-1.02877398240128,0.602750473539208,-0.483955138667556,-0.0179909418513275,0.109384129562453,-1.10295310897684,-0.311542057929781,-0.0875386896428436,0.0534899354548133,-0.16710643671486,-2.99238363724002
1.64669840877509,1.24644263263948,-1.50946075578205,2.01389668645556,0.196199697025034,2.16386248064385,-1.41371182299287,-0.0354822755735112,1.12568103858815,2.16801710167036,10.6606788117064
0.266047216478341,-0.0564532371181454,-0.354337192725962,-2.41109570160129,-0.638697060072094,-1.40487852868108,0.451609703280212,-2.53954529668927,0.502615692278265,-1.43062814193147,-6.87240099653701
-0.813977232084667,-0.105969375049486,-1.25648824804371,-1.151963902144,0.0621643982979524,-0.316318296811845,0.14454578136601,-0.41631049757206,-1.81050788206257,-1.16550947656242,-6.26057365979274
-0.0686575657511579,0.987035710842928,0.832023504370351,-0.648452195801055,0.975658278670522,-0.0856053417543461,-0.19336711938356,1.19064740423627,0.337606896688984,1.54742336942159,6.57686272566681
-1.92756924818036,-2.13134148841422,-0.1872613051994,-1.38906347044659,-0.703486196486718,-1.56921192244,-0.856870989619903,-2.20919465233722,-2.0947700123484,-0.447180999516824,-14.4532974813415
0.581575499624023,-0.57314284981067,1.82342771039505,0.0888961734542906,-2.01578312301362,-0.686275423363872,-0.813235327481683,-0.944120959841995,-0.0230247199436047,-0.477363034153683,-1.85331373599973
0.0603549218356932,-1.88000467424863,-1.85326741180668,0.58744770882918,-0.507960410218334,0.251771691137965,-1.80808545760111,-1.97015222242857,0.439615231188188,-0.818173654167157,-6.21291152745912
0.340657457605511,0.427339250213661,-0.779125385383219,-1.26516785852394,0.0936921892702576,0.165328157509271,0.832530967517763,-0.669239215474412,-0.768983553971226,-0.818173654167157,-1.85331373599973
0.563292432118886,-0.297571013268724,0.867853932970134,0.510436166855849,-0.294807660502668,-0.51535274948397,-0.512128414615764,0.171197483596839,0.359443786887139,-0.297500014398895,1.09281008932692
-0.326699626746026,-1.96778829112161,-1.37880912137299,-0.746398368484742,-2.28613937458256,-0.501569124096137,-1.04642921053326,0.776552141111978,-0.0433367657087849,-2.03929051174489,-8.44241243867407
-0.419671537031566,-1.13969002491592,-0.455078590730115,1.04589350202481,-0.401166854470042,0.234638203474783,0.0614210054971834,-0.645987223640077,-1.02187816428031,1.47177169063974,-0.139410579634026
0.664871388413347,0.69286028365997,-0.385277369774633,0.61765348777953,-0.70543656627425,0.462757392687565,-0.318218121109567,2.64170267771162,0.882009101661594,-0.416463047136202,5.73476095856074
0.878212335120599,0.305579488086363,1.71980103743761,0.423778167780888,0.42313346500005,0.141193959713774,0.876163968681061,-0.167524098595325,1.24143419454617,0.287004418534961,7.17830098433889
-1.34751319004627,-1.0213148634426,-0.676177815022787,-0.403645696515135,0.0621643982979524,-1.07365687975298,0.0145131102617603,-0.259420043636916,-0.332385407415047,1.41727235424552,-2.08334525438738
-0.400551138884792,0.139107440962674,0.704559944432086,1.34347518802433,-0.134574507856273,1.64226389441658,0.107322863673236,-0.0307676603333543,-1.67718508164344,1.63263780651549,3.9815895205797
0.602949395334602,0.2423286851344,1.42971165298437,0.508552523285821,-0.836722249271745,1.42546588158348,0.0173257979465228,1.16397381395491,0.234330491809271,-0.240459465273518,4.93834657965563
2.16734460907941,0.285792290279092,-0.282005938320903,0.626581929678027,0.968158844703674,1.47316376773004,2.18178694757624,0.800123389810482,0.880254429330587,0.623403412768124,10.6874282217358
0.648916894191861,-0.113317892506069,0.7420233339297,-0.215239110551913,0.156226272094958,0.354482469343635,0.306838178643233,0.973599951388023,0.790078416619092,1.00630121341916,5.52231108481492
0.332285770309418,1.21444086483471,0.942277436730884,-0.618558168862546,-0.280022856143892,0.810357946040643,0.177179162376736,1.37292876267948,0.967591770322116,-0.416463047136202,5.3150473538221
-2.37093561688471,0.298614594112238,-0.0886353926589206,-0.391071315721053,0.632583016134785,-0.119938474449101,0.0990083417974788,-0.383985260856905,-1.10020836600324,1.41727235424552,-3.49529839006381
0.126091905408365,-1.44865020229795,-0.800420824568727,-0.464794266973127,-1.06299883695523,-2.12232276125457,-1.06717607301979,-1.11769760759738,-1.12055444569961,-2.36837657214561,-12.6637164895239
0.362079227086656,-0.260792274951291,0.646734097826065,0.378508662898126,1.14687556163306,0.875659373237394,0.698663669237569,-0.594462833931305,1.92003670870499,0.14325431877257,8.1455535675978
0.232038390219213,0.269512759010844,0.368018707175479,-0.0147287901472345,-0.869170780758553,-0.995119428576116,-0.531516040986624,-0.440468376440882,0.827491891292186,0.617140088516064,1.33700448143311
-0.01941588766134,0.737360910860905,0.836793785902078,-0.465120201877814,0.00424026134230824,0.0860034911564258,-0.759807836365245,1.17420664644701,0.786216756394493,0.645172251084927,4.73180371308951
-0.832991869721143,-0.314210270340233,-0.870097210486698,-1.34554999089854,0.137739695318102,-0.775829964901921,-0.41062631036541,-1.78993126760745,-1.13846057653366,-1.38061041790939,-8.40989905383595
-1.34751319004627,-1.61672379769952,-0.236601003802596,-2.44253996703683,-1.6638349779145,-0.855960853819478,-1.61261192750669,-1.10995109222363,-1.83131893863565,-1.65333061321724,-14.2177414548715
1.64868739442229,1.24644263263948,1.48989011579455,-0.245824307116026,0.421841196306599,-1.71777177459865,2.2795784982596,-0.521205748807467,0.276480778139468,1.22309106487159,8.24159255993302
-0.832991869721143,-1.11276882999472,-0.926135501849705,0.935380626898905,-1.16121266707501,-1.68762701762432,-0.930738906176155,0.463132245176145,-0.481888270656838,-0.0358077960111222,-4.50343077249337
0.534631321739848,1.13133619241279,0.292377942598998,0.833129666439535,1.48158688523142,1.39638888505344,0.0590853841950121,1.19181480965563,-0.870631370736732,0.0592514884276421,5.81250040037087
0.859584429331217,1.22956835709187,1.07318184462133,0.0768349803735897,0.968158844703674,2.28807978234179,-1.03245127089884,0.504439038246964,-0.20784193156117,1.88518427620499,8.31687908754428
0.0123075778487171,-2.12335795827095,0.108523254307244,0.17340941030486,-0.774768718337484,1.19995197936184,0.170229041723082,-0.580624879098772,-1.16583137828879,-0.360075230779401,-1.9429190751229
0.340657457605511,-1.08786555078315,-0.810401385115778,-0.766822571823806,-0.657314605086888,-0.357028858614469,-0.0995968395573417,-0.0208028067987927,-0.594328865836938,0.284972283058303,-2.76384332679493
0.221579928941613,0.183862890822517,-0.19780716918597,-1.83941838609538,0.520482468932553,0.431436740970542,-0.499850362839476,-0.188695182842839,0.248107524129746,0.55665992575769,-1.15714218738464
-0.515859009492211,-0.268136211727737,1.56475090521485,-1.83941838609538,0.741715033853323,-2.09317515911507,0.00962916413796994,-0.942551858520158,-0.16187808296572,-0.690404591938099,-3.84772328662927
0.403638485613065,1.0791745850312,-0.658463201137925,-0.00640590512380705,2.12352857633885,-0.742102340125947,1.20240164660562,2.02394219859886,-0.439050140034489,0.00660013299167181,5.52231108481492
-1.36383189064771,-0.143317828503426,-0.800420824568727,1.52148609397324,0.404482372569044,-0.668616276860211,-0.31079030075626,-0.645569157680155,0.427493854505493,1.15626929393926,0.608094375288015
-0.810468507316129,1.88500236137651,-0.839679213776109,0.129016086424333,0.433079521215153,0.984609116681909,1.84006715966342,-0.0765106360692794,0.416372607575284,0.5509231411941,6.38002749297907
-0.304157264333649,0.118054593877923,2.45478726715145,0.821142874527213,0.133154921398339,1.64028526314115,-0.211238622860178,-0.434095104080052,-0.503606676988458,1.83493701834955,8.11086998704637
-0.01941588766134,0.737360910860905,-0.623512216274203,0.0186040606080433,-0.721435515017498,-0.833641361100534,-0.606532618466042,0.879789420839868,0.621313982599852,0.254100095211252,0.715117134901671
0.18508856185659,-1.05801093215968,-0.123980401808927,0.411461995215099,-1.58600697555469,-1.40487852868108,1.469781133769,-1.03534600008493,1.19256160239639,0.588241295816418,0.21590258778379
-0.744986195837245,-0.473423169791854,-1.77757591138658,-2.41978703697118,-0.703486196486718,-0.182381067571008,-0.351429527824143,1.68559750446339,0.516662847460522,-0.763821049251013,-5.30372436856496
-0.613375324032451,0.825302895109409,-0.0319796525220865,-0.581604260702069,-0.628596776560591,0.424319777496562,0.451852359867273,-0.430393953481137,0.113185299800163,0.923923521109006,-0.0624845188285459
0.0295489013608287,-0.22523376474062,-0.175215250438321,-0.59786977069021,0.972726281628957,0.217039272620636,-1.0379762441017,-0.575545555821458,-1.02789359944559,-1.82257769592679,-4.95511982740894
0.728261231575436,1.86679763300246,0.174421232087546,-0.708989241950247,-0.175800975333244,0.502753542097103,-0.799394154939775,0.367173146595674,0.806988683631808,0.625056217062744,3.35819671654521
2.25079456538506,-0.430652550182833,0.261893606566493,-1.23891245231705,0.746342104909045,1.32157447716984,-0.235542197094209,-1.16289239498679,-0.725633750750364,-0.635258435842467,0.44528396282471
-0.51983392346862,0.264186338688334,-0.0572396284121683,-0.446093329080533,0.552615457943313,-0.995119428576116,0.40467024291525,0.384917241641939,0.544923217240565,-0.26315839180572,1.9567662299796
-0.087980332627712,-0.602269442579767,1.56882174319305,-0.0492247423662462,-0.908653953437701,-1.55597437507087,-1.25648205725496,0.0976658544433069,1.10809109393467,0.66068264632382,0.441394574042873
-0.821206436582278,-0.175734472343807,-0.384733708745927,-1.71557941783637,-0.859493895588572,-2.48670359963245,-0.338337542848526,-0.377596569609435,-1.13846057653366,-0.739673716656095,-9.90203456155479
3.19066488624666,0.998207427944816,-0.422092976730662,0.644968567800045,0.577280303292385,-0.684942714754285,0.231757703751229,0.135738112061147,0.625502070237627,-0.369693509428658,5.52231108481492
0.432175791114021,-0.655784024688546,-1.73917558259597,0.412474644618557,0.25067806861238,-0.585806522974752,-0.0186433702726391,0.638022322996024,0.280152246692345,0.593256167434226,-1.37091544954778
-0.750200104556875,-0.473423169791854,-0.589437910373251,-0.464794266973127,0.766181487767107,-1.79452289577808,-0.5385671045149,-1.03534600008493,-2.24103450042559,-1.38061041790939,-5.87794276798774
-0.220741912814183,0.932126891019755,0.304342001086659,-1.43729903232824,0.196169392706776,-0.834009298598445,1.56531128853157,1.03583256170733,0.833346355334366,0.707661274491489,2.69050733872069
-0.364663108228094,-1.77948071608913,-1.23405480352317,-1.09673161200822,-0.835556175306709,0.946140555468976,-1.30505765984655,-0.040826847043193,-1.36883839093014,-1.82373849686814,-7.72929854097916
3.24474096378676,-0.129165650528953,1.48989011579455,1.45669843505258,0.590087075461622,0.642518348216282,0.81671542305816,0.118729568717179,0.565618153834898,0.177387490784012,12.1000692770075
0.767308285486561,1.02762138979922,-0.520863885152898,-0.419337309587689,0.715973887255049,1.21402722775546,0.0274505914778433,1.13844313983301,-0.14763104234683,0.5509231411941,3.9664456610055
0.600551867887125,0.190223527220765,1.00621514556546,-0.637031415102455,0.758033320089981,-1.02429311238919,-0.912614860260274,-0.58637545967034,-0.196211314406341,0.112648947539254,0.715117134901671
-0.589344233735782,-0.547508579209437,-0.989577892313471,0.0937734101626921,-0.517085649431458,1.06951725999791,-0.0186433702726391,0.135080955569385,0.583337782192738,0.813017014925263,2.15984776956113
1.26719169062425,1.13550561865567,0.628365060889935,0.940383331906189,-0.264534867673833,1.3108533835306,1.75134331469806,-1.42049769591871,-0.164735372535593,-1.63512710488325,2.82554182462604
0.524781538942908,0.930066943739688,0.859499447081384,0.00692123481948733,-0.414807694741014,1.94560985434947,-0.492113634447673,-0.604895919369607,1.72158775898575,0.939732076857753,6.77917679371436
2.10942806783963,0.398620945235465,0.628365060889935,0.368075407582347,0.620139786445413,0.581592535368732,2.08440021616506,0.211570804498653,0.552280093578713,1.5429711756425,11.1950306964924
2.15835380843957,0.211241560912496,0.79558939872275,1.20033312445778,1.26280405914704,1.19047045202313,0.368732498533705,0.850625414187829,0.519196442476954,0.296125060027077,8.56678103017212
-1.01397388935141,-0.600758514402226,-1.40659592837074,0.524687208279696,0.88922549087649,-1.62804003775901,-0.0346753673699507,0.0463795090035294,1.03740462981193,-1.64800638308282,-1.11337401662736
-0.884540422720197,-0.509494895461367,-1.74529574184512,-0.338314234906175,-1.05456016487794,-0.269106081538261,-0.440842287255801,0.590763267238011,-1.44517867882701,-0.91138729779675,-5.43823681669956
1.30715704121524,-2.24053037824676,1.69713249145553,-0.537023819723937,0.118136276570138,0.447038688949762,1.81309786314012,-0.259152234147492,0.642036451211778,-0.239212287635063,6.71657651026498
-0.415231950576604,1.05029858182807,-0.788669482253336,1.22741205748461,0.423396578459515,-0.919679941928618,-0.499850362839476,-0.620375046643026,-0.167929462279189,0.23198827071862,1.9567662299796
1.17600813058697,0.572525745725952,0.292377942598998,-0.0509908485653985,-1.16538087980092,-1.42922422286603,-1.2828622767486,-0.248029415876344,0.135172211314594,0.602586710921564,-0.435871506130404
-0.943912652305395,0.104319707352867,1.74347751360747,0.797956092171171,1.64034698706051,0.211402852871764,2.2795784982596,-0.254148817630768,1.24143419454617,1.27837783482077,6.58992376376482
-0.864100239977748,0.234181822496616,-0.0894560328432766,-0.394611210833976,0.216838528423564,0.126241716743306,0.0626420481125312,-0.10116968490454,-0.308503129650765,1.15016638867149,1.04739571272644
1.22159571816818,1.10803208764421,0.699842477021492,1.47187891162098,1.16662178346327,-0.245290693122985,-0.454406718119097,0.389836454289206,-0.190711135879232,-0.369693509428658,6.55535138072644
-1.14888323343177,-0.599208579643282,-0.976385738528347,-0.4138126021132,-0.638697060072094,-0.971874136640563,0.14022420387685,0.590763267238011,-1.09649264949778,-1.20263438427235,-5.00661512316878
0.627185783702785,-0.224900401477519,1.05607060318328,1.47409861881554,0.42313346500005,1.32058661594393,-0.100092531645245,-0.626191693438882,0.77397162601586,1.17352191447934,5.49042965324596
-0.687049538133595,0.0538745011184211,-1.09384037487373,-0.633160318356588,-1.60273279794982,-1.1052559426637,-1.75621957778793,-0.806759286142569,-0.147355584955826,0.117748371746594,-6.99174493057239
-0.942049326640625,0.865692919460521,2.0344904272358,0.0515246409400563,1.31261316111669,-0.827457939416178,-0.452580610958527,0.955971416929883,1.71384642407995,1.83493701834955,6.84024248327148
0.619920365302697,0.553362007191429,-0.16906550886525,1.0837186078746,1.62934700085799,0.426911095690776,-0.100092531645245,1.67975499454044,-2.469075361127,0.0560090883361656,3.54633524916446
-1.0514664002773,1.09512715548092,-0.354337192725962,0.49150673177051,-0.308999171777254,0.156773733154809,-0.603883406844342,1.19467896653063,0.939808134761861,0.414341514686999,2.33055493463669
0.508583776824485,0.0128437579296924,-1.14977495323718,0.450070753470317,0.356200385426664,1.41781335488002,-0.759807836365245,1.21352561729545,0.603607809433453,0.212757438455122,4.93809134596664
-0.853509247093586,0.687464581619314,1.82342771039505,1.30388605274221,-0.0782671678955029,0.810357946040643,-0.226606503743603,0.539482680219361,0.0499132162621251,0.65834196024982,5.36530318500223
0.18508856185659,-1.05801093215968,-1.5376146118679,0.306251212138369,-0.262984334961288,-0.966377125011038,0.285483046233355,-0.0208028067987927,-0.990075976425687,-2.37920470733755,-6.45937519715196
1.0661771429662,0.510133923904297,0.0518178936861477,-1.01446051896292,0.0156413215618426,0.128347766465841,0.682066506286533,1.31505085702765,0.569356866068412,0.8968796922412,4.31101255354241
-1.1510727865278,0.565110171411224,-0.161547514633644,0.244027912305216,-0.725495052912278,-0.814886137307912,-1.15106478639228,0.799890277165955,0.523388588330505,-0.818173654167157,-1.76998632886942
-0.390741973171189,-1.24473173056126,-1.14639155040052,0.13384817243071,-1.60273279794982,-0.269106081538261,-0.440842287255801,0.178094252085932,0.487665908151575,-0.312781360934738,-2.51313052927802
-0.37534549752609,0.0749026645492596,1.09911342684674,0.146176802815754,-0.171629881160516,-0.501399813040967,-0.499850362839476,0.754914517557463,-0.469080079618894,-0.727576819663165,-1.8360403536136
-0.838053286119524,-0.314210270340233,-0.989577892313471,-0.357191640066503,-1.91169269624581,0.100936701981362,-0.624365356768271,0.992557933875976,-0.367373153812435,0.366840424071975,-3.5509857497301
1.0914820865955,-0.377273801965167,-1.75307391609068,0.606248001020551,-1.72095344527054,-0.816956109385377,-0.41062631036541,0.298055765601352,-0.768983553971226,-0.804238643464597,-0.69866107797355
1.80361228805612,1.53901077998496,-0.926762036947107,0.990209138120862,2.19146212138865,-0.28896739217861,1.84636581699573,1.07608381094776,1.86782247019406,1.24732012673318,11.760331229482
-0.853509247093586,-1.15387645845386,-0.170232078967111,-1.79087478639813,-1.44414943966096,-0.848391418932611,-0.595916610787079,-1.01203250099614,0.447230914108714,-0.187199177681384,-4.16568824574981
0.229773844251579,0.898414226210169,-0.346044161446812,-2.14579914458499,-0.829029877855894,-0.922003668337415,-1.12308540528534,-0.126480852195394,0.33191234636984,-0.543592832937341,-5.6176603199838
1.22159571816818,-0.624987759601651,-0.101817621099488,-0.0239019146223737,1.46191683228061,-0.0509383323063119,0.886148049247607,1.78064890980332,0.839020661907635,-0.43069164588874,4.08309439698226
-3.07682478793427,0.121927637727995,-2.5535398967906,-2.20380390863856,-0.424823749971161,-0.164079861156317,-0.516201926543382,1.45188022232669,-0.907459761984047,-2.25361182062125,-8.40130694659198
0.261363817544601,1.44774677578826,0.79385024918862,-0.317605212511688,0.5463923839097,0.226546128077686,-1.05550036568351,0.449384321192247,0.335590546638509,0.801334318152297,3.07474557573134
0.587986736019253,2.1279762598338,0.769100388744936,0.0588337501969912,-0.239301279178626,0.408206669906657,-0.305678277623488,-0.0307676603333543,0.681263451474374,0.8968796922412,7.57285503180049
-0.602140951896514,-0.342388019046171,0.0549315316975948,-0.477635678375811,-1.0755659198425,-0.330190310637777,-0.357959973507541,0.850866699862824,-1.49109806723873,-1.421567704315,-3.80432267811764
-0.350328926335911,0.455877026102946,0.284538477498353,0.193821724935142,-0.862658538709139,0.644807131055692,-0.167818977941903,-0.390422326182434,-0.794826099439242,-1.30410166085899,-0.448500554299723
-1.27031642354043,-0.732793885525643,-0.562285537086693,-0.363652128299489,-1.05258560762472,-0.943470412984753,-0.927895765884505,-0.693615061876599,-1.26864922630048,-0.455694120526631,-5.85116490620147
-2.48435591478585,-0.780860238727711,0.586576795202257,-2.66180430555223,-1.6638349779145,-1.81149725950726,-0.179036336149216,-1.39574921942242,-2.26643800476929,-1.67185764745051,-12.4885711788605
-0.613375324032451,-1.28141084679092,0.794453690593844,-1.03574000212764,-1.91169269624581,-1.39796640324604,-0.546382346029378,-0.404355460325839,-0.386771656852824,-1.43062814193147,-7.43276684210974
0.745239194538624,0.280182328002274,0.69932693422114,1.42505091014506,1.31292802591746,2.28807978234179,0.751593422030443,0.884184333679116,-0.0619292986137529,-0.308389524613032,8.27911114261609
0.326421420726461,-2.69762045205097,-0.952913421117627,-0.167849620676564,0.00783133709915331,-0.438633657367412,-1.80808545760111,0.143325969541605,-0.466373938025371,-0.0194794178056145,-4.17840402154779
-3.07682478793427,0.121927637727995,-2.5535398967906,-1.40058500312746,-0.624413386367384,-0.855960853819478,-1.47295954708738,-0.819080922835167,0.0694009544403279,-0.895396066522675,-11.8575395560376
1.4513432441087,0.42456681706522,-0.520863885152898,-0.222580214817627,1.33311346069755,1.33039853309246,1.00193918467269,0.0658642916535214,0.639926554339928,1.21525405834514,8.89266428506457
-0.422294138553558,-1.48363464079071,-0.926135501849705,-0.737115148615702,-0.915812616407546,-0.269106081538261,-0.921800230225483,-2.03796016363633,-1.14795538977831,-1.3035099707222,-8.73455922607548
1.37532856169814,-0.935511523052474,-2.88908526874882,-1.03574000212764,1.22438865414924,-0.238916597603525,-0.615605266293703,-0.259179028651142,-0.121708014823458,-1.44906476598727,-4.42481192927907
0.949420898355644,0.0842589270195829,-0.0542943906513646,0.674979989702237,0.65646308521921,0.329169953961423,-1.0650742605174,0.34262108306745,-0.0561149493413918,0.0978358944379436,0.700530719203992
1.2294448985774,1.10803208764421,-0.282005938320903,0.0384006871214494,-0.0778863673431833,0.879397682178297,1.59953730374882,-0.501366336219335,-0.806833695589302,-0.519789101861538,2.60623596642241
-0.396095721823349,0.139107440962674,0.635415275361248,0.129016086424333,1.90076724616763,1.92143455217901,-0.0621645242060901,0.0424705555860687,0.723930185908883,-0.239212287635063,6.15309114354938
1.82014595484663,0.446392083934648,0.848612807589368,-0.419544797496332,2.14443347994932,-0.37673584917184,1.43229919439176,0.662283748233584,0.905167769747272,0.817633028334722,8.57814173164607
-1.11567118822672,-1.46550670292258,1.01410190339958,0.0937734101626921,0.204511144998813,-0.139643103705791,0.02064192253392,-0.645569157680155,-0.476485968394073,-1.1194425090872,-1.27769218627342
-0.291693719423336,0.015330733154913,-0.213575179655958,-0.670855130973069,0.509743397489545,-0.132024827407596,0.901175395413881,0.568907778986009,0.520477454171216,-0.44529436729348,2.98018541258436
0.0594845945625811,0.186296865772512,-0.278805049755648,0.0548912785014902,0.447715130348885,0.484798509118863,0.664110550370119,-0.743006246026981,-0.515522815764644,-0.13006480476625,0.375171113787806
-1.40755057937522,0.666462415464343,-1.71569358911533,1.52148609397324,-0.492028095329461,-0.814886137307912,0.196961840646969,-0.246722497812927,-0.0912048735685639,-1.85896167859246,-2.46857829681327
0.145400593072463,-0.661459884493781,-0.883666029435949,-0.0218003818198902,0.311791942585732,0.86008184408486,-0.304983711330421,-1.34169865212449,-1.38245587450299,0.428752314763735,-1.63914553768328
0.631915197291862,0.320735917462786,0.347070105627975,-0.567021457216878,1.61147869818779,0.707362414282146,-0.119284278707265,0.0635545456405793,-0.0561149493413918,1.16847417492897,6.81047291637301
-1.54370169981516,-0.637259190468973,-1.41599560743274,0.732725635104467,0.491975288517074,-1.31272438002149,1.469781133769,2.17413357545896,-0.123536672565133,1.34828956479192,0.894830908825964
0.581575499624023,0.720011259607938,0.537128175326938,1.25651430554709,-0.590780951135499,0.875659373237394,1.05882118036961,0.707196418922581,2.69206759028031,1.27837783482077,12.1000692770075
0.221579928941613,0.183862890822517,-0.523609331501016,0.0548912785014902,0.120282047870077,0.663860445960522,0.273112237474223,1.90677113918627,0.547644400531037,0.71168900226043,5.68768799774465
-0.823282435358509,-0.175734472343807,-1.5376146118679,-0.684685730157324,-1.2160340384103,0.5339598185236,-0.722644992389337,-0.641264148982899,-0.156754075693825,-1.40593521190482,-5.80398702675587
0.498312514642667,-0.621523118968066,-0.41662128451549,0.570024829906013,-1.60000046276284,-0.591128134165793,-0.148734434153328,-0.41631049757206,0.074140363623177,0.630163736719823,-1.2473119962001
0.412482371743948,-1.37398466504146,-1.48739803347994,-0.228994131454986,-0.544700420960635,-0.943564101297824,-0.303399426242383,-0.040826847043193,-1.60742086453756,-0.980241735362257,-5.80021187876981
-0.210069978635627,-0.767173266469627,-0.164666825950559,1.73544531460008,0.305050804785328,-0.434830478630742,0.481296986409677,0.511056719145415,-0.193770589181688,0.212757438455122,-0.372396113372427
0.577866342949762,-0.922916704859021,-0.135352675004748,0.761318315866377,0.693914034506714,-1.42922422286603,-1.15319059223606,0.638022322996024,0.335336766603221,0.146639689092419,-0.802145774316762
1.33099195308641,0.211124415949959,0.859499447081384,0.10002910306559,0.951468982973707,-0.10011168395294,-0.235542197094209,0.17143302056225,0.71962764051013,-0.371005453503184,2.82554182462604
0.412482371743948,1.64983547009844,0.790379893102815,2.08735425041218,1.33281517967976,0.541452213961177,1.54318585073893,1.38724089852114,0.93092400933118,1.46912110144634,13.5433459952543
-0.665155136578624,-0.685416352688001,0.00713479418588458,1.72642207263182,0.754304533507822,0.145281406443303,0.17403432972708,-0.62055162639804,0.264597192412963,0.393940415605712,0.708285858941651
-0.160208284921794,0.251261423329834,1.31703239450177,-0.265955704120812,1.16952533534346,1.80089581527117,1.00193918467269,-0.414485234212952,0.892738074868826,0.0357473100240425,5.24558514188657
0.676139006958204,1.43635290618205,2.32734306258027,0.873183188906864,1.08312171596509,1.2151444008168,1.07174245620152,-0.345356487762188,2.08863259125031,0.849566545497523,12.6899110756691
-0.0686575657511579,0.0618841448500816,1.3074462324578,-0.91109420449059,1.16844339156308,0.308531291330931,0.579483516437391,0.24034744475691,0.268060192217787,1.24835229899725,5.40772197860491
-0.477268669519158,-0.123616498728183,-1.57503466260465,-0.228994131454986,1.0741315913596,-2.43235427858214,0.186161767901585,0.351176309606232,0.207160148002091,-1.41768300768563,-0.97853933446979
-0.210069978635627,0.265554584788502,-0.465313041181486,-0.218947941836509,0.221547218981509,-0.441754199060565,0.55133782666638,0.63464472656976,0.520477454171216,0.975837348055032,1.74603490118826
-0.973396488043136,0.292819243691552,-1.71569358911533,0.146623868862034,-1.62911033331933,-2.48670359963245,-1.34014233520354,0.0113558296453659,-0.507954331794688,1.52287419603664,-5.00661512316878
0.172285909433779,0.25728681562869,0.105261717789879,-1.9403798079516,-0.140751046813752,0.126241716743306,-0.186078062965641,-0.259179028651142,0.969176577177704,0.0546790651722702,-1.97067222214986
-0.291693719423336,-1.2850715834569,-0.419420431392355,-1.32242523898979,-1.36040824211696,-1.35361616247496,-0.0684166552109243,-2.52633246895575,1.45505112638199,-1.83335544310405,-6.25764460849855
0.15586679653916,-0.468591408911577,0.0275016552617778,0.450070753470317,0.380511579792832,1.30332291381873,-0.679726177112599,-2.03441157258669,-0.846777233789636,0.993969113729047,2.43402541638788
-0.729892894000279,-1.79752100278902,0.634744904912561,-0.357191640066503,-0.657314605086888,-1.68762701762432,-2.14436167643403,0.367931034843443,0.576744348203659,0.0755176547529503,-3.80432267811764
0.178697966636423,-0.385919436945038,-1.3369457023029,0.384543471557285,0.689487589340158,-0.110991167022651,-1.84716741285296,-0.0546965121504285,-0.990075976425687,-0.600607401124689,-5.75624209564151
-0.853509247093586,-1.15387645845386,-0.170232078967111,-1.79087478639813,-1.44414943966096,-0.848391418932611,-0.595916610787079,-1.01203250099614,-1.55445718711644,1.0246066717103,-7.75846516001462
1.42389308516884,-0.748849040125666,-1.61727562484762,1.41448415392918,1.14687556163306,1.90323517618355,0.897662877769409,1.34380946352206,0.151163804218233,1.19972805600948,7.97844965662512
0.326421420726461,-0.567448813860414,-0.0119299365592708,-0.741195822331887,0.281785575534899,0.431436740970542,-0.832078457955898,0.13880141973994,0.0932424659650767,-1.1194425090872,-1.33508343880704
-0.832991869721143,-0.314210270340233,-0.989577892313471,1.59206704350422,0.120282047870077,1.51316974686596,1.33380194213502,1.6156389955309,-0.777786174309575,0.993645676236476,6.27692731706476
0.582232319930167,-0.57314284981067,1.82342771039505,1.61134930596012,-0.22916994565072,1.34941639871968,0.599291523240214,-1.09794919064018,1.92350042395353,0.623403412768124,12.371378844091
-0.973396488043136,-1.19957829381991,-1.01370044356252,-0.258384539205662,-1.05456016487794,-1.11046881836957,-0.0684166552109243,-1.35288646979217,-1.66393365569183,-1.51858867185132,-8.73455922607548
1.27209769887484,1.13550561865567,-0.113964575657036,0.725723767745159,0.42313346500005,0.773528675419922,0.559682602384965,-0.323017979131981,0.581133897497417,0.982901487646638,8.55074442817988
0.937587291266439,1.11395357597487,0.865788955882893,0.729788334455496,1.0168142488858,0.784544739984849,0.0590853841950121,-1.21055850550299,-1.66254650297106,0.992164232797082,7.55303183713905
0.365092238749388,-0.126478170409451,-0.537473612963755,-0.116623755663257,0.172218915005572,-0.0217405450825455,-0.778605330693202,-0.430393953481137,0.534060227869884,-1.08136715731343,-0.789853590381238
-0.293481811169676,1.39304463658681,0.267901806967436,1.76235190217615,0.506925939113199,0.550220758812659,-0.836912250511869,1.07822864459898,0.819906401851754,0.851881309145258,6.8689042881768
0.797574878979434,0.607709783358608,0.00169748649867441,1.61134930596012,1.19371167350128,1.53966276126775,1.67918543282697,-0.70501782933505,0.882009101661594,1.9937227892936,10.2799644784799
0.842085444891949,-0.485409242360924,-1.67451717625013,-2.10389329121961,0.163438979756784,0.5953829880132,-1.3981858733481,-1.42965555712913,-0.386771656852824,-1.20263438427235,-5.62767249410843
-2.42696259032704,-1.70670399132211,-0.149669759392582,-1.25638423833457,-0.703486196486718,-2.3523495703252,-1.47295954708738,-0.914004979881622,-1.54665904012563,-0.338224525376344,-8.8786614341386
-0.293481811169676,1.39304463658681,0.267901806967436,1.2480759664192,0.32384575440073,-0.00392913036212644,0.107322863673236,-0.425721166196645,0.968182082352495,0.501018735111021,4.51583272624016
1.604581859001,-0.0016449606567379,-0.682875115592251,0.610328846666075,-0.240266362927855,-1.39973667301425,0.538225332588444,1.24955711954233,1.72158775898575,0.393940415605712,5.55383557725064
-0.087980332627712,-0.22778037876135,1.12434942813861,1.19579224495374,0.501319531668907,0.180762081251592,-0.358928699594952,1.19064740423627,-1.67718508164344,-0.158888135444676,2.10982669581519
0.364945693325476,-0.034557242505808,-0.190072808505747,1.14564060758526,0.629258848429789,-0.0333843657212576,-0.679149396754198,0.423685753069997,0.625713332928777,0.501018735111021,4.73156654565954
-0.943912652305395,-1.28831667766005,0.108523254307244,0.329712730695619,-0.774768718337484,1.57279867974156,1.66008451257331,-0.58637545967034,-0.0174692103073327,-0.442650323623735,-0.545492899460453
-0.147721952637614,1.08316983234481,-0.496051342271882,1.90276089141763,1.35609321752805,1.237253229185,1.00193918467269,-1.42049769591871,0.479053200251743,0.278732068722713,6.81065410202129
-0.257878292255632,0.010790153367989,1.21602703872492,-1.06954592078731,1.00198675723653,1.41781335488002,0.348778528800113,-0.0765106360692794,-0.311546302499168,0.8289260431978,3.54633524916446
1.15520132114979,0.0272611268971296,0.0593563160968552,-0.705481071877656,-1.0522708582683,1.25919820965952,-0.347598398248968,1.11572986073815,1.47728174178065,0.574841657630416,7.08449771035895
-0.690960590357172,0.0538745011184211,1.05414364599978,-0.581604260702069,-0.411907457968337,0.288320893101805,-0.304983711330421,1.2601442949855,-1.28886187661538,-0.153892222828134,0.154485236348172
-0.602140951896514,-0.342388019046171,0.300059655618119,-0.56176574170624,-0.327856074217754,-1.78633527086687,0.0924542716798033,-1.42621713340588,-0.466887044587612,-0.0358077960111222,-1.99577035103845
0.123899169688989,-2.12774392831668,-1.58017470238596,0.508584491113734,0.336122500491048,-1.16744068312421,0.438721312576705,0.0463795090035294,-1.34733883951178,1.00735275182909,-3.67364894398184
-0.685527148548624,0.830695947398846,0.161483331168001,-0.372885618050114,0.46254571625335,1.63581685726585,0.443317766376763,-0.112950218850619,0.148870221381029,0.152609337504025,4.65749284002034
-0.602140951896514,-0.0186018881854459,-1.57503466260465,-1.30470016687928,0.163438979756784,-0.0553573469699638,-0.120503208985257,-0.455987702294889,-0.481888270656838,-0.0561458814988255,-3.49728043513728
