"X1","X2","X3","X4","X5","X6","X7","X8","X9","X10","y"
-0.58779995132044,-0.435003136811479,0.369567436051056,0.0221360674454522,-0.49510518714431,-1.42994068556891,0.172454024050112,-0.508933476658086,0.0424790740246728,-0.540291089854224,-1.41406711437862
0.0608678049029384,-1.01938841021451,-2.05551453788391,-1.77797932780058,-2.53955552356627,-0.19518223141836,-2.64068460217485,-1.40228740279665,-2.36942237716828,-0.815779565694325,-10.9832955934916
2.23362448302357,1.95372696943259,0.740556923217972,1.9651040673412,2.41733571397714,1.90250032453443,1.39554939706665,0.609457228015323,1.54562893541355,0.764826834508946,17.0421745918324
-1.66697060464745,-2.14127504074481,-2.417312648376,-1.91867881629711,-1.96626868978674,-1.14348274867014,-2.62167224615442,-2.01563953124582,-2.04744634274964,-1.4051378176895,-17.2675799776891
1.03272688282362,2.04589184953862,1.19594331685518,0.957954013235117,0.742717094363777,0.815014948291377,1.05329212142582,0.167265313898352,0.772334175915718,0.362317331345953,11.4638133477969
-0.574635019364625,-0.343247867020367,-1.76471731592789,-0.446525530763059,-1.22340231945709,-0.373371240009074,-1.83367215990795,-1.62503950308331,-1.00092407762853,-1.00901322146856,-6.37758266921732
-1.57055651574615,-0.681613783810111,-1.27525614237819,-1.65342252220543,-1.33560586406977,-2.50102385266135,-1.60352250440604,-0.642499473342474,-2.36942237716828,-1.4914236886892,-14.9139942254515
-0.89766880530847,-0.0112019292375865,-1.76471731592789,-1.4732886136356,-1.97619986192772,-1.37588345402053,-0.747750920371281,-1.11541731960295,-1.13089659490812,-0.700165623270733,-9.98317531700465
0.908963420030999,0.348194699821665,-2.26056250895374,-0.614715699500186,-0.0376863167663766,-0.237313485852761,0.520923797951164,0.393388029647407,0.250438987343724,0.232057345204559,1.12376151754185
-0.955319172010425,0.0234079093594976,-0.987599169915899,-0.167767230288352,-0.283145449800987,0.206048491559044,-0.292863121118745,-0.812302680022726,-1.85229143223078,-1.86544288079178,-5.90618869016601
-0.175386087997578,-1.1857822376386,0.637957247479783,-0.470576646364455,-0.335163150405015,-0.260646773932027,-1.1375922378564,-0.228816812663516,-0.458911826628914,-0.134096749811764,-1.5783865564717
-1.95089371642177,-1.07447378904235,0.270625793900011,0.146198966955561,-2.12063457209391,-0.20004715585735,-1.93964889502773,-0.491099164577151,-2.06633609373773,-1.00563388107955,-8.39229056265079
-1.10936696368632,-0.838530095411432,0.316998874177022,-0.442527007946409,-0.516525762241147,-0.111535667005271,-0.808012580978968,0.677591696023757,0.252963953327847,0.630093251968083,-2.57801766132044
0.511714735243873,1.09803810531374,0.81363914213696,1.17877219452229,1.43434870193574,1.2258283409563,0.891627833611811,1.64778540223439,0.795087947969406,0.362317331345953,9.71287374716401
0.203694123914195,-0.0454286979039456,1.14249063633814,1.1143712123352,0.3307749045413,-0.303981052737866,0.110405685475668,0.0117102710588477,0.67375594808606,0.805415718566044,4.12229445909343
1.07080879696104,1.03124527529726,1.91037749333414,0.813018994421717,0.40243218111975,1.4214304454688,2.28311837571506,1.97071490492788,0.580051274016459,1.14724125591586,12.7557018486946
-1.02442327745582,-0.281520860873862,-0.639723970768332,-0.289247700692772,-0.932173641350647,-1.57013009623464,-1.33470559719238,-0.730880144645402,-0.621696167367635,-1.10628210650683,-10.6233367666213
-1.01752209157972,-1.73618991016521,-1.19402070641616,-0.759469093055777,-0.903912515005517,-1.78195569863944,0.0417865302199172,-0.946118074599365,-0.539184365832355,-2.10703978169856,-11.0661148562488
-1.1297590947544,-0.0386073837174509,-1.15013958170071,-0.703163956844487,-1.43481608382483,-1.12876391995315,-1.04878328661945,-0.491099164577151,-0.935718468889348,-0.280381536187055,-6.49570999380798
0.166981043830601,0.467229266729892,-0.222953608732869,-0.432960856816031,1.4951438018111,-0.355633472066058,-0.181255228964458,-0.842662826559972,-0.191392117170605,-0.0620651733833133,-0.114023958734198
-0.237375434003279,-1.73371725657966,-0.898939023381024,-1.15973196148276,-1.67123811965213,-1.13860627889864,-0.652094319385233,-1.5422362709497,-0.756528680404942,-2.85427832276267,-12.0713065766787
0.896094173070557,0.581622778278556,0.229597210988332,0.220604054435079,0.457025545670284,1.11407628566499,1.14207593132456,0.144647979280876,1.11174486794314,0.281468450503242,6.1284512703376
-2.66895345876692,-1.25739758080024,-1.32949579003601,-1.88519636115327,-1.91166001448349,-2.22376775359569,-1.1600255529987,-1.64412754298966,-2.39204135896674,-1.65170180636613,-17.2672966038204
0.712608927440567,0.622997512877337,1.39423310512894,1.67559079507386,0.0259709590479999,0.206849111026278,-0.273426184024074,0.231069884300532,0.586785101710928,1.10743822477446,7.46993205605678
0.621119374158611,-0.277937773042374,0.742700052933548,0.614233690957897,0.90846259586684,1.31431572884363,0.491624723131805,1.02010572225375,1.11174486794314,0.141777627764249,7.59084893289814
-0.0553812480113713,1.01798214685214,-0.0677246402899422,-1.02546534184753,0.337536532114187,0.647824443865806,-0.163273857819074,-0.0295801314196142,-1.47900868586531,1.50756289516837,0.278561325501588
-0.671019548553163,-0.32956314261441,-0.788887544728564,0.340618181468694,0.0343568683817347,1.30385311139761,0.558887086325338,0.81482337292555,0.645624590528137,0.238632740501715,2.4044462040965
0.805002319671303,-0.445192873044422,0.248388572932643,0.922511745815931,1.50672085680091,1.40906918881232,-0.19244697510635,0.267122881187514,1.37108603087421,1.48051737124143,7.85881039893012
-0.306102437121138,-0.449930076489373,-0.228986274735243,0.321151063979156,-1.44354459303428,-0.810439935617505,0.156989417492072,0.208207883334575,-0.520052942300908,0.285591211574396,-2.72305056693771
1.04121047763331,-0.00551936008057692,-0.0625196203234304,0.197311107869989,0.112307798368208,0.422670249044978,0.111637695946216,-0.14752094169282,-0.243165469088516,0.69324441324799,0.723828728881762
0.130281796447176,-0.331636108561206,0.46620367412306,-1.17118597011202,-1.15872735958154,-0.742892446171835,-0.0862266002527702,0.0880365702672141,-0.405241932683934,-0.614768552502188,-1.67365749387485
0.0120169337252874,0.0585379503671926,0.380180337151978,-1.19779052311027,-0.894188225299386,0.47917571599854,-0.225334680647877,-0.0984147029848974,-0.0711145588543893,1.16542869213108,-1.24155662740511
-0.341082339894388,-0.05842820559614,-0.700727881660507,0.2119835792554,-0.00693518994933498,-0.957973097028877,-0.215041003113787,0.499838137988618,-0.143211432099107,-0.0747400292517494,-0.121479821663936
1.57589868364553,1.33925239909105,3.0445563934962,1.11956450907238,1.73133153100454,1.18614983934432,1.69028600724144,2.93961312616867,1.77934042480409,2.71247702366704,20.6873467844868
0.208456126070189,-0.300779452819644,-0.39882253578894,0.405026506948897,1.20248067675495,0.17926251594757,0.708070710448141,-0.0619030939888063,0.410970563748019,-0.277532227029848,1.52520120706823
0.673802524696237,-0.239102592285392,0.0723209201633734,0.213066517485719,0.800637575092317,0.144531008040299,0.206310081151701,-0.66662927582517,0.222721352036482,0.363445279794074,1.93331908262914
1.41312123569163,0.929041833897814,1.24200874875565,-0.15311160138263,0.986969726614452,0.098766281651296,-0.690622838900301,1.26814086023902,1.01005918412925,0.923481282127421,8.44667782559038
0.896094173070557,0.59509336484591,1.8304300512168,-0.881968505113024,-0.208632649783821,-0.0610285424919931,-0.234068123242561,-0.0826950653565877,-0.459132017722821,0.445476712994902,2.4044462040965
1.25670812923135,1.53292601584281,1.09623431885112,0.912561005289937,-0.027283276617244,-0.110368986623663,2.48841526120832,0.728076021607896,-0.0932959977362056,1.55779769326114,8.45605615246404
1.32667329248546,0.663846392348037,0.151896124172064,0.914678599070509,1.2351664295835,0.660926544890029,1.00456628891305,1.51544994076296,1.22793876764758,1.31710966038157,11.7665691732459
-0.425603027239084,-0.783684381838928,-0.49164812748151,-0.991410227241937,-0.184821362437318,-0.0226628511995367,0.0435686180546905,0.499838137988618,0.119827752991173,-0.0892154350400746,-2.39581666961642
0.336055434198187,0.0206306420643317,-0.758057866729999,-0.754020001052992,0.767523558379292,-0.0466555189463643,-1.59974650847724,-0.537907916271418,-0.23367871184028,-0.949234401165057,-1.67365749387485
-1.30715655190601,-1.07210215804825,-2.71659945758285,-0.57208318623164,-2.20784549563392,-0.841881109010254,-1.59819877639042,-2.91950909557607,-1.46199150390198,-1.47954938552631,-13.8781795786481
0.0645015593512231,0.60192529214568,0.812643944802813,0.356066430298035,0.311580727172892,1.12114554523935,0.434256945755644,1.26814086023902,-1.62800190892247,1.15909567609213,8.19627846954294
-0.218738201727378,1.22356834873404,-1.13623870414376,0.289000319094601,-1.3298824452162,-0.231518126227565,0.505320611812696,0.97698248019976,-0.660540010510085,-0.298870923905718,-0.405108965204779
-0.585952418673734,-0.304997219795148,-0.0307655385973687,0.311662651315271,-2.23826177221838,-1.03056267761542,-0.249675352140071,-0.902425497508132,-0.715948757882393,-0.354309257543822,-5.60507286167204
-1.96341691052408,-1.92903062595753,-1.32949579003601,-0.814515664705615,-1.54389433898315,-0.841881109010254,-1.58570124328975,-1.27081401015827,-1.21270314717298,-1.59555136235114,-15.8562921136603
-1.19866582467175,-1.99148712910792,-0.79329307740016,-1.56029917600915,-0.807512891307678,-0.404826414467764,-1.30707177204905,-0.352800335300563,-1.21774304381499,-1.724363430622,-10.5053867388119
0.445604972355314,-0.89440474929681,-1.41090071631136,-0.830209919814598,0.0809570172415767,-0.402883814020399,-0.647634603838502,-0.450042915526502,-0.383774971076929,-0.256973066373222,-3.9629661824335
-0.539682666540595,-2.15168964046534,-2.36150257785963,-2.24870966495984,-0.904807555138189,-0.420351771880675,-0.180788253981607,-0.935094216805599,-1.21270314717298,-1.78450480786767,-11.8955176257119
0.306945918513986,0.729840570684762,1.26348906974074,-0.815541531218699,0.356926237557027,0.732021848697032,-0.187414939667057,2.00903214845899,-0.504132891643987,0.906199001813041,4.61334605137609
-1.88519520650692,-1.90978452290457,-2.417312648376,-1.91867881629711,-0.807812527562027,-0.835895919525,-1.83268285350132,-0.600118110460705,-0.943209429000906,-2.20533719081058,-15.0345145411837
1.19273014726136,1.35441500936453,0.483457893080356,1.55745674495306,1.43648385620617,1.02701153316033,2.56211782039435,1.97071490492788,0.584824508142291,1.14724125591586,13.4288687796798
-1.20287189463308,-1.99148712910792,-2.02287100010339,-2.60251239139833,-1.91166001448349,-1.91479834277563,-1.99890191531334,-1.22004753981631,-2.75299319060455,-1.83077972774663,-18.1715361816141
-1.65732310878324,-0.731862423884448,-2.71659945758285,-1.26880175759284,-1.54389433898315,-1.05367431894639,-2.69079591374218,-1.63091227964097,-2.131353742782,-1.61875365516415,-16.5541137692083
-0.0990347384497085,-0.514409048081146,-0.418551104941144,1.72145460708878,-0.919853080914623,-0.344414952782726,-0.522997349742193,0.12492115947567,-0.88777006553523,-0.812141876384297,-2.72305056693771
1.27573610729641,0.228560636829595,1.16781046441698,0.799383483793533,2.09518777872325,1.0793158303416,0.696835756215573,0.361205590441791,1.03860617095341,2.02536613583947,14.1410995516771
-0.422062058766658,-1.23726862883058,-0.412390285168956,-0.81493981679965,-1.23895799981589,0.58294954569484,-1.68287191493211,-0.432243857410914,-0.531916809399023,-0.2675630398313,-6.00382811235064
1.34776464798345,0.191306439537046,-1.00825852567481,0.018399502958095,0.0544803226788414,-0.79248767341765,-0.152107583116106,0.140446908947793,0.167417208915016,-1.47650739374026,0.211627785145958
-0.923967224149577,-0.697917362394394,-0.737813302072482,-2.06466863299174,-0.349792801733353,-0.297373651281125,-0.365850143154973,0.294111128875417,-0.478420947671726,-0.0366691156659728,-7.03919661419401
-0.667116909796412,-0.496248884697477,0.0221556057782893,1.72145460708878,-0.90972590266721,0.208996030949704,0.571296406847769,1.05915155047588,-0.230800551996153,-0.647361251780988,3.33882768070714
-0.420268062362431,-0.12264173073197,-1.34858077156864,-1.10431481236019,-1.4721183927401,-0.491841192000181,-2.06061331075131,-2.22165610641193,-1.32094559571917,-0.700165623270733,-12.7020505033192
-0.734635633097575,-0.513956002118243,0.416520070341122,0.0525084088907291,0.38867124402256,-0.344414952782726,0.723557159906999,-0.000396239092534328,0.48663961378184,-0.0144516279582999,-0.568684982573986
1.03484827211481,2.04589184953862,1.01155872454494,0.930119975602209,2.12997119111773,1.23586529580829,1.47005490480715,2.19432654827728,1.76472514634964,1.01818239424574,16.6949064882149
-1.55324298359513,-0.822251005118691,-1.17958397194456,-0.533444528437484,-1.61646751984891,-1.38584426793726,-1.39993673523405,-1.28329948795358,-0.335304013882522,-0.555815212862553,-10.832681283748
-0.424454210226378,-0.12264173073197,-1.04878477226866,0.365105437771008,0.0981184894839171,-2.03596253275553,0.271823639688116,-0.123883625846553,0.321044588059223,-0.312166883946479,0.775554326038622
-1.33005151534725,-0.0755770556181036,-1.14659692290831,-1.03376087391622,-1.90352856063569,-0.743981954913986,-0.667651944137866,-1.31919102852131,-1.00092407762853,0.215172656419327,-8.88603276064499
0.355304968623366,0.114428670068747,0.140392925167514,1.82947099095834,1.42991288432461,1.1925360485765,0.363129549321172,0.814684834388317,0.942871330591396,0.993993670969373,8.750873411682
0.681116143049017,0.654320905954049,-0.367647194560524,1.51071469683252,0.247306613369373,-0.234989633345033,0.944953244053846,0.264034313254174,0.184035528785401,0.253618702472193,4.06846211538791
-1.14018667559804,0.895016077189704,0.813243911958083,1.10309651999265,-0.264870536211823,-0.974796942642547,0.486239013063784,0.0995345783227802,-0.798619797839221,-0.235443907871724,2.22305161478687
2.23362448302357,1.95372696943259,1.87880217286809,1.59711484207621,1.22628684155093,1.27790499715538,1.90032879730886,2.93961312616867,1.33262458701763,2.71247702366704,20.1792584761372
1.41592580399026,-0.0552944762950453,0.316742741103764,0.152169174011559,-0.0321997984399814,0.352418124237874,0.206310081151701,-1.08442128155865,0.245630881434789,0.746173950714741,3.59524345831109
-0.568146033981154,-0.609036892280788,0.438181105179064,-0.727239413590189,-0.501422198196957,-0.392799329739525,-0.622526300342074,-0.402818664665788,-0.936335072599473,-0.122612907836831,-4.05239041758536
0.719544902602407,0.547257094877582,1.30722032278065,1.52982998540776,1.32114332042507,0.188204650471511,0.0491148125344225,1.28551792010507,1.25854640029692,0.348155601749839,9.31732226744716
-0.894940409582604,-1.31676658487301,-0.46193732354251,-0.262764994091871,-1.09121525723429,0.6672643661476,-0.738992421370766,0.434460661939909,-0.590936429147021,-0.311992605168736,0.248914952695138
-0.861156610693569,-0.961990784079949,-0.362040844199907,-0.619604224267641,-2.14805558475693,-2.39303085386895,-0.238776883060603,-0.652295374693906,-1.00390345733363,0.613657297396037,-8.00842921305077
-1.65732310878324,-0.731862423884448,0.922460134428137,0.356627339805116,0.349642321114759,-0.792088554909843,-0.58691024194933,0.757718120793685,1.68089053724623,1.07453834324327,2.84752331746768
-1.25378201410625,-0.40752507088133,-0.412390285168956,-0.446126564876076,-2.14805558475693,-0.284618187373088,-0.131164497940409,-0.545548664784833,-1.31013771257127,-0.298971743546282,-7.85321537359574
-2.8198151697628,-2.5213358509082,-2.29252669429677,-1.08286373836964,-0.855102877391819,-1.84634811546442,-1.38785168887075,-2.94621068246111,-1.87355113680018,-1.57413344596247,-17.2675799776891
0.692326938809999,0.722823857570011,-0.20960455573746,0.655555665075496,1.28376459920489,1.72295292017573,0.239020484228447,0.799100521815051,-0.656926529623417,0.187593172241749,7.26273663011167
-0.588677417878143,0.868620880441264,0.227844105152558,0.795479033933032,0.685540701126004,0.369686051881113,0.280636317381755,0.327243939601056,0.00986325407323814,-0.416265548089237,1.48570171320397
0.51822236275182,-2.00569729930468,-0.410989519807563,-0.81493981679965,0.57881678130641,0.210112711481281,-0.00295000528115814,-0.74570278983277,-0.767325932135174,-0.876613409861338,-4.615443063575
0.926382298531362,0.397542745385767,-1.00173032368083,0.433563734731411,-0.606424067412285,0.123152543809271,0.895903243616122,-0.696555174713627,0.410253760878916,-0.0144516279582999,0.906992822355069
1.74061083543243,1.00397975451879,0.475797170597471,0.822274865127053,1.91413150303929,0.961979732813696,0.418157112201436,3.00644418261199,1.76850222886724,0.94082772654962,15.7342589441155
-0.0349598846189981,0.535518385937227,-0.745210057189321,0.113880309465069,0.254389949517886,0.265325542961856,0.112833734571197,-0.61142405023395,0.176623520096693,-0.132076797514833,-0.058387772343178
-0.568146033981154,-0.609036892280788,0.792013850271169,-1.43460754048869,-1.94047990554417,-0.70401696992046,-1.04878328661945,-0.261244786405528,-1.3753822607617,-0.887640956148413,-5.83537819788545
-1.08426245783731,0.157259863445405,0.0215579683139058,-0.606344207414713,-0.682561741573754,-0.380677564376462,-0.533166322638404,-1.15716139259917,-0.642500440912526,0.025563801275538,-3.23201083633779
1.05664918140004,0.530862821323876,2.29152058066584,1.44391871389711,0.357429458850723,0.023105085247086,0.936414981395837,1.19753381946133,2.15685267591202,0.362317331345953,12.0421289965374
-0.149549146179534,-0.0700611444816384,0.0290531574098308,0.556618000576837,-0.489116484070994,0.943791902991697,-0.75135337267215,0.442142656431831,-0.520258041574445,-0.342680461671448,1.5530614308433
1.62464819676352,1.97128310530547,0.320490214607898,0.912561005289937,1.08181795744958,0.20476735473485,0.953338126546777,2.62286866127056,0.845109546430144,0.45292570481745,13.5086981743675
-1.60270338789833,-0.617835252992386,-2.29440081277498,-0.528709667030769,-0.584055360805665,-0.781574498820496,-1.97112478653929,0.229958948690789,-0.548348082713163,-0.368693774812239,-10.2775269420687
-0.633314487262544,0.916574482965421,0.476170272138243,-1.64700775445069,0.514597175287934,-0.430817911214931,0.541979783274136,0.778079924624923,0.0315642800309256,0.00342860487494467,3.53361154492656
0.20217898796075,0.673572785522405,1.27815035346705,1.82970484904516,0.67227453817182,-0.0825912477023007,-0.0789689361736952,0.267122881187514,1.66789611909134,1.67777939534571,8.45091906780879
-2.46643292763678,-0.539165728005109,-1.14046932505844,-0.190514833510001,-0.192244395602498,-0.22828527878142,-0.369652267909789,-0.922606464823572,-0.445933196717595,-0.872752973446979,-6.33635339552448
1.15522594022312,1.29510414805843,-0.0592160439078855,-0.0403076827355743,1.4547904977663,0.147392049254403,0.610180065302915,1.81054712883607,-0.423637890677716,1.25008050710394,9.44483015195569
0.396830454753266,-0.0558695874805313,0.138274023085954,0.634165044551053,-0.362577427789606,-0.32462409236907,0.00356671801836027,0.342041359719639,-0.243165469088516,-0.6064301988611,1.68298679672788
0.270307740986696,0.810251909593707,0.574508120592305,1.87005311222618,-0.59406289803543,-0.303981052737866,1.39456994999962,-0.593755004099774,-0.220953464546733,1.16065726721833,5.23524808602303
1.94093656111596,0.737178182110807,-0.648835519619867,-0.083668832451474,1.06139898211519,-0.0247285169762143,1.28029975277149,0.74489873059569,0.929183887594346,2.01664902778675,8.79814348698823
1.17741641058602,-0.156766247693613,0.261819497643439,0.121377400593819,0.90846259586684,1.01790816632253,-0.35601772517213,0.581298894583681,-0.798619797839221,0.27700136382698,6.1401689466681
-0.497313210979581,-0.0471905654073524,-1.04878477226866,-0.693322545806236,0.0287075330761668,0.93153514523802,0.445356617987665,0.80724407529424,-0.28849857587953,-0.575374839250829,1.89842944842078
2.4535656274492,1.24187313051213,0.468046863782211,1.35388225311999,1.20837795005561,2.01407706280453,1.23867451227254,1.10490414117541,1.38813660515064,1.88094262832463,14.983822829224
0.209937658775286,-0.255002473945171,-1.0764980651664,-0.422896062517887,-1.15872735958154,0.571873784910544,-1.28076445237763,-1.140541892554,-0.732909418992846,-0.0368003088518792,-6.09712381771297
0.297639321967905,-0.928504576535659,-0.472627939634905,-0.614715699500186,-0.547542839463025,-0.273645998233609,-0.382258881410173,-0.82434699574434,-0.847780831096111,-1.85619988959719,-3.77159731730263
-2.09363485922797,-0.622482218763163,-0.853182606162748,-0.500623009784653,-1.12005129852404,-0.714586176492093,0.475799883268596,-0.954421688040673,0.0436985250918725,-0.551184265266628,-7.62590453478772
-0.957837065350705,-2.42209324120501,-2.62321632326097,-2.06978735761246,-2.27042118602226,-0.921871051034701,-1.92586470028943,-0.162674113595772,-1.92636579460207,-0.619874668129498,-13.0254915095987
0.805002319671303,-0.445192873044422,-0.758057866729999,0.0692887690209779,-0.409948310144745,-0.294930858434856,-0.58691024194933,-1.29773834178346,-0.959793664748123,-1.01655317894215,-3.47122250093478
-0.213134374909654,0.168412201264856,-1.0764980651664,-1.19339020087847,0.0287075330761668,-0.402883814020399,-0.622526300342074,-0.60408918826548,-0.621772998957799,0.455169333791066,-5.03944782832769
1.07218675420037,-0.235568730212253,1.98322383364997,1.67559079507386,0.754185554699441,1.68576075428577,0.953338126546777,0.491656087213206,1.37267570662324,0.634258508987954,12.1609952796167
1.07080879696104,1.03124527529726,1.91037749333414,1.2449065638688,1.9070954113836,1.26301364369172,0.77755653950011,2.73124738053369,1.2258105761061,1.01818239424574,16.1337143034006
-0.880598999720249,-0.359090484415776,-0.548533582669516,-0.763727833480325,0.128626432827341,-1.08336905453428,0.945538542882458,-0.508933476658086,0.144251771787618,-0.122612907836831,-1.69036436587979
0.452533164391432,0.204247493872933,-1.77319208956228,1.39321960886734,0.710609372154525,0.167639054408743,0.323629844200441,0.877041248615223,0.488039328429979,0.228457740991999,5.50878284722125
1.82252953671373,3.07345256158349,2.90057966903955,2.28262467353358,2.67816095820064,1.84450174202592,1.79577887588968,1.48920166290706,2.05183890823189,3.33753336508363,27.0760947846842
-1.17930163009419,0.0302257835605308,0.376924815990605,0.0221360674454522,-0.140941679718159,0.210112711481281,0.240152402644385,0.482041825135186,0.0492065509193936,0.374749958603496,2.36861802130917
-1.97077573466743,-1.68969864999409,-2.55949391989752,-1.91867881629711,-0.807812527562027,-2.05937429884219,-2.8579755716754,-0.941426161632364,-1.40402650530039,-1.83077972774663,-18.3449180564193
-0.186558371674265,-0.487821463140377,0.14598224557765,0.401775122485894,-0.175811990672335,-0.751140345864909,0.0728765516887244,-0.138294570738398,0.189416624454996,0.494376998226701,-0.0203006819876761
0.105342774756687,0.351888761916378,1.08099539856608,-0.0699494330613536,1.17527897983056,-0.140342989681039,0.144715299786777,0.720172547710343,0.541661621429713,0.752709786022695,5.09245033344264
0.760922912796168,0.454192650078779,1.98636267133141,1.20754553243777,-0.262869455547154,1.76997707741306,-0.0535087996556841,0.930495341558402,0.573553295085422,2.02536613583947,9.3126458371868
-0.604025688589623,0.48760764419642,-0.136988214838206,0.144381368388148,0.0348539136339109,0.0512620415395884,-0.56282890283109,0.783680737918239,-1.58828995697762,-0.342680461671448,0.826421307391904
0.786449179410997,0.107006372922175,0.125202150389615,-1.64700775445069,0.591603646983714,-0.624653730388488,-0.144670972179433,-0.0997577166695513,-0.0711145588543893,-0.875440098162009,-1.94729773698405
-2.66895345876692,-1.25739758080024,-1.32949579003601,-2.42111450427753,-0.807812527562027,-1.51194137033477,-1.5425803911727,-2.82522365167436,-1.40402650530039,-1.23805199431761,-15.9960277056932
2.34530015779226,1.19149691547453,0.702422060045899,0.813018994421717,-0.0172795299957854,0.815014948291377,-0.0176497991562969,0.834018880257896,-0.349196923334121,0.308267569884351,9.02776044841239
1.0507134128981,0.52550772732757,1.02349933224021,-0.340696437699124,1.74404405735426,1.24762847385414,0.0715522277192314,-0.0610856911906932,0.805478303289697,0.230869112905251,7.46993205605678
1.15522594022312,0.715916707163933,0.346251544798452,1.61360969252115,0.944002391748005,1.41884124132106,0.66502045903514,1.95692053987179,1.98951019623713,0.634258508987954,13.4846327498644
-0.951391375272194,-1.01373925628976,-0.599099251069502,-0.104055840617685,0.381379185168633,-0.420055218440301,0.0910796449569352,-0.402818664665788,0.119827752991173,-0.809409078790292,-0.354154791955519
0.190372614587454,0.0728283599557031,-0.750266413669426,-0.10600145747286,-0.404782516052318,-0.344414952782726,-0.18103313119043,0.198861999277262,0.231526526229349,-0.403894957823175,0.211627785145958
0.45608287734892,-1.47684321498884,-0.117963083111886,0.0510009354749406,0.247137548866262,-1.0375210493203,-1.37669837753905,-2.65611666138505,-1.25397642440348,-0.138056213809722,-8.60679511190472
2.06768385622948,2.3210770104365,3.16165851662715,1.28778678935078,1.11750208670568,1.40141943663601,1.78467727859964,1.08163557937399,1.3449982283362,2.49151377460718,21.8634961479765
0.511714735243873,1.1998431120025,1.66622335375777,-0.15311160138263,0.987056081642854,0.233099071997876,-0.690622838900301,0.318403140108833,0.600020448707329,-0.161794682343141,4.4009487784782
-1.01752209157972,-1.73618991016521,-1.19402070641616,-0.759469093055777,-2.0434746603976,-0.395154717409674,0.177466389569688,-1.05360874690745,-0.663767876000358,-1.03066777943459,-8.71166496122297
0.548187636576368,0.535735671118852,1.78826189920977,0.252465005756101,0.934134219197413,0.577541374390426,0.18544097397729,0.237676934152271,1.01005918412925,0.389671051220564,5.58606330413051
-1.26340228892631,-1.40940730931322,-2.36150257785963,-0.57208318623164,-1.00816289343901,-1.46364215196063,-1.70143140513609,-1.47634081196976,-1.24925983337704,-1.29590291534288,-14.1809177152428
-0.957837065350705,-0.530656760828241,-0.104733886269095,-0.483689390764959,-1.94047990554417,-0.0155505038662014,-1.29075745632141,0.500937676917761,-1.31013771257127,-1.74918686891255,-6.67069776778623
-0.714782479327111,-0.0219717236699181,-0.728521750370885,0.0522399256373409,-0.147303705347717,-0.247376411359168,-0.149459372069202,0.0880365702672141,0.171488741216727,-0.0457151957489643,0.392694198336004
-0.625547396052559,-0.56001159603956,-1.01649385404949,-0.104854676027499,-0.936963161633016,0.391298723156039,0.411603896595191,0.729146337048608,0.0424790740246728,0.108117433365273,0.826421307391904
2.06719303342251,2.55435483400672,1.02775135591225,2.27019552209026,1.37718806782894,1.61840123497118,1.43797051666698,0.690421145305954,2.12370388447014,2.37038642516696,19.58651874654
0.940102654720452,0.581853128953057,0.505942084295551,1.86802527183939,1.33644595613599,0.180662416816086,1.94453495994361,3.00644418261199,1.5457111530498,0.866488389397607,12.7557018486946
-1.04474516082315,0.017850392835288,0.558197689485618,0.624345974260584,0.755179331478691,-0.558713023832246,-0.484115499608354,-0.788677084907419,0.503723888504167,0.0339924324203626,1.67036354633326
0.866181893303714,-0.599903655117023,0.715019717331442,-0.119564189597389,0.837175327742023,0.234840632822675,-0.733694143103007,0.534294336113833,-0.206867248504131,0.973884718969195,4.01489099065232
-1.55324298359513,-0.822251005118691,-0.356051719656184,-1.60888976268541,-0.923828309493054,-0.0200626096800376,-1.12873983180742,-0.467040500278241,-0.335304013882522,-0.890523308626062,-6.49570999380798
-0.0990347384497085,-0.207096717373871,-0.962532266582042,0.000931845193754002,-0.712212310858219,-0.392799329739525,0.588610874372567,-1.29773834178346,0.305679498438126,-0.567198965776451,-1.84092612892065
-1.02363370225036,-0.281520860873862,-0.639723970768332,0.714182950174879,0.384016437443408,-0.476888320148905,-0.255631409874099,-1.1916897457571,-0.0711145588543893,-1.1913151345805,-2.82283972828622
0.270307740986696,0.810251909593707,1.78826189920977,1.55745674495306,0.176035353536738,-0.31796722190396,0.335341740466643,1.0464605976074,1.9120301443905,0.810867891022456,8.98014206610216
-1.5081998084981,1.13755428557159,0.0739653004001008,-0.23427288112939,-0.147303705347717,-0.57616569345355,0.61475397348103,0.0383535978283598,1.76391003402188,0.13370188792863,2.84752331746768
-0.876064588234927,-0.469990532069412,-0.563283392403747,0.714182950174879,-0.73535750272553,-1.08180141113919,0.437468014661652,-0.512243941994104,0.120408744083114,-0.445559706154231,-3.06001328630177
0.455802765229443,2.35003582819886,1.15505192963616,1.66328863933798,1.7808992081387,0.272735049238706,1.33906177784247,1.89785658279363,0.580051274016459,0.00535858779142133,15.7350947603833
0.714864179914104,0.622997512877337,0.777413830334055,1.29261895248953,-0.59406289803543,-0.804220037867962,0.386778361927975,-0.736288955934435,1.06917297780629,0.765506598268874,5.18687678291189
0.445604972355314,-0.89440474929681,-0.349312991701958,-1.25117141822888,0.0165987059733255,-0.0916757320643283,0.215531816355072,0.491242680644432,0.893248168698724,-0.335631835164165,1.89842944842078
0.685330403158606,0.654320905954049,0.937751528428241,-0.0627680276664674,0.125787000209445,0.725662306530118,0.144715299786777,0.443755024095411,-0.967083196597681,0.854146804891391,4.28637041381152
-0.951391375272194,-1.01373925628976,-0.898939023381024,-0.20214490307699,-1.45033673140019,-2.10718599442358,-1.73269386293551,-1.28329948795358,-1.00092407762853,-1.99250118633053,-14.3454138077157
0.321882327281879,0.548342315943312,0.0220015438497113,0.80249032973486,0.309426244155735,0.609368083627292,1.26959893284021,0.318403140108833,0.0204017441425441,0.551759719766457,4.87177287261007
-0.344913594839991,-1.57179442650638,-0.772319736723119,-0.260296029350362,-0.0270987645650816,-0.813261396469193,-0.624595908577327,-0.518830557725208,-1.77146271292926,-0.513402046787394,-5.77350600092209
0.117258215354284,-0.524839659839912,-0.744074537555843,0.356627339805116,0.196790028018278,-0.870730513739955,0.0330934404623234,0.198861999277262,-0.777056050443927,-0.64832297721469,-1.38879222996067
-0.102353103940745,-0.878737469200588,0.240842785813694,-1.34310959658455,-0.283145449800987,-1.53938119833718,-0.646428686983947,-1.25415977143587,-1.07758762015563,-0.513402046787394,-4.02644724363536
0.855448142337339,0.580604412675043,-0.376633917081043,-0.344134932975761,-0.919853080914623,0.8547245306099,0.347219189001261,0.638943998778764,1.08103826499106,0.973884718969195,4.79331914150189
-1.5815338366062,-0.617835252992386,-0.0717935148454773,-0.268505756091027,-0.921776131136891,-0.779005770776093,-0.311598930689117,-0.850413894197544,0.55948220324874,0.252258350516639,-3.9629661824335
-1.22077889060701,-0.752302542320799,-0.599099251069502,-0.925414243581585,-2.40725914434429,-1.01187913918987,-1.04349012305227,-0.836901441892232,-1.00092407762853,-0.864919257474477,-11.2101566425519
1.81485421994825,0.4588817483384,0.40276222014067,0.154733966383076,1.09694605755605,-0.345572147024624,0.402064798433191,0.548978106778402,-1.16042640817484,-0.381084189155059,4.31562462191859
0.739616272438884,0.899472712276173,1.13408583477319,0.989835712619626,1.64199417424475,-0.204765177495038,1.07190025796481,1.02736366657004,1.25854640029692,0.170829776145461,9.30105644381915
-0.0160506474868614,-0.118653503852137,0.319278916372655,0.130656542903194,-1.3298824452162,0.970392754755575,-1.18203943984429,-0.953161160427965,1.19198378868082,-0.81908900949449,-1.19323070380346
-0.601118911632482,1.04715579470783,0.0723209201633734,0.648428768421746,0.415835910558565,-1.05452369825482,0.177193902516277,0.209544524624315,0.242916392675919,1.51670263490349,3.76334544500426
0.712608927440567,0.622997512877337,1.39423310512894,0.143613066362004,1.26560036564422,0.680326654614359,1.56325298684815,1.64778540223439,0.178702502924573,1.00264858063421,11.4638133477969
-0.393931943149698,0.921696549165963,-0.360037035820614,0.209767269167403,-0.793168809397473,0.0959649777612706,0.129727760543929,0.133339099713598,0.185099886920416,-0.163637028404899,2.04800653874365
0.774380574421439,0.758712544482311,1.2991480510058,0.941073497782367,1.64199417424475,0.281231064774705,0.416809382551593,0.446362179856162,0.483953494508696,0.896643411177484,8.750873411682
-0.420268062362431,-0.12264173073197,-1.04878477226866,0.365105437771008,-0.380560246006271,-0.976977149623118,-0.781481349318211,-0.0401232325227611,-0.0711145588543893,-0.567198965776451,-2.50775123249371
-1.66697060464745,-2.14127504074481,-1.44374326596731,-2.24870966495984,-1.91166001448349,-1.84203088596562,-2.63774512727283,-1.22004753981631,-1.40402650530039,-1.73386104003723,-17.2672966038204
-0.845957091977508,-0.343026269725034,-0.654317306766549,-0.884428128297644,-1.09121525723429,-0.697195146624508,-1.14739828763599,-0.915966871846193,-2.06633609373773,0.234248764001707,-6.66051738426677
0.270307740986696,0.810251909593707,0.770544045890353,0.647938185394259,1.41560669074802,0.599862468477121,-0.273426184024074,1.42513868384648,-0.0806739133835047,2.23669291948292,8.750873411682
2.06768385622948,2.3210770104365,1.19686119402376,0.481904113239491,1.65221781994741,1.98453280943402,-0.12562570896896,3.2210679011495,1.18711059723306,0.764826834508946,18.1771732867949
0.781922168398978,1.72698584940329,-0.833021963525616,0.805496825149637,1.06139898211519,1.49228247866271,0.819670833066508,1.03404564665131,0.752836435797054,0.751408491262657,8.72423225726719
-1.08359808748436,0.157259863445405,-0.987599169915899,-0.0120704993831048,-1.3366882266051,-1.03832231260887,-0.738992421370766,-0.457468100649167,-2.46639270452579,-0.617527412292895,-8.35235509847395
-0.34390726717944,-1.57179442650638,-0.772319736723119,0.276016997571931,0.60504091148687,-0.957899849125421,-0.449816621776607,-1.65329818946015,-0.274704808918961,-1.34276712151077,-4.49713902056739
0.244988518792639,-0.0161000225880741,-0.771193691898142,0.79029948696704,1.96074297789906,0.553157891725143,0.964851704498524,0.452159015032164,0.0798578851208818,0.653729841165474,4.52330408554352
1.25670812923135,0.866183717120915,1.97916490058242,1.66328863933798,2.90425209814305,1.98453280943402,1.78467727859964,0.860304937185835,1.00769382455062,1.14587770549283,15.5354684936361
-1.23869134132547,-0.859225735118864,0.415063348262004,0.412180921585903,-1.14743314016158,-0.376105403800003,-0.77357905729863,0.429618781309729,-0.32341497717986,0.139468894811914,-4.79876958839652
-1.0438114634519,-0.880345966173473,-0.772319736723119,-1.4732886136356,-1.00555661296986,-0.906047550574421,-0.667651944137866,-0.986255074228279,-1.46299971386912,-0.707692244268147,-8.89131472718357
0.585522321582333,0.353832322715627,1.37457381120486,1.52481326110308,0.67227453817182,0.577541374390426,0.298250026438905,1.92427978575949,0.752665649389736,2.17264504804335,10.0159885123662
-0.276602959793803,-0.0632402202896318,0.772290076398388,-1.47268543772849,-0.34364957507414,-0.37279908360857,0.0910796449569352,-0.273949318419191,-0.669728160473374,0.392122953157336,-2.41056578324792
1.43594325324428,0.719404117557332,1.49862817014103,1.31712341758311,1.08181795744958,0.558350679560109,0.696835756215573,0.587589248866178,1.87176566850538,1.19151598769196,14.0525287176223
-1.45625880657962,-1.69632327795131,-1.68105106872479,-1.46950941289331,-1.5593909724738,-0.993940528886334,-1.6590495527747,-2.03792169207653,-2.45917663132071,-3.23454392097669,-17.2672966038204
0.206778128232194,-1.07780807430789,-1.82436427612663,-0.359907392782922,-1.51246971191842,-0.491841192000181,-0.742715387966089,-0.523233859207628,-1.12359044739851,0.202950378601016,-5.77350600092209
0.223661527881575,-0.862829621800128,-0.472627939634905,-0.422896062517887,-0.271480535864864,-2.03596253275553,-0.0862266002527702,-0.861169185878237,0.672040482812722,-1.51315154400302,-5.42902200143
-1.23997355453257,-1.54723316817744,-1.08946641641632,-0.0655065616793992,-2.40948418909113,-2.50102385266135,-2.64068460217485,-2.3971502358563,-1.49172040411272,-1.91048520250853,-15.0643926850643
-1.08359808748436,-0.873465532033842,-0.898939023381024,-0.231628495569989,-1.37788483856597,-0.644279777189719,-0.358468879002541,-0.769931227030015,-0.78992503001452,0.449591204194884,-3.77159731730263
-1.23997355453257,-1.54723316817744,-0.367832624574381,-1.54780687094474,-0.805109917130139,-1.40845811720851,0.0417865302199172,0.332224797327267,-1.69382137395286,-0.384249440241321,-7.78056480640073
0.997006898490159,0.449243769949141,0.529163866996693,0.647938185394259,-0.0115173256557519,0.698411600503746,-0.457759204675382,-0.218065019525781,0.488039328429979,0.0627789289481434,5.29424438135715
-1.57055651574615,0.396028838910347,0.792013850271169,1.10324372980883,0.102267035667639,0.649273900014323,0.0635691732085207,0.717947633279165,1.08103826499106,-0.434680862080967,5.76489339137953
1.07080879696104,0.432596507832386,0.446216811770247,0.138929623362474,0.162294347454444,0.432893027934443,0.421283814137384,-0.527619209951099,-0.092725168603076,0.0251959010960884,5.22427051056576
-0.699737392640969,-0.909787443215701,-0.724284090048162,-0.702384958463088,-0.499893389310529,0.638777731303344,0.0300153768411337,-0.270762213216419,-0.590936429147021,-0.627259017316077,-4.615443063575
0.126659563559379,0.827586155122822,0.416267145053672,0.0694796386118003,0.710609372154525,0.0750922069820391,0.421283814137384,-1.08442128155865,1.2422710677148,1.63726999402285,4.41621677548442
-1.10856946351639,0.0934892245716682,-0.788887544728564,0.97179596072874,-0.292611112140817,-0.957899849125421,-0.702710968132656,-0.211204462080216,1.19198378868082,-1.32882944430935,-4.79876958839652
2.33812313425437,1.19149691547453,2.16851284054332,0.903334797313948,1.90537351729456,1.19294042059904,0.884051087226818,1.050861059411,1.99242757928318,2.06156972829206,15.7302628994691
1.07080879696104,1.03124527529726,1.97916490058242,1.66328863933798,1.63090654880829,2.01295810913171,0.884051087226818,1.38176984377002,1.18711059723306,2.06156972829206,16.4994109098665
0.223661527881575,0.126839909788395,0.742700052933548,-0.106407640728205,-0.523419295105417,1.7137815267124,0.923796712107067,-0.593755004099774,0.346856583189384,1.20465412895786,4.14378875863068
0.42477392215894,-0.150038483111611,0.227844105152558,0.956286943604618,0.112307798368208,-0.375822004051684,-1.20530189295928,0.466184749672826,0.815264329975014,-0.177333595615261,2.68783390113899
-2.05118207814811,-2.28161192788655,-2.75838517248263,-2.64889568445368,-2.19516278836635,-1.12106351957273,-1.10391460514915,-2.01563953124582,-1.87355113680018,-1.4051378176895,-18.1715361816141
-0.667116909796412,-0.645434629238276,-0.198538367984403,-1.68718549130031,-1.65787059375082,-0.297373651281125,-2.22378832646739,-1.67053026523288,-2.36348388140422,-1.84360739441978,-12.4162610432209
0.511714735243873,-0.354961018377914,0.650015853466243,-1.48998187600118,0.841373766315505,1.20189437624901,1.2975727390374,-0.593755004099774,-0.520052942300908,-0.076520274278756,2.04008169432377
-0.834206745163336,0.52514712915624,0.0949009136297176,-1.5684321239776,-0.932173641350647,-1.24862469627311,-0.919929836367878,-1.31845187912842,-0.935718468889348,-1.04589176212792,-6.37034444099085
-0.284913329753278,0.943910920449014,-0.803795767249649,-1.55794614846947,0.0809570172415767,0.760065970991606,-0.24591721356754,-0.106457460445974,-1.04749808770773,-1.13178175921647,-2.33260662260777
0.00313716846127093,0.759203666064289,-0.00688515622042214,1.10309651999265,0.90846259586684,0.785173413046393,1.12438690691494,-0.446749338964127,0.965129171343989,0.722752652351852,7.87344011583305
-0.848170846197676,-0.0465812245983756,-0.0307655385973687,-0.0360541858767142,-0.335163150405015,0.275438395528953,1.38738391841165,0.112858369704233,0.433734836149142,0.757920724931893,0.445724811853673
-0.195819244587534,0.346776045594881,-0.0574785875132332,-0.0324073687827951,0.329373115205249,-0.558062940227655,-0.236893973880255,0.995125233276102,-0.0628617485575456,-1.01142877324309,1.03594432270606
0.916167690922836,0.975002537431836,-0.837609556422448,-0.565833349825352,0.356926237557027,-0.247964377902137,-0.304970222441742,0.0170936700286789,-1.09160209409955,0.828574406016698,-0.568684982573986
-1.66697060464745,-1.07797277213827,-1.08946641641632,-1.6609964434114,-3.05393972710765,-1.54241192672827,-2.2083456937315,-2.3971502358563,-1.74497706894099,-2.91314699418172,-18.1715361816141
-0.670709358817385,-0.645434629238276,-0.0240137084664705,0.454384990928264,-0.380560246006271,0.275438395528953,-0.983676317311059,-0.533616026797145,-0.0711145588543893,-0.614768552502188,-1.25429931717637
-0.766033709509144,-0.738250602340091,0.463963761840619,0.0278951330755517,-0.235515016995567,0.559991820975575,0.295285445967224,0.931900408993417,-0.203370230455191,0.374749958603496,1.92079164693852
-0.718443129760834,0.229927366096291,-0.1180280186318,-0.675985286816114,0.656328665552491,0.150544280575573,-0.119530999759133,0.349130617848289,-0.115924705786609,-0.262042476083589,-0.756743776289086
0.541569749296397,1.58913554201106,0.915423076964946,1.88417437190549,2.54898371102538,0.703638087584758,1.40459178167067,1.51008731530869,1.74330182260635,1.18212403156817,14.3657143271059
0.25885110089702,0.658303867906192,0.918853387883036,0.138929623362474,-0.40989120210311,0.198290342835956,0.598327741435142,0.703414607838718,0.754447376212128,-0.62394093555802,1.649454466798
0.896094173070557,0.304350071137779,-0.782474453619765,-1.17118597011202,-0.726364910101974,-0.907620504798854,0.215531816355072,-0.368579984472449,-0.57714740354018,-0.691605859823159,-1.94568063059689
-1.39341298111721,-2.34455761155311,-1.44374326596731,-2.24870966495984,-2.27042118602226,-1.07947816429311,-2.62167224615442,-0.162674113595772,-1.47813103574003,-2.91314699418172,-16.4419369423733
-1.5815338366062,-0.617835252992386,-0.0717935148454773,-0.81493981679965,-0.620023451231935,-1.34942728453504,0.600949985408764,-1.14382629782278,-0.53251343011445,-0.334149841189338,-5.81368630905483
-0.744326463583448,-0.101095094959682,0.433682454145253,-1.43460754048869,-1.28693247864432,-1.00795352598264,-0.407194086089214,-1.09941022360039,-1.23162166514507,-0.640165072108992,-8.27334231176872
0.916067837261437,1.38430845547339,0.454442847404595,0.143613066362004,0.520392510911058,0.653949328590604,0.799008338327795,0.814684834388317,0.901356290260628,1.00412642565066,7.88942320924965
-1.38967278375252,-2.07476005833655,-0.870674374611946,-1.28293428480285,-1.55996503435501,-2.16812131510205,-0.60705085126076,-1.28760783878577,-1.110447367654,-1.38258028009592,-14.1809177152428
0.190372614587454,0.207266796002153,1.43434551764666,0.517584151611863,-0.208632649783821,0.551671737725853,-0.422608212155502,-0.407483729952298,0.541661621429713,-0.0868111590538287,0.723828728881762
0.637773428260751,-0.366974069744578,0.149126804791176,0.766239053277217,1.08724710848697,0.572220345036605,-0.35601772517213,0.40099234816697,-0.719258224779478,-0.590158423369751,2.04008169432377
0.672523826366308,1.16986080009641,1.30219547192137,1.13540971276151,1.38169303509406,1.33989069929383,1.64919617735381,1.63012130117804,0.854481425176274,1.88094262832463,12.9989376037088
-0.180511391601367,0.164621022196712,-0.848378682066587,0.230165289462363,0.755179331478691,1.83553609254455,-0.540697830290272,-0.696555174713627,-0.192352397181572,-0.210639451495608,0.592763736532276
-1.98480208045238,-1.31359973552525,-1.75493541398531,-2.02182578043909,-2.64947999073656,-1.84671886779212,-1.99890191531334,-2.01563953124582,-2.53887164272905,-1.73386104003723,-18.3600881007429
-1.26340228892631,-0.877469594143602,-1.24887064110165,-1.57562572821769,-0.805109917130139,-1.78195569863944,-0.577842413819161,-0.980481197207669,-1.9479959518444,-1.99250118633053,-13.8287256094321
-0.851294147718201,-1.73949930252935,-1.04198996983076,-1.71558597646495,-2.16788072898501,-0.708866369862246,-0.320293903351442,-0.526455039313407,-0.548348082713163,-1.72684605741916,-10.5053867388119
0.0185692414578968,0.0585379503671926,-0.235854280685216,0.144381368388148,0.39601131604611,-0.369859593899595,-0.239671048982953,0.234186047149155,-0.596755041414595,1.10701007574846,1.92079164693852
-0.651547487771631,-1.23152926019919,-1.67758298091981,-0.0231935202685296,-0.4918608532512,-0.673267417871486,-1.04814290982562,-0.570550158019544,-0.865407444821307,0.37711507417934,-6.78955110094345
2.07866964397779,2.37318580402818,1.28521880608631,2.27019552209026,0.99677169241648,1.18614983934432,0.12262542978116,1.97071490492788,2.4589621257376,2.22169733821693,19.8182957648894
-0.834214898780773,0.52514712915624,-0.0684528323214259,0.113880309465069,-0.10046865008992,0.426482697104169,0.264913623008057,-0.106228741188535,-0.203370230455191,0.806954030162743,3.43256060023456
-1.39445641288358,-2.34455761155311,-2.05730777065805,-2.18195793174486,-1.96626868978674,-1.35300469060567,-1.4845088408083,-1.63091227964097,-1.81602224671887,-1.73386104003723,-16.4419369423733
-1.38110063951477,-0.571576700726666,-0.0616179755808677,-0.702621692738014,-0.75216450391915,-1.38451300708946,-0.224860103164734,-0.635143215419979,-1.16822539409272,-1.42882246247271,-6.42608957184509
0.026858196115865,0.538658210407411,0.79198751801021,1.85901196662359,0.195689963421389,-0.804220037867962,0.964851704498524,0.208888727769101,0.346298475805064,-0.733324918933139,5.04270577382855
-0.0559234410184539,1.01798214685214,0.383845552960275,0.848760877786987,1.50672085680091,-0.202954267812327,-0.690622838900301,0.247820683540455,-0.181105703322855,-0.660435703094872,0.732741981973615
-1.22396988076211,-0.456137928397979,0.155588441408593,0.838537089960032,-0.370347016930926,-0.563182521015034,0.505320611812696,-0.953161160427965,0.64366797105281,-0.283907577755272,-1.89671952026764
0.731792264023729,-0.146706082266054,0.528695240327485,1.44781734858079,0.314401398978142,1.11407628566499,0.501119694432485,0.0695218778233263,1.45835734912417,2.04932876510085,8.45091906780879
0.270307740986696,-0.855880549821578,-0.373324714179031,-0.0938454439819738,-0.0397754526573678,-0.0197689332139505,0.895852979930499,-0.588283299887906,0.0154050773715784,-0.554747317667176,-0.670648939427242
1.98438547807615,0.856118090687022,2.43689175673822,1.86792024000425,1.54732709424651,0.119189100856586,0.962169204024362,0.665545805493841,2.15244704089975,1.32962748226039,16.3486501878872
-0.341082339894388,-0.05842820559614,-0.744074537555843,-0.278168018004203,0.384016437443408,-0.957973097028877,-1.24805533360247,-0.840913389957974,-0.590936429147021,-0.876613409861338,-4.88810481414514
0.880672671952778,1.27097214898621,-0.053501310171625,0.578494413472677,0.520392510911058,0.853961525046825,0.662939971056057,0.11947687195741,1.13521767726263,0.906199001813041,6.62342240850732
2.03276881526507,2.3210770104365,1.19686119402376,0.481904113239491,1.67656472443899,2.21308515347346,2.55073423273601,0.860304937185835,2.15244704089975,1.5694954176117,17.8910139607084
0.223661527881575,0.126839909788395,0.125866180851784,-0.249561444737309,-0.533053422096816,0.337095146831862,-0.321769418134966,0.442142656431831,0.153644047245119,0.0321196510722395,1.24961878058692
0.458328927172002,-0.27598156648221,-0.109016449006333,-0.0708311124026199,-0.98913345547634,-0.275204084316653,0.445356617987665,0.466184749672826,1.05378063038344,0.605582448245359,2.84752331746768
0.0687484291841591,0.972008804095331,1.26348906974074,0.732912223632781,-0.431343747791793,0.708271633905255,0.520036754499933,-0.514712246041594,1.51560388737331,-0.381084189155059,4.50280092924386
-0.23868789655,0.755673035869123,0.356538201158441,0.352402257931626,0.685540701126004,0.0923099510893933,-0.02550878793443,1.48785454309041,0.155825821420598,0.362768693045192,6.64482231110006
-1.13038838672473,-1.47844465228998,-1.25415307271136,-0.378239875934815,0.285113523206052,-0.673267417871486,-0.37660218809508,-0.119715415500393,-0.865407444821307,-1.57743517934095,-5.38112423009436
0.321882327281879,0.985168222765075,0.685677890706408,0.700422682924558,0.500110962390681,0.152060076912504,1.58801589586655,1.14875901907984,0.641456315478758,0.751408491262657,7.27913925162089
-0.298190498679711,-0.200166332143478,-0.1180280186318,-0.330135083125236,-0.894188225299386,-0.273645998233609,0.0425895586923201,-1.29773834178346,-0.318560023930439,-1.09035423797854,-2.81040522788641
1.41135683167847,0.929041833897814,1.51921909218029,0.764500022934873,1.88570642348488,3.74469385031245,-0.12562570896896,1.38176984377002,0.90108234704823,-0.647619887095742,15.7350947603833
-0.880598999720249,-0.185378576186102,1.22400684905206,-0.306932089216856,-0.780707522948914,-0.384517748802142,-1.40193573286018,0.400097187530823,-1.30818729511734,-0.489597839945293,-2.50775123249371
0.538327274365903,-0.297370688728083,1.02837894706991,-0.787318436865293,-0.143178397695498,1.20189437624901,-0.973693274047179,0.241774935051741,0.64366797105281,0.537409969716962,2.29155370422433
0.206778128232194,-0.255002473945171,-0.469599187156424,0.668649761482628,1.73947185844588,0.250525935192208,1.26959893284021,0.38567482784434,-0.122533744732424,1.23872353830586,4.52330408554352
1.38045129933967,1.69021039195598,1.28800177483688,1.90171802081435,2.42548753548741,1.98453280943402,0.430782045030802,2.15121452187911,2.15244704089975,2.37038642516696,21.8634961479765
-0.848170846197676,-2.1505753786667,-1.14046932505844,-2.03064064152684,-1.51708688314875,-2.16812131510205,-1.5425803911727,-2.82522365167436,-1.92636579460207,-0.619874668129498,-16.5541137692083
0.157707735764999,-0.511353133094623,-0.33497210199481,-1.34310959658455,0.69318142798885,0.150544280575573,0.445356617987665,-0.444326566868789,-1.10807322252339,1.80608140067601,-0.600493893035849
-0.584376893015538,-0.304997219795148,0.187325931376842,0.79029948696704,0.329373115205249,-0.272191746324193,0.207212480503676,0.209544524624315,0.803148041549497,-0.177333595615261,0.405775946153834
-0.955319172010425,0.0234079093594976,-0.987599169915899,0.714182950174879,-0.73535750272553,0.0278994742381417,-0.149459372069202,-0.270762213216419,0.695870854068267,0.285591211574396,-0.670648939427242
-0.923489302250104,0.0500787448888392,0.487758403411201,0.113880309465069,-1.17840133927048,0.419066500312211,0.200904161142748,0.349130617848289,-0.105849332571722,-0.0144516279582999,-0.507783805607061
1.17672979083444,-0.156766247693613,0.261819497643439,-0.0162576939755337,-0.30611232798483,0.612827084205953,0.230163109580167,-0.212231362316011,-0.663442416614033,0.688157963888138,0.445724811853673
1.71442653406146,1.37651170245361,1.01155872454494,-0.0785854535135791,-0.262869455547154,0.794557941850289,-0.294197934849717,0.0649867672398248,0.133490992440857,0.783952916114976,8.37947612518372
0.206778128232194,-0.0454286979039456,1.14249063633814,0.854314959685166,0.547478348091268,0.361620911037246,-0.457759204675382,-0.555775903836341,0.541661621429713,-1.42116593428012,-0.733071035750553
0.636621253141111,-0.594686231741467,-0.0890377260981635,0.144381368388148,0.480110262183148,-0.350939819377351,0.152711065253687,0.285755070566394,-0.338660826660585,0.0321196510722395,-0.568684982573986
-0.645171946125364,-1.03153275256292,0.155588441408593,-1.68718549130031,-1.22162388717532,-1.99972899053644,-1.09257452173879,-1.5422362709497,-1.44349905335303,-2.20967943991558,-11.8955176257119
0.20217898796075,0.673572785522405,1.07944994319289,0.914678599070509,0.165091917210785,0.828456498926379,-0.137998677290958,0.443937468794093,1.53421252687095,1.21493478067102,8.70084173835781
2.36557227321295,1.24187313051213,0.320490214607898,1.32505747506042,0.678993042750939,0.80888189654088,0.980481712962089,1.72935403490468,0.85361025004856,0.798117393890142,9.96182804437618
-0.186558371674265,-0.487821463140377,0.14598224557765,0.401775122485894,-0.611082807117311,-0.993092176992077,-0.623938372574432,-0.388833498315231,-0.157294312317441,0.51442074792988,-1.49846147821943
0.520708987241577,-0.809173569624427,1.46677161794835,0.655555665075496,-0.439791565561035,0.0647360731671079,0.230163109580167,0.40099234816697,1.47881384118803,-0.822091665642309,1.48570171320397
-0.267062951353745,-0.717883086819388,0.240842785813694,-0.606344207414713,-0.147303705347717,-0.260646773932027,0.895243394052061,-0.521164508567366,0.230636368560226,0.392122953157336,0.898936293550765
-0.849075923114369,-0.0465812245983756,-0.0307655385973687,0.324654065356711,-0.341046992795879,-2.03596253275553,0.0200271686733208,-0.513387212194689,1.09405607571543,-0.706180901620766,-1.93272920969736
-0.569756081377899,-0.609036892280788,-0.677828131984867,-0.289247700692772,-1.44597849158184,-0.715414333120373,-1.33470559719238,-0.426707370005256,-1.0913326229051,-0.918622828883267,-5.01832944502187
0.0687484291841591,0.299634964655803,0.248388572932643,-0.953665202337317,0.247137548866262,0.179525199200363,1.4856975854252,0.40099234816697,1.05378063038344,0.105265181137762,1.649454466798
-1.15005884569008,0.895016077189704,-0.350367742142848,0.0422453472374207,-0.691343663054055,1.30385311139761,-0.712416869403584,-0.324130981357089,0.171488741216727,-0.606598298093531,-0.670648939427242
-1.43316098455636,-0.898350047362952,-2.07777750105352,-0.679800511078471,-0.575444497543428,-0.626970553437169,-1.99393361715711,-0.64871617974827,-1.21450941250442,-2.85427832276267,-14.3746880658773
1.78718017511795,1.10588959421,1.67301893692827,0.217789036743334,0.859478586766241,0.961979732813696,0.675369362628249,1.93941503871494,1.73221455068341,1.67996257116477,13.1271191603171
0.541569749296397,1.58913554201106,0.915423076964946,0.952201993386108,-0.269237952367438,1.36699434831434,0.322049105372025,1.3037725692199,0.982175190163446,1.09191341054608,8.70572009259573
-1.12570713968999,-1.96659901644832,-1.48479631884488,-2.78358210509542,-1.73514145268985,-1.54241192672827,-2.62167224615442,-2.93371975476959,-1.87355113680018,-1.4051378176895,-16.7585413096331
2.11496721858134,2.24385715403377,3.16165851662715,1.28778678935078,0.99677169241648,1.67661728712145,1.78467727859964,1.05503511748155,1.3449982283362,2.19894064823942,21.8634961479765
-0.209159640668787,1.43032586067499,0.290018349851606,0.220604054435079,0.132598804259083,0.612827084205953,-0.131743201264982,1.62181553527033,-0.0605633230753935,-0.733324918933139,2.59811237029607
0.916167690922836,0.975002537431836,1.27149178177113,1.39617259911886,1.14444946771906,0.943905846926419,0.486335794106571,1.64778540223439,0.884499916960879,1.57717505977575,14.391261738233
1.01968732729891,1.41020399516504,1.97612346280261,0.672299226300169,-0.0639977385624964,0.666221583726049,0.298250026438905,0.464618645293468,0.573553295085422,2.18998719553783,8.45605615246404
-0.834206745163336,0.127322711464998,1.09921192306337,1.82947099095834,0.296942378431735,0.487803085665958,1.28606882899546,0.74489873059569,1.66382602925195,0.565730609800489,9.32155787136345
-1.70043967490601,-0.151948999862712,0.311585944417905,0.0510009354749406,-0.945326006153889,-0.878356535712442,-0.0204760867691481,0.353716378329966,-0.825256429956273,-0.291941762282922,-3.17738787782514
0.313855229811991,-0.416734935478541,0.572047931184447,0.634165044551053,0.710609372154525,0.0639684824805232,-0.305011622194504,0.181924478454282,1.47194294024958,-0.0145597179059958,4.83640574039087
-0.347360613116146,-1.57179442650638,-0.772319736723119,0.276016997571931,-0.21268815616506,-0.724914264379225,-0.647634603838502,-0.825608444232318,-0.23367871184028,-0.45067372910917,-3.373351603171
-1.05853678307606,-2.06310116197967,-1.68280834961547,-0.612838103382784,-0.923828309493054,-1.54370073458139,-1.70143140513609,-2.10045361777939,-0.967461777581051,-0.815779565694325,-12.556004594813
0.339207737110583,0.228898716382631,0.79198751801021,0.227741757222506,0.682863471627779,-0.714433997759633,0.348323321294871,-0.0921752733791858,0.832088798773703,0.995477986014225,3.97331787867538
-0.670709358817385,-0.645434629238276,-0.198538367984403,-1.68718549130031,-0.755203363603809,-0.715414333120373,-0.587034450050027,-0.261244786405528,-0.976926261172797,-1.36113214654259,-9.31869397598293
-0.162209346263519,-0.0142168169333906,-0.280512439594291,-0.615031463066429,-1.01417658279728,0.419066500312211,0.380204094587089,-0.936603720800009,-0.779045296750583,-0.540291089854224,-3.06001328630177
1.47478226925889,0.559259391136588,1.53336684791193,-0.15311160138263,1.09694605755605,1.68576075428577,1.05846727175653,2.2827637538554,0.152829619776528,0.685246033623405,10.9804890440421
-1.60270338789833,-0.617835252992386,-0.595686503658844,-0.196459324669535,-0.767277207603393,-1.24859696937389,-1.29075745632141,-1.48309263109224,-0.67458542345969,-1.49784024974462,-6.37758266921732
-1.33005151534725,-0.383559305980435,-0.535320572859281,-1.33878319305356,0.285113523206052,0.0806256234335705,-1.2144772219555,-0.518830557725208,-1.31363360389414,-0.235086623616658,-6.49994415448714
-1.22396988076211,0.027488518664276,-0.654317306766549,-0.526494849132154,-1.22340231945709,-0.606891346395866,-0.529879089496136,0.675206921983727,-0.909451043056244,-0.992167203565514,-6.25433576644681
0.684185487348121,0.722823857570011,0.416285686593829,-0.226356629400945,1.12548045022632,1.15745442495737,0.732117129727651,0.814684834388317,0.641526756040858,0.939930419037234,7.43505279663062
-0.362740628007033,-0.468292800296892,-0.88531586532817,-0.276898404654413,0.191175629037861,0.419066500312211,-0.299456983915961,0.579020947452383,-0.308865513093824,-1.50145960426246,0.719506837958132
0.209937658775286,-0.300779452819644,-0.133454314516065,-0.0760310630268457,-0.402294346521413,-0.460510452586338,-1.54859935173406,-0.397388901718758,-1.39033319261604,-0.680475445400748,-3.17113356605863
-0.49291170871167,-0.0179153863582827,1.43724483238131,0.633113904603752,0.69658425561662,-0.455668150994937,1.20575309479105,0.452159015032164,0.0194799020373729,0.577606222848692,4.14378875863068
-0.815088254228775,0.118256531267534,1.09921192306337,1.7940578818001,1.48348126373191,0.352418124237874,0.866344641731251,1.66170563267523,0.483953494508696,0.594046401494106,6.52835509403507
0.621119374158611,-0.277937773042374,0.742700052933548,0.481666978497587,0.112307798368208,0.609368083627292,0.383121588798005,1.35530002329806,0.276170555191833,1.69871362947339,6.36069660447571
-0.259092173867693,-0.897736575802262,0.0221556057782893,0.852668826498666,-0.698771955402889,-0.231518126227565,-0.188765828208203,1.6158964516281,-0.63963459799347,-0.354637377671956,1.72736453175696
-2.8198151697628,-2.5213358509082,-2.5897243747179,-1.08286373836964,-0.855102877391819,-1.84634811546442,-1.38785168887075,-2.12394958451397,-1.40402650530039,-2.83736058317821,-18.3600881007429
-3.10348363702814,-2.54784047921354,-2.26524338305199,-1.08286373836964,-0.855102877391819,-1.84634811546442,-1.1600255529987,-0.162674113595772,-1.92636579460207,-1.65170180636613,-17.3300427133069
0.172497748127093,0.260843126109729,0.0723209201633734,-1.15995204452294,0.841373766315505,-0.388167796908356,-0.789671632685075,-0.936603720800009,-1.41491859581224,-1.07159776491499,-3.83952485803033
0.313611142982017,0.431839893487172,-0.525787532655087,0.120196453108268,-0.426817896419606,0.265325542961856,-1.017986085495,-0.207111010986219,-0.527757282414649,-0.189273538189757,-1.42073128122356
1.25880666542612,2.05425588559595,0.769563309451631,0.465029393736698,0.890494649765703,0.799407411445524,1.28965685883949,0.728076021607896,1.57023707892212,2.15730346116264,12.6783047551124
-0.362740628007033,-0.400269539285973,-0.228986274735243,-0.78532016945369,-0.539041036381276,-0.402761829742662,-1.4750955890003,-1.07261394043062,-1.3753822607617,-0.617527412292895,-7.19690600461553
-0.306102437121138,-0.657415169127188,0.240842785813694,-1.4902340217089,-1.28693247864432,-1.55783644515403,-0.404919285588022,-0.99434995253541,-1.07758762015563,-0.918622828883267,-6.42608957184509
0.645012620318655,0.147660237358959,-0.0275885861078317,0.795479033933032,0.217589579831769,-0.854620908783887,0.389817736556997,-0.891525119180296,0.929401229765139,0.708771134966084,2.91129090696439
0.256270327703893,-0.582639731094528,0.0949009136297176,0.624345974260584,0.0698303148325522,0.8547245306099,-0.460074667625542,0.298044092575457,-0.575640881075718,-0.121745240535685,2.93789314121131
-0.0187365765100865,0.0655720085634103,-0.435285441125042,0.0422453472374207,-0.821684331188185,-0.0770212844547311,-0.215041003113787,-0.207397163512227,0.437936039047572,0.00632720952377139,-0.982281043102708
-0.162209346263519,-0.289773723988997,-0.609531567889474,0.382082143928465,0.880963162507965,0.337095146831862,1.10719171353221,1.30999829727645,0.541661621429713,-0.245011969983268,4.31562462191859
-0.797980138681058,-0.352203769132276,-1.36769290321951,-0.925414243581585,1.00187892315985,-1.08336905453428,-0.382258881410173,-0.0975475100208776,-0.550223003283345,-0.276615499008803,-5.98299563985786
0.751485247129036,-0.371903638287711,-0.283107373428205,-0.23427288112939,-0.143178397695498,0.910965385382143,0.43545228887341,-0.296979522096755,0.786745656287317,0.828574406016698,3.01718325335039
-1.08426245783731,0.157259863445405,-0.668339727317822,1.02446626102935,-0.42012297527438,0.20654664830076,-0.434963350834415,-0.365162332850975,0.64366797105281,-0.0255607325493012,-1.69082650157096
0.279373129354601,-1.26538763807467,0.240842785813694,0.506488276103967,-0.441846205340621,-0.275204084316653,-0.58691024194933,0.319520013989416,-0.203370230455191,-0.16197907528499,-0.121479821663936
-1.25378201410625,-1.5964853737515,-1.39002657307192,-0.927657464478637,-0.422735028509442,-1.37588345402053,-0.627313574820756,-0.352800335300563,-1.68454680183193,-1.03066777943459,-11.2101566425519
-1.25131877631274,-0.30039205169858,0.400835422976204,0.321151063979156,-1.35094443386044,-0.724914264379225,0.38649283013327,-0.623832030193209,-0.132291594409858,-1.13621482651084,-4.0177339257718
-1.0159347376188,-0.511437616258862,-0.1528209340873,-0.142807413076753,-0.930020541485708,0.520581027584523,0.128332330963158,-0.720549130377602,0.185657629087807,-1.45067194443,-3.83952485803033
1.07080879696104,-0.235568730212253,-0.4559631478401,0.701053373867115,0.90846259586684,1.22877980084214,-0.010931559284258,-0.452728605937337,-0.719258224779478,0.905116545481551,4.90113347229607
1.47478226925889,1.2005755539415,0.950621062478806,1.19108498918521,0.357429458850723,1.33989069929383,0.783807634514049,-0.238610346081958,1.51821971141202,1.09191341054608,8.13304670485373
0.103675575563654,1.21281633984,0.456157384880473,0.900439190560863,0.0925709290905946,1.59011900354474,0.610180065302915,0.35361314043057,0.141242938382005,0.565730609800489,6.4489942091538
0.696119847346759,-0.277945752206293,-1.242769408977,-0.0504480658105751,-0.402294346521413,0.292189418132987,-0.58691024194933,0.564462261017727,-0.116253096248063,1.21216765877502,2.41878450608669
-1.26340228892631,-2.18882704550859,-0.870674374611946,-1.28293428480285,-0.807512891307678,0.198635071581961,-1.39993673523405,-1.62503950308331,-1.48491854704238,-0.861380187481555,-11.4608366158315
0.538327274365903,0.174902644172783,-0.0548143202780593,-0.173454164022882,0.460500250774821,0.726014917730513,0.177193902516277,0.759488057618369,0.502663548180214,0.995477986014225,3.79767479712905
-0.457906303878884,-1.18507685626614,-0.412390285168956,-0.162215149413306,-1.14831401868366,-0.70401696992046,-0.369652267909789,-0.797165229422314,-0.765844324830099,-1.3871001975962,-7.62050119012442
-0.240766814951632,0.356454628008872,0.131030517043988,0.854940240714057,0.118117011731007,-0.32462409236907,0.712246590034537,-0.296979522096755,0.925993841748546,0.327398765674472,5.33563582557416
-0.885348418705635,-0.359090484415776,-1.39566180030122,-1.60888976268541,-1.61646751984891,-0.427703748521402,-1.09257452173879,-2.22165610641193,-0.599990073101687,-1.30942879798509,-11.1186334273007
-1.08426245783731,-0.873465532033842,-0.599099251069502,-0.925414243581585,-0.617863706088847,-0.802264990359758,-1.40171446171699,-0.839488356691439,0.446352072921052,-1.40051394405675,-8.35235509847395
0.916167690922836,1.38430845547339,0.860878482607644,0.732085838309736,0.312582695400214,0.680326654614359,0.866344641731251,1.03364229326375,0.957817139651437,0.84156275535984,9.30105644381915
1.3498912972646,0.191306439537046,0.505942084295551,0.647938185394259,0.335710104405542,-0.130323964201186,-0.596403455881771,0.886696465864549,-0.591345105990213,0.506853333255488,3.73531580574704
0.805002319671303,-0.445192873044422,-0.758057866729999,0.0692887690209779,-0.409948310144745,0.0135896640784866,-1.1281432155672,0.0935462947017933,0.120408744083114,0.108117433365273,0.211627785145958
0.214212211265271,-0.442256756423544,0.0771573878426715,-0.236571656293778,-0.404782516052318,-0.831990695399905,-1.56453682861563,-0.588516025729767,0.236855172191244,-1.17321179563633,-6.7370649980776
0.117229133970556,0.00627787547855228,-0.297950352058583,0.539119068002536,-0.90972590266721,0.906573449411506,0.606522805905402,0.127041677268232,-0.175515917206664,0.10935343462044,1.95334908564227
0.781922168398978,1.72698584940329,-0.0867778586540976,0.732912223632781,0.0246348136501763,0.127821180378914,0.297863968398948,0.390053759698742,1.61435865562402,0.830966026639252,6.29726847683847
1.07080879696104,0.432596507832386,1.8304300512168,0.286707670067202,0.834248102631368,-0.947606434609895,1.21301616673026,1.50111565105702,1.07643182484092,0.594046401494106,8.750873411682
1.28885235336467,2.05983765297012,0.769563309451631,0.930119975602209,0.835171402331368,0.712548318527856,0.505647897428775,1.30518433985364,0.809305173952432,0.983620919137832,8.48197661468683
-1.5815338366062,-0.111200001203075,0.669385864123959,-0.665172562253415,-0.661140358076108,-0.409702678711066,-0.295257173040874,-0.148672925344888,0.505734024666829,0.51442074792988,0.714779238844691
0.355304968623366,0.114428670068747,-0.424615477609954,-0.23427288112939,0.39601131604611,-0.0773786773317701,0.571296406847769,0.758183707369464,0.222721352036482,-0.915603282899023,2.08478786516665
0.105342774756687,0.351888761916378,1.16049470660315,0.40927293466339,0.290498102156137,0.644791204123565,0.0810633576257594,1.32903542155752,0.918619437112064,1.11021608673966,5.58606330413051
0.908963420030999,0.304350071137779,1.13295711279013,0.0740587129507097,-0.0321997984399814,-0.268318702611757,-0.428222290551471,0.931649873955698,1.33983401079374,1.42085486870858,9.05152900378968
-0.0160506474868614,-0.118653503852137,0.319278916372655,0.130656542903194,1.14293701287622,-0.0388593010345486,0.957499116196689,-0.0440247403178357,-1.00142443223492,0.677072198335653,3.20554226304745
-0.175386087997578,-1.1857822376386,0.19833722350354,-0.614715699500186,-1.12783272218003,-1.15168829511535,-1.04814290982562,-0.545548664784833,-0.580867454442418,-1.36113214654259,-8.52756904206689
2.8086990301592,1.7015894884119,1.19686119402376,0.481904113239491,2.26334413841556,2.14251402209806,1.90032879730886,0.860304937185835,0.584824508142291,1.14587770549283,17.0421745918324
-1.98480208045238,-1.92903062595753,-1.44374326596731,-2.60251239139833,-0.807812527562027,-1.00655560879976,-1.5425803911727,-2.04895349945093,-1.40402650530039,-1.65170180636613,-14.2566437622471
-0.20452338410738,-0.445393295011053,-0.733592914217852,-0.701473946482967,0.614941812557817,-1.95358849813899,-1.40176653717113,-0.867915045640545,0.100814864076763,-0.87393427048093,-5.81368630905483
-1.22118007815896,0.027488518664276,-1.01649385404949,-0.81493981679965,-2.12063457209391,0.0635087037799907,-0.404919285588022,-0.61034470599321,-0.346397673207501,-0.538119191598899,-6.49206365084619
-0.175386087997578,1.11048232764399,0.161680535860069,0.136054356579626,0.347854355759603,-0.383795208145987,-0.385063756782496,0.81482337292555,0.0546325493399263,0.125113679474969,2.50861962382554
1.02621595283987,-0.00551936008057692,-0.0625196203234304,0.797342678404184,1.23044180633735,-0.385662277189047,0.902118023672397,-0.527619209951099,0.505672729135818,-0.0868111590538287,6.15081635614159
1.03272688282362,-0.00551936008057692,0.392648437069355,0.690095969348174,-0.399179628350086,0.551671737725853,0.751131342587055,1.65172463240424,0.46787632075816,1.33697897383755,9.94894686390166
0.636748229560237,-0.366974069744578,0.227844105152558,0.289073748465785,-0.389541685143471,0.519048260880511,0.00356671801836027,0.241774935051741,0.458261353326347,0.438881979885175,2.00915449273364
0.916167690922836,0.975002537431836,-0.837609556422448,0.412767695019217,0.058454602991822,0.224841030626024,0.383121588798005,-0.185941953940848,-0.09849238130321,1.51670263490349,5.48725228485851
0.781922168398978,0.107006372922175,-0.264528756128174,-1.47268543772849,0.275539496464246,-0.867519159102588,0.520923797951164,0.398445972200293,0.574620003891783,-0.686326989990845,-1.02782848513029
0.219709245001121,0.126839909788395,0.742700052933548,-0.193943072175076,0.460500250774821,0.568214382082993,-0.385063756782496,-0.185941953940848,0.196293846269785,-1.01473591429236,0.766437794472536
0.321882327281879,0.622804360222074,0.161680535860069,-0.193943072175076,-0.264870536211823,0.869793758959202,1.66789798256114,0.881228765572626,2.29615042633709,-0.187580793960934,6.4489942091538
0.739616272438884,1.33640940547738,1.91037749333414,1.51793664694437,0.357429458850723,0.823277893594607,0.756423982496092,1.72935403490468,1.28711150661995,0.866488389397607,12.1431477257262
0.178146906765857,0.674106529695885,1.36407708145579,0.0740587129507097,1.48282475274366,0.828633826643056,0.195395428011775,-0.286404095728073,-0.09849238130321,0.28687427607194,3.97497410985567
0.206778128232194,-0.0454286979039456,0.582039840234374,0.388203718059454,0.800637575092317,-0.250314331882139,1.58776245878574,0.878670224359233,0.289012661412953,1.60557846824133,7.16228439457031
-0.344913594839991,-1.57179442650638,-0.394348535743816,-1.1811077805619,-2.12063457209391,-0.613500500291584,-0.242435233710996,-0.915966871846193,-1.21744785927656,-1.23067125948628,-9.98375880220859
-2.03841915387046,-0.641326530781306,-2.36150257785963,-2.02182578043909,-2.64947999073656,-2.48921424492371,-1.99890191531334,-2.01563953124582,-2.29989802831432,-2.6840929083681,-20.2307590141193
0.117229133970556,0.00627787547855228,0.777362934926964,-1.15207633290839,-1.44354459303428,-0.234632539276091,0.678541694993025,0.482041825135186,0.903874522700931,-0.262042476083589,0.517579996067384
-0.149521871200838,-0.796726123183596,-2.05551453788391,-0.121732816123544,-0.158160310214233,-0.0726654335933326,-0.0204760867691481,-0.840913389957974,-0.330407537962135,-1.36113214654259,-5.24754517448499
-0.0311014336489532,0.0485417922066111,-0.757725267446023,-0.692796017063953,-0.547542839463025,-0.78789130336166,0.975929181456753,-0.889750290187901,-0.669772277370126,-1.45067194443,-3.23201083633779
-0.162209346263519,-0.289773723988997,-0.349312991701958,0.197605923102917,1.20122670916259,0.412845021101225,-0.363616181849569,0.485202863084201,-1.58828995697762,0.962398979982364,0.549846729743005
-0.0376932610371345,-0.684033917746949,-1.1906546733199,-0.470647418478199,-0.00213553302885826,0.426012919961893,0.932938849431208,1.39968242188063,0.540617046144932,-0.380147435177929,-0.400923423054067
0.187964391805421,0.0728283599557031,0.715019717331442,0.00534633674035234,-0.523419295105417,-0.903342668003599,-0.560924497929529,-0.316983753269679,0.176623520096693,-1.47650739374026,0.856283838153447
-2.12395899112149,-0.274718951024503,-0.200296703489683,-1.96054807220368,-2.02355801129546,-0.395154717409674,-0.35654792220989,-0.55639033684876,-0.781779168455308,0.202950378601016,-6.96147015661681
-0.0160506474868614,0.0655720085634103,-0.358469611260388,0.294483639650659,-0.527804130667769,0.810770861520445,-0.152107583116106,-0.594017461110553,-0.203370230455191,1.07453834324327,2.70079077428133
0.704151651146027,0.685305747180505,1.28153620393206,-0.346897649407919,1.39077972913922,1.76997707741306,0.0715522277192314,0.669917940033587,0.0758400937590445,1.25008050710394,4.71246013818239
-0.460423202466237,-0.980386473787341,0.186436277345421,-0.485778153698653,-0.539041036381276,-0.346421115231894,-0.295257173040874,-0.774930211338409,-1.85229143223078,-0.0404171074790143,-7.03919661419401
-0.588677417878143,0.868620880441264,0.149126804791176,-0.772262718929287,-0.49510518714431,1.03389797218656,-1.21412751928007,-1.03124030659001,-0.847780831096111,-0.806827974806429,-1.02643746447266
-0.046560026160749,1.88327566622298,0.598209383713704,0.335942274162525,0.109459017228736,0.98643644500445,1.5227816703568,1.09755929796117,0.564727331335221,1.31710966038157,8.72423225726719
0.392802674344825,1.99558775374698,1.30379755761798,0.593528413901178,0.67227453817182,-0.605145173443393,0.0715522277192314,0.231069884300532,0.427156450655278,0.87848714910475,7.16228439457031
-0.957837065350705,1.09490692005235,-0.293878945986566,-1.00232506877225,0.428080153294787,0.970392754755575,-1.56541934637804,-1.04415977893241,-1.0913326229051,-0.869426124606554,-4.24799227056253
0.782203988549377,0.107006372922175,-0.264528756128174,0.199405100658386,0.58638265759461,0.0639684824805232,-0.385063756782496,-0.743795669867588,-0.14869586519088,0.278624962818655,-0.400923423054067
-0.585952418673734,0.849311812036988,0.97018314464118,0.0856182386495999,1.73947185844588,-0.670931195120129,-0.457759204675382,0.46772145384524,0.0302313001808231,0.506853333255488,3.81117872857911
0.714864179914104,0.900582073331772,0.81363914213696,1.12642845957629,1.02213113978597,1.16430244008899,1.44404948722246,1.9042033996018,1.10945610367971,2.16597311827274,13.909623461756
-0.563559104466696,-0.514303453695118,-0.416060712415943,1.02446626102935,0.147707521014366,-0.237313485852761,0.347219189001261,-0.0356913419970949,0.739072000578956,0.434174337949447,2.59003673173929
-1.20287189463308,-1.99148712910792,-2.02287100010339,-1.50590528859967,-1.90112115432649,-1.54241192672827,-1.88386223941808,-1.64412754298966,-1.74497706894099,-0.838326951734425,-13.4121749263727
-1.50775863430297,1.13755428557159,-1.35962603914722,-0.442527007946409,-0.0898654330255018,-1.00795352598264,-0.00295000528115814,0.434460661939909,-0.678465841471144,-0.87208152415199,-3.88552111473087
-0.0558986391919504,0.864330868649625,-0.4559631478401,0.289073748465785,1.21855162566306,0.612827084205953,-0.596403455881771,-0.649936278734793,1.67925728672024,1.29540450801021,4.12704448047467
1.04619991744477,2.04589184953862,1.28800177483688,0.217789036743334,0.1394473397346,1.61422068304358,1.07190025796481,0.167265313898352,0.469603142831639,1.04805549281012,11.3185293741064
-0.927152057726647,-0.812365571705163,-0.690997335735876,-0.216026144194366,-1.11666787874816,-1.70730169034324,-1.23770990367782,-1.17904238875558,0.355513041129365,-1.28163970793201,-10.2775269420687
-1.17930163009419,0.0302257835605308,-1.36769290321951,-1.03376087391622,0.573903478558728,-0.0726654335933326,-0.660226019689113,0.241707509067677,-0.621696167367635,-1.77595235040931,-7.8130974053803
0.306644927864604,0.606836787933438,0.812073179683941,0.0615350910289701,1.22343898344206,0.152060076912504,0.571731826728349,1.03278632064618,0.641526756040858,-0.0747841133806431,7.23210715204006
-1.1297590947544,-0.0386073837174509,-1.36769290321951,-0.611692902627659,0.488431088997609,0.261575213238107,0.67127305309333,0.856723418077425,-0.57579910115862,-0.484558779444479,-1.69872194187858
0.53265407655193,2.26350538856294,0.928407329782431,1.67042717600465,1.00325345876357,1.49466935600084,1.09214442662922,0.96860776295528,1.28711150661995,-0.369782209032999,14.1410995516771
-0.213134374909654,-2.31995078175697,-1.07399523433536,-1.7484890302395,-0.707098621336085,-1.26901736680148,-1.56009964519998,-0.652507748131714,-0.429758819672174,-0.424379187147704,-7.97541418661924
-0.651547487771631,0.619119561226756,0.0904777551842335,0.120196453108268,0.791876793461108,0.280810865470214,0.0763150354265596,-0.891525119180296,0.634179214055208,-0.177333595615261,0.906992822355069
-0.821763780278133,-1.0477330997545,-1.67758298091981,-0.98170752634208,-2.04003866410907,0.198635071581961,-0.235492889895656,-0.839488356691439,-1.48777310332866,-0.252295558398268,-8.40304753321976
-0.177321457648132,1.11048232764399,0.161680535860069,-0.259324922302034,-0.455162221629156,-0.712665243813685,0.558887086325338,-0.903718455938346,-0.0289661152577989,-0.262085259230731,-0.18211451538874
-1.02363370225036,-0.281520860873862,-0.411229992671544,-1.4387636609742,-1.69459439237527,0.335692925426303,-0.719577675052339,-0.261244786405528,-1.21744785927656,-1.3871001975962,-7.30058005971548
-0.240766814951632,0.356454628008872,0.131030517043988,0.018399502958095,0.264961719501183,-0.712665243813685,0.655346996522046,1.51733143335615,-0.175515917206664,-0.267527099634428,0.445724811853673
-1.43316098455636,-0.898350047362952,-1.14675640336775,-0.500623009784653,-1.87700107101858,-0.781574498820496,-1.09257452173879,-0.495080524675499,-0.539184365832355,-0.830850713173653,-9.59424238812015
-0.20452338410738,-1.47839789076868,-1.3187177658985,-0.784069317448085,-1.33124080205764,0.335692925426303,-1.51380974534097,-1.45412033806174,-0.968430367080959,-1.03066777943459,-9.98375880220859
0.00634507033605632,-0.15230855749762,0.0753224396882258,0.0547557230649763,1.4951438018111,-0.383795208145987,0.0763150354265596,0.198216025355589,0.433734836149142,0.0250465074358353,3.10572083679716
0.297639321967905,-0.928504576535659,-0.472627939634905,0.580115793398095,1.42182413621013,-0.986076645685725,0.0956260971450405,0.482041825135186,0.160284612875612,-0.346672538142321,-2.04536725714139
0.936794905815507,0.397542745385767,1.39423310512894,1.26734936872302,0.418149989731262,-0.834978114883438,0.799008338327795,-0.446749338964127,0.108255034902055,0.213406737837972,6.14688477427733
0.00313716846127093,0.759203666064289,-0.00688515622042214,0.26335281754592,-0.160489537912541,-0.32462409236907,0.233425092342701,-0.0289297064996789,-0.459132017722821,0.0510506848366447,3.33882768070714
1.10617612247209,1.46951829116651,0.59659244012276,-0.0929497190621918,1.28148344187905,-0.947606434609895,1.13273781574961,-0.60871086337545,1.37951385838959,-0.733324918933139,4.01234776540161
0.685330403158606,0.654320905954049,0.0532447668757891,0.607300336484842,1.74404405735426,0.653949328590604,0.510712096785584,-0.171998014693878,0.435630429236554,0.642797126445277,5.75710475650299
-1.97077573466743,-1.07447378904235,-1.71282274314285,-1.32269205836508,-1.5246629553947,-0.150653965695744,-1.78667417577568,-2.10045361777939,-1.42700048237574,-1.29590291534288,-10.5551990503419
0.719544902602407,0.547257094877582,0.330782459653762,1.10842834209656,-0.232857205444371,1.59011900354474,0.196111295472094,1.08460667734494,-0.152502827275605,0.187593172241749,2.68099585644936
0.896094173070557,0.581622778278556,1.21159688428735,0.877101178410111,1.02213113978597,1.22789125331371,0.448020616975188,0.268088587493835,0.564727331335221,0.973696214080695,8.79814348698823
-1.25823408047524,0.553957000191172,-0.520521008972637,-0.0938454439819738,0.317127036364745,0.430393433753773,0.961892535011818,-0.187185465432427,-0.291284484833193,-0.137157055298032,-0.600493893035849
-0.99903874655518,-1.74069818887673,-1.19402070641616,-0.759469093055777,-1.20112451124169,-1.01187913918987,-0.235492889895656,-0.491099164577151,-1.48777310332866,-1.15064597502776,-8.99824008962813
-0.135739026986098,-0.0943597327864062,-0.83993021519533,0.875672871665457,0.602924342220968,1.51222523603694,1.28721728114725,0.0824738377424899,-0.09849238130321,-0.590158423369751,5.33563582557416
-1.25856408135322,-0.40752507088133,-1.69773937877556,-0.082713071134315,-1.29832203412902,-1.31497661038712,-0.365850143154973,-1.31919102852131,-0.370241046099784,-1.94159811600674,-8.99824008962813
-0.560590303279509,-0.744649426061551,-0.189618190234093,1.02446626102935,0.0348539136339109,-0.0166887496595942,-0.698311774562035,-0.207397163512227,-0.116253096248063,0.392122953157336,-0.457679083445071
-0.699737392640969,-0.509336248018305,-0.266990964102662,-0.540689012263992,-0.283145449800987,0.140055564455598,0.0910796449569352,0.856723418077425,-0.83797784479683,-0.0776501219291094,-1.19323070380346
-0.634873945035545,0.916574482965421,0.476170272138243,-1.15207633290839,-0.271480535864864,0.810770861520445,-0.453639211103433,-0.594017461110553,0.789805555160766,-0.750378780193309,1.89842944842078
0.42477392215894,-0.150038483111611,0.149126804791176,-0.691721690470616,0.622024746401608,-0.986076645685725,0.723557159906999,-0.495986924683392,-0.725682484074343,0.24890655508278,-0.824869883822722
-0.078401846995315,-0.469350402830056,-1.34858077156864,1.1249866197073,-0.15939422780325,-0.0916757320643283,-0.119530999759133,0.579020947452383,0.408381312777494,-0.8433738890945,-0.529952573421895
-0.162209346263519,-0.289773723988997,-0.349312991701958,0.680305751565228,0.39601131604611,0.337095146831862,0.583401431961467,0.198216025355589,0.0223791375097828,0.73780707227524,1.28985280372332
0.744796297845849,0.899472712276173,1.13191203262538,0.989835712619626,1.64199417424475,-0.941238528503859,0.488935767525273,-0.304463907224718,0.901356290260628,-0.0551023847994113,7.78276699271776
-0.633314487262544,0.430575933851579,0.0290531574098308,-0.12147626307975,0.206359520923249,0.649273900014323,0.00356671801836027,-0.818016482371407,-1.47900868586531,0.146625497171871,-0.670648939427242
-1.88510268175933,-1.55096472044875,-2.62321632326097,-2.06978735761246,-1.91166001448349,-1.14348274867014,-2.62167224615442,-2.01563953124582,-1.40402650530039,-2.6840929083681,-18.0361724500723
0.896094173070557,0.581622778278556,1.21159688428735,0.645712626379744,0.0246348136501763,0.636598286899425,0.402064798433191,-0.171998014693878,1.63367413688828,0.710934671859652,6.31988363110531
-0.0349598846189981,0.0485417922066111,-0.304602675766667,-0.152648525368598,0.574804058530429,-0.165571058808194,0.571296406847769,-0.818016482371407,0.446497999599616,-1.61377438542173,0.826421307391904
0.382123960866526,-0.888382812070335,1.43724483238131,1.51071469683252,-0.296109953653461,-0.250314331882139,1.58776245878574,-0.514712246041594,-0.121617399451514,0.506853333255488,1.649454466798
0.369639007582279,1.3138203200107,0.197209256685646,-1.35695677919869,-1.09879983953381,0.480247942481792,0.15820716622782,1.51056650048156,-0.798870773222274,-2.01065617599306,2.06983004101714
2.15339224475669,2.75919701396169,0.746181241556055,0.903334797313948,2.26334413841556,2.31007362242127,1.43797051666698,2.93961312616867,-0.040301651575779,2.71247702366704,20.5453719084171
-1.1943587551131,-2.32394589071564,-1.68240249874195,-2.24870966495984,-1.73514145268985,-1.25396543579041,-1.38785168887075,-1.52844061949653,-0.943209429000906,-0.365438141390058,-10.5551990503419
0.916067837261437,1.38430845547339,0.40276222014067,-0.346897649407919,1.23044180633735,1.03365125927073,1.54643399517161,1.60766682969326,0.543162073120823,1.86560894913193,10.9804890440421
-1.22118007815896,-0.752302542320799,-0.898939023381024,0.276016997571931,-0.760252209596137,-0.984007943274897,0.424693009625717,-0.902425497508132,-0.847780831096111,-0.640165072108992,-6.49994415448714
-1.66880034864685,-1.50796033949139,-1.68105106872479,-1.949229993369,0.0876449428474404,-1.30446243629947,-1.43152779597188,-0.892117853569767,-1.42700048237574,-1.4914236886892,-11.0978005368319
0.234796432813919,-0.363152613126564,-0.581353123188483,0.192389191625631,-0.175811990672335,-0.901095910917079,-0.983985397982645,-0.851274884391317,-0.0878842603954185,-0.174308985945848,-5.4531339024297
-0.699737392640969,-0.509336248018305,-0.49164812748151,0.97179596072874,-1.02530610491511,1.06821838139232,0.0728765516887244,-0.347995236814929,-1.55059153379458,1.16542869213108,2.53238019247608
-0.585952418673734,-0.226288850809915,0.498614493928926,0.474025867001818,0.102267035667639,-0.430817911214931,0.908756316157245,-0.6243742952366,0.804428276231562,0.374749958603496,4.77806177690534
1.104129524494,0.775188992107695,-0.388743336888174,0.227741757222506,1.74404405735426,0.849075827189164,0.89836534381148,-0.237533496612352,0.110232026363923,0.17858424543464,7.23210715204006
-0.45858070916422,-1.18507685626614,-0.720879169256634,-0.422626687279873,0.570196462036174,-1.73488475045744,-0.721446327036598,-0.635143215419979,-0.97158743532151,-1.30726533473267,-5.55452899517164
-1.5081998084981,-1.19286474738705,-0.455056263658944,-0.516191455845123,-0.523234804071982,-1.00217993973329,-0.93155335970881,0.523715788317479,-1.18991682843731,-1.20453313118028,-5.01832944502187
2.03276881526507,2.55435483400672,1.31757418394301,1.85791683980107,1.8891597832771,0.805187651558728,1.60830082220727,1.50261016945162,1.3449982283362,1.76004177328823,17.8910139607084
-0.92079817140158,-1.92482363714097,-1.28843849399179,-0.890602932650986,-0.671902968116395,-0.22828527878142,-0.847887448579237,-0.546842136662823,-2.14555230978853,-0.864919257474477,-10.027114399379
-1.60270338789833,-0.794755637843098,-0.200296703489683,-0.611692902627659,-2.40725914434429,-0.626970553437169,-0.437299383078854,-1.45412033806174,-1.93457430115674,-1.28163970793201,-12.7020505033192
0.103675575563654,0.633861183966796,-0.525787532655087,0.086079319032932,-0.832156761133528,0.663097168657619,-0.522997349742193,0.280422596157684,0.200062331744278,-0.210639451495608,1.68298679672788
-0.259092173867693,-0.897736575802262,-1.36769290321951,-1.60888976268541,0.573903478558728,-0.744940441514231,-1.06030172366972,-0.61034470599321,-0.103059619578316,-0.280381536187055,-6.49994415448714
-0.325390061102931,-0.226699893521243,-1.00240116674624,-0.693322545806236,-1.44597849158184,-1.57013009623464,-0.40422236689715,-1.03355697641106,-1.0913326229051,-0.12825330266505,-9.31869397598293
0.782203988549377,0.253578145424234,0.392648437069355,0.227741757222506,0.271106999470363,0.732021848697032,0.315492283492754,1.18591237991028,0.918619437112064,0.0909335611574509,6.0345610574853
0.0668097691559174,0.60192529214568,0.812643944802813,1.77690070335964,1.1087729786803,0.828633826643056,1.63474237976674,1.61389917829488,0.884499916960879,0.350499103355619,7.84338751565245
-1.14018153043071,-1.0380199204492,-0.908396248679353,-0.516191455845123,-0.0302688986716985,-0.337561754246243,-1.16995111785569,-0.88038002425966,-1.00954811654235,0.234248764001707,-4.76589189033703
0.685330403158606,0.654320905954049,1.39423310512894,1.67559079507386,1.33644595613599,0.616440403719386,1.28569223015996,0.692198750436272,0.641832724192293,1.16746571920887,12.1609952796167
-1.22077889060701,-0.752302542320799,-1.40918235683947,-0.935716651755221,-0.75646545182268,-1.61746457088881,-0.561735378315066,-0.246312859935126,-1.11242176184522,-1.23067125948628,-9.98375880220859
0.731792264023729,1.67919942206579,1.6090470755969,0.465029393736698,0.418149989731262,1.61422068304358,1.48984929377875,0.159448301315066,1.52512089359204,2.47160134725306,11.6261104975452
0.563968982907372,-0.250166490769134,0.0398726185690066,0.209767269167403,0.685540701126004,1.16890825142761,1.20575309479105,-0.39078285384797,0.00986325407323814,-0.813962845546702,3.59524345831109
1.17672979083444,0.704361560565298,0.346251544798452,1.61360969252115,0.0259709590479999,0.930672028223747,0.0715522277192314,0.405723976288812,0.0895546327992,-0.0551023847994113,6.0275554940376
1.6538070753454,0.472843961281122,1.97916490058242,-0.0785854535135791,1.33212047607432,1.35997309615475,1.66728165696566,2.73124738053369,1.445052755522,1.32962748226039,14.9954747944724
0.629315637889157,0.282012242198285,0.918853387883036,-0.328297695516363,-0.771815115765598,0.653472244677532,0.207212480503676,-0.212231362316011,-0.660540010510085,1.51670263490349,3.67597234937621
0.223661527881575,-0.363152613126564,-0.0877217315317632,-0.736352290202342,0.414693355852625,0.32979167679599,-0.255631409874099,-0.521164508567366,-0.83797784479683,-0.0776501219291094,0.126446454470132
0.0440946500671862,0.181992517520398,1.09924197272665,-0.516030567325648,1.02509451058311,0.580601498928588,1.20575309479105,1.40549166394619,2.07853909273752,1.59141855410838,6.46401221043657
-2.46643292763678,-0.539165728005109,0.270625793900011,-0.422626687279873,-1.24058428223719,0.158352405757166,-1.48829699553792,-0.688124935958228,-0.539184365832355,-0.513402046787394,-7.15750674349237
-0.651547487771631,-1.23152926019919,-0.394348535743816,-1.94831082884696,-0.575521936232773,-0.673267417871486,-0.82430379334105,-1.55554324961212,-0.454119529640411,-0.252295558398268,-8.00842921305077
0.157707735764999,-0.511353133094623,-0.33497210199481,0.0525084088907291,0.147707521014366,-0.311351916791085,-0.607610904428396,-0.207397163512227,-0.0423680298322545,-0.0457151957489643,-1.42073128122356
0.206778128232194,-1.07780807430789,-2.32519868515964,-1.65342252220543,-0.811149639760906,0.335692925426303,-1.30517156779149,-1.55962606099761,-0.620081227459059,-1.30942879798509,-10.5443539436218
-0.584376893015538,-0.226288850809915,-1.00585910447355,-0.0120704993831048,0.514597175287934,0.041874475697051,0.015549663995494,0.588187799985208,-1.07228316756554,-0.353570098201705,-1.63961551560409
-0.424454210226378,-0.12264173073197,0.199686507521356,0.624345974260584,-0.14705213681686,-0.294930858434856,1.45152381645541,-0.257832256624118,-0.243165469088516,0.0397540189367248,3.53361154492656
-0.89766880530847,-0.917362744403413,-0.453994141698128,-0.703163956844487,-0.921776131136891,-0.337561754246243,-0.846214814784173,-2.03494582068116,-1.91194752844095,-0.969189988610623,-9.98375880220859
-0.834206745163336,0.127322711464998,-0.520521008972637,-0.278168018004203,0.203560764401969,0.430393433753773,-1.38175160123756,0.822403782317643,-1.10807322252339,-0.534189923969939,0.719506837958132
1.07218675420037,1.03124527529726,1.91037749333414,1.6134493486981,0.182558522455748,2.37173091845953,-0.703988532299112,-0.238610346081958,1.22793876764758,1.58317810326152,12.1609952796167
0.786449179410997,1.72698584940329,-0.833021963525616,0.220604054435079,0.109459017228736,0.572220345036605,0.0810633576257594,0.125110517503638,0.0261776931037614,0.0267149240467742,4.90113347229607
0.244988518792639,1.16680065504995,0.416285686593829,0.138929623362474,0.987876163150063,-0.173698563333106,0.727043395341804,0.965398628267043,0.591539261764059,0.28687427607194,7.78276699271776
0.126189087279598,-0.673186818990203,-1.34858077156864,-1.26802740658712,-0.184821362437318,0.206048491559044,-0.0862266002527702,-0.347743619764086,0.0145817634008747,-0.380518361124406,-3.45595698903398
-0.923489302250104,-0.697917362394394,-0.720879169256634,-1.94831082884696,-0.903912515005517,-1.16587486714065,-0.627313574820756,-1.46943331782068,-0.620081227459059,-1.14681058715985,-8.99824008962813
0.627294164939548,0.441091623324272,0.632480144786859,-1.22042513657577,0.393503420981797,-0.610078610546763,-1.21211103294021,-0.0984147029848974,-0.0457356944781451,-0.606598298093531,-0.495454114255474
-0.117652619367148,-1.6065190648296,0.17949600669689,-0.729841024982693,-0.142897560594475,0.109895007472632,-0.382258881410173,0.757718120793685,-0.669728160473374,0.136726428994769,-1.94769139820801
1.43594325324428,0.951451171838929,0.393848132380822,0.877101178410111,0.801982816774146,-0.605145173443393,0.461023534998543,0.296630452122173,0.543162073120823,0.783952916114976,4.57867645248172
0.0810190511743482,-0.609814938573122,-1.04878477226866,0.97179596072874,1.32493178831239,0.989294890469562,0.476427735726034,1.48785454309041,0.087824114064765,1.28202668309309,6.34520843478247
0.576784872145844,-0.787936382656672,0.0290531574098308,-0.152648525368598,0.208499737646847,0.179525199200363,0.129727760543929,0.661742782267618,-0.520258041574445,-0.137157055298032,-2.04536725714139
-0.588677417878143,-0.435003136811479,-0.117963083111886,0.2119835792554,-0.894188225299386,-1.22657936812955,-0.660226019689113,-0.420614724245188,-1.30818729511734,-1.71391113258894,-5.77350600092209
0.313611142982017,0.431839893487172,-1.14218628646304,0.926675646161811,0.800637575092317,1.51185586197601,-0.474339873331881,-1.13571715094491,-0.206867248504131,-0.517306951710927,2.70079077428133
1.6538070753454,1.97128310530547,2.16851284054332,1.85791683980107,1.07695729945071,2.29879677268153,1.67194776417115,2.49208320312345,0.196377730942233,2.49151377460718,21.8634961479765
0.382123960866526,-0.295071435470855,0.718516628293676,0.742773227825044,0.290498102156137,-0.434774627818352,0.0763150354265596,-0.257832256624118,1.71310139215233,-0.686472706765076,2.29155370422433
1.09267826664626,0.239984477030641,0.777413830334055,1.41868019167796,1.15543634631078,0.794557941850289,0.448020616975188,1.03364229326375,1.9120301443905,-0.362466044011611,10.3415874768321
1.17672979083444,0.704361560565298,1.27149178177113,1.28325328490711,0.40243218111975,1.09727403301051,0.495058617739951,-0.0202364747673343,1.25854640029692,-0.329648054984546,9.51704198206235
-0.640317945249505,-1.03153275256292,-1.21674782611198,-0.0762893308449756,-0.760252209596137,0.58294954569484,-1.07722440936341,-0.850413894197544,-0.825097421047313,-0.0791119219621103,-5.24754517448499
-1.55324298359513,-0.822251005118691,-1.17958397194456,-0.912909944685489,-0.671902968116395,-0.28334222788993,-1.04878328661945,-0.546842136662823,-2.14555230978853,-1.49784024974462,-8.00678154283578
-0.481516907838176,-0.0663729937804781,-1.04878477226866,-0.455957750671419,-1.91184790464651,-1.48942377864118,-0.131164497940409,-0.629884325106593,-0.38380792284147,-0.538119191598899,-6.84051760393398
0.323190228157233,0.622804360222074,0.161680535860069,-0.193943072175076,-0.264870536211823,0.869793758959202,1.66789798256114,1.67744617247004,0.965129171343989,0.895671574732639,6.18877384435198
0.781922168398978,0.107006372922175,-0.264528756128174,0.199405100658386,0.132598804259083,-0.79248767341765,-0.586324164090599,-1.26578129957538,-0.382013341068985,0.0837657459295295,-3.19686073469983
-0.347360613116146,-1.57179442650638,-0.772319736723119,-0.260296029350362,-0.0270987645650816,-0.813261396469193,-0.490817176184095,-0.0975475100208776,-0.580957653836615,-0.617527412292895,-3.81598646744848
-1.00352997197273,0.994844717368245,-0.848378682066587,-0.2489534828186,-0.372239303160538,-0.976977149623118,0.294380824014606,0.400097187530823,-0.0423680298322545,-0.8433738890945,-0.879946280071253
1.19273014726136,1.35441500936453,0.483457893080356,-0.412990851946274,1.19649825816519,1.16430244008899,1.56325298684815,1.19753381946133,0.934038303492976,2.13357125493916,10.6614518517948
-0.563559104466696,-0.514303453695118,-0.25416206970503,0.454384990928264,-0.163390750486562,-0.169260367326061,0.0330934404623234,-0.207111010986219,-0.454655561140892,-0.534189923969939,-1.94769139820801
-0.0930290342113032,0.397089020542916,0.0398726185690066,0.480182685291533,1.55040049398041,1.36925961016025,0.186405954597127,1.14814933913974,-0.092725168603076,0.787385992945502,8.46707578594738
0.0668097691559174,0.972008804095331,-0.0625196203234304,1.44781734858079,-0.296109953653461,0.255046921312011,-0.53341875539971,-0.891525119180296,1.49451461709894,1.55697444868291,4.14378875863068
0.0608678049029384,0.707429206315078,0.739075111334685,-0.0699494330613536,1.17527897983056,-0.670931195120129,1.38190926295269,-0.603391784994883,0.374649616346066,1.42085486870858,6.2870054250205
-0.202928265153298,-0.867745630275868,-0.416060712415943,0.412180921585903,-1.30798472436457,-0.380677564376462,-0.382258881410173,-0.331299022106085,-0.876109393402067,-0.444076989862259,-2.81040522788641
0.190372614587454,0.0728283599557031,0.715019717331442,0.00534633674035234,0.0260115874464895,0.52503505547902,0.486239013063784,1.25215641464019,0.85042993329135,0.0748042709784179,4.12704448047467
-0.272969184394955,-0.528220739936024,-1.18231329363586,-0.582002615210699,-0.725039680262477,-2.18499143433399,-0.738982911406504,-1.05360874690745,-0.500807715148589,-1.49784024974462,-9.16948425746704
-0.218738201727378,-0.341676565342995,0.3176010691982,-0.782715624323115,-1.03694156494946,-0.790130703588479,-0.302911988826246,-0.812302680022726,-1.83766962642373,-0.444076989862259,-6.39942852486965
-0.422308399764528,-1.23726862883058,-1.69773937877556,-3.11275328225871,-1.54389433898315,-1.41936419918521,-2.36079976269349,-1.52844061949653,-1.80560138669967,-1.65170180636613,-13.4121749263727
0.264374712232066,1.23333464713954,0.676819732953783,1.82970484904516,1.15543634631078,0.879788303121219,0.954390895578325,0.961400415731326,0.90108234704823,1.04805549281012,10.5585959738431
-0.923828352786216,0.0500787448888392,0.756933677116917,-1.43273444686745,-1.94047990554417,-0.753392522820168,-0.738982911406504,-0.181698765443542,0.55948220324874,-0.386697686732809,-3.47122250093478
-0.416532208880452,-0.165546702056934,-0.787587606612412,-0.621417958918857,-1.14040456366921,-0.0496425247669287,-0.497549791768441,-0.170115988624954,0.252963953327847,-0.494415518758368,-2.74990355923627
-0.670709358817385,-0.839554151612324,-0.321187461606841,-0.730169555756702,-0.878131393241857,-1.0823564836191,-0.407194086089214,-0.762977502285001,-0.78992503001452,-1.21600750380695,-5.38112423009436
2.23362448302357,2.31415405854563,1.19686119402376,2.02172336917889,1.8891597832771,2.35107486892649,3.12671496923554,1.99091773957218,2.78023131005108,1.35658319014915,22.3533577601967
-1.53129357979742,-1.19286474738705,-0.853182606162748,-3.11275328225871,-2.27042118602226,-0.84421991897591,-1.39897076173401,-1.40228740279665,-2.39204135896674,-1.36043931917601,-16.9804092291592
1.25670812923135,0.866183717120915,0.915423076964946,2.71702638871645,1.65221781994741,3.14578032952601,1.67194776417115,1.4141655477693,1.13055171033821,0.764826834508946,16.0738849147937
-0.945827828662878,-1.3186134918256,-1.27525614237819,-0.314151846687711,-0.799612682491502,-1.16587486714065,-0.365850143154973,-1.78023652170581,-1.24508636681374,-1.14681058715985,-8.39229056265079
1.37423664331419,1.04665330240956,1.97612346280261,1.62741808338937,1.90902268181734,1.51230876224353,0.884051087226818,1.31138223661281,0.901931758555672,0.647981702412703,12.3924438183645
-1.07887373322044,-0.873465532033842,-0.898939023381024,-0.408577992584587,1.00187892315985,-0.420055218440301,0.0200271686733208,-0.359529694523501,-0.642500440912526,-0.755640071340366,-4.00510643363847
-2.12395899112149,-2.23424149652886,-1.01559739835354,-1.50590528859967,-1.73514145268985,-0.835895919525,-1.5425803911727,-1.47634081196976,-1.74497706894099,-1.36362736311537,-15.0345145411837
0.20217898796075,-1.54015931888913,-0.669659694578359,-0.0982054712321487,0.430068266711181,-0.742892446171835,-1.1375922378564,-0.840913389957974,-0.206514469778591,-0.334149841189338,-3.17113356605863
0.178146906765857,0.674106529695885,-0.242986157049533,0.996634413596215,-0.30611232798483,-0.683055614332288,0.962360375043212,0.066841284271522,2.29615042633709,-0.364412196544198,5.17075049546136
0.731792264023729,-0.146706082266054,1.30488302056506,0.900439190560863,0.155698031348356,0.311204241159454,-0.457759204675382,0.747890835735274,1.51560388737331,1.08449237430079,8.33939785589241
1.40778230129216,-0.336983320178755,0.632480144786859,0.231644012695025,-0.267244951379979,0.198610922594648,-0.234068123242561,-0.0619030939888063,-0.0545131606448243,0.973884718969195,2.056786490195
1.19273014726136,0.536681887220808,0.931817366396803,0.799383483793533,2.09518777872325,1.54518308801464,1.15787146211645,0.109208709135869,0.573553295085422,0.566003584950494,9.9335689457499
2.06727799838108,2.3210770104365,3.09712272132659,2.11211621326046,2.65034603384103,1.45595192371972,1.85936663784227,1.57193602228582,0.466267902764663,1.63862953286056,20.6873467844868
-0.601118911632482,1.04715579470783,0.0723209201633734,0.719801872578629,0.280727512990341,-0.231820501710414,1.33866977509315,1.25215641464019,-0.940709946277843,1.26217386102565,5.362002135513
-0.699737392640969,-0.509336248018305,-0.49164812748151,0.97179596072874,0.136858418102708,-0.61710588862018,-0.603615240371113,-0.121198432820894,-0.0767935994925745,-0.132721344656506,0.1853547001441
0.936794905815507,0.581853128953057,1.16781046441698,0.645712626379744,0.73733153593204,0.460362325561375,0.625991725350291,1.28551792010507,0.586785101710928,0.317140543961181,7.64128453887168
-1.02442327745582,-0.281520860873862,-0.639723970768332,-0.289247700692772,-0.932173641350647,-0.806872902281183,-1.46639851257358,0.227737836847383,-0.621772998957799,0.252258350516639,-4.88810481414514
1.3321183841519,2.11870663707047,2.58068310491372,1.11956450907238,2.42548753548741,1.90250032453443,-0.0213312144677059,1.20297149698427,1.76472514634964,2.37038642516696,15.1979108126852
1.03484827211481,2.04589184953862,1.01155872454494,0.930119975602209,-0.027283276617244,1.82945594331914,1.7815917918872,1.55526772297885,1.12471062596518,1.17189672189179,13.909623461756
-0.555733994052002,-0.744649426061551,-0.411229992671544,0.194417539366772,-0.374168988728127,0.665563986100531,-0.299456983915961,-0.698001576881874,0.815142859463823,0.301682844892332,1.46102925016665
-1.70043967490601,-0.151948999862712,-1.67758298091981,-0.500623009784653,-1.24058428223719,-0.950704342323175,-1.31494054666745,-1.70124915198345,-1.20407369544558,-1.724363430622,-11.7469037847722
-0.885348418705635,-0.214049674635449,-0.757719533546492,-0.884428128297644,-2.14805558475693,-2.10718599442358,-0.725603176659041,-1.83187940147593,0.489906692070028,-1.84360739441978,-9.98317531700465
-0.766033709509144,0.371144798626863,-1.62485241708155,1.1249866197073,0.860685669218824,-1.11652789760153,0.133377495437416,0.757718120793685,0.160284612875612,1.16041550704169,1.71556350113596
-0.601118911632482,-1.2872921156254,-0.394348535743816,0.338460933716637,-1.12783272218003,0.391298723156039,0.556909264998894,-1.7731240377427,-0.115793737770975,-0.0441771040803446,-3.83952485803033
-1.10026856882334,0.417547679010931,-0.557118794161231,0.41283786960898,-0.525073584280983,-0.579512690202199,0.448828684925097,-1.7731240377427,1.16743505524994,-1.1913151345805,-3.06001328630177
1.79622947390178,0.4588817483384,0.435772111591863,-1.08449435601914,0.058454602991822,0.784439296554232,0.598327741435142,-0.593755004099774,-0.706554615508511,-2.01065617599306,-1.24155662740511
-1.55324298359513,-0.822251005118691,-0.0326914333705092,-0.12701525745677,-1.23155897758375,-1.79024856620798,-2.06061331075131,-0.980481197207669,-1.31363360389414,-0.835110984871451,-10.832681283748
0.163872009489352,0.665766305874312,-0.242986157049533,1.7940578818001,0.987056081642854,0.432893027934443,0.579222742578498,0.443937468794093,0.46787632075816,0.710934671859652,8.6235603135477
-0.168648896552215,-0.289773723988997,-0.609531567889474,0.875672871665457,-0.14705213681686,0.0959649777612706,1.45152381645541,0.292971261930434,0.00986325407323814,-1.42275860372293,1.76513863476841
0.968553350650563,0.850597681992053,1.47775073886436,1.76425215059812,0.742717094363777,1.35700176986787,0.923584602141912,2.45591189166406,1.77935477566089,0.744630225066777,13.0055513812686
0.223661527881575,-0.862829621800128,-0.0615133705602216,-0.178418217685567,-1.24012703317281,-0.705602586077179,0.6814160407835,-0.34514194003433,0.231526526229349,0.301682844892332,0.575530965314488
0.636621253141111,-0.687746363154213,-1.01527813986572,0.356627339805116,-0.14705213681686,-0.901095910917079,0.200904161142748,-0.78574108240956,0.205728731550601,-0.312166883946479,-0.0169657060931545
-1.32548166104449,-0.0510431258775416,-1.620416167716,-0.383745226858216,-0.767277207603393,-1.13339574869698,-1.14739828763599,-1.67053026523288,-0.251027988418927,-1.62722281591065,-10.5443539436218
-0.0311014336489532,0.0485417922066111,-0.757725267446023,-0.178418217685567,0.206359520923249,-0.538086933993538,0.0135934968993601,-0.309439620096645,0.512379896088391,-1.16458558376368,-3.04190782438968
0.727104899116027,-0.361311145568975,0.248388572932643,-1.15995204452294,-0.845312027407618,0.0411436281034835,0.380204094587089,0.152527268067347,-0.143211432099107,-0.812141876384297,-1.94729773698405
-0.478427941902768,1.06276431205679,-0.224429144124419,0.462169411147065,1.73947185844588,0.580601498928588,0.25692707717587,1.18570360103108,1.49451461709894,1.67796114093996,10.0606129441095
0.382123960866526,-0.295071435470855,0.275941640402648,0.018399502958095,0.355103911476021,1.20189437624901,0.598327741435142,0.264034313254174,0.971918936785807,0.41198672706037,4.06846211538791
-2.46643292763678,-2.57028798128649,-2.26524338305199,-1.08286373836964,-0.807812527562027,-2.48921424492371,-1.39897076173401,-2.12394958451397,-1.04256314001159,-2.6840929083681,-17.2675799776891
0.916167690922836,1.38430845547339,0.860878482607644,0.732085838309736,0.812063195869821,-0.947606434609895,0.461023534998543,1.07225100372632,1.47974706950836,0.111889124813425,6.37139671779845
-0.276602959793803,-0.528220739936024,0.498614493928926,-0.527334060933743,-0.476944491852294,-0.520826152752517,0.67127305309333,-0.62534448430948,-0.0423680298322545,-0.0747400292517494,-3.06195430675858
0.313855229811991,1.24394726008084,-0.40863976385674,-0.0476238192050787,0.983124038301659,0.234840632822675,0.960610157529336,0.390053759698742,1.79385736987878,-0.210870398498629,4.61583151028243
1.79622947390178,0.4588817483384,0.235790761631592,0.0740587129507097,1.74096229606795,1.61422068304358,0.363129549321172,0.268088587493835,-1.16042640817484,1.5263530249869,9.51704198206235
-0.588677417878143,0.868620880441264,0.476170272138243,0.335413188330557,-0.523077359530579,0.480247942481792,-0.484115499608354,0.134433455570418,0.979356617173649,-1.01473591429236,3.93087990320243
-0.923828352786216,0.0500787448888392,0.756933677116917,-1.43273444686745,-0.588601774385083,-0.745549163059381,-0.202698586250869,-0.929314845444652,-0.629347657896038,0.0298618289301451,-2.92220491057338
2.06719303342251,2.3210770104365,3.09712272132659,1.28778678935078,1.37718806782894,1.40141943663601,1.43797051666698,1.05503511748155,2.12370388447014,2.71247702366704,20.9596827594159
-1.08359808748436,-0.873465532033842,-0.0616179755808677,-0.516871099899632,0.314506627160315,0.0278994742381417,0.380204094587089,-0.309439620096645,0.702069159924523,0.51442074792988,-0.726309105489642
-1.01602030457051,-1.73618991016521,-1.08946641641632,-0.378239875934815,-0.263206669209526,-2.10718599442358,-0.124044275104025,-0.060146150524271,1.02590432855791,0.202950378601016,-3.81598646744848
-0.0207049884902722,-0.196361398347758,0.0771573878426715,-1.19910958854422,-0.147303705347717,-0.0166887496595942,-0.483512391030917,2.13983306936608,-0.301248521361365,-0.216259704377363,-0.600493893035849
0.0469852845263278,0.181992517520398,-0.771193691898142,0.0221360674454522,-0.726364910101974,-0.681768861124421,0.520923797951164,0.811246844880349,0.160284612875612,1.07453834324327,0.548846935509236
1.01968732729891,0.253114077799318,0.330782459653762,-0.3068111980227,0.294990312319732,0.644791204123565,0.241182493668911,0.247758129277085,0.832088798773703,0.765506598268874,5.23524808602303
-0.595933956634536,-0.120331257663365,-0.520521008972637,-0.238590134349835,-0.34364957507414,-0.402883814020399,0.195756803851891,0.30169625219762,1.09405607571543,-0.000507625165565483,1.11461159584498
-0.186558371674265,0.530724017712512,0.0989778176524093,-1.47268543772849,-1.65833876232545,-0.402761829742662,-1.16995111785569,-1.83272895677159,-1.47708978339068,-0.74517200016862,-6.66051738426677
-0.167548127298232,-0.289773723988997,-0.609531567889474,0.2119835792554,-1.24012703317281,-0.802744475200298,-0.660226019689113,0.833991067307642,-1.47900868586531,0.139468894811914,-3.45595698903398
-0.0825970589425083,-1.57117434861332,-0.412390285168956,-0.104854676027499,-1.12783272218003,-0.744940441514231,-1.06030172366972,-0.432243857410914,-0.206514469778591,-0.538119191598899,-5.99656179157049
0.690853495592764,-0.277945752206293,0.534051035665281,-0.119564189597389,0.264275005127436,0.0647360731671079,0.772012998221583,0.517265062592542,0.814978761587178,0.41198672706037,6.83044985816048
-0.272969184394955,0.107506702239718,-0.280512439594291,-0.324901315271228,0.414693355852625,-0.658781627129404,-0.589136299309652,-0.720549130377602,-0.57579910115862,0.608567689978269,-1.58617675822157
1.24277782762945,0.676944566723884,0.602684462611781,2.97810988303978,1.24469349056925,1.13595810522567,0.459540030254883,0.221838465449577,1.12471062596518,0.350499103355619,13.3625529164532
1.18088554403439,0.577992052940434,0.486853490650229,1.70414766588995,0.739917862895562,1.22789125331371,0.0491148125344225,1.11159299207965,0.752665649389736,0.594046401494106,8.98014206610216
-1.23997355453257,-0.859225735118864,-1.01484283442208,-0.951954234551273,-0.699868367850723,-0.833246669237358,-1.05770214552134,-1.34173031824037,-2.13802989850335,-0.252295558398268,-10.5443539436218
2.56746144466217,1.11635372909521,2.0139162158197,0.481904113239491,0.305365990075464,1.89425683243987,1.13338871945163,2.319486476326,1.42273045046365,0.838753628745741,15.5514462056884
0.855448142337339,1.02824855917506,0.346251544798452,2.14312835220553,1.23731398760724,1.68576075428577,2.94681485081475,1.38176984377002,2.35729963345384,1.00628903437219,16.6949064882149
0.430329725981179,0.664922752525617,1.10850251504824,0.466956674888466,0.577725815918249,0.908661062427556,0.165604174327608,-0.0823935865308508,0.918619437112064,1.33697817523724,6.56954079114785
-0.0406158991093127,0.227159207879622,0.128918896982453,0.768557161623724,0.800637575092317,1.05004761932437,-0.457759204675382,0.125110517503638,-0.706554615508511,-1.42116593428012,-0.568684982573986
0.529003749612263,0.708716831967637,-0.268737093254462,-1.15207633290839,-0.15939422780325,-0.369859593899595,-0.983676317311059,0.12492115947567,-0.0711145588543893,-0.0255607325493012,-0.974607749945405
-1.57055651574615,-0.681613783810111,0.160996075784951,-0.713030777377065,-1.02542812117686,-0.141383646413673,-1.06030172366972,0.675206921983727,-0.97158743532151,-1.77595235040931,-7.19690600461553
-1.00352997197273,-1.82510745826647,-1.28843849399179,0.0726095693668827,-0.617863706088847,-1.03792961615737,-0.131164497940409,-0.942139303453848,-0.500807715148589,-1.28163970793201,-7.72990196175616
-0.540297379209439,-0.717386571614812,-2.93311630690399,-1.21642281828656,-1.12005129852404,-0.954205143356915,-0.238776883060603,-1.10160795988126,-1.78270788869673,-1.4163585403139,-10.3274252005276
-0.449066820742979,0.438466380897217,-0.149397249687383,-0.12147626307975,-0.811828976836509,-0.384517748802142,-0.822256114310753,0.400097187530823,0.512379896088391,0.148306009356431,-0.457679083445071
0.171242989576161,-1.24584722047215,-0.416060712415943,-1.4387636609742,-0.0898654330255018,-0.0307449983360436,-0.828140425487833,-2.65611666138505,-0.251027988418927,-0.969189988610623,-6.21755648424115
-1.11853769600558,-0.137281955832344,-2.93311630690399,-0.519810597547564,-0.6283890204536,-0.743981954913986,0.504955909048261,0.523715788317479,-1.12359044739851,-0.843381412667248,-6.59418912656495
-0.0825970589425083,-1.84120039524857,-0.772319736723119,-1.81659399032437,-1.97619986192772,-0.743981954913986,-1.8455669766331,-1.05073549969039,-1.27545289839947,-0.516311046346173,-11.2510924518354
-2.12395899112149,-2.23424149652886,-1.45774579335297,-2.18195793174486,-2.48578375445205,-1.25503181803495,-1.4569608903507,-0.929441445689546,-1.80560138669967,-1.68054861197433,-18.3449180564193
-0.675781676988202,-3.03349586248536,-2.05730777065805,-1.23890533016292,-0.209721927693729,-1.46364215196063,-1.59819877639042,-2.03792169207653,-1.42700048237574,-1.37661668130932,-13.8956641087377
0.916167690922836,0.975002537431836,-0.837609556422448,-0.565833349825352,-0.546736536731275,0.547792375811167,0.908756316157245,0.473693210732975,0.346856583189384,-0.647361251780988,0.445724811853673
0.538327274365903,1.58913554201106,1.12917282310877,1.8992620234038,0.935300997354136,0.943905846926419,2.56211782039435,1.4272484082623,2.15244704089975,1.18212403156817,14.983822829224
-1.61953388845986,-0.228679824737271,-1.61974692292145,-1.57562572821769,-0.766224155237605,-1.01187913918987,-0.627313574820756,-0.440761405790929,-0.781779168455308,-1.217694612314,-9.98375880220859
1.05664918140004,0.52550772732757,-0.68186030401608,1.13774850219206,-0.178085350304926,0.883080356529737,-0.53341875539971,-1.13571715094491,-0.798619797839221,-0.177333595615261,2.32686777423955
-0.560590303279509,-0.365388184658394,0.0215579683139058,-0.519817201960615,0.656328665552491,0.35392102995672,-0.560924497929529,0.728037353452803,-0.308865513093824,-1.61377438542173,-1.79314619618147
-0.848170846197676,-0.0465812245983756,-0.0307655385973687,-0.0360541858767142,0.189959166331988,-0.520826152752517,-0.145966825181218,-0.207397163512227,0.27511489479725,-0.0255607325493012,-0.365622309668885
-0.403243599571337,-0.165546702056934,0.3176010691982,0.800177523180348,-0.282541462626694,0.32979167679599,0.167504877533942,0.0607129213563554,0.372170679541947,-0.944385070164937,0.0562589815323364
0.203694123914195,0.995084554716147,0.197275181665943,-1.09430023792184,1.42182413621013,0.551671737725853,-1.33351015923264,0.758183707369464,-0.884101937301423,0.905116545481551,2.43161517947039
1.3498912972646,0.0924800932944797,0.529163866996693,0.865690549984884,0.118817901478086,-0.913359266449126,-0.422608212155502,-1.25261408015671,0.155825821420598,-0.121745240535685,2.93789314121131
1.32667329248546,1.52729366846735,0.254011394812301,-0.438526134161202,0.577933101033876,-0.380427861990877,-0.53341875539971,0.17888990313492,0.698096873010835,-0.434680862080967,2.63905424482616
0.940102654720452,0.148819737326816,0.486532515375551,1.54596063865565,1.02213113978597,-0.380427861990877,-0.19244697510635,-0.825537497646978,0.709824470043916,-0.144740931813961,1.649454466798
1.104129524494,0.775188992107695,0.346251544798452,1.80629756158425,1.14444946771906,0.480765977458881,0.783807634514049,1.0062037558287,1.49273846200968,1.09191341054608,12.1609952796167
0.269539756487824,-1.17449192643378,-0.804479539706003,-0.702621692738014,-1.85574789137851,-0.532650623318585,-1.04878328661945,-0.518952366313475,-0.445340659082028,-0.384249440241321,-5.77350600092209
0.807521839395147,0.0521535961740446,1.98322383364997,0.941073497782367,0.913280488778267,-0.345572147024624,-0.19244697510635,0.74489873059569,0.734525312686376,1.67777939534571,8.14105571980679
-0.951391375272194,0.0234079093594976,-0.987599169915899,-0.255257163796553,-0.386340249918935,-0.409702678711066,-0.533166322638404,-0.861169185878237,0.0741940480039173,-0.0441771040803446,-1.92488713320007
0.113264557334728,0.351888761916378,0.182922756477024,0.795479033933032,-0.496522611869527,0.376163425097385,-0.234068123242561,-1.00929715754053,0.522837623105592,0.374749958603496,2.31316696852344
0.172497748127093,-1.24584722047215,-0.516565754661557,-0.991410227241937,-0.283145449800987,0.724973902674405,-0.382258881410173,0.30169625219762,-0.29467835932828,0.0298618289301451,-0.0169657060931545
-0.936274041952987,-0.413539700736529,-1.23983819634195,-0.883512939270025,-0.755203363603809,-0.673267417871486,-1.14637231950869,-1.45412033806174,0.446352072921052,-1.28163970793201,-7.78056480640073
-0.703221491972913,0.304041437223564,-0.744074537555843,1.72145460708878,0.268878967033356,-0.116172728114072,0.206310081151701,0.144092380148122,1.39879312135095,0.0250465074358353,1.91805264659148
-1.22043075647766,-0.157131752834565,-1.620416167716,-0.0762893308449756,-0.4918608532512,-0.587415529496103,-0.807043872468644,-1.79988396036406,-1.22649118536405,0.21024315799656,-5.38112423009436
-0.153598587014598,-0.173370829647572,0.0949009136297176,0.539119068002536,-0.98913345547634,-0.0197689332139505,0.61475397348103,0.144092380148122,0.0932317682979238,0.0321196510722395,2.32686777423955
-0.0311014336489532,0.0485417922066111,-0.757725267446023,-0.692796017063953,0.758625471298077,-0.957856129561019,-0.802253593492256,-0.196090201778764,-0.847780831096111,-0.0892154350400746,-2.1966651894263
0.396830454753266,-0.0558695874805313,0.138274023085954,-1.23921834338066,-0.03920730309049,-0.116172728114072,0.711597422415077,0.661742782267618,0.446497999599616,0.28417695503242,1.97225434104496
0.415964157630403,0.664922752525617,0.770544045890353,0.138929623362474,0.570853744597805,0.178781654653588,0.110405685475668,0.0808895015953045,-0.43868148341619,-0.416265548089237,3.20554226304745
1.62464819676352,1.0891371298223,1.33276747537761,1.02543809171259,1.72985426717106,0.88026303735753,2.94681485081475,2.16118696602828,1.62216497985784,2.40130376180287,17.8910139607084
0.00324261817831672,-0.192502138290244,0.58829603826149,0.147017062548507,1.88326937495069,1.22877980084214,-0.402186838173265,1.32903542155752,1.47194294024958,0.722752652351852,8.05935970011631
0.564612215349338,-0.669651939584598,0.572047931184447,-0.13091121320056,0.718125966955367,-0.383795208145987,0.207212480503676,0.292971261930434,-0.0233516231536492,0.205811206907079,0.259495663368999
-0.218738201727378,1.22356834873404,-1.13623870414376,0.289000319094601,-1.3298824452162,-1.63319788295583,0.932938849431208,-0.647242803194526,0.48389749342576,-0.81908900949449,-4.77962302617033
0.527351057567162,1.07330857443213,0.661918326124442,0.0740587129507097,1.59722288347399,-0.0247285169762143,0.117594250902045,0.318403140108833,0.0414864875988364,1.33697817523724,8.6235603135477
-1.32548166104449,-0.037832086469935,0.637957247479783,-0.573758990074691,-0.142897560594475,-0.247376411359168,-0.138129475029004,-0.889750290187901,-0.29467835932828,0.127903761380239,1.12153791619042
-0.101178087923086,-0.949403961917278,0.300143121786585,-1.28977924622372,-0.936963161633016,-0.984987406754731,-1.17593360176256,-1.31845187912842,0.355513041129365,-0.551184265266628,-4.63929679567346
-0.497313210979581,-0.0471905654073524,-1.04878477226866,-0.693322545806236,1.29453413042817,-1.09291787921864,0.237388108079302,-0.252177991024886,-0.678465841471144,-0.0144001540364751,-2.20391842762005
-1.22547738079643,-0.456137928397979,0.669385864123959,0.214728254545099,-0.374168988728127,-0.687289235741939,-1.40193573286018,-0.60408918826548,-0.584860486512244,-0.324425578382446,-3.23201083633779
-0.162209346263519,-1.17735562255212,-0.669659694578359,-0.162215149413306,0.191175629037861,-0.563182521015034,0.0910796449569352,1.43369559414209,0.585834961061296,0.317322895400887,2.23125216024392
-0.49291170871167,0.380187029097088,-0.581353123188483,-0.330135083125236,-0.525073584280983,0.357757288157766,-0.215041003113787,-0.727923437231441,-0.32341497717986,0.232057345204559,0.714779238844691
0.677181783476702,0.654320905954049,0.306983819236218,0.536021213104356,0.119874042501536,1.2863452994772,1.64937483424413,1.09755929796117,0.346298475805064,1.29483033296269,8.45091906780879
-0.951391375272194,-1.01373925628976,-0.0616179755808677,-1.06779003897747,-0.767277207603393,-1.48942377864118,0.504955909048261,-1.07261394043062,-1.16822539409272,-0.762013369637492,-6.21755648424115
-2.8198151697628,-2.5213358509082,-2.29252669429677,-1.99639379782994,-1.40629274105242,-1.84634811546442,-1.4569608903507,-1.32548732053705,-1.87355113680018,-1.57413344596247,-18.3814429053736
-1.56642311517238,-0.681613783810111,-1.88124325764704,-0.0229444500873712,-2.53955552356627,-2.16812131510205,-1.8455669766331,-1.52844061949653,-0.960117334210532,-0.986588436557532,-14.8750958443356
-0.876064588234927,-2.11602770520969,0.270625793900011,-0.446525530763059,-0.384198354358328,-1.03832231260887,0.115274757538527,0.434460661939909,-1.41943957829125,0.261259431734756,-4.20371435067783
-0.560590303279509,-0.744649426061551,-0.189618190234093,-1.68718549130031,-0.767277207603393,0.149538602331756,-1.29075745632141,-1.03007883672093,0.446352072921052,-0.138056213809722,-6.27405589602794
-1.12099209784675,-1.96659901644832,-1.68280834961547,-1.46950941289331,-1.51708688314875,-0.944783112492052,-0.320293903351442,-0.434950128929788,-2.36348388140422,-1.56108551348934,-12.5632108578627
1.15182957731337,0.928214598703907,1.39429354435838,0.376169015758411,0.547656805663838,0.169976030813728,-0.19244697510635,0.405723976288812,-0.0611940817887302,0.747640677003095,7.53311067567833
-1.00131275550841,-1.82510745826647,-0.367832624574381,-1.77797932780058,-2.20784549563392,-1.35341799951744,-1.83268285350132,-1.53314554977409,-0.897114165981856,-1.59555136235114,-10.5551990503419
-1.39445641288358,-2.34455761155311,-1.44374326596731,-1.29665097915181,-1.90112115432649,-2.21975263762358,-2.2083456937315,-2.93371975476959,-2.39204135896674,-2.83736058317821,-18.0361724500723
0.621119374158611,2.07394488810605,0.950621062478806,-0.0683348621883866,-0.042042641539267,0.849075827189164,1.12438690691494,0.834018880257896,1.85738966991573,1.1872875421604,10.0014597989139
-0.302780032890521,-0.657415169127188,0.240842785813694,-1.4902340217089,0.317857353369126,-0.742892446171835,-0.803852331418548,-0.347743619764086,-0.463559889056862,-0.0404171074790143,-2.74990355923627
0.103675575563654,0.434613730304965,0.554469888420331,-0.702769814887555,-0.506451117360047,0.0954129415460526,0.835645245471195,-0.296979522096755,0.48389749342576,-0.6064301988611,2.93789314121131
-0.298190498679711,-1.84583164236742,-1.24887064110165,-0.957972278416325,-1.20039269083936,-1.13860627889864,-0.725603176659041,-0.340936871919541,-1.69382137395286,-0.971101433911925,-7.83700861347516
1.15182957731337,0.715916707163933,1.03779443814859,1.28628665010957,1.93176418462516,0.490956365835427,0.418157112201436,1.30518433985364,0.795087947969406,1.04805549281012,12.0421289965374
-0.242327268026245,-0.498127308330844,-0.0408990231306145,-1.28977924622372,-2.18614062811658,-0.174235257306806,0.504955909048261,-0.940036960834279,-0.38380792284147,-1.42198391507133,-6.72615290233841
-0.0949292087692614,-0.206184547161264,0.860262936426809,0.417871688909207,1.96074297789906,-0.311750566910605,0.765963496070495,1.32784543992525,0.0292274156074199,1.33697817523724,4.94442279492973
-1.04693004052442,0.631923259375582,-0.656406423786842,-1.31648361738729,-2.14805558475693,-1.66499208128298,-0.104435249096219,0.332224797327267,-1.77146271292926,-0.617527412292895,-5.01832944502187
-0.000820728934251997,0.759203666064289,-0.193829350563633,0.932754662898665,1.55187996405286,0.663069185099302,-0.172036953200974,0.694942143506462,0.407479989839412,1.60557846824133,9.55555741762939
1.25670812923135,1.53292601584281,1.09623431885112,0.912561005289937,2.54898371102538,1.84499246590729,1.40459178167067,1.31138223661281,1.28711150661995,2.06156972829206,17.0421745918324
0.739616272438884,0.494603987811382,0.709253199492715,0.517584151611863,0.500110962390681,0.16387992690164,0.765963496070495,-0.514712246041594,0.454701479746307,0.857991458219356,6.79626185375946
0.511714735243873,1.09803810531374,0.509624321239913,1.70414766588995,1.57238916746436,0.180662416816086,1.62079190928243,0.414488027080967,1.6110433098184,1.1794687972575,8.5217797646587
0.782203988549377,0.253578145424234,0.392648437069355,0.94537249332677,0.743981257344457,0.16387992690164,1.34925442457294,-0.304463907224718,0.498587573482089,0.911667955138519,6.28798965214196
-0.699737392640969,0.304041437223564,-0.744074537555843,-0.0938454439819738,-0.235515016995567,-0.705602586077179,-0.138129475029004,-0.977277384535656,0.258179315223803,-0.324425578382446,-4.79876958839652
0.234796432813919,-1.45840351327152,-1.68309449872198,-0.481048859851404,-0.932173641350647,-0.697195146624508,-0.358468879002541,-0.61034470599321,-0.0644847059444111,-1.42737280951728,-7.48520344770048
-0.951391375272194,-1.01373925628976,-0.898939023381024,-0.408577992584587,-0.879361677926415,-0.373371240009074,-1.17593360176256,-0.390812998428616,-1.18991682843731,-1.10628210650683,-8.35235509847395
-1.12099209784675,-1.96659901644832,-1.26575310288377,-1.27962116157968,-1.33560586406977,-1.30446243629947,-2.64068460217485,-2.82522365167436,-1.4205960464194,-0.365438141390058,-13.8956641087377
-0.806605582288453,-0.880083271808591,0.669385864123959,-1.31648361738729,-1.09121525723429,-0.0726654335933326,-1.33470559719238,-1.07261394043062,-0.924339804375923,-0.0366691156659728,-4.76589189033703
1.17741641058602,0.577992052940434,-0.243966563046411,0.241956897031437,1.41560669074802,0.861602866684635,0.602450009911428,0.5637411308911,0.289012661412953,0.281468450503242,5.75710475650299
0.0687484291841591,0.972008804095331,1.26348906974074,2.05639911304604,1.38169303509406,0.416687946417075,0.741245207518427,-0.0202364747673343,0.152829619776528,1.61431510084227,7.28860231177899
0.782203988549377,0.107006372922175,0.124029656904164,-1.64700775445069,0.591603646983714,0.869793758959202,0.645528625567683,-0.0849676905452806,1.76391003402188,0.10935343462044,3.73531580574704
-2.46643292763678,-2.57028798128649,-2.26524338305199,-2.90718154886934,-2.19516278836635,-1.12106351957273,-1.10391460514915,-0.941426161632364,-2.04744634274964,-1.4051378176895,-18.1636405575882
-1.12099209784675,-0.88333632930621,-1.09108324887004,-2.20271281092111,-1.86801540472312,-1.35341799951744,-0.320293903351442,-1.9674518365466,-0.233077664181117,-1.22828906782237,-9.80591031780903
-0.101178087923086,-0.207096717373871,-0.0684528323214259,0.634630206773723,0.833475199771458,0.376163425097385,0.241182493668911,0.418551792981156,-0.911415392981274,-0.731119053342796,2.55086927051016
-0.153598587014598,-0.173370829647572,0.0949009136297176,0.539119068002536,0.830086280392924,-0.350939819377351,0.923796712107067,1.71320260394384,-0.967083196597681,0.653729841165474,5.04270577382855
0.635616241719243,0.441091623324272,1.78826189920977,1.27257413833686,0.206080535483692,-0.31796722190396,0.893582353825188,0.62304666333762,1.11041848870984,0.361204588559254,7.44167933079912
-0.306102437121138,-0.449930076489373,-0.849477345196193,-0.584830749384004,-0.212923534440536,0.571873784910544,0.271823639688116,0.810163970958385,-0.916927073013247,-0.0253465052728646,-0.247232952735598
0.661865865095606,0.820558378321573,0.229597210988332,0.40927293466339,0.126447329808611,-0.303981052737866,-1.01090593094782,0.285755070566394,-0.706554615508511,0.47058894922277,3.54611215646605
-0.513113989078492,-0.409286794478012,-0.707418720296466,0.210687489746668,-0.314264648581441,-0.957899849125421,-0.449816621776607,0.429618781309729,1.68089053724623,-1.54149136928012,-2.72305056693771
-0.526157382342248,0.0550198929007574,-0.0845343117264371,0.0582661765990242,-0.0795141907281591,0.426482697104169,-0.423149198305984,-0.00900707826139194,-1.31257206961444,-0.854475505040701,-2.20391842762005
1.74061083543243,1.00397975451879,0.475797170597471,1.28325328490711,1.00325345876357,1.91032341507915,1.32916923375793,1.63012130117804,1.12471062596518,0.94082772654962,13.909623461756
-1.1297590947544,-1.47844465228998,-0.62851184486444,-1.16730263368727,-0.301925419104503,-2.10718599442358,-0.617276312413735,-1.62503950308331,-1.32094559571917,-1.47365441063643,-11.2510924518354
0.760922912796168,0.454192650078779,1.98636267133141,-0.343314536005347,0.577725815918249,0.930672028223747,1.58801589586655,1.19753381946133,0.943478977942953,1.61431510084227,13.3625529164532
0.166581436957788,0.260843126109729,-1.242769408977,0.767243125027062,-0.764591276151212,-0.0648414847880458,-0.130389147439899,-0.113636294407961,0.378103673312328,0.148306009356431,-0.507783805607061
0.343714289564904,-0.277757608644019,-0.456079149131474,-0.13304438860789,0.622024746401608,0.602335274506342,-0.233604740723332,1.37149446096342,0.160284612875612,0.0510506848366447,2.91129090696439
0.166981043830601,0.260843126109729,-0.113817850696801,0.018399502958095,-0.763785147967524,1.05677645015688,1.45152381645541,-0.0440247403178357,-0.227279251499164,-0.731119053342796,0.405775946153834
0.113264557334728,-1.16833799240869,0.300143121786585,0.0374060330622117,0.247137548866262,-0.149479522002302,-1.18203943984429,-0.78574108240956,0.789805555160766,-1.45067194443,-1.84092612892065
0.782203988549377,0.107006372922175,0.124029656904164,-0.63752027610586,-0.426817896419606,-0.388167796908356,0.0728765516887244,-0.656168028972092,-0.193784381601115,0.814176301214888,3.62156212047603
-0.513113989078492,-0.409286794478012,-0.707418720296466,-0.729841024982693,0.00626580494576068,-0.711539845360312,-0.808012580978968,1.12571359111069,-0.29467835932828,-0.312166883946479,-2.33260662260777
-0.697762110996306,-0.509336248018305,-0.266990964102662,0.418859663883835,-0.691343663054055,0.426012919961893,0.200904161142748,-0.457786804297534,-0.0767935994925745,-0.260297290388074,-1.63961551560409
-1.39445641288358,-1.31709967570103,-1.19402070641616,-0.378239875934815,-0.711601156212713,-1.40845811720851,-0.124044275104025,-0.546842136662823,-0.935718468889348,-1.58971758395603,-9.59424238812015
1.81075418272698,0.4588817483384,0.40276222014067,1.17877219452229,1.31459981650859,0.943905846926419,0.783807634514049,1.30518433985364,0.90108234704823,1.86560894913193,9.21298727314959
2.61269377356093,1.11635372909521,1.04438706847456,0.832451418443565,1.67656472443899,1.31132997933952,0.244322768416415,1.63012130117804,1.28711150661995,0.623108230638882,14.2553244464591
0.529003749612263,1.07330857443213,-0.0327064442975518,0.356066430298035,0.622069207611711,-0.140342989681039,1.26959893284021,-0.233939144059953,0.584759913214636,0.769586284117045,6.4480121278288
2.06727799838108,2.3210770104365,3.16165851662715,2.28262467353358,2.67816095820064,2.73165996189617,0.478703531647239,1.57193602228582,0.466267902764663,1.63862953286056,20.7272509051699
-0.413399950470903,-1.23726862883058,-1.21674782611198,-0.712394501694801,-1.43481608382483,-0.644279777189719,0.0904344062957743,-0.954421688040673,-0.550223003283345,-0.0550556424613389,-7.58883071067445
1.03272688282362,-0.00551936008057692,0.392648437069355,-0.0247222763005292,1.5887010684683,0.743221280434999,0.732117129727651,-0.304463907224718,1.79385736987878,0.857991458219356,9.35256755043721
0.396830454753266,0.687272666289027,1.78826189920977,-0.412990851946274,0.271106999470363,0.709056679964181,0.833163456408188,-0.278951703976704,0.00627423077122838,1.33697817523724,7.26273663011167
0.673802524696237,1.16986080009641,1.30219547192137,1.20754553243777,0.033495287406422,0.147392049254403,0.454375295539817,1.15374482651279,1.72703496591599,1.31710966038157,11.3185293741064
0.997006898490159,2.64745215771362,0.320490214607898,-0.0785854535135791,-0.269237952367438,1.03365125927073,0.461023534998543,1.06772792975886,0.564727331335221,1.31710966038157,9.07115217995948
0.636621253141111,-0.594686231741467,0.139671634037744,0.132607836900939,0.268878967033356,0.869793758959202,0.918099560406147,0.720172547710343,1.49451461709894,-1.42116593428012,3.76334544500426
-0.162209346263519,-0.289773723988997,-0.609531567889474,0.129765954542233,-0.925187180645001,0.419066500312211,-1.40193573286018,-0.710089269819775,-1.13695511071359,0.472367440423052,-3.17738787782514
-0.893039593564169,-0.214049674635449,0.61343493178808,-0.57754687065663,0.0165987059733255,-0.231518126227565,-0.300341653565177,-0.207111010986219,0.433896283753382,-1.13178175921647,-1.22936802657787
-0.341082339894388,-0.145700483100666,-0.605347638123367,0.129765954542233,-1.05071217203235,-0.402761829742662,0.888333958650441,-0.284767088006744,-0.321438419228245,-0.81908900949449,-5.19511156769818
-0.319658128900179,-0.280228681182741,-1.24345450809234,0.0529620371228772,-1.35094443386044,-2.18499143433399,-0.224860103164734,0.544947159997764,-0.825256429956273,-0.640165072108992,-6.49994415448714
-0.588677417878143,0.868620880441264,0.149126804791176,1.82947099095834,1.50672085680091,1.31431572884363,0.492186562845274,1.15374482651279,0.943478977942953,0.576421869633405,10.5941129954499
-0.994475758833849,-0.259606707123494,-0.591746161325028,-1.30965571791359,-0.691534382359216,0.0570736153161764,-0.369652267909789,-0.420614724245188,-1.07758762015563,-1.42198391507133,-6.3474898729525
-1.14018667559804,-1.07025221137579,-0.0717935148454773,-1.13684937176445,0.355309012631022,-0.878356535712442,-0.306155544050299,-0.420614724245188,-0.370241046099784,-0.496236095278564,-4.88810481414514
0.675773386255114,0.559459022847428,0.702441997162382,0.647938185394259,1.4547904977663,-0.0825912477023007,-0.172036953200974,1.32784543992525,-0.205935368741337,0.187593172241749,4.61583151028243
-0.524803722325288,-1.09014560941572,-0.737813302072482,-0.909350597988615,-0.921776131136891,-0.984007943274897,-1.08983826284664,-1.21939205667623,-0.67458542345969,-1.23067125948628,-7.54004672782451
1.81485421994825,-0.358370480559038,0.539476745286688,0.0090344811528636,1.19649825816519,-0.0825912477023007,0.560417148505852,0.267122881187514,0.669303763707568,-1.52223460050568,1.04486183679702
-1.03215114914593,0.210139549288687,0.390327450492555,-0.312598675751171,0.025074963170842,0.208996030949704,-0.0886660933710526,-0.529997130668747,-0.115924705786609,-0.380147435177929,0.826421307391904
0.420332752698643,-0.150038483111611,0.97018314464118,1.13033840913899,0.577725815918249,-0.804220037867962,1.08508015557361,-0.527619209951099,0.295242347428181,0.933122795740568,3.73519951516096
0.926788831959028,0.975002537431836,-0.368875038348079,-1.09430023792184,-0.103842753775277,0.297683511195813,-0.236893973880255,1.51733143335615,-0.206867248504131,-0.731119053342796,4.77806177690534
-0.237375434003279,-1.73371725657966,-1.40918235683947,-1.05436077779845,0.355309012631022,-1.49571175933746,-0.131164497940409,-1.63969375058667,-1.31363360389414,-0.921207211377969,-9.23596774912804
-0.259092173867693,-0.897736575802262,-1.36769290321951,-0.262764994091871,-0.386340249918935,-0.744940441514231,-0.828140425487833,-0.652516231200512,-1.25397642440348,-0.843381412667248,-7.82191912802872
-1.22043075647766,-0.157131752834565,-0.238194526351129,-0.510942036864282,0.0466665383182514,-1.24862469627311,0.678541694993025,-0.388833498315231,0.236855172191244,0.612895661829998,-2.58135735626854
-0.640317945249505,-0.509700623756719,-1.36769290321951,-0.104055840617685,-0.158160310214233,-0.0299340750244095,-0.128476196502896,0.540745815974333,0.789805555160766,-0.324425578382446,-1.19323070380346
2.23362448302357,2.31415405854563,1.28521880608631,2.27646568275796,1.37718806782894,1.90250032453443,1.39554939706665,0.609457228015323,2.92088933798978,1.93290820927739,19.757600759157
-0.885348418705635,-0.185378576186102,1.22400684905206,-0.306932089216856,-0.218212404710778,1.27583138138243,-0.44459117251812,0.591690734052726,0.231526526229349,-1.01473591429236,0.840287185515781
0.7396710948177,0.494603987811382,1.72949987533901,1.55745674495306,0.0259709590479999,-0.619455273390077,-0.145188329273803,-0.233939144059953,1.39419927989531,0.710934671859652,7.53311067567833
2.23362448302357,2.77722972713928,2.39961124221114,2.11211621326046,1.63015325333945,1.52315098436896,1.89393522465552,1.48920166290706,0.466267902764663,1.63862953286056,17.6635709686212
-0.046560026160749,1.88327566622298,1.47775073886436,0.235854389188025,0.609664598824768,-0.573166852671646,-1.23978433264483,0.807074755447098,-0.0772948320115902,0.236717436916957,5.48725228485851
0.570038032353281,0.252420841881025,-0.4559631478401,0.161395883231804,0.69658425561662,0.316522859238237,0.957499116196689,-0.0221800854713706,1.05651418304293,1.63726999402285,6.0275554940376
-0.0311014336489532,-0.563333975878068,0.353856060569486,0.245768934678242,0.277710006164335,-0.561627958560231,-0.522997349742193,0.29493279098281,-0.537054042123018,0.434174337949447,1.9646952885797
-0.845957091977508,-0.343026269725034,-0.654317306766549,-0.974803496912998,-0.800077590039859,-1.47527377129761,-1.27302999194414,-1.25640440131904,-0.539184365832355,-1.29673569121088,-7.54004672782451
0.113264557334728,0.351888761916378,-0.424615477609954,0.508515766005136,0.558586266532303,-0.237690967850203,-0.299487871372928,-0.71775810346229,-0.0465789086943163,-0.0598701300285765,0.0418599509176174
0.188714115370846,0.0728283599557031,0.97018314464118,0.0104760433382528,0.118117011731007,-0.387679216233163,0.583401431961467,0.802166247358081,0.374649616346066,0.445476712994902,4.82441965201842
0.166581436957788,0.665766305874312,-0.242986157049533,-0.250661557480045,1.02509451058311,-0.387679216233163,-0.299487871372928,0.821205003395226,-0.520258041574445,1.07600370454405,0.374269499557269
-0.481308703863184,1.06276431205679,1.40901498022881,2.14312835220553,1.17750840666502,-0.31796722190396,0.416809382551593,0.144363684143472,1.21996311439214,1.05369819941146,4.71246013818239
0.234796432813919,-0.363152613126564,0.319278916372655,-1.98190421270906,-1.91184790464651,-0.420055218440301,-0.475733879050437,0.734270759166573,-0.098102406206876,-0.444076989862259,-3.83952485803033
-1.01752209157972,-0.511437616258862,-0.1528209340873,-0.693322545806236,0.128626432827341,-1.24862469627311,0.945538542882458,-0.533616026797145,-1.04207115298097,-0.324425578382446,-4.05239041758536
0.206778128232194,-0.255002473945171,-0.469599187156424,0.0692887690209779,-0.698771955402889,-0.0638887922988959,-0.215041003113787,0.919660627478864,0.760465829337539,-0.380147435177929,-0.600493893035849
1.29931935290209,2.05983765297012,-0.262905016429355,1.14492465108367,1.38620206139862,1.54518308801464,1.99115856151331,1.55526772297885,2.3341972998615,1.2374094183632,14.8714874699582
1.98495920865739,0.856118090687022,2.43689175673822,2.49048678807996,1.00143171981676,1.65390514028117,1.55514125233232,0.609457228015323,1.17986236420617,1.14587770549283,16.4994109098665
-1.22092220055992,-0.752302542320799,-0.599099251069502,-0.925414243581585,-1.20039269083936,-0.644279777189719,-0.365850143154973,-0.457468100649167,0.175347540689304,-0.872752973446979,-6.59418912656495
0.325108356714588,0.985168222765075,-1.00173032368083,0.663745017844327,-0.476367459002484,0.338274781137196,-0.693321114925747,0.46248416501457,0.0223791375097828,-1.02084276562773,1.5530614308433
1.11111833649694,1.46951829116651,1.5018802708075,0.465029393736698,1.63917515817992,0.961979732813696,0.418157112201436,2.04989063090316,2.09533110765406,0.866488389397607,14.7034840260634
-0.234025682775598,0.173260868136415,1.21868544886635,0.255999069870497,-0.160489537912541,0.277487794662649,0.923796712107067,-0.452728605937337,0.929401229765139,0.0251959010960884,3.90796212906679
-0.34390726717944,-1.57179442650638,-0.772319736723119,-0.260296029350362,-0.990864476368801,-1.38451300708946,-1.93964889502773,-2.16322521172996,-1.96759854700516,-1.30942879798509,-12.0713065766787
-0.347360613116146,-0.967177874600443,-0.0240137084664705,-0.621417958918857,-1.24438294872784,-0.0496425247669287,-0.738992421370766,-0.211204462080216,-0.549459203394436,-0.354309257543822,-4.59088737804547
0.637773428260751,-0.366974069744578,0.149126804791176,1.12064931364872,0.547478348091268,0.883080356529737,0.434256945755644,-0.527619209951099,1.23515421515947,-0.505357104805788,6.36690159819314
0.637773428260751,-0.594686231741467,-0.358469611260388,-0.94702765083559,-0.19425284819589,-0.446691629520343,-0.384541368658166,-1.08750636683295,0.144251771787618,-0.992167203565514,-3.88552111473087
2.61269377356093,1.7015894884119,3.16165851662715,1.28778678935078,2.88518952566864,1.45595192371972,1.89393522465552,1.57193602228582,1.19220205236024,1.63862953286056,20.6873467844868
-0.872568302286333,-0.469990532069412,-0.563283392403747,-0.255257163796553,-0.164023194730843,-1.00748807663633,-0.803852331418548,-0.206107995521145,-0.737943574186291,-0.354309257543822,-7.52331084723369
-0.861156610693569,-0.358361727472583,0.00602120066126246,0.498689678590559,-0.780707522948914,-0.957899849125421,0.195756803851891,0.729146337048608,-0.203370230455191,0.433062924098512,1.46102925016665
0.369639007582279,1.3138203200107,0.11787186001281,0.876306189446722,0.743981257344457,0.112681927051174,1.12438690691494,0.795423240034576,1.39419927989531,1.51465055520602,10.4976281965432
0.206778128232194,-0.255002473945171,-0.469599187156424,0.0692887690209779,0.699287743546521,-0.335760338334527,0.521936432092422,0.134433455570418,-0.14869586519088,-0.354637377671956,0.0562589815323364
1.81075418272698,1.10588959421,1.1210340385399,1.29928092839354,-0.0172795299957854,1.0793158303416,0.416809382551593,1.30518433985364,1.4639234643924,0.350499103355619,10.5585959738431
0.208456126070189,-0.300779452819644,1.008803425843,0.423399137512137,0.315056145356478,0.116383945446605,-0.733694143103007,0.127041677268232,0.222721352036482,1.07600370454405,1.48570171320397
-1.55324298359513,-1.08817932756006,-0.44543976609496,0.00847232530875818,-0.359355272280067,-0.0155505038662014,-1.07722440936341,-0.724756403561992,-0.865407444821307,-1.36113214654259,-7.48520344770048
0.25885110089702,0.658303867906192,0.812073179683941,0.0615350910289701,0.976110961666988,0.244423051900205,0.304326148552096,0.965398628267043,0.407479989839412,-0.294921748505763,4.83116905979999
1.07080879696104,0.432596507832386,1.8304300512168,1.76425215059812,1.00325345876357,0.815014948291377,0.411283143320457,0.952437666619486,1.98951019623713,1.70416118761412,12.3106115671748
1.07080879696104,-0.235568730212253,-0.4559631478401,0.701053373867115,0.0906330797701394,1.26344974416568,-1.01090593094782,0.0970472119050141,-0.660540010510085,1.50756289516837,5.33563582557416
2.07866964397779,2.37318580402818,1.28521880608631,2.27019552209026,1.37718806782894,1.61840123497118,-0.0213312144677059,2.319486476326,1.77934042480409,2.37038642516696,19.58651874654
0.636621253141111,-0.594686231741467,-0.358469611260388,-0.615031463066429,1.20122670916259,0.376163425097385,0.381482437607158,0.0387989785755037,0.540617046144932,-0.262085259230731,1.97225434104496
-1.55324298359513,-0.822251005118691,-1.17958397194456,-0.912909944685489,-0.671902968116395,-1.5440700426558,-0.561735378315066,-2.22165610641193,-0.9799525913476,-2.14153812305438,-14.3454138077157
-1.24540869167528,-0.30039205169858,-1.71016743811728,-1.77853787220438,-1.37203458062509,-1.27971034494592,-1.19810497865563,-0.64871617974827,-1.27545289839947,-1.72684605741916,-9.80591031780903
0.0608678049029384,0.707429206315078,0.288806013782034,-0.193943072175076,-0.120947189256194,-0.986076645685725,-0.41117491168868,1.39968242188063,-0.492512700654702,0.618120059158054,1.20588220668651
-0.209159640668787,1.43032586067499,-0.143611481085965,-0.90576638358758,-0.404782516052318,-0.570704820113739,0.0728765516887244,-0.749289391475003,-1.07228316756554,-0.686326989990845,0.775554326038622
-0.58779995132044,0.849311812036988,0.97018314464118,0.0709315887809318,0.480110262183148,1.0341146923616,1.017732549382,-0.165607101010181,1.01602710437277,0.722752652351852,7.57161483082879
-1.45625880657962,-0.542090589200628,-1.09108324887004,0.00847232530875818,-0.879361677926415,-1.12876391995315,-1.04158679514473,-0.640779043256767,1.02590432855791,-0.243005491532994,-5.60507286167204
0.209937658775286,-1.07780807430789,-2.32519868515964,0.520850699678324,0.549148699103535,-0.402761829742662,0.260625916366488,-0.59706871203998,-0.386987139050662,0.261259431734756,0.775554326038622
2.11496721858134,2.24385715403377,3.09712272132659,1.28778678935078,1.8891597832771,1.89347386940736,1.8731415065787,1.48920166290706,0.196377730942233,1.35658319014915,18.5170079855036
-1.33887784575226,-0.0755770556181036,-0.38360014923255,0.136689205852797,-0.437850899475463,-0.724914264379225,0.888333958650441,-0.368579984472449,-0.876109393402067,-0.392091081922867,-4.54211816775368
-1.33887784575226,-0.0755770556181036,-0.889867934141079,-1.13684937176445,-2.40948418909113,-0.626970553437169,-1.39993673523405,-1.97331062803469,-0.781779168455308,-0.904036989130026,-11.1186334273007
0.190372614587454,0.207266796002153,1.43434551764666,0.647938185394259,-0.669890719602948,0.0639684824805232,0.11738222006517,0.40099234816697,1.23901035096581,1.12408058625932,3.97497410985567
-0.973170680602556,-0.192780109058562,0.0221556057782893,-2.01255341974064,-1.20039269083936,-1.70730169034324,-2.72173645307701,-1.28329948795358,-1.24925983337704,-1.47365441063643,-14.3454138077157
-0.370595431051612,0.708562664429745,0.138274023085954,-0.772262718929287,-0.42012297527438,0.482203504278143,0.534610482432884,0.806776586978792,0.153644047245119,0.618120059158054,3.27129477904967
-0.876064588234927,-0.36316569567994,-0.976275078381998,0.818682200519452,-0.314264648581441,-1.03455888570729,0.123683998203055,-0.511569972336659,-1.07228316756554,0.0298618289301451,-2.82452830044222
0.527910669606333,2.26350538856294,0.928407329782431,0.912561005289937,1.34402004742189,-0.580983075931461,0.546808071300304,0.580714240010601,0.68507512402105,0.170829776145461,7.27913925162089
1.0720553153232,1.03124527529726,1.97916490058242,0.465029393736698,0.806706328561686,0.365212247110451,0.143642559725336,0.930495341558402,0.914041245765966,2.17264504804335,12.1609952796167
2.03276881526507,2.3210770104365,3.16165851662715,2.28262467353358,2.67816095820064,1.45595192371972,1.79577887588968,1.57193602228582,2.05183890823189,1.91343928691701,22.3533577601967
-0.569756081377899,-0.609036892280788,-0.677828131984867,0.714182950174879,-1.1205650022184,0.516352864897396,-1.23639893460864,-1.57474604506097,0.0715523003727299,-1.42198391507133,-4.16541908234998
-0.298190498679711,-0.0743712850811139,-0.574004806248301,0.335448052112313,-0.198038531750406,-0.0166887496595942,0.534610482432884,0.398445972200293,0.378103673312328,-0.649983529661604,-1.24155662740511
0.739616272438884,0.899472712276173,1.13408583477319,0.989835712619626,-0.601400413596499,0.59022897735078,-0.222326181377999,0.0688623137185834,1.46430689539314,0.642797126445277,2.39832964521319
0.468311635898873,1.39910014657545,-0.388743336888174,-0.480480573722172,0.264275005127436,0.116383945446605,0.177193902516277,-1.25261408015671,0.638389295769476,0.708771134966084,3.24013321143225
-0.998226879778649,-1.59887741607624,-1.04198996983076,-1.71558597646495,-0.0931458663509325,-1.61746457088881,-0.242435233710996,-1.31919102852131,-1.7885314771284,-0.700165623270733,-12.4452762567336
0.731792264023729,1.33640940547738,1.39429354435838,1.19108498918521,1.93176418462516,1.54542482558601,1.09214442662922,2.52222310926759,2.48623890612093,1.42619938924736,14.1419502378123
-0.45858070916422,0.308529872070642,1.09631935172083,0.851470335669928,-0.417714640556838,-0.231820501710414,-0.363616181849569,-0.125832213686578,-0.88777006553523,1.55697444868291,1.18229987348067
-0.117652619367148,0.543547411356584,0.794393045945551,-0.0247222763005292,-0.187378287353446,-0.236700639161136,-0.836022820915165,-0.498252918373963,-0.382013341068985,0.28417695503242,-0.406928832673689
-1.33005151534725,-0.383559305980435,-0.535320572859281,-1.33878319305356,-2.53955552356627,-0.338811025937809,-0.878726841980419,-1.17904238875558,-0.969437237776011,-0.849082605734124,-10.027114399379
-1.25378201410625,-0.40752507088133,-1.69773937877556,-2.45661600738503,-1.1820813875916,-2.50102385266135,-1.83268285350132,-0.600118110460705,-1.42700048237574,-0.986588436557532,-11.8388188444625
0.279373129354601,-0.135215463552744,0.000964503993241337,1.05768082960647,0.598187417184124,0.106572047360285,-0.422608212155502,0.0970472119050141,1.2454959163596,0.119062486400815,1.75489050271392
0.101142707910588,0.633861183966796,-0.309478736856371,0.634165044551053,0.233984313735418,0.465017095511633,0.397064121910104,0.630235266510676,0.415290148765082,0.190829798863859,5.17075049546136
-0.563559104466696,-0.365388184658394,0.0215579683139058,0.311662651315271,-0.364339858961699,-0.0916757320643283,0.0330934404623234,-0.106457460445974,0.39312427603482,-0.875440098162009,-1.94729773698405
-0.234025682775598,0.563936251869859,-0.180610394351143,0.996608488403019,-0.389541685143471,0.602335274506342,-0.385063756782496,0.661742782267618,-0.772665156314482,0.565052067953305,1.03038185260827
0.908963420030999,0.304350071137779,1.13295711279013,0.643621210150125,0.851242626493384,0.804348997964963,1.49874786461521,0.699446383765265,1.07643182484092,-0.362466044011611,8.21197288651814
-0.58779995132044,-0.435003136811479,0.369567436051056,0.0221360674454522,-0.49510518714431,-1.42994068556891,0.172454024050112,0.0385739967774149,-0.840334304010245,-0.882791653142549,-2.82452830044222
-0.539682666540595,1.40788627832555,1.36407708145579,1.17877219452229,0.165091917210785,0.828456498926379,-0.885378398217497,0.581298894583681,0.454701479746307,-0.0551023847994113,4.41621677548442
1.17741641058602,-0.156766247693613,0.261819497643439,0.121377400593819,0.90846259586684,1.01790816632253,0.405652747204526,0.296630452122173,0.407479989839412,0.0748042709784179,4.83116905979999
1.17741641058602,0.577992052940434,0.805374567789283,0.154733966383076,-0.0115173256557519,2.36899088050765,1.12438690691494,1.26362230591027,0.641456315478758,1.31710966038157,8.13304670485373
-0.344913594839991,-0.967177874600443,-0.198538367984403,0.412180921585903,0.644865195844549,-0.373681676175536,-0.453639211103433,0.716503976590329,-0.291284484833193,0.494376998226701,0.888088548645809
0.279373129354601,-0.135215463552744,1.14249063633814,0.690095969348174,-0.439791565561035,-0.375822004051684,0.752478338525338,0.40099234816697,0.918619437112064,0.464153392034176,3.97331787867538
0.24634859536232,1.16680065504995,-0.20960455573746,0.39976851818131,1.03434817996636,0.352418124237874,1.30074231602228,-0.165607101010181,-0.314361072827474,1.60557846824133,2.39832964521319
1.05664918140004,0.530862821323876,0.818183580825144,0.984297826324728,1.24390832814546,1.41884124132106,0.830052521923069,0.208579082550619,1.10373138772294,0.594046401494106,9.30105644381915
-0.284913329753278,-0.423105646081319,-1.03611659218539,-2.09007145349543,-2.40725914434429,0.142329297997749,-0.238776883060603,0.16751963728402,-0.976926261172797,-1.46246417024016,-10.6233367666213
-1.22396988076211,-0.456137928397979,0.155588441408593,-0.481174924095393,-0.516525762241147,-0.409702678711066,0.411603896595191,-1.1916897457571,-0.767325932135174,-1.01655317894215,-2.43738352620919
0.130281796447176,0.476192362897282,0.528695240327485,-0.304060261298284,-0.90972590266721,0.480247942481792,0.558887086325338,-0.296979522096755,0.295421781813831,0.00342860487494467,-0.733071035750553
0.101142707910588,0.633861183966796,-0.525787532655087,1.29446374384016,-0.544942571687271,-0.388167796908356,0.486239013063784,-0.406239137715574,-0.122533744732424,1.69297809493054,1.91805264659148
1.17741641058602,0.704361560565298,0.346251544798452,1.61360969252115,1.33644595613599,1.47220682272774,1.05329212142582,1.72935403490468,1.13967318722408,0.503092249357051,15.8609965232261
1.41592580399026,-0.336983320178755,0.574508120592305,-0.861474690287553,-0.0749655870234122,-0.854620908783887,0.534610482432884,-0.891525119180296,-0.198252657919482,1.16041550704169,1.63196909948183
-0.58779995132044,0.868620880441264,0.476170272138243,-0.180107957473563,0.00547773002907682,-0.1859666001564,0.381482437607158,-0.184163265026428,-0.0628617485575456,0.69324441324799,0.84550686173084
0.00241370731413816,0.759203666064289,-0.00688515622042214,0.742773227825044,0.667962177979095,-0.854620908783887,1.20575309479105,0.40099234816697,1.64495125951245,1.12408058625932,9.62310175853218
0.219709245001121,-0.862829621800128,-0.472627939634905,0.580115793398095,0.00547773002907682,-1.0375210493203,-0.188765828208203,0.30169625219762,0.121144357141425,-0.880372729997381,-2.39581666961642
-0.0825970589425083,-1.84120039524857,-1.143508443149,-1.77797932780058,-0.575521936232773,-1.00217993973329,-0.779753976907321,-1.03685639380578,-0.354151141336695,-1.03405869559768,-9.45563617102003
-0.209159640668787,0.648373416766619,0.0723209201633734,-0.772262718929287,-0.0376863167663766,1.02365596559181,-0.56282890283109,-0.903718455938346,0.445572783439498,-0.606598298093531,1.89842944842078
-1.23997355453257,-0.859225735118864,0.415063348262004,0.412180921585903,0.203560764401969,1.30385311139761,0.347219189001261,-1.00929715754053,-1.07228316756554,-1.47650739374026,-1.93272920969736
-0.873606074787469,-2.11602770520969,-0.901651069814435,-0.762855117118429,-0.212774522139032,-1.05412909255147,-1.97112478653929,-0.980481197207669,-0.960117334210532,-0.555815212862553,-8.39229056265079
0.468311635898873,1.78683818707371,1.05330998430722,0.376169015758411,0.985605037621814,0.241594020480907,0.952807436010243,0.352121620011213,1.39419927989531,0.84156275535984,9.8206488410817
-0.162209346263519,-1.17735562255212,-0.669659694578359,-0.268505756091027,-0.0272093743518465,-1.13999517049894,0.945538542882458,-0.533616026797145,0.445572783439498,-0.466725820233734,-3.65742340292248
-0.422062058766658,-1.23726862883058,-0.412390285168956,-1.33878319305356,-2.12063457209391,-1.41101757044341,-0.747750920371281,-0.340936871919541,-0.924339804375923,-0.786420366064651,-7.90546909812582
-0.526157382342248,1.10592784577064,0.528695240327485,0.684873778299343,0.96364272166537,0.454767618644883,-0.21294727315259,-0.0440247403178357,-0.11607786256688,-0.660435703094872,2.26314334534005
-0.796404549637126,-1.7005586143873,-1.5675275954054,0.0726095693668827,-0.755203363603809,-1.01477213548952,-1.04878328661945,-1.62503950308331,-0.67458542345969,-1.03405869559768,-8.99824008962813
-0.923489302250104,1.01136563297976,0.275941640402648,1.82947099095834,0.112307798368208,0.52503505547902,-0.161795049314866,0.630235266510676,-1.62800190892247,1.08449237430079,1.04486183679702
-0.078401846995315,-0.469350402830056,-1.04878477226866,-1.22605647130869,-0.990864476368801,-0.753392522820168,-0.0278280795497294,-1.11612713047273,-0.913587941564334,-0.843381412667248,-8.60679511190472
0.295132758428219,-0.496135285290337,-0.262655764032327,-0.10600145747286,0.791876793461108,-0.946013907943733,-0.0649130519205929,-0.627034130513416,-0.43129624171275,-0.000507625165565483,0.608573806905995
-0.274198575622987,0.107506702239718,-0.385239067211354,0.401775122485894,-0.15939422780325,0.906573449411506,-0.163273857819074,1.05915155047588,-0.14478065369516,1.29540450801021,5.62241890155255
0.269539756487824,-1.17449192643378,-1.09913011828276,0.818682200519452,0.574804058530429,-0.429456827379923,2.08180539735483,-0.891525119180296,-1.00142443223492,-0.248688463525644,-2.16314250172956
-0.697762110996306,-0.509336248018305,-0.968645562752074,-0.619604224267641,-0.524401608020412,-0.70401696992046,-0.738992421370766,-0.96229835403817,-0.500807715148589,0.745110627231594,-7.52331084723369
0.234796432813919,-0.363152613126564,-0.136988214838206,-0.368761783564625,0.337536532114187,-0.570704820113739,0.0728765516887244,0.280422596157684,0.250438987343724,-0.686326989990845,2.96718031512559
0.677181783476702,0.654320905954049,0.777413830334055,1.29261895248953,1.56472478487045,1.41884124132106,0.765834516910434,1.25729026725355,-0.296164972223145,0.77893025564685,6.70604897081603
0.223661527881575,0.126839909788395,-0.758057866729999,0.0686330977848442,0.254389949517886,1.51222523603694,1.40867285534243,1.99161201510848,0.67375594808606,0.621459524779164,7.16228439457031
1.78718017511795,0.97238463670556,1.09623431885112,0.480408613268672,1.88570642348488,0.703638087584758,0.835717965987784,0.986107227651338,0.618765701193119,1.16746571920887,12.2833154517596
-1.12099209784675,-1.96659901644832,-1.48479631884488,-2.78358210509542,-2.27042118602226,-0.824852816577147,-2.63774512727283,-0.929441445689546,-2.53887164272905,-2.11768660562878,-16.4419369423733
-0.237375434003279,-1.41222015643427,-1.69773937877556,-2.27286780666229,-0.805109917130139,-0.20004715585735,-1.39610528619327,-2.21836071987153,-1.65258402993076,-1.73755102143026,-12.556004594813
0.00241370731413816,-0.192502138290244,0.58829603826149,-0.432960856816031,0.791876793461108,-0.624653730388488,-0.56282890283109,0.348303560768758,-0.0767935994925745,-0.262085259230731,1.12376151754185
-0.927152057726647,0.0500787448888392,0.487758403411201,0.245768934678242,-0.0130133349084801,-0.446691629520343,-0.0388098779866265,0.728822811137161,-0.596755041414595,-1.02084276562773,-0.974607749945405
-0.106859309457862,0.499238111278593,-0.688586789058256,-0.736352290202342,-0.141555949669825,-0.37279908360857,0.16224644480652,0.0727153307170751,1.19198378868082,-0.489597839945293,-0.320746475726957
-0.213134374909654,-2.31995078175697,-1.07399523433536,-1.88509026625434,-0.584055360805665,-1.67568138606929,-1.16649393084659,-0.740427195724356,-0.429758819672174,-1.99530312841755,-12.6363466964638
2.8086990301592,1.09101870079545,0.552035637788065,0.482596945879304,1.90902268181734,1.69698784804977,0.709450336353711,2.52222310926759,0.804788470414944,0.744630225066777,13.4288687796798
-1.39341298111721,-1.31709967570103,-1.77450302029781,-0.9196102582369,-2.16788072898501,-0.993940528886334,-2.69079591374218,-2.05622587831108,-2.45917663132071,-1.61875365516415,-15.9960277056932
1.27573610729641,-0.0557469201703448,-0.143611481085965,0.611965395283085,-0.0321997984399814,1.00330542562212,0.808291127605701,-0.233939144059953,0.276170555191833,-0.153778316639623,5.04270577382855
1.07080879696104,-0.235568730212253,-0.699723240299148,0.0547557230649763,0.486730633120432,0.653472244677532,0.486239013063784,-0.14752094169282,0.0208967319641795,-0.177333595615261,1.64359689294101
-0.601118911632482,0.48760764419642,0.336294181543663,1.0402760380279,0.685540701126004,-0.0370177221595071,0.819596064749613,-0.0221800854713706,2.07853909273752,0.805415718566044,2.68099585644936
-0.476228394807271,0.339679711327511,0.0753224396882258,-0.364072494113181,0.841373766315505,0.0954129415460526,0.815502880540519,0.418551792981156,-0.121210436405931,1.51670263490349,6.36690159819314
-0.162209346263519,-0.289773723988997,-0.609531567889474,-1.02526383380726,0.349642321114759,0.206809862142052,-0.00582775282203008,0.97698248019976,-0.598007082978401,-1.2041919862514,-2.39581666961642
-0.186558371674265,0.530724017712512,0.742700052933548,0.136054356579626,1.59612337678971,0.641131088436849,-0.628474722327089,-1.08442128155865,0.527209469511631,-0.364412196544198,2.21300203522185
-1.10936696368632,-0.838530095411432,-0.0616179755808677,-1.10431481236019,-1.69459439237527,-0.644279777189719,-2.22378832646739,-2.16322521172996,-1.21450941250442,-1.99250118633053,-11.0978005368319
-0.728954943655702,-1.19639824489551,-1.143508443149,-1.07249671229235,-0.117276351370833,-0.134872847900223,-0.80160893952294,-0.557781346796341,-1.69382137395286,-0.12825330266505,-5.50980210768954
0.739616272438884,1.33640940547738,1.91037749333414,0.413021316610322,1.15543634631078,0.365212247110451,1.44404948722246,1.93941503871494,1.87176566850538,0.623108230638882,12.3106115671748
1.81485421994825,0.4588817483384,0.235790761631592,-0.0403076827355743,1.1087729786803,1.16430244008899,-0.0376414179618903,0.799100521815051,0.295242347428181,-0.168261351772501,9.62310175853218
-0.449066820742979,0.714061049193534,-0.750266413669426,-1.98408268419717,-0.432249045479165,-0.984987406754731,-1.45090369315907,-0.922606464823572,-1.00092407762853,-1.13424438454198,-6.66051738426677
-0.821763780278133,-1.0477330997545,-0.493843207346359,-0.702384958463088,-0.921776131136891,-1.70730169034324,-0.585733796472285,0.523715788317479,0.112760585435619,-1.20453313118028,-10.3226210734922
0.420332752698643,-0.150038483111611,0.227844105152558,0.634165044551053,-0.476367459002484,1.24501630493861,0.177193902516277,0.40099234816697,-0.09849238130321,0.995477986014225,3.92717533735431
1.25880666542612,2.05425588559595,0.483871043476111,0.480408613268672,0.0259709590479999,1.41884124132106,0.392349972131528,0.669917940033587,0.178702502924573,0.84156275535984,8.750873411682
0.940102654720452,1.28384642134313,0.233641451840136,0.732912223632781,0.864590735112998,0.577541374390426,0.0715522277192314,-0.636065634980446,1.53421252687095,2.04932876510085,9.19269528396742
-0.117652619367148,-0.0156597130111698,0.319278916372655,1.42321258434625,1.03434817996636,1.12114554523935,-0.386871897550917,0.694942143506462,0.0758400937590445,0.621459524779164,3.97497410985567
1.02621595283987,-0.00551936008057692,0.261819497643439,-0.702769814887555,-0.264870536211823,0.52503505547902,1.45152381645541,-0.153333750752221,-0.243165469088516,1.2951307099992,3.62958824209894
0.527351057567162,2.26350538856294,0.299470493199357,1.39617259911886,0.739917862895562,-0.0125592098846187,0.416809382551593,1.15374482651279,0.752665649389736,1.86560894913193,10.0014597989139
0.727104899116027,-1.77801929611576,0.300143121786585,0.335448052112313,0.986030287978787,-0.350939819377351,-0.209886189275964,1.65854479269018,-0.89050566100551,-0.172497857143969,1.63196909948183
0.916067837261437,0.975002537431836,0.346251544798452,2.14312835220553,0.817723365884112,-0.947606434609895,1.05846727175653,1.66170563267523,0.854481425176274,1.09191341054608,6.77069905918148
0.731792264023729,-0.146706082266054,-0.224429144124419,0.996608488403019,0.279763520769969,0.198290342835956,0.323629844200441,-0.555932304572682,-0.09849238130321,1.29540450801021,1.75489050271392
1.98438547807615,1.07905903869184,2.15543685572049,1.18343303636321,1.20837795005561,1.74206574008446,0.389479982510823,1.10490414117541,1.74330182260635,1.14724125591586,14.8892728145616
0.306644927864604,0.729840570684762,-0.0625196203234304,0.352402257931626,-0.771815115765598,0.547792375811167,0.583401431961467,1.71320260394384,0.454701479746307,1.56192567850734,7.26273663011167
-1.15005884569008,0.895016077189704,-0.350367742142848,0.0422453472374207,0.477586420662494,-0.373681676175536,0.655346996522046,-0.71676512213487,-0.429550519567948,-0.227511108772904,-0.313186089852189
0.42477392215894,-0.150038483111611,0.149126804791176,-0.00382149605271919,-0.90972590266721,-0.430817911214931,0.828364906429033,-0.903718455938346,0.185099886920416,-0.575374839250829,-0.365622309668885
2.11496721858134,2.75919701396169,0.746181241556055,2.19132032086388,0.99677169241648,0.958728922689346,1.90032879730886,1.67642773194409,2.29482893308264,1.76004177328823,19.9315170145429
-1.32708337786445,-0.0755770556181036,-0.242501743749578,-1.68718549130031,-0.263206669209526,0.0360314946869562,-0.975540224605011,-0.797165229422314,-1.00092407762853,-1.18470746318639,-5.83913442905909
-0.849075923114369,-0.52976580609548,-1.58971902404292,0.00847232530875818,-0.449456605354587,-1.77079021325512,-1.04814290982562,-1.31919102852131,0.0436985250918725,-1.23067125948628,-8.79785184267715
0.234796432813919,-1.45840351327152,-0.832207663413034,0.613132495306118,-0.10046865008992,0.210112711481281,0.791867163736789,0.224105285306888,0.382743870021191,-0.0253465052728646,1.98573440370638
0.760922912796168,0.454192650078779,1.13295711279013,1.09147404306583,1.99021248752116,1.13733626350662,0.505647897428775,1.25729026725355,0.982175190163446,0.77893025564685,12.1609952796167
0.548187636576368,0.174902644172783,-0.0548143202780593,0.932754662898665,1.50672085680091,-1.01480493247623,-0.576713956292903,-0.0295801314196142,-1.39086113073823,0.119062486400815,-0.568684982573986
2.06719303342251,2.37318580402818,3.16165851662715,1.28778678935078,0.99677169241648,3.38454264094933,1.93364938037932,1.57193602228582,2.84248159699062,3.06956175860852,27.0760947846842
-0.957837065350705,-2.42209324120501,-0.633711206437634,-0.0229444500873712,-2.40725914434429,-1.2920421437703,-1.55842832472237,-1.87757925804208,-1.44349905335303,-1.3091898587197,-14.8750958443356
-0.834214898780773,-0.704993692499816,-0.116616462151361,-0.455957750671419,0.00626580494576068,1.06821838139232,-1.07247906014551,0.30169625219762,-0.936335072599473,0.724269319368472,0.211094070772848
-1.60270338789833,-0.0155432767322413,-0.720879169256634,-1.13684937176445,-2.53955552356627,-1.29188674683089,-1.70143140513609,-2.21305165729455,-1.21774304381499,-1.04285333958984,-14.3746880658773
-0.909174393677362,-0.975493765765612,-0.394348535743816,-0.261553014370457,0.102281727851346,0.571217976297276,0.779087555284173,-0.00900707826139194,-0.308865513093824,-0.260297290388074,-1.94729773698405
-0.0160506474868614,-0.213182640380136,-0.455307654932134,-0.561833389977021,-0.175731633243155,-0.620846123139647,-0.624321901542962,-0.812302680022726,0.702069159924523,-0.809409078790292,-2.09195477525968
0.420332752698643,-0.150038483111611,0.97018314464118,1.13033840913899,0.577725815918249,-0.804220037867962,1.08508015557361,0.38567482784434,1.61435865562402,0.854146804891391,4.65039675828171
-1.45293088098968,-2.65867270423084,-1.01559739835354,-1.70937179251515,-2.08731449884659,-0.835895919525,-2.8579755716754,-1.64412754298966,-1.81602224671887,-0.235543839185486,-13.8781795786481
-1.97077573466743,-1.68969864999409,-2.55949391989752,-1.91867881629711,-1.96626868978674,-1.14348274867014,-2.63774512727283,-1.32548732053705,-1.87355113680018,-1.73386104003723,-18.1636405575882
-1.24540869167528,-0.798287972222574,-1.46825079941445,-0.912909944685489,-2.0434746603976,-2.24065091886702,-1.58570124328975,-0.642499473342474,-1.29845061612487,0.15071302814083,-11.2510924518354
0.458328927172002,-0.27598156648221,0.128918896982453,0.996608488403019,0.290498102156137,0.470433633118679,1.22097898752895,0.965398628267043,-0.0611940817887302,0.362768693045192,4.83116905979999
0.621119374158611,2.07394488810605,0.950621062478806,0.480408613268672,-0.269237952367438,0.956562982278278,0.223861119541665,0.443280655021501,0.0294128901534776,0.913053242663807,6.16246501800866
-0.284913329753278,-0.524769560240547,-1.00585910447355,-0.289247700692772,0.191175629037861,-0.247376411359168,0.587152857064193,-0.698001576881874,-0.672660474924403,-0.445559706154231,-4.79876958839652
1.68369833973481,0.773638363395465,1.61162333190936,1.02543809171259,1.27222571927758,0.703638087584758,0.411283143320457,0.221838465449577,0.795087947969406,2.72206329914275,13.6553525877199
0.157707735764999,1.28639704429031,0.109983505857893,-0.575929826278604,-0.461199063955439,-0.986076645685725,-1.59974650847724,-0.388833498315231,-0.386987139050662,-0.0253465052728646,-2.20391842762005
-0.848170846197676,-0.0465812245983756,-0.0307655385973687,0.680305751565228,0.591603646983714,0.208971620319853,0.230163109580167,1.51056650048156,-0.660540010510085,-0.245011969983268,2.59645082285459
-0.52236516640943,1.10592784577064,-0.224429144124419,-1.15995204452294,-0.547542839463025,-0.520826152752517,0.587152857064193,-1.03124030659001,0.724069609293518,-0.64832297721469,-2.4400931206336
-0.213134374909654,-2.31995078175697,-1.67677908288779,-1.3186907038511,-0.689160468024677,-0.427703748521402,-0.235492889895656,-1.01403583449321,-0.884455308381953,-2.14153812305438,-11.0661148562488
-0.267062951353745,-0.532201120521833,-1.18231329363586,-1.26802740658712,-1.45033673140019,-0.957696704026042,0.0904344062957743,0.256321561749537,-1.20021394432606,-1.20453313118028,-5.55452899517164
-1.03215114914593,-0.895538993447599,0.316998874177022,-0.0332689498194439,0.57881678130641,-0.483251082459534,-0.983985397982645,-0.402818664665788,-1.1065081619091,0.180514416546886,-3.87152201657505
0.244988518792639,-0.0161000225880741,-0.771193691898142,-0.330135083125236,-0.811828976836509,-0.260646773932027,0.271823639688116,-0.113636294407961,-1.2616090355866,-0.392091081922867,-2.1966651894263
2.33812313425437,1.95372696943259,1.87880217286809,0.758200590099262,1.2606377693075,0.958728922689346,0.970639684668228,1.31138223661281,1.40933837257267,0.647981702412703,13.9286189383195
-0.457906303878884,0.308529872070642,1.09631935172083,0.851470335669928,0.96364272166537,0.234840632822675,-0.293300726758832,-0.407483729952298,0.971918936785807,-0.647494719448455,3.01718325335039
-0.998226879778649,-1.82510745826647,-1.39002657307192,-0.927657464478637,-1.55346017748067,-2.50102385266135,-1.47167867625605,-2.91950909557607,-0.897114165981856,-1.61875365516415,-13.8781795786481
1.3498912972646,0.191306439537046,1.2991480510058,0.0943314468107037,0.195689963421389,0.43544245210399,-0.35601772517213,0.349214026438659,0.67375594808606,0.362768693045192,4.01234776540161
-0.872568302286333,-2.11602770520969,0.270625793900011,-0.446525530763059,-0.75216450391915,-1.99972899053644,-2.10476522777314,-1.10160795988126,-1.78270788869673,-1.08345733973652,-10.3274252005276
-0.555733994052002,-2.06173117485274,-1.25415307271136,-1.02218839749486,-0.922523013854998,-1.20337488333032,0.0417865302199172,-1.25640440131904,0.446352072921052,-1.03405869559768,-7.68057350247249
1.13761361007158,-1.09555581353405,-0.435285441125042,-0.241812363973016,-0.99134975554335,0.150544280575573,0.271823639688116,-1.26578129957538,0.503723888504167,0.0298618289301451,-1.19323070380346
-0.716503214392384,-0.729724531708531,-0.837840103114529,-0.509422937994302,-0.076157132748656,-0.0496425247669287,0.156989417492072,-0.977277384535656,0.0374544206388172,-0.993156361145093,-2.81040522788641
0.64109275716019,0.235824219678638,0.0220015438497113,0.797342678404184,0.058454602991822,-0.854620908783887,-0.299487871372928,-0.61142405023395,0.612409383073689,0.28417695503242,0.906992822355069
0.244988518792639,1.16680065504995,0.637816668336026,1.29127698249079,0.335710104405542,0.127821180378914,1.31268335852047,0.144647979280876,0.914041245765966,0.869420607712559,9.32155787136345
-0.941985008336221,-0.41647234387153,0.19833722350354,-0.528957504334466,-0.142897560594475,-1.22657936812955,-0.382258881410173,-0.756874790161201,-0.732909418992846,0.025563801275538,-2.81040522788641
-2.09363485922797,-2.23424149652886,-1.45774579335297,-2.18195793174486,-0.855102877391819,-0.824852816577147,-1.43825151813348,-1.47634081196976,-1.81602224671887,-2.20533719081058,-17.3300427133069
1.09267826664626,0.239984477030641,-0.367647194560524,1.10309651999265,-0.178085350304926,1.00330542562212,-1.01807277073808,-0.27337689149243,0.00986325407323814,0.688157963888138,3.59524345831109
-1.38110063951477,-1.13165934165094,-1.5675275954054,-0.960433613548105,-0.923828309493054,-0.954205143356915,-1.09257452173879,-1.9674518365466,-1.27545289839947,-0.0174617645611878,-9.85277246803711
-1.39445641288358,-2.07476005833655,-0.870674374611946,-1.21642281828656,-1.1967337627912,-1.30446243629947,-0.943017380232845,-0.349520408508797,-1.9479959518444,-1.1941651125188,-9.80591031780903
1.79622947390178,0.97238463670556,1.09623431885112,-0.0683348621883866,0.418149989731262,1.47220682272774,0.225324169849619,2.19215572444137,0.573553295085422,2.72206329914275,15.7350947603833
0.604756588498314,0.972054761142902,0.534226082636455,1.61360969252115,0.812063195869821,0.206849111026278,0.196308660922887,1.81054712883607,1.01407084532758,1.1872875421604,6.70604897081603
-0.546972904805019,-0.26355050600423,0.81857923961356,-0.341663179282897,-1.17840133927048,-0.22665438382387,-0.449816621776607,-0.78574108240956,0.519842786650641,-0.85336597939388,-3.2863276927469
-0.481308703863184,1.06276431205679,-0.224429144124419,0.462169411147065,-0.157253540322008,0.0954129415460526,-0.693321114925747,-0.0356913419970949,-0.0465789086943163,0.293544106164509,1.24961878058692
-0.195819244587534,-0.867745630275868,-0.516565754661557,-0.179619601363254,-0.556552127275419,-0.346421115231894,0.975929181456753,0.97698248019976,1.40181016499549,0.776609048270742,2.59645082285459
0.916167690922836,0.975002537431836,-0.837609556422448,-0.857668153827802,-0.90972590266721,-0.187562249055088,1.08076479201461,0.285755070566394,0.946923785558357,-0.930933580995432,3.93087990320243
0.445604972355314,-0.89440474929681,-0.349312991701958,-1.31648361738729,-1.14743314016158,0.140055564455598,-1.45090369315907,0.531994837923732,0.0145817634008747,0.261259431734756,-1.67365749387485
0.0608678049029384,0.60192529214568,-0.952537464490153,-0.107866452033487,0.622024746401608,0.905776258199561,-0.0735566017493596,0.0607129213563554,-0.453624477392067,0.708771134966084,1.03038185260827
0.719544902602407,-1.77801929611576,0.654393313572261,0.668649761482628,1.69676313046653,0.551671737725853,0.555512890037922,0.456362564329623,1.11010975840199,-1.42116593428012,3.76334544500426
-1.66880034864685,-1.50796033949139,-1.68105106872479,-1.46950941289331,-1.90112115432649,-1.87135248058247,-1.7106039315119,-2.05622587831108,-0.262950019012811,-1.37661668130932,-15.0345145411837
0.00241370731413816,-0.9280396267497,0.0215579683139058,0.832464988085002,-0.99134975554335,-0.592927157936707,-0.85462329460455,-0.794725554131689,-0.840334304010245,-0.490602910340541,-3.23201083633779
1.01993071576333,0.253114077799318,0.704360998201342,0.138929623362474,0.881534772752919,0.641532340518751,0.75824043804687,0.789414836525317,-0.205935368741337,1.14199613836172,7.71669061978884
-0.0825970589425083,-1.84120039524857,-1.143508443149,-1.16730263368727,-0.0302688986716985,-1.49571175933746,0.475799883268596,0.675206921983727,-0.234661874425213,-0.43685772586093,-4.59088737804547
-0.815088254228775,0.118256531267534,1.09921192306337,1.82947099095834,0.296942378431735,0.783665637391474,0.402064798433191,1.32784543992525,1.45835734912417,0.806126738679213,7.16476908551819
0.51822236275182,-0.809173569624427,0.397376051764241,0.791141964655736,1.10093156511956,-0.569282612085796,-0.540697830290272,1.21961823392002,0.541661621429713,0.359640423882894,4.1713764626893
0.675773386255114,0.559459022847428,0.702441997162382,-1.35695677919869,-1.11252984195149,-0.867519159102588,0.271823639688116,-2.06551957883708,-0.715948757882393,-0.559926162631474,-4.66624379435179
-0.549073880186332,-0.26355050600423,0.498614493928926,-0.517860670958094,0.758625471298077,-0.433968560501546,1.42304244425349,1.87433279442744,0.114142481270607,-0.139965776688244,3.90796212906679
-0.648582976211267,-1.23152926019919,-0.493843207346359,-0.909350597988615,-1.20540597115413,-0.373371240009074,-0.719577675052339,-0.660816130118157,-1.54624680796776,-0.12825330266505,-6.21755648424115
-0.349132584541048,-0.204571809688251,0.199686507521356,-0.368761783564625,0.644865195844549,-0.272191746324193,-0.434963350834415,-1.26578129957538,0.258179315223803,-0.0457151957489643,-1.89671952026764
0.190372614587454,0.207266796002153,0.689355652509869,0.121377400593819,0.220857110159878,-0.247964377902137,0.486239013063784,0.630235266510676,0.709837788549982,0.598643385146837,3.97331787867538
1.24277782762945,0.676944566723884,0.602684462611781,1.12642845957629,1.33212047607432,1.61422068304358,0.812855749823022,-0.238610346081958,0.178702502924573,0.308267569884351,7.27913925162089
0.382123960866526,-0.888382812070335,-0.349368443346901,-1.02787373257678,-0.556552127275419,0.514565397733044,-0.622526300342074,0.757718120793685,0.17384003100489,-0.614768552502188,-1.79314619618147
-0.344913594839991,-0.204571809688251,-1.34858077156864,-0.516871099899632,-0.930020541485708,-0.878356535712442,-0.702367736911657,-0.660816130118157,-0.83012932968105,-1.29152673483479,-7.48520344770048
-2.0643334723004,-2.28161192788655,-2.75838517248263,-2.64889568445368,-1.40629274105242,-1.12106351957273,-1.4569608903507,-1.22004753981631,-2.04744634274964,-2.6840929083681,-18.1715361816141
0.0250180349299849,0.538658210407411,-0.622633777302946,0.0547557230649763,-0.825987967260794,0.501267881118011,-0.560924497929529,-1.34033348492761,-0.301248521361365,-0.291941762282922,0.487807903369258
-0.476228394807271,-0.401815465918057,0.756933677116917,-0.0708311124026199,-1.44354459303428,-0.137708304428638,-0.384541368658166,-0.78574108240956,-1.16234693838299,-0.540291089854224,-3.38165148430791
-1.12099209784675,-1.96659901644832,-1.26575310288377,-0.679800511078471,-0.707098621336085,-0.950704342323175,-0.437299383078854,-1.31919102852131,-1.29009899987781,-0.904036989130026,-10.832681283748
-0.413399950470903,-2.03072807627083,-0.793174537224174,-0.935716651755221,-2.40725914434429,-0.781574498820496,0.189730421602431,-1.01403583449321,-2.06633609373773,-2.10703978169856,-11.0681550709601
-0.555733994052002,-0.66349136337015,-0.266990964102662,-0.454688880836686,-0.212923534440536,0.353481531013231,0.195756803851891,-0.207111010986219,0.724069609293518,-0.520874889452005,0.392694198336004
-0.923967224149577,1.01136563297976,0.718516628293676,1.44781734858079,0.294990312319732,0.470433633118679,0.564835065702779,-0.742052564753268,1.23901035096581,1.48051737124143,8.37947612518372
-1.98480208045238,-1.31359973552525,-1.75493541398531,-0.612838103382784,-0.516331841425385,-1.35341799951744,-0.242435233710996,-0.980481197207669,-2.6039232878391,-0.700165623270733,-10.3274252005276
0.35546673125748,-0.249561555340424,0.604151486646975,0.648428768421746,-0.261457800354779,-0.465295450636719,0.0956260971450405,-0.743795669867588,0.908824258384101,-0.203664979593601,0.0748073705188523
1.81485421994825,-0.358370480559038,0.539476745286688,0.0090344811528636,1.38340473937691,0.345046459996434,1.30074231602228,-0.0610856911906932,0.993573776945413,2.01664902778675,8.750873411682
1.34776464798345,0.191306439537046,-1.00825852567481,0.766239053277217,0.619075027312346,0.133944542805684,-0.508570023137974,-0.184163265026428,0.541661621429713,-1.02084276562773,3.13252189497621
-0.209159640668787,1.43032586067499,-0.143611481085965,-0.90576638358758,0.791876793461108,0.277487794662649,-0.363616181849569,0.666191474294311,-0.713841031936173,1.10319783124987,2.73658611975247
-0.716503214392384,-0.729724531708531,-0.837840103114529,-0.472637026093206,0.0569056285674852,-0.210368662196373,-0.77357905729863,0.833991067307642,0.505734024666829,-0.896440372257698,-2.1966651894263
-1.13038838672473,-1.75526677476555,-1.05767010763131,-0.759469093055777,-2.05299535657275,-1.35341799951744,-1.8455669766331,-1.27081401015827,-1.21774304381499,-1.3091898587197,-14.1809177152428
-0.848170846197676,-0.0465812245983756,-0.0307655385973687,0.197605923102917,0.0877395331969927,-0.957973097028877,1.38738391841165,-0.656168028972092,0.121144357141425,-0.606598298093531,1.03938449180306
-0.420268062362431,-0.783684381838928,-0.654317306766549,-0.356435884204331,-1.14831401868366,-0.753392522820168,-0.37660218809508,-0.850413894197544,-0.580957653836615,-0.45067372910917,-5.99656179157049
0.206778128232194,-0.255002473945171,-0.469599187156424,0.668649761482628,0.282005783092159,-0.369859593899595,-0.163273857819074,-0.0356913419970949,0.396622354899399,-0.126856652999215,0.0562589815323364
0.751485247129036,1.47096160442763,0.233641451840136,0.413525642801158,0.723156323958213,0.653949328590604,-0.172036953200974,0.5521187625545,-0.256408475536108,-0.0747841133806431,5.362002135513
1.81075418272698,1.10588959421,1.1210340385399,1.68400769152545,1.65221781994741,1.89425683243987,0.78443471603635,1.10490414117541,0.580051274016459,0.744630225066777,13.909623461756
0.807521839395147,-0.445192873044422,0.248388572932643,-1.15995204452294,-0.990750741064125,-0.901095910917079,-0.0204760867691481,0.856723418077425,-1.31257206961444,-0.484558779444479,-3.65742340292248
0.786449179410997,0.253578145424234,0.392648437069355,0.94537249332677,0.934134219197413,1.1925360485765,0.195395428011775,-0.60871086337545,0.605325856131417,1.09376017646349,6.66908162967218
-1.04474516082315,0.631923259375582,-0.943864778177203,-0.422896062517887,-1.3366882266051,0.391298723156039,0.678541694993025,-1.48930139163915,0.199153023785481,-0.896440372257698,-1.92488713320007
1.25670812923135,0.866183717120915,1.12917282310877,1.13540971276151,0.597972519010307,0.188204650471511,1.02553372017451,0.729159233467054,1.57023707892212,2.02536613583947,10.196135189825
0.719544902602407,0.547257094877582,1.30722032278065,0.799383483793533,1.74096229606795,1.61422068304358,0.765834516910434,2.13552905231818,0.752665649389736,1.73082988417698,16.6461768289362
-0.213134374909654,0.168412201264856,-1.0764980651664,-1.25568143500669,-1.28236841265567,-0.0726654335933326,0.00477636824757282,0.429618781309729,-1.04749808770773,-1.80195832067007,-4.23234444801435
-0.957837065350705,1.09490692005235,0.853745486334121,1.13033840913899,0.114868844501566,-0.79248767341765,0.991919782004791,1.86765902926226,0.427156450655278,0.747640677003095,7.26273663011167
0.355304968623366,-0.249561555340424,0.817641426873591,-0.180107957473563,-0.595054528481371,-0.0106540959870888,-0.621454277691903,-0.178684422532321,-0.453691061386955,-0.132076797514833,0.801966516694889
-0.153598587014598,-0.718714026649839,-0.0416950798218422,0.0278951330755517,0.599781798117162,-0.0236229846182521,-0.127698488737259,-0.167311904020638,-0.840334304010245,-0.697023830664,-2.4400931206336
1.6538070753454,1.97128310530547,0.320490214607898,1.44391871389711,1.70223691885807,0.0161720211988865,-0.0884706013923297,0.930495341558402,0.779192396949639,0.477493728511535,9.3126458371868
-0.633314487262544,0.980377571809943,0.138274023085954,0.648428768421746,-0.389689699488791,-0.780937187345928,-0.163273857819074,0.280422596157684,-0.55940303879101,0.746173950714741,3.33882768070714
1.02875588449747,-0.00551936008057692,-0.0625196203234304,-0.18120328860166,0.96364272166537,0.572220345036605,-1.33351015923264,0.112858369704233,-0.105849332571722,-0.440982886174609,5.08292433293274
-0.460423202466237,-1.17056279209419,-0.737813302072482,-1.68983644763207,-0.713289976936382,-0.673267417871486,-1.30517156779149,-0.648837998105173,-1.13089659490812,-0.432796517507231,-6.06947376724642
-0.880598999720249,-0.185378576186102,1.22400684905206,0.768557161623724,1.44445079883557,1.05004761932437,1.58801589586655,0.390365062872828,0.669303763707568,1.10743822477446,6.8494268704566
2.8086990301592,1.7015894884119,1.28521880608631,2.27019552209026,1.11750208670568,2.30384905388046,1.51120566890888,2.49208320312345,0.466267902764663,2.19894064823942,17.6635709686212
0.00634507033605632,-0.9280396267497,0.0215579683139058,0.832464988085002,-0.99134975554335,-0.520826152752517,-0.659696611244934,0.729146337048608,0.645624590528137,-0.0776501219291094,-1.69082650157096
-0.209159640668787,0.648373416766619,-0.113817850696801,0.480182685291533,0.268878967033356,0.376163425097385,0.957499116196689,0.293596159821759,0.109818774839579,0.165000517000377,5.41312206322705
-1.33912440473125,-0.0755770556181036,-0.889867934141079,-0.104854676027499,0.381379185168633,-0.420055218440301,0.294380824014606,-0.121198432820894,-1.27437269842194,-0.87208152415199,-3.62486268997839
-0.0703832958579855,-0.469350402830056,-1.34858077156864,-1.06779003897747,-0.181122330054415,-0.138139622341474,-0.0758522145109842,0.257047943025174,-1.45351082547926,-0.777104935652389,-3.17113356605863
0.0328434072884712,-0.799935036754636,0.0879131825045614,-1.54397511915148,-2.01254916691588,-0.11757084327366,-0.404919285588022,-0.861169185878237,-0.78992503001452,-1.21710284854271,-7.48520344770048
0.805002319671303,0.29827941714097,1.10850251504824,1.06835358021072,0.335652108494419,0.779602320609977,0.610180065302915,0.62304666333762,0.483953494508696,0.0961341593216712,6.1284512703376
2.8086990301592,1.7015894884119,1.28521880608631,0.903334797313948,2.3649916934841,1.54359443403756,2.89732535790261,1.08163557937399,1.17986236420617,1.30807496744682,19.8182957648894
0.42477392215894,0.664922752525617,1.11540290197149,1.05466420114851,0.0983206915317203,0.251734082361362,-0.628474722327089,-0.218065019525781,1.33962700485585,-0.660435703094872,5.04270577382855
0.382123960866526,-0.888382812070335,0.235805269957587,-1.34576325426764,-1.08926218878266,-0.247376411359168,0.424693009625717,0.154163898148958,-0.825256429956273,0.217122135115357,1.12153791619042
0.719544902602407,-1.77801929611576,0.297559479907968,0.335448052112313,-0.793168809397473,0.292189418132987,-0.659696611244934,-0.166076667400299,0.250438987343724,-0.0146227071871175,-0.121479821663936
-1.1943587551131,-0.588705332823407,-1.16114833764053,-0.359907392782922,-2.12063457209391,-0.22828527878142,-2.10476522777314,-1.63841204868658,0.475578651818516,-1.47365441063643,-11.6208535333492
-0.796404549637126,-1.7005586143873,-1.53555655722518,-0.0229444500873712,-1.69459439237527,-0.714586176492093,-1.05720805982748,-0.83625733416127,-0.562427280089604,-1.08345733973652,-8.99824008962813
-0.560590303279509,-1.82283121412655,-0.200296703489683,-0.262764994091871,0.246960024502228,-0.44287306496251,-0.0204760867691481,-0.812302680022726,-0.732909418992846,-0.380518361124406,-3.17113356605863
-1.33887784575226,-0.383559305980435,-0.535320572859281,-0.0982054712321487,0.0569056285674852,-0.111535667005271,0.67127305309333,-0.34514194003433,-0.135560473687253,-0.85336597939388,-2.5110193627757
1.38045129933967,0.581790321960328,0.470998503780691,-0.0403076827355743,1.42991288432461,0.430691022167405,0.893582353825188,0.973823054255408,0.827797515960524,0.988392530195845,8.750873411682
-1.70043967490601,0.254322999741995,-0.889867934141079,-0.81493981679965,-1.20039269083936,-2.10718599442358,-2.10476522777314,-1.87757925804208,-2.36348388140422,-0.420276148576736,-12.4162610432209
-0.728954943655702,-1.27693898664585,-1.07581722076823,-0.481048859851404,1.00187892315985,-0.724914264379225,0.38649283013327,0.332589378930825,-0.767325932135174,-1.80195832067007,-4.59088737804547
-1.08426245783731,-0.873465532033842,-0.599099251069502,-0.596826406148118,-1.29832203412902,-1.00217993973329,-1.57021888536338,-1.67053026523288,-1.31418623680113,-0.921207211377969,-11.0579056779315
-0.175386087997578,-1.1857822376386,-0.0902805030406314,-0.483689390764959,0.428080153294787,-1.11888343199622,-1.73043190981608,-0.785378958521438,-1.41050786714874,-0.686178581917331,-7.85321537359574
-0.23868789655,0.0713270675788175,-0.22525946390856,-0.407835941132665,-0.393457876509538,0.47917571599854,0.295285445967224,-0.178684422532321,-0.0767935994925745,-0.380147435177929,1.23346844867192
-0.724991201249969,-1.27693898664585,-1.07581722076823,-1.78523811603051,-0.689160468024677,-1.31497661038712,-1.45503472944832,-1.70124915198345,-1.24925983337704,-0.0174617645611878,-9.85277246803711
1.68369833973481,0.782803201806109,1.03065398721755,2.40385137002076,0.305365990075464,1.35997309615475,-0.321452424656235,1.61389917829488,0.35800621141095,2.16597311827274,13.6553525877199
0.805002319671303,-0.238036083687056,-0.224429144124419,0.996608488403019,-0.208632649783821,0.238276163953712,0.0807834459686693,0.797174455364704,0.0194799020373729,-1.06232081560542,0.278561325501588
0.604756588498314,0.788838548859579,0.350319153589976,-0.110000890792428,1.48348126373191,-0.913359266449126,1.26959893284021,-0.603391784994883,0.85042993329135,0.915101409802942,3.44712520827273
-0.306102437121138,-0.201446702066876,-0.349368443346901,0.539329327557154,-0.209106664448156,0.426482697104169,-0.41117491168868,-0.40118138724845,0.205728731550601,-0.875440098162009,-1.42073128122356
-0.544660543223189,-0.20528427857093,-0.849477345196193,-0.142807413076753,0.656328665552491,0.110365865662311,-0.0463951126634789,-0.166076667400299,-0.83797784479683,-0.000507625165565483,0.211094070772848
1.41625988344281,-0.0552944762950453,1.15613841547522,-0.341282522924707,1.43534375401423,1.80712909351179,0.89836534381148,1.25729026725355,0.427156450655278,0.896643411177484,11.0636621350957
-1.17930163009419,0.0302257835605308,0.0221556057782893,-0.78532016945369,-1.53455982232911,-0.729837038347045,0.405549248192902,-0.588516025729767,0.252963953327847,-0.755640071340366,-3.95957529187037
-0.168648896552215,-0.0799541350741301,0.813243911958083,0.374092754159456,1.21855162566306,0.224841030626024,0.819596064749613,0.965398628267043,-0.317382414589843,0.722752652351852,6.2870054250205
0.58108345146558,-0.60540273923277,0.0997600757765289,-1.5684321239776,-0.335163150405015,0.35392102995672,-1.73043190981608,0.563159754025388,-0.642500440912526,-0.731780941725761,-4.72198051316944
0.976782268033099,0.976730199179488,0.470998503780691,-0.341282522924707,-0.0951147873963564,0.663069185099302,-1.33351015923264,0.292971261930434,0.295421781813831,0.434557642396188,4.77808745391926
-0.449066820742979,0.714061049193534,0.97018314464118,0.755717669090449,-0.261457800354779,0.653472244677532,-0.02550878793443,0.293596159821759,0.600020448707329,0.742448464470988,7.00778457395087
-0.703221491972913,0.304041437223564,-0.744074537555843,0.382082143928465,-0.460461829238799,-0.328697478528567,0.241643843738253,0.0361835713734339,-0.193784381601115,-0.42211585119189,-3.06195430675858
-1.13038838672473,-1.07025221137579,-0.397065591827985,-0.104055840617685,1.42154109168963,0.20654664830076,-0.426349699011525,-0.34514194003433,-1.45351082547926,0.136726428994769,-1.48116701293851
0.369276429187232,1.3138203200107,0.11787186001281,0.876306189446722,0.743981257344457,-0.202954267812327,1.13273781574961,0.548978106778402,0.780783278280003,0.187593172241749,8.46707578594738
-0.101178087923086,-0.949403961917278,-0.928904317722197,-0.162215149413306,0.514597175287934,-0.483251082459534,0.346026790737155,-0.78574108240956,-1.39033319261604,-1.01655317894215,-3.95957529187037
2.61269377356093,1.11635372909521,0.468046863782211,1.29928092839354,1.20837795005561,1.68948178252577,0.868073552980297,0.317828504614023,1.46705512550221,1.57717505977575,14.7034840260634
-0.709239112771177,0.304041437223564,-0.744074537555843,0.382082143928465,0.767523558379292,-1.0375210493203,0.531788015780645,-0.106457460445974,-0.537054042123018,-0.403378856423402,-0.974607749945405
-0.178350461038707,-1.1857822376386,-0.0902805030406314,-0.442527007946409,0.439542280513352,-0.260646773932027,-1.23639893460864,-1.07156321540438,-1.25397642440348,0.261259431734756,-6.32355555114109
-0.998226879778649,-1.82510745826647,-1.28843849399179,0.0726095693668827,-0.0302688986716985,-1.78063511485365,-0.40422236689715,-1.46943331782068,-0.19094162297011,1.15033612924979,-6.72615290233841
-0.177321457648132,0.164621022196712,-0.149397249687383,-1.19910958854422,-0.34364957507414,-1.95358849813899,-0.497549791768441,-0.183301119126045,-0.549459203394436,-0.627259017316077,-6.29597549918417
0.621119374158611,2.07394488810605,0.950621062478806,0.480408613268672,0.67227453817182,-0.947606434609895,1.54643399517161,1.3037725692199,0.152829619776528,1.38360812873521,7.49902982791124
0.968553350650563,0.850597681992053,0.598209383713704,-0.0903012453816135,0.460421810936109,0.776805306603676,1.14207593132456,1.8426522496167,1.13759670372551,1.20453260796933,9.06435397640297
1.27573610729641,0.228560636829595,0.446216811770247,0.168407689067192,1.3142054749185,-0.362540379090264,0.435190341562394,-0.603391784994883,-0.237632872459847,0.445476712994902,1.649454466798
0.53265407655193,1.07330857443213,0.509624321239913,1.70414766588995,1.57238916746436,0.180662416816086,0.927009488213381,0.408778775762895,0.152829619776528,1.31710966038157,9.79648650426236
0.026858196115865,0.670696432104306,-0.0399677067893633,-0.487828237790591,0.254389949517886,-0.381366978846855,-1.017986085495,-0.166076667400299,-0.28849857587953,-0.380147435177929,-0.121479821663936
-0.861156610693569,-0.961990784079949,-0.357950203299709,-0.0982054712321487,-0.158160310214233,-0.724914264379225,-0.295257173040874,-1.65329818946015,-1.31300589844886,-0.137052355196617,-5.78336173299799
0.629315637889157,0.282012242198285,0.918853387883036,-0.226356629400945,0.976110961666988,0.345398976299479,-0.0549937613050597,0.923997608088269,0.374649616346066,0.672964792819596,4.52330408554352
-0.416532208880452,-2.03072807627083,-0.87081106154773,0.520850699678324,0.0287075330761668,-1.03618531895761,0.0300153768411337,0.434460661939909,-0.672660474924403,0.0814955526398183,-4.45103131291708
1.07218675420037,0.432596507832386,0.446216811770247,0.900439190560863,0.985605037621814,0.804348997964963,0.0275426741075259,-0.0823935865308508,-0.993458435535365,0.642797126445277,5.23524808602303
0.369639007582279,1.3138203200107,0.870012802081844,-0.0486896892802451,0.229406717707454,0.174214094933672,0.0810633576257594,0.581298894583681,0.407479989839412,0.549975880628615,3.37841376850822
-0.177321457648132,0.164621022196712,-0.149397249687383,0.405039249649721,1.14293701287622,0.277487794662649,0.323629844200441,1.48785454309041,1.70816765012495,1.42085486870858,9.33597449730064
-1.01752209157972,-0.511437616258862,0.177355513688376,0.580115793398095,0.477586420662494,-0.522166315935233,0.961892535011818,1.65854479269018,-0.456334145695931,0.905116545481551,1.91805264659148
-0.209159640668787,-1.47839789076868,0.669385864123959,-0.528957504334466,-0.964730835629859,-0.967801864304353,-0.975540224605011,-1.09941022360039,-0.83012932968105,-0.298971743546282,-4.63929679567346
0.00634507033605632,-0.15230855749762,-0.652902702053851,0.539329327557154,1.07397934992611,-0.429849403149446,1.66789798256114,0.759488057618369,1.35759278776741,-0.267527099634428,4.02063556465884
1.68369833973481,0.773638363395465,1.03065398721755,-0.881968505113024,-0.178085350304926,1.48709333866098,0.960610157529336,1.51544994076296,0.427156450655278,-0.135387330822667,6.18877384435198
-1.04474516082315,0.017850392835288,-0.131480995278398,-1.08286135235938,-0.580292923173626,-1.00795352598264,-1.16995111785569,-0.114478615733778,0.100814864076763,-1.01203793070789,-6.40251366039192
0.925442262421104,0.397542745385767,0.306983819236218,1.10842834209656,1.1087729786803,0.0256434763057042,-0.172036953200974,1.32903542155752,0.734525312686376,0.538724731202314,7.46993205605678
0.583174601647175,0.264291616813366,1.36407708145579,0.237309856756768,1.96741914576231,0.879788303121219,0.298250026438905,0.788417940458834,0.709824470043916,0.706329882979619,9.19269528396742
0.507740220340506,-0.354961018377914,0.582039840234374,0.648428768421746,0.294990312319732,-0.455668150994937,0.712246590034537,0.247820683540455,-0.967083196597681,0.677072198335653,2.29155370422433
0.731792264023729,1.67919942206579,1.59374037431153,0.930119975602209,0.890494649765703,-0.580983075931461,1.63474237976674,0.208579082550619,1.41492103722249,0.77893025564685,11.4638133477969
-0.135739026986098,1.10927484921204,0.107256155726618,-0.304060261298284,0.262330879111618,-0.594554873404112,-0.304970222441742,0.34354532146125,-0.0289661152577989,0.0397540189367248,1.17276460883139
0.0250180349299849,0.505574263608076,-0.360037035820614,-0.132655784439544,1.07397934992611,0.465017095511633,0.241182493668911,-1.64919355945335,0.437936039047572,-0.813317452569453,0.108092083378787
0.306945918513986,0.729840570684762,0.392648437069355,0.0398936351568983,-0.362577427789606,1.16346076413513,0.00444008838113042,0.517265062592542,-0.227279251499164,1.23872353830586,4.14378875863068
0.382123960866526,-0.888382812070335,0.235805269957587,0.854499597754433,-0.546736536731275,-0.0170044997536698,-0.522997349742193,-0.62534448430948,1.13085147683535,0.776609048270742,0.0748073705188523
-0.23868789655,0.0713270675788175,-0.385239067211354,-0.10600145747286,0.136858418102708,0.482203504278143,0.531788015780645,-1.29295026636119,-1.19090338600322,-0.248688463525644,0.1853547001441
0.208456126070189,-0.255002473945171,-0.145009402231633,0.245768934678242,0.0678304697131422,0.916562013732508,0.233425092342701,0.836210828069548,-0.660540010510085,-0.119734752554165,2.59645082285459
0.88812828501411,0.350180868888719,0.702441997162382,0.517584151611863,0.987056081642854,0.779602320609977,0.460287043507797,1.14810557709223,1.20832845213764,1.16973653197848,10.2258561505464
1.104129524494,0.136467138009764,-2.26056250895374,1.39321960886734,0.309426244155735,-0.32462409236907,-0.363616181849569,-0.166076667400299,-0.175515917206664,-0.8433738890945,1.46102925016665
-1.50775863430297,1.13755428557159,0.0739653004001008,0.791141964655736,-0.20426037418481,0.150544280575573,-0.484115499608354,0.0103418885704862,1.10459914567716,0.0395838199218404,1.08860404661661
-1.23997355453257,-0.859225735118864,-1.01484283442208,-0.951954234551273,-0.716318744876401,-0.833246669237358,-0.585733796472285,-0.616303003435829,-1.69382137395286,-1.42737280951728,-9.98375880220859
-0.555733994052002,-0.66349136337015,-0.266990964102662,-1.68718549130031,-0.359355272280067,-2.18499143433399,-0.470441612869594,-0.426707370005256,-1.93457430115674,-0.199445143070349,-10.6233367666213
-0.876064588234927,-2.11602770520969,-0.901651069814435,-0.762855117118429,-0.212774522139032,-2.47358322501032,-0.725603176659041,-1.70124915198345,-2.6039232878391,-0.316701528549777,-10.3485762758944
-0.0160506474868614,-0.118653503852137,-0.0877217315317632,0.474025867001818,1.02509451058311,0.277487794662649,-0.656496342223972,0.877041248615223,0.712991621187048,1.07600370454405,3.63981085199889
-0.811711327443802,2.07669091078537,1.30722032278065,1.02253214800257,-0.0342026098402908,0.160174861654909,0.662939971056057,1.08460667734494,1.39419927989531,1.31710966038157,10.2258561505464
-1.19866582467175,-2.32394589071564,-1.52166884432026,-1.26880175759284,-1.51708688314875,-1.41490770949221,-0.195230486665523,-1.93824725757938,-1.48491854704238,-1.10339557831178,-15.8562921136603
1.02875588449747,2.04589184953862,1.01155872454494,1.66328863933798,2.90425209814305,1.98453280943402,-0.0213312144677059,0.665545805493841,1.4639234643924,1.14724125591586,16.3486501878872
-0.848170846197676,-0.0465812245983756,-0.804479539706003,0.684462149793844,-0.894188225299386,-0.745124229503683,0.932938849431208,-0.363917174848503,-0.731279367821737,1.09101700072878,-0.247232952735598
0.989324484079953,2.64745215771362,1.69865988491797,2.24029910606007,-0.546826966622202,-0.568638918435867,1.15787146211645,1.31742825509856,1.62216497985784,0.744630225066777,10.9796321297538
0.635616241719243,-0.366974069744578,0.149126804791176,1.12064931364872,0.547478348091268,0.883080356529737,-0.35601772517213,0.293596159821759,-0.0605633230753935,-0.111493708783854,4.01489099065232
0.0328434072884712,0.697485029070781,-0.0548143202780593,1.12795498374474,0.0906330797701394,-0.247964377902137,0.991919782004791,0.732733016886859,0.91271963887937,-0.25215572535566,4.12229445909343
-0.284913329753278,-0.524769560240547,0.81857923961356,0.386675593510116,0.127783397033711,-0.204840778925596,-0.0705605609945334,0.285755070566394,0.396622354899399,-0.540555594257213,0.480944069012276
0.786449179410997,0.107006372922175,-0.264528756128174,1.69254075837902,-0.232857205444371,0.580601498928588,0.560417148505852,0.720172547710343,1.66382602925195,0.253618702472193,2.39832964521319
1.3498912972646,0.0924800932944797,0.0935448068067322,0.94537249332677,0.335710104405542,-0.385662277189047,0.450104370451686,-0.218065019525781,1.13472192699957,0.765506598268874,3.88660394883353
2.11496721858134,2.24385715403377,3.09712272132659,2.11211621326046,2.67816095820064,2.73165996189617,0.478703531647239,1.57193602228582,2.84248159699062,3.06956175860852,22.3533577601967
1.81485421994825,0.4588817483384,0.235790761631592,-0.0403076827355743,1.1087729786803,1.16430244008899,-0.172036953200974,-0.171998014693878,0.754447376212128,0.621459524779164,5.75710475650299
-0.552278934910441,-0.533860912640527,-0.785515261910799,-0.499733410896823,-0.386340249918935,0.571217976297276,-1.59354830830781,0.241707509067677,-1.20021394432606,-0.494415518758368,-4.59088737804547
