"X1","X2","X3","X4","X5","X6","X7","X8","X9","X10","y"
-0.364259228253111,0.144775873831801,0.789434600099582,1.36127726505978,0.209866616653444,0.285209232123932,0.112790822439241,-0.172256497823161,0.35312943635515,0.397324262260559,4.34092232098077
-0.595654817393958,-0.0705787351035508,-1.85390193948353,-1.38727752358928,-0.303108956502961,-0.370336691788174,-1.44567938912089,-0.822413224179583,-0.62207615695706,-1.12734552296587,-7.3649941640733
1.27397669171959,-0.116917295713066,0.51328298431234,0.619632149962678,0.126741488680975,-0.0516452730998116,1.9365842499659,1.25549925877297,0.0531962655005583,1.21136973807591,7.43910441802544
-2.42140157056594,-2.00696702564638,-1.32535539503278,-1.53325647020107,-0.948396053851051,-0.899450299705532,-1.09478740550132,-2.07164520883474,-2.12976141738413,-3.22640592506792,-19.2980643003033
0.764390104441226,0.400398695053077,1.24332101014747,0.75190361872218,0.539683790858501,1.95222887775733,0.631546930176096,0.0201709932194302,0.460352281047191,0.482901769698853,7.75204411243417
-0.955476146881733,-0.0424970591470403,-0.934126536681748,-0.385630630135564,-1.20305968098379,-0.82885998022919,-1.44567938912089,-1.97554551970086,-0.612700458503707,-1.35190648849585,-9.55591961952231
1.74967593935424,1.07668101319994,0.196681249749849,1.1010071526171,0.930341145456607,0.506311603762079,1.43961511587131,1.00535986766388,0.443870737456868,-0.425921243117047,9.03122091990421
1.1161937943064,1.7090784245521,1.28216442929542,0.358117545124873,0.893188879965453,0.87921752808249,0.228320661598869,0.0474028865402458,0.298407865834848,1.70605257685933,8.64620958956376
2.57093293892066,0.837150333574192,1.10646349213316,1.05030730410715,0.672213951393018,1.37029959004587,1.00614015423702,1.48071612755442,1.41024479191459,0.766721273925655,13.3457125224877
0.988694305386582,1.11846335410576,0.887787831669214,0.667524695646331,1.69361562593809,0.719839360849755,0.868813659651226,-0.10951521952903,0.902722651648862,0.632420572152541,7.31508652744597
0.561168009435129,-0.270290111146276,0.0721131057400728,0.0852424073363877,0.489750471303595,-0.385397437642302,0.167272358979003,-0.0755849897708748,1.0124636414722,0.493212696736021,3.07906533840493
-0.715286053653527,-0.932264237328849,-2.69972043338683,-1.57759881170816,-1.72304823534202,-1.22554727382545,-0.349545771192268,-0.509794636421943,-1.61387658152999,0.663390226866952,-9.09537005809297
-0.46765310289899,1.00459936722891,-1.14483846238869,0.277147612836302,0.0167033376441773,0.115871814519489,0.790478001995524,-0.845355212532487,0.938001276525783,-0.772224002727455,-0.601180135867486
-0.56362240117906,-0.526408231058267,-0.358856607486747,-1.31536176322249,-0.253759396373207,-1.04513889428674,-0.681706684386486,-0.6146604812865,-0.323787012274287,-0.737763603104158,-5.34294467148007
1.09512513201653,1.17516132139809,1.94671753646667,0.596242617353991,0.966575328263913,1.37029959004587,1.57165201477088,1.48071612755442,2.32258184527714,0.554406532506605,14.0370137067311
-1.43675708821438,-0.437010870731817,-1.54573100104971,0.0806730206806695,0.0603782980563472,-0.705600021481035,-0.537882450180697,-0.678511348785447,-0.708820603491096,-1.02585513094686,-5.54197880877327
-1.03464459368394,-0.762956985436027,-0.426832891717073,-0.319290624781148,-0.950117590997603,-1.00320268808892,-0.519230552540542,-2.54477748749815,-1.38258618603509,-0.653103325816549,-10.4859577541994
-0.114405650402876,0.144439347689774,-0.494221246647748,-0.647646644919525,-1.51592037999192,-0.261120353709058,-0.514547256508222,0.782050570993953,-0.00250975445644758,0.12389190865325,-3.51974197110569
0.257516112376257,0.811912637423088,-0.229450718310846,-0.554170985216356,0.398803950508747,0.0594281502967166,-0.319410127049567,0.329201880172218,-0.311288095665267,0.114778418432373,3.53118836266639
0.498533233670376,0.885783831920355,0.236122342469952,0.878789380667612,0.433828802408989,0.612458506928801,2.01459969407375,0.0474028865402458,0.972325392277277,1.20560905767391,8.56435911074167
-0.274951340476893,-0.675786775007693,-1.81621406559495,-1.62281895439617,-0.900988135117423,0.449289379590946,-1.44567938912089,0.00801924561016803,-1.1213639341965,-0.442494181968626,-5.49000819327395
1.07801276732706,1.17516132139809,1.94671753646667,1.86372578808163,2.00497620852351,2.11232340560359,1.30076462538779,2.41828019540306,0.39644329153703,0.554406532506605,15.2987166222402
1.03388442749047,-0.0291056670582751,1.65428016914303,-0.0705564427332473,0.433828802408989,0.496376271115535,0.0634319336620049,0.944047955506501,0.908466631713952,-0.498962931467652,3.59288612329472
0.717636739079085,0.402959072589916,0.51328298431234,0.878789380667612,0.861441864655941,0.338407803791296,1.83697391286661,-0.463085370198599,-0.405731484810922,1.40070126697111,7.11094771587706
0.816116087603384,0.285435151779981,1.43251035576601,1.37901435827218,1.67306904592931,1.69278420203087,1.57165201477088,1.63835856170389,1.77516043292914,0.776152375828234,16.1126332619222
2.17360184570063,0.780078193870438,2.23511470096771,1.03818881027344,0.463086022247108,1.95897177260896,2.31647767989037,1.08605288997481,2.16208076537234,1.7969497991842,17.9913799672796
-1.23614662970857,-3.30279923968931,-1.78033000281861,-2.42868875179325,-1.41770589868596,-1.97860371450103,-2.04749113819572,-2.76693730311052,-2.31407368624327,-1.76916613176662,-19.690361610858
0.625389219370573,-0.000111053166900598,1.10955510971174,0.124346759985049,1.08242143575598,2.23407122847044,1.22810413788951,-0.670375373913406,0.87301033045098,0.0233951103977941,6.82633055813036
-1.82936572245497,-1.54917763693146,-0.917636625749659,-2.2958366466397,-1.87687781898248,-2.07995321215213,-1.97314448120692,-2.18507141414327,-0.343249244982771,-0.77045195856728,-17.6626835988646
-1.05565658912503,0.623908714424266,1.1984497523323,-0.311395003147187,-0.505806702262709,0.307503879249574,0.101177767195341,0.157773240514381,0.715162890140626,1.26400870277605,0.652537352224722
-0.70313465410691,0.16033056156,-0.790868361855684,-0.186425521557796,-0.58809912366531,0.290813786801895,-0.300183780080021,0.78484832667014,0.715162890140626,-0.559998879735433,0.415610360327339
-1.45129653459399,-1.1364597394493,-1.47857345015921,-2.38909183892021,-1.09948592744581,-0.727188632467103,-0.261552853146632,-1.55685480742777,-2.3189642047565,-1.95728951944054,-12.5084975703936
-0.962010613007717,-1.24339701963738,-0.388453079066907,-1.2990836746413,0.213030882902742,-0.600894127569307,-1.04059644140155,-0.495397213272305,-0.583123769354437,0.114452382841624,-5.34718297217401
0.771579329555579,-0.508356673912889,-0.0144106341370113,-0.12742622503939,0.664998647901964,0.167150373025831,0.809970700606881,-0.276908436156058,1.08416444820142,0.872420782942237,5.20240303116452
1.9783407548946,1.0660942530262,1.24826854492281,1.45405177172102,2.00497620852351,1.31985602298486,1.40400086910746,1.44535196838038,0.738926721841592,1.64300127329437,16.4340398212372
0.0503801831099473,0.355208552980417,0.177536444011955,-0.414928706779816,-0.634067456822049,-0.403648599258588,0.920514451974997,-0.639731858249126,0.762517614388198,0.742974590974859,0.477559738884423
-0.997928840670636,0.558637126294294,-0.863934736620297,0.0427540423614737,-0.166310526102926,-1.44644866067992,-0.610020939049118,-2.1261529618855,0.220220790676831,0.303320271127425,-3.58297161842748
-0.108419279410686,-0.840431406258613,0.351445553544671,0.907792572302356,-0.212221391250779,-0.851992670584999,-0.734580536385062,0.67887162172683,-0.731511264477838,-0.624830888119269,-1.65132836756985
-0.517214967325609,-1.18536504455968,-0.058333835623415,-0.602243320213652,-0.144016360090486,0.086319115634923,0.290455156090363,0.369563266241023,-0.471393725747013,-0.358108299344964,-3.86876453860437
-1.55377436341219,-1.43539819126333,0.599070393245698,-0.589610941564994,-0.257639787313843,-0.564234788444871,-0.0137608690171167,0.0342364720991398,0.111750100373627,-0.117857174582098,-1.8816891908109
0.764123061071993,0.400398695053077,-0.700908706768437,-0.212745458156877,-1.19340280967296,-0.135211606681461,-0.790750367074695,0.0182312228135937,-0.826425055582044,-0.577882822403278,-1.24014373148851
-0.709226344362782,-1.20406565039197,-1.66407611887424,-0.550533658610173,-0.688638883984896,-1.68874102432252,-0.843774603912499,-2.12909023188078,-1.35012736370022,-1.6852443667048,-12.9767932075903
-0.107532387241717,-0.309081012529115,-0.276138461423958,-0.310503487419822,0.16984655010292,-0.703542292505656,-1.22862089970606,0.618299535179993,0.277699313125691,-0.0376209177311962,-2.67924065047843
-0.190903684270858,-1.65143682382468,0.022948554736156,0.13668877119167,0.100558355369981,0.591546237736881,0.968392331061799,0.554657702913909,-0.14051954326606,-0.107323114148301,1.47969025608479
1.03388442749047,-0.0291056670582751,1.5610282405188,1.37901435827218,0.173919301120372,0.421474179230009,1.99661499087578,0.604031016186303,0.904941457780872,0.387100178092933,10.6584363823248
-0.250977117854574,-0.58197006357372,0.563622212678444,0.553497334718167,0.848231806355363,1.28977813704868,0.166700434104365,-1.04169496728878,0.610608442850663,1.09591808331341,5.20240303116452
-1.24579908397762,-0.678240224637871,0.022948554736156,-1.62701464860716,-1.38041009280817,-0.77696558870146,0.124356301973571,-0.437658067680917,-0.154952526264199,-0.0239338972882056,-7.07317282492947
-0.715286053653527,0.737985081940155,-0.548212711961043,-0.54867981630562,-0.0582099354637616,-0.389849258557271,-0.291685727793265,0.300902492698897,-1.41202489937,-0.787184431940163,-0.455610159289056
-2.23044843618487,-1.55762308798938,-0.246388630942439,-1.20632857685061,-0.829014346695479,-0.887489014176338,-1.31739573158517,-1.47958462012127,-2.6072116793958,-0.640351141403305,-12.2269259765579
-1.14493564635313,-1.0308123262449,-0.302019776630452,-1.06328028526992,-0.903240369152017,-1.56698941736258,-0.580091129479789,-0.333912537448133,-1.09904329330217,-0.442494181968626,-5.032599697928
-0.141405066479392,0.00795714442703903,0.819103164610961,-0.592894912184947,0.299102801689831,1.12295248947108,0.225101084295705,0.791065720994827,-0.427696708806631,0.542970904739151,0.339448813596816
0.816116087603384,1.76063910121068,2.15371492209705,1.48578638727943,1.30596847544697,1.73827680988078,1.12723370955362,1.55705088056268,1.5731725673028,1.04060505560551,13.2824148772809
-2.42140157056594,-0.710517261949928,-0.924683300290826,-1.42955208073708,-1.43478878923372,-1.41345810461756,-1.13793062337578,-0.570224204795766,-1.14309214985758,-1.50331840530968,-11.0166820223835
-0.46765310289899,0.352640475623194,0.591914827264679,0.286302202349925,0.398803950508747,-0.330861933265232,-0.259001808355661,-0.194815464346956,0.553322163186247,-0.570513301030639,1.08096042916399
1.38553466063689,1.76629263621027,2.11199614119215,1.83753072484691,0.680920849383693,1.46339978681415,3.53675100937224,0.690855382804474,1.45789150799859,0.943181765330742,16.3909480579765
-0.107532387241717,-0.209348894263079,-0.727575670458725,-0.431462888113716,-0.03576561113777,-0.332814964648847,-0.456907046677194,0.416549617867882,0.22829431838951,-0.0234355242270916,-1.01807156018685
-1.83452056256531,-0.550955928797746,-0.0516642801818873,-0.293579495846555,0.964911869645021,0.342469140088507,0.841478765438337,0.798798864649752,0.247262448459712,-0.00685636711762461,3.57073698538234
0.29505049819189,0.695311113534874,0.597701430931188,-0.343621291976841,0.576272537497837,0.480843410604339,-0.287437048298135,1.01575332020651,0.825521601742371,-0.103079087268173,1.44110096443579
3.34339945113158,1.85430434030879,3.54971519077833,1.48927221879408,2.92215069706866,2.08059854303005,0.457679820122474,2.28610253710769,2.08158795543161,2.65676225741886,24.5660317057026
-0.735840678668054,-1.86201654388598,-1.42548821834132,-3.2116615871521,-0.989084560597066,-0.963610561931344,-1.82790411622972,-1.83935450579029,-1.0715235374685,-2.29702428367327,-12.7158567233833
-0.338936181507871,-0.346811720523092,-0.318039390130833,-0.827580102657953,0.567096110625705,0.549034266278304,-1.02400772354029,0.19399207847367,-0.854194612739319,0.26467383999548,-1.06994907999758
0.282646979401543,-0.571492185779177,-0.438686676605837,-1.02014993689319,-0.313566663418677,-0.780569762738273,-0.753671161358115,-0.294127012132276,-1.26132383821642,0.0927967163150112,-3.58297161842748
-1.01818505760308,-0.82062789238275,-2.24617115290273,-1.94097192259268,-0.829014346695479,-0.727188632467103,-1.13176758507369,-1.11971575408119,-0.909827600438662,-1.74128502068922,-12.2869044215469
-1.69502171780744,-1.97986325509484,-1.51885259650836,-1.89589104367242,-2.09574186355915,-1.7863787144576,-1.5184518938485,-0.440178643983435,-1.02223845214396,-0.494168753002622,-12.4978107680419
1.42173422298888,0.429279600121005,2.11719707789902,0.831090237621789,0.433933848420027,3.13211237779298,2.31647767989037,1.08605288997481,1.36663933441058,1.05366231885965,16.7767254375056
3.34339945113158,1.47758120925349,2.06380833310958,1.26973054066942,0.214965976910286,2.11232340560359,1.57864392188117,1.64232518920582,1.59729618387799,1.26715565879156,16.8437372774554
2.26991765983647,1.24333831915422,0.935086785917588,0.596242617353991,1.49782942128385,0.995291213215332,2.36088988767823,0.587859532960448,0.606788183206136,1.04251466677187,12.153307749849
-0.141405066479392,-0.2360590743943,0.907855386462883,-0.573267014709321,0.0167033376441773,-0.069059087531313,-0.316123707362874,0.986666248171305,1.03027497830616,0.874301956971939,5.49380240297617
-1.67992894480028,1.31447294111934,-0.73663426988922,0.0836623125108704,-0.621922340253935,-0.0999186239637059,0.482389065922394,0.632516729579186,-0.653621187506776,-1.29584259140284,-1.77464574966199
0.460870960143005,0.272516858957025,1.11919116089573,1.16391152545905,1.0035974412811,0.478383312521489,-0.218886319351868,-0.878020915798555,-0.140824682729983,0.124320042356808,3.87928693771038
0.892276653011419,1.96707829997549,2.23511470096771,1.83753072484691,1.63549094416188,0.377452868430879,2.550589211474,1.83525917102476,1.76289465556062,0.268749977144281,15.5725860007898
-0.103530495729248,-0.209348894263079,0.350180779168598,0.57814665046828,-0.679057860874774,0.271602834141217,1.32199457339657,0.791065720994827,0.68343021001493,0.00251353585278746,3.77309508245723
-0.0685182785836137,0.277109793898439,0.0463200564101733,0.0852424073363877,1.06396705206351,-0.160504842830434,0.907226861055569,-0.332499389510467,0.866355313769708,0.804835080975171,4.16499528848571
-0.415516596082117,-0.765169338784143,0.202907746185372,0.42645369711222,-1.03021050074021,-0.0767269260275898,-0.592765037211971,-1.67252136100042,0.432136079281553,-1.04484968720946,-5.35944158765257
2.33549200745235,1.73841909070447,1.03620099291125,0.508360140881985,2.59158255657153,1.16963517526342,0.645732023381314,1.15263041225008,2.0281808303436,1.7969497991842,16.2314168307028
0.0702576324950653,-0.074787597402606,-0.417309177118401,-0.54867981630562,0.656501709423747,-0.0415527733732839,-0.202700275743501,-0.230143765353544,-1.26870337762199,-0.118162305009628,-1.49418677039038
-1.31420809669503,0.449800671111656,-1.51027106483243,-0.522649318458287,0.361349881049264,0.386946297878941,0.434482189880641,-0.114722603594891,0.923752569457067,0.441495818168581,1.33152683874155
0.955816295566861,-0.211610615530698,1.75980940025163,-0.139072013515199,0.598121638879205,-0.0442446662235525,0.40059989810033,0.48874944643395,0.352222164469495,1.5733840383535,5.78921126004753
0.825209787787327,0.285435151779981,1.36893623889242,1.62789632654172,1.21203174736733,0.901198905044958,0.620351438007051,0.404104137333767,0.88165553281688,1.65322625103115,9.34821967982877
-0.914886093618509,-1.65247414543876,-0.575131680972396,0.546195358021411,-1.35805030763582,-1.30240921934518,-1.21249631134802,-1.30208310318748,-0.973043782427506,-1.10556631489326,-11.4137484897788
-1.80266327092852,-0.684685246135509,0.239908557926108,-1.74988008466077,-1.69447889532254,-2.2516656181902,-1.13793062337578,-1.43309196200062,-1.55964018227391,-2.05924617963149,-14.3225204629315
2.17360184570063,0.780078193870438,1.12387857279539,-0.0885404425096547,1.47445362656956,1.53712961854825,1.45607433656842,1.41099568751455,0.729844983004404,1.17844966798377,13.4391074527939
0.343665650652438,1.37691896305069,1.44981460981588,0.538810344801634,0.576516541723281,0.0590560805300696,1.99661499087578,0.810658681175556,0.384481258209134,-0.250960390169863,7.65715856103012
1.03945702248325,-0.0291056670582751,-0.268528200525435,-0.524580641270345,0.113782377037357,0.640841419782858,0.354095431606203,0.284750399399227,-0.426723702686809,0.74182251697036,1.79809756278399
-0.250977117854574,-0.58197006357372,0.563622212678444,-0.615117717673547,-0.181885967427747,-0.297230164593345,-0.240143694927335,0.369563266241023,-0.2847603152673,-0.0376209177311962,-1.13734247922605
-1.14493564635313,0.256797553997772,-0.644965360321689,-0.0462683300379446,-0.430488405230894,-0.89343547034562,-0.899089038133424,-0.678511348785447,-0.708820603491096,-2.13697136084297,-7.13489853025934
0.349196186922149,-1.40526019667362,-0.128599114061908,-0.449392142205076,-0.309342263903047,0.203663524278745,-0.979703501100885,-1.37579630520536,-0.679234272084188,-0.603338456840135,-6.31840417598104
-0.589540837868566,-1.30678560679963,-0.767362681884923,-1.66889625728676,-1.69447889532254,-2.15446450020157,-0.758851068690215,-2.00185691653828,-2.53588982971077,-1.28291508755969,-11.2805338642714
1.01908061736164,1.00314826155915,1.3625237322859,-0.0639748877018694,0.416626645369116,1.81753456562826,0.631546930176096,0.631548163154188,0.00911676586399045,0.0215308648266236,6.4761477296725
-1.40723698248506,-1.58679903375845,-1.61020517834662,-1.82214810456102,-0.914231577562865,-0.727188632467103,-1.29156900107597,-1.75988900412659,-1.59059995953223,-2.29702428367327,-16.5230321481235
-1.43675708821438,-1.12218576121,-0.31988326037947,-0.204003263698151,-0.378300446820497,0.144135074860605,-1.58766266299753,-0.765038133757267,0.33846625238375,-0.95958687242481,-7.68579736226433
0.26072892119698,-0.0376606883302022,-0.541225244754377,0.355975182080662,0.190780597885414,-0.0415527733732839,0.790478001995524,0.826037356761312,1.2133489578656,1.00831779608774,5.4890979655781
-2.16539706073121,0.024301793739277,0.426177463741732,-1.02495032808408,-0.654955850309037,0.0879695560662125,-0.6575268649188,-0.4681311942743,-0.72424724992283,0.303320271127425,-3.98032447862965
-1.25019471154656,-2.0318418803735,-2.51329678773296,-0.480677779594812,-0.914231577562865,-0.899450299705532,-1.29156900107597,-0.244653637175021,-1.15205526392528,-2.05924617963149,-11.3931026386289
0.393209254412648,0.442975136447838,-1.73158363220772,-0.431462888113716,-1.03021050074021,0.144135074860605,-0.240143694927335,0.416549617867882,0.715162890140626,-0.0468766097263264,0.257670664873654
0.85792756619307,0.669645728365362,-0.647313947210581,1.94368869890518,0.455708463005839,-0.576181738976026,1.19380088463524,1.0182219092798,0.300503313458197,1.12450336538871,6.46646734442351
-0.709226344362782,-1.20406565039197,-1.66407611887424,-0.550533658610173,-0.688638883984896,-1.68874102432252,-0.633653109707716,-0.333912537448133,-0.624315707540275,-0.953973759785681,-8.83358967430673
0.248372282919557,0.650251056390235,0.395530335566239,-0.374730447642134,1.14345292853541,0.559044795190738,-0.444368495285506,-0.46664628118404,0.363947344410291,-0.459174358944561,2.48888605856282
-0.572223727814384,-2.53291030008778,-1.57679292931939,-1.0790953691935,-1.17280501218057,-0.509255250831218,-1.20063724127627,-0.297846595074379,-0.0941676567211961,-1.83476716346708,-10.4776108879733
-1.25019471154656,0.51896130234354,-1.85390193948353,-0.0150759361286722,-0.0774052177754513,-0.547337131401145,-0.899089038133424,-0.151958486559463,0.187241041131137,-0.744166954645892,-2.85716916645197
1.56337909551014,0.793804712470219,1.87877206749668,1.60289545941659,0.779472762263658,0.53203073167743,0.248950969276362,1.37000251301412,2.04217316493992,0.0507804570376953,14.2699852477972
1.42686646216856,0.429279600121005,0.860885638589059,0.70529151810074,-0.26846831941492,0.061798227868455,-0.0609486305871785,0.832439166025944,-0.275245277009375,-0.29581760684773,4.21563927170953
1.77639896184706,0.87374937054478,1.65839169512516,1.86372578808163,0.463086022247108,0.198246371582234,1.14313823506278,2.23977898343888,1.62337330944986,1.14793515748878,16.9100988645791
1.64553349845421,1.34458288862102,2.16405463476222,1.03818881027344,1.95029488052824,2.94956306979646,3.1773533914143,2.28610253710769,1.41739201193113,1.227135881031,20.0284881081376
0.265864910298719,0.241947432371713,0.702983408543969,-0.0758662063154485,0.660320031348961,0.244084091598,0.287155269719565,-0.165553176589318,0.780643232299988,1.00831779608774,3.05588530551719
0.291714496470314,0.695311113534874,-0.196227985982928,0.100542427821773,1.14345292853541,0.801225367561692,-0.0609486305871785,0.462920851957883,0.825657627730358,-0.0149322693502745,4.29489343608354
0.780404070788872,1.72081582516144,1.79638340638477,1.9727355811402,2.59158255657153,2.94956306979646,2.10707841777549,3.10130359565452,1.73348225287174,1.977732330355,18.8621668785488
-0.521658329722068,-1.18536504455968,0.250986692047199,-1.02495032808408,-0.072396511405646,0.285142287734731,0.605539014160954,0.0537402838978463,0.0309430293313781,-0.0466849223333539,-1.91424832987979
-1.25019471154656,0.51896130234354,-1.85390193948353,-0.804208286367177,-1.20732061488375,-1.29047851149945,-1.27508506149533,-0.248220858189695,-1.27631140479501,-2.12312855779366,-8.87303490312302
-1.25019471154656,-0.678240224637871,-0.228328587665749,-0.798203881488849,-1.35453285232852,-0.691929190133091,-0.438704323691027,-1.64815632531875,-1.59208386053639,0.0581894672640419,-6.57768184413766
0.0682662804557241,-0.074787597402606,0.673735512701107,0.2103657370085,-0.569605597018987,-0.594283142679381,-1.51472434070721,0.799628425724928,-0.119435430241186,0.441495818168581,-0.497505875254164
-0.228178733151,0.444716080787442,0.0721131057400728,0.110917702688736,1.03697618489646,-0.256883826595202,1.16508644103241,-0.674068951359411,0.578167867478653,1.12531451261573,3.41378297376109
1.92799758696294,1.0660942530262,1.57749722717213,1.04339876502269,1.63895286626226,1.46339978681415,2.31647767989037,2.41828019540306,2.37954492840128,1.72870043761031,18.0518228458668
0.39261091453252,3.21541442326744,2.05021585776148,0.76898629737059,2.78284483063057,1.67595922277697,1.57864392188117,1.87666947604299,1.41730526637292,1.00014118233051,18.3475633125331
1.65566355040009,0.436617043987192,-0.211956422283572,0.122283285128332,-0.610481949431138,-1.60972561541802,0.291920989627565,-1.4059774875959,-0.471393725747013,-1.13620674171552,-4.12336279122685
-0.647758344915399,-0.818673811841506,0.476089133534131,-1.17597365559887,-0.489903586794832,-0.655812312950075,0.183223317871977,-0.622027567418516,-0.526965657437039,-0.61287438263742,-4.33851371395146
1.13885886756313,1.34232994671381,1.19347638109691,0.800963952170883,0.767451523636926,0.432983931062131,0.163185476122798,1.53625924651072,1.7673512138627,-0.0841890169272558,12.0489892577398
0.112550374408854,-0.394808005906788,0.296226875098132,0.0569027584200656,0.848231806355363,0.107621233010221,1.63834933273013,0.924566225078861,0.405372402856137,-0.303212074538823,3.75794250764054
-0.575430930181529,-0.522220985364428,-1.27762425816282,-0.4269920697884,-0.743158507217145,-0.0108843051667032,0.171525553827212,1.19072171963556,-0.175090976841247,-0.101478720122309,-3.92394496147054
2.89602649506224,1.85430434030879,2.06380833310958,1.26973054066942,0.214965976910286,1.29378663130371,2.23789935825326,1.48964081584778,1.76289465556062,0.268749977144281,17.0610741253619
0.144425127070702,-0.174813467959482,-0.102517247365542,-1.01643378448671,0.119024724415498,-0.241776756863823,-0.438815716314466,0.0945461056130992,0.477810245669162,0.65918885821144,1.88519946528397
-0.580208188428075,-0.522220985364428,-0.364782691312931,-0.0462683300379446,-0.168650150311828,-0.0767269260275898,-0.456907046677194,-0.983111732865633,-0.3634246468445,-1.09036545597476,-3.5934166873002
-0.737850889993,-1.86201654388598,-1.40383440549845,-0.862365528278068,-0.668983120294591,-1.76157553572637,-0.944766884141092,-1.08622577647793,-0.784444032307634,-2.35640973677218,-12.9767932075903
-0.274951340476893,-0.147453255819196,0.610838445341088,0.0852424073363877,0.296784428878233,-0.062908762861192,0.610476872510388,-0.798158830374859,-1.10675001012776,0.266118573311491,-1.2667919865463
0.26072892119698,0.94257916840248,0.608112564584514,0.116311134119977,1.05555856163492,0.624144562704797,0.858442176910104,0.43218405088012,0.61055817830696,-0.164378208094358,5.78921126004753
-0.595654817393958,-0.750415912867607,-0.329148165744384,-0.258561690572611,-1.31037399338513,-1.25943305178603,0.099329829151816,-0.714955915905145,-1.50439557679497,-0.386955198251462,-6.97183022054222
-0.735840678668054,-0.278139882733469,0.680636455006333,0.553497334718167,-0.165196728548367,-0.851992670584999,0.216978851496188,-0.804064298427567,-0.127643595052012,0.140312535273627,0.0855826309458132
-1.23942941306842,0.51896130234354,-1.85390193948353,-0.0150759361286722,-0.788224309615634,-0.283362932337775,-0.378551460838095,-0.276310760166597,-0.658023887921014,-2.33169018471833,-6.04868284709403
0.485635153888658,0.269326596184555,-0.768659729294646,-0.481091085294782,-0.165196728548367,0.00428579849853861,-1.1755365422407,-0.262194069839541,0.00469931003406051,-0.955675725889819,-0.659410217494156
1.64553349845421,1.34458288862102,0.969154882198154,1.2071357140129,0.42369555237446,0.12967256637863,1.43961511587131,0.250103123333083,0.715940601574776,1.45213352722766,10.8146623578722
-1.90279006288467,-0.266595204796017,0.00555784150586477,-0.994412479193664,-0.714334791120886,-0.995519200982911,-0.438704323691027,-1.08041399523985,-1.72415963601858,-1.03095909349169,-9.38611330329569
1.17203380796836,0.185373027562113,0.194333863586034,-0.739545541531225,0.690225567877602,0.801225367561692,0.133831177281359,1.03493926867794,-0.292676419059131,1.31152301964894,7.4281357317127
-0.647563517799081,-0.818673811841506,0.476089133534131,-1.17597365559887,-0.274209628684874,1.41540740323464,-0.0283005857188334,-1.07932842735036,0.560836742234291,0.140312535273627,0.549208366081005
-0.381249420990595,0.34771977882668,0.793007626312598,0.222791627085638,0.555296643738267,0.102469652551574,0.10210941268233,0.338990680770513,0.378091076065749,0.482291949937989,3.70622931493466
2.46607646868685,0.837150333574192,1.46496410258998,2.29011344958701,1.79950360105504,2.94956306979646,2.10707841777549,3.10130359565452,1.73348225287174,2.44711661796625,21.7448118292061
0.1362200049827,-0.51660315488315,0.610838445341088,0.641754375427997,0.940141730336144,-0.0576583926803358,-0.291005507770398,1.63492695648826,-0.827299409324998,0.79530527770781,3.99568945501552
-1.47249736385734,-1.454846529905,-1.2597294862552,-0.685220548226268,-1.5361447548147,-2.03226643342626,-1.45189103683381,-0.974140944793309,-0.902885382264102,-0.483197198181243,-11.8474724115077
-0.371551275688347,0.154711490483174,-0.575333077662521,0.0667209793613482,-0.806516566221246,-0.740373507194418,-0.188816940772047,-0.840643828071785,1.17978985105642,0.140312535273627,-1.23589687577441
-0.277575195943817,-0.675786775007693,-1.81621406559495,-1.62281895439617,-1.64400800211549,-1.05430897517632,-1.01000935117305,-0.297846595074379,-0.78677853458327,-1.25765669070922,-11.2658284914113
1.59005996480356,1.99001818412327,2.02704897312599,0.238698392255008,1.30596847544697,1.73827680988078,1.3939176907446,0.90157854665247,0.565583147889438,-0.734015977786077,10.3089970459878
1.42173422298888,0.375198350477102,0.41130080305652,0.231008310374052,0.719048172238062,0.511281341144287,0.858442176910104,2.131171469584,0.929938637973732,0.644548257839867,8.46645001684768
-1.73820467426141,-0.674885933122641,-1.56218705519123,-0.541811353518646,-0.516493793822535,-1.34726689093717,-0.580091129479789,-0.809970460056726,-1.72415963601858,-1.98985147164476,-11.0083421002048
0.646046507484337,0.882699364810324,1.22913849027407,0.668692348273674,1.21080359396749,1.65497899235505,0.593166800508432,0.618419114111235,0.178421330993739,0.898202925356483,9.51613879028524
-1.18848468073297,-0.730675868675271,-0.567321336892741,0.220304868157961,-1.24513070523607,-0.492913498224873,-0.961244590216648,-1.05356568942323,-0.94140350712067,-1.19975784429523,-6.90626702778214
-0.704507108681128,-0.932264237328849,-2.69972043338683,-2.16433243926435,-2.48690865096306,-1.72543048788804,-1.36742569051695,-1.77355797451353,-1.73928627601735,-2.24153173748748,-19.2980643003033
0.6647791052516,0.856274465522958,1.22913849027407,1.99103830470578,0.66732028452033,1.6538169943686,1.57165201477088,1.41099568751455,1.94227429856707,0.0507804570376953,15.1815593149327
-0.580208188428075,-1.17801251905681,-0.758184697785986,-0.63173383792997,-0.987165408334998,-0.833894220229691,-1.30334824492691,-1.01900595630781,-1.60359948913515,-2.36784476079286,-9.76479543441301
0.834492619756841,0.285435151779981,0.51328298431234,-0.0394897198077327,-0.518891535296923,1.33278401737609,-1.01859568677149,0.787845455364827,0.050171720054418,-0.00509410172423128,3.55964976386731
1.44980752151493,1.59013529445519,0.823221895786994,0.749191491638237,1.12496110636232,0.788837224945786,2.41346373590174,0.492393785814393,-0.0541568182966176,0.381457625258238,9.11937503006644
1.77639896184706,0.87374937054478,1.65839169512516,0.596242617353991,0.869640378593758,1.37029959004587,1.57165201477088,1.25632577917524,-0.405424002487168,0.659341540945728,8.57200329296693
-1.73820467426141,0.125600256517896,-1.59528152777872,-1.13483879936891,-1.41215601203166,-1.08468613298747,-1.00344446288643,-0.297846595074379,0.0370373737615696,-0.442494181968626,-7.9711424894686
-0.747841895145334,-0.209702996105353,0.395049552704119,-0.884103390651888,0.549504892822154,-1.01001071384992,1.05941642040957,0.0556699951635267,-1.41202489937,-0.872543264145778,-4.9010975986476
-0.670893679117071,-0.24406851712984,-0.054482630766345,-0.022508963709077,-0.162918060151661,-0.965660603126354,1.20042862116329,0.0556699951635267,-1.00440555067851,1.04739691932391,1.47903136062439
0.334362854688783,-0.599471232994729,-0.837553209798084,-0.111965252087108,-0.534811492638072,0.654899753966954,-0.192189315151078,-0.0801589687727913,-1.19400040701182,0.0415643977488032,-4.17056924672095
1.77629927119402,1.85084275467585,0.774879408366775,0.596242617353991,1.34125082682325,1.80829672321328,0.434329186645116,1.55576766760747,0.606788183206136,1.3668222074621,13.2920828076512
0.973018404343362,1.17534610602649,0.987685682789321,1.28222611991295,0.766213880845551,1.65497899235505,1.72393229377727,0.27588901293538,1.81487434550371,1.77066314199783,13.3457125224877
-1.13574303854826,0.215552564798658,-0.439001992976206,-1.68876677209453,-0.969475336184542,-1.191633709249,-0.0100724596625013,-1.47696485553436,-1.31838114754146,-1.00251441146334,-6.7184258643511
-1.45129653459399,-0.16998927893872,-1.24709449189385,-0.0987849111429305,-0.919507306470591,-0.370336691788174,-0.528762420676776,-1.37891228459663,-1.22491405936368,-0.383979673203888,-4.98604145427291
0.989906110330319,-0.278829802003304,-0.482763134286948,-0.757570308991158,0.597886482818053,0.468319117289345,-0.351623522288726,-0.0512205906198885,0.785321321970315,0.569127759755782,1.60851838731081
-1.55423437175051,-0.794763731720101,-1.75352571617202,-0.896999267657708,-1.42055289661251,-1.9531920583177,-1.83540006753215,-0.975950741879098,-1.5950546901873,-1.0750149759406,-13.9223800819438
-0.901633366005121,-0.501145857568885,-0.665253959733682,-0.798203881488849,-0.969475336184542,-0.447648708476409,-1.73021787724303,-0.0997847914001683,-0.219141276331446,-1.62117583637659,-5.83395422597742
0.0702576324950653,0.265548845913702,-0.482726052199818,0.553497334718167,-0.466585330969427,0.0790142674138681,-0.351235393167554,0.65839628885921,-0.0535255400625301,-0.327164769386644,0.784025437921407
-0.901633366005121,0.583323680240038,0.0621260991898872,-0.111223490713981,-0.208851340448557,-0.65804419422551,-0.734580536385062,-0.133983518980901,-0.286453390506674,0.12389190865325,-1.83573476364874
-0.626743446033633,-0.887489717125614,-2.30190223917767,-1.16303315530054,-1.24394803304354,-0.897117226438256,-1.01000935117305,-1.46173613588961,-0.919702360671296,-0.248380408011497,-9.80535782697681
0.59522125916159,0.31630023617801,-0.583517962294943,1.07587299085371,1.41668445333715,0.559044795190738,0.665428514174947,1.25549925877297,0.980185516388257,0.0844721714410059,7.43910441802544
1.28911184315615,0.398750999869787,-0.807974923700432,0.509860440526289,0.467974459744144,-0.240478490376739,0.225101084295705,1.11294500263979,1.60875931840159,1.28437190780682,4.89216534434211
0.469689233718478,0.070907311254787,0.0938700648940189,0.823277828421394,1.52952615142508,1.9870572999712,1.25328792970949,-0.10951521952903,0.00911676586399045,1.5733840383535,8.18919362698396
0.905984534942096,1.3911336095748,1.87877206749668,1.30725781820569,0.047114260700064,0.817423667639784,1.20055584025869,-0.10951521952903,0.322293489781716,-0.246258402368777,9.57670499576098
-1.73820467426141,0.125600256517896,-1.59528152777872,0.546195358021411,-0.5125711715264,-1.94296325237369,-0.0579967918883513,-1.62371738483046,-1.05114225898628,-1.23669014669058,-7.31219659118866
-0.933782884120425,-0.492599382722746,0.439435151010088,-0.95109353038906,0.136033748625124,0.5669103640174,-1.02339476525369,0.0167939660288397,0.287586415302335,-0.959011670854589,-0.659410217494156
0.104885682684945,0.731628282766307,2.05825033570555,1.1742745040871,1.67306904592931,2.47580806757927,1.07989609301074,1.87799643345943,2.14644930129087,1.04060505560551,16.4340398212372
0.764390104441226,-0.508356673912889,1.85016801710252,0.409460326930557,0.0939879711926925,0.923160170585812,-0.341757492220232,0.858061588045167,0.129908250521575,-0.508737505135594,5.64697787099989
-0.763755291691386,0.0272383778626469,-0.85201930252617,-1.29461230023946,-0.253759396373207,-1.04955009343207,-1.73021787724303,-1.49328912752293,-0.78677853458327,-0.633401888776388,-5.032599697928
0.652965566085536,0.481220195879505,0.507924806234162,-0.768987021849346,-0.487858138501201,-0.069059087531313,0.340764639594288,1.13062192773221,0.135023807044125,0.944644761615338,4.0687413667461
-1.47249736385734,-0.153619979294883,-0.256098013116898,-0.299502318592038,-1.25766533029038,-0.406748701367397,-0.969122514069126,-0.495397213272305,-0.659785588243629,-1.41582952924711,-7.22521707149217
1.10106491164079,0.170115440006682,0.76416432263621,-0.391111361437971,0.0650840284454511,0.244084091598,1.21299013340793,1.41506134524418,0.300427078582291,1.58037922012937,6.50703360997856
0.291714496470314,0.695311113534874,0.514216450394685,0.404239656112911,-0.478065840708948,-0.116341784828495,0.649955437797916,0.431242460595348,1.12877103144323,0.596689051486193,3.77974222258008
0.406798991816558,-0.400332712150024,0.919884164552324,0.79287284235443,-1.07288040506715,-0.210069906296972,-0.882746186921611,-0.68501108890013,-0.222123232623601,-0.864825991874576,0.115027295236938
-1.24164198074696,0.51896130234354,0.231448930207287,-0.370455495696444,-0.961939515854506,-1.44644866067992,-0.108997920881958,-0.761240722908014,-0.735082781146676,-1.49453479330112,-7.07317282492947
0.0888416395227647,-1.57351911066692,-1.090647093475,-0.798255455285411,-0.945151745086257,-1.07358109642189,0.636049825957242,-0.537094766305096,-0.0429918102116301,0.187551615502555,-5.3523087012959
-0.561750453062289,-0.526408231058267,-1.19254464705164,-0.522649318458287,-0.00546271115548705,0.60292238278905,-0.979703501100885,-0.684145122412486,-0.0830186984572233,0.61946404577628,-0.871824528380672
0.892276653011419,1.96707829997549,1.88073342795296,1.48578638727943,1.95029488052824,2.11232340560359,1.30076462538779,1.48964081584778,1.76289465556062,1.50620114478051,16.7127274556162
-0.0548226686434274,0.35630805448294,0.766899453434507,-0.216472462344593,0.555296643738267,0.476540051875879,0.604876273240087,-0.332499389510467,0.35312943635515,0.455112401527571,3.99568945501552
-0.388823266182301,-0.865432648620105,-0.512961981958263,-3.13976077849021,-1.09221295477758,-1.62377628552523,-2.29427324406089,-1.47775213555179,-0.720265403780787,-0.831387306908077,-11.0166820223835
-1.02234173195501,-0.781130076620792,-0.426832891717073,-0.589610941564994,-1.45188272997408,-0.395248745971016,-0.401066071850095,-0.956658135476778,-1.24714661039932,-1.19975784429523,-7.9711424894686
0.265864910298719,0.508172305621909,0.06721629965954,-0.443348935866808,-0.492143151736066,-0.144595496513734,0.359451358824561,0.127872972710815,-1.28948835468788,-0.0895286298667901,0.855566692016022
0.747170530831214,1.03099563294383,-0.38830720634077,-0.945849540057381,1.31295406794176,0.801225367561692,-0.326473866889876,-0.658141464029155,0.180736617061778,1.96979267673375,6.6906917309558
0.771579329555579,-0.508356673912889,-0.0144106341370113,0.741959288847722,0.295506623548121,-0.330861933265232,0.385391974508401,0.0709615302643349,-1.39260124450479,-0.110854229655297,5.31501614295121
-0.441606904074676,-1.18716630689134,-0.21433639381814,-1.99330202226027,-0.619916868608227,0.263834965383659,-1.52919414655608,0.289979370113683,-0.0570692856094461,-0.253607209517611,-5.3523087012959
-1.53596368466167,-0.668863281350248,-0.302019776630452,-1.0806005336767,-0.047509470652265,-1.28743185199309,-1.19126216395534,-0.0997847914001683,-0.953416499155569,-0.480780362346631,-4.98604145427291
1.90068423646302,1.04556408225563,2.23511470096771,1.83753072484691,1.08900887744921,2.11232340560359,1.68546762830311,1.03155172852868,2.41430967030713,0.38627269263764,16.5034645572884
1.1237127865678,0.106880568078979,0.809911237933715,1.66087683256433,0.690833134867243,-0.0826320578532562,0.97162460133232,0.334043864435697,0.388273475529829,1.21136973807591,6.62920876731989
1.15916540096805,1.34232994671381,1.51678248483158,1.74037953464764,0.353486173822055,1.53393347614739,1.20807192386924,1.03655200579125,1.41951897083206,-0.140014561669399,14.7795524891259
-1.42455292150442,-1.63586855972762,-0.924683300290826,-2.03601360635722,-1.76866048002502,-1.0560031576035,-2.56393080131995,-1.77351016816445,-1.64508699894685,-1.88786612886961,-17.0776053899707
-0.773505200123011,-1.03647602881878,0.635704184538057,0.278331997724493,-0.03576561113777,-0.473521452181022,0.933886520549859,-0.592577904272337,-0.496219718797456,-0.523152912539191,-2.47169601325334
-0.394181653589887,-1.15948943527525,-0.900232504624703,-0.280097962453341,-0.593764901697264,0.0830259405872947,-0.378551460838095,-0.748744579726372,-0.724352993294265,-1.58768910327984,-9.30944553713882
-1.14493564635313,-0.450331671047984,-1.090647093475,-1.00873586626622,-1.31783037678231,-1.19811818372015,-1.11613816080684,-1.23560223743298,-1.38258618603509,-1.40352879836555,-8.86862219826684
0.210717690036181,0.370506556088595,1.24145081442796,-0.0705729499155204,-0.703460259823071,-0.899888363041586,1.59547535771758,0.826037356761312,1.08416444820142,0.0136392186503428,2.19071248652326
1.64553349845421,1.34458288862102,0.969154882198154,1.2071357140129,1.75803962415055,1.93054577864027,1.3939176907446,2.26877333251637,1.62443708726755,1.7969497991842,17.1140027042899
-1.26307845296486,-0.267843454123336,-0.877621797396806,-0.522649318458287,0.554866325639401,-1.4157437975656,-0.630047981123976,0.473565042756234,-0.404758140268639,1.40880162758929,-3.55558679911429
-0.388823266182301,0.155571111320634,-0.579444785774878,-0.55017225748781,0.525654801645201,0.254192850672861,-0.367068845011492,0.154482745414782,0.212684730774047,-0.307796010314142,0.320951709774589
0.015788688237604,-1.18315478289445,-0.238957551453405,-1.07706774091319,-0.788224309615634,0.134739371615461,-0.268992591323872,-1.2706810171038,-1.13358028889931,-1.01570907382233,-8.18446440462428
0.406798991816558,-0.400332712150024,-0.123355237482142,0.553497334718167,-0.501170709821329,-0.415879450892802,0.367830346010401,0.127872972710815,0.452062591868566,-0.274850008471503,-0.601180135867486
-0.190903684270858,-1.65143682382468,-0.567321336892741,-0.541188890362637,-0.654955850309037,-1.07246829916627,-0.399265115983319,-1.29685778529864,-0.624315707540275,-0.386955198251462,-5.83395422597742
0.442381074283346,-0.456527158570114,-0.102517247365542,0.553497334718167,0.0964356978617525,1.24695922087867,0.239693747019826,-0.00713207638274026,0.377355174045087,0.0246341543381677,3.17894032109717
0.257516112376257,0.811912637423088,0.51328298431234,-0.768987021849346,0.350044767533021,-0.147439818375331,0.570904654197348,1.01297311930732,0.421304244448153,0.214637715020873,5.20240303116452
1.11432552608137,1.50413935957996,1.06140378903565,0.743887378622406,1.60900190708984,1.53712961854825,1.29310001493313,0.884592137682088,2.80995873305953,0.554406532506605,12.2355284769
-0.411406936208869,0.179447395980369,0.153240560947879,-0.0253915003478149,0.516451227275024,-0.0304411001013003,0.167272358979003,-0.339280615125876,-1.21720463756286,-0.102547925163385,0.855566692016022
0.348067690400204,-1.37937530961458,-1.27762425816282,-0.541188890362637,-0.00546271115548705,-0.732221154543755,-0.280951294298896,-0.425268402041862,-0.0682731221834962,-1.09036545597476,-1.87955737178002
-0.962010613007717,-0.77139625996545,-0.14767577154308,-0.970886167039267,-1.36833514007813,-0.683749516251567,-1.67702110320826,-0.423643456462589,-0.78677853458327,-1.00251441146334,-5.032599697928
0.291714496470314,0.131829558399486,0.177536444011955,-0.524580641270345,0.664998647901964,0.524669116571425,-0.0112730253923609,-0.266388114955097,-1.21973050082496,0.271284527484896,1.68772649944854
-1.73740355235284,-1.56382267529072,-0.0656802734772946,-1.49455482735303,-1.45226637076407,-2.15446450020157,-1.77502409036515,-1.83935450579029,-0.78143737503562,-1.4609095832766,-14.8193739320906
1.03388442749047,-0.0291056670582751,0.837915265738083,0.217822773103354,0.359201579425204,-0.0127856361485926,0.30808378394361,1.03493926867794,0.487976495985813,0.566820732844253,5.0331507484839
0.405452116111023,-0.83964353648361,0.219084378818749,-0.628806939375809,0.656501709423747,-0.752274633344475,-0.799008490171507,-0.339909062893139,-0.496219718797456,-0.9734710552481,-4.00319191304872
1.15916540096805,0.288527804336609,0.236122342469952,-0.908719662029819,1.90343218133511,0.272255945194687,-0.579005153182605,1.14936552634344,0.111019416655162,0.612572838801933,4.60244483330034
1.41966737179131,0.375198350477102,0.537128795936881,0.34568345263008,-0.386169056502434,-0.0576583926803358,0.72908444794386,-0.432390763365566,0.68343021001493,1.00831779608774,3.77974222258008
-0.107532387241717,-0.309081012529115,-0.976633301201297,-0.49657214689816,-0.474618740262559,-0.620168145840727,-0.899089038133424,0.493525810118034,1.02700814254712,-0.546417958637085,-3.59887870132197
0.346478770376472,-1.40526019667362,0.96084093551393,-0.674981922804018,0.41689558469582,-0.558673449303224,0.841478765438337,0.375144736310542,0.184920733040996,0.714335436617022,0.365505939662319
0.118861604954686,-0.748631050642382,0.356633417153669,1.17451155255339,0.113782377037357,-0.189621606593653,-0.920798692975809,-0.579489846491709,0.359055919023974,0.69639375203251,3.57073698538234
-0.623138127146229,-0.660952035296525,-0.254777590522159,-0.0886504241456414,-1.33062849394893,1.18319944297228,0.646080580924685,-0.460459402753678,-0.59355793485831,0.767523698990023,-2.74380148798045
1.56337909551014,0.793804712470219,2.2901620942982,0.308147375461555,2.83665936500965,3.07426400618931,1.10524529881511,1.87666947604299,0.39644329153703,1.01043824779978,15.5725860007898
-1.67992894480028,-0.121247104597499,0.636153518486028,-0.500868946019473,0.100558355369981,0.0359440467739612,-1.10184619059383,-0.576725848819583,-0.724352993294265,-1.78214250623761,-6.31840417598104
-1.32925733210614,0.449800671111656,-0.386083542039645,-0.308789709730924,-0.430488405230894,-1.68642867886408,-0.879190281308689,-0.552707456078799,-1.67053876413079,-1.27612417504657,-6.29103045797595
-0.547221395015129,-0.678442300620909,-0.97522239569955,-0.975421997993477,-0.654955850309037,-0.406378784843646,-0.630047981123976,-0.895363467644079,-0.709201094094492,-0.79872764310697,-6.0725355775119
1.06358452909963,0.741374477395352,-0.38830720634077,0.399935289371535,-0.110991900238323,-0.385397437642302,1.04289447063145,0.434129902354718,0.138690804132727,0.872420782942237,4.24825794009069
0.0702576324950653,0.330597911690933,0.101022176191129,0.910142633562276,0.461319255840992,1.28977813704868,0.467173412754975,-0.149919684138827,0.720470700696702,1.00831779608774,5.32256055913189
-2.17007244025861,0.024301793739277,-2.27967698346947,-2.01487126042237,-0.14089194362906,-1.9531920583177,-1.60614658826091,-0.375154855927032,-0.954424638977519,-0.831387306908077,-12.1859780620806
0.717636739079085,-0.295548579971218,0.913818946965003,-0.626994643003234,-0.142162966269599,-0.330861933265232,0.359451358824561,-0.505429105429071,-0.734607567908238,-0.283086747974827,1.24891370081823
0.143523565694037,-0.174813467959482,-0.141175171224093,-0.512571662341212,0.284208483605531,0.476026275563233,0.546452680860313,-0.323590244658841,-0.6244097106056,0.271929387864459,1.17647201729345
0.780404070788872,0.753216046187817,-0.647313947210581,1.94368869890518,0.455708463005839,0.480843410604339,-0.471416736252562,0.368260235537456,0.658576133401129,1.48678907551979,9.33275850460826
-1.67992894480028,-1.20452803819916,-0.272297572472261,-0.531417185442443,-1.70553028931998,-1.34726689093717,-2.15890724249303,-1.12552451164016,0.142793392480524,-1.12178759994454,-10.4776108879733
-0.415516596082117,0.179447395980369,-0.579444785774878,-0.6200405407986,-0.000647842170305042,0.628175868647124,0.291920989627565,0.234976955407978,-1.10190283603218,-0.955675725889819,0.519915771471314
1.34036063583956,0.78389998164333,0.887787831669214,0.294020870126853,0.7881171837143,0.869924557748191,1.28675895408988,1.71819428928301,1.53439931522493,0.209300822854803,11.5571111802695
-0.443065350329112,0.428400788245149,-0.00165950801292323,1.0029483388186,-0.125958048268033,-0.825095127302014,-1.22811052018706,-1.35318100619532,-0.613628185335159,-0.658602711892008,-4.81017670465234
0.0157974228000892,-1.18315478289445,-0.97522239569955,0.532470755638257,-0.474618740262559,-0.560896692135053,-0.300129011742525,-0.840643828071785,-1.45038263498063,-1.02585513094686,-5.34718297217401
-1.73760920081742,0.125600256517896,-2.30190223917767,-0.0706389544735178,-0.916584572732435,-1.153483139492,-1.36136065169277,-1.14555575589769,-0.798041596636886,-1.98985147164476,-10.4776108879733
-0.0538903046405351,0.664265828114246,0.232424873960616,0.0571093495062573,-0.862090277541109,-0.415879450892802,-1.47396756568986,-0.300242921709787,-1.51347680184476,0.485210626865183,-2.58706041011357
0.311856502152641,-0.581421402901169,0.51864797268355,-0.439491665798268,-1.10071607209675,0.54790384271239,-0.227461291996331,0.528981380968983,0.00121943339160208,-0.283086747974827,2.03233367004721
-0.70541596587419,-0.932264237328849,-0.359312024988713,-1.19786724987906,-0.323411933597142,-0.960629807164284,0.132638099505146,-1.67255391782457,-1.27631140479501,-1.80783468187971,-8.83358967430673
-1.01818505760308,-0.781130076620792,-1.24487298832746,-0.617328995583075,-2.84205814184346,-1.0560031576035,-0.224973617645088,-1.08622577647793,-1.3477893274869,-1.00009888965237,-8.86862219826684
1.11061992124331,1.7090784245521,0.521705462739935,0.622234981970612,0.0051218997578009,0.923160170585812,1.25328792970949,0.0474028865402458,0.466692353170849,1.20560905767391,6.68825660446276
0.1362200049827,-0.701979923948571,-1.1473465952713,0.315634623527829,-0.269935528629438,-1.09979192033423,-0.753671161358115,-0.339673207450796,0.879520976394494,-0.752598499160485,-2.08394771696458
-1.83452056256531,-1.54917763693146,-0.359324807232917,-1.4975620698805,-1.72304823534202,-0.999638188301659,-2.04901582620649,-1.03328782400593,-1.55964018227391,-1.0750149759406,-14.3651434177884
1.57614204948781,1.12326540588965,1.99673807932141,0.654498892539626,1.34125082682325,-0.341095981393715,0.552297715377705,0.00173810458881693,0.466692353170849,1.24469714504254,8.27293614200349
0.418888147851503,1.02535713204818,0.649548547898861,-0.105174517700149,0.930044832671686,0.517085396584133,0.992326998591396,-0.103245398255207,0.182436486934938,0.402554802861469,5.92139408806928
-0.750427902766665,-0.209702996105353,0.233007548984894,0.782009571997665,1.79918444605413,1.75272546329532,0.858442176910104,0.0964643512528868,0.111019416655162,1.14567788403194,6.01820853472607
1.24026388504299,0.659956553996335,0.116825444978481,0.577366880826673,-0.0334280593255648,0.244084091598,0.829065343962847,1.23824913614178,1.64179113754882,1.0687624350863,6.94831792391212
3.34339945113158,2.30681807431064,1.64283686483611,1.26973054066942,1.64092499533689,1.83782894401299,1.11196226154057,1.69960532675717,1.77265458863032,1.34384548551918,16.4012746477579
0.836065799607558,-1.10826001260695,-0.888332696892125,-1.02495032808408,-0.424707371921792,-0.60090143944397,-1.2716062564518,-0.46593129774849,0.775273633232837,-0.0379766870146963,-2.94958811743081
-0.409524418712544,0.179447395980369,0.153240560947879,-0.0253915003478149,-0.108369792455765,-0.260991688480127,-0.373008850162911,-0.68501108890013,-1.0004476891787,-0.577882822403278,-5.04801082232376
0.625389219370573,-0.000111053166900598,1.24145081442796,1.16391152545905,-0.0334280593255648,-0.141970765899919,-0.338498651420187,-0.0670162607888796,-1.38582314229916,0.55507072189327,1.25804406136603
-0.8095824787222,0.144804901105276,-1.03162084383228,0.797974490183133,-0.181885967427747,0.654899753966954,0.0777762746836075,-0.0893036997209887,0.938001276525783,-0.107323114148301,-0.101500637404789
0.431412220707773,0.553222171411092,0.735959083160463,0.823619812371652,0.861441864655941,0.350468074018376,-0.607054235961307,-0.432390763365566,-0.911790755253432,-0.406433834243645,3.01802675664941
-0.0685182785836137,-0.333062453888947,0.610838445341088,0.641754375427997,0.891309169458515,0.659646949065351,-1.21429123020327,0.104480925600799,0.693756061415438,-0.275971383356835,3.07906533840493
0.149578779664752,0.0118241054100144,0.899540396510091,0.518577408619408,1.52952615142508,0.67862310515998,-1.25415200358873,-0.81349417396177,1.18787516666727,-0.182215373659344,4.21110875751458
-2.21250148141263,-1.31748548739879,-1.20576009976627,-1.57759881170816,-1.82452812044929,-2.64884583309484,-1.5184518938485,-1.1008093165275,-2.49997247826545,-2.06839901275687,-18.9399731648155
0.149578779664752,0.0588300763908332,-0.541225244754377,0.162659600833521,-1.174432523156,0.654899753966954,-0.747608307888408,-0.469549907328711,-0.729716755818401,-0.211601485548719,-2.47135733943366
0.518499636387283,1.12117800103174,-0.179662430635808,0.529138480589087,0.573977289359505,-0.617051190756086,0.0834774346760718,0.952067357642956,0.314363616599491,0.65867517119781,6.26908003968799
2.89602649506224,0.902640993534659,0.774879408366775,1.57788230863111,1.46747103178795,1.71649215214336,0.645732023381314,1.23779966209714,2.41430967030713,2.00183035925352,17.9913799672796
3.34339945113158,1.47758120925349,2.06380833310958,1.23565178367339,0.214965976910286,2.11232340560359,1.57864392188117,1.03155172852868,2.52828219227595,0.98608238209126,18.3475633125331
0.988694305386582,1.11846335410576,0.887787831669214,0.294020870126853,1.57572402549016,0.12967256637863,0.815343011690478,1.4252233734537,-0.0208509874186666,0.255307152988138,9.82625176567389
-0.293973153222023,0.513051203559104,0.141101447220923,0.141766700052136,-0.973972809566686,-0.414886011547043,0.920514451974997,0.543685016416617,-0.00168050806831303,-0.0608822797485084,-0.881710508409586
0.430894614864418,0.457571123613614,-0.583517962294943,-0.240540028486469,-0.101512425790241,-0.525885851541459,0.291920989627565,-1.28399305305272,0.277699313125691,-0.329588792941176,-0.407616351514705
1.64553349845421,0.436617043987192,1.79214013631633,-0.325902609292775,-0.138345315157031,1.67772998779761,0.895117783476315,-0.284787417266003,-0.0367285555528548,-0.499610452975341,5.66964469149261
0.467207798531519,0.424002825371567,0.841598264099824,0.823619812371652,0.861441864655941,0.463546547152578,0.858442176910104,0.195664814961792,-0.0367285555528548,0.891463107914751,7.70329443865289
-1.06299873381749,-0.366544721589228,0.439435151010088,-0.55017225748781,-0.971974326577861,-0.663296143575607,-1.58766266299753,-0.590937432344986,-1.22491405936368,-0.850556178920126,-6.0725355775119
0.592934994547765,1.82139983181765,0.401214615151166,1.1010071526171,0.910401886710223,1.67248237770422,1.72393229377727,1.55576766760747,1.3609302322008,0.507543781297282,12.153307749849
-0.643337756899826,-0.744360878820495,-1.25950245524338,-1.49431539575103,0.372602494988754,0.0830259405872947,-0.108997920881958,-0.230784814216021,-0.281346443158759,0.0155252331873468,-3.28956495660462
0.780404070788872,1.1539012898483,0.627308888445937,0.718841229557702,1.59091470188827,1.41716157783769,0.970918053302628,0.789257362641372,1.53439931522493,1.14958461649915,11.5776055016993
-0.715286053653527,-0.932264237328849,-0.359312024988713,-2.65008203505483,-0.868628206977733,-0.453346027139481,-1.58542474286489,-1.08622577647793,-0.731232965922118,0.0392194697109304,-6.81465613251798
0.349196186922149,-1.37937530961458,0.221474724855387,-1.17597365559887,-0.878893993701564,-1.09979192033423,-0.650831773590185,-0.318768923805315,-2.04569484859963,-0.459864762741735,-5.42257805630705
1.15916540096805,1.34232994671381,2.20781760597723,1.09011671513809,0.779472762263658,0.53203073167743,0.892193234810047,1.4619193282557,0.443870737456868,1.14764207950526,11.3578650606802
2.55597428549336,0.837150333574192,0.864616124238087,1.51272005920089,1.30596847544697,0.889417544042153,0.687557106591551,2.06035486533939,2.05862378680227,0.554406532506605,12.2355284769
0.59917031615575,0.268451636149953,0.320177440824687,-0.376714251076121,-0.708302330772791,-0.164209872295573,-0.153027236083418,0.131020214968005,1.12184266300048,-1.00181229581053,-0.0480467543527678
0.26072892119698,0.508172305621909,0.649216473736431,-0.848142276054631,-0.142162966269599,-0.715309780044288,0.178731880620308,-1.79577043734416,0.236198788372187,0.535994788440359,0.0423398190844897
-0.0213667880095788,-1.28471535153409,-0.552113087069929,-0.994412479193664,-0.593764901697264,0.386946297878941,0.71857093751924,-1.35318100619532,-0.0384600808234097,-2.29500074063735,-3.96367429894199
-0.0320905063148541,-2.05496993751281,-0.944577268927409,-1.49455482735303,-0.868628206977733,-1.75617067327579,-0.868700460480842,-1.20445410340444,-0.627329785212762,-1.83476716346708,-12.8407476824542
0.948801102030444,0.822251015291717,-0.0279182651199452,0.653004012380282,0.294398431321959,1.01534315504433,0.739166635716306,1.13845287049394,0.904941457780872,0.1257106332184,5.55915212998821
0.926195227288299,0.932872790197507,0.788177070940625,0.70529151810074,1.02616358046511,-0.623174785792961,0.665428514174947,1.0182219092798,1.40991946425074,0.632420572152541,7.75204411243417
0.784027771284526,1.72081582516144,0.450163861788907,2.19459593745092,0.477061880198134,0.2838092180765,1.68967872224413,1.14208439658377,0.43073747773601,1.06835445692956,10.1403527020415
-2.17007244025861,-1.43083415948827,-2.13755598597535,-0.959609033400947,-1.7471488832136,-3.21486562076963,0.531832918790917,-0.473236819232589,-1.1795148735463,-0.50525275654008,-13.9223800819438
0.444011648648973,1.66702585421478,0.869080152025912,1.49064541149088,0.930341145456607,0.0585950264398307,1.19456977328186,0.0172564125660705,1.22847151207845,-0.151531095552202,8.26745274334936
-0.463772391643332,0.181620206758458,1.43233675569042,0.0467872449776858,1.38799576225488,1.11367100153476,-1.25415200358873,-0.224729371098406,-0.153304807543012,-0.426942167871928,1.79809756278399
2.55597428549336,0.688954132690147,0.844685596534454,-0.801365489501011,1.17913372022,1.02375486427836,1.43961511587131,1.82496992659698,0.950940721362561,0.920697165394994,12.0884601230871
-0.738809447389871,-0.25362014226376,-1.81621406559495,0.024134637536002,-0.00546271115548705,-0.868929280604436,-0.0972759538726773,-0.622027567418516,-0.658023887921014,-0.603338456840135,-7.06933714448505
0.210717690036181,0.370506556088595,1.24145081442796,1.2889752221333,0.574718642126664,0.6410477499525,0.173237601440535,0.531156627423019,0.579402729938068,1.03942616271651,6.25352116555169
2.26991765983647,1.10503101444669,-0.455442343145903,1.37901435827218,2.369454422299,1.80829672321328,1.92394088858665,2.41828019540306,1.54630751277362,2.11734413702825,15.7373908471623
-0.790331263899782,-0.636634041517604,-0.138793618465098,-0.0886504241456414,-0.424707371921792,-0.606032095675472,0.71857093751924,0.0945461056130992,-1.0004476891787,-0.368718440080554,-3.07662077851301
-0.561750453062289,-0.526408231058267,-0.358856607486747,-0.703402753007873,0.401109911236254,-0.471080378242255,-0.253445814098838,0.352037168403198,-1.14296965450142,-0.747273538798798,-4.11866391021908
-1.16160330569004,-1.15983681773995,0.226334590816834,-2.65008203505483,-1.35006092986369,-1.26766940331202,-0.868700460480842,-0.244653637175021,-1.03370871151479,-0.383979673203888,-11.8435535522523
0.680475967147769,0.103195541470321,0.134456493449064,0.272867886365524,-1.0896070283702,0.137124963049576,-0.839309623165243,-0.0376555124464052,-1.43277012332354,0.180059083092173,-0.407616351514705
1.77639896184706,0.87374937054478,1.65839169512516,1.86372578808163,2.59158255657153,3.07426400618931,2.10707841777549,2.42679154208047,2.08158795543161,1.18598028145409,22.0675628881484
1.72389273216447,1.92409919204815,0.69365130542696,1.86372578808163,1.27743176249448,0.995291213215332,2.31647767989037,0.571980459857914,0.621909942896221,1.05470618993951,13.9371098644005
-2.50370003348484,-1.07573286463404,-0.920103920499725,-0.524700398750057,-1.20725190075452,-2.87022205968949,-2.12622348181162,-1.01967293708296,-2.12976141738413,-1.6147267788699,-12.7158567233833
2.89602649506224,1.47758120925349,2.2851289333761,3.21022969245308,2.92215069706866,2.08059854303005,2.49050849578745,2.74122483680001,1.89792838126464,3.31166854881332,25.7162120475078
0.1362200049827,-0.701979923948571,-0.488035159833042,-1.13857587979197,-0.289855962174939,-1.29909123728196,-0.528762420676776,-0.359031363546159,-0.324744752082961,-1.19132596688072,-5.79993529373382
0.827930659745424,-1.10826001260695,-0.863934736620297,-1.18567109840772,-1.13469096764698,-1.07246829916627,-1.59051393911036,-0.0997847914001683,-0.709201094094492,-1.01570907382233,-7.13561876456147
-1.18848468073297,-0.570862085826608,-0.058333835623415,0.797974490183133,0.210682426823485,0.00428579849853861,0.0883297104551713,-0.705108684669943,-0.368292823377681,-0.0161777413705545,-0.953606131229491
0.85792756619307,0.519120519304796,-0.448440320591157,0.717823118037963,0.408194915300264,1.00634071713519,-0.0600434293320808,0.944047955506501,1.13004982809624,-0.570142518732861,5.0331507484839
0.291714496470314,0.131829558399486,0.101022176191129,0.910142633562276,0.0519710901607458,0.241694357624784,0.864411045967521,0.818343199119731,0.314363616599491,1.00831779608774,5.0331507484839
-1.53439566017495,-0.545358023800306,0.641063117936873,-1.26534948672153,-1.10927132111207,-1.28743185199309,-1.16358604696582,-0.526209502868977,-0.798041596636886,-1.0578715596451,-5.032599697928
1.29330946758692,0.78173476150264,-0.211956422283572,-0.624764611067853,-0.546768406947049,-1.57976201127105,0.137919407519397,-0.68501108890013,0.627773369964408,0.708489614095522,0.746002012929518
-0.412555163056232,0.179447395980369,0.153240560947879,0.708286746698377,-0.2293742831118,-0.964141374541971,-1.66826486249132,1.19072171963556,-0.647032449594132,-0.959011670854589,-2.14662054999475
-1.03464459368394,-1.52847745895573,-1.47857345015921,-3.2116615871521,-0.989084560597066,-1.42790008068107,-2.12622348181162,-2.301511567352,-2.14950780736979,-1.07037083477188,-16.1374829329048
-0.569993437684313,-0.941340725163809,-1.36744462440885,-0.531417185442443,-0.504322392919158,-1.20500824544844,-1.19126216395534,-0.682184835936606,-0.498982647636618,-0.624364913618919,-6.90626702778214
-0.733705665459926,-1.86201654388598,-1.40383440549845,-0.896999267657708,-1.42055289661251,-0.0561078190529347,-1.15452910407488,-0.423643456462589,-1.60359948913515,-0.831387306908077,-11.2658284914113
1.9783407548946,1.0660942530262,1.24826854492281,1.45405177172102,2.00497620852351,0.585637941421153,1.75263459790335,1.67248083552728,0.738926721841592,0.519913443034619,16.9100988645791
-0.892787540216678,0.239030840871012,-0.488035159833042,0.941353697921423,0.41145405913842,0.507637453464628,0.978149168713177,-1.49987515872272,-0.303894232559397,-0.244080265896816,-2.84565240784068
-1.67521154088106,-1.20452803819916,-2.37366291727351,-1.69370552055324,-2.51498823957736,-2.36341084075213,0.531832918790917,-0.772285525282019,-0.720265403780787,-0.50525275654008,-14.3651434177884
1.02368874563104,1.43093524228199,1.51678248483158,1.74037953464764,1.84771962380664,1.73827680988078,2.03784348888335,1.48964081584778,1.76289465556062,0.943181765330742,17.0610741253619
0.447856492999771,1.66702585421478,0.987685682789321,1.42556654123507,0.346422688722787,0.641552654192874,0.775974724001769,0.270999188758825,1.14818674955093,0.248955401654422,10.6584363823248
-0.0262651792203046,-1.28471535153409,-0.432819115872862,-1.99330202226027,-0.303108956502961,-1.04955009343207,-0.383481991495356,-0.0614429646127927,-0.0570692856094461,-0.139947689888006,-5.37126475691545
-0.942403256756439,-0.492599382722746,0.0660820377173755,-1.68876677209453,-0.919507306470591,-1.25943305178603,-1.93202552537821,-1.17300258017459,-0.627329785212762,-0.494786258915205,-6.81465613251798
0.926195227288299,0.913673849491672,0.026845181667072,1.05768121010428,0.539683790858501,0.898291880411619,0.925124143227315,1.1563362574777,0.997728595596147,1.22104938458635,9.23890877398408
-1.05565658912503,-0.932446084972807,0.0953489121321999,-0.805684348921095,-1.45188272997408,-0.447648708476409,0.132638099505146,-0.667223239321768,-0.263178458718757,-0.603338456840135,-7.68579736226433
0.0343901916742881,0.0607536638116357,0.241326480480241,0.126752173023636,-0.207999791978506,0.820384315765813,-0.906080755223705,0.732750695858671,0.540901320698987,-0.0958023989067114,1.25804406136603
1.67721916032694,0.740841109201108,0.284147419748685,1.62789632654172,-0.346110543948107,0.508877967478549,1.78236658866246,0.0172564125660705,1.22847151207845,-0.572812663408801,6.62920876731989
-0.412555163056232,0.179447395980369,0.153240560947879,-0.592744608043558,-0.279535951298118,0.302300758911654,0.836767176799761,0.0863496303456291,0.163493986944764,-0.00685636711762461,-0.276146104848781
0.276069605835501,0.681536134231005,0.735959083160463,1.60481662035529,1.34164138445345,-0.607456032200757,-0.406976197406084,0.924566225078861,-0.0367285555528548,0.636456856561925,7.80017183587708
-0.566853345162655,-1.07891513392762,0.703797801419203,-0.95109353038906,0.136033748625124,-0.764761147598434,1.72406521627409,-0.0915133127280803,-0.2847603152673,-0.18850034897981,-0.199908206759624
-0.190903684270858,-1.65143682382468,-0.228328587665749,0.183875713097866,-0.614197758419617,0.949148900236861,-1.23669378760579,-1.37579630520536,-0.708820603491096,-0.857931506925152,-1.87955737178002
1.28565317755244,-0.116917295713066,-0.229450718310846,0.100542427821773,-0.00782606923668944,0.00605662784362673,-0.0866571814835026,0.895737026015641,0.454445219129225,0.944644761615338,6.41937784060949
-0.941095693000905,-0.492599382722746,-0.138793618465098,-0.49657214689816,0.145835289638933,-1.13377250136656,-1.58766266299753,-1.62371738483046,-2.36765735143403,-0.975822460317352,-9.55591961952231
0.747170530831214,1.03099563294383,-0.651144193912126,-0.316188949635628,-0.112734656963359,0.307503879249574,0.0833361440306961,0.430457669288015,0.318673613754425,-0.19635598075424,2.15301384342989
0.331238146469144,0.6618186428939,0.597701430931188,0.740384059671123,-0.705286185519373,-0.482331306581887,1.16508644103241,-0.224729371098406,-0.0685775674260553,-0.403488281096157,4.56219029794878
2.1333326423698,0.611123611392088,0.114961521819966,1.91301239889912,0.260431658110833,0.641552654192874,1.55739225730385,0.600027130242848,-1.02174459868003,-0.432889479245753,7.43910441802544
-0.322733734345688,0.583672690422566,0.394488235712272,-0.453876710093169,-0.884334124806175,0.254192850672861,1.59547535771758,-0.24137500063529,-1.28948835468788,0.950178742194853,-0.101500637404789
-0.0685182785836137,0.875517968802935,-0.276335842773414,0.971045556532605,1.41668445333715,-0.0516452730998116,0.832470575016625,0.113402302486807,0.854118310200725,0.612572838801933,6.04306405801579
0.853983732097631,1.5396283402952,0.284147419748685,0.70529151810074,-0.0448285237605937,1.45643354107956,0.895117783476315,0.539675673934921,2.23166179043935,0.28093941183128,9.84076921121783
0.0343901916742881,0.529945032259245,0.0846400056089104,-0.403883933370019,0.0964356978617525,-0.594283142679381,-0.202700275743501,0.325211304212282,-0.213997777264543,1.29288826408588,0.497871652239474
-1.3521346442734,-1.36745040484745,-1.41003524874898,-0.685220548226268,-1.42055289661251,-0.999638188301659,-0.868328041776144,-1.22489648017275,-0.954424638977519,-0.248380408011497,-9.59743406882203
-1.05070809500967,-0.503177191858004,-1.51571866213952,-0.617328995583075,-0.872519607452651,-1.68874102432252,-1.36685264980469,-0.132348174078157,-2.36765735143403,-1.33638362043449,-12.9973516375631
0.861291356186843,1.22781839022635,0.887787831669214,0.667524695646331,-0.138345315157031,0.974585167177323,0.202830897055198,0.280732252603416,0.0927588044829993,0.277689570784703,7.97034859095725
0.782715371602432,1.72081582516144,0.886824781229364,0.0399136457061072,-0.23309886690634,1.72075288065576,-0.595721731586509,0.0743714908320155,0.163036133621305,-0.227786170117675,5.3531322730403
-0.112359548382661,0.144439347689774,1.37963145126219,-0.908719662029819,-0.108701097115174,-1.0778282944462,0.484681240801936,0.769389197517443,0.553322163186247,0.859495841564737,3.01802675664941
0.960105042953666,-0.211610615530698,1.19271888110448,1.2889752221333,1.23841323645842,0.230303260179573,0.192239601722828,0.313704124076619,1.01814130314979,0.0844721714410059,6.22086745900431
-1.17589675125888,-0.730675868675271,-0.0948524984302993,-0.567552163814222,-0.412146001717536,-0.651507125644296,-0.63969643899182,-0.4681311942743,-0.735082781146676,0.454805257090389,-4.20547354529617
-1.23614662970857,-0.678240224637871,0.022948554736156,-0.319668201363061,-0.814112633618987,0.60292238278905,-0.420457998249847,0.0675945192020088,-0.404758140268639,-1.00591969912424,-3.21990992972435
-0.373731893668158,-1.1766940338058,-0.900232504624703,-0.541188890362637,-1.10927132111207,-1.38895288038358,-0.873874288739819,-0.0997847914001683,-0.989197264636739,-1.12734552296587,-6.57768184413766
0.178728523535104,0.241674483690848,0.177536444011955,0.286302202349925,0.124814044613572,-0.299909471399198,0.398925881017356,0.406662487225383,0.35312943635515,0.79530527770781,1.64171065167499
-0.0539353608089593,0.35630805448294,-1.24141592288013,0.176337353500697,-0.616259900909659,0.806993956713082,-0.873702660993517,-0.193214323571347,0.923752569457067,-0.0468766097263264,1.39068801158091
-0.103530495729248,-0.209348894263079,-0.727575670458725,-0.431462888113716,-0.594883190785264,-0.60090143944397,-0.514547256508222,-0.801913337609028,-0.0384600808234097,-0.658602711892008,-3.02812735608026
0.204396705241732,-0.50388228616141,-0.42275316566902,-0.6200405407986,0.650669380565762,-0.0818364541463298,0.321208499016322,-0.173931883437606,0.553322163186247,-0.274850008471503,1.33152683874155
-0.411406936208869,0.0387793919124024,-1.2245602106693,-0.258561690572611,-1.20318598202806,-0.395216584854577,-1.05107599234389,-1.32445210656441,0.0770140385234425,-0.610677522191171,-7.68579736226433
0.429305798833629,1.24185269261282,1.33085421654331,1.1742745040871,1.20838304000486,0.817423667639784,0.531536087683834,0.0172564125660705,-0.159671632669523,1.61875924321504,8.46645001684768
-1.3521346442734,0.595208003806782,0.356633417153669,-1.01643378448671,-0.960960943701474,-1.4157437975656,-2.36636359945777,0.130906640372537,-1.24714661039932,-1.52060182790071,-6.74943003579123
-0.914886093618509,-0.611250980200807,-1.0396136569695,-0.63173383792997,-0.323411933597142,0.351327671953087,-0.273843505534223,-0.15840727199668,0.236198788372187,-0.152478120347669,-6.5032620739176
-1.82521277652945,-0.550955928797746,0.888707102269265,-1.77447907585274,-1.3335693363801,-1.18166041008877,-1.77023074258014,-1.75627708241037,-1.1795148735463,-1.65010880772279,-12.3360085548074
-0.854593516279247,0.536127800014765,-0.424692328931364,-0.217325829458769,0.41689558469582,1.16550619235542,-0.0574309706383479,-0.429107706757268,-1.10190283603218,-1.20833258228858,-1.01807156018685
-2.23689652010974,-2.57299819154369,-1.99872258088642,-0.882854347430741,-2.77968224181967,-2.04670725249219,-2.04749113819572,-1.72750038827826,-2.0307418765813,-1.76916613176662,-19.6443227661455
-0.0724921444172599,0.719450772377677,-0.500301824912,-0.707250290624972,1.66351261881283,-0.968409266133016,-0.815305926647751,-0.59806617447671,0.715162890140626,0.742974590974859,1.50521194554868
-0.415516596082117,0.0387793919124024,-1.2245602106693,-0.258561690572611,-0.316375859435228,-0.732221154543755,-0.816110748786765,-2.1261529618855,-0.347926100907672,-0.480780362346631,-9.30944553713882
-0.933782884120425,-0.492599382722746,-0.785054407354986,-1.0264680099357,-0.831017698072857,-1.76048534580868,-2.18132183345399,-1.75627708241037,-2.13275093336226,-1.82077619773763,-13.6409160844595
-1.35396548225525,0.595208003806782,-0.00790208172170193,0.907792572302356,0.597886482818053,-0.414904922046277,0.546452680860313,-0.845355212532487,-0.810363588782408,-0.912689745567786,-0.407616351514705
1.06358452909963,0.741374477395352,-0.651144193912126,-1.59706440120898,-0.884334124806175,0.39850497437371,0.365714206232318,-0.705108684669943,0.223676532722083,0.0468270389215613,0.536891403546101
0.408880574897272,-0.83964353648361,0.219084378818749,-0.0952608441146734,-0.130975371190693,-0.0415527733732839,-0.796976911577101,0.0640299470626499,-0.543603740229709,-0.955675725889819,-2.14316001963308
-1.00093592202114,-0.17224286816302,0.96084093551393,0.448379929690578,-1.10071607209675,-0.414886011547043,-1.23669378760579,-0.0216781325573369,-1.53244995906541,-0.17027850668501,-4.41606269901762
-0.481520628583229,-1.48798156515753,-0.166640318339356,-0.0449780589398081,-1.94682345169069,-0.75924361108691,-0.432478765383986,-0.590937432344986,-1.24714661039932,-0.633401888776388,-7.47575052854474
-0.694740909735952,0.571007053639465,0.591914827264679,0.26846095520475,0.113782377037357,-0.253074194248001,-0.145969655515454,0.218269282435389,-0.373595213904854,1.29288826408588,4.56219029794878
-0.517214967325609,0.210462115839794,-0.250899447011822,-1.61692181439396,-0.878893993701564,-0.217196005643196,0.0759374123246821,0.104519554342952,-0.626738916819294,0.36555579576496,-1.69436998677473
-0.72700695381551,1.20742111505012,1.46266149505748,0.34568345263008,0.353780873595955,0.0405908272463451,0.352194927683686,1.06711139356592,0.138690804132727,0.468093458997952,6.53791671308693
-0.790331263899782,-0.636634041517604,0.0660820377173755,1.20174441921319,-0.0752280983301957,-0.0518410827338862,-1.51472434070721,0.432669325536062,0.171799506288332,-0.499299320575937,-0.407616351514705
0.680475967147769,-1.43241400915768,-0.0797607497991355,-1.89002930195086,-0.788224309615634,0.353675892679887,-1.42191179416328,0.0911870583912856,-0.724352993294265,-1.60085411973163,-5.34120311771018
-0.694740909735952,-0.295021486957112,-0.426962133437937,0.752929342521702,-1.51592037999192,-0.960629807164284,-1.2716062564518,-1.38945733115684,-1.12361329997579,-1.57080992969635,-6.76371431465634
-1.43675708821438,-0.437010870731817,-0.336691394313174,-0.500444076978582,-1.54936588646187,0.0623231269743307,0.0525254349101399,-0.760701246692564,-0.295500260785882,-0.038168478926145,-3.20889975326924
-0.663043946193005,-0.627199309512077,-0.254777590522159,-0.55585350060321,0.145835289638933,0.246258780969831,-1.48033269587221,-0.232774319770377,-0.821986275357011,-1.23724757708216,-3.27115919287491
0.400366867743311,-0.366641678168474,0.793007626312598,-0.334792088370193,1.06701509914388,-0.821732464761097,-0.351235393167554,0.43252787032599,-0.235171654527554,-0.0958023989067114,-2.91341491973575
-0.326012385274044,0.583672690422566,-0.783360407216824,0.691614899714338,-0.505806702262709,-1.74078095827389,-0.0478715013658525,0.376490844845668,-1.5428335498753,1.40880162758929,0.115027295236938
-0.715286053653527,-0.932264237328849,-2.69972043338683,-1.96668629494709,-1.17280501218057,-1.29486915635402,-1.83540006753215,-0.975950741879098,-0.90124327860035,-1.35274668782053,-14.3651434177884
1.15916540096805,0.288527804336609,-0.292869450562698,-1.68076246030256,-0.34473367906536,-0.473521452181022,-0.701377786630198,0.88457422148707,-1.00225868079456,0.747384186822434,-0.279929400303139
0.625389219370573,-0.000111053166900598,-1.14483846238869,1.4876511321434,0.350044767533021,0.0597170892061732,0.10210941268233,1.53520337893067,-0.0367285555528548,-0.459174358944561,1.64171065167499
1.68024549924123,0.216286629262736,0.43365362917942,0.409460326930557,0.333520664333868,0.517085396584133,-0.607054235961307,0.819596274902379,1.70940630554287,-0.498962931467652,6.04306405801579
1.92799758696294,-1.35502768691929,1.50537097590656,1.58402296314463,1.08471657587237,0.941679664041706,0.630261908814916,1.60829091575448,-0.433500688749785,-0.540397795472348,8.80963856526064
-0.538148324761284,-0.430887086435518,-0.934126536681748,-0.814311298581081,1.07347435196063,0.342469140088507,-0.701377786630198,-0.953686432246066,-0.526092682897375,-0.211601485548719,-2.77302364507892
1.17203380796836,0.185373027562113,1.44490234776194,-0.227111545496317,0.719048172238062,1.81753456562826,1.25328792970949,1.13079839629735,1.19597710997791,0.659341540945728,9.25360211164889
-2.04227081215646,-2.50369679199388,-0.625349906080059,-0.932909294063911,-0.995791335422283,-0.952049590248278,-1.60614658826091,-1.12552451164016,-0.926333388127875,-0.73031492216471,-11.7675297183576
2.33549200745235,1.73841909070447,1.03620099291125,0.29316912070541,1.86611617482612,1.73827680988078,2.21593595134754,1.48964081584778,1.30742919388103,1.5424488276775,17.0610741253619
0.0503801831099473,1.69236231570122,0.440803221531933,0.308567982756393,0.719048172238062,-0.475004538781152,0.550162174446959,0.48874944643395,-0.124864566813885,-0.508737505135594,5.48191364747814
-0.790331263899782,-0.636634041517604,0.0660820377173755,1.20174441921319,-0.0752280983301957,-0.403648599258588,0.0883297104551713,0.858599972220236,-0.37788966458669,-0.280096310220484,0.786398738373742
-0.715286053653527,0.737985081940155,-0.548212711961043,-1.1081466831743,-0.504528311174546,-1.68642867886408,-0.504328584290369,-1.24741782514362,-0.659785588243629,0.454805257090389,-3.9815479240561
-0.709226344362782,-0.932264237328849,-2.69972043338683,-1.57759881170816,-0.535285914405356,-1.07463804585338,-0.868328041776144,-1.05005968000164,-1.66779106828401,-1.5415978719679,-12.9767932075903
-0.829453185668739,-1.23799676758108,0.00555784150586477,-0.28472624809182,-0.253759396373207,-1.37907267542733,-0.448866374502946,-1.72379377084548,-1.52279305284438,-0.494786258915205,-6.74943003579123
0.104725423833223,0.731628282766307,2.05825033570555,0.124663579091985,0.455708463005839,1.81753456562826,1.19456977328186,0.865059382673566,0.904941457780872,0.200631681802624,8.27293614200349
0.633632050275843,0.191861180599987,0.946946498289177,1.05768121010428,0.744467618351825,0.357322736667372,1.869683669518,0.0684159213889596,1.08326392844897,-0.202979129143471,6.98973012677777
-0.427578494788819,-0.691256949731976,0.221474724855387,-1.02014993689319,-1.93176979974171,-0.470288313805168,-0.0137608690171167,-0.730487256643259,-0.263178458718757,-1.29698920104835,-9.30944553713882
1.08515530109419,0.432183067995673,0.116260032159293,0.420432838890924,0.598121638879205,0.902719590378774,2.01459969407375,0.810658681175556,1.21931840969523,0.255307152988138,8.34365625674967
-0.493416227257394,0.107129130156286,1.1984497523323,0.28806927126139,0.298285663876071,0.102469652551574,0.354095431606203,0.284750399399227,-0.0398256745427595,0.397324262260559,3.17894032109717
0.660409453070821,0.908989827939605,-0.238331664889987,-0.0758662063154485,-0.674114386021297,-0.723186438057345,-0.815305926647751,0.719277913564065,-1.10190283603218,-0.0234355242270916,0.615755506291599
-0.892787540216678,0.453495498135822,-0.154044399145444,0.382484115444192,-0.593955707928293,-0.59863992451841,-1.77707800811056,0.493525810118034,-0.365706264872949,-0.108747470424102,0.054773917675921
-0.552857856834499,0.117997694232975,0.57651369048998,0.456330436036599,0.766470770416205,0.531074839888636,-1.05832634305014,-0.491534315122805,-1.00225868079456,-1.13620674171552,0.87842894015508
1.07801276732706,0.432183067995673,0.874163347132958,1.73393909031787,0.923394864045412,0.445038676752486,1.23718084695275,1.37000251301412,1.13377198696717,0.659341540945728,10.900289326735
-1.12715953272241,-0.849264884666608,0.0871785580539016,-0.102379930767856,0.198213855512929,0.0698696713135754,-0.231988710706337,-0.746421868672155,-0.0542388497011169,1.15364726935387,-1.29845431073953
-1.03640487307603,-0.762956985436027,-1.24487298832746,-1.57025755752541,-1.17242002715836,-1.40807913641488,-1.03197406630078,-2.01075380476708,-1.14309214985758,-2.12452240476712,-11.7273642435944
-2.23044843618487,-2.57299819154369,-1.99872258088642,-2.42868875179325,-2.26403211670134,-1.72543048788804,-2.34949741266154,-2.74219533026018,-2.47043928909222,-1.82406507351258,-20.2659350716066
-1.24164198074696,0.51896130234354,0.231448930207287,-0.370455495696444,-0.961939515854506,-0.202842421346238,0.46395677716537,-0.223587381287283,-0.33954820337492,-0.116626592733635,-2.18054303009775
0.988694305386582,-0.699894030258797,-0.541225244754377,-1.26731820913854,-0.162918060151661,-0.382933697137149,0.291896045811813,-0.632236901510363,-0.318454377195021,0.12389190865325,-2.29055466451466
0.490554376047631,-0.458496292827177,0.673735512701107,0.348096249042777,-1.00067299448741,0.407680138049529,-0.303775571544713,-1.28399305305272,-0.222123232623601,-1.99064731314372,-2.85602056075797
0.541038631938737,1.21743263432108,0.121983904487028,0.882651060856453,1.3960879437626,1.14882992087803,0.775974724001769,1.97492011724891,1.81355329530094,1.77066314199783,12.6333729354535
0.26072892119698,0.94257916840248,0.853514705094733,-0.105174517700149,0.572104860302998,-0.383765171405017,0.227561378467542,0.276949060375017,0.230144512397191,-0.170679653694388,4.42809537457563
0.861291356186843,0.750623703215502,0.623915407040415,0.15669264324446,0.677798462360089,0.508877967478549,1.05920473551164,0.83123119807742,0.460352281047191,-0.423603587969847,7.3574618706714
1.59847331451614,-0.772230037914596,1.33683191879534,0.977404709176432,0.333520664333868,0.692691195211941,0.0330105393064744,0.149626434316907,0.487976495985813,0.481637724739822,6.04306405801579
-1.11238306312132,0.150941398291295,-0.878673255635519,-0.102379930767856,-1.13469096764698,-0.406378784843646,-0.731065794460929,-1.48566431019933,-1.59219754163224,-1.23669014669058,-7.3649941640733
0.472903612576437,-0.0275127262680844,-0.225608075236555,-0.12742622503939,0.664998647901964,0.378480939862976,0.374577405114416,1.47991584728359,0.929654448213351,0.468093458997952,5.14569860411656
1.29617365810306,-0.116917295713066,-1.08526446686103,0.553497334718167,-1.02155960498488,-1.36716604476588,-0.407572610790267,-0.398499446330025,-0.318454377195021,-1.11798270464622,-3.21990992972435
0.429305798833629,1.24185269261282,1.33085421654331,0.124663579091985,0.924194000418946,0.0590560805300696,0.106337704421231,-0.487407247965806,1.3265381173522,0.177849671343526,5.66964469149261
-1.12715953272241,-1.30313844485145,-0.224503473449683,-1.2990836746413,0.222422413481174,-0.600894127569307,-1.62892855382465,0.00801924561016803,-0.4393250215006,-0.76415975525385,-8.80576294973229
0.321562774072565,-0.501170829508326,-0.558777840379724,-0.00910409917135053,0.89764490473662,-0.458026224673469,0.614236927652396,0.787845455364827,-0.955033637520458,0.327199071968231,0.11898479438141
0.232316106918004,-0.514880082744713,0.350180779168598,1.0029483388186,0.555296643738267,0.143400379222906,-0.751146932338297,0.787845455364827,-0.982982980885214,-1.0393885012542,0.680629932829721
-0.914886093618509,-0.180964706709695,-1.12114082646165,-1.17971923840146,-1.51795340107597,-1.19811818372015,-1.62937285117668,-1.09007880960915,0.238296603449654,-1.19975784429523,-8.27621316052425
-0.00237144590856508,1.62758101265095,1.20876140055041,0.161801573227,0.903077696278601,0.692691195211941,0.202830897055198,0.254622815395609,0.249258213083424,0.342717581903384,5.76955898527833
-0.389303785864828,0.155571111320634,-0.579444785774878,-0.55017225748781,0.525654801645201,-0.244605126205342,0.156618151668871,-0.472773017926163,-0.258958225902448,-1.18316219111761,-3.86876453860437
0.955816295566861,-0.211610615530698,-0.573335492063284,0.708286746698377,0.390121601085417,-0.251668961412867,-0.319410127049567,-0.386604134022727,-0.0535255400625301,-0.327164769386644,-1.15658417073016
1.07423652548106,0.568390334916197,1.02310149424013,0.870059097247683,0.890247860788243,0.867907254586043,1.25328792970949,0.238383731600194,0.23389750053172,0.792584966638622,11.214018484083
-0.284675523748214,-0.621897942286234,-0.316240874194743,-0.920723268308277,-1.31037399338513,-0.450238412318643,-0.186400520660205,-0.760701246692564,0.048734258955532,-0.239704564362281,-3.58297161842748
0.0113163718830504,-0.528407724146152,-0.502707701703436,-0.161744146774688,-0.988362589842954,0.290297469131477,0.568609171341385,0.0772085233206071,0.497790984205497,0.155183286892071,2.28631767941498
-0.299626550129713,0.158994247866423,0.0375594591170431,-0.432496419602431,1.04301871336304,-0.062908762861192,-0.839309623165243,-1.08812558226127,-0.495084220290025,-1.20833258228858,-3.96058921792786
0.673411746750016,1.21387874322223,0.0407116370855678,1.36681970542358,1.21080359396749,1.24255603433657,0.868813659651226,0.17179340963374,1.01686338728193,0.898202925356483,6.75268074271605
0.0621948914135783,1.61206607331192,0.41130080305652,1.0753897325825,0.907816210539977,0.402753748289304,0.022663917437401,1.03050392948053,0.584192032593312,-0.311584279331446,6.73439304726533
0.204396705241732,-0.50388228616141,-0.42275316566902,0.191233919193462,0.305352360523207,0.137124963049576,0.0777762746836075,0.329201880172218,-0.784817490951034,0.285736311671458,0.534359196287988
-0.274951340476893,-0.675786775007693,-2.20193699340468,-0.776790946685882,-0.872519607452651,-1.36726722831844,-0.866873928171471,-0.247081324496826,-0.659785588243629,-1.00251441146334,-6.7184258643511
-0.829453185668739,-1.23799676758108,-1.89186362630478,-0.862365528278068,-1.35006092986369,-1.85114746236398,-1.62262931580639,-1.97434147113677,-1.82915497598945,-1.49260726640276,-11.2805338642714
1.20648528968246,0.426109027910905,1.01339865530672,1.51844266793586,0.979755667732229,1.07131824696035,1.26290586822309,0.643484215840661,-0.433500688749785,1.23141501464767,10.8892818831632
-0.284675523748214,-0.621897942286234,-0.389473195159887,-0.137973724205254,1.11660274791366,-0.723186438057345,0.646080580924685,-0.431182004552407,0.832265425608153,0.06834575376657,5.31501614295121
0.625389219370573,0.0937481042644848,-0.224295956598376,-0.630929704191092,0.556034026705919,0.926768703944484,0.0571990044134616,0.516060796341515,-0.113893810351223,-1.00181229581053,1.74344367589303
-0.114405650402876,1.17627159218215,0.51328298431234,-0.159833140029631,0.410133216354227,0.12967342789098,-0.79764305529009,0.848032142774251,-0.955033637520458,-0.460757104167176,1.25080275929556
0.932219104813233,0.913673849491672,0.758034215679514,1.37901435827218,0.648385244818507,0.641552654192874,0.895117783476315,0.0684159213889596,0.64448430672464,0.678759522879348,9.21369312524242
0.633632050275843,0.191861180599987,0.946946498289177,1.05768121010428,0.321602082865486,-0.611317089123894,-0.79764305529009,0.22132377712797,1.40295535589153,0.596689051486193,7.20219244391626
-0.694740909735952,0.16033056156,0.219084378818749,0.553497334718167,0.00899044078008917,0.00300124272239686,0.546452680860313,-0.952329371467643,0.625083977632144,0.327199071968231,3.53118836266639
1.77487963039506,1.85084275467585,1.03008309722058,-0.00255237541526289,0.718381623934114,0.901198905044958,0.939016786105086,0.17179340963374,0.240209166994489,0.0406213332356287,8.75329054431713
1.28911184315615,-0.106318360908843,-0.277681918421176,0.2103657370085,0.780822330449608,0.285209232123932,1.9365842499659,1.42581214681506,0.436496716939545,0.578980767529327,5.67799547058077
0.206949504630227,1.40310900309802,-0.807974923700432,-0.0171883895088285,1.52644870436874,-0.508246369531192,0.287155269719565,-0.476353368485028,1.15730019462462,0.207920113539417,3.41378297376109
1.92799758696294,1.04556408225563,1.50966563884748,1.71701751694814,0.463086022247108,1.58935427103738,1.07989609301074,1.84607044998594,2.16208076537234,0.554406532506605,15.3428520256986
0.1362200049827,-0.51660315488315,-0.635182722505939,-0.308789709730924,-0.965414783251958,0.74656014784018,-0.354098194267438,0.0945461056130992,0.627773369964408,-0.587158715070607,0.0855826309458132
0.37248319023682,0.526745466771034,0.395530335566239,0.41740816322885,0.467974459744144,0.480843410604339,0.246093494467094,0.645304335190193,-0.124864566813885,1.0076675079102,7.4281357317127
-0.0548226686434274,0.570235825327221,0.360016122389611,-1.54537162696735,-0.671047388717037,0.00428579849853861,-0.769541299839518,-0.612190195590473,-0.70810378749692,1.29243490403723,-3.40371406399804
-0.561750453062289,0.117997694232975,-0.635182722505939,-0.948720895603774,-0.0425116389034292,-0.606032095675472,0.364009211236097,0.432669325536062,1.28726198498423,0.742974590974859,1.33189546949586
-2.16539706073121,0.024301793739277,0.426177463741732,-0.879225344382596,-1.36833514007813,0.0870297309329885,-0.731704255771372,-1.05356568942323,-1.97515142626176,-1.15415983518799,-4.11528097638614
-1.05565658912503,-0.366544721589228,-1.25950245524338,-1.66889625728676,-1.2939019303679,-2.02364326037871,-1.15567929790016,-0.636522809708368,-0.661084526803935,-0.975822460317352,-8.86862219826684
0.442381074283346,0.229731673297687,0.796753917081048,-0.319016882760458,1.16324390364165,0.580362007248685,-1.13839809377154,-0.179524037937462,-0.927072931045868,-0.772224002727455,-0.644327839005405
-1.73820467426141,-1.56382267529072,-1.38395159072777,-1.82214810456102,-1.82452812044929,-2.28822682337203,-1.55577345554319,-1.1008093165275,-0.78143737503562,-0.640351141403305,-14.0192871605125
0.903628515600329,1.3911336095748,1.87877206749668,0.596242617353991,0.966575328263913,1.69278420203087,0.794054738181913,0.847511012285877,1.53439931522493,2.65470114760708,14.8727769668111
-1.90279006288467,-0.266595204796017,-1.89186362630478,-2.38909183892021,-1.3217350185355,-2.07995321215213,-0.644603369125231,-0.975950741879098,-1.59059995953223,-1.85341649485366,-16.5230321481235
-0.747841895145334,0.675709028446849,-0.417309177118401,0.355975182080662,-0.165196728548367,0.625194045573234,-0.29748528095071,-0.639731858249126,-0.106369091316113,-0.262261727213641,0.884924665919358
1.13885886756313,0.106880568078979,1.46417724057561,0.707336725023612,0.405447065734591,0.701759016164232,-0.0968322899084575,0.113402302486807,-0.61016541013602,0.532538438399253,7.4281357317127
0.291714496470314,0.695311113534874,0.514216450394685,0.420432838890924,-0.483523726368514,-0.00240933228601903,0.10210941268233,0.251417665979241,-0.153304807543012,0.96678927553587,0.339448813596816
0.130425866149465,-0.494363878657774,0.64806396253929,-0.212745458156877,0.368431369233946,3.12433888080028,-0.309156658918688,0.619398708172652,0.825657627730358,0.250507540385371,9.17841920707057
-1.17126261632619,-0.177441215063431,-0.681048016543395,-0.583608107672216,-0.253759396373207,-0.0730472255051139,-0.300129011742525,-0.576725848819583,-1.53244995906541,-1.62117583637659,-6.47260388408508
-1.04303173047007,-1.52847745895573,-0.191732860159643,-2.2191933221694,-1.89211381113093,-0.68424254850824,-0.324615254219803,-1.22489648017275,-0.456411277081478,-1.35190648849585,-10.4776108879733
-1.06299873381749,-0.366544721589228,-1.25651690147723,-1.66889625728676,-1.89006879881688,-2.54224085796302,-1.5163572888606,-0.772285525282019,-0.902885382264102,-1.50331840530968,-12.6545921444061
1.01908061736164,0.0965956043581844,0.803199678086262,0.204120359470905,0.573977289359505,0.543174015264199,-0.111387227036778,1.54170917496169,0.799631398488041,1.33419864953003,8.43962744883438
1.09512513201653,1.17516132139809,0.623590897677829,1.1010071526171,1.64662904456078,1.02732928466576,0.892193234810047,0.847511012285877,1.02710726182877,2.00207552260631,14.7795524891259
0.0343901916742881,-0.186941551868269,-1.00948014257617,-0.171257805871135,-1.13589088375991,-1.17709943275848,0.227025002124821,-0.339673207450796,-0.0493029815759672,0.0415643977488032,-3.55443481366955
-1.40723698248506,-0.149756240968442,-0.209815794335025,0.639739273341133,0.717621288841072,-1.0744556340174,-0.231988710706337,0.19399207847367,-0.48243228887271,0.419993326639276,-1.01807156018685
2.19607286913825,1.93418588169449,1.03620099291125,1.03818881027344,2.78284483063057,0.569383950468193,2.21593595134754,1.87666947604299,1.41661027647871,2.29733967704711,15.4473284719574
-0.322733734345688,0.805139453679225,0.0938700648940189,0.635355695273721,1.36489984047713,1.42317538053189,1.08679157872803,0.561360080681295,-0.159671632669523,0.402554802861469,8.08346467826974
-0.521658329722068,0.210462115839794,0.0656236257582204,-0.361546038416862,0.0687438858331393,-0.223369181607809,-0.370925437356672,0.0537402838978463,0.97587948728063,-1.37985288615753,-0.279929400303139
-0.819303265354379,-0.868545037286013,-1.50586990323436,-2.26839619066502,-0.814769463610644,-1.78742605277402,-2.04901582620649,-1.68306011704518,-2.49665509585948,-0.666356619764039,-14.0192871605125
0.836065799607558,2.48764851819212,0.935086785917588,1.57788230863111,0.845990317526013,0.17792889179895,1.47162063245837,1.04590810342327,0.895186767988039,0.250364128692169,11.3874385595163
-0.892787540216678,0.239030840871012,-0.715606586399012,-0.137973724205254,-0.313566663418677,-0.140759614185882,-0.278197048565255,0.416549617867882,-1.5428335498753,-2.29500074063735,-3.69143385346643
1.15916540096805,0.288527804336609,-0.292869450562698,-1.68076246030256,-0.34473367906536,-1.08952367818537,0.193021928638126,0.453557237148704,0.130622211000328,-0.0887570740990262,0.335015151394503
0.349196186922149,-1.37937530961458,-0.364782691312931,-0.323412220918361,-1.87401077233539,-0.470288313805168,0.539887378244385,-1.11915909481209,-0.901218664621376,-0.922614958827228,-9.30944553713882
0.988694305386582,-0.699894030258797,-1.07436354722467,1.23360805470915,-0.686979903083926,1.10544166326709,0.374577405114416,1.08040893579067,0.45866834129942,-0.426942167871928,5.65437923144695
0.671238744387748,-0.620139365801184,-0.417309177118401,0.223255672769399,0.643757868459772,-0.069059087531313,-0.171098371868232,-0.339280615125876,0.822399484539784,0.490966117814474,1.81660220067597
0.204396705241732,-0.50388228616141,-0.42275316566902,0.0667209793613482,0.0296477343996561,-0.18699266416054,-1.66826486249132,-0.612190195590473,-0.295819851522132,-0.689285564022737,-5.73361279038939
-1.73740355235284,-0.674885933122641,-1.04847019447278,-1.02241730550716,-1.11382454264276,-2.02364326037871,-1.28226978648418,-0.870872931920778,-1.31681473291169,-0.571042118163542,-10.6383574677945
1.19476790380952,-0.0331875456101685,0.51328298431234,0.606273717795328,0.126741488680975,1.42317538053189,0.426812447013095,1.3906676625417,-0.159671632669523,1.5733840383535,8.90714882748687
-0.068456058224617,0.875517968802935,0.8346060974155,0.124346759985049,0.467974459744144,-0.0871120190280359,0.534463611215736,-0.00713207638274026,-0.955033637520458,0.738080525832986,4.34672582825674
-1.61350463117444,-0.520303280924438,-1.45666467093792,-2.31800251100203,-1.43478878923372,-0.983316564394427,-0.261552853146632,-1.49019569131485,-1.785717303373,-2.2265450087724,-14.1506669270617
-1.3521346442734,-1.36745040484745,-1.7207590575856,-2.16433243926435,-0.844571758677774,-1.53158660649958,-1.77502409036515,-1.17403132430561,-1.09150756353861,-0.486009624204031,-14.3651434177884
-1.31087800471298,0.250342045247554,0.351445553544671,-0.229075222431608,-1.13589088375991,-0.81069591452924,-0.610020939049118,-1.67255391782457,-0.154952526264199,0.454805257090389,-4.30664059458474
-0.916163542537983,-0.180964706709695,-0.764766406143176,-1.99330202226027,-0.872519607452651,-1.39817924287103,-1.15201941354426,-1.77534237627619,-1.79763714265637,-2.72981546213275,-13.2830206876429
0.346478770376472,1.37691896305069,-0.0279182651199452,-0.624764611067853,-0.354471143636563,-0.65825921097455,0.623236447777561,0.560823879350455,0.578167867478653,1.1962595982927,4.84124500617488
0.149578779664752,-0.174813467959482,-0.102517247365542,-0.481091085294782,0.657726835358625,-0.65825921097455,-0.721670622341295,0.0640299470626499,0.67343184529911,-0.998400366215738,-1.43075170670354
-1.11238306312132,0.150941398291295,-0.389473195159887,-1.68876677209453,-0.969475336184542,-1.32086307030156,-0.383481991495356,-0.0659012570891563,-0.36250853349412,-1.16604225656926,-7.49882356806013
0.680475967147769,0.103195541470321,0.480412928648342,-1.53617329572045,-0.969874415154876,-0.764761147598434,0.722240432685383,-0.953686432246066,-1.0214446320523,-0.435833071939447,-2.14059096347344
0.166761416383341,1.4888337424484,1.10064776124741,1.84214885992092,1.34083851564282,0.941679664041706,0.786530007287155,1.06892440107578,1.53439931522493,0.245876514805634,13.0772360655728
-1.25675826998325,-2.0318418803735,-2.51329678773296,-0.480677779594812,-0.914231577562865,-2.56519038364898,-0.325257686286985,-1.48065359647891,-1.32902481029592,-2.87701710213101,-17.6626835988646
0.194188441992314,-0.460864154687341,-0.365630581454822,-1.0803131469984,-1.3945432145643,0.0879695560662125,0.407835031260925,0.0611189735608356,-0.504405790480831,-0.577882822403278,-3.47165674259812
0.29505049819189,-0.157579865137267,0.879003319090903,1.01392600998913,0.467974459744144,0.660408207262807,0.889579068648233,-0.182923289167846,0.16371750172158,0.613911388569518,2.7167528422229
-1.45690498824421,-2.14932947199714,-2.13415596612605,-0.959609033400947,-2.25173963656438,-2.36341084075213,-1.19208135093789,-1.1008093165275,-1.58124547253128,-3.22640592506792,-19.3121263466965
-0.0538903046405351,0.570235825327221,0.360016122389611,-1.54537162696735,0.111208287310805,-0.964141374541971,0.568609171341385,-0.615232744492312,-0.496219718797456,0.703424096983857,-1.43075170670354
0.892276653011419,1.96707829997549,2.23511470096771,1.67257276202053,2.78284483063057,2.01588795593801,1.0837701112437,1.87666947604299,1.41730526637292,0.98608238209126,18.3475633125331
-0.185567639449368,-1.65143682382468,-0.567321336892741,-0.280097962453341,-0.60337616252215,0.0879695560662125,0.171525553827212,-1.67252136100042,-1.13358028889931,-0.958235570499548,-4.16843264072691
-0.566853345162655,-1.07891513392762,0.703797801419203,-0.95109353038906,-1.15951631183439,-1.68642867886408,-0.96125542044845,0.455771574169692,-0.219141276331446,-0.204519692785679,-2.82078829127157
-0.56362240117906,-1.07891513392762,-0.801181221375059,-0.376098421046104,-0.969475336184542,-1.191633709249,0.292303022033864,-0.46593129774849,-1.13358028889931,-0.938552076690136,-5.53970919748561
-1.01497606652667,-0.82062789238275,0.635704184538057,1.23360805470915,-0.00445822266794746,0.00300124272239686,-0.0293131827435515,0.127872972710815,-1.02976172480062,-1.19848056871008,0.519915771471314
-2.09386856452745,-0.436825441715797,-0.316871267356814,-0.776587765012191,-0.916584572732435,0.0623231269743307,-0.0137608690171167,0.402307413037729,0.106564581883177,-0.369860848581197,-3.28956495660462
-0.892787540216678,-0.847363776363964,-0.058333835623415,-0.150919036586424,-0.276840217832663,-0.606032095675472,-1.42191179416328,-0.968222155829035,-0.224326237498545,-0.95958687242481,-5.34718297217401
-1.17245462979363,-1.11921540013893,-0.373330626122441,-0.63173383792997,-1.57721976923399,-1.75617067327579,-0.31848069860564,0.0349477036785851,0.109852280812094,-1.62117583637659,-4.11528097638614
0.879086712639526,0.32941038758986,-0.043322894592302,-1.17667977289403,-0.207999791978506,-0.723186438057345,-0.603852391850232,-0.517028122866375,-0.318454377195021,-1.13620674171552,-0.878878659800726
0.149578779664752,0.0118241054100144,0.812021931803239,1.40332223564405,-0.488761060593433,-0.256883826595202,0.273828227408272,-0.633836716299709,-0.392976964458104,-0.327164769386644,1.08096042916399
-1.55423437175051,-0.794763731720101,0.888707102269265,-1.26534948672153,-0.654955850309037,-1.18385521186999,-0.399265115983319,-0.661676336101911,-1.4568329622126,-0.850556178920126,-5.725249369816
0.417681449461603,-0.573593185358663,0.170448257872188,0.279439934323609,-0.505806702262709,-1.01001071384992,-0.240143694927335,0.0154008318151414,-0.471393725747013,-0.872543264145778,-2.97195261493332
-0.185567639449368,-1.65143682382468,-0.228328587665749,0.410025745240033,-0.878893993701564,-0.89343547034562,-0.515637326158423,-0.118469966896461,-0.365392102082042,-0.361579046634675,-4.33851371395146
0.429305798833629,0.553222171411092,0.735959083160463,0.823619812371652,0.969206441736532,0.842182032246797,0.68949124400151,-0.337585115798594,0.638646880901893,2.82280755419791,7.42255741499026
0.0741211546124236,-0.074787597402606,0.183564703468974,0.460440936276217,0.173152702874819,-0.253074194248001,0.469122782946175,0.251417665979241,-0.770964119517823,-0.852334041670996,0.978098587748658
-0.059223071640002,0.382774920809431,-0.482726052199818,0.667006110110604,-0.686979903083926,0.00428579849853861,-0.573623589081451,1.00198030889245,0.610608442850663,0.603098323163971,1.25804406136603
-0.274951340476893,-0.147453255819196,-0.635182722505939,-0.948720895603774,0.155852628049959,0.297271025394699,-0.291685727793265,-0.469549907328711,-0.318454377195021,-0.288755341214141,-1.9416011913293
0.779327038262108,1.72081582516144,0.450163861788907,0.294020870126853,0.690833134867243,2.23407122847044,1.47162063245837,1.81075307598573,1.62337330944986,2.36070167156299,15.9623978643642
-0.274951340476893,0.994055879885893,-0.0689658579959658,0.2103657370085,-0.862090277541109,0.0790142674138681,-0.839309623165243,0.885187022563121,-0.233670599209758,0.65918885821144,0.801089233599751
0.671238744387748,-0.245887830753815,0.783998256974584,0.616743318086112,1.25067435558804,0.842182032246797,2.01459969407375,1.60829091575448,-0.433500688749785,0.530785360558985,9.32346635651088
-1.50476624146163,-1.53860311781592,-1.50059528764849,-2.16433243926435,-1.87687781898248,-1.49104094677506,-2.11026245316716,-0.440178643983435,-1.75373384589008,-0.666356619764039,-12.3618891293552
-1.25019471154656,-0.678240224637871,-0.567321336892741,-0.505939756153431,-1.26199615720172,-1.39817924287103,-1.58542474286489,-1.05005968000164,-0.627099311105034,-0.661586542597868,-9.55591961952231
0.903628515600329,1.3911336095748,0.877886491070796,1.40299149659415,0.767451523636926,0.586375763638845,1.14482898024957,0.322289521451141,0.715940601574776,0.255307152988138,10.524723164734
-0.737850889993,-0.25362014226376,-0.485756541886799,-0.453305116303383,-0.878893993701564,-0.0899229609792335,0.0146273493016021,-1.17940880480115,-0.679624529093493,0.303320271127425,-5.25752750273993
1.09020620329836,1.17516132139809,1.94671753646667,0.596242617353991,1.31546404353124,1.39470981805662,2.36088988767823,0.475516230180146,-0.0541568182966176,1.14958461649915,10.3089970459878
-1.01818505760308,-0.82062789238275,-0.336691394313174,-1.21363716863382,-0.959360998215434,-1.62041348319115,-0.504214572746439,-0.329917463972161,-0.612501373143483,-0.79872764310697,-7.9711424894686
-0.482272478523992,-1.48798156515753,-0.166640318339356,0.183875713097866,-0.489903586794832,0.806993956713082,0.568609171341385,-0.705108684669943,-0.659161218959977,-0.211601485548719,-1.9416011913293
-0.782136136505807,0.121570750552277,-1.03162084383228,0.797974490183133,-0.961939515854506,-0.591239517846749,0.384933442274503,-0.517028122866375,-0.127643595052012,-0.146265116562974,-2.58706041011357
-0.521658329722068,0.210462115839794,0.0656236257582204,-1.01643378448671,-1.13589088375991,-1.4157437975656,-0.909343448869312,-0.661676336101911,-0.263178458718757,-0.725292866935447,-5.34718297217401
-1.01497606652667,-0.781130076620792,-1.24487298832746,-1.57025755752541,-1.03567631664601,-1.29047851149945,-1.60810800254643,-0.244653637175021,-1.49313650096641,-2.35640973677218,-12.9767932075903
-0.595654817393958,-0.750415912867607,-0.329148165744384,-0.258561690572611,-0.468176438828025,0.949148900236861,-1.02339476525369,-0.283331124600549,0.164854986083857,-0.619711159288874,-4.12336279122685
1.36064270484536,0.832075103568395,0.869080152025912,1.05564516907188,1.06153488504382,1.07131824696035,0.990793855229148,1.70374851401942,-0.0541568182966176,1.75314200152362,12.7838408022106
-0.0817077205542302,-0.459642799468089,1.14256552991735,0.348096249042777,1.16965985468436,-0.00896892667736383,0.0571990044134616,1.11294500263979,0.369795005251452,-0.227786170117675,2.43161291342018
1.10106491164079,0.170115440006682,0.608112564584514,0.217822773103354,1.54265152582868,1.81753456562826,0.775974724001769,1.52851452761005,-0.751774309303596,0.307700595374447,6.98838092134348
-1.32773400964371,0.250342045247554,-0.160513100929437,0.941353697921423,0.0590787979787814,0.254192850672861,0.0165950758848342,0.681280597431876,1.0124636414722,0.481610487028281,2.78411587785542
0.467207798531519,0.070907311254787,0.0938700648940189,0.823277828421394,0.174496421566677,-0.19390245520956,-0.906080755223705,0.43252787032599,0.604097143207184,-0.403488281096157,0.800560900755419
-0.173900917063907,-0.411144991751924,0.446347726300965,1.2072661402662,-0.613842849760901,-0.851992670584999,0.321208499016322,-0.569003167901703,0.28683269675307,0.441495818168581,0.746002012929518
-0.879678265574222,-0.847363776363964,-0.058333835623415,-0.150919036586424,-0.276840217832663,-0.202842421346238,-0.364778965753605,-0.841281166408077,-0.902637439187923,-0.353466840905309,-4.81733107796514
0.717636739079085,0.402959072589916,0.51328298431234,0.878789380667612,0.491271612454838,-0.475004538781152,1.93961185895935,0.570999731938765,1.85639545137042,1.65322625103115,9.03122091990421
0.431412220707773,0.553222171411092,0.735959083160463,1.60481662035529,0.16814525741517,0.5556429364355,0.741550539782054,2.131171469584,0.178421330993739,0.792584966638622,8.75329054431713
0.583008366455176,1.16475369665262,-0.651144193912126,-1.68076246030256,-1.22783810927495,-0.210329578708341,-0.300183780080021,-0.300242921709787,-0.00250975445644758,-0.341185830222863,-0.475189920990755
-1.14493564635313,-0.450331671047984,-1.24709449189385,-0.0987849111429305,0.554866325639401,-0.0632240956839388,-1.02836575573246,-1.61872485169938,-0.384446315608259,-0.347319934077761,-2.90506509171418
0.1362200049827,-0.51660315488315,0.610838445341088,-1.27109134931868,0.41689558469582,-0.594283142679381,0.32512457751281,-0.488428889163181,1.37980406101859,0.0106794171356238,5.31501614295121
0.846903288265742,2.48764851819212,1.37112307375887,1.48578638727943,2.03148694003796,1.31985602298486,2.15420318707787,1.64232518920582,1.62443708726755,1.02638083437485,16.7127274556162
-0.682187592909824,0.268655260377186,0.832580490869265,0.286302202349925,1.0045636294326,0.659646949065351,0.452858811376636,0.645304335190193,0.16371750172158,1.31152301964894,5.17572604650766
0.582914290491237,0.023901257665953,0.0846400056089104,0.26846095520475,0.353578922735288,0.107621233010221,0.433527316224909,-0.0670162607888796,0.319031648407424,0.535104044554034,5.16101155607412
-0.488726870595678,-1.28651665124142,-1.54573100104971,0.0806730206806695,-0.791581724797852,0.0623231269743307,-0.191576151195849,-0.68071218685179,-1.14549918620584,-0.80586234738125,-8.18446440462428
-0.70313465410691,-0.295021486957112,0.351445553544671,0.521399278685136,-0.208851340448557,0.507637453464628,-0.44377510644827,0.447905308185291,0.473483875120323,-0.614106645233135,1.68772649944854
-0.103530495729248,0.791855914554893,-1.00334994675261,0.253941638035038,0.556034026705919,-0.133824535528579,0.398925881017356,0.742303959461014,0.454445219129225,0.997224838470389,4.84124500617488
-0.136587449972107,0.448736681664589,1.0831237917388,0.420432838890924,0.0730648269421798,0.901747053756732,-1.13839809377154,0.386931860609807,-0.927072931045868,-0.0749773484029932,1.97068540224084
0.400609812645852,-0.366641678168474,0.793007626312598,0.272867886365524,0.295506623548121,0.12967342789098,0.354095431606203,0.898961950235897,1.05346101161073,-0.721391139613807,4.73014841219713
-0.829453185668739,-0.892765110844444,0.250986692047199,-0.283462357915328,0.100558355369981,-0.965660603126354,-0.268992591323872,-0.589057343571461,1.32968757119538,0.631103072395627,-1.91424832987979
-0.159201975491865,-0.242276169054534,0.610838445341088,0.0852424073363877,0.296784428878233,-0.251668961412867,-0.573623589081451,-1.79577043734416,1.3905031969564,0.0231912918365503,-1.2667919865463
-0.159201975491865,-0.161115316798314,-0.727575670458725,-0.308789709730924,-0.646293684239095,1.13272766912816,-0.466020503047467,-0.0625866871011235,-0.248404141493673,-0.358901806477362,-1.01807156018685
-0.388823266182301,-0.811406374167733,-0.238957551453405,0.335334322338164,-0.594883190785264,-0.650447958151069,-0.514547256508222,1.19072171963556,-0.543603740229709,-0.358108299344964,-3.13868434553723
1.44980752151493,2.55287626219791,1.52240189601142,0.238698392255008,1.26422231591611,0.889417544042153,1.18227563800816,1.48071612755442,0.653910908007828,0.682389948988375,11.922411921205
-1.42455292150442,-1.63586855972762,-0.924683300290826,-2.03601360635722,-1.81042169428542,-1.99240676896048,-2.11026245316716,-1.1008093165275,-1.58124547253128,-0.77045195856728,-14.033721318725
0.54355261361913,1.36138179210724,0.548038895414838,0.53247059225685,0.16814525741517,-0.0127856361485926,0.176180599534136,-1.04169496728878,1.21477099353761,1.56663339694997,3.92813947218094
-0.830666244663728,-0.892765110844444,-0.058333835623415,0.369314021262614,-0.63610126586022,-0.210329578708341,-0.282323617624456,-1.67252136100042,0.048734258955532,0.809378066654371,-5.51263986793739
-1.30754900448917,-1.46576182588347,0.639918782792173,-0.583608107672216,-0.323411933597142,-0.455007843024167,-0.537882450180697,-1.67255391782457,-0.612501373143483,-0.79872764310697,-5.51740690553271
1.9783407548946,2.00197164144505,2.10924318424059,1.615879556765,1.58629232709721,1.67595922277697,3.1773533914143,2.28610253710769,2.08158795543161,0.869793344491884,20.0284881081376
0.346478770376472,-1.37937530961458,-1.27762425816282,-0.541188890362637,-0.255816630632595,-0.0899229609792335,-0.378551460838095,-0.811324980553825,-0.779738475818208,-2.33169018471833,-7.07302926803627
0.194188441992314,-0.460864154687341,-0.522088003538808,-1.17597365559887,-1.59472486110766,-1.00320268808892,-0.448866374502946,0.337817367777522,-1.51575297568301,0.0685965625403601,-7.68579736226433
2.1333326423698,0.611123611392088,1.99673807932141,0.308147375461555,0.915801688793647,0.53203073167743,0.665982553744597,0.897774531827901,1.34793158645548,0.250364128692169,11.5571111802695
0.771579329555579,-0.508356673912889,-0.848942763503595,0.530113708305236,0.746366122761486,-0.0876018578219923,-0.597716296260253,-0.00448232697843262,0.785321321970315,0.26182412959771,1.74344367589303
2.89602649506224,1.85430434030879,3.54971519077833,2.88495537574378,2.92215069706866,2.97615416043088,2.49050849578745,2.74122483680001,1.89792838126464,3.31166854881332,25.7162120475078
2.17360184570063,1.1582491172345,1.10646349213316,0.596242617353991,0.315418532266453,1.02375486427836,1.12373714111632,-0.203924776232516,0.620551757006757,0.688225915292591,9.23890877398408
-1.01818505760308,-0.591939129119025,0.42518340995389,-0.653853259257402,-0.468176438828025,-0.264760566422109,-0.297118921887531,-0.576725848819583,-0.365392102082042,-0.369860848581197,-2.78087574982555
-1.31087800471298,-0.255686671131792,-0.229386100767624,-1.64087486028677,-0.714334791120886,0.0954568990838188,0.106439939610591,0.493525810118034,-0.0682731221834962,-0.562499853088053,-4.11866391021908
-0.364259228253111,-1.25233482664007,-0.0941583322904236,-1.24289806679211,-1.10927132111207,-1.56347003492966,-1.75530602729097,-1.08622577647793,-0.627329785212762,-1.73620629889876,-10.5745218203341
-1.23614662970857,-0.678240224637871,-0.228328587665749,-0.714323500389665,-1.35805030763582,-0.75924361108691,-1.30334824492691,-0.329917463972161,-2.36765735143403,-0.917676427505373,-10.4859577541994
0.1362200049827,-0.51660315488315,-0.662241468803248,-0.739556201905,-0.0833008718846168,0.0996801525530829,0.434482189880641,-0.622277423266467,-0.471393725747013,-1.29887712169828,-3.47165674259812
0.110220977772482,0.0925329724095873,1.85016801710252,0.34568345263008,0.304743060896685,1.04604518403035,0.357272841283377,0.317870026487854,0.687286296090659,-0.570142518732861,6.53791671308693
-0.735840678668054,1.00866944054817,-0.482726052199818,-0.481091085294782,-1.01796666425881,-1.4157437975656,-0.618819726709915,-0.359031363546159,0.106564581883177,-0.684461301230169,-1.89268972022626
1.05841872817647,0.926611048450974,1.57258456357543,0.800963952170883,1.31933195539936,1.53712961854825,1.46620425391309,2.46830686386602,1.60425540508929,1.04060505560551,13.9643630209783
0.29505049819189,-0.0299276242519131,0.821553730895437,0.27641705122841,-0.835162733398663,-0.09030144186512,0.610476872510388,0.449949677307964,-0.784817490951034,-0.614106645233135,1.34620813820325
0.346478770376472,-1.40526019667362,-0.128599114061908,-0.171257805871135,-0.502567997293501,0.628175868647124,-0.539754399933862,0.751714849327379,-1.02976172480062,-0.0730111260382307,2.39009907433388
0.490554376047631,-0.458496292827177,0.673735512701107,1.36127726505978,1.06168194846856,0.338407803791296,-0.0609486305871785,0.863689559924507,0.579402729938068,0.884244641806207,7.73861548541819
2.55597428549336,0.315881642932386,0.768729118070398,-0.0639748877018694,0.923394864045412,1.6538169943686,0.354929515084553,0.604031016186303,1.34793158645548,1.78157401986505,10.1403527020415
-0.829453185668739,-0.892765110844444,0.250986692047199,-1.18567109840772,-0.593764901697264,-0.0632240956839388,0.305453722591046,1.19072171963556,0.50959702234585,0.089891926782842,0.549208366081005
0.115417589293867,-0.0184400499335847,-0.147031764723346,0.33613614756426,0.608856275626615,0.311298731998968,1.2282397207825,0.48874944643395,0.138690804132727,0.40575519148438,5.48191364747814
-1.01818505760308,-0.82062789238275,-0.762680469758641,-0.804208286367177,-0.959360998215434,-0.395248745971016,-0.519230552540542,-0.495397213272305,0.0770140385234425,-1.03780498248294,-5.65775053261259
-0.580208188428075,-1.30678560679963,0.0423701312691099,1.10365342466444,0.525654801645201,-0.277600505011808,0.137919407519397,0.798798864649752,-0.816449623319338,0.145533167013264,-0.138501091458673
-1.19656745786041,-0.730675868675271,-0.567321336892741,-1.29416800658921,-1.0938272450159,-1.64041960056434,-0.633653109707716,-0.663630462668404,-0.550443466559886,-1.26526949580648,-10.4859577541994
-1.24164198074696,0.51896130234354,0.231448930207287,-1.76334648839511,-0.614197758419617,-0.560896692135053,-1.0184570667901,-2.54477748749815,-0.973043782427506,-0.633401888776388,-6.27910446449712
1.5054024971457,1.34803478692176,1.28216442929542,0.971841167970686,0.915801688793647,1.96588700454259,1.07989609301074,0.884592137682088,1.5267955738269,1.05470618993951,14.5445494577771
-0.941095693000905,-1.99901705878841,0.599070393245698,-0.679547093021768,-0.257639787313843,-0.560016782179995,-1.82205256854654,-0.731727905673572,-1.31838114754146,-1.57080992969635,-8.71579625594039
0.879011840570209,1.39717613427854,2.2901620942982,2.10666624059977,2.03148694003796,0.569383950468193,0.434329186645116,1.84607044998594,2.04029438892296,2.11734413702825,16.3909480579765
1.24026388504299,0.772075428089986,1.22825169115383,0.44024940788287,0.92879288026433,1.14845153789707,0.552297715377705,0.810658681175556,0.2640789429287,0.314627946069138,7.9530561657483
-1.83452056256531,-1.54917763693146,-2.51329678773296,-1.16653947620241,-2.09574186355915,-1.72543048788804,-2.12112084579438,-1.35240567835375,-1.67293980811539,-1.19848747397643,-17.1676540266387
-1.04572123143868,-0.503177191858004,-0.229386100767624,-1.78765784661336,-0.750524198575239,-1.18166041008877,-0.351660326065165,0.00801924561016803,-0.659785588243629,-1.03780498248294,-5.42257805630705
-0.941095693000905,-0.0424970591470403,-1.30391604072429,-0.193566241426084,-1.01961789078706,-1.30240921934518,0.220685857480639,-1.48566431019933,-0.989197264636739,-0.402110767258969,-5.42257805630705
1.21181360394692,1.36121051076763,1.49004048399237,0.971841167970686,0.477061880198134,0.87921752808249,0.228320661598869,1.20727625757525,1.7673512138627,-0.0841890169272558,9.11937503006644
-1.18923756151379,-0.310193604587429,-0.362394053124137,-0.319668201363061,-0.9851232710813,-1.08281029286726,-1.82205256854654,-0.329917463972161,-0.624315707540275,-0.459864762741735,-6.26616896111746
-1.18848468073297,-0.570862085826608,0.636153518486028,0.0836623125108704,-0.58809912366531,1.20318968952483,-0.316123707362874,-0.916589198618254,-1.4669782515445,-0.361579046634675,-1.62810861999287
1.77487963039506,0.87374937054478,2.15371492209705,0.739932641391671,-0.265000664623721,0.719839360849755,0.631546930176096,0.811903755836403,1.551505373744,3.08931089845024,12.1411837539396
0.764123061071993,-0.508356673912889,-0.992642478720826,0.706067165440373,-0.34473367906536,-0.855733404531524,-0.0618613795616833,-0.329636009404163,-0.854194612739319,-0.787184431940163,-0.878878659800726
2.57093293892066,0.837150333574192,0.864616124238087,0.831090237621789,1.67860940837426,0.889417544042153,2.36088988767823,0.721027325802539,1.5731725673028,1.82147781998144,13.9643630209783
1.72389273216447,1.07668101319994,1.93615390374891,0.0488997757845513,0.170478128579049,0.85333154119075,1.19739625264728,1.60829091575448,1.13377198696717,1.3668222074621,9.33550761460054
0.214067533373485,1.40310900309802,0.955835837749761,0.715578333009925,0.416227545622435,0.675952368651319,0.0850337944286219,0.751396086147484,0.0421888706879783,0.542959682562647,7.38964063021465
-1.00093592202114,0.558637126294294,0.832580490869265,0.26846095520475,1.06396705206351,-0.234985879857106,0.374577405114416,1.16380954129515,0.407215455474247,0.936510618848602,6.74532375129831
-0.790331263899782,-0.0744449302756679,-0.0797607497991355,0.127588485539227,0.41689558469582,-0.2122055698864,-0.474015350985242,-0.774654696731575,0.503536177586058,-0.0895286298667901,1.21295629540372
-1.40723698248506,-1.58679903375845,-1.85326557519042,-1.0790953691935,-2.48690865096306,-1.90329442837694,-1.32458555346776,-1.01967293708296,-1.11370812739433,-1.49260726640276,-13.017850317667
-2.04227081215646,-1.41255352278428,-0.143886928769212,-0.102318300190109,-0.941269217250545,-0.283362932337775,-0.432478765383986,0.337817367777522,-0.292238652410154,-2.33169018471833,-5.49000819327395
-1.82521277652945,-0.550955928797746,0.888707102269265,-0.979752937718959,-0.206435475088244,-0.806222250029774,-0.879190281308689,-1.29685778529864,-1.52279305284438,-1.08608275649547,-7.80650875697589
-0.247345191113964,0.351893512337922,0.468768979654079,-0.403883933370019,1.54378434829957,0.0168585056630089,0.927762568259534,0.462920851957883,0.129908250521575,0.550050363183028,5.46967366702395
-0.735840678668054,-0.278139882733469,0.351445553544671,0.691614899714338,0.0763061256968768,-0.723186438057345,0.0883297104551713,-0.761702238850824,0.451323923628493,-0.787044007379142,-1.29845431073953
-1.52797508925013,-0.545358023800306,-2.27967698346947,-1.62478778932398,-1.15331208650233,-1.42790008068107,-0.750914246583026,-1.75988900412659,-0.31875538252017,-1.50331840530968,-10.2018653469021
-1.3521346442734,-0.823810885906788,-1.97854925725045,-1.94097192259268,-1.58113414506993,-1.29486915635402,-0.221602113500938,-1.57734761452249,-0.610304060817388,-0.427297192223391,-12.8407476824542
-2.43915977730428,-1.07807210103723,-1.09749376868639,-1.58543012703666,-0.844571758677774,-1.9531920583177,-1.14688929538279,-0.375154855927032,-0.958736995142343,-1.36614998951643,-13.2124556714796
-0.103530495729248,-0.209348894263079,-0.727575670458725,-0.308789709730924,-0.646293684239095,-0.655301289131014,-0.64192508216733,-1.11915909481209,-0.679234272084188,-0.0830905394877229,-3.58297161842748
-0.997928840670636,0.558637126294294,-0.863934736620297,-1.68876677209453,-1.36424271440252,-0.823385602950338,-0.32800694509816,-0.361554105253424,0.0770140385234425,0.809378066654371,-4.99955859474133
-0.715286053653527,-0.932264237328849,0.703797801419203,-0.419306806659586,-0.316375859435228,0.823432982773414,0.563595677234969,0.243863634386499,-0.734607567908238,-0.866517954701701,-1.01807156018685
-0.059223071640002,0.687929640514125,-0.652948182604604,1.2072661402662,0.690225567877602,-0.398047965331068,-0.525282877114136,-0.323590244658841,-1.21973050082496,-0.207299871744807,-0.497505875254164
2.17360184570063,1.10164350983713,0.454832274320852,0.708670750586684,-0.124011998319375,1.24255603433657,1.14482898024957,1.52851452761005,1.28054311302878,0.963912246736206,12.7838408022106
-0.0213667880095788,0.425791089213177,-0.225608075236555,-0.204165725590199,0.296784428878233,0.486265091739455,0.170589724204897,0.430457669288015,0.780643232299988,0.171809795174642,2.00251490367191
0.673411746750016,0.495464055483594,1.62096377582937,0.721233084711607,1.08471657587237,1.26839690906723,0.799858204107037,1.60829091575448,0.83657139807403,1.8639062972043,11.5776055016993
0.110220977772482,-0.0184400499335847,-0.548212711961043,-0.0976563688549978,0.41145405913842,-1.01001071384992,0.240379127638411,-0.88972031960723,-1.14296965450142,-1.51381515542489,-2.59860239430781
-0.790331263899782,-0.0744449302756679,-0.0797607497991355,0.127588485539227,0.16984655010292,-0.703542292505656,-0.240143694927335,0.0154008318151414,-0.471393725747013,-0.9734710552481,-3.96058921792786
-0.322733734345688,0.583672690422566,-0.327200736918902,1.05919044311896,-0.0126319485100168,0.820384315765813,-0.79764305529009,-0.386604134022727,-0.191315086940857,0.441495818168581,1.61310901150289
0.892276653011419,1.96707829997549,0.598624495099208,0.77205990493559,-0.346110543948107,1.00254228153778,-0.325699497726353,-0.668242789744181,0.129908250521575,0.597685176810915,3.92813947218094
-0.427578494788819,1.30803369298661,1.65428016914303,1.60092967449509,-0.23309886690634,1.11367100153476,0.630261908814916,1.39666108138271,0.275767683492022,1.12244004224791,8.86277479627517
0.410232600406638,-0.573593185358663,0.153240560947879,1.2072661402662,-1.02155960498488,-0.854961176042231,0.156618151668871,-0.88972031960723,-0.00250975445644758,1.04739691932391,2.03233367004721
-0.561750453062289,-0.526408231058267,-0.358856607486747,-0.703402753007873,-0.614197758419617,-0.217671049939853,-0.610020939049118,1.27829885993304,-0.495084220290025,-0.787027751339672,-5.51263986793739
-1.82521277652945,-1.54917763693146,-0.917636625749659,-0.831367960741499,-0.447325663500823,-1.19811818372015,-2.15890724249303,-0.870872931920778,-1.20928806863526,-2.12452240476712,-10.2018653469021
-0.0724921444172599,0.719450772377677,1.24983353479765,0.114860698198286,-0.140528609393083,0.659646949065351,0.352194927683686,1.14936552634344,0.45866834129942,0.612572838801933,6.04306405801579
0.110220977772482,-0.0184400499335847,0.499755663328313,-0.573267014709321,-0.969874415154876,-0.65804419422551,-0.144638624746491,-0.398499446330025,0.80914980714636,-0.18850034897981,-1.43075170670354
-1.25019471154656,0.51896130234354,0.231448930207287,1.67460945584441,0.373029172802991,0.963681611411996,1.19380088463524,0.889644005551392,0.423829104655379,0.753852671359101,5.65964992091034
-0.709226344362782,-0.00267577979321756,0.356633417153669,0.248778412078864,-0.593955707928293,-0.16339047397653,-0.603852391850232,-0.517028122866375,-0.562003870539891,1.15364726935387,-3.23143310179495
0.104885682684945,0.731628282766307,0.142775151032267,-0.316188949635628,0.872880274477364,0.143400379222906,0.230332291152668,-0.488371311150651,-0.557051810360368,0.114778418432373,0.563853919488485
0.750965906656329,0.392822372192084,0.507924806234162,0.56155322769495,-0.0422744380094594,0.901747053756732,-0.341757492220232,-0.693910491309096,0.836249288447427,1.12531451261573,3.77974222258008
0.671238744387748,-0.620139365801184,0.183564703468974,-0.12742622503939,0.159610939840328,0.0594281502967166,-0.44377510644827,0.243863634386499,0.769389169355253,0.27925474834584,1.09377284511397
-1.67521154088106,-1.20452803819916,-1.65230998179394,-2.16433243926435,-0.995791335422283,-1.0560031576035,-0.411325136796393,-0.244653637175021,-1.96056584126312,-1.6852443667048,-13.2124556714796
0.59917031615575,1.82139983181765,1.51678248483158,1.74037953464764,0.921414889376372,1.53712961854825,0.944493068767402,2.46830686386602,2.05862378680227,1.01043824779978,14.8493533000132
0.400366867743311,3.21541442326744,2.51895378426821,1.23565178367339,1.79950360105504,1.42092299169364,3.1773533914143,1.01084331017689,1.30742919388103,1.4950937905559,15.1598759572656
-1.83452056256531,-0.550955928797746,0.226334590816834,-0.50009770511935,-0.654955850309037,-1.04955009343207,-1.26271786630775,-0.479264796063899,-0.197437430607377,0.114452382841624,-7.07317282492947
-0.481520628583229,0.18282648984011,1.35540981308789,0.542576939005805,-0.286240752807838,-0.147439818375331,-1.02686643441296,-0.659695941548096,-1.0004476891787,-1.99064731314372,-3.55558679911429
-1.24579908397762,-2.0318418803735,-0.63326587529727,-1.42955208073708,-1.05229832076305,-2.02364326037871,-1.77502409036515,-0.975950741879098,-0.720265403780787,-2.12452240476712,-14.3225204629315
-0.762520397445996,-2.6110930089299,-1.67430139336948,-1.67811146156654,-2.51498823957736,-1.47490051345099,-1.55577345554319,-1.05050104116735,-1.73928627601735,-0.367665980797744,-14.1984902195826
0.257516112376257,-0.0376606883302022,-0.0144106341370113,-0.204165725590199,-0.34473367906536,-0.525885851541459,-0.767783157277681,0.300902492698897,-0.587267280410558,-0.499299320575937,-1.74785804789647
-0.415516596082117,-0.765169338784143,-0.121428347324804,-0.449392142205076,-0.424707371921792,0.250980201772753,0.46395677716537,-0.0625866871011235,-0.671222178723718,-0.288755341214141,-1.48944305839195
0.447856492999771,0.793229379463259,1.10355310705474,0.761365001304459,0.521136923923988,1.15304339868791,0.545440540269164,0.0964643512528868,0.525247708418389,0.254765949144933,7.43910441802544
-0.136587449972107,0.174909606060104,-0.0373938147027317,0.399614485161939,-0.101512425790241,-0.730107456702161,-0.0643270749152409,-0.761702238850824,-1.14296965450142,-1.04621751134641,-1.69436998677473
-1.6071087261414,0.228904458587478,-0.3956370234,1.01144019936251,-1.13589088375991,-0.600894127569307,-1.09225382255162,-2.2282371044249,-1.52279305284438,-1.83476716346708,-4.61795142181404
-2.42140157056594,-2.00696702564638,-0.737255792140277,-1.21075237038287,-2.7965692548554,-3.21486562076963,-2.32656623638183,-2.74219533026018,-2.47043928909222,-1.76916613176662,-19.690361610858
0.444199741215048,0.229731673297687,0.796753917081048,0.366697686817801,0.226244474639545,0.369200830865706,-0.0175085281592861,-0.712731497194075,-0.227519554569796,0.540481274208782,3.18737516654156
0.291714496470314,0.131829558399486,0.177536444011955,0.38910889170587,0.270342679605051,0.5997850375082,0.287155269719565,-0.165553176589318,0.866355313769708,0.318775771409237,4.34092232098077
-0.762714648408716,-1.03647602881878,-0.762680469758641,-0.63173383792997,-0.0493796337019985,-0.0899229609792335,-0.852124542537115,-1.16492369887416,0.754686233916593,-0.234347632754817,-4.30664059458474
0.490554376047631,-0.458496292827177,0.793007626312598,0.063899407189578,0.298285663876071,1.36130794800429,1.19380088463524,-0.261059888208955,0.836464713856668,0.936510618848602,3.92813947218094
1.07423652548106,0.568390334916197,-1.4996029060178,1.41863738827605,0.408194915300264,-1.2603566310676,0.0293948216442815,1.47081755927018,0.697619742022964,0.532538438399253,2.43161291342018
-0.962010613007717,-1.06850270956036,-0.169625972781607,-1.21363716863382,-0.303108956502961,0.0879695560662125,-0.366405446691822,-0.118469966896461,-0.724352993294265,-0.341963184574458,-5.30992866897101
-0.427578494788819,1.30803369298661,0.837915265738083,0.717521976911723,0.622515802169781,0.535555533848873,1.05920473551164,0.782354567834313,-0.470635242206475,0.636456856561925,7.70329443865289
1.07423652548106,0.568390334916197,1.02310149424013,0.738332127967025,1.59091470188827,0.865943182132613,-0.230874963634824,1.2964640790557,-0.185006869175545,0.792584966638622,8.34365625674967
0.905984534942096,-0.325815158351187,-0.351336855475478,-0.720871817791782,-0.108369792455765,0.507637453464628,-0.882746186921611,0.628567432595362,-0.101283220801089,-0.438105328010757,2.03233367004721
-0.735840678668054,-0.278139882733469,0.680636455006333,-0.361546038416862,-0.123644815923309,0.484434430107291,0.0300799951445898,0.447905308185291,1.12184266300048,-0.275971383356835,0.43192240167991
-0.879678265574222,-0.847363776363964,-0.14767577154308,-0.911265161167232,0.304670724024445,-0.806222250029774,0.183223317871977,-0.759699294316278,-0.630519773953345,0.485210626865183,-2.78087574982555
2.46607646868685,0.688954132690147,0.823221895786994,0.66773015970275,0.869640378593758,0.822949044614399,1.18356018283598,2.23977898343888,2.83873564193873,1.01043824779978,13.6002287213284
1.06358452909963,0.741374477395352,-0.651144193912126,0.169335462274958,-0.175871775232483,-0.0304411001013003,0.650130917656889,-0.488371311150651,1.08416444820142,0.482291949937989,4.41193481620693
0.630866339686447,-0.000111053166900598,1.10955510971174,1.05768121010428,0.294398431321959,0.508877967478549,-0.123026417128989,0.477893334663448,-0.866677326498031,0.492206766821701,7.58340058078902
-1.50476624146163,-2.00990533084427,-0.806281877740243,-1.42390271866902,-1.17997026536493,-1.2595954139373,-0.293826201405162,-1.09007880960915,-1.20928806863526,-1.67283268358208,-11.0166820223835
0.166761416383341,1.4888337424484,1.33085421654331,1.62755135941701,1.34083851564282,1.53393347614739,2.36088988767823,0.475516230180146,0.783047479597743,1.14764207950526,11.922411921205
-1.17831085708572,-0.177441215063431,0.382047669499347,-0.261509305993424,0.197874182611868,1.18673548574737,1.23885723457811,-0.271138091091018,-0.563177606210415,-1.66690648543155,1.24891370081823
-0.830666244663728,-1.23799676758108,-1.89186362630478,-0.862365528278068,-1.35006092986369,-1.85114746236398,-2.04901582620649,-0.375154855927032,-1.46152834562891,-2.2265450087724,-14.1506669270617
-0.463772391643332,0.352640475623194,-0.81938061670172,0.706067165440373,-0.0169926595740474,-0.855733404531524,0.968392331061799,-0.194815464346956,-1.21720463756286,-0.358108299344964,-3.34970336558892
0.583008366455176,1.16475369665262,-0.0279182651199452,-0.121132725661089,-0.483523726368514,1.24531478049902,-0.326473866889876,-0.79876259500222,-0.305209256852201,0.126136031184667,1.87527892687054
-1.19723614168418,-0.730675868675271,-0.567321336892741,0.220304868157961,1.07347435196063,-2.28629817459603,-0.0137608690171167,-0.801913337609028,-1.14549918620584,-1.56665112810336,-7.22521707149217
-0.228178733151,0.967088615740576,0.703194668081094,0.606273717795328,0.39358071655227,1.01534315504433,1.869683669518,1.37589652925375,0.902722651648862,1.22128531157749,9.66107479295342
-0.566853345162655,-1.07891513392762,-0.21433639381814,0.13668877119167,-0.289855962174939,-0.529445362868694,-0.273843505534223,-0.300242921709787,-0.821986275357011,-0.922003532363618,-4.81733107796514
0.0203430243632427,-1.18315478289445,-0.847650886424184,-0.0449780589398081,-0.553428689349334,-0.651507125644296,-1.58766266299753,0.610403714025857,-0.823327791558162,-1.29698920104835,-5.79993529373382
-0.663043946193005,0.08103150944875,-0.502707701703436,0.0611374870749199,-1.00460085159799,-2.12681910686712,-0.567834844574408,-1.05356568942323,-0.574229176297548,-1.62117583637659,-9.10999258509237
0.178728523535104,1.18327997874802,-0.292869450562698,1.40332223564405,0.861441864655941,-0.317940155515071,-0.326473866889876,-0.595886453533135,0.180736617061778,-1.00181229581053,1.60851838731081
0.368216473917663,0.0540119176070651,0.600330806667894,1.40332223564405,-0.0534094458804566,0.901747053756732,-0.341757492220232,0.858061588045167,0.314363616599491,0.613911388569518,2.84303015948265
0.561168009435129,0.0821120220050842,-0.00862015084901356,0.272713037992797,0.8546310691799,-0.455987465953361,0.907226861055569,0.226831214109743,0.421304244448153,0.597685176810915,5.20240303116452
1.92799758696294,1.04556408225563,1.50966563884748,0.336154357810756,1.11755131910102,0.833687927256392,0.924840646779365,0.789257362641372,0.629347746257937,1.09921956605123,8.57200329296693
-1.40498275864024,-0.149756240968442,-1.00110001770608,-1.53976510192104,-2.18255221655467,-0.509255250831218,-2.15631397119692,-2.4159014658821,-1.59505781163052,-2.46368684503601,-11.2805338642714
-1.18848468073297,-0.310193604587429,-0.629408195870046,-0.798203881488849,-1.10927132111207,-0.600737621005866,-0.501076694383114,0.337817367777522,-0.525332072645604,-1.29698920104835,-5.78841844327293
0.485635153888658,0.269326596184555,-0.838010035709864,-0.512571662341212,-0.175132414797065,-0.0715123868103246,-0.456186650350488,0.528981380968983,0.591363845686929,-0.274850008471503,-0.667839319793081
0.0757054619913879,-0.074787597402606,0.183564703468974,0.419823091218317,-0.563555763311456,-0.144595496513734,-1.22811052018706,-0.0983257175950236,0.183380640448211,-1.47216388746836,-3.15888829801937
1.03741678518371,0.705057796209946,1.33085421654331,1.1742745040871,1.6235571550312,1.37029959004587,0.665274831720131,1.84114067635429,0.83031556289393,0.429609652774718,9.33550761460054
-1.04303173047007,-0.675516006340915,-0.14767577154308,-1.62701464860716,-0.303108956502961,-0.527107536217343,-0.588871476122317,-1.38945733115684,0.233188575614263,-0.603338456840135,-6.21917075120221
-1.67992894480028,-1.20452803819916,-1.65230998179394,-1.96668629494709,-0.844571758677774,-1.41345810461756,-0.221602113500938,-1.75627708241037,-1.48453649026039,-0.73031492216471,-9.57671699915082
-0.0685182785836137,0.875517968802935,-0.276335842773414,0.963509167026193,-0.467154099946015,-0.851992670584999,0.277241988954296,-0.194815464346956,0.938001276525783,1.09591808331341,4.68892685447086
-1.75769263238005,0.125600256517896,0.336210452734784,0.278331997724493,-0.502567997293501,-0.780569762738273,-0.0614484216884834,-1.12412681641725,0.284298556721588,0.59307163384275,-0.659410217494156
0.143523565694037,0.268584031843714,-1.28755181069926,-1.09587262082295,-0.313566663418677,-2.12681910686712,-0.501076694383114,-1.62371738483046,-0.953416499155569,-0.158000730807496,-8.24972762534669
0.431412220707773,0.553222171411092,0.735959083160463,0.124346759985049,-0.140528609393083,0.442373301764057,-1.21429123020327,0.43252787032599,1.18787516666727,0.872420782942237,7.58340058078902
0.331238146469144,0.48396762295921,-0.167453892057138,1.87241238501541,1.78976359363674,1.12938753861612,0.546945264451779,0.312035872078379,1.21931840969523,0.339121529905446,7.9530561657483
-1.73740355235284,-0.674885933122641,-1.56218705519123,-2.03601360635722,-1.17280501218057,-0.727188632467103,-0.324615254219803,0.126127733523655,-1.31838114754146,-1.83476716346708,-9.76479543441301
0.194188441992314,-0.460864154687341,-0.522088003538808,0.127588485539227,0.362402874724127,-0.854961176042231,-1.77707800811056,0.0265856306518124,-0.135647676284244,-0.0161777413705545,-4.12336279122685
0.333409815268914,0.6618186428939,-0.196227985982928,0.100542427821773,-0.872030029319605,-0.0518410827338862,-0.351235393167554,0.209070832419586,-0.142006406731846,-0.283086747974827,-0.439129070196114
-1.23970559032444,0.51896130234354,-1.85390193948353,-0.804208286367177,0.0859054325003233,-0.980748000185906,-0.961244590216648,-0.605654306091819,0.950661476359761,0.0155252331873468,-3.98032447862965
0.988694305386582,-0.699894030258797,-0.541225244754377,-1.1081466831743,0.16984655010292,-0.866096404925419,-0.188816940772047,1.37271287171854,0.510804513176671,-0.0774064640454382,2.14587067386778
0.750877372760736,0.816019353724954,-0.140020619387287,-0.626994643003234,-1.37137922593874,-0.855733404531524,-0.734580536385062,-1.17940880480115,-0.178161246580134,-0.525021322438684,-3.23613791524949
-2.04227081215646,-1.33712308414822,-2.51329678773296,-0.959609033400947,-0.989084560597066,-1.49104094677506,-0.793561173361804,-1.12552451164016,-0.610304060817388,-1.35274668782053,-11.8857428431432
0.321562774072565,1.15186046873123,-0.647313947210581,-0.350659719607232,0.124814044613572,1.83803277310169,-0.341757492220232,-0.712731497194075,0.652835518550712,1.32355151102417,3.04822401303393
0.257315638539187,0.94257916840248,0.608112564584514,0.204120359470905,-0.488761060593433,-0.330861933265232,1.2282397207825,-0.43089454809685,-0.0425930999028458,-0.241311637686938,1.9639309232058
-0.269537378436645,-0.954400148535572,-0.617632127808399,-0.385630630135564,-1.33998888286192,-0.576094355813081,-1.44567938912089,-0.608545356280775,-0.574229176297548,-1.0578715596451,-8.65364314049351
-1.73740355235284,0.125600256517896,-1.36744462440885,-1.52459314673225,-0.868628206977733,0.293889593145166,-1.80868720470498,-2.12909023188078,-1.4616320635562,-0.736979940448824,-10.5745218203341
-1.67992894480028,-0.121247104597499,-0.058333835623415,-0.258561690572611,-0.0820504682689134,-0.914311872311068,0.305453722591046,-0.601971883623937,0.355018079475354,-0.0730111260382307,-4.9010975986476
0.960105042953666,0.530606154953871,0.649548547898861,-0.327057179213736,0.835730914516559,1.45230137052771,1.20431421726907,0.561360080681295,0.275767683492022,0.732572029967718,8.26626386396501
-2.01379196523319,-1.60537873047676,-2.13415596612605,-1.16653947620241,-0.778720178844805,-0.514329068242278,-2.1958023123125,-0.375154855927032,-1.6700354475227,-2.29702428367327,-14.8193739320906
0.673411746750016,1.21387874322223,0.327190985489792,1.90973362655253,0.279573533987609,0.675952368651319,1.10337932937759,0.851279165597529,0.348741843042869,1.12244004224791,8.27293614200349
0.85792756619307,0.669645728365362,2.16697539358271,2.15771390642425,1.67860940837426,0.0227223686918051,0.892193234810047,1.34739029313646,0.395568295813131,0.245876514805634,10.2445431212791
0.481439106709319,1.71154712082218,1.94671753646667,1.57788230863111,0.921414889376372,0.198246371582234,0.939016786105086,1.82496992659698,2.05571381039581,0.648185158521255,11.922411921205
-0.790331263899782,-0.0744449302756679,-0.0797607497991355,0.179846488986929,0.41689558469582,-0.415879450892802,-0.190428157514686,0.56856533826558,-0.308736910819244,0.168408480369007,1.55225335339071
0.1362200049827,-0.701979923948571,-0.715606586399012,-0.879225344382596,-1.13469096764698,-0.681777836860182,-0.537882450180697,-1.67385214896667,-0.882642059852197,-1.12734552296587,-7.80650875697589
-0.108419279410686,-0.840431406258613,-1.33426121315518,-0.4269920697884,1.07347435196063,-0.22657793647312,-0.231988710706337,-1.27677071011269,-0.715734780232551,0.207104879175611,-4.11866391021908
-0.0320905063148541,1.80639768293812,0.788177070940625,0.715578333009925,0.54938718549685,1.2682239876297,0.546945264451779,0.334043864435697,0.972325392277277,0.530785360558985,8.34365625674967
1.59847331451614,-0.772230037914596,-1.00334994675261,-1.61692181439396,-1.13589088375991,-0.249143576139591,-0.753671161358115,0.493525810118034,-0.127505006843177,-0.0161777413705545,-2.77302364507892
-0.941095693000905,-0.0424970591470403,-0.563555792203924,-0.49657214689816,-1.31037399338513,-1.18166041008877,-0.916930487710278,-0.300138440431773,-0.659785588243629,-1.53990283996746,-9.54036547901961
0.955816295566861,0.822251015291717,-0.0279182651199452,-0.0790621406399464,0.184746663355622,0.083374942997393,0.534463611215736,-0.332499389510467,-1.09113161662922,1.01764855639628,3.81051927402792
-1.54830413382785,0.723307501688303,-0.448951223183797,-1.16176811680727,-0.214422987741981,-0.732221154543755,-1.18021756893628,-0.552707456078799,-0.776353834053475,-0.0239338972882056,-7.06933714448505
-1.80266327092852,-0.212409593963248,-1.95254078857697,-0.0706389544735178,-1.10835742644156,-0.68424254850824,-0.651908355236925,-1.86210847649357,-0.612700458503707,-1.98985147164476,-9.80535782697681
-1.83452056256531,-1.21661166428527,0.783104337507294,-1.19786724987906,-1.01025165744415,0.695362297275663,-1.54595987707711,-0.81472849130422,-0.322656440719292,-0.850556178920126,-7.48145493059822
-0.389303785864828,-0.865432648620105,-0.254777590522159,-0.323412220918361,-1.93176979974171,-0.225443731146255,-0.186400520660205,-0.336663942828312,-1.45938012257567,-0.733628200145433,-9.30944553713882
-0.00237144590856508,1.52549008653126,0.623915407040415,-0.359638960478575,0.768664125806604,0.660408207262807,0.783633299114761,-0.149919684138827,-0.827299409324998,0.00251353585278746,4.16499528848571
-0.517214967325609,0.210462115839794,0.80610424316021,0.74761786984929,-1.06752250746901,-0.144595496513734,0.359451358824561,1.22583382127541,0.57188626575284,-0.264527373795014,2.48888605856282
0.0203430243632427,-0.489432013133112,-2.04699657508549,-0.204003263698151,-1.94682345169069,-1.00415333568116,-1.93202552537821,-1.17300258017459,-0.0941676567211961,1.19329971592282,-7.30185460489309
0.576178644447566,-0.83673685329974,0.350180779168598,-0.757570308991158,-1.18544043593871,0.203663524278745,-1.10184619059383,-0.547232819487177,-0.450085557611519,-0.658602711892008,-2.94958811743081
-0.682187592909824,-1.61582789402349,0.226334590816834,-0.127511819368561,-1.20090883852367,-1.04955009343207,-1.67702110320826,-0.809970460056726,-1.94570050069245,-1.10556631489326,-11.8435535522523
-0.0548226686434274,0.35630805448294,-1.24141592288013,0.0611374870749199,-0.443957480530369,-1.09979192033423,0.384933442274503,-0.172105795362648,0.289750936462988,-1.30385368369017,-2.05710203522904
0.881283902106123,0.605982458560171,0.116260032159293,0.420432838890924,0.453227546264541,0.316836436083878,0.365830480966602,0.791498395605273,0.797829568706331,-0.0648818495140266,6.53791671308693
-1.52797508925013,-0.595234962776908,-1.45666467093792,-2.31800251100203,-0.908069434527669,-1.85114746236398,-2.97892609273701,-1.07908852619995,-1.75373384589008,-1.37646903658525,-14.1984902195826
-0.0784189339900176,-0.162234114255566,0.0621260991898872,-0.361546038416862,0.305352360523207,-0.723186438057345,-0.531786967376384,-0.404411574899517,-1.0004476891787,-0.878716734975242,-5.88564867413112
0.472903612576437,1.36093912360576,0.788177070940625,0.715578333009925,0.436274052054882,0.675952368651319,1.33602062702646,-0.284787417266003,0.300427078582291,1.28437190780682,8.54197296324008
0.0113163718830504,-0.528407724146152,-1.05572084471528,0.369314021262614,0.391217442040854,-0.731958834968041,-1.48033269587221,0.33214106384972,-1.14296965450142,-1.19132596688072,-4.30664059458474
-0.375588922484183,-0.885716822880482,-0.254777590522159,-0.323412220918361,-1.93176979974171,-0.225443731146255,-0.879190281308689,-0.956658135476778,-0.320387646482312,-1.52060182790071,-9.95293958579868
-0.382791991200986,0.34771977882668,0.793007626312598,-1.15447776137932,-0.593955707928293,-1.08952367818537,-0.0247975360296284,-0.612190195590473,0.709656109911685,0.271284527484896,-1.71915542120464
0.771579329555579,-0.508356673912889,-0.541225244754377,-0.54867981630562,-0.00445822266794746,0.0990865832422557,-0.0379183487402584,0.858599972220236,0.0477418214815635,0.55723553137403,2.84231104109668
-1.01497606652667,-0.591939129119025,0.42518340995389,1.23360805470915,1.04301871336304,-0.482331306581887,-0.573623589081451,-0.0893036997209887,-1.10244706057911,-1.20833258228858,-0.830730969646409
-0.517214967325609,-1.15112335760126,-0.20586454008684,0.13668877119167,0.100558355369981,0.39850497437371,0.482389065922394,-1.4624229788309,-0.562003870539891,-0.658602711892008,-5.71094840155502
-0.709226344362782,-1.20406565039197,-1.02088602646433,-2.44909964520671,-0.814769463610644,-0.061029376198996,-0.866873928171471,-1.40180175833029,-0.612700458503707,0.303567035338873,-10.5100941749362
1.34998700765248,0.951524990509229,2.2901620942982,0.308147375461555,1.23302053582944,0.889417544042153,0.892193234810047,0.789257362641372,0.107329318016313,0.381457625258238,12.0489892577398
-0.941095693000905,-1.99901705878841,-0.933088993871816,-0.541811353518646,-0.516493793822535,-0.370336691788174,-0.740199784228278,-1.64815632531875,-1.94570050069245,-0.248380408011497,-8.50659542690592
-0.790331263899782,-0.636634041517604,-0.138793618465098,-1.18949008837494,-0.412146001717536,-0.651507125644296,-0.537882450180697,0.402307413037729,-1.53244995906541,-0.104741386286728,-6.42437731135333
-0.770713439509089,0.0272383778626469,0.821548446403303,0.461456303180872,1.54378434829957,0.99417190561173,1.579647484907,0.986361220893961,1.64179113754882,-0.0526130920612737,6.27655165356757
-1.67992894480028,-1.20452803819916,-0.272297572472261,-0.531417185442443,-1.70553028931998,-1.36726722831844,-0.411139472582781,0.130906640372537,-1.39828457161823,-1.32380444530377,-7.65596431189803
-0.595654817393958,-0.0705787351035508,0.231448930207287,-0.599585122154336,-0.534811492638072,-0.332266275432638,1.08627912846019,0.325211304212282,0.120046783777964,0.55507072189327,-1.15658417073016
3.34339945113158,1.85430434030879,3.54971519077833,2.88495537574378,2.10335491692098,2.08059854303005,2.96699906926444,2.74122483680001,1.89792838126464,2.65676225741886,25.7162120475078
1.10106491164079,0.170115440006682,0.76416432263621,0.67462997167339,-0.608162872964678,0.285209232123932,1.59452501838104,0.160056822033737,1.25046063710811,0.254765949144933,7.04817829926469
-1.80266327092852,-0.212409593963248,-1.95254078857697,-2.03601360635722,-1.43478878923372,-0.899450299705532,-1.15567929790016,-0.152144094434751,-0.919702360671296,-1.65010880772279,-12.3360085548074
-0.521658329722068,-1.97793340478784,-1.47857345015921,-0.896999267657708,-0.418859104442109,-1.26766940331202,-1.01000935117305,0.0349477036785851,-0.320387646482312,-1.08608275649547,-9.38611330329569
-1.82521277652945,-1.21661166428527,-1.85326557519042,-1.21075237038287,-1.3217350185355,-0.899450299705532,-1.62262931580639,-0.914519826870608,-0.958736995142343,-0.73031492216471,-11.8474724115077
2.17360184570063,1.10164350983713,1.46496410258998,0.490292224509746,1.95143095886685,0.0227223686918051,0.892193234810047,0.812168180933045,1.38795589099127,1.41595588322119,13.4391074527939
1.11061992124331,1.7090784245521,1.28216442929542,0.72847735769307,0.170478128579049,0.354993189256521,1.22810413788951,0.810658681175556,1.70492894661704,1.5274102611824,12.7838408022106
0.29505049819189,-0.157579865137267,-0.589813276259646,0.691614899714338,1.03577880738076,-0.398047965331068,0.385391974508401,-0.79876259500222,0.342675008886794,-0.0608822797485084,2.84231104109668
0.431412220707773,1.24185269261282,1.33085421654331,0.124663579091985,0.907816210539977,0.0590560805300696,0.106337704421231,-0.487407247965806,1.3265381173522,-0.164378208094358,6.9631942385504
-1.01818505760308,-0.781130076620792,-0.426832891717073,-0.589610941564994,-1.10927132111207,-1.24202313907317,-0.116856051771115,-0.0614429646127927,0.0953332615948262,-0.508802300933892,-3.1411373348499
1.38553466063689,1.41719075001982,0.672922775100224,1.48504893502599,1.29769485169214,1.41988329498254,1.20807192386924,-0.106356035082843,0.864615668957346,1.03411774358197,11.3874385595163
0.151261983212081,0.0118241054100144,0.899540396510091,0.27641705122841,1.90343218133511,-0.47974050136968,-1.21429123020327,1.51508474752192,-0.827299409324998,0.944644761615338,5.20240303116452
-1.94460472398324,-0.919077636592803,-2.18208198206722,-0.987108019825383,-1.76866048002502,-1.49104094677506,-1.11171097213282,-1.68306011704518,-1.18816819965089,-2.46368684503601,-15.315127098645
-2.04227081215646,-1.33712308414822,-0.917636625749659,-0.896999267657708,-1.72304823534202,-0.727188632467103,-0.944766884141092,-0.0674533369049519,-1.64303553310415,-1.00009888965237,-11.5891831057895
-0.385931872788616,-0.811406374167733,-0.97522239569955,-1.0896409604738,0.964911869645021,0.0821901947971796,-0.47070156048482,-0.504449199154727,-0.526092682897375,-0.689285564022737,-3.28956495660462
-1.73820467426141,-0.674885933122641,-1.56218705519123,-0.0706389544735178,-0.941785323451204,-2.15446450020157,-2.04385369701294,-0.152144094434751,-0.627099311105034,-0.748616301468338,-9.59743406882203
0.879011840570209,0.32941038758986,1.65720637088746,0.320678027960323,0.775287335692264,0.867907254586043,0.202830897055198,0.266387621725172,0.0233649764273369,0.326919036420881,7.70329443865289
-0.72700695381551,0.526005570581897,0.771903908609084,-0.350659719607232,0.296784428878233,-1.19340661565837,0.355144812088915,-1.01909000105125,-0.504405790480831,-0.0349385313169691,-1.06994907999758
-1.17126261632619,-0.310193604587429,0.0211571125165332,-0.137973724205254,-0.234013118488793,0.0821901947971796,-0.278197048565255,-0.504449199154727,-0.626738916819294,-0.211601485548719,-1.69436998677473
0.206949504630227,0.370506556088595,0.127777396405152,1.36127726505978,-0.478065840708948,-1.19340661565837,-0.649985691678124,0.383811912572296,-1.16887035668561,0.0731853449387165,0.497925249745591
-0.712403727380997,-0.00267577979321756,-0.0452685230540658,0.233463279974202,-0.175235805458952,-0.360110155389183,0.968392331061799,0.218269282435389,-1.21720463756286,-0.660866810947904,-2.86388484101725
-2.04227081215646,-1.33712308414822,-0.63326587529727,-1.42955208073708,-1.15331208650233,-1.38651097658793,-0.750914246583026,-0.509794636421943,-1.80971597513785,-0.646254401085503,-10.7119312668006
1.15916540096805,0.288527804336609,0.236122342469952,1.23016372116199,0.734407767974559,1.2682239876297,1.28675895408988,0.562018605625208,0.348741843042869,1.20560905767391,7.31508652744597
1.17203380796836,1.44326770635244,1.06140378903565,1.15406427842462,1.23302053582944,2.09712773282626,2.31647767989037,0.647256687432076,2.1380268997582,1.15195920316288,16.4340398212372
0.447856492999771,0.793229379463259,0.853514705094733,-0.105174517700149,-0.17764182727877,0.777711759412633,0.832470575016625,0.791498395605273,0.405372402856137,0.566820732844253,5.44711291691129
-0.704507108681128,0.16033056156,-0.920878709106538,-0.658380514514779,-1.13469096764698,-1.18166041008877,-0.650831773590185,-0.0614429646127927,-0.384446315608259,-1.29698920104835,-5.34120311771018
1.59005996480356,1.99001818412327,1.03008309722058,-0.0245672765304044,0.913048053329045,0.941679664041706,0.248950969276362,0.851279165597529,0.929938637973732,0.659341540945728,6.71161595915107
0.166761416383341,1.4888337424484,1.33085421654331,1.62755135941701,0.930341145456607,0.432983931062131,0.552297715377705,0.0684159213889596,-0.0565373940344981,1.61875924321504,8.46645001684768
-2.43915977730428,-1.07807210103723,-1.67430139336948,-0.932909294063911,-0.914231577562865,-0.983316564394427,-0.261552853146632,-1.46173613588961,-1.14173658819041,-2.33630678757149,-9.57671699915082
0.892276653011419,-0.325815158351187,-0.871128224532994,-0.0976563688549978,0.619234470873059,0.820384315765813,0.678977302427558,-0.693910491309096,0.277747236298991,-0.161534923098053,1.81660220067597
1.61863369488784,1.33329334061254,1.57749722717213,0.892308727301965,-0.265000664623721,1.14845153789707,1.14313823506278,-0.10951521952903,-0.431487497849973,1.41365940739315,9.35700780925242
0.625389219370573,1.36194785129264,1.79214013631633,1.47927823055367,0.29623233742851,0.673704512348085,0.531536087683834,1.71016009727303,1.39257818864337,0.245876514805634,11.4509359157282
-0.411406936208869,0.179447395980369,0.789434600099582,0.114924817865188,0.489750471303595,1.10227056472913,1.59452501838104,-0.182923289167846,0.836464713856668,1.18918206328066,5.94149570893499
1.84141335834614,2.46557522277179,2.06380833310958,2.74166298042583,1.91744466707547,1.83464105911316,1.02677337781183,1.01084331017689,0.129260739244303,2.00183035925352,15.4473284719574
-0.643337756899826,-1.61650725835029,-1.00641064827361,-0.776790946685882,0.222422413481174,-1.08281029286726,-1.19126216395534,0.455044887386759,-0.595279690453035,-1.04832536774829,-6.26616896111746
-1.06465406903124,-0.366544721589228,-1.25651690147723,-1.49431539575103,0.213030882902742,-0.406748701367397,0.539887378244385,0.305191452160688,0.389019479655549,-0.760992803809468,-3.21990992972435
1.13333278668341,1.34232994671381,1.19347638109691,0.743887378622406,1.37402012914224,0.670242649210615,1.18356018283598,2.23977898343888,1.41024479191459,0.776152375828234,15.1815593149327
0.0203430243632427,0.0676235631463753,0.0327685906018637,-0.902893424119648,0.362402874724127,0.656028174146408,-0.303775571544713,-0.415201807447616,-0.388387473370052,-0.787044007379142,0.87842894015508
-0.493416227257394,0.107129130156286,-0.888332696892125,0.497077989297303,-0.0787857339632689,-0.547090055690711,-0.0676621343742199,-1.19434610505613,0.590635166622903,-0.110792653712879,-1.68594957748001
0.485635153888658,0.389302319361368,0.142775151032267,-1.59706440120898,-0.108369792455765,-0.473658404924111,-0.176975162827956,-0.773563065210969,-0.222123232623601,-0.0349385313169691,-1.74785804789647
-0.561750453062289,1.02872110091313,0.0938700648940189,-0.403883933370019,-0.163501961965113,-0.684743819153803,-0.795575318930228,-1.59121197176977,-0.0384600808234097,1.00406618658471,-1.54033958658316
1.02778912672777,0.705057796209946,1.10064776124741,1.1010071526171,-0.0620543223337955,0.67862310515998,0.0850337944286219,-0.182923289167846,0.314363616599491,0.0835360725315096,5.0257704096987
-0.0539353608089593,0.664265828114246,0.558240616661523,-0.0758662063154485,-0.487858138501201,-0.0630037481638438,-0.797333343743865,-1.07932842735036,-0.135647676284244,0.0731853449387165,1.47903136062439
-0.677762051091168,-1.61582789402349,-0.658948206855224,-1.16414622840618,-1.28945965314777,-1.13346627965885,-0.678597881999245,-0.423643456462589,-1.37406150729995,-1.35190648849585,-8.87303490312302
-1.14493564635313,-1.0308123262449,-0.944577268927409,-0.617328995583075,-1.22399554916794,-1.51665318178612,-0.843774603912499,0.130906640372537,-0.197437430607377,-1.27612417504657,-8.42622262648797
-0.103530495729248,-0.209348894263079,0.350180779168598,-0.540579786934676,0.657726835358625,-0.0838059235713293,-0.153027236083418,-0.856589452773644,-1.5428335498753,0.180059083092173,-2.79623761787211
0.580366744187534,1.87570339980693,1.51678248483158,1.1767109948942,1.29769485169214,0.833687927256392,0.170650012696773,1.37000251301412,1.81487434550371,0.117748102273665,9.33550761460054
-1.23970559032444,-0.678240224637871,0.022948554736156,-0.319668201363061,-0.847284132868806,-0.0730472255051139,-0.378551460838095,0.488035168372318,-0.613628185335159,-0.369860848581197,-3.55443481366955
1.68024549924123,-0.909249922463696,-0.482763134286948,-0.0253915003478149,0.284283847808813,-0.253074194248001,-0.882746186921611,0.649207444453987,0.604097143207184,-1.09454463579523,-0.439129070196114
-0.388823266182301,0.155571111320634,-1.53296502149069,0.13668877119167,-0.960960943701474,-0.427822931371626,-0.297118921887531,-0.230784814216021,0.0835990157952116,-1.00591969912424,-3.69687729923909
0.903628515600329,-0.325815158351187,-0.351336855475478,-0.720871817791782,-0.108369792455765,0.507637453464628,-0.882746186921611,-0.563705466293121,-0.318508994893569,-0.523152912539191,-2.18054303009775
-0.790331263899782,-0.636634041517604,-0.138793618465098,-1.18949008837494,-0.412146001717536,-0.651507125644296,-2.36636359945777,-2.91698863396035,-0.839364393253936,-1.40352879836555,-9.43881547604762
0.460870960143005,0.253257092744695,-0.551843853100277,1.0029483388186,2.0525431117889,0.543174015264199,0.858442176910104,0.403386661161709,1.22847151207845,0.0844721714410059,6.50703360997856
-1.73820467426141,-1.56382267529072,-0.0656802734772946,-0.885959490293187,-1.35006092986369,-2.2516656181902,-0.758851068690215,-1.75988900412659,-1.55964018227391,-0.743161828349724,-13.2124556714796
0.646046507484337,0.589121047037229,0.76416432263621,-0.233044314035307,-0.101813752731183,-0.455987465953361,0.907226861055569,-0.427112427554684,0.321727776295393,1.12531451261573,4.53026168910297
1.7985295667293,1.85084275467585,0.774879408366775,1.57788230863111,1.95029488052824,1.73827680988078,1.68546762830311,1.03155172852868,2.52828219227595,1.02638083437485,15.7373908471623
-0.70541596587419,0.16033056156,-0.920878709106538,-0.658380514514779,-1.13469096764698,0.0954568990838188,0.0146273493016021,-0.576725848819583,-0.0682013294427826,-2.29500074063735,-3.81299602663505
-1.01497606652667,-0.82062789238275,-0.762680469758641,-0.804208286367177,0.0688276826314179,0.390442311209705,-0.816110748786765,-0.811528595135319,-1.51575297568301,-1.27612417504657,-7.22521707149217
-0.643337756899826,-1.61650725835029,0.888707102269265,-1.68876677209453,-0.862726631447526,-0.192938699608973,-1.01233082572567,-0.590937432344986,-0.488874489106881,-0.038168478926145,-5.78841844327293
0.903628515600329,0.747499923451402,1.58957413283936,0.622234981970612,-0.272893718862845,1.09528684121286,0.657206342681336,1.42581214681506,0.904941457780872,0.0406213332356287,9.28213468675508
-0.0112955441569682,-1.40885095284011,-0.877621797396806,-0.505939756153431,-0.412146001717536,-0.261120353709058,-1.12003247171827,-0.4681311942743,0.111750100373627,-0.17027850668501,-3.27115919287491
0.0163297454655349,0.0676235631463753,0.0327685906018637,-0.707250290624972,-0.346742742620247,-0.244605126205342,0.394495730499969,-0.125543022272247,-0.175090976841247,0.441495818168581,0.320951709774589
0.0757054619913879,-0.074787597402606,0.183564703468974,0.460440936276217,0.173152702874819,-0.253074194248001,0.340764639594288,-0.277538748351464,-0.516000906908794,-0.566456314498886,1.39068801158091
-0.32965759530605,-0.621149773046208,-1.11261343142454,-0.0449780589398081,-0.553428689349334,-1.17709943275848,0.0525254349101399,-0.68071218685179,-0.902637439187923,-0.38795064375227,-4.62505425774139
-0.829453185668739,-1.23799676758108,-1.89186362630478,-3.2116615871521,-1.87687781898248,-0.94733720688146,-2.12622348181162,-1.05050104116735,-1.4314866819728,-1.49260726640276,-13.9394636543217
0.368216473917663,0.0540119176070651,-1.28755181069926,0.0611374870749199,0.0498519935221682,0.115871814519489,-0.466020503047467,0.154482745414782,-1.28948835468788,-0.480469302819112,-3.92394496147054
0.750965906656329,1.03099563294383,0.121983904487028,0.116311134119977,0.622515802169781,0.544049879194713,0.467173412754975,-0.487407247965806,0.16371750172158,1.18231384440114,2.7167528422229
0.0343901916742881,-0.186941551868269,-1.00948014257617,-0.723979421204421,-0.168650150311828,-0.914311872311068,-0.753671161358115,1.27829885993304,0.223515959093507,0.0284143088551159,-1.68594957748001
-1.22228633157067,-0.90212599485815,-0.778416141756515,-0.771140045382435,-1.3171898287411,-1.13346627965885,0.0198192884464406,-0.731727905673572,-1.52279305284438,-1.19068377633469,-9.31483621558759
0.77966855497971,1.72081582516144,1.61465070444977,-0.122335334593469,1.6235571550312,1.80829672321328,2.4413466082988,1.15263041225008,2.14644930129087,1.32233315803793,16.7629042869556
-0.455980306336873,-0.57109144139517,-1.59666448587962,-0.798255455285411,-0.952751714458924,-1.75617067327579,-1.75006381331049,0.126127733523655,-2.16682160202656,-1.10305537193495,-8.25306723778106
0.0230711095460098,-1.66255964234157,0.250986692047199,-0.301310498446572,0.555903198665794,0.137124963049576,-0.799008490171507,-0.11939326688044,-0.729716755818401,-0.562499853088053,-1.62810861999287
1.47658613801456,1.59013529445519,1.05955593188088,1.74037953464764,1.4481228085412,1.77595365614229,1.32476803565314,2.26877333251637,1.30742919388103,1.01043824779978,15.7808971826012
0.63037910863969,-0.000111053166900598,1.10955510971174,1.05768121010428,0.294398431321959,0.497967939865688,-0.123026417128989,0.362391808377182,0.129908250521575,-0.21174396418127,8.35797400680133
1.1161937943064,0.071324162001047,0.700090432542605,1.00014769262438,0.455708463005839,0.338407803791296,0.227581293896538,0.0483925160319041,0.699291758134997,0.481637724739822,7.80017183587708
-0.493416227257394,-0.92851491343711,0.0211571125165332,-1.13540274226874,-0.69491126567681,-0.651507125644296,-1.52919414655608,-0.814425686533915,-0.624315707540275,-0.480780362346631,-6.0725355775119
-0.0320905063148541,1.80639768293812,-0.605398547699386,-0.376714251076121,2.0525431117889,1.45643354107956,0.239244128189894,1.25841069698181,1.02879016787897,0.215527338725917,8.71453357418579
-1.17831085708572,-0.177441215063431,-0.681048016543395,-1.19786724987906,-0.304354127180653,-0.531246968300611,-0.909343448869312,-0.605654306091819,-0.5436861243322,-1.58768910327984,-6.76817854979801
1.12570820807736,0.106880568078979,-0.676481644457702,0.534062936018815,0.0519710901607458,0.0594281502967166,-0.607162279110521,-0.441118821428294,-0.235171654527554,-0.18850034897981,-3.11615315407822
-0.829453185668739,-1.24428475035933,0.00555784150586477,-1.74988008466077,-0.916584572732435,-0.447648708476409,-0.96125542044845,0.455771574169692,0.388856512401206,-1.09036545597476,-5.78841844327293
1.13333278668341,2.55595104943694,2.51895378426821,1.23565178367339,1.79950360105504,0.569383950468193,2.21593595134754,0.848615166035311,1.37414020842482,1.20186975790567,15.5725860007898
-0.114405650402876,1.17627159218215,0.51328298431234,-0.624764611067853,0.418894262404294,-0.256883826595202,-0.246572464263758,0.559030533756865,-0.153304807543012,0.542970904739151,3.07906533840493
-0.222058850726692,0.955068567704298,0.06721629965954,0.109977179174494,0.262956433604358,0.378480939862976,-1.14276050372931,-0.639731858249126,0.994454344885034,0.26182412959771,0.800560900755419
0.26072892119698,0.94257916840248,0.853514705094733,2.4488403408546,1.6235571550312,1.28834329248441,1.54544118569098,1.29373206610709,1.0829484126811,0.250364128692169,12.4022551244214
0.364333133412881,0.0540119176070651,0.0998961363086344,-0.165858441563502,1.06701509914388,0.102469652551574,1.04289447063145,1.54170917496169,0.87301033045098,0.482901769698853,6.0592399358794
0.0328212808752043,-0.248624496473066,-0.0687000719047214,1.67460945584441,-0.872030029319605,0.0945820953695931,-0.0580499797065477,0.831731098090465,-0.927072931045868,-0.0854457073049704,-0.881710508409586
1.9783407548946,0.138252815198072,1.14551449224935,0.769264125194381,1.6235571550312,1.80829672321328,2.04819211238301,2.25514673180491,2.52828219227595,1.02638083437485,16.2314168307028
-0.441606904074676,-1.18716630689134,-0.21433639381814,-1.99330202226027,-1.78611230553888,-1.26766940331202,-2.15890724249303,-0.570224204795766,-0.456411277081478,-1.83476716346708,-11.8852583810207
0.6647791052516,0.856274465522958,2.13125507484845,2.15771390642425,0.315418532266453,1.20033301816947,1.57165201477088,1.97601540024276,0.83031556289393,0.117748102273665,12.1411837539396
0.194188441992314,0.412180312127821,-0.654290084124173,-0.111223490713981,0.746366122761486,-0.65825921097455,0.359451358824561,-0.491534315122805,0.769389169355253,0.580828224488611,1.54100352240126
2.55597428549336,0.688954132690147,2.11199614119215,1.83753072484691,1.62566968031156,1.42092299169364,0.902422371282318,0.571980459857914,1.94524865410548,2.00183035925352,17.0610741253619
0.955816295566861,0.822251015291717,-0.0279182651199452,-0.0790621406399464,1.09714339483019,0.428550749292007,0.889690680493456,0.708394166892761,1.40991946425074,0.0906217831192944,8.14143836205231
-1.73760920081742,-1.56382267529072,-0.63326587529727,-0.800944781147892,-0.157462876528353,-1.39817924287103,-1.39377525274624,-0.132348174078157,-1.31399838460915,-1.83476716346708,-9.43881547604762
-1.73820467426141,-1.56382267529072,-0.63326587529727,-0.800944781147892,-1.5361447548147,-0.68424254850824,0.264592883126778,-0.878832120485291,-1.81782294253267,-0.50488988213095,-8.50659542690592
-0.231724345018297,0.967088615740576,0.268132326344578,-0.196976485144313,-0.0126319485100168,0.0594281502967166,0.170589724204897,0.449949677307964,-0.927072931045868,0.0969783741912168,2.51839298675309
1.27397669171959,-0.116917295713066,1.36893623889242,0.77191833585427,0.372349060484086,1.67772998779761,1.19456977328186,0.309874177215694,0.904941457780872,1.89351181378121,11.6946388662019
0.334362854688783,-0.596078757068046,-0.0192380769755421,0.0817894441917088,1.27749158397515,1.28977813704868,0.121063452922888,2.00046957642356,0.0702320095661947,0.481637724739822,3.35428864783963
1.92799758696294,-1.35502768691929,-0.225608075236555,-0.757570308991158,0.643757868459772,-0.398047965331068,0.836767176799761,-1.14514596941689,0.212684730774047,-0.14008848712742,-0.367091810344237
-1.07401894023698,0.274257001772894,1.11958156601413,-0.524580641270345,-0.346742742620247,-1.31632204614017,0.132174674128097,-0.0304371937080284,0.560836742234291,-0.696481728532598,-3.34970336558892
-0.103530495729248,-0.209348894263079,-0.727575670458725,0.857181871459069,-0.449167284288477,0.159290753102141,-1.47396756568986,-0.072283597793573,-0.495084220290025,0.767523698990023,-1.43075170670354
1.0456602514965,1.19643806644366,-0.070630112484922,-1.06810298371769,0.467377356102373,-0.711309170747077,-0.557942016319566,0.243863634386499,0.604097143207184,0.859495841564737,4.30895323701674
0.143523565694037,-0.174813467959482,-0.102517247365542,-0.361546038416862,0.41145405913842,0.486265091739455,-0.597716296260253,1.73018671332088,0.872957413046162,1.18231384440114,7.58340058078902
1.47658613801456,2.55287626219791,1.52240189601142,2.64870450280046,2.88585097363724,1.83464105911316,2.66381273438858,2.28610253710769,1.73348225287174,0.869793344491884,18.8621668785488
-1.05070809500967,0.623908714424266,-1.2245602106693,0.639739273341133,-0.621922340253935,-1.79039116143415,0.752969206965249,-1.61500336886018,0.111750100373627,-0.228116118570162,-2.85716916645197
-1.52797508925013,-0.595234962776908,0.00555784150586477,-0.814311298581081,-0.304354127180653,-0.787290153695172,-0.681706684386486,0.241243335067647,0.284298556721588,-0.146265116562974,-3.28956495660462
-0.388823266182301,0.155571111320634,0.153240560947879,-0.592744608043558,-0.443957480530369,-0.352566124666749,-0.935080626596115,-0.759699294316278,0.709656109911685,0.404687938179834,-1.06994907999758
-0.715286053653527,-0.932264237328849,-2.69972043338683,-2.16433243926435,-1.17997026536493,-2.45298944274273,-0.833772469676307,-0.473236819232589,-1.62379422111587,-1.4609095832766,-16.5230321481235
2.43465527146852,0.688954132690147,0.823221895786994,0.922491104885952,-0.0194290948295157,1.08002396606499,-0.210258853138597,1.53625924651072,0.929938637973732,0.200631681802624,11.3770315040442
-1.25019471154656,0.51896130234354,0.231448930207287,0.30843772869868,-1.16409262315385,-0.529445362868694,0.933886520549859,-0.0625866871011235,-0.854337795852537,1.07697287730086,-0.774342456861157
1.84589386648385,2.17698346674466,1.52240189601142,2.64870450280046,0.214965976910286,0.857727457343353,2.21593595134754,1.83525917102476,2.52828219227595,0.98608238209126,18.3475633125331
-0.0190353795012824,-0.578026641889388,-1.03162084383228,0.0641715320103578,0.717621288841072,0.00428579849853861,0.321208499016322,0.375144736310542,1.30816290238579,1.26400870277605,3.81051927402792
1.02368874563104,0.0965956043581844,1.36893623889242,0.53247059225685,1.44342505402191,0.11840329291735,-0.309156658918688,0.160056822033737,-0.272844967200091,1.18918206328066,6.0592399358794
1.7985295667293,1.85084275467585,1.03008309722058,-0.0245672765304044,0.718381623934114,0.87921752808249,1.14313823506278,1.82638331016841,-0.405424002487168,2.49669387093013,10.3089970459878
-0.284675523748214,-0.229037390812013,-0.790868361855684,-1.18567109840772,-1.47300222278481,-0.821841146377009,-1.62892855382465,-0.141084879155604,-0.574229176297548,-0.0784738984812718,-7.13489853025934
0.988694305386582,-0.699894030258797,-1.07436354722467,0.0611374870749199,-0.354999995296171,1.20318968952483,0.375283403303493,-0.43870118514334,0.246149899097147,-0.559998879735433,-3.11615315407822
-1.56709441516208,-0.794763731720101,0.226334590816834,-0.994412479193664,0.0603782980563472,-1.4157437975656,-0.399265115983319,-0.765038133757267,-0.452820381256534,-0.603338456840135,-6.6368667527736
0.836065799607558,2.48764851819212,1.37112307375887,0.449129628432918,1.34125082682325,1.4394277151753,1.07989609301074,2.06035486533939,1.5731725673028,1.04060505560551,15.3428520256986
0.0682662804557241,0.330597911690933,0.600330806667894,-1.17667977289403,0.629319458548133,0.5997850375082,1.2282397207825,0.434129902354718,-1.14159267666428,0.0246341543381677,0.818627745437641
0.849838779206534,0.940351602963538,-0.651144193912126,0.397043766890947,-0.140528609393083,-0.0619505661329239,0.776031560803312,-0.165553176589318,-0.226829658588968,-0.0958023989067114,1.9639309232058
-1.35396548225525,0.595208003806782,0.356633417153669,-0.361546038416862,-1.51592037999192,-0.0999186239637059,-0.14910793572765,-1.61872485169938,-1.48198748489133,-0.79872764310697,-5.79993529373382
1.05841872817647,0.926611048450974,1.57258456357543,0.800963952170883,1.31933195539936,1.53712961854825,1.53514822180648,2.47807179258066,-0.381937785017335,0.429609652774718,11.1011161660727
0.764123061071993,0.400398695053077,-0.700908706768437,-0.164555071550374,-0.331510630201801,-0.223369181607809,0.359451358824561,0.43252787032599,-0.311288095665267,-0.614106645233135,1.59799054892225
-1.83452056256531,-1.54917763693146,-0.359324807232917,-0.579008788104277,-2.89650216220173,-1.0560031576035,-1.60614658826091,-1.17403132430561,-1.75373384589008,-1.28291508755969,-14.3225204629315
0.773615862029015,0.400398695053077,0.435649461833377,-0.908719662029819,0.8546310691799,-0.576181738976026,-0.964595425291444,0.65839628885921,0.693756061415438,-0.79773477320329,0.365505939662319
0.54355261361913,1.68687238524118,1.94671753646667,1.26469364642969,0.901500131317497,0.833687927256392,1.57165201477088,1.47256865191628,2.35318895992579,0.554406532506605,13.4388537813456
-0.059223071640002,0.382774920809431,0.869322194256478,-0.374730447642134,0.425322892017023,0.280166406998439,0.0833361440306961,-1.14514596941689,0.832265425608153,1.56245325862178,4.42809537457563
-0.829453185668739,-0.892765110844444,0.250986692047199,-0.283462357915328,-0.289855962174939,-0.339625930660159,-0.64192508216733,-0.230784814216021,0.29938289914455,-1.18229817249339,-4.41606269901762
-0.577744184694449,-1.30678560679963,-0.567321336892741,-0.376098421046104,-1.10927132111207,-0.447648708476409,-0.183459717547574,-1.48566431019933,-1.27631140479501,-0.494786258915205,-9.10999258509237
-1.06845525836043,1.58231384043267,-0.290012271347081,-0.75363143306564,0.0763061256968768,0.254192850672861,0.101177767195341,0.616260150775445,-0.0535255400625301,-0.537824067588552,3.57073698538234
-2.73754622209267,-1.27233495726142,-1.55135531207167,-2.40324287304401,-2.77968224181967,-1.72543048788804,-2.04749113819572,-1.72750038827826,-2.31407368624327,-2.13745910195039,-19.690361610858
-0.941095693000905,-0.0424970591470403,-1.30391604072429,-0.903420756983829,-1.35805030763582,-1.13346627965885,-0.740199784228278,-1.83570730649385,-2.12503246600316,-2.12452240476712,-11.6088922350629
-0.126243851914458,-0.517669691413172,-0.0452685230540658,-1.0803131469984,-1.20318598202806,-0.995720761740786,-1.52919414655608,-0.0659012570891563,-0.583123769354437,-1.03780498248294,-6.97512952026702
-0.068456058224617,0.875517968802935,-0.276335842773414,0.971045556532605,-0.575134720484136,-0.830543583025717,-0.649985691678124,-0.329636009404163,-0.258958225902448,-0.262261727213641,1.51451256752212
-1.42455292150442,-1.64939472652467,-0.924683300290826,-1.16303315530054,-0.447325663500823,-1.51665318178612,-1.20063724127627,-1.95901117520439,-2.01243001642665,-1.0750149759406,-11.7273642435944
0.821452553145519,0.285435151779981,0.803199678086262,0.577366880826673,0.969206441736532,0.6410477499525,1.22324310829575,1.37589652925375,0.716124238771951,1.93391137800944,11.0412932998656
1.01908061736164,0.135430451484293,-0.277681918421176,-0.0171883895088285,0.418894262404294,-0.345331192645522,-1.02686643441296,-0.569003167901703,1.12184266300048,0.504461696508115,1.54100352240126
-1.82483946174007,-1.54917763693146,-0.63326587529727,-1.27533401322534,-0.535285914405356,-1.19811818372015,-0.868328041776144,-1.46173613588961,-1.20928806863526,-1.82139092102428,-12.9767932075903
-0.0539353608089593,0.664265828114246,0.232424873960616,-0.719893687529043,-0.548539029873824,0.484434430107291,1.10298109583929,-0.24137500063529,-0.611778075303541,0.55507072189327,2.94263392220989
0.321562774072565,-0.501170829508326,1.7812537773038,-0.469580104628854,0.0250703439069496,1.01534315504433,-0.111315698067595,0.431242460595348,0.578167867478653,0.813202987595202,3.05588530551719
0.405201268596739,-0.400332712150024,0.919884164552324,-0.00363727962338468,0.298285663876071,-0.670631674137116,0.0165950758848342,0.0863496303456291,1.16073492995001,0.00251353585278746,0.818627745437641
-1.40099887660054,-0.825055290940567,-0.97479554173716,-1.13483879936891,-0.868628206977733,-1.2763090836544,-0.207586255012154,1.27777247566268,-0.526965657437039,-0.353466840905309,-3.91982904509293
0.408880574897272,-0.400332712150024,0.919884164552324,0.79287284235443,-0.467154099946015,-0.240478490376739,0.385391974508401,0.22132377712797,-0.0535255400625301,-1.72592063854638,1.17647201729345
0.429305798833629,0.457571123613614,-0.583517962294943,-0.240540028486469,0.766470770416205,-0.0838059235713293,0.809970700606881,0.276949060375017,1.05346101161073,1.14567788403194,3.05588530551719
0.633632050275843,0.191861180599987,0.35067952762502,0.518577408619408,-0.175871775232483,0.107621233010221,0.927762568259534,1.67492647213451,0.808643604613043,2.0420270895047,6.47128285778233
-0.70313465410691,-0.295021486957112,0.680636455006333,-0.361546038416862,-1.51592037999192,-1.09979192033423,-1.26593528053637,0.0645751507491863,-1.67053876413079,-1.01570907382233,-5.73587923082648
1.28911184315615,0.398750999869787,1.63395670154594,-0.602415381988566,0.942052612647403,1.55772275606276,1.23718084695275,1.13079839629735,0.532834555268816,1.10814482586263,8.33248216816923
0.77966855497971,1.72081582516144,0.450163861788907,2.19459593745092,0.477061880198134,1.68648266136843,2.4413466082988,2.25514673180491,2.52828219227595,0.142936181555522,14.8493533000132
-0.645150028423248,-0.818673811841506,0.476089133534131,0.127588485539227,-0.562873666968794,-1.46879053072622,-0.108997920881958,-0.748744579726372,-0.238798447001809,-0.719222096086816,-5.94085778621233
0.1362200049827,-0.701979923948571,-0.488035159833042,-0.866853243178179,-0.971974326577861,0.134739371615461,0.364009211236097,-0.354512125153244,0.590635166622903,-0.872543264145778,-3.55027568358354
-1.12715953272241,0.0872323041067089,-0.827136876363305,1.10365342466444,-0.599451533066369,-1.4157437975656,0.0759374123246821,-0.764463449547516,0.29938289914455,-0.584481765295241,-5.73361279038939
-0.0190353795012824,-0.578026641889388,-1.03162084383228,-0.602243320213652,-1.31037399338513,0.0870297309329885,-1.05107599234389,-0.968222155829035,-0.446096739128469,-1.02585513094686,-5.65775053261259
0.0503801831099473,0.355208552980417,0.101022176191129,0.910142633562276,-0.510372575941436,0.611333339452067,0.864411045967521,1.14936552634344,-0.124864566813885,0.318775771409237,5.2883274733656
-0.561750453062289,0.117997694232975,0.610838445341088,0.0816195317522337,0.499427700387847,0.0592801801030916,0.385391974508401,-0.43870118514334,0.938001276525783,0.542970904739151,1.90408689433234
1.10162591313373,-0.304504722427977,1.11919116089573,0.204120359470905,-0.17764182727877,0.518728539103641,0.646301958132057,0.48874944643395,0.175643470352871,-0.283386088989845,3.75794250764054
-1.35996945750579,-0.939032753468573,-1.23403594079797,0.171849473767491,-1.76876166243401,-1.69846686275274,-0.411139472582781,-1.74614754797103,-1.35012736370022,-1.6852443667048,-12.1859780620806
1.34036063583956,0.951524990509229,0.623590897677829,0.668692348273674,0.92879288026433,1.68648266136843,1.14313823506278,2.23977898343888,1.41024479191459,1.71267806286188,12.4800210755872
-0.747841895145334,0.415341495122663,-0.250899447011822,-1.61692181439396,-1.93176979974171,-0.691929190133091,-0.567834844574408,-0.628029655117358,-0.334899665296994,-1.74597856484197,-6.09099887487192
-0.670893679117071,-0.24406851712984,-0.054482630766345,-0.022508963709077,-1.13589088375991,0.108056975971225,-1.57024203241486,-2.2282371044249,-1.97515142626176,-1.13444895564246,-6.32114514137867
0.831212465485806,2.48764851819212,0.557268206467058,1.54735436404016,0.768112628293361,0.432983931062131,0.892193234810047,2.35221677374581,1.77516043292914,0.47893205199408,12.3913101193926
-0.575430930181529,-0.522220985364428,-1.19254464705164,-0.840380606448106,-1.10927132111207,-0.370336691788174,-0.800382283979174,-0.898035674273347,-0.56436627694432,-0.386955198251462,-8.63286237403122
1.02778912672777,0.705057796209946,1.10064776124741,0.668692348273674,0.890247860788243,0.440710752787848,1.15556916329398,0.631548163154188,1.77531034888391,0.867554923068647,11.9680745609442
0.467207798531519,-0.0275127262680844,0.101022176191129,0.314144465884543,0.124814044613572,0.196758595049702,-0.246572464263758,0.819658239318456,-0.955033637520458,-0.998400366215738,1.33189546949586
-0.871353445288096,-1.21594239005853,-1.89186362630478,-3.2116615871521,-2.25173963656438,-1.47490051345099,-1.36742569051695,-1.1008093165275,-1.50885502287288,-1.49260726640276,-15.8661121908475
-1.24164198074696,-0.678240224637871,0.022948554736156,-0.602243320213652,-0.950117590997603,-0.440096050600041,-2.36636359945777,-0.526209502868977,-1.41024687365975,0.0392194697109304,-8.01095561051034
0.173160249251789,1.4888337424484,1.10064776124741,1.13854663352739,1.69361562593809,0.719839360849755,1.20055584025869,1.06892440107578,1.53439931522493,0.316595955538293,12.7838408022106
0.273608901548635,-0.405399581071744,-1.00948014257617,0.497077989297303,-0.00445822266794746,0.0419452930782921,-0.785529444149762,-0.0625866871011235,-0.734607567908238,-0.480469302819112,-0.731295245507574
0.26072892119698,0.94257916840248,0.853514705094733,-0.105174517700149,0.835730914516559,0.543174015264199,0.467173412754975,-0.487407247965806,-1.14159267666428,0.0246341543381677,2.00251490367191
1.03388442749047,-0.0291056670582751,0.837915265738083,0.665890653936615,0.969206441736532,1.12938753861612,0.022663917437401,0.712243180288035,0.857461457967783,-0.311584279331446,7.69553430022329
-0.738809447389871,-1.86201654388598,-1.42548821834132,-3.2116615871521,-0.911217303917364,-1.53158660649958,-0.438279984193041,0.662204142896973,-1.59208386053639,-1.10556631489326,-11.8474724115077
0.130425866149465,0.631321184488547,0.703194668081094,0.0371251685536199,-0.467154099946015,-0.189621606593653,1.63834933273013,-0.132677357145001,-1.39260124450479,-0.0887570740990262,1.1805826714834
-1.76974210132091,-1.7535983071233,-0.339702274076468,-2.11632673812752,-0.14089194362906,-0.843334660174611,-1.31739573158517,0.0441066854602924,-0.0941676567211961,-0.447077080540473,-9.45489395394825
-0.29374633979794,0.795642914682251,-0.154950315352394,-0.75363143306564,0.597886482818053,-0.533980855310444,0.589240668253191,-0.027155111399615,-0.6244097106056,-0.717183179397263,0.855566692016022
-0.0262651792203046,0.425791089213177,0.101022176191129,-0.00899610051449779,0.284283847808813,-1.2603566310676,-0.192189315151078,1.00198030889245,0.711970128256714,0.492206766821701,2.19201176887006
-1.53596368466167,-0.545358023800306,0.641063117936873,-0.979752937718959,0.0556821585436373,-0.332814964648847,0.71857093751924,-0.930761379807758,1.32968757119538,0.271284527484896,-1.13734247922605
0.0581705039740992,1.69236231570122,0.440803221531933,0.971193137122041,0.263657317443552,0.312823368291141,0.805416171984181,0.254622815395609,0.0233649764273369,-0.303212074538823,6.53791671308693
-1.82613492624669,-1.54917763693146,-2.51329678773296,-0.480677779594812,-0.844571758677774,-0.514329068242278,-1.95009424197923,-2.00185691653828,0.142793392480524,-0.73031492216471,-11.6088922350629
-0.96537518110744,-0.77139625996545,0.636153518486028,0.706067165440373,-0.123644815923309,0.507637453464628,-0.151564555692818,0.234976955407978,-1.02976172480062,0.419993326639276,-0.497505875254164
2.17360184570063,1.1582491172345,-0.455442343145903,0.755450078791989,1.06153488504382,1.81753456562826,1.57165201477088,0.27588901293538,-0.0541568182966176,0.215527338725917,7.5650913232065
-1.35575150994043,-0.939032753468573,-0.72990771359525,-1.62281895439617,-1.49990578610048,-1.69846686275274,-2.1958023123125,-0.473236819232589,-1.48453649026039,-1.44207364057374,-11.8857428431432
0.829967727424253,0.285435151779981,1.36893623889242,-0.139072013515199,1.28918330201713,0.104303346786462,0.467173412754975,0.113402302486807,1.69511388855292,-0.246258402368777,7.15061662070784
-0.222058850726692,0.955068567704298,0.703194668081094,-0.908719662029819,0.0419495458286195,0.378480939862976,-0.246572464263758,0.43252787032599,0.246149899097147,0.397324262260559,3.07906533840493
-1.31420809669503,-0.255686671131792,-0.229386100767624,-1.64087486028677,-0.714334791120886,0.0954568990838188,0.106439939610591,-1.16492369887416,-1.48198748489133,-0.958235570499548,-5.53970919748561
0.0122698593357733,-0.528407724146152,0.53873917583141,1.0029483388186,0.373029172802991,1.10227056472913,-0.338498651420187,-1.49987515872272,1.12184266300048,0.603098323163971,2.00251490367191
-0.135499530814289,0.174909606060104,-0.0373938147027317,2.06215684241263,-0.518891535296923,-0.473899684961559,-0.482877830549677,-0.194815464346956,-1.16887035668561,-0.358108299344964,-0.500433242396214
1.59847331451614,1.15339752757806,2.57154231335368,0.877456596640203,1.26422231591611,0.585637941421153,2.4413466082988,1.67248083552728,1.5731725673028,1.20186975790567,14.8493533000132
0.671123910898368,1.21387874322223,0.597193000243674,-0.646159017027084,-0.123722389567137,0.102469652551574,0.239693747019826,0.453880212669175,1.15730019462462,0.0136392186503428,5.4890979655781
-0.190903684270858,-0.184110204904972,0.832580490869265,0.363048882394067,0.113782377037357,-0.482331306581887,-0.478018169254749,0.649207444453987,0.442712507299849,0.0106794171356238,1.74344367589303
0.542857179177641,1.21743263432108,-0.651144193912126,0.28806927126139,0.467974459744144,0.5997850375082,-0.579005153182605,0.407116726812838,0.129908250521575,0.492206766821701,5.48191364747814
0.417681449461603,-0.573593185358663,0.170448257872188,0.279439934323609,-0.156385493729021,-0.825095127302014,0.242741768835134,-0.662524606126041,-0.85157393926119,-0.358108299344964,-3.15888829801937
-0.669529646876947,0.11939216303578,-0.920878709106538,-0.49657214689816,-0.0425116389034292,-0.81069591452924,0.276224842903064,0.352037168403198,-0.48243228887271,-0.358901806477362,-2.49662088793332
-0.575430930181529,-0.36194113817094,1.76502275325455,-1.17667977289403,-0.00445822266794746,-0.299909471399198,0.355144812088915,0.209070832419586,-0.826425055582044,-1.66690648543155,-1.48944305839195
0.178728523535104,0.241674483690848,0.177536444011955,-0.414928706779816,-0.544214719880066,0.0945820953695931,0.50506133205902,1.0111969825086,-0.113775131181601,0.96678927553587,5.08135561382199
-1.73820467426141,-1.56382267529072,-0.63326587529727,-1.42955208073708,-0.829014346695479,-1.29047851149945,-1.09050313377939,-0.0674533369049519,-1.96056584126312,-1.74128502068922,-11.8474724115077
0.331238146469144,0.6618186428939,-0.196227985982928,-0.350659719607232,-0.613842849760901,-1.08952367818537,-0.438815716314466,0.432669325536062,-0.175090976841247,0.441495818168581,0.497925249745591
-0.338936181507871,-0.727702721243875,-1.04255268894554,-0.589859675789701,-1.00658347215851,-0.0108843051667032,-0.108997920881958,0.391222699784706,-0.562003870539891,0.485210626865183,-3.56254372528974
-0.482272478523992,0.18282648984011,-0.763457614225419,-0.161744146774688,-0.162918060151661,-0.537771056976722,-0.979703501100885,-0.15840727199668,0.590635166622903,-0.9734710552481,-1.62810861999287
-1.73820467426141,-1.56382267529072,-1.38395159072777,-0.0691503244648271,-1.5361447548147,-1.9531920583177,-2.21340308414546,-0.473236819232589,-0.322754188736113,-0.427297192223391,-11.8852583810207
-0.299626550129713,0.158994247866423,0.0375594591170431,-0.432496419602431,0.657726835358625,-0.65825921097455,-0.474015350985242,-0.68501108890013,-0.854337795852537,-1.37605708511691,-2.14059096347344
0.343665650652438,0.47822330344878,-1.73158363220772,0.857181871459069,-0.505806702262709,0.40606415624296,0.469122782946175,-0.783335754089558,-0.0747003898674468,-0.289114613930965,1.04150883741351
-0.0627732944707825,0.382774920809431,1.0831237917388,0.512437998004554,-0.518891535296923,-0.968409266133016,0.0165950758848342,-1.4624229788309,-0.179599248190203,-0.866517954701701,-1.49418677039038
-0.962010613007717,-1.06850270956036,-0.169625972781607,1.62607518818297,-0.988362589842954,0.388923945010108,-0.438815716314466,-0.11939326688044,-0.127505006843177,0.501012824008549,1.21295629540372
0.143523565694037,-0.51660315488315,0.610838445341088,-1.27109134931868,0.119024724415498,-0.730107456702161,1.08627912846019,-1.08669171828694,-0.870761662222538,-1.19848056871008,-5.73361279038939
-0.709226344362782,-1.20406565039197,-0.657715961080806,-0.63173383792997,-0.917357956743068,0.384226925706141,0.789580734955625,-0.0304371937080284,0.911005427283288,-0.523152912539191,-0.251646093273541
0.151261983212081,0.0118241054100144,0.812021931803239,1.40332223564405,0.304743060896685,-0.317940155515071,0.244061722048544,-0.658141464029155,0.380849844605503,-0.426942167871928,2.15301384342989
0.0113163718830504,-0.500166202137043,-0.625312579270428,-1.26534948672153,-0.849744536548258,-1.17709943275848,-1.80868720470498,-0.247081324496826,0.220220790676831,0.515246407867087,-5.45708558809223
-0.394181653589887,-1.15948943527525,-0.256098013116898,1.10365342466444,-0.279295898573869,0.328137073616648,0.321208499016322,0.681280597431876,-0.563177606210415,-0.0895286298667901,0.302218697781223
0.646046507484337,1.41098906312889,0.892210423499574,0.713805285710342,0.57678949612183,0.692691195211941,0.191147218484974,0.83123119807742,0.300503313458197,-0.498962931467652,6.46646734442351
-0.819303265354379,-1.23660430237077,-0.768047804778813,-0.0987849111429305,-1.20732061488375,-0.395248745971016,-0.916930487710278,-0.661676336101911,-1.22491405936368,-1.18474444150375,-7.38107189841473
1.79161254792481,-0.743687885013397,-0.654453832059107,0.0535729563606571,-0.125958048268033,-1.02107771074772,-0.767783157277681,0.490741930753518,0.452062591868566,0.919749566822294,-0.644327839005405
1.11061992124331,-0.304504722427977,-0.838010035709864,-0.628806939375809,-0.105835160841878,-0.65804419422551,-1.77707800811056,-0.811528595135319,-0.823327791558162,-0.762062996247312,-3.59613844215959
-0.382791991200986,-1.8703221838404,-1.75352571617202,-1.94097192259268,-1.43478878923372,-1.53158660649958,-1.77502409036515,-0.473236819232589,-0.839364393253936,-1.6852443667048,-14.3651434177884
-0.583772309894957,-0.522220985364428,-0.364782691312931,-1.07706774091319,-0.144016360090486,-0.60090143944397,0.305453722591046,-0.601971883623937,-0.294405531398558,-0.584481765295241,-2.85716916645197
1.65566355040009,1.106249478376,2.57154231335368,1.25748283361056,1.46747103178795,1.66274624849286,0.645732023381314,1.55705088056268,2.16208076537234,1.5424488276775,17.9913799672796
-0.561750453062289,0.117997694232975,-0.662241468803248,-0.406208904384561,-1.35382295391785,-1.25943305178603,-0.630047981123976,-1.57347942756878,-2.36765735143403,0.0823939989698006,-4.11528097638614
1.61863369488784,1.34458288862102,1.57749722717213,2.12258816732056,2.78284483063057,1.67595922277697,1.57864392188117,1.01084331017689,1.62443708726755,1.54961411696257,18.6166067899078
-0.962010613007717,-0.77139625996545,-0.14767577154308,-0.675462580254072,-0.743158507217145,-1.17709943275848,0.220685857480639,-1.39839275040901,-0.320387646482312,-1.58768910327984,-8.65364314049351
-0.941095693000905,-0.0424970591470403,-1.30391604072429,-0.903420756983829,-1.10927132111207,-0.464259411857929,-0.652003000786101,-0.661676336101911,0.388856512401206,-2.13697136084297,-5.49000819327395
-1.40159428119293,-0.427950666738336,-0.426832891717073,-0.0449780589398081,-1.25561690604082,0.312839839317256,0.0219794789460618,0.0265856306518124,-0.3634246468445,-1.07824827195287,-1.89268972022626
0.459990037133002,0.253257092744695,-0.551843853100277,1.0029483388186,-0.286240752807838,1.28091256128313,-0.444368495285506,-0.134977995976618,0.135023807044125,0.701649252274788,0.339448813596816
0.583008366455176,1.16475369665262,-0.0279182651199452,-0.121132725661089,-0.483523726368514,-0.947254136253262,1.32199457339657,-0.266388114955097,0.540901320698987,-0.681178622266799,1.54100352240126
-0.0404983537117116,0.274893919918678,0.427093020125665,0.2103657370085,0.555296643738267,1.28977813704868,0.819487912265618,0.412626690376711,0.163036133621305,-0.7453697169369,3.87928693771038
0.829967727424253,0.285435151779981,0.803199678086262,0.118590766078896,0.45876841518105,0.535555533848873,-0.326473866889876,1.06711139356592,0.163036133621305,0.0835360725315096,4.39112843290482
-0.819303265354379,-1.23660430237077,-1.37372395445074,-2.31800251100203,-1.05229832076305,-1.39758498079056,-1.62262931580639,-0.914519826870608,-1.26678068277265,-1.6852443667048,-13.6409160844595
0.816116087603384,0.479294561567444,1.11544608564142,1.73772898552902,1.45210144837888,0.719839360849755,-0.210258853138597,0.811903755836403,1.07822850004343,0.0406213332356287,9.03122091990421
-0.892787540216678,0.453495498135822,-0.497625220051767,0.179846488986929,-0.408508222321889,0.284820033568269,-0.433433873958826,0.0640299470626499,-0.405935267071934,-0.760992803809468,2.39009907433388
0.892276653011419,-0.325815158351187,-0.678951726481128,-1.02978895097295,0.459306415034093,-0.854961176042231,0.568609171341385,-0.0879696150455929,-0.0797035989038619,-0.0326088736049791,0.335015151394503
0.750877372760736,1.03099563294383,-0.38830720634077,0.200403128364912,0.39358071655227,1.80634738530533,0.900672848523859,-0.337585115798594,-0.405731484810922,0.318775771409237,7.7265783277499
-1.32925733210614,0.449800671111656,-0.386083542039645,-0.308789709730924,-0.340496903320247,-0.140759614185882,-0.979703501100885,-0.339673207450796,1.17978985105642,-1.29584259140284,-0.871824528380672
-1.22228633157067,-3.30279923968931,-0.625349906080059,-0.932909294063911,-0.844571758677774,-0.311816606267753,-0.944766884141092,-1.05005968000164,-1.46152834562891,-2.33630678757149,-9.57671699915082
0.0128928138482205,0.0676235631463753,0.499755663328313,0.26846095520475,-1.08670132835044,-0.223369181607809,-0.785529444149762,-0.318187647841402,0.345992565035711,-0.0234355242270916,0.615755506291599
-0.299626550129713,-0.793398768537851,0.221474724855387,-1.02014993689319,0.555903198665794,-0.297230164593345,-1.57024203241486,-1.15330022488469,-0.238798447001809,-1.19132596688072,-5.02078814042576
-1.67521154088106,1.31447294111934,-0.0687000719047214,-1.01643378448671,-0.337586959893993,0.086319115634923,-0.734580536385062,-1.45969122883519,-0.238798447001809,-1.19132596688072,-4.99955859474133
-1.3521346442734,-1.36745040484745,-1.41003524874898,-0.685220548226268,-1.42055289661251,-0.952049590248278,-1.03197406630078,-1.09007880960915,-1.3477893274869,-1.6852443667048,-12.2869044215469
0.5840180365031,1.16475369665262,1.44981460981588,0.622234981970612,-0.272893718862845,1.11367100153476,0.815343011690478,0.84649787935864,1.64179113754882,-0.865905151305042,7.65715856103012
-0.547221395015129,-0.678442300620909,-0.97522239569955,-0.975421997993477,-0.919507306470591,-1.07358109642189,-2.03189295157279,-1.23560223743298,-1.17868888770113,-0.748616301468338,-10.5671100462164
-0.068456058224617,0.875517968802935,1.00170786215354,-0.476161400764359,-0.585042725918671,-0.222428145764585,-0.656075839487943,0.628567432595362,0.473483875120323,-1.00181229581053,0.11898479438141
0.173160249251789,0.15339527901147,0.766899453434507,0.0411092681217457,0.40209629467149,0.777711759412633,0.284091301816146,0.51152056197336,0.0776424901934512,-0.505812447511481,4.9321116115974
-0.508362707435416,-2.18865556215491,-0.416330168236471,-0.159976565996937,-1.3335693363801,-0.503799084678354,-1.93202552537821,0.900120157756641,-0.0890891499510049,0.0454733528162616,-5.34718297217401
0.0682662804557241,-0.074787597402606,0.673735512701107,-0.0171883895088285,0.173152702874819,-0.27115341285847,0.610476872510388,0.742303959461014,1.08416444820142,0.65867517119781,2.19071248652326
1.03388442749047,0.705057796209946,0.41130080305652,0.114860698198286,0.861441864655941,-0.731689446152227,-0.452171797002733,0.0709615302643349,-0.320322163019993,-0.0842670915559077,1.9639309232058
0.0702576324950653,0.330597911690933,-1.28755181069926,-0.652823021746168,0.391217442040854,0.0698696713135754,-0.0713344333212112,0.769389197517443,0.693756061415438,-0.406433834243645,2.12768658873855
-0.32965759530605,-0.346811720523092,-0.318039390130833,0.100129931723229,-0.961939515854506,-0.854542987126644,-0.273843505534223,-0.230784814216021,-0.823327791558162,-0.234347632754817,-3.18319117991211
-0.247345191113964,-1.57102011257536,-0.0948524984302993,-0.994412479193664,0.554866325639401,0.159290753102141,-0.0790201045388885,0.67887162172683,-0.258958225902448,-0.244080265896816,-1.96456362945798
0.633632050275843,-0.83091505337878,-1.46203662993091,-0.421866974640892,-0.72671799576867,-0.205776024928254,0.276224842903064,0.432669325536062,0.497790984205497,-1.18316219111761,-2.56460367394048
0.582914290491237,0.023901257665953,-0.118863155823372,-0.674199219400664,-0.969874415154876,-0.336664216711074,-0.0618613795616833,0.369563266241023,-0.248404141493673,0.703424096983857,-0.498846029583149
-1.67992894480028,-0.121247104597499,0.250986692047199,-0.186425521557796,-1.31037399338513,-1.28743185199309,-1.12611349401056,-0.682184835936606,0.109852280812094,-0.038168478926145,-7.68579736226433
3.34339945113158,1.47758120925349,2.06380833310958,1.23565178367339,2.4607926887574,1.83782894401299,1.02677337781183,1.69960532675717,1.47879409883959,1.34384548551918,15.1598759572656
-1.16160330569004,-1.78552788897227,-2.665476775344,-0.959609033400947,-0.844571758677774,-0.514329068242278,-2.15313893669972,-2.4159014658821,-1.69666297436421,-0.367665980797744,-12.7092794482845
2.17360184570063,0.780078193870438,1.12387857279539,1.47927823055367,1.97310687554182,0.0227223686918051,1.45607433656842,0.492393785814393,0.783047479597743,0.250364128692169,10.2445431212791
-0.621560309221172,-0.660952035296525,-0.437414694032894,-1.78765784661336,-0.504322392919158,-0.0483174238164046,-0.879190281308689,-0.765038133757267,0.388856512401206,-0.239704564362281,-5.88193173390055
0.149578779664752,0.0118241054100144,0.899540396510091,-1.27870205316317,0.291959570033908,0.511986091073999,-0.259001808355661,0.643733326925042,0.610608442850663,0.0956844492751475,2.61334863611345
0.37248319023682,0.627417133010709,0.645534772476053,0.360935941413557,-0.529026331257943,-0.345331192645522,-0.0866571814835026,0.360459006686954,1.30816290238579,0.532538438399253,4.16499528848571
-1.90279006288467,-0.838292958657782,-1.41003524874898,-0.862365528278068,-1.24340983487217,-1.3840666442319,-2.15313893669972,-1.71235314579411,-1.55964018227391,-1.74726615626498,-12.4978107680419
-0.677762051091168,-1.61582789402349,0.226334590816834,-0.127511819368561,1.07347435196063,-1.01001071384992,0.71857093751924,-0.567308950348233,-0.135647676284244,-0.952597559244518,-3.07662077851301
-1.43675708821438,-0.437010870731817,-0.762680469758641,-0.541188890362637,-0.610703920140608,0.312839839317256,-1.05692985146955,-0.08908577577175,-1.40844962528576,-0.158000730807496,-5.37126475691545
0.729786402241741,0.789549794983271,2.13125507484845,0.922491104885952,1.47445362656956,0.981800372705808,0.924840646779365,1.14208439658377,1.17216969828557,1.3668222074621,12.6333729354535
2.17360184570063,1.1582491172345,0.864616124238087,0.831090237621789,-0.238329794084884,-0.607456032200757,0.65007647153138,0.0576015382721682,0.0927588044829993,0.326919036420881,6.0592399358794
-1.82936572245497,-0.550955928797746,-0.0516642801818873,-0.679547093021768,-0.378300446820497,-1.07246829916627,-1.13908719987596,-0.0659012570891563,-1.59219754163224,1.46069629320939,-6.02403236009457
-0.643337756899826,0.50860007260961,-0.81938061670172,0.706067165440373,-0.393049932045992,-0.70481202005896,-0.291685727793265,-0.531478374276324,-0.2712786694908,0.180059083092173,-1.68594957748001
-0.163576790322217,-0.722651509861279,-0.260741178926768,-0.167430157262782,-0.849778797305529,-0.560016782179995,-0.816110748786765,0.782050570993953,-0.286453390506674,-0.878716734975242,-2.08394771696458
2.17360184570063,1.10164350983713,0.652924380681287,2.15771390642425,0.463086022247108,3.13211237779298,0.902422371282318,1.44535196838038,2.22578896820673,1.04060505560551,16.3909480579765
0.717636739079085,0.344964981464795,0.387292417797558,0.0958244753192139,1.0150979213656,-0.200670410346142,-0.452171797002733,-0.79876259500222,-0.784817490951034,-0.562228650378275,1.17647201729345
-1.32773400964371,0.449800671111656,-1.29350857817987,-1.21363716863382,-0.304354127180653,-0.225443731146255,0.752969206965249,-1.34436053424729,0.542070127167937,1.40880162758929,-1.62461829524692
-0.190821822842478,-0.184110204904972,0.907855386462883,-0.573267014709321,0.385641935183847,0.464936244497265,0.487328477390689,-1.14514596941689,0.67343184529911,0.540481274208782,3.0487738094236
0.276069605835501,-0.571492185779177,-2.20322809442727,-1.51498548373138,-0.378300446820497,-0.823385602950338,-1.13908719987596,-1.30361735717468,0.216138403731911,-1.47762541871179,-6.57768184413766
0.442381074283346,-0.456527158570114,-0.102517247365542,0.667006110110604,0.112345050711694,-0.0304411001013003,0.277434218614536,0.22132377712797,-0.153304807543012,-1.37985288615753,-0.439129070196114
2.22012800937921,1.1582491172345,0.864616124238087,1.51272005920089,0.845990317526013,2.47580806757927,0.645732023381314,0.275602850002124,0.83031556289393,1.5274102611824,14.5445494577771
0.178728523535104,0.241674483690848,1.50537097590656,0.977404709176432,0.294398431321959,1.2682239876297,0.450822185215952,0.712243180288035,0.217462715747715,1.05676748881193,6.62920876731989
-1.52797508925013,-0.545358023800306,-0.169625972781607,-2.14133961114501,-0.868628206977733,-0.370336691788174,-0.740199784228278,-1.30208310318748,-1.17868888770113,0.0392194697109304,-8.42622262648797
0.554807104062591,0.85760209756048,0.186739685370961,-0.908719662029819,-0.461830015427764,0.136015725540626,-0.507951116760179,0.986318726729263,-0.770964119517823,-0.274850008471503,0.784025437921407
-1.35996945750579,-0.939032753468573,-0.72990771359525,-0.615126261381113,-0.354321980090973,-1.191633709249,-0.917306803662239,-0.0659012570891563,-1.20956954511664,-0.624364913618919,-6.90626702778214
0.580366744187534,0.684148834746637,0.282641649741562,0.404239656112911,0.353780873595955,1.75272546329532,1.39882610070995,0.977488816340991,0.427485661176162,0.0844721714410059,8.90714882748687
1.65566355040009,0.436617043987192,1.79214013631633,-0.325902609292775,-0.138345315157031,1.67772998779761,1.25328792970949,1.14329958190276,0.069594424886257,1.22128531157749,9.66107479295342
0.417464004757523,-0.591597818502106,-0.0687000719047214,1.34511597005712,0.124814044613572,-0.062908762861192,0.296992335182423,1.16380954129515,0.24267530999627,1.12531451261573,5.64697787099989
2.1954732192529,0.780078193870438,1.50966563884748,1.26469364642969,0.419555110222406,1.37029959004587,0.794054738181913,1.34739029313646,2.35318895992579,1.1963356695662,16.3082428696534
0.405201268596739,-0.400332712150024,-0.123355237482142,0.667006110110604,-0.973972809566686,-0.907551217093208,-0.240143694927335,-0.339909062893139,-0.122349472531232,0.12389190865325,-1.31302774227782
0.418888147851503,1.02535713204818,0.223062203109317,-0.624764611067853,0.0519710901607458,-0.176656333214045,-0.0866571814835026,-0.700895846871702,0.212684730774047,0.802083278974159,1.28419088429342
0.0757054619913879,0.196327196266012,-1.02448383658742,-0.00910409917135053,0.841241782083891,-1.01001071384992,0.156618151668871,0.447905308185291,0.342675008886794,0.06834575376657,-0.108942832409399
1.06358452909963,0.741374477395352,0.121983904487028,0.429392484564625,0.245812549866723,-0.0871120190280359,0.352194927683686,0.170348846823316,0.129908250521575,1.0076675079102,4.62218524792761
0.149578779664752,0.0118241054100144,0.899540396510091,0.518577408619408,-0.385901933407439,0.0321442714837893,0.570904654197348,0.0709615302643349,-0.471651109305806,0.490966117814474,2.15301384342989
-1.06465406903124,1.58231384043267,0.300241196951133,1.40332223564405,1.49441311212823,1.18170537937518,0.959661802454911,1.71016009727303,0.679407514790981,0.255307152988138,9.51613879028524
1.03945702248325,0.705057796209946,1.33085421654331,1.49064541149088,0.766213880845551,1.02375486427836,0.990793855229148,0.341054115600981,0.715940601574776,-0.151531095552202,9.35700780925242
