"X1","X2","X3","X4","X5","X6","X7","X8","X9","X10","y"
-2.27146718632467,-0.843576153355227,-2.22800086090673,-0.71577173586991,-2.8545172211529,-2.20209697687993,-1.41040334265072,-2.25538602923488,-0.908703998277271,-2.44772049742525,-16.8947011646478
-0.706554559948217,-0.585406371604706,-0.303308075329484,0.102604469539853,-0.681771011950946,-1.37694896810979,-0.843067513018242,1.057055888097,-0.257495419390133,-0.592847457202911,-2.83457644702308
-1.20971285432706,0.529169363949419,0.207355639172941,-0.389006545226204,0.643679096229301,-0.615694962446892,0.607610905228449,0.190888385428519,-0.681319582333176,0.57371602266275,1.09293277287688
-0.785243488676312,-1.37576467537216,-0.372443001992046,-0.48049084941838,-0.471204585059639,0.193811744153315,0.249401980434621,0.544710595768091,-1.23262523179506,1.89429442302568,-1.54664164145448
-1.80531034268679,0.688349225559448,0.221125222020898,0.272918307636818,-1.53366698792296,-1.60022293516103,0.82916880332772,0.714820798418109,0.0685626360361659,0.290848375887746,0.247722768571918
-2.29017231343717,0.218060382746104,-0.415170150193208,-0.115122238797167,-0.700768010268044,-1.12275005898788,-0.898686615977734,-1.43736482861413,-1.28497560833099,-1.11404098337901,-9.71695995036105
-1.10141629341848,-0.81090272330571,0.738168357658055,-1.96004458350213,-0.486720859976372,-0.440584122978485,-1.20815004100217,0.643734719594258,-1.0232351199253,-0.778200303258075,-6.11142884858975
1.0778030031789,0.614034572471762,0.0628102118471587,-0.850384580728895,1.32324770600724,1.06077841060064,0.283383548757978,0.461764068809989,-0.455744362025077,-0.31431308497443,4.15783093657892
-2.02314637253966,0.175468432667246,-1.1502651824281,-1.60073040193607,-0.52075411813842,-0.342620963039577,0.13587141888224,0.103886828304868,-0.447679224599535,-0.125091780669999,-3.57359125544193
-0.844316909590114,-0.680746757517413,-0.319231093253538,-1.40220951575559,-0.0359513037618051,-1.12332470961084,0.576666363537133,-0.789268819960908,0.908281243563835,-1.02573924082787,-1.5588722745877
0.172492685955832,0.48108093681698,0.802582633575746,0.315027126068002,-0.669838922472147,1.66515435890006,0.765067005411744,0.0769672771658342,1.14892065877464,1.50539000635452,7.8303829387661
-1.7740240303057,-0.642301561495955,-1.23560408192075,0.122392031302384,0.341998269135537,-1.16199239729672,-0.164051597954856,0.600377159418432,-2.12140012351127,-1.09414545696924,-7.31911218698916
-0.351570197710154,0.996829362925878,0.107297403559425,0.788186910249137,-0.348451107903352,0.930256239133719,-0.912625157948369,-0.338897393748464,-0.222398671703635,-0.102810808601691,0.880534162940772
-0.0951812985645792,-1.04024107184763,0.353065240945022,-0.768195906841309,0.784772656591459,-0.666908462359417,-0.538501944891418,0.897955999068979,0.503572464233604,-0.675779722330274,-0.714206164584059
-0.578893846441658,-0.0135120491883625,1.91246562754152,-1.1594463504597,0.139137949174667,0.363694552936403,0.728632643477191,-1.41754776193808,-0.935181472467697,-0.12071192285774,0.949437269927074
-0.695589722791523,-0.135140328208258,-0.573393525469817,-0.508697826600513,-0.980391488026414,-0.447326541981808,-1.10884820088786,0.113292203713876,1.26502655309621,0.292132451924315,-0.119445326376571
1.15357899531484,0.169471390892788,-0.941373504720924,-0.941098969903063,-0.561445699757502,0.077836590443736,0.703141916927863,-0.32896408287432,-0.184405779147098,-0.977384714431508,-1.21012635675178
-0.84120170410485,-1.27329055875722,0.473785998414351,1.17817228640509,-0.47177292385657,-1.01855207167958,2.26964650676535,-1.10860318729045,-1.13972577434831,0.357452291516439,-0.428857139470231
-1.30265996107328,0.619347554475917,-0.902847633002049,-0.182700672563364,-0.239985894242152,1.02415038436416,0.220070550645411,0.512308698294731,-0.463007622419401,0.232172349756544,0.358386769785992
0.856216889130064,-0.450033098026525,0.42778120436699,-0.812200713712292,0.688087977156444,0.626826466774765,-0.151973486374621,0.875175138813588,0.390389205776415,-0.532086421332606,2.92549015682067
-0.925808617725271,-1.63291999131711,-0.271201983567607,-0.139473804836141,-0.655879188174531,-2.58194684971946,-1.38895948219338,-0.999699241760787,0.857610223720779,-0.972767007393832,-7.24911911168424
-1.17269831831964,-0.277264776801685,-1.96699730114203,1.21421224583473,-0.236622506515085,-0.121317814711989,-0.048421670222679,0.108677575918699,1.01843043416293,-0.446478451731908,-1.53177019607267
0.0245640468265387,-1.17497346490349,-0.50581906372573,-1.07113835683378,-2.05476726750822,-0.629035200690704,-1.0039511720519,-1.34869955623664,0.518984859428,0.2740836420314,-6.55176191060089
-0.53910288683558,-1.31129983879764,-0.869171353952984,0.31056893581338,-0.33926434384137,0.264867307051153,-1.25243375553804,0.281575466624289,-0.317079493893583,-0.244466236184892,-2.81065638515224
0.414425377644974,0.265823783291564,1.27571490002902,1.54590759837117,0.913342196424639,0.746282356101742,1.0436131496637,-0.693304292224959,-0.153396758305273,-1.06777130617313,4.18096905503402
-0.951742964725971,1.67857810734638,1.15670655840788,0.515858206327967,-0.0241241040153302,-6.58125826448813e-05,-0.33367031867463,1.40920015606496,0.446554519769284,1.19157749832442,7.05957762417642
-0.184158041219847,0.359012466861614,-0.553330910066703,1.2666683068888,0.291831398266292,0.358003979092824,0.326747676265271,1.54095837823365,1.16222959320297,-0.742644372004366,5.29930313499234
0.710541510186907,1.0945221496607,0.760495165493043,1.89661557354104,0.0927047416262687,0.58628191139655,-0.709724377290895,0.605578486269843,0.726876873123322,-0.534126800593363,5.04381421443601
-0.796543720266352,0.64147811728291,-0.248010615273446,-0.0218186204706833,0.0309788557592877,0.485000063793194,-1.21399269450574,-0.899716746685649,-0.0355470538250502,-0.467737679564804,-4.01566579756505
-0.593860763488966,-0.489593471010043,-0.700978236481566,0.900110497691551,-0.604543934065741,-0.525829118458639,-0.0373614456337985,1.36644882969863,2.23375144346688,0.477568132546188,2.4453026161125
-0.794395067391748,-1.00413684408739,-0.205626270575862,-1.91432123418577,-0.641333126372725,0.0678676270290516,-0.249599642193352,-0.32982765701817,0.507088820083136,-1.35437217208117,-5.35289018566031
-0.290207313177645,0.154173571753589,0.897709208067352,0.43399961543871,0.542533228037157,0.255832676250967,-0.142000768209206,-0.670020533679117,-1.47158608975808,-1.25686634319545,-1.09645885542216
0.79992595999608,1.29987919013956,0.377426836269264,-0.278494017878322,1.76410438122856,-1.17824096361914,1.12881399617308,-0.236979006635161,0.52500733329457,0.431346135185717,7.67540371458074
1.2094709465847,1.1663041021931,0.725068918904328,-1.90814265532447,-0.192279614212082,-0.619337354788867,0.732935408405513,-0.598388794942168,-0.628413912541725,1.27832025586167,1.18546875330983
0.213586058703046,-1.60060696376917,0.458288540494161,-0.353162427960722,-1.13365152497839,-1.6030230280674,-2.14019328087969,-1.3681304919962,-2.79029382113789,-1.21133296113808,-10.7953075169148
2.11805601807201,1.41519399509371,0.0607855235253484,0.166076585643711,-0.553230275571968,1.13263729028679,-0.245851212556303,0.48068146432059,-0.00892385148383596,0.925645791560227,7.24209678743374
0.475879510054708,0.681277653234129,0.463038976817696,-0.347956101630803,-0.855204482462452,-0.996425427886181,-0.696448036193442,-0.316136872189043,0.401802977137522,-1.0204938392479,-0.565627173516483
-1.3185549594559,0.165344339617791,0.727665735890148,0.774184658317601,-0.200629195811502,0.303819129115453,-0.182228437796856,-0.333460118176705,-0.493007163295015,0.10763156666112,1.74716972612404
1.82320362648612,-0.762431712000322,0.26099428840565,-0.18705788668378,2.6510102039326,-0.73480892027146,0.657055109496328,-0.736758826555272,0.863798187248167,0.273700028755995,6.48752109023306
0.0622056775458158,-1.66864292073582,-1.39564402646628,-1.07221120004363,0.697777553422702,-1.1306733506631,-1.06191938047674,-1.21587448875344,-1.64384874381503,-0.203789343403622,-7.06601743907018
-1.50189865879185,-0.0648087323667653,-1.09309261596396,0.107479420063019,-1.00190514026126,1.08099171954421,-0.524106740979283,-0.00728325022334586,0.202772375841508,-0.671607485211485,-2.36126383439729
-2.11604292171456,-0.449339189374235,0.0168362978832103,0.412184787376659,0.246751699063503,-0.259263116306449,0.368103801461082,0.0382365062699566,-0.928738361362385,-1.03096804910264,-2.3621624237979
-0.844818147447709,0.0326822628827586,-0.277266430653107,-0.82969582054669,-0.797694625629109,1.17484441945714,-0.0989525201718826,0.314542831508254,-0.261419738928349,0.423535847993085,0.407480343997646
0.295236584495331,-0.885824923230005,1.59457709947441,1.12672086066899,0.821974946280444,0.452555542418226,-0.354557044440983,-0.906807101432332,0.459974096668341,0.0350897342740903,3.53987245866714
-0.317604171739962,0.549730149638995,0.0778156242415604,0.254312579651908,-0.700947447151637,0.372086945684886,-0.0506253003075759,1.61206282895251,-1.00222941358971,-0.369597364309728,1.81220435753106
-0.656611640750491,-1.02023211121434,-0.329373897490372,0.676456033225544,-0.408287826139827,0.728125004648375,-0.668712737845287,-0.0389143852638675,0.660681465755355,-1.2996269015079,-0.038090313303746
-1.65890298330203,0.0743522073274723,0.917455110604796,-0.920799253000715,-1.68723171830854,0.0744486273026256,0.763195651399295,0.622862978714781,0.420283772155527,0.0546482769066995,0.571529028160379
-1.20307429633898,-0.269698061267532,-0.132100146170804,-0.832953940892723,1.06089640879688,0.809895002605231,-0.620677253740222,-1.12235329650624,-1.03377471096648,-0.239214022603719,-2.88294213022699
-0.846756974222747,-0.385198793990884,-0.593037902197962,-0.00079885397857873,-1.10913386075944,-0.436335452482334,0.521068573256971,-0.910787365657382,-0.403380517347944,0.930578674272818,0.0507650556982346
-0.273582165658732,-0.203123435484802,0.730021650702499,0.0875577536052697,0.225404641039049,-1.98158906397502,-0.653151225049738,-0.150130284926642,0.109460872510938,0.654171029323668,-0.355924814344004
-2.27745610161562,-2.41049619277391,-1.88494794306503,-0.338135395263504,-0.621930023606547,0.592309091852949,-0.674790779074715,-1.0449317274037,-0.969055339153454,-0.881372589736257,-9.10166839924
-0.00661275722627429,-0.906829482959574,-1.39673766700925,-1.25043897011608,0.305617710070162,-1.80274458107077,-0.673149071567209,-1.13462989222941,-1.0771438200391,-0.719285935704867,-7.74832824571025
0.770650401234254,-0.48348839631105,1.22373573322198,2.40571653050781,1.29655843769315,0.676175194203409,0.863858772478304,-0.755152246380754,1.20433470387885,0.63650701350899,8.62640501929252
0.324264385124294,0.551184139090156,-1.21085915649209,0.580689186181854,-0.726834613088606,1.19301137995511,-0.891845768449781,-0.884263659793086,-0.281039411486815,0.0529797190765334,0.854342143158351
2.02803068188562,0.96194290050055,1.5931862166926,2.77708307381093,0.962141710131134,1.25390027218425,1.29257737757304,1.97994444260977,0.984525186087463,0.746482135283898,15.4899439194217
1.2805333680857,1.32287758540576,-0.102405071084359,-0.057509045579945,-1.38351138256085,0.0148829218602182,0.491581789209836,-0.500378353992556,-0.503429071225392,0.435576328111515,1.46783155457968
-1.14558319911841,-0.152390020537093,-0.827037315467586,-2.26588030897568,-0.493991696615741,-2.65998972434717,-0.946270812538357,-0.532845246349215,-0.964696436239979,0.0310007741749424,-7.43114761763629
-0.408223261496602,0.755988270568187,-0.681212494507521,-0.692093240847384,0.796173747255984,-0.491920790363853,0.505918588370379,-0.51056948342302,-0.222990795704725,0.311655944134211,-0.393634762762848
1.35143721248041,0.309152445003989,0.0330284253049808,0.357192406863168,0.719489672683925,1.27402416643456,-0.146578887711774,0.157427933576762,3.2363059351196,-0.910710192564214,6.65900839890899
-0.147567182589467,-1.20133530450232,-0.160473219892719,0.752692959115386,1.67967960500499,0.284461217712157,0.0820520192738083,-1.16806006611275,1.22910860900988,-0.832213997706078,0.31084807240289
-0.328303931314981,0.440283605825232,-0.486447850021919,0.793566135801378,-0.265615987616704,0.799738625076338,0.907203501442405,1.28331759734876,-0.0242044491144834,0.723539654259081,3.86064054322525
0.379346532548389,0.374279684871771,-0.00664262435700323,0.917718605384589,-0.323753133178547,1.09960404263522,0.441044983792208,-0.0175829690482731,-0.935888813118903,-0.310628506955956,0.532642527969446
-1.8542361815336,-0.472875610116937,-0.127306855296261,-0.396334775908851,-1.10053674820938,0.166676379858314,-0.579102882103343,-1.20453494496763,-1.39078917062346,0.374622499093813,-7.54945147186462
-0.45384285175668,0.771148102300319,0.59563228631652,-0.37260940832199,-1.56379103719633,0.407783646496913,1.39295707830596,0.820278014073396,-0.267840750162878,0.0842017164199367,2.41939861474684
0.246238671859096,0.729246400431467,0.216519845399659,0.0845786030428748,0.24162661327452,2.50582114842032,-0.73826627770963,-0.242286192912005,0.84765069653543,1.10111124758287,5.41388602455873
-0.875707680142127,-0.303434104594052,-0.93368689249185,0.346875121976357,-2.54627149618277,1.43976602569848,1.39146371781335,-0.256844053802267,0.318903001156591,-0.883516225710457,-0.241028329886902
-0.470187693148787,-0.534112681113197,-1.52262174251061,0.315485522202365,0.322091424194573,-2.041615296606,-0.920334026457655,-1.56493237186351,-1.42121726660463,-1.008022378631,-9.81281762543593
-1.2415642330374,0.486561749541973,1.14738548406136,0.837126339369818,-0.223049705570714,0.569354404875169,0.63357174001724,-1.16106141370325,-1.85120943810565,-0.494514523012051,-1.85240072598663
0.525237564368188,1.0496062882319,-0.538749782262533,0.363853955706899,-1.50968079881155,0.51269509496369,1.15340808601093,0.831405531224861,1.6124234707517,0.751739837719553,4.75503296519518
0.695763985651874,-0.194223411828926,0.00535092561299668,0.493080999950587,-1.16281026018244,0.541602776403547,0.16071379171096,1.21875010264812,0.274322348113451,0.267048852758999,2.76515339480131
-0.397791910291547,1.66181874500316,0.607784891953395,0.333275328399084,1.9746504065702,0.837407981440932,-1.14430632102491,0.322984281405925,1.01121155046217,-0.295564719282277,5.64391282344891
0.421506197376307,0.149895075562393,-1.65090607239825,-1.10881898109804,0.358678795100325,-1.82661220980831,-2.46851684193877,0.0912690922879322,-1.94472553550693,-1.56415485207147,-9.08482636660739
-1.42343679467809,-1.35866899969463,-0.815333794215262,-1.45602007662493,0.15205797289324,-1.78482586355713,-1.09011258006769,-1.15912528877367,-1.98930852268641,-0.542900290755355,-10.8865957732516
1.39834031125234,-0.13216771999199,0.43981715227966,1.09265278722461,-0.104915063010608,-1.70773161470047,-0.0661202507870681,-2.11041688884433,1.60387276280022,-1.61897752169438,-0.166911646646842
-1.97270831275591,-0.242664983642885,0.505443301768612,-0.749084675652979,0.052623420689044,-0.330769849095877,0.0535784432532355,-1.41046264065989,-0.0504141391135633,0.00774113449984456,-2.60552465757596
-0.0220646123472288,0.345076563917107,-0.456506765054172,-0.442636027813176,0.16766824308287,1.16037137370125,-0.781434862024463,0.81931708386415,-0.614859434156791,-0.215001269341935,2.35692916364654
-1.69590902941699,-1.05061770232756,-1.32347248013069,-0.679914039300637,-1.33393000829665,-0.563117563923282,0.361301224499819,-0.00800761436055591,-1.22479021637154,-0.724075624589105,-8.30099625919582
-0.0839045530263622,-1.81523424585629,2.17157553922443,-0.728934342228271,-0.868937780423759,-0.446440007879142,0.288794491313384,-0.030017474656976,-0.161097638449535,0.469837046885004,0.0441974509072863
1.68574278128457,0.952230258806402,1.21898629467988,1.25079946668947,0.0716551286280778,0.589702220379778,1.53216692813854,1.52250294056471,-0.0445415311560241,0.625511083319561,10.6516333983102
1.43340403975868,0.972582144308073,-0.0708412977176534,2.4050120349287,1.30413740374434,1.66345019880623,-0.0137447013323238,-1.16758368721304,0.79689941010793,0.571442695400761,9.89324402976711
0.452626702545244,0.549725879930767,1.93497122930592,0.124514924197302,-0.818875008722232,-0.53620836642832,1.59103455838582,0.00790319812495156,-0.349073509017073,1.39416260620804,6.53400069712203
0.515080113315494,-0.954067004854893,-0.788293428834141,-0.198858419251437,-1.61100558883237,1.20373510323959,-0.79226317481399,-1.69541544998372,0.154536242869621,-1.65868608292171,-4.78628759781273
0.760961803115682,0.529318323442298,0.385254285227202,-0.154773812242033,1.49813132490206,0.854939572519518,1.34690323362602,0.925878197690995,1.11984516808534,0.797660213010063,8.55258845426279
-0.195120660697051,0.297595600916179,-0.106182273301235,-0.559079082094459,-0.407790220154815,0.117232255944677,-1.00601991842568,-0.70290118836109,-1.49646031970248,-1.81812722754644,-4.48147775981358
-0.511408406037303,-1.63979748582959,-0.586471085006642,0.179431161319049,-0.690632345032701,0.227105099208393,-2.02344830867701,-1.17851315900129,-0.808510035646532,0.819627313259204,-4.58835939637755
0.353570738954729,-1.68727844418084,0.982489008153811,1.04304259128273,-0.421375591511223,0.100553875018816,-1.35239422735839,1.05778282838054,1.23110071103957,-0.191765457724779,1.42622514952764
0.330772840614238,-0.510025511345198,0.759655368253359,-1.25175425798543,-0.291672350231822,-0.160779228693817,0.526573410743585,0.669794758628361,0.427151936984439,-0.11159804081058,2.63076399306672
0.847734199452537,0.503394829645883,1.7010030906384,0.323017325258837,1.07502093299432,1.06498714334419,0.458699558376937,0.460436462158876,-1.24850635623114,0.785505878739076,6.67654966782788
0.232662547294215,-0.0326824234424836,0.279445628592853,-0.323733044035566,-0.684807042835753,0.826028444682633,-1.03558929181531,-0.0707122475171223,1.60027077447332,0.125376719291277,1.8332043711115
-1.0985084761403,0.486785862919652,-0.170495559036876,0.379504247281735,1.25085312410435,-1.00577665048021,0.635305758033006,0.418149995877154,-0.394417360293263,-0.064197319429882,0.992776210276166
-0.116143347120527,-0.395241143038206,0.760291217069428,-0.551426217143946,1.04865356622002,-0.890128171068769,-0.73312813615942,-0.00391202109248647,-0.899519900357538,-0.136393541013652,0.318096113444692
0.364786306122916,-0.910135673042291,-0.631764909089537,-0.0182181842772817,-1.37724823460689,-0.702716964801333,0.109090341897602,0.114739380932573,-0.38661224935544,-1.18673493316198,-3.66295098463304
1.32446136114754,2.18769766014643,0.461209224569729,0.140490461040664,0.483854970437877,-1.4098452881783,0.845173637984929,-0.358464434095796,1.1665418774418,-0.907582126580721,5.18915755948442
-0.921767243361517,0.0965278524128491,-1.55442067308491,0.678813908545446,-1.22815722955811,-0.0229441988492565,0.0859327235268528,-0.5188775680242,-0.0958779057440357,-0.492133840059701,-4.23557436065634
0.926309162235858,-1.24459969981879,0.876969290638056,0.578054720529253,0.49803831040468,-0.889227715127233,1.92349661405385,-0.130896294504866,0.912149817267513,-0.430726422112794,5.52179492146993
1.02489671112556,-0.17342318745373,-0.290704989601307,-0.470942271488437,-0.174153942059011,-1.26220185275584,-1.55157452788611,-0.376114462657712,0.220445511443386,-0.314853791133578,-2.6461165461794
-0.0131649595049656,1.69135015593944,0.478053983279641,0.951614816040311,-1.18915573535963,1.3788744527575,0.678105985761342,1.56334190649088,1.37857565691678,-0.968008663874397,8.46923688998225
-1.68771356016586,-1.44074673608337,-1.17426980030966,-1.19741527182702,-1.4207429484286,-0.768271266200632,-1.0110635903593,-0.395310982553671,-1.24803357628909,-1.03635660614304,-12.7893812920311
-0.835975569207539,-0.509224376034065,-0.806746831504172,-0.044690592819707,0.564621000998329,0.291018443357297,0.248161194298432,-0.219470110596297,1.69420013863899,0.0848930391643601,1.57406548500129
0.502140631423991,-0.477719235991249,0.320512443362197,2.04270670591071,-0.363204556617202,-0.77594743593917,-0.785143312699013,0.501821596512543,-0.281680203256748,1.26292868123694,0.806912906954231
-0.332532055493263,-0.891551869500932,1.52149430386045,-1.17483578906425,-0.828609785365059,-0.962162473742775,0.184354318495344,-1.49751594202002,-1.26406747985271,-2.18626570481513,-5.90074846875152
0.89506655720957,0.630975953779231,0.310343453544412,0.584994300843516,0.568705732465075,1.36867300226553,0.930831427390993,0.508404618787458,0.669590615464873,1.36620559120938,7.83051297723852
0.109643705075029,-0.523156789420879,-1.73513830750688,-1.08436749372693,-0.363735995156902,1.23538853258066,0.0236681576938982,-0.601075873542407,0.503655286423462,-2.02836978000882,-3.15532632761029
0.255333826294358,0.1660534780596,1.26961961470351,-0.286739575109365,-0.0850434130490673,1.12780218839543,-0.0899805045536552,-0.78081109823999,1.06654690509603,0.25764341383901,5.00384704016468
0.329385182077901,-0.56183108742624,0.460455595317183,1.1171007955576,0.604229738915255,2.10728809263465,0.757288845168955,0.550318203838525,0.122637291509736,1.38433802461123,7.79155122325109
-0.230191314744803,1.06319567037684,0.075882655008008,-0.642551997337795,-0.751232214867257,0.342716447823467,-0.654904584208597,0.185599273253736,-0.340145884942323,0.468968609011977,1.56690932775443
-0.194548375109769,0.577624700544712,-1.2893235647666,0.50960945768206,-0.937274692372328,0.762295769355805,-2.30822924046107,-0.161245089126499,-0.670498965451107,-0.772499319088433,-4.29352390253958
-0.0395219515698967,0.531180701627932,0.218276197577199,1.29941106282418,-0.468747224887065,0.00462681410025986,1.17107197518804,-0.59054519085046,-0.0416740013357445,-0.694759217480603,-0.0743881614540429
-1.63062262766578,-0.558821642577913,-0.467582783354229,-0.163280481367264,-0.239753893167864,-1.37138659172565,-0.461208121639974,-2.03814080570198,-0.869599547913482,-0.581816667973597,-7.95331542088103
-1.660788126166,-0.00211631667776035,-1.1209068131354,-0.287104837406834,1.74078138620236,-1.09642661821468,-0.692733338039373,0.0189640768323729,0.112208618774615,-1.84061872019169,-5.21829963355696
1.27616012063627,1.62069832820189,-0.331292120988418,0.272102164304446,-0.128468529089963,0.42422159735775,1.68018615706323,1.25129584915107,0.0643831253792209,0.499530566465274,6.36265175929532
-0.118106466998597,0.313943183014561,0.247487140976914,-0.525892458962904,1.18044841081835,0.761298901094271,1.64246240083579,0.0680980529619721,0.708698090716477,-0.647772073079041,5.28468977062986
-1.02525075236012,-1.14820031720016,-1.58483283713854,-1.20784621476538,-0.601012932068879,-0.461244023093298,-0.88394422713353,0.225654153328604,0.55280514886745,-1.58198548757589,-5.63425998503316
-0.579929434761911,0.616617853340255,-0.0175654041506613,0.150552256287724,0.935389790389894,1.7560571659734,-0.448728424634001,-0.416353907276124,1.27716408036985,0.179696066015755,4.27038148528973
-0.881680518265648,0.0670478080614273,-0.5932910970735,-0.0730652233661408,-0.912355808588469,-0.731841006183426,-0.737063444457852,-1.11731375215017,0.344444942475169,0.344220546846195,-3.34910801998742
-0.935589077693604,0.698193896913745,-0.0781814895225232,-1.71423459570322,-2.43711642685618,1.0732319662455,-2.62651808397997,-0.0799413212490049,-0.329875919598443,-1.40411688145058,-6.37327110265533
-0.904839623390728,1.40260736038466,-1.03595111666155,0.505876721210882,2.13194353207356,-0.292316999759554,-0.383867564875046,-1.77304977644796,-0.579743866469199,-1.62566716594917,-3.75030229489866
0.244809325463803,-0.816271540098925,0.78727330155379,-1.44569043397277,-0.349923036965152,-0.670800049973537,0.332629670003093,0.0643606366788669,-0.663951016334055,-0.1249933072014,-1.72348953599275
0.441623632227609,1.14616060292325,-0.164675868809224,-0.815926633442528,-0.237229144668181,0.0216025910854797,0.446456563132256,0.166243836826,-1.19961735968393,-1.67100525922745,-0.834094286202961
0.994071461836259,0.0309884643357115,-0.687989369551891,-0.563008841349037,2.01659057019987,0.585706656575765,0.764258467914123,0.784218127390864,1.00055312777774,1.92720691725708,7.93656204866528
-0.214622092400242,-0.802799794378882,-0.617331761428856,-0.528376286863027,-2.42401818712092,0.252577727503922,-0.799835490753138,-1.27743178760372,-2.36838939491669,-0.382244125369121,-8.80862992927342
-0.119266005541313,-0.832800586427255,-0.156120736419321,-0.106568480614499,-1.16788963495026,-1.41937377279458,-0.36122758476917,-0.953896240770489,-1.99237630189367,-1.95173127603796,-7.21719361568083
0.292117195479384,-0.368969485250799,1.73416669646618,-0.185683258796891,0.051050068087642,1.7240761517671,0.973909702712102,-0.35053167852228,0.554954971812637,1.93763204460635,7.67457508891732
1.00275955930526,-0.0964039853344401,1.20373596666659,-0.0607782799140607,-1.14746940847112,1.95535497398955,-0.0204699113953711,1.48258439827915,1.26054967933418,-0.729291868880661,4.23264671686749
-1.08585056168643,-0.207131024612493,0.508940221997114,-0.0909441965701594,0.280345382326754,1.47989949784513,-0.897020889505136,-1.7919222399284,1.03305342858461,0.852406879428492,0.539054190553643
0.88264914983066,-0.22578982068208,0.272784994903367,0.151173975107912,1.35198591813912,0.133964453961895,0.0610913502550882,-0.15172754603534,0.598646597623725,-0.666240097735455,2.71307564729514
-1.20700893556403,-0.0893297589828523,-0.436279826465562,-0.0951880853783952,-1.54758699497609,0.610879465713114,0.00693504560758935,0.294367778403706,-0.47056639419247,0.480401287394884,-2.43124083781571
0.342854182716571,0.546270333316512,0.386306443765191,0.803269199684482,-0.255349209758829,0.113699528324073,-1.32982612366863,-0.545081007489098,-0.258820605286874,-0.128916065405375,0.653222621204993
1.0818012392025,-0.295766110904939,1.47022314850397,1.22943999902761,-1.78513758409073,0.225488884670692,1.40875421786629,-0.117832322235201,1.54748498593533,1.09873135815537,7.54238809657518
0.403409028730734,-0.500559203060171,0.0137021255225818,-0.270355915666541,-0.149878529384621,1.50750199700923,-1.45005300683727,1.83764711917405,0.593016449603968,-1.04376685886706,1.93680226569762
-1.9865265697668,0.254562173058445,0.319847380024338,-0.0393441735068641,-1.23751021616513,-0.750942510797537,0.619429515852854,-1.58556288186077,-1.66391259286707,-1.041602643629,-7.65421133535211
0.61219400115598,0.272292564867296,1.39266369058907,-1.33579209724625,1.31130703984978,-1.34992661530323,-0.475741021583408,-1.00193639337003,0.466866810369222,0.385329946310241,-0.498746097654246
-1.68333989823564,0.446987678602095,0.077464390945716,0.620276272633304,0.285576687535732,-2.24169908437467,-0.374001900091487,0.847161276807801,-2.11178768586224,0.789682586051002,-2.1620019937824
0.762254291829626,1.063825612257,-0.353995882798104,1.4337471972278,0.554749659112998,-0.580702597373043,-1.55252667230402,-0.0479651828651881,0.843173090610823,0.014472926473314,3.94340849051363
0.859112628674074,-1.13739955292513,-1.11179279580681,0.561637232547516,0.235750023693637,0.701604924844156,-0.156141726440365,-1.62700418602915,-0.00412824924329816,-0.00443959246810601,-1.79060413073307
-2.15436594916418,-0.595617755173914,-1.44544220543196,-0.320508411351231,-0.704798904529261,0.654165031823096,0.415790161956673,-0.394579936429636,-1.64082189661314,-0.0942642918296259,-5.55326671777403
0.215654510922172,1.63380074726534,2.34859486786877,-0.0278101497558665,-0.116861338509882,-0.100188806852527,0.777362006642109,1.84623661485494,0.546124539272934,0.387501289161553,10.5127599258206
-1.68866286618155,0.270304909097804,-2.86975976434084,-0.10331967598369,-0.526776282106122,-1.38275746207599,-0.561628526637117,-2.44613728468882,-0.682328568648388,-1.66516235302859,-10.609190330506
1.07612128326366,-0.153486239397344,1.20550053935415,0.344615623396728,0.926970024487423,-0.0321496566070838,-0.140618670617035,-0.226991211642319,-0.310536508291463,1.70529599395496,3.63237592180064
0.811190056800108,-0.345108347737621,0.640502165577225,-0.273079671807672,-0.70972654232335,0.950937454356511,0.0519036776679606,1.58842545088815,-0.836648128309899,-0.233259952055594,2.17452804168685
-2.90424906000473,0.340553758340999,0.45651098252654,-0.198970383073095,-0.65703150729548,-1.53517365534249,-1.07974062629856,-0.667387958658024,-0.865676783622858,-2.2100074157217,-9.54850464814182
-0.395222258065738,-0.204473305370385,-1.016366061129,-0.809240223806657,-1.78271794782259,-2.30988909425787,-0.949859535883774,-2.66304828338321,-0.814861031864928,-1.50891777507664,-8.84403151216236
-0.95219478492289,-0.321589766758912,-0.284534322921281,-0.556485020444427,1.26729756075499,-0.951488905750561,1.01360706322518,0.376107845629676,-0.20435564219894,-0.835098283780107,-1.32182161440294
-1.16429489580219,-0.539799756108309,-0.83128017932543,0.21141674329933,-0.772458313028001,-0.288426383297818,-0.265033190742257,-0.453904865204864,-0.529649808008023,-0.973635273477413,-5.02922029688399
-0.723680213233581,-0.112982165054214,-1.63939287542053,-1.32150391924095,-1.18951611652172,-2.09793098021061,-1.95373385396244,0.172146529008567,-0.880319771660469,1.34726166381584,-5.57093479079973
-0.972941533028161,-0.0305597697539757,0.0937093121032509,0.104633763284615,-0.516601349836319,-0.0596113511728266,0.682670784826242,-1.22068271344115,-1.55941691927513,0.282640142701032,-0.883328703221463
-1.20880290552474,-0.0665349588699271,-1.17328200740904,-0.128792111300429,-0.407776862991342,1.11911241066443,-1.37090969753537,1.25187075084528,0.266749136464972,0.128136656689802,-1.94963244311751
-1.71822245224249,-0.895009132787867,-0.38677288619275,-0.567080772153629,-0.479829909070531,-1.89401390534611,-1.0910982979337,-1.18073989865434,-0.96514356037291,-0.252594650869472,-8.51724034162241
2.69085587661104,1.43316680334009,1.07464240720665,-1.4661724320607,1.02297790439432,0.815548204705048,0.230459659887499,1.04411859626606,0.803011189058268,0.690239492360754,8.94525877976312
-0.465450763358247,-0.085103432944194,1.27018945626679,0.512784607740494,0.454256431657904,0.670387729185449,0.380585432215247,-0.0446493166539763,-1.38991682615726,1.09442182554159,4.96530722947229
-0.531181978527951,-1.43010559641874,0.338020329979088,0.16023079124634,-1.63788008112256,-0.00529086424172529,-1.02217881203509,-0.74023148379909,-1.78756886875578,-1.74303784753174,-6.9356803778605
1.22171964946019,0.345742211818086,1.16867301717937,-2.12829874779027,0.524862568004865,0.382336626749639,-0.208443365666399,0.886525533131176,-0.0108164877616791,1.56569366882735,4.98528881549362
-0.0111730468016021,-0.627229566082518,0.406008524427755,-1.2374292881269,-0.0202135478390544,-0.811905978484497,-0.150522901838554,-0.140343074191485,0.408428771671162,-0.448421553824824,-1.46286767897455
0.833324731445477,0.414683963322318,1.29331675714974,0.504750734516047,0.593393418529619,2.32980087000929,0.473858304795266,-0.639897911426657,-0.0512689063136952,-1.05408044464306,4.20854451469042
-0.205675754278941,-0.0766625213707914,0.0610230165519776,-0.250724285252326,-0.0646347107873217,-0.826491172911711,0.0105794521562125,-1.24492405272504,-0.332962079673353,1.29329680233625,1.2247074854953
0.493874584683749,0.513400516000412,1.17989085107979,-0.402148224732152,-1.31388899922103,0.781169966753971,0.666599209318881,-0.9102185278082,0.381348442488517,0.0902325152026526,4.19036640270375
-1.83940209525348,1.84389728635063,-1.28318967794424,-1.27941893186386,-0.423380114174916,-1.09272642824151,-0.270688803353915,-0.792544738394853,0.580574070537495,0.144057606885676,-4.67942298135454
0.212752350162353,-0.525709788886402,0.125548053760972,1.14069043417922,1.1911925950454,-0.470190911584189,-1.02744923696272,1.50375083890815,-0.229301988556152,0.903252489959899,5.11565219255519
0.380082687952734,-0.190263102252553,-0.642508534958129,-0.291506478874945,0.812452135490622,-0.114372483357208,-0.676723186834252,-0.0370718838511024,-0.55795667335477,2.05650542370927,0.578751803897436
1.1704256875107,0.570833875013725,0.36125220185815,-0.442382115461371,0.690219539226852,0.509231303845032,-0.810291117654239,0.49327991428221,-0.106389932995859,0.0208297043612622,3.22670401147813
0.00772278545445297,0.209698595951901,1.11537359658485,-1.77383654258642,0.293679458950686,-0.268561966128134,0.391905577517674,0.0578669499389911,0.0303952844932801,0.860294435306037,3.74119313930939
-0.136149908412438,0.990369272997443,2.27513190907793,1.37694825761037,1.99112877628485,1.06406035901852,-0.104433976954726,2.13683169670196,1.27587782641016,1.01495435451435,11.4442279376818
-0.575260479250104,-1.51571104041226,0.0943557769408575,1.28912129374794,-1.69360814029084,0.437336669809322,0.265048068029763,0.0504986234970822,0.0209452352960679,0.516333735358897,-0.342629123808173
-0.598485524274275,-0.931886662566533,-0.381895041670446,-1.00480555342166,0.255251010195542,0.0609600256352869,0.356943223998996,0.525313487386711,0.902194200703677,0.987391906702608,1.94787922832361
1.45817546743663,0.410480743007579,0.506005254158264,1.86557012924813,0.997981634185663,-0.435303044144793,-0.461449669821904,0.535991010217794,0.00803853941065035,-1.09800865108667,4.75693027429314
0.871260980653414,2.06184218877954,0.595010828232794,-0.0159169484709332,1.1119963313078,0.946633228732698,0.375796704683846,-0.523188657966668,0.627724862077675,0.835966263046178,8.967252264047
-0.586392160297984,-0.550446876848218,0.214297813573719,-0.510296300503324,1.41169743305857,-0.0851247625782573,0.0635292904513203,1.11911126575729,-1.11528490101634,-1.13400319691504,-1.70796739628281
0.78549357720935,-0.48322045744103,-0.546730065687938,-1.62984276308516,-0.959326112623133,-0.735210068629913,-1.23885475455626,0.446734072944002,-0.403256378464294,-0.252881056600024,-4.58617631922362
-1.6967964181191,-1.16468860602428,-0.396182538369368,0.309751027993924,0.372981720536453,-0.666952742026633,0.255659082739824,0.377039213472256,0.365138566548121,-0.55610759344973,-1.33224193324723
0.391170837011829,-0.238590347785317,0.575367545562975,-0.313011675188371,0.123790799469832,-0.807310940072771,0.865120834356664,-0.302770904388465,-1.46558087993753,-0.728417030372638,-1.68679800866285
-0.867189661891164,-0.462049628872826,-0.430124611745932,-0.330605220637028,0.725194834609074,0.869247620748422,0.379039710843864,-1.05162547817736,-0.487705764063142,0.691873871617099,0.263067274677709
-0.692573451912824,-0.684756230114614,0.642984839007679,0.959000467373252,0.540395496226598,1.10874221950926,1.29810776107912,1.87515109818713,-0.413328643981966,2.82550937689327,8.72443615290727
0.847091847902644,-1.50210674888185,-1.71219794015345,-0.245997102108393,-0.619970134507552,0.202170668847699,0.296980893853727,-0.369846404895823,-0.487523025398503,-0.267605147583451,-2.7147502368331
0.799599830627117,1.4230248011631,1.03418860009699,-0.0899204087525156,1.20478572985157,0.430102482908921,0.784584013389449,1.09500380781589,1.70895785332509,-0.0209762226229842,7.65163640612872
0.842966128984926,-0.0171236424543419,-0.649947824714134,0.0799550814774153,-0.136361019462178,0.698747417970197,0.662025805183845,0.0778757873339282,-0.339050896578263,-0.114462234640671,-0.666840062895694
-0.168012541991341,-0.327195586549146,0.854746036487885,0.507369692921865,-0.423733145985719,-0.0470722175310902,0.979722393240642,-0.695676165126073,-2.30280525870501,-0.876039581400274,0.661634281806063
0.505921614903447,-0.506136454659464,-0.651238758273647,0.151004056215604,0.523531092829259,2.15430436765864,-0.566867071314664,0.210952254010252,0.798689185495984,0.398531868939778,4.47022554790192
-0.998307961686223,-0.461595253792543,0.455308773151198,-0.0483091570341561,-0.223404904547375,-0.228646689230166,0.784432052746389,-0.8669549013915,-0.980729418850889,-0.324327114227813,0.0608431432036831
1.43763660472239,0.226247687607845,0.435787672664032,0.577429237791006,2.34536747339649,0.141012601375892,-0.323862402389958,-0.405496282126641,0.82666160815427,1.52976690269178,6.06385356372947
1.82398130676039,0.295102661596138,-0.364525823957925,0.770971513627862,1.22879739601839,2.16013077034275,-0.230214733440251,0.484181905412909,0.330823536171169,0.38215909888688,7.54026889323657
0.656846050482309,-0.175296484363187,-1.80146694136954,0.390989467129213,-0.0837602897520273,-0.781477398476272,-1.5164176761513,-1.87251569673107,-1.00884731089904,-0.886136842887398,-5.44385130587215
-0.870595851496616,-1.31842920156047,-0.224372467797616,0.580902446957775,-0.748900058332544,-0.651728444314776,-1.63244031759284,-0.577192592629986,-1.39403029410967,-0.589584007236928,-6.2486158875167
-0.679183544762684,-0.905994055790025,-0.000602107170049589,-0.472333118698695,-0.367164781482822,-0.32447650829362,-0.873250590163783,-0.935365323221987,-0.489507723658645,-2.91086887834628,-6.79019116069184
0.0805873186940269,-0.0830802135842917,-0.49136359685798,-0.931558275668802,-0.47138760854588,1.16758887149077,-1.59485885742268,-2.48212212782965,0.246453630079238,-1.20640931073813,-5.42993476622137
0.16257795827836,-0.582916802496867,0.11789004627102,0.171465101629483,0.792343235908575,0.843024628921494,-1.03131189882345,0.422929487236536,-0.0325962502259823,-0.0281407339345691,0.664173849785973
-0.0647124574204521,-0.12927714454976,-0.0280957337427115,-0.708751871657575,-0.41457200315967,0.49638046730841,-0.406603708561275,-0.0736431103334701,-0.682536871450343,0.0187401733991118,-2.39070519655424
-0.64807186259398,-0.481127306115159,2.07068898736033,-0.321682136368603,0.287322356564655,-1.70012548436619,0.308806483900208,-1.19241205017754,-1.77750742523786,-1.4215353278312,-5.25425906671015
0.936684374777597,3.21635360759456,2.0427914244964,1.00381824995983,1.63888967532607,-0.213586511285048,0.145539114471732,2.91108074854595,2.33096007398394,2.1682036654696,17.1904518136429
-0.565420399452014,-0.977000434935651,0.215685621028202,1.93083451312768,1.18757984971915,1.96462556214873,-0.464375039817685,1.62863041337876,-0.34636301652776,0.426300906300702,5.84759476620407
-1.3238987073319,-0.74907695270839,-0.58561135092882,-1.26446581730475,0.440696109103742,0.193998145784627,-1.91117972082427,-0.20943368182441,-0.657124310382974,-0.270081451158854,-6.74708646742901
0.103834468633039,0.586539116893412,-0.0457497569569243,-0.738726840105647,-0.113937524341508,-0.606911608067002,-0.694730054576179,1.02943547031382,-0.553424633982395,0.268130338724836,-0.207113119147758
-1.4109147350736,0.482343434409195,-1.27822432861805,0.339219210687982,-0.916208028797401,-1.3929669181416,-0.102859621180331,-0.823622285717232,-1.39145887298928,-0.962756262862349,-5.11206676950623
1.50974151962573,1.00051614323526,0.461774580112941,1.03039573440962,0.0862313434159928,-0.331240622567419,2.02433974100912,1.25157519899636,0.0884685920176715,-0.470938510913882,7.74418859799396
-0.908735927924992,-0.438838071590987,-2.45070465618358,0.468447128895178,0.161883757381711,-0.819307331364243,-1.44552060882276,-0.025634915554635,-2.56011299290552,0.225722932498164,-8.83011409606987
0.144148374305587,-0.613892169073051,0.342043002000757,-0.327342280180041,-1.11168831661991,0.726266874148759,-0.60710310316099,-0.873292864856118,0.525319888685607,0.292434820758531,-1.67954224851882
-0.640431595660731,1.09120250269631,0.341594095439071,-0.374418338045774,-0.73820718626383,-0.352676859070771,0.246437390846343,-0.445972838245759,0.175509157988971,0.155374731261477,1.37502149453169
-1.04956625317469,0.405432790404517,-1.16199057806926,0.134397245146132,-0.542735951824172,0.475824491104545,0.438953543831143,-0.821101411007935,0.80989798130927,1.00524289950555,0.966850075278694
-0.802209405169624,-1.06667565776746,-0.605453861203624,0.305773094778643,-0.244617823804522,0.516726611720845,-0.393375874733589,0.555217557399661,-0.596202421633695,-0.41483925770579,-3.51937962492127
0.40020188069004,-0.150319130952913,-0.361791663028992,0.764131206041032,-0.467307540920104,0.719794933857292,0.582901195042433,-0.0639326447713298,0.851813953940409,0.543361444537402,2.83926809981203
0.634958316273617,1.29946707549744,-1.27352355025684,0.24473397434251,-0.0886321516460393,0.268117119916715,-1.04811604349184,-0.276826587590002,0.396678891249148,0.126498648223308,1.64980516588625
-0.380122366083473,-0.216183970441385,-2.16816288721277,0.414136652308948,0.743505498818117,0.549419407762424,0.652351825669992,-0.190146871222875,0.729757966861756,-1.16882053764435,1.16441508749045
-1.27295074301514,0.603792464216193,-0.457426078197325,0.631855022308795,0.258706462506374,0.315668395885926,1.45238580603234,-0.248869298048761,0.845140531180781,0.0105546740534785,2.33679939772165
-0.479683787393692,2.22424011110491,2.24549439589416,1.1148824869371,-0.908434607861579,0.29024789406589,0.929312851689545,1.39436465569877,0.582528805614787,1.35886932931826,9.74604623366412
-0.261583412924225,-0.577949107299529,-0.178650704656646,1.3268466693627,1.1478473866491,0.698281601224625,-0.148882630150728,-0.116518120737929,-1.4119400329681,-0.00848448963976983,1.39113531410757
0.888304087473631,-0.583863875064767,-0.852254549880136,-0.852276552569244,-1.12895185801849,-1.02291003133379,-1.41530913892367,-1.10493522222625,0.109004483661654,-0.885444317758644,-7.04590497298419
1.05538450328986,1.55725537032635,-1.44547332401908,1.28782091991788,1.50560342685558,0.351774981388761,0.276420255077559,1.29213418169516,-0.470478662120962,0.569686630968271,8.04471778688546
0.524614176770775,-0.114192999781402,0.437426990569579,2.04495073555378,2.05949400226744,1.52243814920792,2.67572448991463,-0.173059247228638,-0.140474762979977,0.370663767486737,10.0474648678873
-0.372713540605605,-0.190443233304348,0.603409092435591,0.267747671888801,-1.35331077331863,-1.16276223140746,0.0360535713742986,0.679873564242342,-0.427364622788195,-0.495671116420974,-2.22207032357394
1.3431140396001,-0.550972416782501,0.799516074042684,0.262633039719298,-0.412455450315131,0.784859718070393,-0.548061329757998,0.442890751517335,-0.0040438211962513,0.156506385497496,3.35808148016608
0.794041485243704,-1.57852339055154,0.389370452475974,0.294265016336518,0.0145354627040242,0.517981972929955,0.446139087616135,1.26634943928446,1.02323638052988,0.282437027092486,4.48508413988142
-0.974020189810731,0.798123086217924,0.521456929131554,-0.305323849291808,0.573299944474825,1.17666608620587,0.810604910363463,0.10939315885559,-0.0660893899112316,0.853771663879118,4.35117718633901
-0.943657629825177,-0.029940599782957,1.25389668789219,0.633092500486501,-0.981159461037416,1.76290384928068,0.474673646695934,0.529541463615958,-1.33659425148594,-0.109180123928513,4.02716966924914
-1.71073337524109,0.245900999300091,-0.704162070774439,-1.48283267796495,0.578375292226683,0.38703704576623,-0.735481199377915,-0.482023286439161,-0.720036141088244,0.0591320494486266,-2.97023132230363
0.0196358964963854,0.704721458863201,-0.419475332869546,0.32680616455899,0.889112093294063,-0.986544502791377,0.151986481006486,-0.105865664713287,-0.872957846985465,1.33103133847766,2.66571313150516
0.367346059479422,1.01474634431224,1.65512315769755,0.156926976507337,0.779277972974143,0.600520981172469,0.431603224251992,0.758566088157551,0.0190609788807659,-0.0892475983221846,4.28813301009897
-1.48546754512066,-0.388114887254197,0.565380490789193,-0.909030557160689,0.499504130421193,-0.673492393534821,-1.40335490598319,-1.3274879078685,-0.190448951393113,-0.193899113528474,-6.0141300609239
0.171941281481642,0.1133629725784,-1.27020414400851,0.21498890973915,0.221446410466424,2.04201785428749,0.111012373724622,1.65531722958893,-0.95927812354741,0.899441593083767,4.69663716519786
1.75951789456082,0.54293311464536,2.38649696059866,1.17784192347399,0.421083052522612,0.816797438038232,-0.169376260395549,-0.878528381170624,-0.132358247291813,3.04602898473812,8.23754390393774
-1.21704275293895,-2.27052552768493,-0.107206481464244,-1.28758592094634,-0.176644024632353,-0.304904637468757,-1.91629606265267,-2.85061837356789,-2.24152156739391,-2.31682763855728,-14.1897847368609
-0.0997921286034183,-0.307473931304776,-1.73740046417256,1.8410694883276,-0.886801815591631,1.14918430580396,-1.01150104412129,0.333894252272098,-0.326869844680556,0.11892558997045,-0.359344200988471
0.176401615805257,-0.0358947541244336,0.948054783124541,0.519885179060392,0.908809494173583,-0.688961578183954,0.804550644754218,-0.714497139088349,0.640595922279919,-1.44414601662242,2.26372841347784
-3.52671052766663,-1.18036833311839,-0.859604934051138,-1.08760993471386,-1.25834254113193,-0.836376441943847,-1.06736125709804,-0.119479721996827,-0.683411343348939,-0.240211979452624,-10.810464294887
-1.5522314798036,-1.45858561982704,0.335970807711796,-0.201139935005065,-0.720736168743547,-1.29573658741989,0.395562503862916,0.0135142927010587,-2.09612570287854,-0.27765186741944,-5.80347335892323
1.16289762261345,-0.633207877876587,-0.834229172621528,0.562510524765878,-0.914810527126395,-0.652980337899672,1.06338616926009,1.37371940773934,-0.0464836123709242,1.00235771885567,2.23684836635611
-0.866535334924035,-0.6098760447165,0.543507883216687,-0.00115188592660721,-0.738727531420304,-1.01460125712667,0.150277570103455,-0.812757456400311,-0.116159548791726,-1.22208332710176,-3.11442153521849
-0.324599389512715,-1.4854880623548,0.065063438497339,-0.642394269850344,0.0751324337684026,0.482078682310007,-0.389933983931591,-1.22212041435528,-0.284814646805325,0.416916887687155,-1.58886999456645
0.506133358108814,-1.98309280024796,0.239117485362697,-1.4025480829724,-0.707821089640865,-1.3137517043737,-1.45459250378465,-1.65605464280801,-0.159369188200031,-0.326402597300731,-6.38733681937411
-0.153950578690955,-1.58008373130293,-0.375113550463664,0.161869826698796,-0.955877614580021,-1.80745643472959,-0.927830560513624,-0.571740772812964,-2.92680946062677,-0.964694864365923,-10.040525829957
-0.0926241436344175,-0.270369836557019,0.477570903969344,0.639388119082407,-1.08684860618347,-0.426113344533427,-0.625571612223956,-0.254452388890137,0.521066426089417,-0.343518922039115,-1.01874808049369
0.381275294886814,1.98320597905444,-0.958339269875421,0.111064333071436,-0.478751087872981,0.296165882597041,0.603213634345679,1.0387388611354,0.77999645923408,0.414437694093945,4.84147638693304
1.31874475271485,0.649749419186973,0.231857592964,0.700822404170404,2.19111582367426,2.03568053240918,-0.66816099328579,0.609663436386191,0.665281398252619,1.03391866329321,8.45898584850139
2.50718819936445,0.566322194885918,-0.0738288901737771,0.41895702678604,0.0480128239271627,-0.699983320732278,-0.974490665018606,-0.244678595165371,-1.20343799913656,-0.422609666179947,0.854803015591825
1.4046532622784,0.296496917863458,0.4936862869346,1.34028565327739,-0.106499017782074,-1.54155879837898,-0.0543616182628031,-0.938341813965085,-0.0930242736137235,0.928556208663526,2.77451765492757
-2.01653933833426,-1.95974286926226,-0.472160880205059,0.117069292368713,0.422993544883397,0.882268630670976,-0.364322804832172,0.83086991306929,-0.265983898443668,-0.89028495608309,-3.71967424906527
1.91393511625181,-0.435671671795363,0.744028813599524,1.23983852804485,1.00713612901444,0.223197709705178,0.26410286908636,0.0263435245049883,-1.61190524415522,0.451482622170577,5.03654436660692
-1.44577328878319,-0.000674730329721366,0.336998523405781,0.33880594876526,0.854069081162504,1.55597965504697,-1.03419815995911,-2.11689455879818,-1.23986642319312,0.957343601351597,-0.0154699439790541
0.157064004246438,-0.0539583256833124,-0.334673281840469,-0.789584827917296,-1.12620491645042,-0.86677738210036,-1.75140629530114,-2.75134893623997,0.0299263791675804,0.154174877287442,-6.28069613702
-0.470316395195175,1.96750803434389,-0.786784755708226,0.213513922984351,0.21588777271965,0.792708044899941,0.597914330641941,-0.104132794311766,1.42332166773803,0.393264456411494,5.29798358706511
-0.301853101574061,-1.10265809075763,-1.27379008847636,-0.368742110167023,-0.557845866216439,-0.0505387935337314,-0.965718850926377,-1.34600722885669,-1.72366927477029,0.311856825108879,-5.10175200105576
-0.349428283988438,-0.0618410925414303,-0.543865368609262,-0.09417958689391,0.267441317066353,0.222715883730568,0.126674551342626,0.23427913043859,0.93197946655996,0.341953303639335,2.66555499032123
1.48586793736187,-0.678932741776805,1.52874652252229,-0.00678632390193249,1.06338311397293,-0.409781287881527,0.773357167410261,-0.556979463367271,0.0248935867253303,1.04473703953435,5.76129091751557
-1.18921195737484,-0.390771598381508,-0.709354766664449,0.476489533284401,-0.398871047441545,-0.454621593476872,0.152434208728373,-1.06001843963153,-0.225955939545117,0.0766636957306931,-1.78920689502103
0.994423777595067,1.09841508478994,-0.16470572726006,1.70385027590535,1.93603065368513,0.775352426817486,-0.625517772472829,0.40896292449933,1.4324774147607,0.189817594634114,10.1458765753428
0.448354640265135,0.161486333044057,-0.915997314037398,1.27299667201201,-0.543163191104027,0.540439501628304,-0.122905260400344,0.956702159811708,-0.0608256450943459,-0.54302664169672,1.823110244295
-0.470316181300809,-0.986548431533329,-0.187742748521009,-0.916263952636839,-1.34855900694103,-0.815496980617155,-0.471455858533195,-0.417245964402882,0.274078393833885,-1.27209318611073,-6.17074040585346
1.55152090440541,-0.370551979858588,-0.556421995455966,0.8580029246222,0.394102323067429,-0.187641185790765,0.929860245364693,1.15243464339112,1.76574424073811,0.59106849114333,7.54325979408821
0.298046123907968,-0.815220924650187,-0.775798480845803,0.712439884938065,-0.233106581093295,0.0347662559499138,-0.716302200373571,-1.24271171172733,-0.233938203686663,-0.616534243095338,-4.62241986515586
1.08800350322928,0.968220396072159,0.489121993083088,-0.0113259942331004,1.98223850363156,-0.172491045898922,-0.424806988566345,0.572432930828891,1.02129116581018,1.27776171265209,5.88384492930317
0.638346565533814,0.332115850422539,3.53261970008022,-0.809316658069695,-0.861805424535253,-1.30641329431971,0.440666585379462,-0.552018278885012,0.574821316458673,-0.0585970651625089,3.47275845050034
-0.939155274391261,-0.73208751431658,0.0752197472166113,-0.703931338967349,-0.203251488242308,-0.608788835639885,0.522287957186648,1.40602089909656,0.806626381690807,0.0909508593860884,0.847020650101382
0.0465829411451335,-0.408612632181631,0.0785435098814013,-0.705741655226223,-1.74299620823518,0.373816578837539,0.712981870407033,-0.853783973827916,-0.655829876196992,0.662407451685703,-2.643670685533
-0.324055931213662,-0.102070362512134,-1.23117034173688,1.02425206623148,-0.474934610217535,-0.833437831680631,-1.12285633549759,-0.624288311746637,-0.358849709301563,0.232415366256176,-2.88309087669502
0.862049001850523,1.13337614346513,0.80088016994845,1.70648968059943,0.550803012294407,0.0967030403290564,0.0150087861842598,0.459495837474074,1.03158252591991,1.52341578735511,9.66551837912407
-0.121301434553081,0.482765096871866,0.0678811104387275,0.55963261883247,1.41283623247428,0.23629554136331,-0.22484785545879,0.0211435482323291,-0.229885969727831,2.64990267483582,7.84129812207281
0.0214531597426806,1.73427948680643,1.41945887019991,0.790835452268326,0.097946732702366,0.691409361272435,0.316176411174456,1.19031504517431,-0.475007553239617,0.779219919474955,7.13363974585985
-1.21488934284963,-0.840679086241676,-1.16889232421512,-0.834042697081518,0.598284996443339,0.00360388604304601,0.395972306546079,-0.525036458708582,-0.904380239357378,0.00289412144747186,-4.39948649252422
-1.55458831114997,-1.41745941863424,-1.18367285854051,-1.00261795154677,-0.360354924504912,-1.06728191602962,-1.07112882682189,-1.79967121811212,-1.18276363878065,-0.904171479490715,-9.56139475895389
-1.02929223960253,-0.416514386651361,-1.41749936851201,-1.53697968631614,-1.74672070770449,-0.37566198078666,-0.403790571669439,-0.812590957413509,-0.433555314644412,-1.30657683465911,-6.27025897990648
1.89589401929943,-0.0626070042798303,1.56955030416742,1.35982065770678,0.397638407279504,1.4812952503129,2.04396537946643,0.884768727992789,-0.393273683184779,0.276978555388757,9.39724903811407
0.451034751896613,1.47275684989763,0.950395922619078,0.592103783518177,1.42552788793947,0.0424416335855992,0.591026568493332,1.39068580796061,-0.219467615592632,-0.391204814283167,8.34900607062556
0.0614296903503886,0.0628521635011171,-0.147781438272649,0.602004913877363,-0.105825847977212,0.455055986248066,0.307508151837137,1.35803409871786,2.03040680260701,-1.04749375245331,4.99607296261369
-0.594975157766533,-0.711571974829266,-1.2757862043609,-1.4331060009216,-0.957336741216501,-0.446219075447764,0.727207839215072,-1.18905907007365,-0.859312061069875,-1.19123286536841,-7.85420471756242
0.609333271211608,0.549950187144934,1.30894521668374,0.261989768069747,1.20670983683684,0.234172193005281,0.493941764897991,1.13692219202443,0.0675403210094811,-1.00458530752897,5.52726936041583
0.124676997870699,1.09871164752353,-0.614782001684045,1.34253898626388,0.846846736043402,1.73337929430916,0.962029189602466,0.187498105202244,-0.657559583637065,1.08863263419756,6.86995333118474
1.04620541517302,1.10292812440236,0.532499715247711,-0.388910715519317,-0.16589824085605,0.626535606595275,0.98015989534212,1.94623111799674,1.38920562794885,-0.731550502620652,6.50279605354762
-0.553278096144341,-0.613718295922138,-0.594639349139868,1.11914981547301,0.732621198752612,0.350726793258062,-1.05927788272847,-0.37053460534656,-0.771228338364076,0.0212279655376331,-0.293911114049046
1.47650599289166,-1.18897593907513,1.38241885611796,1.68753823967194,1.52740232676172,0.0839155631337337,-0.0581435944538993,0.242583482385558,1.6202997044234,1.19941455158065,8.44631566939975
-0.430461429976364,-0.490988093519758,-0.351552281583871,0.976208236718896,-1.27833948617479,-0.222663804949323,-0.533903716629152,0.112045135313829,-0.60862593902337,-0.319395785633685,-2.35376223785441
-2.09274717560649,-0.158520978182868,0.0274611050919063,-0.565175573302623,-1.16780022498444,-1.417247378652,-0.524394809178939,-1.47433250586663,-1.02595830079375,0.179929314826071,-6.00654512489708
0.161313517015693,-1.00043410093793,0.413810260996489,-0.475331790900097,0.88630538904317,-0.800132720093807,0.215746317469617,0.866022427483921,0.3719361832375,1.41416720499779,2.60302257428335
1.01629034978753,1.49613315479121,1.29532777196433,0.400619008104833,2.83664317740316,0.968169642934533,1.04790240486638,2.26016176199139,1.08017314866711,1.34892144617777,13.9715772088474
0.0984802462040381,1.29440838930388,-0.0308605517476712,-0.97970483305586,-0.385436878803756,-0.898619425744296,-0.0997913371935891,-0.341712345187501,-1.27738374313162,-1.42059479746594,-0.377099360884994
0.249417869831356,-0.562024316409603,-1.81848812488663,0.127883119876486,1.08905661007459,0.587979410014813,0.112761408959071,0.488581025003929,0.98824889810163,-0.543305815322164,2.93179975466326
0.838306364307769,-1.40514998783425,-0.634425489542521,0.776171495051783,-0.0984088798330229,-0.90903493261262,-1.25539449284637,-0.154537811180091,-0.681303410688839,0.203578747015417,-2.89719261053625
-0.157615700656516,0.92381454205706,0.308566425212313,0.158991506532172,1.12139423432507,1.33186320835735,0.355939660539164,0.292547310169358,-1.15108681908278,0.0769377597114217,5.34147958335299
-0.152533833244543,-0.921670789401901,-0.79215074340439,-1.31116868736475,-0.0679680010555935,-1.14024056791308,-1.02272857419664,-2.74656269067926,-2.50039697454167,-0.467384264796283,-10.5309808926549
-2.87299864024644,-1.2494305772186,-1.79066455040575,0.331082328474282,-0.0314844339588511,-1.19423393846374,-2.01317765280459,-2.29576640522751,1.14608279453921,-2.05309433215257,-10.7611893373937
-1.44398052238649,1.44500294651195,0.869886384455664,2.04953582775134,1.21959406295697,0.00869527333407744,0.697139950856146,0.828798705611241,0.604678826450901,-0.772323221905699,6.60000223696629
-0.506706014754959,0.278966792215473,-0.520563133299827,-0.37576381103087,-0.246098170252346,0.341839641870539,-0.00126348449477862,-1.32788904790882,0.713938351325878,-0.446089489500867,-0.0610208539022048
0.0350245415465743,0.870502992936383,-0.186786546023928,-0.848820547985478,0.52956619227038,-1.76562859264275,-1.40753744731834,0.111723511915704,-1.49867458073112,-0.520193721993114,-2.11401916820247
1.56536070344138,-0.0995248822262974,2.42054901773933,0.474995561857943,1.67531686803411,1.27421249908609,-0.52802603546685,0.147976462788991,0.708569488201911,0.791841150684426,8.40785326891314
0.335750332568416,1.03486332044396,-1.09662902625077,0.00459775716204173,0.146065367844896,0.00410314433881318,-0.206457517498211,0.314488338746005,-0.981676400978861,-0.121930338476696,-0.448477037328264
1.70162836958627,-0.271036415218994,2.28670415667747,1.31096244282093,1.0369748616468,0.488834789803288,0.539704617242036,0.0247347090563623,1.54517093934229,0.3269315203309,10.3770899739736
-1.04453241402404,-0.206142578439363,0.570445969419347,-0.509620059037123,-1.97485480618791,1.60516740484912,-1.86317498941216,-1.09662010011278,0.805960233664267,1.29849305858967,-0.561540816942272
0.6032250219203,-0.498345193602289,-1.11171073604653,-0.438987887394076,-2.47293013256034,-0.269653340794133,-1.32201785473721,0.0468102071866485,0.49479267369777,0.733797040825943,-3.1093591251098
-0.19053165801112,0.340599277033773,1.29787723687561,-1.34697219190971,-0.487126499588515,-0.763813612744095,0.603400395654878,-0.536927274752445,-0.255507098067581,-1.32554500760633,-2.88328373302124
-1.69161875049065,0.196458484702192,-0.193686810794283,-1.43019823650337,0.780778472119947,1.52011054679836,-0.541768671283474,0.111507350137946,-0.40304086589356,0.187739821344188,-2.07605650605961
0.383964530612366,1.10219333778641,0.518108693529284,1.32555563427756,1.9018603866477,1.16262643973297,1.71100336658563,0.694759785209803,-0.55108306661757,0.720289380761645,9.11878934146501
0.224888615239665,1.18172901068854,1.76182688561538,0.94943709274619,1.35934530556056,0.400763337262632,1.7523136153477,0.0516531763015173,-0.4780632173967,1.57478716618285,10.646195661604
-2.00317797725616,-1.23586807310678,-1.01739472091891,-1.67072150430953,-1.54363314003348,-0.850975685229487,-1.27859654327351,-2.22897664795784,-0.538297215682593,-0.978856151121368,-13.0658531695783
0.887446845620785,0.172978022997141,1.37282010472103,2.48559356452663,0.879078552309073,0.785166188485557,0.354649586354878,0.83989773604306,0.328523368740432,2.1508065216495,12.6610003062438
0.0171865447390601,0.373185687185367,-0.656609033844511,-1.06463668584892,-0.0364831580674537,-0.95417007671467,-1.97307801915052,-0.196762841292645,-0.254088697650172,0.432370924874015,-4.18717925892439
-0.451265463374818,2.09120973608616,-0.943353650331486,-0.703291894496644,0.01690870736192,-1.28660734878155,-0.028017134840263,-0.523555465377373,0.963826289825688,1.18767253458833,0.195722742285682
-0.28141182201028,-1.52274756701419,-1.39303935428786,-0.997694295184693,-2.07287508978658,-0.62437376657018,-0.941394970213229,-0.819296234902651,-1.03774664882368,-0.30739222336569,-7.89200594969183
0.0749051648838827,-0.204737121918517,-0.690891871444081,-0.194951880715485,-0.325700893653415,0.0544270797257706,-0.158961732876353,-0.844190669041905,-0.514755897893645,0.195636440600912,-2.04021422393899
-0.278626050014024,-2.49012595413747,-0.383082914464322,-0.0349697786993051,-0.184847201849012,-1.12992178386635,-0.308028064047724,-0.381314583243641,-0.960307845109314,-0.703767061821813,-6.06023661567809
-1.29329331137782,0.891592753374121,0.95403622623737,0.951541416827386,0.47806092719967,-0.0380434219758649,1.6043952573751,0.389146618464439,0.00151582821010551,0.371919994490808,6.49624055262238
-0.965836164862848,-1.15675742265953,-0.148073244806173,-0.558553471068936,-0.173318904165236,-2.01234104227495,-1.2721916877331,-0.950018891289195,-2.46022963691921,-1.01284544368591,-11.0340796767617
1.4122143457436,1.36887839924094,0.368404390494812,1.16981607041213,1.65450099173901,1.48194403404666,1.11641718152727,1.69643629026847,1.16429199647387,1.37260288986361,14.5660912407395
-1.06644781393266,-1.80983054388351,1.7969569093684,-0.955222753679261,1.01240167139838,1.07867274348918,0.233119266079562,-0.460169089595916,-0.425742189801156,-0.595291560662715,-0.596353267033538
1.26246730996501,-0.45791991577321,1.41309051556531,0.34980640294594,-0.201543083581117,-0.190319483245903,1.87253772315353,0.910501691214886,0.567685661808469,0.0451235865555858,5.31272220299755
-0.0460475073976864,0.706085767965859,-0.0284701121651784,0.624924046788043,-0.419927683198712,1.06382477008773,-1.50641723440243,-0.0394046357786862,0.981065692446637,-1.05208812441856,0.913124358678795
1.88490756559449,1.00400635079228,0.49828316441474,1.61951873333977,2.5542947571064,1.41084649799964,-0.991255189785973,0.161463716438188,-0.464810492604802,-0.501541459074187,6.86734706936666
-1.36917673404478,0.913786382447999,0.133162203980241,-0.542247189681566,-1.13627806400646,1.46104822921593,1.0133397452138,0.107561841939281,-0.000668411121660878,-0.0998776774467954,0.838413799763121
0.525103440875796,-1.28451413306489,-1.20163477414161,0.236013643952832,-0.921395352262215,-0.872763355947178,-0.606546481008864,0.461643131922942,0.0211839928607181,-0.393189756957409,-2.93509093577377
-1.09687341635196,-1.92538747985399,-0.864034940358173,-0.806833014116696,-0.205229856083094,-0.718619813723538,0.440314973350344,-1.61344113566268,-1.67450977139377,-0.399724924765008,-9.03846898646652
-0.959830596859208,-1.85175947366373,-3.08311937873131,-0.971056850904635,-0.146329793903207,-0.495026798470056,-1.333832288828,-1.54426279465524,0.360601476208769,-1.51117262507726,-10.3610623563783
1.62511284727828,0.625060763830389,1.38805047645232,-1.4227784658571,-1.00174123684294,0.1452754175797,0.619563015755138,-0.763513075027275,-0.519186391905386,0.952710627188907,3.14295543175421
0.298548962015541,0.701926401903036,-1.42305130301544,-0.401827628716753,0.246454209345701,-0.838769716823359,0.808349183875681,-1.16835479981119,-0.13785189066362,-0.919154000039375,-1.63091626126856
1.15353490461086,-0.205546431501316,0.690190977986476,1.1793848489718,0.627151288736691,0.689882235447407,-0.490029492513151,1.8926229733748,0.467803445139889,0.0349477470080244,7.79080494593573
1.03884496710928,0.0744586460421384,0.430176367560153,1.62717403355726,-0.0904083098581975,0.705391679737178,0.585230891914748,-0.0609514017612092,-0.39575708645601,-0.0406448143826061,4.22407332592933
-0.843284355268142,0.407916484205182,1.3582532572656,1.16815486709404,1.22461824074563,0.896384512654277,-0.159637420825688,1.16420884837486,1.85713198219527,0.668917791822514,6.99069065166907
1.16352707319263,-0.395359000214809,-0.365927680165505,-0.0515034887989273,-0.781627671834175,0.0670549447651468,0.323727452876258,1.02571552046923,-1.20965821889473,-0.984787185429702,-0.368119868752203
2.03713229696664,1.92166833662338,2.0664223086608,1.75308324861571,1.93839112123891,1.20506749749762,1.78351492590856,1.18572607592831,0.170797092125701,-0.218950231751218,16.2625312555674
-1.70288426391637,0.501162043206917,0.0708011484000649,-1.00295817270472,-1.03358920236555,-0.753283738431858,-0.255731601837202,-0.579931900522136,-0.322437872233131,-1.93868323293836,-7.40560178916071
1.05975264797847,0.0223884628203724,-0.278026887166379,0.0173146324441158,0.120895356325453,-0.412615568084256,-0.168355201906189,-0.437551175486055,-0.338543051377992,-0.560526567422155,0.454772227746386
-0.175492949322674,2.66237648489879,1.6951906966218,1.49572208309057,1.33697250408146,0.646940982379644,2.11423834319911,0.602890785350736,0.950661766998726,-0.492918884904318,11.4260269294239
0.191094905311255,-1.17054733978813,-1.06897725349026,-0.763191045860703,-0.269019301821641,-0.869680650352838,-0.989444691591042,-1.27414499084766,-0.404460618574603,-1.21129935932863,-8.05734396345627
-0.514392800412519,-0.576265085890272,0.763717574908447,1.69417270113902,-0.428125849450776,-0.561350865741051,0.933510798649624,0.515825119774117,1.25795626701747,0.0896020566867709,4.97130218714432
-0.839578074425024,-0.755993642078436,-0.492690993147149,0.0660369408013778,0.452239249044283,-0.017240331507939,-1.31512946929095,1.58693129406016,0.824452686180195,-0.0918316139004779,0.403916053654533
1.02476659380485,0.128858637040769,0.850502701192401,-0.14265491636915,0.793171734417911,1.75992111478038,0.994892262067698,1.37706287821617,0.141922887395679,-0.148817531770063,6.92040435432659
-0.826907201076013,-0.0992790075982752,-0.766176159837415,-0.0591620857539679,0.677113229778705,2.0863144816306,0.127058549236662,-0.637815588561419,-0.00598599922584795,0.0918761292183861,1.14285487855576
-0.192664021105675,-0.67999365866206,-0.118856569343071,-0.7711821531878,-1.72448461710691,0.053976114073996,-0.684883687973323,-0.333550098906122,0.066616037249257,0.121202190056979,-2.53471837740944
0.680237189677699,-0.397605589088556,-0.635852858337971,-0.294796113065785,-0.105572596240165,0.161464055948071,-1.1118773658494,0.768084516427879,-0.322076661478047,-1.14754958772754,-2.69771324770189
-1.96532073920328,-1.53883952424769,0.195021984728939,-1.0478319734896,-0.944497571962178,0.32944008632091,-1.08396530316245,0.386297819904491,-0.607415963021499,0.333948555503519,-1.64348475644475
-2.03752868815551,-2.57193165954514,-0.921333822339684,-1.78770041580804,-2.09981541168517,-0.676211147263856,-1.34360524421864,-1.92481372928956,-1.24551779788015,-1.58469548346297,-15.5903792240437
0.912854468840793,0.0293201756596875,2.19842731016556,1.28520662130662,-0.089204071361264,0.78610329893555,0.577614513431949,-0.223727694517523,0.713043542963357,0.656531762175598,7.76169006995833
-1.67279414444669,1.13908639255352,-0.358231677836206,-0.406291075746408,0.519488150205149,0.448781164512779,-0.441531398375165,-1.364367715482,-0.722575583684372,-1.28680372494816,-4.39306385619065
0.0040306764741024,-0.0232645374154101,-0.555520435445255,-0.113901960557366,-0.565868924847684,0.655320059875437,-0.80786568153245,-0.45815149680343,0.258989615940545,0.135512359606195,0.24597210606308
-0.394872525321014,0.494257739482965,-0.0591464588975518,-0.294190969825022,-0.121620506072097,-0.239567093739126,0.726623107908674,-0.0510891886329784,-0.500676716176005,1.2424290262655,2.54633134246238
1.46623782507815,0.977351917802332,0.364514621072202,1.69124900983767,-0.602739890930662,0.228914671774118,-0.376263572648049,-1.00409630317187,0.659013863110642,0.552160606980549,6.30781763544462
-1.79252567624283,0.233228702066178,1.2525786174897,0.798294932386929,0.264897830200166,-0.514976860681378,0.78324165789553,-0.199152841561534,0.942124243699489,0.277035899778884,3.82973621105255
0.315162145875387,0.0679332794338874,-0.485700890310523,0.568355636692108,-2.17647252551246,-0.0317786730129904,-0.466098308245716,0.780068869627002,-0.075177533644418,-0.814108240602248,-1.05535201896922
0.0497957219690913,-1.38514481670218,1.80868251101326,0.439076482473284,0.486687261035293,-1.38448532618203,-0.511184850454212,0.265810409422444,0.253188920842809,0.102949723007491,0.920703111989278
0.767705857432519,1.02886769219137,0.15201561089999,0.608367701919609,0.0603504809642431,1.25890678894801,-0.173726950223171,-1.05035063682068,0.0400110991181831,2.04105289484291,5.17861844389365
-1.04491577514637,-0.82124234266789,-0.458510834168787,-1.14540758953566,-0.361616502007559,-1.00834822694635,0.0202641875338074,-0.735373944481538,-0.834815770263226,-0.737065406684784,-6.76138911837494
0.695063172051227,-1.43925741347408,-1.28061178312973,-0.872716924099171,-2.49746546448389,-0.935617110547393,-0.756386752382588,-0.655344146830102,-2.60671342864459,-0.260643107444953,-8.90779264040451
-0.10221764754934,-0.574398001130055,-1.85556409306927,-1.21101065334715,0.0836912396981805,-0.120129991850044,-0.452813349927532,-1.32805535257692,0.374834784900792,0.232863537768931,-2.33011931383943
0.304693278986939,1.15460539783921,0.16681011065768,-0.250293333373986,-0.280109431955502,-0.654292765771553,-0.0375220235005128,-2.0422944383665,-1.72145321201946,-0.781912576163765,-1.6937371099623
-0.791751733726654,-1.73059206987184,-0.243798352483083,0.9698296393503,-0.901635907551149,-0.430112268107379,-1.04859597672114,0.551583766398027,-1.41352573142612,-0.99092682002242,-6.95937308227345
-1.44952459670072,0.485573776008729,0.673885656816064,0.390620808704551,-0.159318308661883,-0.00835250340895929,-1.13499603355416,-0.425796282166671,0.0431815144436212,0.0580256815500759,-1.87723158733866
0.394992599027161,-0.907467468841759,1.07981441532076,0.138797151228929,1.20153722395511,1.45029913991009,0.412039427077653,-0.982866167197398,1.43381799849426,0.54039860298042,6.11913216015941
-0.416250862223803,-0.539226038819053,1.3770591731548,0.695660141138452,-0.325548848088879,0.697457762119662,0.731372075476344,-0.268390088739094,-0.742672318413421,-0.671883718883328,0.966332882185272
-0.860323039516227,-1.62711217170186,0.0358803864073481,-0.768416556957471,-0.705300107109008,-1.88515339373262,-1.15070647173139,-0.837403910414119,-1.27344254032604,-0.54266355957002,-9.04308767682359
0.194754581352858,0.585951894633602,0.89830864923428,0.0903552213532105,0.264079709320118,-0.817378662107406,0.825600638087163,0.80152053831962,0.412002083334738,1.3922693998223,5.02495557668917
-0.0198169161701993,-2.7850815464035,0.401702102248214,0.801751217474483,0.0766780555370115,0.0538000180555097,-1.82752967454106,-1.37566140215678,0.459098948917876,-1.21141410548596,-3.83605911142854
-1.83470485162667,0.034377956124712,-0.23315000290579,-0.342625607474742,-1.73903228844636,-0.318554323278801,-1.34173217988767,-2.28224551388985,0.0158945350998086,-0.600968679833234,-8.19801689022068
3.106926523755,1.57790545510461,0.182556291532112,2.75657887712501,0.873140421532535,1.54384103930709,0.663249620001621,2.25544812979858,1.20483101843422,1.15034582525565,17.2985080219001
3.66182215855729,2.2137068064615,2.9654946168459,0.594903647894955,2.23462469301129,1.25677108349701,1.23293024859345,1.49882208698569,1.58451913374333,0.306109581458696,19.9011152031
1.46350571760111,-1.86316762332726,-0.723602231819474,0.659358769876336,-0.477502459718248,-0.850394133817319,0.802253817213474,-0.350104881161335,-0.762140934113616,-0.259997010372402,-1.09041687380283
-2.14024650924631,-2.76371179928008,-0.937126964599947,-1.68026279718284,-2.36024436298008,-0.457336236189687,-0.492277772111564,-1.84002817008935,-0.69395495009005,-0.338084570649591,-10.54475885906
-0.0254442175114996,0.00280812096107829,0.24586936238116,-0.0358343179946731,-0.180549613286307,-1.80179937156445,-1.70253982013899,-0.148126565453476,-0.893312832370671,-0.00234859390036916,-3.64064033711799
-1.00366862014774,-1.1902592905886,0.318627915411102,0.615161801838009,-0.61994121267023,0.0810215028392634,-0.935597064692209,-0.423646614969118,-0.0282324146621081,-0.463433379591819,-1.86274941987102
-1.27685820493385,-0.694379057664448,-0.0703917914005914,-0.33876945855404,1.63826595983007,1.64682823701355,0.782089027377364,2.92512648878249,0.867971100210286,1.12326369031464,8.78019368880206
-1.00255319348122,-2.97918514019575,0.345226217002534,-0.678842147713236,-0.489569536706194,-0.279416885400394,0.101824097893666,-2.14457443165316,-0.615310498120861,-0.580134091981248,-7.73391009484717
1.94520658508551,1.53753285473644,0.994863584492566,0.127183422037496,0.887104537238611,0.777784147659062,1.06940356682339,-0.257877394877186,1.30125769076853,1.23032923568561,10.5512455320943
-0.127101660170206,0.621799929107072,0.554722399183606,1.98356394482389,1.02318294135535,1.56862379212708,-0.0903163027168486,2.43050025587974,1.41238007974569,0.0392030693068029,10.8647940770953
1.36464777664219,0.236727037587833,-0.395270416367169,0.451112552628751,-0.22064706606175,-0.266934355001609,-1.27751441052051,0.301238660343003,-0.8658366959645,0.0882078313553082,-1.14781407687374
0.0169449726891276,-0.195336212809485,0.426613838214848,-0.886550510897644,-0.762485871598157,-1.24061194743396,-1.37502675753196,0.766753949672881,-0.598825044779697,-0.725296267165327,-2.98120732076877
0.407724618095034,-0.133062748873286,-0.845882279511293,0.812707406182598,1.70583815723812,0.254238288582149,0.33144109921891,-0.436567006132106,0.141828494415318,0.358188423446448,1.47575526793945
0.0345949613572886,0.76734545702187,-0.143471201075663,-0.0928259312126207,-1.38120337650069,1.9777182777577,-0.832818385485956,-1.05552348784789,0.818286433313506,-0.779716635439845,0.604040900152313
0.866622373202867,1.22980062597696,0.82050501221859,-0.214023042972346,-0.240241503455791,-0.0855138325888776,-0.0853005933211561,-0.110129179115129,0.292637866685654,-1.67829690089497,2.42811276373525
-1.05477980983956,0.0151661940089486,1.5198583548368,-0.318860228425252,0.965978021205966,0.163051099918743,-0.0961292018149823,0.831344569285338,0.230403357790122,-1.31820486007155,2.24056914773679
-0.981573157045879,-1.61795442198793,-1.85391274616771,1.06065567618268,-1.62593215772302,-1.2645152384426,-0.241640218360775,1.54530816569575,-0.326843937486438,-0.887719856033946,-5.80358641240976
1.48156373892663,2.10018817314433,2.4616448677964,0.26959533489831,0.127785510781576,1.52703083324684,0.125434362724886,1.11027435067475,-0.43321167494043,1.80498729907533,12.7566903632014
0.29838675774817,-1.43390919993195,-1.40041624267296,-1.47198078594277,-2.08720366653827,-1.54386805189471,-0.125352776964592,-0.696366702708861,-0.347605059471256,-1.35180650216813,-10.4000580716064
-0.833764482358178,1.61155757879587,0.712054305180423,0.093480975285818,1.08660056065335,-0.351443233480795,0.879458990502414,-1.01775514371672,2.18426522306234,0.2074684529575,6.31489876223218
0.587971729523355,0.670443725167801,0.909690332571409,1.07818434805552,-0.0606673464793026,0.518353948612356,-1.30754207189776,-0.601394219641087,0.556642695256373,-0.105630950047596,3.80031860640604
-0.542353036039809,0.68302707429414,0.497966062263092,0.276078442626969,0.730014141721444,1.36886363810327,1.06579555423321,1.31556466378261,-0.213472308054735,0.74003119165977,8.75211949676475
-1.57636618002007,-1.69915044608249,0.973112363490294,-1.27109902191346,-0.82851008289205,-0.260108930981402,-0.00291880794474901,-0.309181263304258,-0.788719829552642,-0.99837811184075,-6.37542555670331
1.08920692004769,0.498548701041896,1.10284524109168,0.439839632280753,0.632166252670692,1.46371932485707,-0.173938103253701,0.804391477649192,0.158517906147133,0.0288547542327684,7.37473011288829
1.29542148656526,-0.510622262115878,0.310863274782198,1.72945611206709,1.50529886095983,1.45834392839043,0.404332374800491,0.586694505546748,1.14255119060593,1.21225744000598,12.1136679217587
-0.569600511769081,0.898084788653682,-1.80659904800457,-0.337591905307316,0.0754776333021979,0.588149472223275,0.147504635836877,0.814546761506482,-0.927027018921594,-1.63321035135509,-4.12039221382083
1.1379906594107,-0.24548364963414,0.854257335921292,0.520980863776311,0.818061991127871,0.208114692318755,1.89711943949432,1.28195593553076,-0.23713699331401,2.50710621955477,8.8266683927978
-0.645870791182916,-1.94849497799791,-2.582072149927,-0.359466341393514,-0.862281786753009,-2.19147640774748,-0.355439245949179,-1.73010400691733,-0.505656264537813,-1.61807234340991,-13.2967299157271
-0.495687749490494,-0.18241617606096,-0.461237827408212,-1.87077704169609,-1.41561499165064,-0.906424340393229,0.541566744990913,0.509808660285469,-1.8496003005091,-0.796841678436517,-7.17075213356582
0.431946317975699,-0.637806457466544,-0.474247524370141,-1.69899641571098,-1.82838568216001,-1.49745710752604,0.227260698828121,-0.318502096980362,0.0184326071481141,-1.66132269637384,-6.76732909735685
1.80181552933049,1.07019092013831,0.525592967968984,0.663552213695607,-0.265347367014205,1.31556224194808,1.01102474255416,0.316754541361203,0.233608817499364,0.975935215572763,6.58994286507323
1.03241650962842,0.0990290601813161,1.29841581351878,-0.965890586826414,0.348085661727782,0.719052181877909,-0.785180704818973,1.71227265983629,-0.166964881418551,-0.513971943781235,3.00661929516236
-0.951049613807598,1.72265202665424,-0.526065512391932,0.33130070890997,0.555446396399325,-2.17945229297245,0.63123533403743,0.35273420794518,-0.336192100683895,-0.983951207933591,-1.46709518922758
-1.18294400890945,-0.743741394028978,-2.42721973962492,-0.0217290814773072,-2.53702423166351,-0.753184457936126,-1.97045756539449,-0.157672033617969,-0.529351219605834,0.239584642589406,-10.6369633919632
-0.579032853796268,0.907462917996642,0.905797862736216,0.462850877585991,0.410466630114873,-0.751580564530936,-0.700627268448566,-0.0350086654915337,0.334116742754896,1.08058070463081,3.68167298445005
-0.621312142907173,-0.755040715752789,-0.152489819203473,0.721230173766567,-0.575149562318621,-0.115736458866596,-0.304330847656276,-0.458326116903391,-0.00531094720566022,-1.39176600075917,-2.97149745424043
0.604455859008797,-0.0320040975375672,-0.000477566953254559,0.162271474718632,1.9429685777347,2.39547533546924,0.956721700021211,0.753146629094867,2.17625075114731,1.20691277614441,9.49537125017272
-1.0214145861002,0.414917733522576,0.103732342107028,-0.44304149910197,-1.45601013340327,-0.662833889328981,-1.71751002501593,1.31855382957626,-0.301659263580798,-1.24700716584136,-4.56286387406343
-0.873288748347373,-0.121617670539974,0.253343979205182,0.00576807451676154,-0.81834891788607,-0.882581481797199,0.489967893568268,-2.22598082170139,-0.232213000215396,-0.377641429984888,-3.82081270371622
-0.658933913229116,-0.298332370296189,-1.02145064534054,-1.18237761534686,-0.586371569943372,-0.794716425613351,-0.890482841644163,-1.02796880894926,-2.1809003205574,-0.769982532573218,-7.25142025565303
-0.210691681808598,-0.524237060723496,0.470196519237229,0.0859808910896148,1.03028460371929,0.0507878863046413,1.14198460351702,-1.13357882900901,0.0731549212953735,-1.22874734813299,-0.532115685768025
0.872593034716769,-0.470972503315896,-0.0621821910863222,2.27247651632111,0.382376131376454,0.567514156509514,-0.157602554035059,0.0911814405859229,0.0343277711669805,1.97090818878352,7.1102109655788
-1.66276459386695,-0.352439192497364,-0.419011674037486,0.432236724618065,0.231093065525103,-0.561716509023443,0.705542931538777,1.0439353299253,-0.404431550507658,-0.583376270550338,-1.29375193236264
1.24668820400932,-0.220002818747877,0.123672906795292,1.36154562498695,0.398638442688298,0.0364226341157719,0.597385625704606,-0.32458440450438,-1.2186290756682,1.35887987114347,4.35023784526891
0.442496677675304,0.897097382940084,0.121321411317211,0.757794001362701,-0.651733470869247,-1.17034900128503,-0.091786185079038,0.135108857405951,0.222580763958978,-0.441455011831633,2.90875986581086
-0.531094012158915,-1.15993314424838,-1.75132756599859,-2.38362897159354,-0.432269355710051,-1.12080286268541,-0.73793867346601,-1.56933250837351,1.34511341805388,0.331474651007781,-5.92418314013363
0.0771904475182199,0.0645017061929776,0.509912724703152,1.45067495045449,0.204933296719696,0.193267956652213,-0.140590538479177,0.789690009864941,-0.385106196134836,0.797864958859749,3.37276353909396
-1.02861735370152,-0.322343360511285,-1.16228161815607,-0.208097578894415,-0.644776515431781,-0.28493924474988,0.884828430549218,0.15437723416664,0.421465576742451,0.314343040227197,-0.721232351739033
0.842639547908383,-0.430789399971321,0.08802833941072,0.508574805636988,-0.890417539933848,-0.045523293486576,-0.0108415107512441,1.79646087066786,-0.728893722953396,-0.661366903517301,0.900969586050214
-1.26193558876405,-0.61336265193849,1.21582121880617,0.664041854199384,-0.540839741593791,1.10122096827519,0.248511460609152,-0.14859768284566,0.0600740409893007,0.0899346437591503,1.36729197626919
0.364547528483148,0.0545788561945617,-0.438333832185454,0.881576719678048,1.23577299626821,0.798240018522594,1.24801002981655,-0.0314011485074067,1.64351111825985,1.3236435486947,7.85637682980738
-1.20706147418435,-1.38670553465356,1.11545909774605,-0.122593388843749,0.940878612901612,-1.0110566827198,-0.568767277910113,-0.411110077508066,-0.142347090194741,-0.383897353649182,-2.43350049943901
-1.06685197767604,0.653775172370537,-0.965204943970974,-0.696046494604049,-1.84460202580016,-1.45105778614403,0.84889605148275,-0.608872065451318,-1.96215007925512,-1.64938304960424,-7.91049203381162
-2.08118718987667,-1.24730783090058,-3.11406911586022,-1.74676446625065,-1.08065405543971,-2.12815648258277,-0.699546106666709,1.2512113711733,0.644919425187874,-0.140620989487734,-11.1696611898262
-1.85608236104325,0.578273972510069,-1.38650946261489,-0.0012105123155577,-1.46912537084227,0.000532068708248024,-1.21873498263972,-2.22629883093857,-0.606271129553766,-0.160956174376296,-6.88467490607142
0.447733052043852,1.312013095451,1.06472584426582,1.0532459938071,0.816941872007243,-0.0880328640373756,0.703908986009358,0.0332579117077406,-0.210899448279659,0.722447011489982,8.54979594701518
-1.95435350504211,-1.15558644600402,-0.951846796259553,0.378465586865963,-0.104108367596256,-0.726955553396804,-2.31051663856701,-1.0104550470568,-0.789884686448646,-1.29836876399844,-9.24518974762148
0.932255473743696,1.02016402482298,0.275663455142501,1.05710039444314,1.63551852441584,2.31331109480857,-0.132291547522781,1.25498920851185,1.10588160774697,-0.102255831085154,10.8234613118203
-0.320383110596004,2.44318807693899,1.86613663995865,0.377101615481403,2.16273599433127,-0.165115333675932,1.09973561277963,1.66151557165622,1.34484643983633,1.03414177218047,10.1602647634053
-1.70211634927826,1.20331299109246,-1.71108778313085,-1.32966414755047,-0.174644021993682,-2.78926318486051,-1.24518504846203,0.572629448388406,-1.30582381906646,-0.724139021266244,-7.29274642368632
0.485708011014015,0.178621138924317,-0.0861967197454187,0.642238499988736,1.40729472596946,-0.823938019576818,0.54815919858118,0.956529129744474,-1.35833212094731,0.0730773412099578,3.75341925127569
-0.0380130870603635,0.657675208580601,-0.399163708452978,-0.546780750409776,-0.00762442002682353,0.158245974821405,-0.642419165677316,-0.624959916842183,-0.976406275968996,-0.234649917306234,-1.40342440539089
0.636995208904465,-0.514620058057525,0.0426494405626445,0.0273583376658408,-0.555423830182773,-0.065497968660783,0.942373418570556,-0.600266190432767,0.0403952523862158,0.36805315188508,2.43578004933082
-0.310439287345494,-0.83231803823628,0.171327535027423,-0.169005957497868,-0.473124451045634,0.861667846952659,-0.809454206118,0.823343535175933,0.246977016536137,-0.218615454128522,1.22138509727968
2.65613012743638,1.7613853747778,0.850454589905143,0.403486914839545,-0.131898122435146,0.192189096067695,0.816051822921043,0.551013689041572,-0.640765825953823,1.30059224825306,10.5836986689639
0.462327077621172,0.962434324688539,0.608528697802331,-0.428689226462079,0.173252614213769,0.917466410252469,0.347876214620978,-0.682282281855234,-0.325094266342769,0.0689945827498175,1.35546211825811
1.39169727562913,0.442094653192407,-0.327288555287733,0.769885586363095,0.383895908850137,0.100891888048949,0.546906427152677,0.979485018482293,0.476439390747183,0.559631631355987,6.4648976866049
0.560598012400049,-1.16002911279179,0.254289916610263,1.34041308252568,-0.493991165007473,-0.34945569342414,-1.36326130276435,-0.436540836980445,0.383154197952273,-0.118182531673787,-0.176103642232906
-2.09725052653795,-1.89123299187798,-1.14944407451708,-1.29646861573143,-0.683158637241691,-0.485506255567975,-0.752337137900352,-0.766205076924637,-1.69292148381221,-1.60650748354559,-9.91023728230362
1.07544827444986,0.326753293301804,-1.05553418227736,-1.26351012812424,-1.22081849343055,-1.65189836133181,0.854871882204423,0.886425294924433,1.04570559905713,-0.851641654260899,-0.723494400348913
-0.0670989919078752,1.3839856725458,0.658055827741932,0.776189172817943,-0.308742881677119,-0.386451195016996,-0.166010055376212,0.471267681674149,-1.50182047050484,-0.716304718507455,-1.42667122767338
0.456119084958644,-1.05112398616215,0.0513312886281133,-1.50699543733749,-0.00162065855982419,-0.455501705318115,0.542527672289129,-1.61466616970373,-0.92421052983618,0.163896260814619,-4.60774932111276
0.314959827146316,-0.310176203548157,-0.966055643876773,-0.060070676538897,-1.30793359770589,-0.723130310659831,-0.411166199617678,-0.954002312721304,-0.47050469306419,0.218837866512359,-3.84265886206288
-0.655887754486574,0.0897835718182132,-0.974229777528014,-0.803031412662554,-0.662638712678776,1.6725426570675,1.11902852124885,0.375662338420233,-0.207946586296972,0.429031202746611,1.78303459984998
1.96450559159361,0.411049820354028,1.60741179567504,0.368190119228193,0.0999823414633718,0.0759540337804601,1.32542894450935,1.00481645756147,-0.60783231584395,1.80146140326214,9.30821850770614
0.10983467517064,-1.25722998255163,-0.20074066920766,-1.34267912687347,-1.01575671333774,0.12216500651261,-0.754289501794591,0.232406221399797,0.628281022060326,-0.704155809219903,-3.3773627552604
-0.172542555323332,-0.0533223403195114,-0.823368205677982,-1.0525594255322,-0.298715611178934,-0.200996091943566,-0.00119229637668569,0.753062070585455,0.779757600013107,-0.620252614698149,-0.0688312010946649
-1.00577794801216,-0.12986368660605,-0.679573059341552,-0.724811187431602,-0.777268088004468,-0.0879362861056455,0.828010232562528,0.407907712519131,-1.51951217898143,0.592288490357895,-3.81054722113206
-0.980005823164772,0.0476069632560281,-0.836177445617395,1.62340668483325,-1.1111806690154,-1.75609473037499,-1.25259496078965,0.175241303488809,-1.53117693737535,-0.0562929783576284,-5.69865606935933
-0.138786148683637,-1.54523751490454,-1.09614181219095,-1.02291322264617,-0.172688124748023,0.321351351670633,-1.33143431147311,-1.0075247826349,1.41836208113562,-0.565707747200905,-4.29590754638412
-1.48790229480255,-0.243824521511243,0.143863044119285,-1.1408199852065,-2.14316132989641,-0.187032089728918,0.771672067270657,-0.263890048049916,-0.571976293442844,-1.11327868136553,-4.4676412372307
-2.55511933503029,0.129319458153402,1.72080372448655,0.291756644966898,-0.0413737247336671,-1.7562137758969,-1.92821484738276,0.230854005712566,-2.10897843554502,-0.111931354661167,-3.42389103495371
-0.889323332851818,-0.159834539712526,1.01789955067505,1.14708545905201,0.992082389631935,-0.483246487540322,-0.125147321691262,-1.53627028857355,0.582056292715096,0.472409574053672,2.03565207093152
-0.194033328667234,1.66404954103257,0.822878459454526,2.15105949301579,-0.850100702328955,0.384286485559005,-0.972933576438669,0.251109020393474,-0.0431784778912282,1.02862239254031,6.06413665391941
-0.79594592748556,-0.273013528554369,-1.13156954751051,0.500606341344566,0.597559257144696,-0.879929908490745,-0.112107484598336,0.227608901192272,0.347321017894035,-0.500799303513209,-0.560433024844181
-0.0643498405530708,-0.758768374443957,-0.533446019554534,-0.848916237837886,0.45518920246334,0.144168000943732,-0.374959025029301,0.660601604989062,0.523307859282122,-0.521617100350441,-0.420133930728637
0.980772224325996,0.66429507473369,-0.630187937993406,1.04290425333653,-0.25113554290335,-0.000515347946753076,-0.133895339262653,-0.353174316591527,1.20408320304124,-1.47720295588213,2.58695496548014
-0.00830363193676907,0.823633682952088,-0.295127289093087,-0.118943738698464,-0.905439962913975,-0.37147720167921,-1.04050970965855,-1.35028458483897,-1.04427539097637,0.341347677352412,-3.30735421897179
0.749467755943149,0.0343198565060699,1.52378089566102,-0.389654215425343,0.0428361258841191,0.788555703156861,-0.728550856948071,0.270197159309066,-1.06274445464129,-0.391574373196852,1.24951600229659
0.642683042100236,-0.518591022635676,-0.685188100513723,-0.795175747733298,-0.369664113899323,-0.965707627410083,-0.213098067771311,-0.000419545273757453,0.331218570148661,0.950270191044515,1.03892327208054
1.09586963024208,0.141662371372315,0.80866562086843,-0.903967327511483,0.72821930564796,0.498094475464897,0.153797346778433,-1.07465221182747,-0.241493406812199,0.62049672519363,3.64583451855366
1.99078714457096,1.90107089328252,2.09426634000087,2.84899145567992,0.743345977906993,2.2618801060085,2.40524522994984,0.879083474456121,2.42070383034383,0.695471844619071,17.2406954428022
0.133558054194969,0.581057885738485,-0.506555461767429,-0.859818919246473,0.266565301771399,-0.835782673408042,0.466369836258335,-0.754113832604508,-0.167682182932624,1.25003985729496,-0.537965938777271
-1.03878943377989,0.741227251036125,-1.08421433124041,-0.64198951790274,1.92039810759167,0.625945713435781,0.502888397809135,-0.304738155082849,-0.532811485609801,-0.877988987320309,-0.233676930344894
-2.25633511763969,-1.64728220389812,-2.77226033177414,0.0909479041772683,-2.78421436765607,-1.78348334512788,-0.301911930187578,-2.1447946504118,-2.03098078853344,-1.3853996748212,-16.6921285688263
-0.0552915335779267,0.215703766206001,-0.425624169441724,0.557905418144548,-0.674374670525835,0.378979367434474,2.07860004201849,0.315382457566956,0.0982751215366693,0.133481465110871,4.54261109511094
-1.10212444500844,-0.71059539555827,-2.55692047321111,-0.658338718191665,-1.29458097355383,-1.12603978548944,-1.12976383778612,-0.720476129387449,-1.12533225093655,-0.428824894954187,-10.0221552633355
0.188997992416942,-2.54499786838562,0.712689487305642,-1.23497953666447,-0.310068575639722,-0.663629424364565,-0.278747497778031,-0.363864208121536,0.140119698982066,1.22278608023352,-2.42185138755262
0.63162546322249,0.615701083207519,0.952184322036504,-0.248200961071692,1.12216482409821,-0.657509443864339,-0.0148647633393031,0.861486918816069,1.3327513222939,1.38474361750062,7.91017768128622
-1.09523581148112,0.249831704893599,0.0576244626294092,1.99690955517259,-0.21055234143797,0.0118947536654925,-0.86738078378703,1.41565809552998,0.323617174787758,1.49002814913,4.85190878060184
0.543626834097865,-1.1789667631322,-0.189435867534059,-1.17713384203847,0.12819330242927,1.19409056080196,-0.223775499555865,0.21599333706475,-2.13997805187464,0.724389089280179,-0.44673363539238
-0.0499271727613066,-2.77143743768071,-1.94345605095629,-3.11285852390397,-0.415518573402961,-1.00267670804832,-2.56259656644367,-0.672977393426037,-1.19036111011827,0.248527191516454,-13.0347006525796
-0.699512003050534,1.23817035176649,-0.276765187633773,-0.415662852404695,0.468700611107086,2.12604651059299,1.09364411584456,-0.615777270476619,-1.21077024864345,0.393851066822638,4.22130478321687
0.0708549767170425,0.10467122413961,-0.309028928132517,-0.503211179761875,-0.0617186271060823,-0.343523317969892,2.2764864605599,0.264241683700249,0.0366789699033694,-0.854554292444416,1.21780411750327
0.440788069506591,0.70468316560855,-0.18803239364658,0.94162472546322,-0.245818928440813,0.323021541861574,1.26122630969207,1.18896138772905,0.613603987444502,0.190276605008756,5.79380811660156
0.16649780084436,-0.742032107863489,-3.40709402498234e-05,-0.0598343085700172,0.868036975476047,0.67127626950879,0.97226218292323,0.85367705666051,0.238451864688427,-0.38625584517762,3.23077602022927
-0.348197222402337,-0.509009123954403,-0.815673681749836,0.0727535871227053,-0.693196797847282,-0.507297697546724,-2.71659089193548,-0.79333330321164,-0.271988243006065,-1.50682201026933,-8.17211027247366
1.41617523012881,-1.84156859767999,-0.249536978877661,-0.920402813916808,-0.421173672389157,2.13988878583799,0.56186690544748,0.644426554615318,0.110584923147459,1.75749625771843,2.92339386152346
-0.916770592980927,-1.31288606266659,-0.465215751991657,-2.33926467590688,-0.484740042984244,0.651325302670391,1.9360823445978,0.54623041947443,-1.01612244422192,-1.04938831945343,-0.849428188973265
0.586672619340198,0.694305480682346,0.234960000968619,-0.229262325830025,0.514085995288125,-0.166261871006066,-0.758229639197679,-0.922675885521868,-0.3680939826108,0.030980284733366,2.36085401673633
0.597941536738198,-0.0759966456146837,0.35656965833487,0.448215719783645,0.293926778274875,0.78401786850859,0.560110083801088,0.969937068052999,0.0436882736327494,-0.505734798033115,4.95318257799288
0.123829741966797,0.880847043700064,-0.308081144104716,-0.0443659272115255,0.132720881482011,-0.459290110070322,-0.509836862149766,-1.13988769170903,0.383600110738744,1.01709292198203,-0.244523955808942
-0.985049587725045,-1.58850038062975,-0.72210074221464,-1.02519426433692,-0.57134601146401,-3.31975280360877,-1.99066715777281,-1.60523030977409,-0.487925963853321,-0.526481479492423,-11.673057562305
0.293757466237774,0.43708393794268,2.14561132376295,-0.145225495482844,-0.38726979764565,-0.860552176851175,0.135038411365515,-1.78941149358655,0.616305131779442,0.371865769769451,1.63676534215151
0.806392627994859,-0.0974067991939289,-0.367143186457654,1.35296101443933,-0.738813512428339,1.49137496338206,0.0920903549234552,0.654435796774897,1.31555733334173,0.960728815593261,6.18958918631434
1.55792051809993,2.2413161700072,3.46754301356944,0.687435556489603,1.4624301291297,1.52695156017559,0.254376969302969,1.83237651553972,0.737585919006409,-0.192359360019324,14.3059901073701
-0.637566616770931,-0.739134117931025,-0.645212073839229,-1.14577314470021,-1.01162565329,-2.98567927490554,-1.14209928488576,-2.83515810013429,-0.454919366702458,-0.971861004509247,-13.4463735257721
2.30769048365237,0.603064436681029,-1.16661440146723,-0.240158961715978,0.0865134787866693,-0.756332941332663,1.12938440196381,-0.27677255444428,1.051639967891,0.190751331472602,4.65645817688274
-2.31275699114975,0.240209348291142,-0.591564966459753,-1.01349629388994,-1.37313856278327,-0.334107932746875,0.642308460906042,-1.65764173818489,-0.10936014886717,-1.66538227955383,-7.09076002424288
-0.812855547983704,0.198087515770384,1.60661097476807,1.72240948167191,2.39111503217338,0.417087295502327,1.11381272027668,-0.271813130223028,0.298723828076821,1.18228014353712,8.04039530626218
2.5841632627887,-0.22772049932159,0.205581927691098,1.33008038285343,1.4036419819737,1.04839399756395,0.920359299981062,2.53630015125717,1.00466045067837,-0.527747254297819,11.4564128543165
-0.904921441521652,-0.90881891910034,1.09384221011358,-0.866952438925822,-1.44481005357338,-0.661312911074427,-0.0314002037285147,-1.32091927687278,0.0114750075566123,-1.9405428798243,-6.71252858404076
-0.917761939882865,0.0392398642312424,-0.328463238044672,0.30709119890924,0.195689619822816,-0.0768592145027291,0.131936971130892,0.238462492662331,-1.45519405948447,0.0212378423822702,0.0258230991733543
0.719878965553501,0.346061122146073,-0.463874421314284,0.370838181615368,0.811945547257568,0.61593301160768,0.407673685098557,0.348091108468582,0.687572575264458,-0.0431852572536004,4.85204585243751
-0.601840339851983,0.955538625371171,0.628974675216411,-1.4757847399608,0.315482281700748,-1.49392894386922,-0.740058480791643,0.80105316086754,-2.28454891675078,-0.570006294838589,-1.84053424994881
-0.392790068845342,1.01819517635631,1.19451771983665,0.13288255145816,-0.661606969717964,0.104288206654763,0.062467371407388,-1.1472231133637,-0.408018836111983,-1.84765206083989,-1.3936009683026
1.02356705044993,-0.66563935452523,-0.247083959520007,0.565512029104083,0.329517838585494,0.1726864983413,-0.323105031670473,0.660472805481099,0.122591909300278,0.794723500184382,5.50656524479209
-2.82489037385115,-0.626205549435475,-1.71361202972899,-1.58169216232771,-0.202904587489858,-1.89709953063509,1.21057571065514,0.466445018348951,-1.41777543889946,-1.49166484234207,-9.45043449514659
-1.29558706423057,0.247478394485876,-0.44636065584134,-0.705266912958141,-1.85178547141841,-1.04303653354206,-0.293622816105269,-0.162765198306417,-1.00462716709786,0.0829143480224854,-5.01596225343197
-0.0997662336788089,-0.167999847215927,-0.475999348027922,-0.159424423586965,-2.67669915731408,0.513033142180284,-0.213795838228611,1.1983114101746,-1.07156519506603,0.240369153838672,-2.18397550239054
-0.34221112306317,0.334945432158685,-1.15700409005025,-0.10029705056442,-0.398990624684782,-0.925915858510472,-0.971214706427708,-0.0796978211865989,-0.459255405026958,-0.617446870325176,-2.44606289508599
-7.90644686094523e-05,-0.236763787179527,0.162770365034287,-0.680563678195356,0.834013902612955,-0.383053541483209,-0.209632924666362,-0.825763583259154,0.229401728899948,0.501773601082025,-1.11659596871197
-0.452377427778507,1.11268474164227,-1.31871591513144,-0.166582595046194,-0.136751987864829,-0.196775618832208,-0.688270655481088,-0.78676158782191,-1.79530108071676,-0.444702991371706,-3.9074805394652
-0.845936287744487,-1.38123533705595,0.00774629833890747,-0.940971887561326,-1.85266600213003,-0.353101404537122,-0.0703359636787927,-0.193093840737759,-0.286575666577126,-0.208211301982956,-3.61339835040126
-0.776699046344039,-0.0843275004880667,-0.364862907452621,-0.680067092381236,-0.326545723641024,-0.98550690251874,-0.455325233366475,0.989829096275595,-1.43381510505519,-0.983774079856076,-2.69088853101373
-1.2185256522577,-1.43009305459483,-1.63978203666277,-1.31236921429634,-1.19332318681163,-0.138423722609589,-0.0288858059933866,-0.391839244593298,-1.40340646353152,0.674051194542625,-7.10997412551025
-0.21228114469585,0.59076480648194,1.04289017737295,1.53146933165885,-0.845807251027107,0.555111283274858,1.38704527370486,1.62778487769444,1.14801330522998,-0.675938054507021,6.46992528488717
0.317108419478161,0.762678654322597,-0.875521884200637,-0.925343250347213,-1.10229094922507,-0.994046605778039,2.17209863746296,2.39957401672659,0.75837449058864,-0.265678446897103,3.99763986161214
0.0284804563174091,0.128951798239355,0.34610415940452,0.593576278407545,-0.552285504575742,-0.202347448761394,0.899009084275853,0.412435588434035,0.571804870262746,0.267245033103913,4.48751987431837
-1.56003703618542,-1.04092865216552,-0.639369777578901,0.589109174292986,-0.995647225726037,-2.10895089952069,-1.03776420133229,-0.935460680278947,-0.999717523570187,-0.210270576180706,-8.76391419957828
1.04741818666144,0.0119323002257749,-0.616770544832042,1.21868732238334,0.873120412072384,-0.432430954556377,0.058957531241134,1.3443045240205,0.713142817893266,0.804800723556889,6.76523964796978
0.330284408099677,-0.212052597711201,1.14989370397316,-0.926068448856449,0.404629010062723,0.657015702655071,0.400384350188432,-0.824176936058157,0.263216179424855,-0.0177108175798951,1.65099250217294
2.01495427017322,0.116923083523431,-0.735471133001737,0.930878955979615,0.200499550757069,1.57056566824257,1.94790794696599,1.45567530146616,1.46127108679237,0.12091947517233,12.1063545129082
-0.886635756129636,-1.99070122832361,-1.64146310871277,-1.2282077890318,-0.800084852444287,-1.24651212194827,-0.52820199367059,-0.928131244332205,-2.67953006302007,-1.21243580843488,-12.8052169598744
-1.18284052719203,-0.754447096971102,-1.00400683169033,-1.29008028582336,-0.593519980542941,-0.312056592006628,-0.872747491109018,-0.206395088257321,-0.922271064115894,0.0645811163244243,-5.56363458479252
1.29291679722202,1.91412755057628,1.02974752669815,-0.181187851297167,1.28877669750659,1.37092486430111,1.46043826883344,1.13644833402322,2.43854799873224,1.75900666155159,14.666572285825
1.19206428465541,0.825921174820117,0.395605086061619,-0.012589500646338,1.16312431807657,0.788269577079958,1.9016417895479,-0.407314153694564,0.381548826151419,1.07999499204027,7.83029376099596
-1.04858945269741,0.178348303276224,0.194762475738872,0.682693804007087,1.05409164908331,0.0994323438631608,-0.93058961243977,0.603604759456536,-0.666988760625785,-0.322673622459512,1.20933367976382
-3.00273622373033,-0.703843412386809,-1.02583052166583,-1.88204523264335,-0.849801651862038,-1.46242636208001,-1.43583746690703,-0.563907055420713,-0.841695392139679,-1.62865442448674,-12.6161044238845
-0.866118734378292,-0.54471268217849,-1.05035469737692,0.309792483825898,0.271812728840791,0.71229219462008,-1.0731413384277,0.223088223817817,0.128589673748268,-1.10195409265647,-2.68870405613326
-2.64140041229615,-0.794882042380065,0.542727054748816,-0.408350663903491,-2.47810743976617,-0.978198948393992,0.751181413016853,0.452585477509458,0.985861502826996,0.156325943247311,-4.51163679464272
1.15065549028462,-0.155264804658237,-1.85285613991471,0.258792028744623,-0.330251491561942,0.53559747267989,-0.0865132575962002,0.511430248071019,-0.0837288773386448,-1.76819533426355,-1.83368980425972
1.18986726262935,-2.20599937530774,-0.74538227371763,-0.498683115972494,-0.0272730813788762,0.63173432682792,-0.257944717436015,-0.17440016641434,-0.0235098931048504,1.78158433467975,0.199235870051188
0.446448253469382,-0.425852258647033,-0.586738687835153,2.74357025918492,0.702440425019122,-0.976845615950605,-0.73528754088959,-1.16370906240102,-1.06671407809408,1.06251329293278,0.759353200121289
-0.677184530523592,-0.199195820473321,1.4757856201533,-0.0251961546466198,-0.561596831176122,-0.391076202255919,0.846031706620004,-1.5861101741073,-1.61462664552076,0.188803972562318,-2.03285691613351
0.586352420310286,0.385872773079247,-0.657476260345028,-1.69220888766494,2.62571473282231,-0.0994592565880462,-1.07440196213183,-0.20960296416918,0.890783270041461,0.481529663587299,2.65502979981601
-1.4539194736977,-1.73921035346314,-0.813261964186396,0.350271885289213,-2.32967259360574,-1.78523006586003,-1.31205068507276,-1.58123687090552,1.0268766554873,-1.0795910748453,-9.85211572502624
-0.00413364422662021,-1.543407352535,-0.150403775065531,-0.837901735811512,-0.305560962399102,1.25947766724664,-1.37371861982229,-0.720681587489276,-1.89508108577275,-1.23891033868851,-8.78986295749636
-0.971505034870525,-1.02387848198164,0.890420139646893,0.635123788987575,-0.301040343316149,-0.0786920373970214,-1.60570642241414,-0.42451085126434,0.44082939406924,-0.548332418050084,-1.61791081940793
0.576649800567815,-0.260799522653577,-0.393159933970021,-0.28897691982394,-0.310203317074275,-1.67400761228281,-0.639179407006713,-0.0835076078148912,-2.15523961097658,-0.745132430891358,-4.15449577098039
-0.145411571964795,0.942744392437751,-0.991857112147966,0.755478151475609,-0.695569070559811,0.974608321567684,0.584202451117129,-0.740545655362329,0.372187831231732,0.795780829544214,3.19242763144397
1.31981428235297,0.331327355754613,1.15156992464937,0.338683845140243,0.285943368701098,1.14717970437708,0.996549086868625,-0.959825112796534,-0.386162835200092,-1.11336213695738,3.88944810108939
-0.851137215565061,0.742104988508794,0.964295620005099,-0.0191918409540943,0.0456870780240157,0.509830223729052,-0.607264673957655,0.570596145936121,1.58591328517021,-1.13418893879619,4.43982553655708
-1.54141526417626,-0.344446718597328,-1.74790783760058,-0.178531087962312,0.0814422030392661,0.889359350776706,0.326849028094,-0.545716794206131,0.801255141066133,0.368985986701183,-0.350314501921745
-0.165795044529294,0.0979927452392221,-0.185114696673243,0.201745258516429,0.269551685843405,-0.170377277767915,-0.03605513925849,0.0882801865288565,-0.377877133767089,-0.492497333517919,-0.0929943984347316
-1.82516661774214,-0.987532563587812,0.111831241297376,0.547184580813556,-1.36760969771639,0.487238266645598,0.16794188290112,0.879256037824128,-0.16409194522623,-0.314505435919263,-2.81739041910991
0.0878853108574706,0.323097942717556,0.720919485940071,0.703656511295096,-0.271002038295652,0.906911351884339,0.395783679341142,0.379646688342395,0.615119108115445,0.103309863211722,5.74047660796989
0.416546657642372,1.4055061887402,-0.928891813643114,-1.63380395112955,-0.307159927751859,-0.717835333903259,-0.0187238855331104,-0.612197273761161,-0.176624251839833,-0.227737605490403,-4.38987542214001
-0.572475338400123,-0.319264720683632,0.219317663037611,0.275787319739266,0.0314348882233777,-0.084713188114428,-0.247666612718972,0.726667819785406,0.330594786840045,-1.2216289956705,-1.36038779472754
-0.582115251997225,-2.98171276797777,-3.23667374584838,0.36548082981064,-2.40573200271244,-1.36069863316959,-0.779931467328327,-1.43289226143893,-0.303449456621573,-0.732699660320558,-12.9847720498145
2.94594891585328,1.28032777710878,-0.350995924475526,0.816958363215743,1.23866615331602,1.01934623878236,0.493816135293869,1.37856378949128,-0.470878602283787,0.877192766413988,10.1086452149923
-0.129082723661317,-0.473734802355974,-1.27771447482777,-0.825207976340335,-0.917620916265018,-1.55939311456171,-0.0108932658971901,-0.318946464397555,0.543415359543145,0.654331806695412,-2.64403612281502
0.880155476144803,-2.29462004316303,-1.15053288499383,-1.84727260721571,-2.24812725945732,-2.23817570099073,-1.3960058007839,-0.290546402870223,-3.39213404561681,-1.66505846554425,-14.3820608230367
0.776582594955955,0.474221454544422,0.751877381082889,0.701960718303359,-0.617822078068924,0.881526819262192,0.246592436041301,0.331279625306585,1.25792738744688,0.346659652676936,5.63781667527463
-0.80594996428125,0.579394777082204,0.241997769945396,0.670443702444745,0.331181242465292,0.060668155726327,-0.442538539367532,-0.495447161104624,-0.491927153641089,-0.72236664736173,1.91530537601323
-0.504661243238056,0.336070250773994,-0.201416758662828,0.682412850459385,0.241045420459372,0.31817212604647,-0.564109817619228,1.42453114674786,0.320000441572204,-0.566583933355181,2.63865957644091
0.487967576337536,0.206940262837213,1.79206276508605,0.670670916827459,-0.798199479875886,0.410035153858936,0.791257700196266,-1.49933755733102,0.710346833231294,1.04651374501604,5.72773940440222
-0.518098555070656,-1.65555370674812,-1.18090713699585,-1.07648773406118,-0.72355827949547,-1.41744689561605,-0.512460096993744,-0.739583833781699,-0.446538364781586,-1.26626306971342,-8.53961561329243
0.230124797838909,0.137635721048051,-1.23888784544598,0.00851928078182774,-0.185917596235487,-1.60302365521425,-0.521555803180612,0.447281869216823,-0.226164148268529,1.0042296909389,1.82427303072942
0.899853085368269,0.163683206585924,0.545603865378397,0.735841711924117,-0.332867952239769,1.9465517791695,1.29551781433354,-0.606587626713682,-1.05540720265469,3.21970315664683,6.42584813525012
-0.420388277156252,-0.159505877160437,0.484187325401868,0.35829224344298,-0.267765057330409,2.75234134645563,0.644927135051625,0.427155808918866,0.863541252977999,0.749789248371522,5.89647589937424
-0.10210023891814,-1.48887816292051,-2.26521434582921,-0.656256935926729,-1.75449297007796,0.664029448600115,-0.495645851623497,-0.587206051812917,0.0429614819051298,-0.388887692578826,-6.31898689760876
-1.08844911242975,0.100220717202858,-0.972346943964896,-0.604220582686737,0.716810899814911,1.10090996595017,-0.32335332098579,0.412590305732047,0.0635741797896886,0.574495832204548,1.33786706020251
0.10990780592465,-0.166165957868103,0.128891999596038,-1.29542698121289,0.335127908420433,-0.436641935682097,-0.181743762878441,-0.843016982682049,-0.476920626178232,1.78197201538335,1.88031920440244
0.0924947585466248,0.124826737697205,0.577464748670484,-2.36682884496919,1.28758510173451,1.60991995630083,0.438530406822538,0.294823068903371,1.99270911800551,1.96634805815348,9.0995649390928
-0.66294071073355,0.38719282130249,0.502677020002188,1.2749915858231,0.737740392801727,0.147016969281009,0.46091579552829,0.546183046169854,-0.523495591108247,0.402148445390334,5.50341364212141
0.805825781116026,2.75036752871203,0.607139932525745,-0.81831040595753,1.70709153919583,2.71310394475428,1.20772423335688,0.857732351206107,0.925862624815521,-0.392239600497962,11.685029545648
1.676427825256,1.39255140096236,1.72518746564035,0.953051231097772,2.90066308288517,0.659224374388525,0.256960253684956,2.99884074246738,2.1678696423949,-0.0943925390102925,16.844086718021
0.911259634430735,-0.307269424361894,-0.28726379061783,-0.697899817449482,-0.112370871206093,-0.621312711543298,0.0420918194947869,-0.494233336914422,-1.63982216153809,0.493031380270342,-1.58115512329311
-1.24053952726839,1.76503298906812,0.732365532774011,0.766649278086343,-0.0250134245174653,1.56345665704684,0.979658149708582,0.345065257316939,0.530960839433326,1.29840778681003,6.39819890298194
-0.30437291134075,0.551575400100022,0.803044842667754,0.850201816760814,-0.221801336575882,-0.0891444198884648,0.588525343733912,-0.118645940317128,-0.966370035998933,-2.32108552521045,-0.357507431339028
0.868198429071032,0.0583788713767803,0.369964493048247,0.547017430077864,-1.23943987730338,-0.293319708762419,-0.0674727386138668,0.798062328300549,0.217215050402339,0.776274007222442,3.26411604132017
-0.762491409561812,0.541898211093338,0.332612165458784,0.814797161050878,-0.654979369092382,0.986264234954276,0.944231585434541,-0.520138136992405,-0.848510361551525,0.55010112300961,-0.105141384523358
-2.71418057030872,-1.77663194468825,-1.98052763307647,-1.57684031820547,-1.37617654998787,-0.114937351648916,-0.379719283320527,-1.40119952796951,-1.91842455398132,-1.22300515048052,-13.431774631155
-1.00585944405021,-1.10098869985376,0.915906041295133,-0.0519360756774893,0.409634962096242,0.539386275567622,-1.2190737278321,0.11221241434851,-0.175743508703934,0.372802232406133,0.262947057256858
-0.415235355489844,0.213627808418136,-3.12286749237259,-1.0223999158006,-1.70147664203726,-2.35171461884299,-1.97970794690742,-1.69040309400563,-2.26053856061445,-1.58161668398111,-15.1223551635193
-0.981388665393892,0.112083752024446,-0.635201446007283,-0.0892232731173829,-1.18209831585331,-2.06618815318299,-0.927868830924261,-0.448811034999817,-0.0713963427039454,-0.258836569725394,-6.73745635464651
1.85612562276208,1.73195303826619,-0.114089392686435,0.905805741316613,1.02639685803111,-0.196400320268034,0.98106535348582,0.0827197617374974,1.28217002962064,1.20952525059616,11.1389048818299
0.882819472290242,-1.05566205098474,-1.26871982968881,-1.09726632679078,-1.25448615444401,-1.52703159455662,-1.23416756499911,-1.19721658345927,-2.32724523026289,-1.50937670750566,-11.5389897957847
-1.15201746198348,-0.0287859656649303,0.318117549380087,-0.375119620234329,-0.406770928619037,-0.319989593208049,-0.535514697073001,-0.1979630410238,-0.949106455748266,0.345673634153578,-0.993973814993941
-1.16398936379492,0.177310038572678,-0.66038312346627,-0.284124871034582,-0.181404802126373,-1.17720647795919,0.637837469205281,-1.78152427893234,-0.900018897035501,-0.890691674225462,-7.30926181217478
-0.245574181564416,-0.0076391426861004,0.0586110210139406,-0.00992618141857425,-1.19585493646461,0.953366909408692,-0.447876969938367,0.54844089892533,0.0601913252959408,-0.787038925641737,-1.59456657332141
0.840860333565177,0.512871309650493,0.0360220485800515,-0.183412542798948,-0.540290545424342,-0.666169878657154,1.7155735115732,-2.1344379335036,0.34507149601108,-1.89256370772484,-0.30630927577221
-0.734115161543976,0.487500138930085,1.01373229337494,-0.8567119833181,-1.27928729974577,-1.27812641496933,-0.053580568120077,-0.710075046149925,-1.10996496706499,0.538373205632719,-3.00283702074693
-0.469082212186887,-1.26384060031273,-1.53387290952219,-0.280807496369195,-1.23138695801941,0.315915198973641,-0.672048549290837,0.258805643226853,-1.38036245416622,-0.0777283169283199,-3.76505741945318
-1.97557501510201,0.0251069796067789,-0.569724591366232,1.67213477588741,-2.20954725389226,-0.147132568175292,-1.30488257420875,-0.830313732145589,-1.18503595254671,-0.17994418409618,-6.62367741700347
-0.0297377360948546,1.09018409137381,-0.746537603143639,-0.671911558971331,-1.63609847630628,-0.546741342234681,-1.1786436240812,-0.525976594833478,-1.07012646426762,0.453520899983339,-3.64549526231736
0.925617622169187,0.756499795355196,0.739398206486929,-0.311234460615057,-0.17238625893148,-1.0161650772812,0.389339275533688,1.0762466624307,0.801040400373297,0.0591791705078961,6.17170790017864
-1.61121322693301,-0.779450388038776,-2.14684496869605,-0.910746101318863,-0.358699605019835,-1.08881637446292,0.0655424517216623,-1.22321673348196,-1.10913152552959,-1.08569716878039,-9.42876071651284
-0.245166194214353,-0.483770708164264,0.646706326621902,-0.327702229367944,0.714823752331146,1.13931184029372,-1.39983857858523,-1.27357683307451,1.03167363254248,1.39726662376922,1.40757465508408
-0.0841072112187448,-1.22180364765553,0.0437778711214824,0.0173687690675555,-1.34417014664784,-0.500754913746709,-0.813287451106942,-1.33291046896515,-1.02581325566962,-2.23438165746984,-8.27365442856658
-0.03999392144616,-1.55474958554822,-0.663940356804353,-0.461509220197525,1.81854625492333,0.219258227557277,0.936914119933621,-0.294384451970109,0.527202461797147,1.15758809455631,3.63596888647206
-0.156177503469084,-0.66766071864506,0.355934258942246,0.054766231052241,-1.01593312512396,-0.975584327378763,-0.945043096014477,0.639861583702677,-0.907072233986515,-0.632340214144927,-3.34201003298268
-1.21828938373982,0.230423962998765,-1.08212528853044,-0.256340260009302,-1.84152376309348,0.00328644276325479,1.1388263577714,-1.15604383206073,-1.34588220691547,-0.719953987183844,-5.4402702373212
1.21626789541395,-0.571150881186188,0.876553678708598,-0.243010251602558,0.0152272820567551,-0.256574144016968,0.921906993875554,1.82829529702193,2.03577819267591,0.191921699693362,6.17871336552949
-1.39357483821054,-0.377389830967759,-1.13464008096673,-0.0762337416672655,0.638346583506879,-0.425697638334618,-1.43348613360127,0.95213819178508,-0.571240824798184,0.805163934674192,-2.08879858949011
-0.804684262639399,0.624142175001545,0.130349635843865,1.07592407432732,-0.936932902691988,-1.23403929256225,0.42739312547401,0.221804192347199,-0.484550011406957,0.960570150351543,1.06633022176149
-3.1053955782946,-0.777600325350965,0.0632980243745548,-0.092854898947941,-0.316167400412064,-2.12690468358016,-1.20222969191996,-0.73020994384444,-1.24346995737208,-0.940054835771452,-10.6493711105566
1.65006717916103,0.243681925123849,0.936313165960625,1.41950597174349,1.0988912351708,1.10473801493116,2.27875944894918,1.52913660401505,0.880538748677993,1.47794737346179,12.5585322825781
-1.20950420532131,-0.819924774761015,-1.31283005066687,-1.84632007111092,-2.43290755212299,-1.24389950355947,-1.22681580722076,-2.37327875733679,-1.25833242956308,-0.913156316782312,-14.5286130138693
-0.476096487302403,-0.65190665049448,-1.01959821560756,-1.47856751953589,-0.793289448070206,-0.465736936939687,-1.06433315530283,-0.547831356909233,-1.34561176365232,-0.248898488553901,-5.73703140294823
1.37839918269302,1.19464279509146,0.105260553821897,0.600913054750602,-0.0391969492235899,1.07117647631138,0.26235702312432,-0.0328222572854492,1.48920120950531,-0.456764886494227,6.53766308181999
-1.12738989068017,0.405430653452953,1.11043778106835,-0.255508620115597,-0.636915534148421,-0.386519232606916,0.34967087127713,0.136627506957934,-0.0612124080983893,-1.10045591528505,-0.304047484090682
-0.433318751427542,1.2687852981906,-0.831035778890459,-0.363110205664917,-1.91860161529777,-2.0733897820072,-0.938502749026332,-0.841557804881227,1.53980054968311,0.15276722056464,-3.76485482695792
0.164629986502311,0.0807667451980114,2.28594495750609,1.41772482023515,1.06774388886735,0.674576060910676,1.09687184462752,0.0691494520252018,1.22412363785443,1.35324634088742,10.175602689703
-0.1416591079937,0.232543111331533,-0.651448377919226,-0.512725830845701,-0.824714524274036,-2.39681413895169,-0.363582002185705,-2.12958379026687,0.147307089071014,0.219591387270591,-5.1468017156661
0.281508087178017,0.702846955361625,-0.13271214746061,1.89403740183672,0.307999838334308,0.0660941258266673,0.622061471669823,1.22044827649397,0.35792877401043,0.615506797270401,5.96300324265098
0.0652502686004716,0.151672542266892,-0.54800652508559,1.58095102893277,-0.340318365003347,0.671600517650093,-0.632292598360915,-0.462891295338254,-0.372985506525197,-0.601492604836277,0.291291091501657
0.446978224285792,1.402960205429,-0.25128034372889,0.0126232546068128,1.06519120270848,0.435340883246524,2.11215866844721,-0.788490143218408,0.570597151568665,0.904947312984669,5.63690081139629
2.98228242330945,3.17210334399314,1.45912290959193,1.80316651226738,1.11203975429993,1.2597701503182,0.476533568473356,1.84550993384103,2.88133083581515,1.52052825115092,19.6854466320612
0.723682096742346,0.509698127020504,0.852711202193571,0.465842335153633,0.707259971704214,0.503232859594502,-1.9629043326125,0.506632495764447,0.106716234392864,-1.18671493087975,2.44204098772778
2.19989110167146,1.99144842817444,0.981912979379144,0.0735768999805903,-0.162181033481512,0.904211178054177,1.00196852173861,0.472263548206912,1.43273274163217,0.705076749209193,10.1019811144298
-0.523897606276357,-1.38997528611886,-0.104956994142313,-2.46251883675775,-0.0531345347731504,0.181078577524313,-1.32495473789734,0.541742925839518,-0.101555551963702,-1.98194559058819,-6.67157136137511
-1.52355185841543,-2.1732057290108,-1.39333587930052,-1.41459619171486,-1.3590000943793,1.06809421904816,0.416345738425313,0.681184533729962,-0.337258200685455,0.302346000327557,-5.37162355607013
-0.8548533221971,-1.00687827128673,-0.941102132747602,-0.209940658675401,-1.19505616884631,-2.41306852295699,-1.06147463868613,-1.10246095004014,-2.48947036771394,-0.353318882265782,-11.252486382948
-2.02318083450067,-0.359643338297601,0.44439563485441,-1.92340691234758,-0.236915814909097,-1.18727815342138,-1.36186595005235,-0.962347046042582,-0.582129425053966,-0.19427375836487,-8.99876628270571
-0.424055853978326,-1.71306932801318,-1.10340071745208,0.646594222572157,-0.989051537165208,0.115577747187165,-1.10607313722883,0.223599600373148,0.468212134034364,-0.98825244152898,-2.54173392648323
-1.12687229142213,-0.569114490202424,-0.163503394110001,0.555305370507683,0.402202018177779,0.511501220605987,-1.07314580643941,0.663296136765855,-0.0658433290311203,-0.966796589603894,-1.49515942842828
0.0850598576401362,0.52616608919323,0.0987556110607092,0.651119014088128,-1.09137881235683,0.465569368731285,0.237202729417857,0.89979592292326,0.292685999187778,0.479816759109761,3.93275298948705
-1.06274616627823,1.6615010646986,-0.241111372717072,-0.6423092212523,-0.649359727016913,0.0636681977195231,0.161119472399515,-0.211801500235257,-0.447733198027795,-1.09366253572018,-1.47184977363869
-1.04690954161647,-1.514927700714,-1.38699380046774,0.332592051649559,0.720006619550546,-0.401332448947269,-1.52220188418943,-0.210767199274118,1.07035263836769,-0.126038712915814,-2.45101057748081
-0.0958749320298648,-2.07569368942654,-2.1130143175305,-0.433066881704797,-0.761593841607883,-0.929087192014452,-0.323856747952328,-2.60307695013413,-1.2398432305227,-2.08093773049518,-10.2433173414627
-0.734835315089762,-1.6271184571513,1.19409720597412,0.786411760879937,0.22009169873514,0.00269741605345673,-0.658010756036946,-1.7406437803525,-0.435988969117354,-1.38453256186594,-2.82491709531242
-0.22696032291488,-0.00144091992679163,0.267404581268254,1.25582545328578,0.891960899699612,-0.0749121055464049,0.580288734986756,1.3121972988347,0.358351905391311,0.321877036471053,5.73581518033879
0.728444653207312,0.324905843229824,1.69058428762933,0.422528500728801,0.311604793900204,0.12184733525507,-0.242607418996056,1.46999030257375,-0.678209412488034,1.00517109377129,4.6142991433578
0.105935110403608,-0.274240136346499,-0.631961362688878,-2.30686722092209,0.484039231043759,-0.941394457765577,-0.0571310449396615,0.192975768027434,2.85697367057271,1.1748113516091,0.65233256915739
-0.0322336658742324,0.424799039889461,-0.895285487997034,0.979796780429867,0.197090971220572,0.253211200563863,0.793620826323157,1.34520634641171,2.00189899696887,0.604724530303184,5.2798338211657
-0.881903164921131,-1.07943563880809,-0.243174997857389,-2.04225633442885,-0.898954311096457,-0.794666751009941,-0.29871267487788,-0.998659345393655,-2.39714881747411,-2.2904157880172,-10.73079084139
-0.379478460506146,0.922797079487032,0.71675888344819,0.357473842907387,0.467126371023014,1.31811626982822,-0.798722536377725,-0.0721460153613084,-1.08496244349644,1.34674629047832,4.33411054482873
-0.725008887770926,0.510754324686124,-0.326645982652808,0.524326772331478,0.0338593369956477,1.99551422984003,-0.575339362413438,-0.810290612342169,0.145428508758309,1.09239384818667,3.11333935423175
0.142646992708902,-0.102973759252379,-1.57471494812232,-0.288286626179009,-0.815785805370555,-0.788195602518935,-0.0920203559553696,-0.909822785058995,-0.190481320349383,-1.1169844623087,-5.19557594680945
-0.0904060942189883,0.739679149138274,0.454329219589606,-0.254975749367439,0.647766513171453,0.15484835275768,0.578639143801737,0.0087994068948344,-0.409392655924358,-1.17919795435765,1.76208354391213
1.17301380857286,1.47183608553403,1.56798655849076,0.678782824300718,0.842106043020353,0.303756422470383,-0.543151304744307,0.428444524117624,-0.785995086169021,0.338859450527302,7.5558592768138
0.561106449073373,0.43777518337364,-0.952968285430389,-0.403673789098738,1.59708396081543,0.537200546106614,-1.00804530203261,-0.217984761074792,0.0578980297182924,-0.0293522065547173,2.05480748942315
-1.05538176813618,0.0301282903736688,-0.0950494176108533,-0.625801094937287,0.285201137643271,-1.29254519656622,-1.7744072489471,-1.06851942217078,-1.02184125836417,0.484738010568727,-4.44130549230987
0.369929374885924,-0.529689823525091,0.591752129143735,-0.205227641838834,-1.34790304484163,-1.31977168063478,0.441271696323978,0.310422288891995,0.642105612017843,0.435926059154159,-0.0282613078473522
1.32602054110563,0.398578766693973,0.685614884970849,2.05806622227695,0.404177839012134,1.68856282406333,2.04505715131981,0.0304978358953954,2.15576300627378,1.59353546241902,13.8316019028531
-1.28247218398743,-0.402274783061601,-0.38819715665141,1.36726494309699,-1.10858399779268,-0.0288636207989266,0.39635275003547,1.32707170119967,0.333207456830449,0.77788685402432,2.15630377493093
0.614104056673371,1.83677746776075,0.762284786827209,0.468465419412128,1.62045724844159,0.0394108048269668,0.795176091761507,1.36004043541845,1.05441723951874,1.0666702745532,10.4219291424542
2.07861456315448,1.21077065867027,2.40573061215483,1.78606848231781,1.19685130446237,1.27065785607052,-0.695132173556731,1.35620422527762,-0.220509627643561,0.768186914056852,12.1496439619576
-1.09586138342335,-0.0394642812392929,0.773099080284516,-0.403195761976341,0.158615539612945,0.0758325723110718,0.673859244049415,-0.25753663687577,0.931091151268538,0.141545175985697,1.91861370887749
1.54626193859505,-1.09188344848392,1.31103330047322,0.231124531952626,1.15217701613586,2.00212870514839,0.899304148259173,1.66409371005168,0.430316260534778,1.81197898558339,13.2110696114793
-0.612196167252468,-0.872447454801896,0.768348395759108,0.0216531238589373,0.530622788234439,-0.279837771472047,-0.62016389051977,0.0819626250060411,-0.535114417187063,0.739740952329954,-0.310900021329435
-0.111664268073686,0.240666754647346,0.856765248883064,1.01684491542643,1.22211785121278,1.12045132053045,0.922182004839013,0.00871819441176015,0.838480591212533,1.8336020927789,9.38497450589668
0.51299608585912,0.487259131470701,1.87422969469245,1.86542411997135,2.15740938781477,2.33882542367059,1.66734310565009,2.55324075739369,1.96094459688309,0.920233989432225,18.4348797397383
-1.38880766906919,-1.43437967910941,0.975967410377787,-0.601680519068943,-0.0794264657589954,-1.98143380771583,-1.35162065162539,-0.799244081424574,0.316254246687199,-1.99924016411,-6.72593887551419
0.598093686225554,0.213688820640292,0.167342844347003,-0.782949098368658,-1.48901271078858,-1.52722738811798,0.145459501281977,0.80562094108332,-2.32477056820374,-1.00094206261388,-4.76403333924696
1.05660920832157,-0.609567707506586,1.4016278495479,1.00710652790956,1.86481723648095,2.75430697316628,-0.129686647359105,2.20435903004818,1.65165740500635,0.670025899239808,12.8801237729526
-0.96105126908482,0.224899124821771,0.24095137838819,0.596317075223429,0.757920930814358,0.897269767227104,-0.60747651599156,1.42885473656083,-1.96561130802541,0.00499636903897515,2.21053168412886
-0.0930297829348273,-0.0823391291745854,0.246879519280633,0.2608294353502,0.771499321552502,0.488840775052055,0.329593073234187,1.3592423510266,2.36888307778435,-0.258670872589182,6.57094975493877
1.06950912100339,-0.311175789598772,-0.176056548792682,0.587442612974741,-0.338886164502726,-1.57595662775472,-0.802877684714015,0.30735595913767,-0.254414897801218,-0.537846009566643,-0.893598984164291
-0.164940012793638,-0.872809409388525,-0.444430548097894,0.587546904671432,-0.317275729743042,-0.468970880040692,0.0139946583917883,-1.00596739634784,-0.110546847220387,0.198280365183964,-1.02438239344828
-0.143321138607735,-0.902085955959902,0.552909190789152,0.082467934677255,0.107102856364511,-0.346335966962396,-0.642015688688225,-0.0359688001882021,-0.370336671257239,-0.537793099538837,-1.03750331848993
1.49340391114135,-0.46797914110302,1.40183287644843,0.345609260889328,1.00120779339777,0.683705097121583,0.418489478013961,-1.75158295226153,1.36409354374996,2.42525930192757,8.45543715234892
-1.12891202677823,-0.127262735761588,-0.305937066049874,0.035534259504894,1.07485139497118,-0.560486956237105,-0.165394992647218,-0.396539792123484,-0.316732290952481,1.04875314929864,1.30732249698858
-0.169663744534634,-0.826015828018683,-0.129119341020134,-1.08603111226538,-0.344624650230899,-1.14372668277433,-2.29234032143536,-1.0765087738574,-1.51195292010589,-0.623421632494972,-8.58882642296864
2.02739953434434,1.01930352335043,1.67436806685489,1.29434347543687,2.27723239662985,1.59680211659493,0.719461791992742,1.51995526265912,1.49461798113948,0.979890450251248,15.8193004754185
-0.957103497599655,-0.234050887922948,-0.408155809734166,-0.430529021060891,-0.443368129497178,-1.17731874963289,-1.519344431042,0.48499687773599,-1.32027775402966,-1.97474878988068,-7.7362698342709
0.309357142948739,-0.73141522513032,1.63672544541856,-0.0696311578350108,1.00509804961023,0.100962367356702,1.57643965499809,-0.440869223149946,-0.0875669600215803,0.38053539298017,4.24745817200839
-0.0683890833379395,-1.49812967560581,0.0627710371314807,-0.103775889877647,-0.607539643527672,-0.565535618884395,-0.0581885554605301,0.300061534268261,0.796831710775065,0.249642837457365,0.913441398985368
-0.240858853537133,0.0362990727687229,0.668848195496757,-0.576371574383655,-0.885483303545426,-0.419643670106848,0.456808903174791,-0.548570191156858,0.201432826337046,-0.658625090349274,-3.24896503621572
-1.64115475491979,-0.511563705622875,0.258459915781827,1.75883176280796,-0.063340980150305,1.41080241284467,0.47116475362857,0.510187377735375,0.81025702883907,0.69382082010335,6.98168496243762
0.242722350519778,0.945296839010949,-1.07575349192545,-0.0892836758560735,0.0102290266528153,0.749852262708579,-0.470975312083057,0.253153386414977,0.878034917231029,0.0766636637427788,1.53512935117833
-1.5554399937206,-0.232538337900924,-0.338906597313282,-0.216783086142334,-0.550744872399148,-1.88677481872596,-0.983813859382394,-0.521182804198741,-0.791004449334831,-1.02315061881502,-7.8502238878545
-0.419803280836908,1.76220395002202,0.870076118669322,0.579691735200478,-0.763978541577075,-1.43555615601666,-0.752939630095211,0.688125345673882,-1.09415166482639,0.683277610264573,1.38812391468485
-2.42036543400506,-0.590577139291359,-0.380091609291019,-1.2214704536806,2.05502811793399,-0.619999672440329,-1.09524963870042,-1.54937873170015,-0.896103124357983,-0.909042649331535,-6.79699588321663
-0.930926650974628,0.370893910111707,1.33331837163846,1.2855852069095,0.792184064533394,-0.210079621638159,1.47610638021699,-0.111907754241418,0.99030621468049,0.563137938723399,8.53876274240498
-0.708535882825433,-0.828840375607142,-0.20683016982405,-1.14817568124076,-0.322677498742284,0.132494141944032,-0.456899732871419,0.303009485165103,0.290503122690865,-0.147514021977278,-1.24368612050135
0.411016318424935,-0.0693268293714794,0.821457821970569,1.07208378413544,-0.00809232284324679,0.9769522968524,0.0280923478500742,-0.918371239722355,0.0781960139003553,-0.822747165639294,3.54392837210689
1.59812628465857,1.82665156282246,1.81645970730035,0.328482116996673,1.96823291376136,1.06548526270725,2.06635894868252,2.19389290057638,1.64043611202819,1.16083497126928,17.1661884004269
0.616755842075825,-0.804604079076691,-0.604570517284294,-1.68776754025296,-1.18413996966085,0.882050476582159,-0.437408023695021,-0.962730376230037,-0.164987312805913,1.56621973954219,-3.11811267437599
-0.784837282199963,-1.04323203968522,-0.896937213328795,-0.735156617127462,0.50011768159874,-0.155025200185175,1.63042130675107,-0.819973235883672,-0.678046871358311,0.541459985779548,-0.948478553205439
0.806198169167028,0.909677253805086,1.65609597680371,1.37842201704109,-1.0547846661427,-0.28213116113681,1.26385687539165,0.962745320890954,-0.152012846906864,1.62033240246581,7.51583724675733
-1.34015586428097,-0.180837013235135,-1.11003609990157,0.425416063144797,-0.47013463255967,-0.568827662929132,-1.54858911727819,-0.5959244716652,0.673089494319009,-0.672768900551283,-4.99144712760035
-0.788764013192455,0.241785861440884,-1.80676062110147,-1.39184701073638,0.727379417122611,-0.510423758850042,-1.16823916089112,0.440388394258383,2.21194637236103,-0.702361276461201,-2.69386313164392
1.06007281619909,-1.18662462121478,-1.3172323638232,0.586554570888257,-0.0418037443998787,0.424861197581772,-0.456367286953104,0.679223140950066,-1.47479444913163,-1.2055124146717,-1.58494706351681
1.36274446505471,-0.150441830062154,0.0604315959572438,0.122767096721148,0.44927887967678,0.380749511296683,0.938416901323601,1.55861611502128,-0.44346732156119,2.07084133616863,7.29065352180193
-0.955563519367354,0.437918899005867,0.827119018997502,-0.15289634969342,-1.17488020162451,-0.708466842641809,0.276773599158357,-0.473239574601507,-2.0434073438586,-1.12437370684598,-4.16213740985166
1.3486631891302,0.583829477271384,-0.0446321295188263,-0.650286698319212,-0.14837462068446,-1.50101059908288,-0.755111138361298,0.116522485028514,0.436254539643238,0.221610934117815,0.215429520672318
1.18280119537385,0.478727037687888,-0.776280776746667,-0.723589603746659,-1.78095006212927,0.97604527301266,-2.09107853554034,-0.575235738085674,0.360152613366448,-1.04883292161541,-3.37375778411289
-0.761744893031373,0.993206232354647,0.0323148525085684,-1.28579654433431,-0.319763499902756,0.338699693935028,0.561465615219753,-1.77597857465031,0.465750014778568,-1.89628362646913,-1.36933319927012
1.2818844689606,1.54995427279366,1.35650006063173,1.64444805044341,2.08525667315691,-0.894013888913624,0.708376482506538,1.93042741781533,0.087336883743701,1.17898103578074,10.9947962254881
0.551800640500226,2.7045217559121,1.10634393410433,0.0212741600807742,0.8871530665724,0.500016837887316,1.26723412928997,-0.0632004363198033,1.70968964129666,1.04109426729335,10.3057541859785
1.89039841624695,-0.836126616385415,2.29697293004036,1.17979433783205,0.065976770974967,-0.907612502005841,0.196966954225864,-0.133389820605186,-0.594754637171887,0.850043013447943,4.3542721100083
1.81690537072013,1.95729983740984,1.31898187187272,1.07917779186381,1.05450043926005,1.05106224882082,2.15376538332853,2.75951650485127,0.554938913018728,1.21081665349759,15.5281293692916
-1.97072452034962,-0.382790298235427,-2.33764374834103,-0.254267236186142,-0.834169391441594,-0.61637374613021,-0.0570769837502492,-1.45736113130738,0.331545292524083,-0.905571174991541,-7.45093947113961
-2.4819297017008,0.556490952975896,-1.16233618828854,-0.623640842227782,-0.993854241291105,-3.37324112294368,-1.37259743459207,-1.59181311950189,-1.55482463345115,-2.55488964751254,-13.4031405667652
2.26038226634353,0.306200773112793,-0.314077272237596,1.00244941100807,-0.365633004530431,-0.683727999060152,2.16400832627265,-0.25525877564759,-0.559412487120837,0.10774794916968,4.82255656467894
2.47055811325118,0.589457304290022,0.198269122935583,1.37958957860644,0.165856680511814,0.511223595791296,0.344989346219492,-0.395607047424224,-0.31711755148437,-0.0766276426610434,4.81741873112949
1.62425800279286,1.42112466437449,0.649208893265672,2.25088573505201,-0.800038277106116,0.182351546221971,0.335785425512371,0.347279871236797,0.429727679170284,-0.596308707090707,7.32699278002743
-0.848707312624946,0.979771622799571,0.946911316843203,0.251717202372726,0.633442172662706,1.13361343638231,-0.980965995060027,-0.351222642426665,0.123718470428317,0.498494195743482,2.76715287263502
-0.0272511706403085,2.10534527648658,2.85345579040029,2.09433051090554,2.08417985844585,-0.156023650224872,1.34973047925919,1.73376220355969,1.85151940536841,0.424550576638388,15.0626808698865
-2.63791809635231,-1.15435533922355,-0.943227584307281,-1.5272328460393,-0.139092655995396,-1.15676959010074,-2.36764138089917,-0.717585316731879,1.20105282382862,-1.17689546983953,-9.4338159282431
-0.999960973591469,-2.11549212850064,0.0959084479422842,-2.06648272521596,-0.207038386277188,-1.49785376532201,0.340771816652102,-1.91387260203005,-1.50613235684096,-0.84736519598016,-9.87697633974866
0.0518806590745156,-0.0897720056413647,-0.657536523495315,0.034102184618642,-1.01575716053318,0.0784136553189813,1.28685372144011,0.441090537968416,1.20019071562701,-0.966933656661401,0.272596338539999
1.50322571900966,1.32920413947903,0.631991064136907,0.068461315516409,1.21069679017651,-1.29018750578658,-0.914062439050008,-0.711008569786416,1.36582846417975,0.244584548670496,4.75023910708229
0.423460506614683,-0.254217801416063,-0.245717980175078,0.502567654765385,0.613464424041554,-0.147984908427505,-0.607990587592239,-0.746359486498463,0.152707016027683,1.52262652284909,1.66038144761356
0.415254296329717,0.79423710882193,-0.829917850202201,-0.66994055318933,1.22443043760758,0.211659679392576,0.420155696547484,-1.82830107227872,1.44528728037548,1.24883133891775,3.18472200474306
-0.726958116690074,-1.56437075902012,-1.88089687194498,0.391279985464895,-0.924783126110916,-0.718231225913057,-1.08439558052413,-1.02801405574667,-0.493901495714397,-0.896408691818681,-6.28330847530909
1.12156369820655,1.38612165115176,0.616331906127685,1.21571739116036,-0.938137945208264,0.946416440843943,0.119000721927831,0.0737357328518608,1.8574971373148,-0.406411769515692,6.64954133279573
-0.301271831977947,-0.343385231745662,0.234937123989275,1.9660856137624,1.15720560227255,-1.00124767045098,0.202116714678236,0.931005873113793,1.34872429767107,0.914898475826794,5.68278778229635
1.28132057746024,1.17236867824488,-0.703541107473722,0.83720416852481,0.419040104484946,-0.642089986015335,-1.09516325481964,0.249440402815883,0.719341229654608,0.0455584193249888,4.78363433494077
1.22113204360484,0.350651706367777,0.418448994361579,1.03991132570955,0.864574109558299,0.72726235952363,1.42901565302618,0.876690248045579,0.393197991201016,-1.33012219587019,6.04860469674854
0.148046977120642,-1.03342262272847,0.826526087893472,-0.431731183112724,-0.161128103805904,0.10130371156227,0.464748915492284,-0.332405781457789,-0.417777564321958,0.775854872059052,0.758813655381235
2.15181221682595,-0.813501995190431,-0.472438575156883,-1.062454944665,1.83609500406852,0.0790394129952628,0.677951178122898,0.890796798070539,0.0634981621315988,0.017645875049526,5.42532409888182
0.303348462254566,0.497398900062481,0.51020479309648,-0.29016520757927,0.318245584208051,-1.69427564218576,-0.800083624027281,1.8838731522383,0.895951894829771,-0.249225152622392,2.7084128981768
-1.1505958879034,-0.011905625360415,0.355943567831027,-1.72696900610186,-0.306806881269887,-0.690771658862635,-0.351930903735612,-0.775672093653071,-1.03217167201528,0.162563265977139,-4.18331921662778
0.0232275767382251,0.110707993099697,-1.58327245501441,-1.22401311716801,-0.712259834395851,-0.751039498627372,-1.12586932016118,-1.84045135417748,1.31823752606431,-0.583279696642868,-4.90562351695028
-0.76698251462633,0.124161612660965,1.34180353448856,0.513836374083693,-0.588288332977297,0.217762326188531,0.250991201968202,1.49478959057252,0.338054189639373,0.375177080640392,4.01744369279035
-0.957926691854582,-0.207442581712326,-1.77119019888889,-0.908240519424497,-0.770337485824337,-2.35587653672795,-0.750137550140863,-1.91497532993591,-0.0189740024821211,-0.151509229895552,-10.2243722527392
-0.121492832376969,0.390212656732115,-0.155198562199562,-1.16557320161854,0.673222958583948,0.264786837597196,-0.756675766722922,0.288360988736523,-1.71487112258782,-0.135281878951493,-2.97207417821011
-1.86392203951469,-0.250468986374682,-0.613762845500636,-0.904482953178015,-0.00557583582583828,-1.64669343858923,-0.634191300247654,-0.743165607388822,0.239042737390964,1.01588537860841,-3.5652932322429
0.766955031246095,0.683044301509951,-0.624317056550813,0.345128993223691,0.0906714989418205,0.870765024899047,0.330648355023048,-0.36104522869034,0.446226938888715,0.557414579103869,4.02653564384102
1.26754292862055,-0.525857787278386,0.354133767566222,1.06803849497192,-0.348375230925172,0.509451817701361,0.826288556522118,0.445878752030352,1.36485035838824,-1.36803759808601,3.28137663216778
0.141451694903001,-1.03624698938288,-1.57694640921992,-2.06389576249199,-0.133596974355485,-1.3187820962016,0.194042446979686,0.742406011843717,-0.414274073282193,-0.293583093698443,-5.09402238454936
-0.667261919319071,0.0146605471325547,-0.906652966844686,-0.118598064866511,-0.377547529877419,-1.49667428211624,0.631563693249021,-0.192000914168881,-0.909229654452951,0.410581361689185,-2.59535448695219
1.64147086511527,1.49499877405431,1.97566846272521,2.54735618806795,3.08670068130738,2.33813346147119,2.9958508112111,1.30586397723754,-0.0847032389277502,1.43530751616945,18.335519646982
-0.316547782432239,-0.616930867404805,0.132864715322089,0.624018883960872,0.110300715032753,0.932698909751057,1.41455199560314,0.283069972861917,0.283797140434343,-0.186173581439238,3.8855769233547
-1.20279143673846,-0.487397722155231,-0.277409404493846,-0.71349837995295,-1.70508465485952,-1.76793331559448,0.667615622418068,0.24832870693642,0.00226207548449513,1.36943359400723,-3.22887676755769
-0.647174813954734,1.02567968016688,-0.501103684591647,-0.393676588833872,-0.707177946656949,-0.389514415869995,0.433386233639243,0.0709881802177107,0.167022406844396,0.110712586023008,-0.578781999507718
-1.56898446209292,-2.00231050872995,-0.460436612631498,0.48690995532928,-0.913556632014362,0.079458086072552,-1.16557136998044,-0.281912278422448,-1.66674933967795,-0.511182736688563,-5.3646257017189
1.43737682340421,-0.612399907278001,-0.834712218663688,-0.189732817768295,-0.488528313641452,0.812713588670056,-0.0559572550482919,1.60109768723417,1.05770773823615,0.561048950634973,3.20346494970886
0.560554368060692,0.446144585282793,1.61135420263896,0.991947367514543,2.68563351371837,-0.379727413109013,0.850506871030992,-0.0920038980262942,1.06729178174,-0.539068495885806,8.87731129000554
-1.2435082825459,1.32500035000878,0.508304920076859,0.391997065298214,-0.292333463405433,0.159841647493502,-0.158333890762682,-0.103463312179423,1.39121340831807,0.560388111688243,2.07993106701718
2.48829688248257,1.72447959885693,0.373657171186325,0.50941864016543,-0.0887043868968592,0.968919427500448,0.170273771170201,1.01255849736956,0.540542664278329,-0.0125007070416378,10.9679907491352
1.05521276589832,-0.616031037210783,0.669194575762517,-0.0386508266497056,0.598656204485762,0.575906593308491,-0.368979697316186,-1.31503803277294,0.213049395721331,-0.922058128309994,2.90969163673439
-0.0588750830307054,0.980470136571566,1.72601971287103,1.52809668257669,1.11727629046583,-1.1160654834355,0.675936346844131,-0.0423386813763469,1.25823378702304,0.857135998369847,6.94133748810159
-0.897771777454911,-0.0573694470756684,-0.559939334611589,0.245776486407526,1.30368364336438,-0.595832028928661,1.430104662974,0.14926971985958,0.344737169950413,-0.85684483023214,1.30954850355582
-1.35423384676781,0.403231563660248,0.0336118159292246,-0.55395190456937,-1.51105111189359,-1.5593776465488,0.608551693257832,0.0533012305721118,-0.334402054898773,-1.01314414522603,-2.98449117638794
-1.21652375252478,0.324814268405774,0.311548662382088,0.446092297153945,0.195689729566159,1.22290368726975,-0.889353957428944,-0.673369804299811,0.4946234310839,1.44060076557015,5.09118007199255
0.805167682669071,-0.904391975708851,-0.400117103179696,0.563465929910957,0.15091887403877,-1.01179457946448,-1.36042683223553,-0.189543845039653,-1.50379594031253,0.477809297124947,-2.64726016345693
1.00096013030093,-0.107387235822571,0.166293905562518,0.217743920583711,0.272454370259164,1.39903023186691,0.811245496357234,0.380932707932304,0.924222006555359,0.84676842668755,7.03033752754049
0.107779385101288,0.750040328622461,0.858572926276697,1.01782548904412,-1.25727619467559,0.660609811959944,-1.93400112979539,1.15282432609701,0.981187844851471,-0.323561576733588,1.12146805965671
0.446386550353026,0.129805457920075,0.950715295344982,0.906592639072899,-1.16098362798942,0.519028878560191,1.00739280546364,-1.65892661944501,-1.31598622470651,1.37450986951562,0.639540737698935
0.465770740255763,-0.101361331371658,-1.26749810900779,0.497995859375584,1.37958590815697,0.772348830319161,1.28921762407938,0.15595835037874,0.0757187885715937,1.60993535499819,5.63028604463055
-0.459224610139579,-0.0975869204744004,-1.37382692559141,-0.0506616849614148,-0.250081307472845,0.398486190250413,-0.650413544927833,0.218092042692275,2.02137055673947,0.60668598455293,1.97198269667394
0.393564780196632,-0.234907151247231,-0.397478121318742,-1.86178427412296,0.265950790463401,-0.588376184420975,0.308307153981269,-0.271145576764644,0.817348208294909,0.272725370772529,-1.02543931694391
0.596230301504761,-1.03991753131858,-0.773397093624386,0.300839003366733,-0.180687578837501,0.198765771589547,1.2846759580962,0.761849820581667,-0.466467310827377,-0.0330630169043165,4.26431252639357
0.742963931852561,0.819859290055394,-0.61337376495747,-0.0379366338719892,-0.619441161925023,-1.32646385535015,-0.753178059408786,0.615365521527626,-1.76216055147123,0.114439777327082,-1.47988081045403
0.334930628014978,0.141392436904651,-0.954934742017323,0.996341568211855,0.501464397903164,-1.48720139578857,-0.657684319912764,-0.471996745560238,-0.237947672414221,-0.359062646444458,-1.63677227265607
0.911704611680681,-0.437877279544783,0.948746772416554,-0.264271288291819,-0.764779416129974,0.0497906187600124,-0.935286648049348,-0.872371514323071,-1.05041303908916,-1.71743627391269,-3.35186444822505
1.30392875853206,-1.2272113996155,-0.547713943756741,-0.825409851015311,-0.866192528202822,-0.405195890715954,-0.399102768617227,0.703223360965903,-0.372962767329319,0.0941096491961219,-2.02502113052483
0.744703737422818,0.14197839260652,0.36168293779648,-1.76947856714027,0.921031705265264,1.39339698175908,-1.48466128560331,-1.52174249600201,-0.77032366516129,0.538840925856171,-0.519247495348822
0.160837754831567,-0.803366883111663,-1.91530528982473,-0.218319216647329,-0.608695639824412,-0.776378213664939,-0.923325590810416,-0.72246846867362,-0.433204554815684,0.359411912807032,-4.55237449990021
-0.301178451539346,0.571276265655701,1.75740189217053,0.830405590001586,0.168967028830609,0.875192316562388,-0.803908252469602,0.878723485668063,1.30360509894622,0.0889432293558414,5.39033360255316
1.35546720095557,-0.0830082836931903,-0.302764507670171,0.0354125947820946,1.45212463834975,1.30533486132002,0.684440739346172,2.40320123218242,0.907297505058828,-0.202389200146908,9.92754971121929
-0.687059098670537,-0.750027042793364,-0.528659017361271,-2.31951595911514,-1.3789319328478,-0.468664707302767,-2.73290518546828,-1.34098306312439,-1.4650149213081,-1.81923310787681,-12.9083752173265
0.412323488457885,0.304922774209994,2.50093968876859,1.7647467807442,0.389826970151603,1.10612722757297,0.523533922984546,1.23743809907597,1.24947208585808,0.673141449113728,11.5541681221102
-0.045101741189281,-0.392119598000631,0.714901032331128,1.61364481214752,1.81599890449015,1.32926910583703,0.650936311552066,0.527412329423384,0.648906195730735,-0.0153283123013123,8.96204824306975
-0.34542397323524,0.392846460580921,0.379163892995101,-0.29428676272407,-1.8356127986762,0.206034443572309,-0.299574372591809,0.62377910610432,-0.858444434883184,-1.91232877178114,0.019800197529718
-0.174008797867254,1.03071055265387,-0.942494942121503,1.08178872990776,-0.0861571040094194,-0.433443367039403,1.80239207031343,0.929666119714165,0.695791097918753,0.900576702794914,6.41045970021267
2.13489661736257,1.179672451534,1.09396382742416,0.30476356018211,0.891951448939544,0.278274777057272,0.911777989019352,-0.201521494670263,0.228016353549612,1.21599200047516,8.21538958812177
0.981444731121547,1.19945199648207,0.872715155164308,0.107862181257626,1.14171199375283,-1.08018676637471,-0.754124728006104,0.216403789438156,1.40812287194199,0.297467050418523,5.45280090413235
1.294537697834,2.39493239647358,1.06651981808208,-0.180261195198013,2.42913316333207,-0.128992270596002,-0.863051276177749,1.60400512059996,0.502728153325645,0.95222144279281,10.0587095286877
0.658710058707887,0.676824953310311,-1.13731752998347,0.283042008132362,-1.78371281194493,-0.537917082885141,-0.575525973591333,-0.20655475945312,-0.81486467911649,0.676746644285928,-1.217571509304
-2.61539721722987,-1.21084900388028,-0.338462356760649,-1.04609810844666,-0.616030784804514,0.69988290680284,0.271288919682755,0.0759460297463814,-1.69926421369648,-0.685646833116312,-5.5049131619492
-1.21868785914196,0.342384927715505,-0.349972659222054,0.0236329833895368,-0.589364937862429,-0.37371472786064,-0.596121916360029,-0.595187217533743,1.21332765396266,-0.61335719400977,-1.42700550178294
-1.32456343947869,-1.0211138575133,0.16668004398082,-0.108087597476743,-1.21097357956345,-0.514962955320465,-1.30978610950854,-1.53217848579362,-0.928113952432164,0.00976025106511905,-7.54279693515357
-0.0924779428676468,-0.230430950642767,-0.844200203942907,0.292163617191417,2.23581334450287,1.12679816363801,1.55252456259043,-0.896461933435146,0.248979649658295,0.479529963443551,3.73692257560488
-0.424256693231469,-0.39463177800296,-0.629600548353174,-1.38042481595222,-0.662579726063721,-0.0342737521026111,-0.577988607112384,-0.885158462047006,-0.503683650377483,-1.2787736434887,-7.34276043125425
0.111926448136473,-1.29210518159045,-0.517031829948533,0.461491076104907,-0.408771675165592,0.921228798941114,-0.614078374871809,-1.09903974069567,-1.45328172571397,0.278201356161165,-2.73809480636946
1.80432346421585,-0.890969503359476,-2.90423658584574,1.06840685859155,-2.34759427568959,0.56503599925405,-1.10047156196399,-0.499012344585218,-0.801559464236,-2.03502631575709,-6.27187185619417
-0.362324081567902,-0.201223771641521,0.940806410681595,-1.14713200339043,0.435631143608765,0.34686772789836,-0.0330035069163071,1.46449609062407,0.561712873062555,0.80699142832983,3.74834113442376
-0.110873740366368,-0.224240467169983,0.230909960749956,0.464721888778731,0.616925233674072,-0.527857216571666,-0.944116988302098,0.260529758283087,0.176216563166647,1.77104862473957,3.04819155002045
-0.923518155547247,0.269692147806065,0.649800846536004,0.127658936582441,1.35006055371025,1.97868565689159,-1.09888063551935,0.543786252964161,1.30469893790491,1.97767994480356,7.57103218471671
-0.149561675323311,0.887761526779022,0.817059466917358,0.457830013903445,-0.512338878810473,-0.107978612667564,0.289376008135269,0.322879563951676,0.281562583512189,-1.71785853220591,3.49418703481278
-0.29927732688724,-1.14574623106593,1.32351661147356,-0.513938857957995,-0.12151365356895,-0.108880791171875,0.342861957688584,0.994119016519927,0.289233255853536,-2.17842796632337,-0.952321609944202
1.39738359653635,0.355262582981826,-0.169392896236195,0.349381453870638,-0.322700993438691,-0.715136484551595,-1.96977898967832,-0.242302307964217,1.03188031701823,0.0467497000782269,1.81724491305308
1.03635821357062,0.772254228708576,-0.82239728566903,1.86591281333375,-1.19757707536415,-1.04897300979145,-0.681885620761102,0.910372176905256,-0.606373121874895,0.0745212040425038,0.522572713064773
-0.498506307129794,-0.939742318343852,-0.388775637825625,1.28602809507441,-1.54209425038232,-0.503308481731664,0.919860871101,-0.583887858865969,1.6333585312889,-0.100006701425153,1.91869058667116
-0.795760087334031,0.56228912077842,-1.1422718094459,0.110837361490861,0.382566439723028,1.18238217603874,-0.815623271270522,-0.786757180795111,-0.155994610671161,-0.456503514672422,-1.6190370448201
0.00794260211541073,1.19322205936474,0.290775113487285,-0.277589142544934,0.913488800285301,-0.0543408847520441,0.276305066086332,1.62201690905645,0.177654727945143,0.89707173472157,6.44897496029174
0.94099881895116,1.39574413788745,-0.556833127274807,3.01822279370781,-0.509981327443756,1.18248107960492,0.820259929131255,0.405999411777198,1.04386124402629,-0.17324469140373,9.18671619033203
-0.284429973743229,-0.0458308508971481,0.392820281839325,1.32948174405913,0.644562315070664,0.0347641825928847,-0.134408709656892,0.851412227264169,0.0637101134929161,-1.44920446710761,2.56878129078284
-1.39356205076332,-1.37682294637463,-1.01170384998647,-0.334151615395639,-1.36918224700225,-0.220496283491364,-1.15496594956325,0.0426792297046493,-0.332984178228873,-0.329155935152594,-6.13252680315328
-1.38136976627238,-0.0543449629208811,-1.76399432366572,0.179507382258216,-0.118049907073725,-1.0456916280812,-1.19058418249224,-0.579007597353026,-0.947043306378632,-0.336414442596189,-4.90848244447792
-1.7864707474887,-0.123549244604463,-1.00413062743048,0.137830146845995,0.109854133312024,0.0312286080629098,-1.04446391401258,-0.188069217900236,-0.93708711899671,-1.91908709193779,-7.58466361786456
0.229763135498102,0.584455147493554,-1.42290753119499,0.946955106402643,0.153250812302378,-0.367609698313228,-0.649651263306163,0.795886244884395,-0.746858739269249,-0.485982234750142,0.834520570853906
-0.112143810302413,0.854587267866168,-0.538110719034583,-0.707371940341645,-0.998888625387688,-0.926136813222963,-0.650064829317476,0.593704640435466,-1.34751970925203,0.0117975500114033,-1.90128685379726
2.23640035338958,0.0986282150683693,3.20316677864826,1.84389187797745,1.93677647446176,-0.36460647316341,1.56812246479627,0.15602150667629,1.85711503948594,0.728722177584553,13.928950735897
1.60670672623715,-0.457092315151265,1.20880005197838,1.76830677190581,0.734072043377861,0.861591839955395,1.03214646018303,0.510270949470493,-0.659734926772857,0.646136275837107,8.40884023241037
-0.602944500542344,-0.717127531072432,2.08664832181529,1.20628955692884,0.345915843795845,0.985121551117318,-0.351744322589531,1.69726881611364,-1.32846149706934,1.09679102407361,4.48385897618072
0.940200395317246,-0.101860578756225,1.42893007766641,1.37866350619762,0.51492822984786,0.525213999365563,1.13592807786026,1.58638946060849,0.00279843545677096,1.63870654042373,9.95550931738572
-0.521046228642726,-0.203940829787121,-0.36002269842544,-3.48696932140931,-1.16400543544653,0.910321564766047,-0.662209717461275,1.39851571737915,1.22000502888468,-2.48279495312402,-5.14419054439124
0.757619496519183,0.233234447330426,-0.031678059107082,0.997669770066918,-0.0126116078732553,0.126670410358082,0.580081225820115,0.0260507025237836,0.00958541848861429,0.149925216993458,3.67508629669004
-0.180773850482147,-0.573317613963883,-1.47833036668055,-1.27914227777287,-1.61556742383014,-0.010702325884857,-0.78532591203275,-0.906638050089429,-1.2423495727891,-0.320281688321447,-8.79576811783074
0.310421063186227,-0.519801649690852,-0.603066401358467,1.43928091191729,0.768566721789908,-1.67697722441549,0.282752784112181,0.748576195220474,0.624135533985814,-0.212524341266556,2.58262953993947
-1.33523316941941,-1.87808516109013,-0.400840716018097,0.806330273190453,-1.79654253584668,-0.944945251603763,-2.55443247069899,-2.05568928239371,-1.81103810791406,-0.202298692083271,-10.6988459084145
-1.8149816707627,-1.65119741157949,0.715426081796591,1.02718859564882,-0.744866634499558,-0.435117945319014,-0.0254346782761627,-0.406782915038122,1.29551398541652,1.7506112394558,1.50481856015037
-0.515986492227114,-2.100520303887,-1.38666009933657,-1.90596286914181,-2.15343855036811,-1.77156235656641,-0.0698352165830622,-1.10111020218259,-2.06880492472387,-1.20553323231069,-13.1217205110179
-0.860343222394633,0.466298834212613,0.199419826485148,-1.37960109131967,-0.162385600887783,0.849128161979085,0.109544451687323,0.449089516984986,-0.153847121424019,-0.739791187100664,0.32945845108524
-0.143584243880994,-0.271227256566651,-0.319461649308273,-0.597498564204338,0.209153874034686,1.50098921640368,-0.014594678307923,-0.395265503312644,-0.43038437262048,0.0449418811473449,2.18677137198494
-0.0186116678163594,1.56672736067574,0.362897945276602,-0.721499114558731,0.0754971625616602,-0.892388304271805,0.719500144812251,1.79848161751708,2.27332727194197,0.422017782815564,6.66484415904716
-0.827175667807922,0.245920274659875,0.140698614300955,0.575718397682642,0.0979462573249473,-0.157098028331662,1.11412127625151,0.454993641367821,0.187194310793046,-0.953496161262448,1.89689330771225
0.226011825033581,-0.0180203678054838,1.3801497540474,0.628287090798252,1.64626571299287,0.616093128512627,0.895088719062782,2.52770453477245,2.15309028542007,1.39332166351,13.0312039669575
1.48352272899773,-0.228662161504154,-0.92610245527593,-0.563044606608354,-0.202276128893365,-1.66301794032125,-1.27065673866495,0.631760504442775,-1.12108124705025,-0.470371830998093,-2.51410892139744
-1.14744375297686,1.25106536625614,1.30140125996646,1.12724949545381,0.851275166569388,-0.897464251269732,-1.39282756760496,-0.257681745609722,0.369780030130099,-0.684457620030124,0.324472586594879
-1.84857047557922,0.0670900614565454,-0.526284055493476,0.187856454331627,-1.15815738538533,0.917115163227226,0.699112208310248,-0.188281538289562,-0.374215139522124,-1.47340007544986,-2.89403741130698
0.506996553249458,-0.973768053599924,-0.551231491442768,1.40416863775212,0.803279754839537,-0.416348667464374,-0.223515278955143,1.37432527108692,0.0525439714524531,0.932162116480662,5.14933189939226
-1.17578172738624,-0.732938335778936,-2.25476775184609,-2.34911395620786,-0.390117389171585,-1.60764338969245,-2.61945495505278,-1.62019172674316,-1.06694779026567,-2.67481950719747,-16.6445242744308
-1.28192031500192,0.0783313639255283,-1.62882656115352,0.368961222504356,0.107192327846199,-1.69879441101101,-1.34984346669688,-0.960528282739601,0.675615599830419,-1.99388993498025,-7.70826086831341
1.51804237551845,-0.123514005896599,0.47389062049706,0.484516001620204,-0.087559171152246,1.33344599821662,-0.158959126901553,1.61228286104605,-0.217547028647684,0.450434123140532,5.98391514272311
-0.678542918292809,0.803016731558334,-0.81233550113132,0.881832277400892,-0.921042322071224,-1.24114076918079,-1.1889288143589,-2.39840024719675,-2.31153930446274,0.802534148797745,-5.93227538733889
0.678401666280182,0.0205767652346544,0.12246991876531,0.0989564957108013,-0.544157807896652,0.641796274279158,-0.349713249428316,0.0943215859631552,0.750731886454948,0.0227569244218744,1.46377981071504
0.773679434572954,0.0867571398984328,0.13863219936819,0.968776515460099,1.23282181767919,-0.110977339464195,1.26355918765525,0.412170870553811,0.818576366144994,0.254105206502485,7.10214929352049
0.85858931064896,-1.05882480003726,0.599716029043836,-0.241576609220934,-0.13332329971671,-0.279999615305125,0.497355776023848,-0.339721301977118,-0.77630394724375,-0.311341566581674,-0.822298224231781
-0.0680857925638879,-1.1522644620249,0.577915528122579,0.264988591789318,-1.07931134525602,0.709069745544848,0.819447411968924,0.683318298098492,0.5073925402682,0.734932158899053,3.6693469356795
-1.46638121654383,0.969776862931546,1.14176206641464,-0.969689682653489,0.548502984594723,-1.36642794981858,-0.0223202510338588,-0.874432320912977,0.334470146601587,-1.11990154551429,-1.92446392236087
0.560012788975297,0.770906231983285,0.6921654249985,0.599954623651701,0.795914061135051,-0.650891140877475,-0.0250356639090576,0.624112308568338,0.483796328929412,0.176264047975357,4.53776522092039
1.40700156835267,-0.719862006547892,-0.883101736121743,0.599498121792762,-0.0545506669694062,0.379606496908364,-0.247881315937384,-0.599254292880802,1.25077165444199,0.307897277091685,1.1170843062925
-0.289141638043195,1.04288256916084,1.17811393695848,0.621460652212911,1.78070198852671,-0.821387999394316,-0.688639441401001,-1.67945204051201,-1.03609184979705,-0.367142026513432,0.586924351264829
-1.25025673449826,0.181736658760673,0.805096727669651,0.00474829847964376,-0.115299386194054,-0.923546017473676,0.751604207389391,2.73784931721718,1.3139754101927,1.32260435540182,5.60387067877306
0.00548280206371211,0.107161574312298,-2.45308775134417,0.301169684189148,-1.36221521556173,0.826187539680078,-0.393653617189568,0.300086659779537,-1.53505882080732,0.0725841002868588,-1.52073928257071
-0.382113297382547,-1.83712214263854,-1.08059522509927,-0.596191371955733,-2.92545522430181,-0.119433549262752,-1.66628101897882,-1.78221871907016,-1.19831984735196,-1.35753213755983,-12.8329154109527
0.530967854657421,1.42669874261148,1.86741187206706,0.303034038782023,2.20029970730626,-0.114303889651794,0.558517619035196,2.05626287403804,0.810932190345332,1.0357017325882,11.7984873009201
0.108875386195597,0.802959327364168,0.20651483808105,-0.849189088099804,-0.739362658898528,-1.50007669516418,-0.603031846247854,-0.0304417192202998,0.837777548489268,1.51748612186095,-0.841604466396184
-1.76336999481767,-0.778957483937346,-0.345062387223415,1.21209804865508,0.456017548757508,-1.12791431528119,-0.547723491513143,-1.37289826413803,-0.602534263685197,-0.16701878337882,-2.74217201479617
1.76337394600635,-2.56672484085219,-0.289795300190255,-1.51894861876174,0.610583551748719,-0.725826419225891,-1.37862520887654,0.0866625663392178,-1.0036775732789,-0.727851370536755,-5.30705082029475
0.957430966360471,0.171918007533757,-0.537404913191592,1.37070023018044,2.11456697299689,0.349713136589313,-1.11701914312602,-1.32282734205815,-0.658801948247297,1.62065412665609,3.83664235300012
-0.0314277453109631,-2.49842362506642,0.291790587555014,-1.3314527208844,-1.43361107361874,-0.808114365284304,1.50767299960906,0.750190484012879,-0.0881657661490245,0.392970588533828,-3.37089391836944
1.08999636393607,1.90464857800969,1.21007056946018,1.3200207229394,-0.732039023108445,0.23317031019947,-1.29010607993114,-0.5415172310116,0.00690368838878132,2.93747582220939,7.69977050985398
1.08960979685505,-0.174355152399388,-0.757678681949098,-0.458860669296613,0.633946500773151,-0.067245608257348,0.407650449706927,0.527582970541809,1.36234080585846,-0.524647815561076,2.81249864061908
0.504800091027297,-0.937039773365051,-0.963579157503334,-1.65716606913394,1.06788023912266,-0.413293267322566,0.52869755823444,0.298867881231686,0.907709294630704,-0.105325176844834,1.17248191654515
0.486307343138187,0.077468503725996,1.57508852282818,0.751909976684221,-2.11411914739274,1.09876307382208,0.814363687324136,0.212665047028619,0.164290350162288,-0.339682639951076,3.37104048202684
-0.997228349701005,-1.20858665958205,-1.56003940928215,-0.586731310567856,-2.00824991726289,-2.40475015274058,-0.226694050648898,0.551250834184357,-0.462955539653501,0.0513056098741345,-8.21512526605886
0.765972852958638,-1.00292439138716,0.339260728227325,1.32730098656445,0.990848994608027,-0.986660133222235,-1.43648698524959,-0.323554761048305,0.739611745901994,0.171665468320993,1.14194850786732
0.258800437527413,-0.48892701677602,-1.61877423354619,-0.702895189987933,-0.311463752083339,-0.51749902805696,-2.07816087015256,1.0316854580823,-1.13918646742836,-0.0146156222000822,-4.1046850590948
1.90675298173813,-0.675697274660083,2.43078990984024,1.98422197702806,0.738724229336824,0.304729889765915,-0.852086898842881,2.39597247911882,-0.285307544852216,0.724797027976511,9.16115769942677
-1.56951460610976,-2.81392260206694,-1.19116243389485,-0.264885006037274,1.04628790449759,-0.995382538748525,-1.00221275433831,-1.56605894359497,-1.26810556236814,-0.955497104653931,-8.31235628334555
-1.23890440419527,-0.728624601341769,-0.815316461202408,-0.444224536075473,-1.21366605471213,-1.84983149594674,-0.385649225989186,-1.07873176076534,-1.35415351376956,0.231136408390462,-8.28688519555831
1.19262547205457,-0.976845812007639,0.755824771113976,1.22264084954866,0.101377222691971,0.977252305216426,-0.207689850443242,-0.337477354620772,0.180986003000585,-0.347481523950205,5.77725039394272
-0.654919241570921,0.670375688289943,0.0325275666100173,-0.278850131892603,0.635804709905137,1.17147100775055,-0.147609167812294,0.559512516996224,-0.225978614079327,-0.686222864903318,3.13389645404874
-1.16950652332763,-0.133460202019343,-0.111001763513741,-0.145374955062437,-1.11451124718977,-1.91495025828443,-0.0463280431701973,0.864988427184202,-1.0885502902814,-1.5475129706003,-3.89691807294786
-1.38484254692668,-1.06521406818631,2.38436587044356,-1.86576708183572,1.70369455287129,1.17337167799856,-0.274224564427995,0.0561615540523455,0.992329612330706,-0.0747825590937581,2.93817488403796
-1.12334602771074,-0.204734628469641,1.01565205954846,-0.147483207174878,-0.199352562466935,0.305286786363272,0.753438802920505,0.28883141416937,-1.66302000057962,1.18837360957741,1.47945778328586
-1.30163455566791,0.89744326065507,1.00577594613856,0.275070882570643,0.558837230004536,0.23593351089632,-1.34148231901909,0.225364731012431,-0.943450765845452,1.65072360662307,2.05432089218293
0.767767219332687,1.29582721312716,0.499532307463441,1.87737653312528,0.644628771845723,0.127125661963255,1.85055184049379,1.32484870077449,0.435184560200422,-0.351692250570229,9.62663819085237
0.173698894791195,0.127783628479749,-1.17760276490258,-1.05471078892717,1.4068412393261,-0.0565613555748424,-0.999494354728358,-0.933863034215793,0.308931681918323,0.273562263043003,-1.46670444247916
-0.964069364017779,1.30225040756998,-1.09694307144052,0.447264771481289,0.181785973870373,-0.860240428537026,-0.625339642699177,-0.271727205032884,0.952936049191478,0.00524758641311352,0.557080571041021
-0.963758675435084,0.41518843818629,-0.769627445946674,-1.01818730309504,-0.961051614971698,-0.115192123907875,0.356182915869141,-0.523646334794224,-0.517145895229612,0.665559565084015,-1.77309755633186
-0.187337082304683,-0.273124140539696,0.128228330135302,-2.36556080552622,-0.427204290083036,-1.8645951080248,-2.00460977025523,-1.67586702632432,-0.933061742762236,-1.09784964816863,-9.63171890955402
0.467013546894739,-0.273894269304212,-0.546318795201118,-0.954531643064355,-0.750417644666592,-0.746787729270842,1.2127265452428,-1.80845473423829,0.132277839047112,-0.0917839965201227,-1.10418278583006
-0.446335837141977,1.13167857898826,1.0002399101263,1.10984607985295,1.84627293722976,0.505766090341584,1.50200603762151,1.18198136663522,0.182627566700956,2.24210989967238,8.05973962736824
-1.22456668974108,-1.50196810815452,0.249315129629652,0.650029588975727,0.472294250795835,-0.450891904029967,-0.111479012584054,0.332756536546356,-0.173176702593549,-0.432941112505003,-2.24687993025287
-1.21165444462844,-2.01042334280072,-2.89666749791807,-1.31611727989744,-0.341553681731372,0.092211502240244,-2.31117845679009,-0.894605238056749,-0.738213417592815,-0.793215151871058,-10.0573103162608
-1.04954292701101,-1.62417787120724,0.49227132553557,0.696193990706881,-1.83416603477782,0.323746869135484,0.72257497229327,-2.51281953656085,0.347413668520964,0.95053372309485,-1.18164090517866
-1.51323323434843,-1.3662654157168,1.0671582536171,-0.141368187264527,-1.29670823592771,-1.54514730884697,-0.926412941361596,-1.7036980092288,-2.24244096637899,-1.09630774653637,-10.4887534060894
0.603198565076706,1.00330537959943,1.05867693786702,-1.52955948504771,-1.06777974912175,0.470372692026166,1.71526939013172,0.349009779995005,1.5074850114496,1.80531154614996,9.64662543289955
0.0773950437850153,1.06180249232442,0.0807185055566157,1.71598584767638,1.02369858641844,1.20199039280163,1.0123138129817,-0.161395749412467,-0.234507719230852,0.0548370071470444,6.65454113115878
-1.18007142686204,-0.826024138074085,-1.15186947140682,0.431581794149599,-1.65757420359817,-0.0958442548979647,-0.135319773882933,-1.38672464404329,-1.43697333067852,-0.210036042402226,-7.30654967659917
0.937596087365908,0.831770445139189,-0.890151111683012,0.89478715061752,-0.108508224236355,0.316575498269723,0.624921135192022,-0.492126337430332,1.05685999206098,-0.347086345742739,4.0674065893331
-1.98012198416106,0.00575941660717401,-0.584961881979659,1.1993752619039,-1.40958181942511,-0.442042584374457,-0.812785784738661,-1.45303919571025,0.451606958090845,-0.844205568746259,-3.85019893249158
1.15558175494411,1.09541788934865,1.95042474121383,1.31957234528202,1.28153642668229,-0.458167785934113,0.687695988594035,2.54077293622141,2.08952676932233,3.50511169718035,16.1834077806116
-0.282178791395989,0.28455159331268,0.322238470326002,-0.453245064026943,-0.203976633675438,-0.0822993729260505,0.71243794572748,0.467986397506382,0.586497973869723,0.0958840761898857,3.08295572640171
1.85821062140217,1.16906196916473,1.9809212209775,0.686726500121669,1.96015342956891,1.40336511831208,0.784593417885164,0.984405736600863,1.67742252270101,2.360740742458,16.3211605976589
0.156622612513381,0.00268411905247577,0.304280114779071,-0.556209352992164,0.0938066418173164,-0.624667192785706,0.345568070945902,0.856726083299494,0.0529836239695741,-0.214441604758639,1.13079921363297
0.998531609665883,0.640745704754291,0.0333708412947438,1.93516126314226,-0.0863181299780688,0.908952844037808,0.592804870209336,0.0819496286216032,1.27916613316285,-1.58184696327585,4.73072477837389
-0.827103356936197,0.427703557920326,0.519380272534309,-2.08637058547161,-0.32561680277815,0.598317661441728,0.0842847889932481,0.393942640659995,0.223602756167003,-0.262380410661482,-0.197586488413379
1.08124704029172,0.0129362318709348,0.587162718216152,0.807094724203522,0.338418809515737,0.992038025703034,1.09833081813226,0.18127232759907,1.03697707814977,-0.455619703270612,7.41293188461456
-0.659873230448325,-1.26896141405486,-1.81598173863878,-1.1508026309665,-0.73475087547409,-2.26511440892364,0.6894243751176,-1.01842750996507,0.923121387299113,-1.50847346278816,-7.43474145224163
1.44862045649518,0.695499569809794,-0.124792165219326,0.0504207292857112,0.631140942776695,0.580895195833568,0.679309677284032,0.875488960808363,-0.908713442928077,0.65037964689721,3.95764955337099
0.264318078047808,-0.809536626039959,-1.40975817268522,-0.131776887417854,0.369393420159846,0.211008978505493,-1.07466716017496,-1.38906582854474,-0.929151493922341,-0.0413680755923693,-3.60383475997111
0.918302541689206,-0.112323173920091,-0.488941886452508,1.81918787080913,0.082965324394451,-0.0908192481502394,0.48981466118195,1.26729696869486,0.29410272033259,0.00968760462372237,5.59391866451362
1.99316335203162,2.60694966077956,0.598347125812875,1.38378749698492,2.03335879476247,1.16135867455415,-0.247954507062509,0.771166228484368,2.08344891514494,1.49918643383298,15.6924705412419
0.0573192057535268,-0.968714310460753,0.795337927124005,0.695971878483164,-0.0988909189008801,-0.922664746186227,-0.654338333861401,-1.258497121415,0.0781860895071448,1.46164137684509,-0.441964602825696
0.662953579380394,-1.32488905107901,-0.687834949794097,-0.504963302934609,0.0963547015111958,0.503467124833847,-0.142705496051597,-0.571189716585799,0.828741402145734,-0.384514306266471,-0.647205510831575
0.381913151496598,0.218559021833227,-0.346113127710922,0.779123000889414,0.115374506549814,-0.228087920143091,-0.258148547675931,-0.986131503391616,1.41133287856533,1.35396537881845,3.57858190928725
1.0571714817197,-0.221464886283224,-0.381748058137519,2.21295406927988,-1.17472817896529,0.44891441032848,0.224691248563544,0.0948508489960165,-1.74473521162049,0.646596222873553,2.7072037065417
-0.643138442413473,-0.926452958237816,-1.02115651668299,-1.78840148522028,0.0206745507658418,-0.887387957067903,-1.77091181575357,-0.637540815521344,-0.277894448788098,-0.889955452776099,-7.49306830442541
-1.09348892868689,-1.39912897924366,-0.985998045004921,1.48422245008924,0.982276768843413,-1.59814245598255,-0.0277013904064222,0.781030042451565,0.263017415303776,0.930856476393596,-0.106941100492913
-0.540979387066224,-0.299990532708248,-0.219425250267299,-1.48867469357633,-0.310671705668409,1.52523179876087,-0.770454949196006,-0.537630839956032,-1.03912728595973,0.29898274590223,-3.07738277987989
-0.270572313463239,-1.50727325805577,-1.58217569359797,-1.3941099212966,-1.58458948561483,-0.511587230608019,-0.765894363025772,-1.55810725668172,-0.281731443202083,-1.22927004355408,-9.92595511058467
1.75518529862448,-0.881405771197124,1.16230715021092,0.843082577220319,1.32066158637638,-0.141685363626859,-0.67353695229144,0.543123434558522,1.30386146483396,-0.213774637876858,6.08943621909438
0.718113562661644,0.578603144312847,0.345085495719623,-0.620554705427257,-0.0494289332333667,1.1586946745166,0.976754591009343,-0.933366960582077,0.167817065134884,1.3747637963767,5.23446423935873
2.44170275745718,1.05572384813855,0.263918764375658,-0.385428002278638,0.8378334736572,1.04350276938149,-0.768951990178883,-0.569716008875142,1.44226793992355,-1.61627493849376,5.66678367731273
1.59724845898921,1.57041127541029,0.559846088774111,-0.842153797486059,-0.178447832647275,1.4815573230136,-0.149096772587101,-0.075004032101098,-0.473126143081881,0.440708052497773,6.83610944509342
0.0640599855841344,-0.901521335934518,0.226690910050451,-0.443171854347842,-1.10711995445032,0.931141409580227,-0.157287367136338,-0.308956442040633,-1.55701062842831,-0.75343716160698,-1.76718267661456
0.4609438351508,-0.711333580512792,1.1188614458012,0.268122704267161,-0.354039516287354,0.852818861038349,-0.174266017991896,-0.232568977900744,-0.168207703502688,-1.11849299966107,1.25780612272508
0.157093366855894,-0.170233079333306,-0.346871805272221,0.0894987276676177,1.05393964536369,-0.940795344538359,-0.133378133979043,0.0986462746400547,-0.71794470430702,-0.734907170971668,-1.36801580895537
1.74076173566873,1.28649059539371,0.0782548679342996,1.50412844213267,1.23751643976048,0.97586267908818,-0.238303369967643,1.88480902397091,0.444418630489591,1.87054741923279,11.2492011371336
2.67481865543583,0.0372165536578179,1.43114050610443,1.25221204403495,-0.744351659408381,-0.14229932568521,0.454974811828541,0.910535183755837,1.04966738276756,1.94352539804271,9.9974023347272
-2.2195199177984,-1.62161757113531,-1.54815012584325,-1.72579431502448,-0.744287279751656,0.770378048344208,0.600808619545914,-0.556396017547042,-0.284599485203666,1.01135087221303,-5.89583084920676
-1.49216763991719,0.886312087521668,-1.58778773868201,-1.25748711528255,-2.06358477479748,-2.0175272396293,0.817034098931141,-0.245342077994396,0.754854804207594,0.168675367663862,-6.39067742480123
0.64222641622126,1.97207229415672,1.55707630339909,2.44182208353261,1.53318116606163,2.460702606526,1.18750986918251,1.56845333299448,0.829335013261166,0.562562740138456,16.994395091509
-1.61982962258347,0.545169627683535,-0.714147749476947,0.629977922863112,0.463396515891321,0.0924418651166329,-0.448935757413607,1.43890060888552,-0.520223505337357,-0.635512628512275,-1.08040839873214
-0.0342871258791412,0.761553922628864,1.69850007442889,0.75711062137256,1.92465919654379,0.9059459077349,-0.651812245500663,-0.479542117601369,0.394256249045715,0.381450937221907,7.15624700986499
-0.214282898097574,-1.61638378783028,0.197932796122,-1.38486048029282,-0.74965343547097,-0.80358736887236,-0.428465697876929,1.05233414090734,0.41371436584328,-2.02300144485896,-4.74190287229297
-0.567018012532325,-0.248883565789285,1.99033595487447,-0.76152938432311,0.634460974466201,0.83687767789285,0.0510321693858308,-0.190038574634984,-0.494447634306441,0.215104481681335,3.17996738597324
1.13035819385893,0.228017398218631,0.27955710761955,-0.531122921348695,1.76463997781766,-1.36107487446811,-0.464918407508518,-1.0860498176068,-0.628625440065725,-0.489121868167511,-0.996191732341324
-0.105776697002621,0.826228864998058,0.711979834658948,1.56658779698204,-0.0545228446203552,0.582754454220109,2.24361497492273,1.5181162642912,-0.646551443302832,0.271032509169652,9.56447039792789
-1.03368163775369,-0.179926768676872,-0.205338902722777,-0.37290884117689,-1.06510816412138,0.498267889941049,-1.12421697088491,0.314883938858468,-0.674274720470762,-1.04042428693913,-4.51971773125776
1.44856407502806,0.419469817391249,-0.418151593772237,-0.448830975496656,-0.741485322611352,-0.268329519832914,-0.033082940037521,0.741658434076295,-0.77223863159237,0.992695316770802,2.55029226805424
2.32330318946526,0.024721215077949,0.898716944537473,0.851999216310207,0.654161973053047,0.221511051723799,0.270452854628799,1.68607185161197,-0.0443255761328821,-0.747400003255193,6.00173164274827
-0.761870769706697,-0.666737632330384,-0.363656655280778,-0.826333110561941,0.132321183986953,-0.925324221988497,-0.16055787313686,0.0162726008359958,-0.0974575275012084,-0.209015856477661,-2.15864571647795
0.712531061187184,0.73413118953358,-1.1012017517808,0.0591956625474705,2.04738899239168,0.607574993201079,1.40819643299205,1.7482279545078,0.985132353524503,0.281766017133126,8.53827530825776
0.76101587177765,-0.735850066983829,0.659701232211388,0.881819717861929,0.432193863319867,-0.315700502122821,0.025508277059771,-0.319615752406029,-1.62194678994392,0.841174499154378,0.926629123247001
1.27486230985357,-0.472179095839145,-0.110946007747729,-0.468884155637983,0.113233278858564,-0.955757451485949,-0.00787604033949996,-0.163555120097136,-0.279462012244146,1.31941024767195,1.99611880518231
-0.729450879964573,-1.60734497318102,-0.031332259956869,0.647435145628724,0.139188201939189,-0.523130524497392,-0.232938340408245,-0.45833209321785,-0.425020429089827,-0.343232181004787,-2.78485607912974
0.927594426139548,-1.75854291837944,1.78736251510242,-0.459795990908381,-0.60963944927069,1.81266861665478,0.757812860714015,0.82284659623913,1.30112215394299,-1.20415992381717,3.03997768830735
-0.77271170645417,-0.402233428586652,-0.474482887315276,-0.186987486257047,-1.14834399947763,-1.34776323644775,-0.602194678414963,-0.497785376957888,0.23202516036259,-0.326427955823499,-4.58191925802195
0.960196775970629,1.87985146240831,2.13733180062075,0.159084339294299,2.90842917440004,1.12925936101519,0.27275179765438,1.27929635795806,0.88487821810408,1.60722565296958,13.7847830259344
-1.09556566453439,-0.224044621947313,-1.17454579459741,0.950127610719899,0.315028907652491,-0.730910973225136,-0.5850774596913,0.458257717938674,0.517119812626052,0.100420903424,-1.55603533263302
1.57202006465037,1.04806433537509,1.75807415030637,1.54978254572528,2.15109181197984,0.403826606027086,2.22599075115716,1.72477486684779,1.6511397606202,-0.188493528349278,15.3306145235875
-0.829336483732558,0.0615627084174608,0.336625251356576,0.0564973290342665,-0.487442945733469,-0.748941840486184,-0.370030575369125,0.0691668473096221,0.372873501433284,0.992770206833708,0.322743748957268
-0.835973785458282,-0.2624887057687,0.515681301963892,-0.00960121669086792,-0.249980807968876,-1.21400702805804,0.0389228255515022,-1.53875564317685,-1.18791743343698,0.093365492313818,-5.15391444284472
0.383906239347578,-2.02228176739373,-0.250345884775015,-0.696140514742002,-0.541712060599677,-0.136468250555376,0.431849484828111,-0.137288804132887,0.398575128628646,-1.14194272358449,-2.35811022849911
1.19733373123602,-0.118824935122568,0.743312245293235,-0.0295786611865751,-0.151377107114239,1.43225093517834,-0.38403713883447,-0.863424837005757,-0.691960868264588,-0.532796755983783,0.640714877188515
-0.465093215048693,-0.196332766020511,-0.202195546078926,-0.859463599542713,-0.15028155301228,-0.683552141546507,-0.274749491308226,-1.3150768288789,-1.50507078867391,-1.61341669615241,-6.0734054133406
0.124110903179984,-0.094273980241713,1.31916337202215,0.415204412630535,-0.318191578752994,1.32342481365911,0.368564863509798,-0.196859702280497,0.0686023353120112,-0.791189356444035,2.28981971614044
-0.987094937136326,-0.0758779695486302,-0.703730830656435,1.41613990068965,-0.767892251237132,-0.566501676991401,0.558782113218197,-0.0639778658184103,1.7796949644086,-0.0143659495979874,1.58272624223124
0.882344420307258,-2.15661323002446,0.496744482380982,-0.830692391465823,-0.405120233266063,0.0644146857217823,-0.290209447664076,0.728632151066184,-1.02674260209542,0.140923914205525,-1.98222801071688
1.1248241582194,1.39514327941049,1.86830209682653,0.801742146130405,0.646554105789605,0.137535847168616,0.843546839472952,1.00853983281787,0.857144421403016,1.07187963737226,13.1298650188872
1.22385520270877,-0.944022037129324,0.136142076687562,0.0285600061883946,0.513880546134018,-0.417667967264295,0.83944023693176,0.576094289753172,0.310782765051265,0.661258758939231,4.33707400962173
0.0988190366890347,-0.124084403834794,0.334616762267458,-0.606587458626794,-0.489659755627236,-0.363734667360319,0.425939653206042,-1.26018445371079,-0.976610034081106,0.947128796361745,0.206286361727257
0.6419208262577,1.08140780573377,0.243629540846299,-0.32628768698212,-0.882784512952861,-0.678134933692405,0.358337326667812,-0.138098405048033,-0.480394782163602,-0.55906001519396,-0.0379621585235279
1.63265903315459,0.0474748604690595,1.085742818365,1.76786273757479,2.17912335945333,0.0164263675350768,0.537228032658441,0.140904248070568,2.6396540087361,0.600168761456646,13.7484616428644
1.64815000681319,0.315109898220714,0.97957532429751,0.805787250743021,-0.207572973026835,0.482418862764611,1.62595933551198,1.93187702080023,0.998969781961654,0.529282073985409,7.7522191880679
1.20935450786891,0.968445951559183,3.5209904736875,1.86903740217828,2.23845599809189,0.513727524450754,2.50302142797861,0.585421196078076,1.07608507594592,0.0997561362472765,13.9834220832
1.4778486905283,0.015170447931704,0.965987723311236,2.76816167732219,0.182724835421133,0.433294785312983,0.373727678245186,2.53552754780449,1.53266040497727,-0.0970076696447497,9.6936000805374
-0.807808453256946,-1.1436538608962,-0.721687064142283,-0.725385290851696,1.47161654182554,-0.430389069676952,-0.862345442941553,-1.1653540749369,-0.00649767903227147,0.437788425183579,-2.16096436187645
-0.0233494234315609,1.37368047187932,-0.580846808351113,1.70150725683841,1.57915459158083,0.585408885494975,0.933460849066257,-0.0956638005939661,1.54572343706423,0.697214509422187,9.9571326321044
-0.243469117969942,-1.20682782222747,-1.05870814689346,-0.548124696822077,-1.78270704874645,-0.417964558071859,-0.0263034112474548,0.34959900170274,0.0416678158231338,-0.157726754603106,-3.73092266795535
-0.488743621225643,1.83487076401394,0.536999100199736,1.30395226504413,1.02294428983654,-0.128130964362392,0.337581146358059,0.313778269792564,0.0311386865856073,-0.915581185283865,5.21535020338876
-1.24970802686612,0.649473416728252,0.367171981977736,-1.04476336197648,-1.00832953181856,-0.145138102066084,0.365247444527202,-0.578434873408624,-1.08561851833172,-0.398941989475168,-3.1351135063267
-0.400435668740021,-1.79688413144936,-0.830476742905464,0.276892721455316,0.681205538195962,0.734178076398039,0.578349072284141,-0.80511702362501,0.965683265212097,-0.453174722514818,0.0364241732983844
-0.389911103683403,-0.0496671208681787,-0.674087537002874,-1.02326694982151,1.08784100038907,0.189275748228981,-0.000178453770775557,-1.27984533483556,-0.292953222815241,0.557440328257544,-0.722031262835461
1.85321555557818,-0.221082092509184,-1.12772807705522,2.22638971996055,-0.439570901406038,-0.311469172758901,-0.397898540158526,2.07805854188282,0.161650861668797,-0.58171203768618,3.11640765776921
-2.56780050699028,-0.162415539883961,-1.29581976814034,-0.630977186552272,-2.52221338691547,-0.689505585881965,-2.42057648161162,-1.80552778669697,1.03046165851455,-1.55286947610245,-12.4840527191821
-0.728904406827888,-0.001525276845329,-0.875084892517608,-1.91860317174964,-2.4791295760722,0.553428277969612,-1.23943992655421,0.385562435076076,0.383323910180459,0.716505572465898,-3.97017760373926
-0.572337271492439,-1.57222457689369,0.818318556534947,-0.247753543370594,0.421614206217336,-0.390153936566081,-1.1534313383908,-0.134063324780994,0.187825131963545,0.325668389979266,-1.71055961338049
-0.941509043545564,-1.25211695276275,-2.04614598764721,0.000239996746221288,-0.607009852094802,0.445081523647462,-1.98061586659874,-1.74588593182529,-0.540630658214699,0.162255257219581,-7.51748598399193
0.709032145423886,0.123790888507377,-0.165713491089208,1.15696818662178,-0.651422105237212,0.547315195601649,0.944656639577983,1.02239590152116,0.609346285971985,0.0243542785461641,5.85780585791999
1.46219660089094,0.443599966492988,0.381180913586859,0.0834831154876587,-0.263739161373468,0.0308776457597315,-0.545687890053518,-0.219908957402927,-0.152553827945239,-0.104604682989161,1.80520794602794
-1.03703476736665,-1.44290154681759,-1.15954394516722,-0.0995788126755916,-1.29707338506528,-0.971286491596718,0.419357239981726,0.386994328748878,1.23480501780097,0.290203816732052,-2.28021093854492
-1.55094725404962,-0.812564404777801,-0.611712862055167,0.555343814933605,-2.53759899912542,-1.30855019499809,0.0768022859948273,-0.527481690605515,-0.952901238010914,-1.82480821516571,-7.72885648453387
0.211587297478327,0.167327953126664,0.0917598944075274,1.12366030824461,0.230793447567507,1.07985658956048,-2.22624493238647,0.235590851353001,0.395218709531357,-0.154603913243447,0.396079763549732
0.492565801062133,0.292733357949039,0.70261956612241,-0.291330162222761,0.597804967492301,0.423722484175886,0.879857331549817,1.68277497315118,0.0590033195634816,0.585464236208868,6.44915392686471
1.07956085786929,0.871432075518071,1.36399863559988,-0.536329368552362,1.4784038304706,-0.563101712335219,0.236156021218016,-0.427896997746184,0.874094946872184,1.26624637387332,7.06781191318281
1.4319367566413,1.34238891014144,1.93186662231404,0.486787316521166,0.163656431683148,1.60811782825097,0.705914237824174,1.31153379561399,0.802606650869495,0.482326722860257,11.9851084340472
1.44654822654091,-0.335733392146053,1.2798574571342,0.544452445322278,-0.470984881872994,1.131672063438,-1.01662524903776,-0.758858285584634,-0.150470527254626,0.12924948681449,3.74965484971788
0.979043489397424,-0.422045196196963,1.50991933860023,0.268307765731705,0.51141603981375,0.321875554412353,0.624722390148705,2.06226838859615,-0.476017289279803,-0.199253524392854,6.31356397130688
-0.0954309465108639,1.73225243582161,-0.103585374966393,0.816538456044414,-0.167015580781242,0.15439483941085,1.92461458383376,-0.857576989465287,-0.0648607578323667,-0.340361880488464,3.15283924658411
1.02147828478263,1.8241422424791,2.20621223322147,0.577394183117522,2.80191817842668,1.85866309623088,0.736806907529159,1.14072134839589,1.77001508686284,0.281979943164018,16.4325592295231
1.92405634134461,1.16799318622636,0.185086954444754,0.650082675946333,-0.0305528325482377,-0.661148123997058,0.541351889402325,-0.180018864480061,0.817318848464414,0.881800660147437,6.0397297801461
1.83699727561837,-1.40571654592861,-2.19138986468498,0.479248500048725,0.504739423641927,-0.2397120931736,-0.607070605184372,-0.00598929525758166,-1.1067425308491,0.400623352085289,-0.790082253667918
1.50077848705961,-1.51081141410227,-0.142934482239435,1.19153662110135,1.71925663687371,-0.9103753121196,0.891810732199287,2.43156717736066,1.35521210489988,0.403976941579063,6.67055367192539
-1.29127569100798,-1.18975654573801,-1.36052761688966,0.246900220124604,1.33399572839506,2.37595444680613,-0.0843341456058827,-0.908302258797134,1.4276539691231,0.220721142595189,2.77302177189036
0.399738707322736,0.603220397336659,0.449904561771896,0.400801882288564,0.593860654841462,-0.113035579526062,0.776796552476871,0.612881044426132,0.0636326520623227,0.0841626621005796,4.83465758732852
-0.534458610007334,-1.30583159487635,0.729137593123101,-2.10504574719254,-1.53555919979723,0.0783535309864846,0.638969301217599,-0.568556296497437,-1.38580396351943,-0.00228105052925185,-3.8788762576673
2.03830819388164,0.1481152942344,-1.02534023312825,0.726221480471847,0.430863182455188,1.33591145458572,-0.379130445487959,0.818663303489033,0.273904505536759,0.372731353521122,6.24888464013828
0.909653715837234,-0.0735455125958842,-0.254308797899387,0.31869207724118,-0.102402628213952,0.315630713995855,0.853913271801142,-0.160666642035179,0.659194216534396,-1.03781924910203,2.5042981613179
-2.8780699960696,-0.732228555307392,-1.63684191119334,-2.13590704655681,-0.782249212826915,-0.347095517490771,-1.47775161985881,-0.983274481017789,1.391719613757,0.0287920694425493,-8.44093330272393
-0.531318762769862,2.40137463886888,1.94436266500508,1.4902862008796,1.09267388281253,0.762197292917714,0.600500431126508,0.517116768443732,1.30608762687563,-0.401192953527583,11.2256039527916
-0.560318451878216,-0.398891854672787,-1.5288481283957,0.140755771078748,-2.40000222509069,-2.33277143931122,-0.693029215111625,-0.891785907518661,-2.04814385630958,-0.584980765524766,-11.5473536815102
0.464761549266218,-1.51955888038188,-0.457009829142134,0.377206348080367,-0.8866216519903,-0.276356485753777,1.08503629392362,-1.95409614808835,-0.944587043377167,0.15579496560917,-2.13728366878696
0.0205753371654596,0.116438005760463,0.0564383317044989,1.53543443282799,1.36325652328363,1.17685372839879,0.571630697104672,0.598651504516332,-0.0453646235872015,0.863753515953965,8.4737944777598
0.38608784616593,-0.957879377167303,-0.770413929888695,-0.307780847200974,0.144421345624571,-0.625618232709979,-1.71961513774841,-0.19367029420993,-0.18414959080332,-0.837231653380433,-2.64869018426331
0.379227512092815,0.154407680962042,-2.36670097621418,-0.8667540397225,-0.314266011963033,0.833660188681707,-2.2561228821257,-0.457096378250964,0.210895491441384,0.12569918711289,-3.83185072867434
0.3933669967299,-0.324330737522644,0.18602854392839,-0.594590194125456,0.118678371447986,-0.446501224414729,0.147045677859581,-1.98307059423928,0.458003719382254,1.49764660863158,0.614467216637311
-0.990286201053444,0.41028631941057,-1.10692072017302,-1.01268565463333,-1.13391625355647,-1.39946077303895,-1.3615968958775,0.202292025370305,-1.56796099787355,-1.4099564583124,-8.44886925257195
-1.41231052632021,-0.649209336617518,-0.189285880302642,-0.12089751041969,-0.0254373642718386,-0.357767240499401,-0.05289211637973,0.280215358631375,0.581806280054633,-1.32712953074476,-1.44795161902095
-0.507505244469707,0.572716760609291,-0.317281364271207,0.152805309926387,-0.787131938297282,0.299362495958374,0.349729552160265,0.269537688790318,-0.367596689284022,-0.00707239443438271,0.15828886463079
2.39905312848725,2.93645457622813,-0.30584318158926,0.55187684220956,2.80409765476981,0.597231445576441,0.200240856389951,1.57368273667012,-0.447244438604044,1.55537731740437,13.3109499675922
0.757375832936816,0.262745959847548,-1.16442441134028,0.771023302851927,-0.192657196529393,-0.758682091572351,-0.0243883989512628,1.13051486521119,-0.645062568862044,0.324692459924785,-0.839121575411091
-1.66540996488541,-0.882298958736084,-1.53802041525152,0.454962844422559,0.807887178089965,0.627537225308841,-1.79360430304438,0.0596543942440018,0.135843349964942,-1.58461240291019,-4.68211750026154
0.235356968842277,-0.0814262031014399,-0.699985344586996,-2.29399878141112,0.202724157083574,0.0183386553718553,-0.655633669398532,-0.946963628883518,-1.56232388181828,-0.0252478905144146,-3.49225198926633
0.0361294922852277,-0.247958135835116,0.168732743695522,0.34637214851766,-0.478639723822923,0.675026303425031,0.872564748961774,0.724029025410989,-0.503189690126939,-0.318815629065172,3.09389866705996
1.00912849555972,-0.307068377340382,0.341090018856742,-0.178930673790004,0.778968664631713,0.0849294760724282,0.476955807986218,-0.349384738430189,0.517639120824002,-1.33987342901467,2.50414937747069
0.876626747340285,0.694327582079743,-0.472605356734903,-0.393231690741159,0.633378160686189,-0.756187789319366,0.846185728644478,2.19461327844847,-0.308809536576438,0.395976786731215,5.73420438099515
0.0680171594365815,-0.445430268351024,-0.267827824555997,-0.740624657392357,-0.913733224626248,-1.0195777245751,-0.244891028920271,-1.26294194912244,-1.67335127375014,-1.15359137297438,-5.17853970497903
-1.02617773535071,0.256356159402644,0.0840776037712732,-0.800861189108085,-1.09146853623986,-1.92262414861962,-1.41426546454148,0.567464462724624,-1.23774632717522,-0.89941022624035,-6.45557949032732
-1.66505605039829,0.390713054991406,-0.132343644509437,-0.523387925602248,-1.57212097812287,0.0522186040541695,-0.555079232942607,0.699688846572706,0.346931635103472,-1.25222225473232,-3.32800090471974
-0.960952709459246,-0.883523873652826,0.733864661460839,0.858002937291257,0.362597584546562,-0.311299626878923,0.938301584289158,0.879427548535536,-0.238878785346591,1.45048808039356,2.0662948442663
-0.224962541424493,-1.23556295152498,-0.736065971153398,0.280197660746019,0.584095389231581,2.06020401012348,-1.14659103274742,0.644729532609333,-0.689962078995798,0.543106193278783,1.12532560402946
-1.31874145889991,-0.83386692792716,-1.52522179939549,-0.885224463425434,-1.32669993862109,-1.29185342054649,-3.17070928149067,-0.554720148070131,-2.95728381510946,-0.139121843297412,-13.2989447409024
-2.13134530758829,0.334132435213125,-1.58009579117266,-0.705153151593769,0.942637302255321,-0.77894548858781,-0.0613611128731863,-0.160559020815005,-0.0742054896574031,-2.05778081527283,-4.10919627217742
1.41991347999876,-0.609500397838635,0.253592172907393,-0.397589568265574,1.2883118905291,-0.434706820784182,-0.890935455137221,-1.65500364558612,0.546412911335215,0.729112758028914,-0.058670842068973
0.385990922751713,-0.610531028130376,0.725238951333265,1.27985098347542,-0.0207593303338473,0.823485149340146,0.380100496751902,-0.390429958037552,0.216504042832198,0.899373117471587,4.81699286137598
0.292555937300976,0.773369102604109,1.4865387612315,1.23244956099429,0.956048717213356,1.61439965246318,1.91774828477657,1.25051914929136,2.39510813099833,0.905569575740301,13.2911350654502
-1.21107966159855,-0.0012542446302617,1.46297897719063,0.917373360735248,-0.29453878335321,-1.01532554950298,-0.00158178206988774,0.640973627448812,-0.0528718472836979,0.680724835156068,0.973514459321959
0.154984893409586,0.0331639334985981,-0.264788594767225,-0.692026102972492,-1.84330566259353,0.269756275113379,-0.207892880901872,-1.78216490919364,-1.1250690396318,-0.483514738411005,-3.88595622119216
-0.781823111449514,-0.556466543633352,-0.231638629529222,0.0820250313024087,-3.11614000649101,-0.979619727590609,0.353137065824846,1.19887581750591,-1.65886321516417,-0.262071266695109,-4.52459055440802
-0.115273869638214,-0.799690486564761,0.576288143787909,1.3506528338625,0.633241109497426,0.0198946793304031,0.82460756587343,0.369814070219067,0.00370843562078597,-0.18481044040638,4.30571744249788
0.370911629347535,-0.802505599778103,0.45001642544111,-0.468111226200345,1.00893552848097,-2.25157747311379,-0.500639127407157,-0.63355476787444,-0.827780853949039,0.279152103925417,-2.1661330894227
0.268571433294293,-0.359578071157474,-0.985740279828979,0.725325416382186,-0.215461649565094,0.066038395845609,-0.488661017767241,0.109533651363121,0.400854696325805,-1.13924476370518,-1.60376541797777
1.43490722455562,0.418456923643225,0.64901134920168,-1.47107751950516,1.55098633135113,1.92724471546954,0.555310498207839,0.196622233999369,0.0386410142730144,1.25856122834949,8.99204648200227
-0.293668700471411,-0.431505584257002,-0.548121043896575,-0.140035636211658,-1.46646529431878,0.740151769340342,-0.128964479675046,-0.513337574858381,-0.421522967816032,-1.30752619022922,-2.69539282144938
0.13969050274465,-0.027060820678831,0.296143617999834,0.616384916416448,-0.4709372643989,-0.725616198190619,0.122484925761716,0.035524949336696,-1.43520080017427,-0.190589330046614,0.3033046679822
0.453508722010565,0.582192252174604,-0.614250611732939,0.0466141635319931,0.272391734067591,1.45177130290535,1.15201684277326,-0.138399561619331,0.329008405383501,2.0129606707784,5.52575106290124
0.0384637818694639,-1.29263861280267,0.65287262261594,0.549915334046667,-1.25114913610242,-0.840838293708642,0.17879471826282,-2.69971755986777,-1.32362664551532,0.0313188905891233,-7.03891647185777
2.23252470559652,-0.347011566980412,-0.823047474350754,1.78606349874647,-0.626010670330878,0.671026063050584,-0.186241907472167,0.960722256892227,-0.0696176090059189,1.38571076761054,5.43296216792141
-0.698134579657152,-1.61364725048026,-0.137021279231517,-0.515764498465693,-0.9815085280437,0.0628914036766194,-0.796693205512564,-0.788745335449308,1.11599910724729,-0.883418849896084,-5.51957300774153
0.789805187032348,0.0725553100258524,-0.0142904905785956,1.23789219902873,-1.13662502981661,-0.534948421499989,0.103130983431907,0.566743936124061,0.0350984483679959,-0.0670372831379245,2.57455736141501
-0.0745659048463534,-1.91934691144022,2.7883165203424,-0.787564626933724,-0.167597481570306,-0.36887191816656,0.27250159604343,0.486146226202913,0.695926328659438,-0.249499179632681,1.50553091446115
-0.0688891162241013,-0.894866292983909,-0.150509378585356,0.131851034244792,0.967724118541142,0.653555993830091,0.547390900054666,0.379926321700677,0.443826032006207,0.447047519473658,4.65621737543852
-0.614439171075562,1.73767418255215,0.758987104690568,-0.131928116249584,-0.0225929805714729,0.923616509930055,-0.0236152141752815,1.1227850767567,0.386078520142199,0.342285145393636,5.14303509174187
2.71063867532421,1.71642580539455,-0.350817183723803,1.45985524830475,0.912900790106231,0.22793210643698,0.900606724298278,0.406626002841845,0.972299136438138,0.289556201498207,9.03282025507962
-1.76363211419297,0.0925325720111231,-1.0414075602882,-2.49252709140679,-1.4604429798038,-1.43779811597275,-1.54682834887685,-0.306587877819139,-2.08992595760897,-2.06041648288792,-12.7173269281811
0.435976032274303,0.698799874572911,1.19511440518508,3.25480580325961,1.54707027371963,0.721115926767536,0.616073909810011,0.594025065884912,0.939973725382676,-0.381759759059627,8.994891096796
-0.835357052534344,-2.125435425879,1.13872325305856,0.0226780869569989,-0.483771977484822,-0.911443844253987,-0.77571692881602,-1.49319613245583,-0.935232073617033,-0.412863776849756,-4.13685037154109
-2.023517979546,-2.70252817488629,-1.24276791592676,0.169078221486774,-0.790466965499505,-1.39843996213397,-2.3708815711279,-2.48844065058613,-1.51005472450761,-1.06094198940516,-14.5782677257073
0.404226756617194,0.0114082775758135,2.11883452744707,-0.320089585347132,-0.310764527947777,-0.504062415050009,-2.42968720027758,-0.108635368608687,-0.492765433894844,0.784160911232036,2.56806056451499
-0.984895467717009,-0.779773681658196,-1.20400809523308,1.27718188989101,1.2323142053724,-0.186363842201011,-0.390483193561982,-0.275554996907788,-0.747255728405494,-0.147555766990891,-1.2555283489734
-0.449096719680796,-0.603587115204577,0.0332781028229707,0.324007302387727,1.3442420494942,-0.0249391829828191,0.26483816231099,-0.102865272786379,-0.407044422965449,0.7957922195701,0.67729034128328
0.99388238029394,0.525531468367659,-0.992698483142411,-2.50147500064773,0.91819217699268,0.298328878050252,-0.675388584287195,-0.237445621727818,1.46381553665213,1.91542292505127,2.07830587809591
-0.0705333516457518,0.138382442873192,0.327111128416063,-1.63040602261638,0.33868414131484,1.81615152115698,1.45019043545535,0.938985839525618,-0.231079476112372,0.230461329270881,3.48653264661021
-0.560721385290403,1.10627903325516,0.92929138609616,-0.355770066578678,0.298516181671054,0.681747344797364,1.05502050795321,0.985103421780665,-0.968169522234127,0.704008830774948,5.13601766511705
-0.461178309790497,2.90253796851381,-0.963754693530797,-1.04481052403644,-0.7990320037946,-1.51215913465698,0.334206771594616,-1.29861695894746,-0.111970946823694,0.615310148290938,-0.269660798766024
-1.29960264987275,0.243099616500867,-1.76552227892559,-1.66791683329243,-0.368600486531104,-2.41876922744373,-1.7149020824839,-0.0202064404402717,-0.267778223440149,-1.43754050450547,-9.82437395741225
0.227444919749781,-1.38534708169488,-1.22591929786266,-1.24165184248372,-2.13447416035853,-0.922673303528672,-0.430209899592844,-0.352867047178198,-0.0743065193960536,-1.10450587237989,-8.99188027444328
0.468464088677946,0.531297511660474,1.35163562300159,1.44442826704637,-0.397148580994283,-0.622726044041849,1.79014954882596,1.38042039226965,1.20757571716861,-0.268298607525073,7.45488368711586
0.0899766197296245,-0.309300498599751,0.617797688544861,-1.50396200012505,-0.43927009526031,-0.968299692945196,1.03932548615128,0.131157002746942,1.15772603084577,0.334931647815644,1.97375894606931
0.237832404330475,1.06953092684173,1.0153249944107,1.22673889303357,-0.462473819982311,-0.323836344801587,0.964009942935638,-0.150318554908014,0.14543988614666,0.932917594657109,6.79864652251094
0.488068368300007,0.549661869900187,0.774773260998247,-0.134051684454364,0.0900974138865262,0.999610795238558,-1.19165156110538,0.947210532805691,0.384465127019541,2.81268759507726,5.826867749955
-0.772881267064366,-0.80607217732002,0.646301928259375,-0.431972541137998,-0.647254280681367,-0.419775266603185,-1.2348015022499,-0.612203588285234,-0.00746689641695462,-0.614011035019915,-4.59951404268486
-0.057308217439286,0.724222465837796,-0.911010449246591,-0.537931716724122,-0.63528943931672,-0.886952102712598,-1.21343478359092,-0.0531393000644493,-1.60697405708466,-0.435695476215598,-3.29758193043579
1.12712956262882,0.524063109228742,-0.607772259314358,1.62015593497625,0.618814882270121,0.452027091484151,0.264880814026263,1.40488297803542,1.38173876426088,2.11988080859711,9.37739695246051
-0.40148617945747,-1.48463301679671,-0.544114340366822,0.0959777025677629,-0.0252428632645891,0.522094247801573,-1.77849979741314,-1.31269594759118,-1.96057411871546,-1.70871562721897,-8.22603437189242
-0.721247770668759,-1.04064385972211,0.0293833476556172,-0.556205137018834,0.213997048017333,-0.454257214644867,-0.232534071090116,0.391376988553277,-0.489877600933863,1.99445748444944,-0.127334289029805
0.676022769832875,1.40294366343248,-0.252324955100698,0.84076195933357,1.08546991520002,0.879139785125453,0.947989394511765,-0.119418573017181,0.730125847741742,1.06578401446813,7.85875509004973
-0.811130909679155,-0.299609267758877,0.10318067701004,-1.7186268957159,-0.828430028068657,0.211913726735238,-0.236825479685477,1.38331482468751,-0.311183978247982,-0.776622551855206,-2.72871077371987
0.400706577654816,1.16732294368353,0.479749030037643,0.646802718106577,0.367677428534452,-0.163873461316795,-0.135630793194337,1.1100084334168,-0.041922936863598,-0.264109176140228,3.76590328206279
1.6574482453627,-0.225882235615194,0.700572681658671,-1.73578404009357,1.85750356069317,1.23554423970563,-0.713775382114182,0.349676813119969,1.5098746702513,0.211414230289539,6.18170193173485
-1.50075443079499,0.383526641830247,-0.967804413678888,-0.804121918998788,0.0321197771130292,1.37458719516763,1.53280044289303,-0.35478802938419,-1.02553913910582,-0.27145201781687,-2.47809578774552
0.683563595710638,0.960116757396541,1.0471894335913,0.142927840599017,0.785070474427765,0.75829333728091,0.10585306460579,0.899982616043182,1.19000119931716,-0.695105907799955,6.59620445551991
-0.511317974414539,0.963404150798768,0.321182055391962,-0.964061936359188,0.613086877969028,-0.370324463631231,-0.870782906323465,0.599211457363286,-1.3300976738545,-1.42029340964273,-2.55313580424723
-0.144569741469252,0.199805541341716,-0.622228333187296,0.00873041695818207,0.488938983329641,-0.375826513289736,0.542499851177388,-1.08787101022147,0.689985025885583,1.06399117623941,1.61081681458205
0.60735230902921,1.00739921860159,1.00016882050471,1.99113379392429,0.272807268703623,-0.704206079437725,1.20788049856812,1.19728963766924,1.4738991313149,0.325145355840035,8.90128701647065
-0.220979462102837,0.209417746962497,-0.789020552570411,-1.4145663301692,-0.437231052110985,0.325485192329145,-0.318376145333801,-0.493573973484666,-0.422634987910853,-0.557092807336152,-2.90179967875942
-0.289268301793966,-1.81026497374323,0.869504915291712,-0.357021082636239,0.52217409771784,1.1560926408104,0.543309872845211,-0.0849461818416522,0.0197391295567737,2.27869963637702,4.73348896647329
-1.12346223735126,-1.18966158120967,-1.48756333833325,-2.33853786670388,-1.02419207193761,-2.01350989936913,-0.857676341264272,-1.72326206542121,-1.39592265373293,-1.64883395989417,-13.9986033298326
1.17268073085386,0.300348919946938,2.54941797822117,0.848611580862713,0.140005255710426,2.09229403081478,1.59737440209418,2.35689740325296,1.45919911068522,1.06721333043671,16.211453265482
-0.496397807484356,0.0168117240903657,-0.573989221526918,-0.377789489567308,0.663911731609779,-1.18354239969583,-0.64575268896775,0.983842102101542,0.53036834902193,0.319767615582693,0.61508896204489
