"X1","X2","X3","X4","X5","X6","X7","X8","X9","X10","y"
0.904015489604125,-1.48597856456582,-0.269422765127294,0.711119680792451,0.000569468168568478,-0.777062895509794,-0.427334867078523,0.531387591583207,1.83359438071548,-1.00298343878106,1.31833500067726
-1.30871990148223,-1.22838008286202,0.525885321585483,-0.268221082216012,-0.486166794936071,-1.74807959629926,-1.82719918220863,-0.976440352493705,-0.836429600480113,-0.85053026361615,-8.59634362244067
0.709631946692699,-0.222683750147027,0.635144985740394,0.713318814498412,-0.821812071103824,0.0166342000288532,-0.230540189249594,-1.71041491583896,0.65713001743428,-2.15840319522462,-0.54443694681222
-0.41251708963506,-2.2175161751361,0.242814239748535,-0.455784608072965,-0.90014011586868,-0.414106064113119,-0.947228855529112,-2.13542618495226,0.859738678525433,-1.3742660731121,-6.63181268172485
1.70588110893362,0.511362700477944,1.3667345872657,1.36789741593864,-0.528687806421236,-0.853571687963333,-0.453896727044471,0.548674139663488,1.39673704770554,-0.590466057982883,2.62455155804045
-1.77244415876688,-0.440187533001474,0.854880219935107,-0.458456566659479,-0.279471672125265,-0.706081064256133,0.882763844552651,-0.342486883840445,-0.415398879750393,0.230590897437513,-1.29872744070888
0.372212916789011,-0.994800166712768,0.543671444509285,1.36886732710376,0.650765720983883,-0.483170683139871,-1.02570823023413,-0.899804482674972,1.11723223494646,0.177761793709678,2.45190392748256
-0.103645546922233,0.378582535462764,0.575454307833658,0.111213686644592,0.218849724019839,0.836710771821789,0.649163560735977,-1.24069438066383,1.1083485906915,0.765473106508705,5.18223332560407
-0.0530774893607698,0.227818623667561,-0.136914923964319,-2.02610003876462,-0.624608364980524,1.54658759678893,-0.394060672854064,-0.762802041874497,1.41693075356368,-0.186968071439208,-3.31019821944135
-0.0957660837279678,1.8823767309409,-0.236437091933861,2.48330106252771,-1.63067638189497,0.850317472426295,-0.200736248266811,-1.69495460559671,-0.418911086283446,-0.235126079769316,1.20046408323967
-1.72206303352338,-0.202089352151784,0.843971342901579,-1.36569832669066,0.0872040890001067,-2.1778470137072,-0.176626086194789,2.55617961942705,-0.333013843142643,-1.15522684721509,-2.52030924221277
0.176651404586122,-1.03187403300145,-0.310867567853006,1.03721851629743,2.84359646952381,-1.22435167405403,-0.526102369277966,-0.561950700807924,0.375884774202465,0.864217975441343,2.51822076718915
-0.101536643355932,-0.969316415686407,0.237435862206429,-0.0697451494510815,-1.17731491824253,0.784827137897694,-0.638454281752977,-0.901782729157559,1.26122526223424,-0.270185158974385,-2.72526389315316
-0.470597616809085,-0.683943820060165,-1.12736311597809,0.578722344774177,0.912430738372841,1.38360359438446,1.82900519818869,-0.53184259944764,0.464318643823337,0.5840191695536,4.49132495491331
-0.520843347620782,-1.11397699708872,0.547698396827106,-0.741351032799865,1.44389998269105,-0.00784883049227037,-0.477408433724963,0.756023756378973,-0.190172931594001,-0.0638819111516463,-0.647191114875809
-0.584824630589278,0.935627470053039,-0.149856204166665,-0.388546542880324,-0.150767853294393,0.379166972885943,-1.53792977871923,-0.418813571633276,0.116584890964153,-0.836299474652681,-4.00494467804854
-1.0142763565793,-0.849926289443728,1.01638102230738,0.330729086190318,-0.184339297514787,-1.67602437042104,-0.534296082805325,-0.114789911695827,-0.00725164541538076,-0.969271955522384,-2.89903760214954
0.403899880955102,-0.0744656909555123,-0.0334010021122352,-0.337301110186911,-0.218454000846346,0.75931384462972,0.853145527792226,-1.74359995679647,1.36560542784774,0.351110806086386,4.45816558192754
1.63478725719233,-0.824217568170153,1.15691296089619,-0.542059358966277,1.9199024712754,-1.80684529244908,-1.03785967684785,-1.32384425256601,1.94573913595435,-0.418974631591201,2.12330666968208
-1.80900259321951,-0.768849634257605,-0.605403552836585,0.656880568448804,-0.671255356150692,0.656768717372896,-1.3668159077649,1.6116274382097,0.986143253855082,-0.651630970589314,-1.77018111425287
-1.25333913715311,0.407528645871033,-0.0774176022951613,-0.0413831990448965,0.617554972677693,0.372658299092504,0.195553316884294,-0.254233719033028,-1.06251019008565,-0.254919756071375,-0.00679949587483208
-0.500608475571422,0.184025956552312,0.586524085292224,0.641877889824223,-1.07609762107671,-0.542903342820836,-0.123863670345128,-0.58595229174976,-0.976384075319745,-0.892738855454272,-4.26964162656838
1.86519179321601,0.448954613955906,1.62078461591134,-0.209849527352746,0.823582805536397,-0.607733589653322,2.34047655134355,0.831937254596641,1.50738041831077,1.27246953594525,10.710351049406
-0.332468371807003,0.325196167002019,1.41445130076956,-0.640053017613205,0.399028503271932,0.787452829569163,-1.08785592735192,1.182900130646,0.162191310411489,-0.829302333223585,0.639393931293692
-0.0926243467516034,-1.06656602325441,-0.92150957648764,0.738030086505273,-1.03107441838466,0.693720504017086,-0.753083182412066,1.51663778400498,1.00878020101908,0.779475706413737,3.08784702475837
0.0510611267017827,-1.52650225371071,-0.329160791578619,-0.0279785334751261,0.0694201270139218,-0.83002290819377,-0.419061240118494,-1.29408979298719,1.15836125154846,0.283202166671377,-4.05673224926747
0.442209453506272,0.315948815560883,0.677907441814442,1.26228444231603,-0.282930430923706,-0.34051246884042,-0.0548003684650422,0.412508956407598,0.30473186090758,1.48533607886734,3.65030438500446
0.659987139740726,0.143139987041044,-0.657381699859554,0.175962759102627,-1.54765907565234,0.747252452229824,0.0211844983079365,0.313205890205337,-0.433972635674478,3.09902392387071,3.23444941267879
0.744087522957374,-0.123822970517998,0.821484491502739,0.0992735154248249,-0.0966079281109758,0.738226861168282,-2.32089310048374,0.749699417391869,0.778857942598611,-0.574502771744111,2.60349305367421
0.404389430142927,-0.284305226155495,-0.884519015780004,-0.52049414924614,-0.127845151655924,0.0939928441749055,-0.363486467953946,-0.535542860830533,-1.95165039490179,-0.15407665523476,-2.58274283325077
-0.461840356726688,-0.271819013615471,-0.616650644520624,-0.874667078116068,0.491528702801422,-2.56205908029438,0.639157211917849,-0.554472226092507,0.174986093350715,1.08237379997569,-3.01375980907067
-1.03153535581911,-1.14028220743715,-2.18613767086981,-0.532115787663616,-0.670807240368708,-1.07740275290967,0.399310697594239,-0.650391833090731,1.26282145487604,0.188153293703275,-5.45260555063072
-0.105492841987977,-0.802902263857375,-0.518415251730402,1.6216109261038,0.888444112597263,0.0663141341278739,2.40441857200409,-2.25600033904279,-2.07915740339136,-0.314199475407648,-0.209673926700226
-0.642963714128083,0.96219245075398,-0.713465145797762,-1.24816789827334,0.621644145680781,-0.636921171182715,-0.185667943350941,-0.23508958202084,-0.126319677880763,1.05188715900181,1.29864969127471
-0.980434307615507,1.13216427201197,-0.126604842721164,-0.357007605225319,0.790319073578158,2.54117084839566,0.402556652576978,-0.231186561713687,1.19148663701368,-1.57344630401211,3.51542107522271
-0.0418840440659754,0.355000817128655,1.0659653768365,0.207564188442441,-0.200494770439086,1.09979085583528,0.158702160979694,-2.94876417198414,-0.28382855258397,-0.697044877847261,-0.921078498867935
0.650922648314911,-0.599544411432493,-1.1867013337542,-0.33709535059289,0.286366572343046,0.498582362124487,-0.521951313317776,1.55442811175126,-0.838412608661517,2.23202873666869,4.30296808884978
-1.21351958776686,-0.0605626443661974,0.349329988510627,0.888318841165572,1.55797584202023,0.157147883534082,0.105836774532418,0.343014484870739,0.321573267593737,1.43894383882727,4.42016683530694
0.730426616788896,-1.16062517828061,0.886686411221266,-1.8717584358814,0.827944554145303,-0.323859568161199,-0.304263084175739,-0.512509326979696,-0.713879140099893,-1.62398216657042,-2.84043909706937
-2.32873416479921,-0.069091823959085,-0.551786756552063,-1.02760901266713,1.07482982510867,1.20332288171466,0.326516262453356,0.469695991334113,-0.0921096372428607,-0.582112438947407,-1.5814592660324
1.60322738850933,-0.392684470326711,-0.785244781209637,0.381641921763869,-0.680533559261122,1.32460557557173,-0.743536007299845,-0.353235080350292,-0.661439271998782,-0.43415746431346,0.840754337950043
-0.37036039212687,-0.703125611169507,0.948909961159837,-0.786788066157819,-0.23357324845022,0.136564958224018,0.284872103533317,1.17360358311684,0.900065222439068,0.63710922226791,2.66057702840146
0.364741295901878,-0.407279820594227,0.137787750326121,0.0420533402518912,-0.0894042473257496,1.57176544967917,1.17509474879802,-0.302319985213379,0.991777130700245,-0.786616583739185,3.30743558916428
-0.0291262223380625,-1.10171910524203,0.505430216218147,0.639039131257819,-0.406712493971606,1.08203957860418,-0.739618192885357,-1.13219694429945,0.145773879044776,-2.34062371857227,-3.25697549239732
0.758668763815849,3.17870694880695,0.426306694988375,-0.715408984550827,0.45045875877318,-0.95156384124881,-0.392003142349569,0.987552520512449,1.28066723431934,0.714399734320455,6.73989839456501
0.422614691522927,0.485386258723505,-0.808518213895745,0.641246202485946,1.1652795987651,-0.892819616875659,0.764071909066458,0.866012092412897,-0.316606137465208,-1.50858407630626,0.318148023823868
0.270666851972601,-0.436689717096296,1.0311546643368,1.37665665679683,-0.961194952764489,0.871648219919712,-0.658665945819314,-0.339349861757953,-0.977037536033175,-0.490272986962018,1.11002805189608
0.270909343559731,-0.615666972944183,0.344863943432788,0.992964997838751,-0.477217858636719,-0.683664900620053,1.44237197411185,-0.534454944841502,-2.16238240739032,-0.0909230673384557,-0.50358777783527
0.867388954001697,1.94100780433594,1.23011153045452,1.6113992084131,0.134364561418566,-0.941073331883611,0.77170717918421,-0.150903110316849,0.917382047575982,1.72141738029785,8.46230431811589
0.574543333365468,-1.70204807906129,0.631785870758714,-1.0226275860134,0.247501032956776,-0.748879726465326,0.620089335098869,-0.424551655255085,0.106685922122246,1.29500783518083,1.44178982598172
0.845339130179898,-1.56969932789965,-0.812954335232369,0.0741334910428767,-0.309165010463827,-0.0173779422808964,-1.59116402991454,0.0103922778916633,-0.82934483977862,-0.774492554951145,-5.21017681680974
-0.111455040777387,-0.201637368903088,0.162431680708155,-1.26241265203914,0.846452259361453,-0.385224739004331,0.211173647890441,-0.623926897850198,-1.266473357377,-2.23221279732652,-3.75657796700417
0.0131500118261067,0.443872051889359,-2.11639906571543,-1.14964459354692,1.61481200159042,-0.443201663224142,2.01471806607867,1.70755907123244,0.0571208084291025,-0.674322494145531,1.94071298462437
-1.35859255571072,0.147021504560902,1.83211720351587,-0.667532186850428,-0.708329957329806,0.884246462217659,-1.73302697286831,-0.29034237098784,0.730072782288177,-0.00252901174114819,-1.27173646355475
1.53746502017739,-1.12055474259339,-0.783040342366488,-1.61556815553904,0.640813999388251,-1.1344634519484,0.905453864139611,-1.23321994219459,-2.11186668725623,0.222690291705684,-1.5295251401095
0.912593632923561,-0.335415721607069,-0.241430907886615,-0.456242834452221,-0.0982666975386069,-2.27734179534047,2.16444954466632,0.0927504225177226,2.21930621196523,0.570909180787001,2.27374954376837
0.310697953367587,-0.0209871481439356,-1.88910682401477,1.97570341593293,-0.798450778914098,0.0898615617675248,2.37143504426025,0.745654295666194,-0.402306670473838,-1.54795232198521,1.00884706988497
-1.54983918432289,0.414941289151489,-0.132399591840236,0.0782797503700573,-0.418408061189781,-1.00531037345766,1.07451834974705,-0.532364879125858,-0.664582093304969,-0.807629123501772,-5.47455121954153
-2.41719476900534,0.363708312437355,1.49412982288707,-2.35846357297473,2.74707149121122,0.102981926539392,1.14531066904323,1.31892427174151,0.0953985171686189,0.356751774563756,2.44684806851501
-1.2524998405273,-0.411353423251373,0.276507209870626,-1.49761054708544,-0.358012766563513,1.3914697219974,-0.585370153385519,0.170859178280004,0.1183780814654,-0.751661760446947,-1.19819676633745
-1.03929819045007,2.29680307895464,0.0892420908835996,0.0202502563108494,-0.469499116564565,-0.527736512828629,-0.304445745374264,-0.0896177693529635,0.360893820364369,-0.872282672366771,0.0553481952045958
0.342560629321037,-0.379191695449288,-0.359047512655433,1.7264855168684,1.05974092512872,0.597069557582326,1.17639749952081,-0.0410467128071283,-0.83259906830284,-0.0560761442206905,5.07196014296133
-1.11988039043324,0.752262374713301,-0.335778666217089,-1.11039632731726,-1.62594954827191,-0.655729069514855,1.38350894837206,0.743301719044329,-1.10187832790039,1.49651617817606,0.930004611291044
0.400489713819971,-0.0803758338826194,1.65870350365205,-0.263899166674518,-0.162088121562667,0.373276282647264,-1.86110693190113,-0.265035376424242,-0.766650776145568,-0.264600431264718,-0.237495353858484
0.875809507558735,1.99102818136602,-1.83699731122935,-1.99513380055627,-0.477469198552622,-0.634237129030866,-0.711727889833497,0.709146884061856,0.0928385196620491,0.69667606158605,-0.22252840302526
0.458351111762701,0.323396047273659,-0.205008083457905,0.332147028281628,0.98299928863553,-0.955822004971157,-1.34917079105203,0.288535508455292,0.124577405375428,-1.54467837126307,0.824514056841037
2.12626617738899,0.471208011809707,-2.159602117425,-0.95387590034062,1.72990814714487,-0.115719607822124,0.0188737315270299,0.153537561803405,-0.0287189067539359,2.30404503153208,5.5609542048966
-0.0630917716588956,-0.206842515821815,-0.580024776843111,0.482882979144833,1.2215148823964,0.247584052914818,0.722732288810561,0.309488463959126,-1.36701406258747,-0.249165730561024,4.00805150916705
0.0920024257969387,0.958434269615643,0.231214852603821,-0.227110850594226,-0.278830317601577,0.600808638572193,0.672636150953318,-0.0841392653368224,-0.3851953743411,0.949461961190429,3.95462839767954
0.385709410732496,0.17013959088774,-0.255494880497774,0.636869864730169,-1.01099458466998,1.10326040142761,0.442018155303502,-0.164792569856171,-0.951307038286085,-0.414637070039551,1.94684571488708
-0.20307329833095,1.11219321149233,0.00686453494535282,-1.24111502591575,0.157936136293886,-1.90035370163713,1.63263329888415,1.17886932779535,-1.40962205445735,-0.291698568591979,1.91409671013854
0.236765813292949,0.105111866797082,-0.125529693613536,-0.997011255149255,-1.5910731060568,1.01670924910272,1.73443189001567,0.0872411103828517,1.11990429258377,1.95537435372418,4.55026498554297
0.159455052248879,-0.615909764803991,-0.7625547337915,0.0197582022563326,0.518817612744788,-0.636907336666965,-0.827887302754586,-1.6327756149901,3.00120411371351,-0.97389449927689,-1.01617486154226
0.339472241498624,0.514381178723662,0.924753262260353,-0.298713400690538,0.0646250024677407,0.926052308828117,1.86042486060724,-1.0309837907509,-0.196675707601963,0.274996435155958,1.60265220666492
0.149343826360815,2.32625347009457,-1.7190001946233,-0.878985291552446,-0.449467484670181,1.10501942350239,1.53737269651043,1.44554827229358,-0.186725938905605,-0.136980734917698,5.16274441750934
-0.761468008500529,0.365141138099513,-0.292326207025702,-2.33666422288777,0.46597715370676,-0.976249774520622,-1.18832362870856,-0.762354189622212,-0.295681340290762,0.694488713306225,-5.45695693315943
0.819302495425095,-0.794537045720969,-0.397502995961366,1.12479632732579,1.09590251835189,-0.276662149557076,-1.66054023080625,-0.868908111066888,0.0417982600106049,0.226088499219532,0.779630021527272
0.356866453664107,1.02276224386027,1.16496749188915,-1.30726721039682,-0.802816290238919,-0.765515590117041,-0.57643805683777,-0.262382649350591,0.491665641867775,0.489989451846772,-0.381396986807621
-0.65661344540666,1.84035083130706,0.0550236964013794,0.0645106611573077,1.84607216150782,0.0712811722462246,-1.2612141519877,1.09577934806269,0.321255517670498,0.00372246626198422,4.83818174431917
-0.864465686296338,2.26397426246447,-1.55874670243029,0.823891976313141,-0.170352826376945,0.773683555752255,0.222542687105995,-0.497484275260561,-0.134425490420235,0.522179075501838,2.42035509901797
-0.671835271723771,0.707448868970638,1.32877290740297,-2.37466996478973,-0.0435577125270211,-0.0460939777326047,1.42297655685435,1.67069716136009,-1.02535605409563,-0.442821786459438,1.89521178708758
-1.94691764390412,-0.430918970024572,0.0762155095821932,-0.943013076792123,0.423353027860124,-1.3442478061046,-0.137674184093402,0.470135671783674,-1.04380053324796,0.254007913550049,-4.78233739058796
-0.425025815033677,0.744023500325024,0.373627293510508,-2.13008772154725,0.79076722708846,-2.04971002502291,0.768577980661779,-0.482735328767637,-0.279518512087738,-0.956507052264222,-3.20623484572637
-0.698380047733452,-0.214366282886946,-0.797579621878992,0.702901833242464,0.730463916219922,0.56241999780188,-0.7067277102116,0.250455205105069,-0.664410633727085,-0.877019741260608,0.534896740301159
-0.0263197273770277,-1.73196672926112,1.01975286587879,-0.376046407145608,-1.17494328242264,-0.0431258601176746,1.1475801924835,0.630256220122709,-0.447282829096056,0.599725355172259,1.41293795844528
0.285968444834969,0.840181996892131,-0.957590410751706,-0.437512942072216,0.340863804124953,-1.19622881933686,-0.186865050506851,-1.82351057839998,-0.522533697215739,0.126563062999914,-2.23784332002593
0.501739981766568,-0.141432702948859,0.375756509330463,0.826321795158089,0.208873833716454,1.06275628079817,3.03434781221165,2.09927116672214,-1.03763638647739,-0.197750536597249,7.87415982465921
0.0595383695641568,-0.946784616833301,1.81983574459195,0.39013818234373,3.25359624386741,-0.172226825370633,2.01818561321069,-1.24036114351592,-1.15304823282554,0.50183068289493,7.64008035778956
0.18471715450761,0.263590187661056,-0.635687431328869,0.535368226601414,-0.558085504136722,-0.138671692196154,1.35891762964505,-0.903074099593015,-0.521999141420584,1.18255965709337,0.969363105448137
-0.828082034217705,0.745482650376406,-0.742768431061283,-0.752982996575944,0.0502504319944191,0.699872498216805,-1.65411932538874,-0.0694442481764328,0.795422972155466,0.374719776360256,0.529042462239205
-0.0518070749939116,0.76792031556284,0.215073721991956,-1.49631400269777,0.523512745389491,1.69478268965488,-0.575615396696899,-0.54633142082912,0.350057674821494,1.57144465243965,3.41430386514865
-0.194467503828654,1.99554314812418,0.35535640623005,0.437146858071202,-1.02083307758832,2.46887964947594,-0.0828587562964061,0.0178105167660711,-1.58140988833916,0.981690905794947,4.28733306135954
0.753132714536811,-0.785188802230696,-0.142469695219066,-1.07892488491681,-1.86153807091195,-0.506080863889566,-0.283478957147131,0.472223283298033,0.0701858135463111,0.847130948360181,-1.21217468254434
-0.20011250788237,-0.489826433050272,-0.189368931773231,0.645119776329653,-0.545101454096527,-0.632881088563096,0.958492199641389,0.158154251814735,1.73853925655006,0.256828232141206,2.96520127443473
2.49374045593549,0.556519784114118,-1.10257477574159,-0.0329127727567498,0.440468038008771,-1.20451035145943,-0.995848882886111,0.526311951729679,-0.397905803595296,-1.33498071677965,1.1903111366173
0.906355785766202,-0.335022079097848,-0.469446375133142,-0.354729094770064,-0.227216830612013,0.48455292071877,-0.51167588351721,-0.561356219792087,0.00265957304672461,1.82867473686841,0.0477968047437829
1.06405933938301,0.203552927990432,0.358012270671545,-0.239225699466808,2.34412340379137,1.71229476412966,0.227281442919711,-0.173874789726767,-1.34605856590117,0.0414156837397048,3.74711703977906
-1.06140741928912,0.777807757103539,1.36742051936499,0.154799362240957,0.775386830900792,0.758109345370417,-1.39686288014948,1.22741364880872,-2.22697716927428,-0.504801005037521,0.694141331411454
1.22395698810785,0.529841093237063,-0.906626845055028,1.56804900595578,-1.30953151686722,-0.640005198649889,-0.94607948972681,0.220587599833831,0.616188229222333,-1.21952544272689,0.931909474619613
0.41757931881139,0.427244230110053,0.569311576885319,-0.172936060663787,-0.155049361397505,-1.09534909506878,-0.0726627773254251,-0.545443929226505,-0.161960092550163,2.16238229001968,3.36677560819906
0.326035219404737,-0.290722986637716,-2.30354972564633,-0.642198670840595,0.289009722635664,0.937651711419316,1.74233287787457,-0.782167947822704,-1.51852088198245,0.507451405299318,0.367195509771767
-1.08437673798248,0.229655662178366,-1.03218629939702,-0.340212593225173,0.699930724732177,0.21248595959412,0.56872186293222,1.98115307234646,1.06305377358492,0.104654176980941,5.8231756364533
-0.196300139358457,-0.00890086228512947,-0.543490661030505,0.195574134371125,-0.898387625953065,0.0447896822778801,-0.950057214022611,0.258341661771933,-0.11704563780576,-0.232923343930615,-1.32063406850407
1.6362905261206,-0.53840316851201,-0.43443139906885,-1.02790805951108,2.87815513530748,1.50115162196502,0.936224530713061,0.736007842431569,-0.438981007799633,0.453079548123294,6.55358352390493
-0.345762617582368,0.295308061475256,-1.78453912127623,-0.372536379351463,-0.212759139999874,0.797021347073397,-2.19636932156724,-1.45118802874152,0.486374650782119,-0.825923763403711,-5.88019114877314
1.41650593577292,0.763393692269303,0.276649555552245,-0.38067891649841,-0.504794820080539,0.446104165680778,0.509497919771881,0.0163928911172391,-1.20321944654456,0.486643126895877,3.42092842461168
0.461633599108396,-2.37494425743263,-1.03187450384304,0.299776386029977,0.464276689676619,0.750843133590946,0.948953535983266,0.173458855813189,-0.136230931159391,0.141027070195474,-0.693369763666708
-0.546599506989757,-0.738158053791989,-2.29602267517847,0.457668424983967,-1.60813787578987,-1.12493486828609,0.652640100518193,0.899826516253711,-1.66375635116852,0.0155639884495765,-3.17162104176843
-0.47295088953979,0.39670545943602,-0.434419842254822,-0.509216897695963,-0.87218203050513,0.347125196125466,-1.10379969431346,-1.18159033159097,-0.345517598980054,-1.46280459165884,-6.53764635278296
-1.64880153962008,-0.00846848687930448,0.108063598682872,-0.79445292478098,1.62285248448957,-0.0369768994730669,1.39541688343517,0.407763790968172,1.48453458238804,-1.61658201769939,1.80824565181223
0.534399090670589,0.394401355939202,1.74367612934682,-0.977278757443311,-0.0571986828992303,1.44261684680277,1.39849537357443,-0.439423636354223,0.341812173121585,-1.45215609475958,5.17714275757641
0.120681770970342,0.467868698517198,-0.308740496072225,0.0872949692860481,1.68972020926318,1.88813197938304,0.621876924621244,0.272581291926938,-2.09773840567394,-0.311346027389499,2.79586351177457
-0.776937018209056,0.215051412442976,-0.175399689422101,-0.0597865683339746,-0.404163337105533,0.0186803410578682,0.191303611454302,-0.15046118918152,-0.313288499043108,-1.7734403591753,-2.94289071754976
-0.637277135160743,-1.48072939525902,0.115171180420227,0.0441711586454367,0.248694648103596,-0.943840429771922,-0.243091536269588,1.4393429922511,-0.138521272410551,0.722062319000486,-2.51081772503845
1.00589646857974,-0.276773169001088,-1.33875745027668,0.517961741431319,0.724965821497165,-2.45775052856739,-0.613915389791366,0.35156529954273,-1.35707350824422,0.6224443784066,-1.98925650004931
1.40128910893748,1.70605993723014,-0.34769199802406,-0.810949374677626,-0.147083175448083,-1.59551949502441,-0.962764998967115,-0.193325393841341,-0.350473529986416,0.901095835618731,1.55087429132545
0.344109427247444,-0.763300368690141,-0.108340937848473,1.74233537041491,-1.07713178475644,-0.66008919885637,0.0711574832942274,-0.651211591703581,-0.746272806912507,1.60859795859329,1.57199844055109
-0.00474766702605308,-1.42332166373787,-0.686935610543045,-0.133608639968612,-0.685061798157733,-0.821410620760862,-0.447447841448924,-0.831204076604776,-0.0278561536305769,-0.160848226712133,-7.27310665291897
0.719564533065035,-1.27972416244677,0.408223892113903,0.775829335591557,-0.649673190120891,0.408417904538318,-0.109819366421033,0.519187461381415,1.73533264884194,-1.32799406329476,2.02726637433854
0.951073721043108,0.785105118697111,-0.193636557239721,-1.25721689160552,-0.803816132633221,1.03399912097559,-0.334863640832648,-0.315822508886594,-0.526363991100605,0.449785670619,-1.10003595344184
0.075987628659116,-0.224647275588644,-0.755479498529363,1.19504161897696,0.853799758499872,-0.92782597982084,-1.96479157978668,-0.395815070209044,1.29613384035664,0.0105958366347214,2.38003700596818
-1.06085017345208,0.660343592918332,1.13753373297622,0.256282809304676,0.633992583860269,0.621701693284274,0.122667894788591,0.300352523704425,-2.11132669037682,0.823230430795745,3.61845635375583
0.461560094960512,-0.299418850729219,1.66788058841209,-1.00909466511083,-0.638842731383611,-1.77234253828482,-0.265743511559438,-0.836320699722309,1.09124385997063,-0.8079797588201,0.365197419723496
-0.00943206199744093,-0.389763816887868,2.50207931993994,-0.651372890124653,0.355595492608255,0.184331345380787,0.622275752865555,-0.751690800569472,0.2693725270934,-0.284666927678859,2.2474499635052
-1.69291165624518,-0.53714065429793,-0.434869261635893,0.898292672372089,0.888892567774795,-0.467082044299063,0.941598405810899,-1.50609047962997,-2.04320043628116,0.238828407569263,-2.11205520431142
0.602879576401583,1.84835956203573,-0.879235183664465,-0.46095749152117,0.502207428664002,-1.07730089614583,-0.964268028873358,-0.337078982760055,-1.4484516642007,0.371383711700436,-1.61540593278274
0.369193601474546,-0.253968973316476,-0.83144506403249,0.254509250415368,0.0959154361507859,1.36054353612079,-0.159871931390444,1.44249888399671,-1.19253676346305,0.905504292443129,3.2651974695523
1.15040783034464,1.47747869608565,-1.38523104437682,1.16241409588915,0.164217609645379,-0.108604941012668,-1.13326747737345,-0.80807862387799,-0.387037050340445,0.152891440878361,2.77279996304942
1.35533975930008,1.05899352452549,0.216147034607033,-2.45801146762179,-1.83251105999738,0.160426910209989,-0.594400649020858,1.23010127530401,0.505537285195044,-0.116106306272257,1.95044475186931
-0.4025981353204,0.563864016284186,-1.20384324433805,1.6304004353886,-1.58764162747775,0.852973928962116,-0.719374211346536,0.0948276448622803,-0.199379314702804,-1.18971646558669,-0.730436678556332
-1.15455650261321,0.416958243523207,-0.424392843638034,0.081852177471911,1.50834496903088,-1.04562106628491,1.41024466870857,-0.286591286943494,-0.112471818392216,-0.748613217448321,-1.15888941619085
-0.90924407332693,-1.32867227181456,-0.46245691443216,-0.614805623099938,0.0532679945390316,0.916621499175928,1.69704944668625,-0.130191157831948,0.409223102003182,-0.0026590813620939,-0.273874038523832
0.588087877001663,-0.90402020031484,-0.0467497514955339,1.13076480471502,1.07406418907267,-0.973140931500513,-1.64796576585142,-1.06090034462748,0.649863846189961,-1.19261010070375,-1.43245018167685
-1.59424255631253,0.871082222183663,0.202359233589326,0.555879947090664,-1.10622284604216,-0.432905046931894,0.193623152000125,-0.591454491815519,1.97490258441705,0.873708589077919,1.9963217704682
1.94082571790713,-0.732268736305994,-1.75411359183613,0.653531449013805,-0.227714178177611,-0.354202601735371,0.268863720712484,-1.27908763404833,-0.334132439763563,0.954809317972355,2.30068369071117
0.191864324691563,0.423500755023681,-0.482568499989406,-1.56566220053295,1.02797702905206,0.712283600823032,-0.557474259610555,0.381824496784886,0.677571234565499,-0.899518071017768,-0.025638360658727
-1.35492211923583,-1.45860255970376,0.497602167093153,-0.711933241641066,0.951135914511239,-0.541995017203889,-0.229230978132982,0.346519456626599,-0.0872193409304245,-0.485662811642613,-2.39404972735247
1.86310783795186,0.855161912439175,1.87793973734422,-0.225341147320206,0.68451907674227,2.73966864199519,-0.532384477754813,2.23273256690298,0.0930851148419028,1.3322507438199,13.2893032508328
-1.20128513880324,-1.38913442524032,1.25324195351414,0.424483748058569,0.369367351427223,0.00687671975706833,0.388821873675132,0.0996798595481799,0.562824197920311,0.893762735705612,2.34147899098219
-0.0552309184774778,0.121314599460113,0.419234768412605,0.204022264485621,1.40663971920702,0.131006352551348,-1.14436890578549,-0.10612718406871,-2.02768695346657,-1.10355528552616,-0.845505206418361
-0.050984349870118,1.0157795657691,1.76493098017519,0.606594912105576,-1.44378419334198,1.34865345756502,0.395613840490478,-0.571977712769009,-0.0646959305781948,1.27198159885762,4.17095207774709
0.697342318488513,-2.67555407279217,-0.801305059063779,1.16358261684523,-1.41282870872161,-0.604740048173281,-0.441280914089549,0.633887090946155,0.538978139790608,-0.227233049532159,-2.34406504894224
-0.207644763940505,-0.0493151917563712,-0.647372875581618,-0.727650436578391,0.0257542166194807,-1.71297204459202,2.09880148885457,0.50086485413267,-0.543123723848575,-1.54121926708425,-2.12615931686979
-0.250236848105637,-0.612095151158286,-2.0913963057296,-0.204428579665558,-2.37173580944919,1.51766220958873,-1.60271196138102,-0.199805262568882,-0.706021962582412,-0.40376139995313,-4.30627647482548
-1.22251945595072,-0.398912910347497,0.843051755037136,-1.45819925372687,-1.03216507584442,0.699608571534736,0.315891858687021,0.0351594273226209,-0.83926629007921,1.94180011045867,-2.57037119498377
0.405029512410844,-0.57293755253769,-0.718462830691886,-1.42455657260559,-0.952596618743669,-0.454220705441801,-1.5793670708226,1.19570581972713,0.892675872761919,1.70259440142388,-2.56721458110129
0.447761189393627,0.75275820902336,0.704430949469972,1.14985379591439,-1.99998183740785,-1.04331766721934,0.708156398194341,1.41710297485545,0.35377841110182,0.357008563893253,2.46361098624504
-0.413086030333469,-0.0434659817712387,0.326404137377272,-1.04886900413389,-0.922843140946524,0.70320292215171,-0.338851453848232,1.53910157271601,0.0268849123100713,-0.761184925050379,1.22364952495487
0.55521161751292,0.156598650601592,0.826576205672621,-0.445708517624028,0.216851069161995,-0.285597783974708,-0.215723979647784,0.925227840978733,0.154980975368077,1.74252053365865,4.90273734338403
0.822025609273908,0.101287179370998,-0.696614604955229,0.808015409352814,0.70128675174406,1.01070384141114,-0.143739060720192,-0.370521801788995,0.930017276853341,0.105050363092609,5.18218257885038
-1.38443429096089,1.31672544095093,-0.281640605628548,0.671062184083734,-1.1647209446275,-2.04729643085112,-0.0878298241736225,1.03126876171105,0.177639727649561,0.444210517842591,-0.591759268148458
-0.476589401575425,-1.19553677193597,-0.696848774154908,-0.608745386932985,-0.394657328438114,-0.946574808871456,0.714333361489125,0.697462017930849,0.789095093493411,0.129156839442505,-3.03992485708498
0.149509627573266,3.02251642730127,-1.19061036192035,-0.219845148065641,-1.25055408162978,-1.61377522777164,-0.807494251845359,-0.583272171685738,-0.750765339269261,-1.12589851790365,-6.55060951908994
0.000278050050645853,1.24409579216683,-0.0854483337227019,-1.03721818770529,0.745087951602882,-0.758158708709268,0.638068884028964,0.528767038478747,-0.390171163036794,-0.475228065817968,1.54676401744124
-0.525774860426409,-0.8308522827168,0.443368003291092,1.31224732914246,-0.656048832197533,-0.48323980276861,-1.35716877666442,1.18129769869299,-0.482716645699486,-0.227903560289237,0.838285694454448
-2.00774886612392,0.94477810106431,0.400699297471255,1.51888764875683,-0.505169449175164,-1.62775557378948,-0.906505417673752,1.55933955369218,0.0108721713073867,-0.540704004252582,0.246211408688054
0.579813639930651,-1.26591762349655,-0.129995653526832,-0.902915980318481,-1.01789338192666,0.661290811692821,1.29985048346135,-0.203586527246885,1.12290299582262,0.4771143882881,5.41609385198508
0.253323754745385,-1.10618019280004,0.257253909668354,0.881776134374381,-0.447195285222256,0.387816285738943,0.57787993756426,-0.744424462905406,0.963264079095015,1.29441445119315,4.98900484964987
1.65020157061912,-0.778968154887021,1.08888479169812,-1.22116774406471,0.242552310613205,-0.0870215458690617,0.16253957422725,0.485775513835694,-1.8092264875947,0.881488385441797,-0.410601911963799
-0.835746191810995,-0.18260981546262,-0.212652808323845,1.07259821027299,0.954098664005055,0.0250605662323254,-0.874318591135575,-0.260549163922332,-0.147581414033563,0.520094435070492,-0.553313122708809
-0.812736208759066,0.76817416923034,0.686979757672216,-0.898025243308154,-0.348005257759595,0.27139128097171,-0.522998717625857,-0.267697595943817,2.05469531855586,0.260892725698802,2.08024016865141
0.636381946862099,2.49923317633042,0.567533799027429,0.296803547489188,0.705681395301572,0.385700362612762,-0.267073180755344,-0.0610455237352329,-0.776922754140548,0.621675695250135,6.65573838303757
2.01895559398767,0.308877886491614,-0.680293014521266,-0.36712271005364,-0.444058185295161,0.511852554034327,0.934301371428834,-0.441191989987866,0.718768338331437,-0.516972685410695,3.00444401404233
1.12725277082893,0.599001347330535,-0.988506794742773,2.58334967472993,0.772279211533664,0.491563675445608,-0.184138858529243,-1.4935791383721,0.552578141956559,-0.210366755140376,3.73556507627655
-0.0831505811941714,0.461125838151422,-1.64778269460323,-0.879309794013887,-0.354917472428919,0.187098179661267,1.58093067157967,-0.0908605760426707,0.0347803258425388,0.367255745503373,1.56129874822832
-1.19299705775257,-1.28845170724539,0.965987509306573,-0.23919522282091,0.021892072401772,0.520149207502111,-0.441739368433436,1.00223153053219,0.164438782794164,-1.18971374446392,-1.29811533584083
-1.64060260782308,0.96446404415269,-0.409477577381412,0.00300860519199876,-1.55096751597378,0.00249764909084272,-0.464602142777115,-0.712882608461797,0.00775080828761484,-0.174261587734539,-2.07898049674567
0.907573978243494,-0.22425736583177,-0.105854047924159,1.24282529298555,0.437092982387898,0.987241039031803,-0.415394352854058,-0.264192782309358,0.18380668506178,0.147975240657497,3.447755816049
1.08065409294629,-0.11241857527707,-0.969822693764597,1.9469052759355,0.582216113624679,0.558585637127498,1.6335273876157,0.290654794575997,0.507564634620456,0.262433313471179,7.63252343080953
0.28364283445893,1.42437811528158,0.61042693078295,1.84632817195087,-0.383612611690695,0.892941646376742,-1.27946215716617,-0.967112204268991,0.326656197699911,0.867564955336662,4.42893558285954
0.389310669924265,-0.840456124309163,0.240026175096291,-1.02728119749392,0.274200067556801,1.93835830263827,1.56923913767674,0.819083834962334,-1.03226362623791,0.874820161770546,5.46148315675581
0.0743842609506404,-1.43141553876531,-0.114548214652787,0.923428486511944,-1.01791479265689,-0.122716180119756,0.715402543699409,-1.24898120715398,1.69051783087277,0.130665857683775,-1.31113677395486
0.613375531622921,-1.94910503882845,0.547481311818439,1.51841471135283,-0.393130716112037,-0.640235982720929,-1.66433432956366,-2.55985843201223,0.822786548825037,1.83043245901825,-0.865586642861563
1.61897151772216,0.903175302610657,0.652158035447584,-1.05786172976879,0.420720002616286,0.271416908135931,0.17170856429924,-1.03610947147197,0.771610697551263,-0.0883472244747028,3.86651426828378
0.632336928345709,-1.24105545405261,0.506983184418246,-0.385585936586686,1.88451058196411,-0.910538538260108,-2.95352474883049,0.145959463666625,-0.117088528109433,0.884154036682232,-1.56955583369889
-1.05050801110231,1.614885857113,0.878671859275875,-1.28115220741572,0.473028277189699,0.212543033899197,1.19969460126511,1.56459732606823,0.42664799488906,-1.87730365097375,2.84409033870475
-0.696529899372231,-0.899935577170209,-1.95648284486216,1.09541931296587,-1.99235231193255,0.0292630851751552,-1.32300779325573,0.895986727075222,-1.25307065880887,-1.70904705204958,-7.45265948716866
0.762608081684299,-2.16530497098899,0.597097788766323,0.640604882165899,-0.963158199563907,-0.533580694862421,-1.52557493993646,0.747411498182532,-1.31778743776584,-0.366887188438727,-3.02602574125323
-0.088226546431487,0.927004813433663,0.0300980921448371,1.49050586090751,-0.16348358166577,0.949111237327501,-0.135567223700457,-0.0876700164716888,-0.0388796384284704,-0.755676776086165,2.29376677327075
0.244901342253611,0.798860165021167,0.991894634972518,-0.202341734260051,0.0795050256755114,-0.186380857537782,0.92145647637536,1.21934564326342,-0.672122854636965,-2.13809459420435,1.76439070750724
0.246825216988876,-0.617781182488074,-0.274354982105472,1.98464006087808,-1.31274376699635,0.353892560469196,1.03726802056945,-0.0755113653871476,0.275766507640652,0.640797094171904,1.7781026050752
1.49088924363075,0.494442320611815,1.30535969472114,-1.2672600190271,-0.151845023599491,0.854922802355715,-0.679461293911533,0.135660477676572,-0.74224063171592,-0.441850257489676,0.681540232075103
1.48179262162333,-0.45881154051149,-0.382216906083602,-0.528204191000504,-0.946912525304763,-0.240865400548106,-1.72932040826438,-0.652570663760783,-0.466621634274972,-0.41125095808549,-1.42054890706961
-1.50692487633643,-0.535346100002231,0.0659070977825666,0.0928175462830097,1.54395421516494,0.632340480574521,-1.18723353831809,0.897746536622033,0.0208715574381142,-2.83637965927852,-4.45991839002309
1.43665118906673,1.16495593118759,-0.382521764213837,-1.36003381948798,-1.57977918117788,1.19465710545378,-0.347102671006229,-1.84857881614083,-0.145175307640291,-0.0927327479825687,-1.41876827892079
-0.98953725431093,1.63546425413093,-0.620944294911984,-0.638525288290328,0.701911953982954,-1.15426773911151,-0.364636984097357,0.926495753636998,1.11247798203941,0.798713102322935,4.48254662784698
1.7791928602751,1.62453920403216,-0.806661866863209,0.464456804965762,-1.50401785970902,0.170646724815783,0.158537904639361,-0.901990315315356,-0.79474272268499,1.62049569224604,3.45498457443193
1.37148740793501,-0.55199383346026,0.681800268138398,-0.300718940072135,-0.821774845352386,0.122967825038312,0.164026963415195,0.760206880560837,-0.304352318999287,1.51390832526338,6.31038662632555
-0.0775674134874462,-0.70710461401528,-0.897035159601899,0.359623332418811,-0.537108843870868,1.38400298251454,0.775586845910503,1.57499370901598,-0.224071891903293,-0.646927573289319,3.37640227527551
-0.344073936212792,0.450410115647848,-0.49027624124791,-0.699512894792907,0.357758661019362,-0.478715605693765,-0.522396404037397,1.76818211209841,-1.04239813791848,0.314748731592052,0.105998221519652
-1.15135816158119,1.2752475567056,-1.90065910338618,-1.51099186280146,1.9559978685379,0.667684320719249,0.252756250937973,1.215749181906,2.41234273829021,0.327431502620899,4.94052120143822
-1.11227211993442,-0.562313388594222,0.992657243359243,-0.941219850719323,0.50300343254655,1.92493096036251,-0.946329951763991,0.432600582800058,-0.194979234210079,0.834918047757927,1.63373633609261
-0.713053074773985,0.407495955692802,-0.524240663905168,0.826577041358159,-1.12140107425047,-0.181336978046452,1.01629402060909,-0.117064556801366,-0.0633921870686658,1.51346003823887,2.89081978162474
-1.42036588439644,-1.33782382412129,-1.00688619280595,-0.771496309640927,-0.914118220579204,-0.227595072098133,0.948406721097342,-0.684676147740682,0.271912413876203,0.182713137861335,-4.56897779229716
1.0242657380337,1.76109670075418,0.753891677467392,-0.465755168406026,2.15890352212251,-1.71430304817598,1.65470399842402,0.912052975475683,-0.00617994543728986,-0.238700999715342,6.98862548501307
0.993467525230271,0.192844555819416,0.90344187031248,0.331281019207983,-0.186838231549453,-1.20271975730075,1.06266016340826,-1.99138859903089,-0.383512022489063,1.2536139893187,2.66067441512567
-0.0262068579525416,-0.152792980378622,1.09372789984708,1.31992615102541,0.759258659511721,-0.0890077101368342,0.876218173527536,0.448606126951459,0.284970853713251,-0.32281593614094,7.09101912241886
0.67437970622736,-1.64627729584587,1.02271119809241,0.590519743365123,-1.41119816963637,-1.5534509929211,0.556072267971774,1.7256766032402,1.60113793734109,-0.695627967538259,3.71170680856544
-0.594241964016555,0.881615749534105,-0.801858042028268,0.533664604943093,0.010340351241067,0.4692001366572,0.514110304549091,-2.57126886225653,-0.0434231040679426,-0.208842355502097,-0.0531652725477283
0.046757839059345,-1.37905203904372,-1.56932595336194,1.25771241324885,-2.08884990818191,-0.65704676214687,1.0246870720922,-1.04150597118616,-0.517779356921026,2.56360017832958,-2.65367930472946
1.03155109228079,0.122431156523887,-0.695910928859751,1.48783558238222,-1.01349176488583,0.0841389325405891,0.580836462215644,1.91678238042705,0.543286524327797,-0.334506680813498,3.22576635953335
0.203642516736074,0.784624921447269,0.329283100738198,0.767337344460165,0.958880397887399,-0.0760285528707697,1.53530178382463,1.23065407779298,0.481063615240756,-0.394205238276382,8.36957921972096
0.825756749433184,0.945601654589389,-0.338954548042455,-0.183780529502662,-0.0874057613312297,1.58504275411908,1.32096899955732,2.00188694432163,1.70194979607947,-1.49431287041445,6.85347881312747
-0.797941943519868,1.86120306741406,0.581061125939783,-0.88821570530267,1.14854949712949,-0.964800956083329,-0.150195747626319,0.648059008003969,1.69286010543758,-0.205784642237786,4.06780691818664
0.304975867367992,-1.12519778158167,0.128030857347771,1.85358968767438,2.08776564530735,-1.04678101869394,1.42605399329349,-1.57361479017713,1.09588997560834,0.393131797568013,4.12085230381001
1.44238256254275,0.677673815035477,0.452839393818857,0.250265188302652,-0.549348670579772,2.03265146349469,-0.443879421661643,-0.912699675693724,0.568591844068681,-0.0217463349675799,4.50497736656105
-0.28154868919431,-0.161802040512768,-0.807367939504344,1.64229014409767,-1.07101067993939,0.327721795153515,0.0559832977108975,0.365221335430618,-0.326884215937527,-0.161332395091507,-1.13497957910852
-2.66273239719752,-0.864513565629995,0.57455379539336,-0.516275191404486,1.01449452211224,-1.37404449266851,-0.688914477454634,-0.780735934359286,1.02694488866841,0.342520895308043,-2.3701844245939
-0.921080203596463,-0.24771119117646,0.339754309552386,0.523023440043274,0.497346541147536,0.998306347194638,-0.00833765258240698,1.27451638424893,-0.456386530322906,0.795389290772967,3.59277817041192
0.570749969065044,-0.958426524207376,-0.186360640686355,0.112201648662588,-0.691230277444906,-3.02652069047801,-2.18447540343511,0.475693199602619,0.587567135943463,-0.791848375831707,-1.97500958005086
-0.223449579570432,0.94551069451084,-0.811540010804618,-1.29765243146428,-0.0249916538455383,-0.492127154207005,-1.54737289287363,0.638815988167511,-1.18474874486751,1.97040156356408,-0.625527196968151
1.62324914625495,0.308373290556806,-0.29986708537777,0.669279391670524,0.250149013894412,0.364678036804517,0.676029687086819,-0.0177717728077254,-0.108750414659354,0.261279771026242,3.08694001050924
-1.39674618996305,-0.833185922857574,0.00901631349355164,-0.856021956010799,0.776705848301914,1.90187432907904,-1.13957210358292,-1.9501631303571,1.03738328842921,-1.7397425664155,-3.91929397658755
2.22279641809974,-0.899405661165408,-0.0450096869570884,-0.4834603754394,1.25022045562257,0.917603651391262,-0.511903985878277,0.819907950695865,-0.691240770004529,0.280145675081911,4.76713381468703
-0.868475047335661,1.20031173420996,-0.332421012218476,-2.47625936556724,0.758246086701046,0.617050834623203,1.37709977297766,0.553127557845397,-0.118862643953111,0.977143723345515,1.79251481653449
-0.202325650244894,0.962170683817333,0.204213734023267,0.196727734201204,0.506926971441172,-0.485780315947544,0.781595130378899,-0.277290701887573,-0.18204596018975,0.656611874499667,2.07647126527348
0.154908413592946,0.577511327697353,-0.600334931167606,0.204143546242564,-0.196429983871516,1.05533017650703,0.724098608971817,1.88851179142379,0.895478614973125,-1.14274166126505,5.37688988432805
-3.0924574023273,-0.629485439632116,-0.378364144819036,1.67564567637012,-1.85939757501139,-0.306054711672053,0.222599374121404,-0.0811612384726187,1.2376874503729,0.852847208970094,-0.177043470011114
0.723099727854801,-1.41800353994339,-0.89513387020745,0.117615806835348,0.386028075913958,-0.964764169680151,0.27385535305775,0.119561006270426,-0.751977589240874,-0.49333767210756,-2.15819195695488
-0.199157425542275,1.54961271352618,0.251289278221375,-0.615526542664701,1.7005269406906,0.252054841038671,0.560770335027417,0.209941792037995,-0.865386490763761,-1.74087851309728,4.98519226487117
0.5911742564622,-1.07172601662551,0.962879764155815,0.507014872542202,-0.462362288329451,1.38413604153215,-0.240000556656495,0.261764032976229,-0.948045465103982,1.07405299005322,5.23443279389005
-0.0304908289340897,-0.144507649580803,0.414921491119071,0.742111288055854,-0.626186732708356,-0.140411633400625,0.0372960588094635,0.782831815851015,0.236689700965003,-1.13299541382284,0.973879478757974
1.49801207058902,0.975999866771819,1.38211968824427,0.88131796125821,0.537559636810877,-1.24449572544876,-2.17613136066791,-1.27711575655019,-1.53460663470217,-0.0386200487403805,-0.690046945812014
0.179647091825935,0.113005028103398,-1.08188040005088,0.0761759550323142,-0.702587201262445,-0.955167982459468,-0.439347725759006,0.888041020990292,-0.100901475216044,-0.624765419882613,-0.924344678927005
0.0104622420435384,0.600095474687343,1.8861448545243,1.1840749390131,-0.168552743157985,-1.27404497108508,-1.20366429374722,-0.377053388270151,-0.119391836132664,1.24006320216617,0.828112799729795
-0.432732421862137,-1.54988730803584,0.747061311745876,1.4387120712328,0.595691478063172,-1.51617898666715,-1.00123840515983,-0.253008969465199,-0.7380594232421,0.869048202326005,0.622713062741951
2.68140883291277,0.824500971770258,1.67520611546201,0.473608525378153,0.309644958217652,-1.29828639162742,0.265940764842786,0.577425929494565,1.27191270127489,2.07135464040446,11.3851688423531
-3.09526109833217,-1.56150591822456,0.476808704084791,0.487922863103262,0.286842469767425,0.848786602509763,0.120666988062026,0.0946610679993894,0.271948047931127,-1.40981349465495,-2.23742284494681
-1.82176486359481,-1.41104423664874,-0.133778040270755,-1.74452374126047,0.728763867683664,-0.294645346500615,1.35500610961842,0.646233509574795,0.406407606644299,-0.517691654564424,-3.30895121414779
-0.831170115372107,-1.26086931253922,1.48228522349848,-0.0145891876951944,1.40676194345366,-1.0070097468782,1.07124419779902,-0.00769799807381931,0.283129625308631,0.0386041530542286,1.56177289275253
1.12418856892594,-0.0850386346420746,-0.32569317889227,0.542429401522624,1.00785296056317,0.690128540799682,0.328735936749317,1.31435730416516,-0.0259586293643107,-0.280487322621434,5.92112623229288
0.613224799373208,1.13934461698099,0.115031395790451,-0.00355020626472329,0.16780204989721,1.44752933600291,-0.300497748718251,0.591763053331273,1.23869064005339,1.687731706236,11.223856758061
0.547718936922343,2.0729668366411,0.830625098967237,-1.14945086526732,0.838955885757487,0.79570740582581,-0.34510937546506,-0.0739076130061398,-0.799942653763225,-0.717534486531967,1.77866503447902
-1.24731837830625,0.87650188683898,0.813149163294613,0.226270007423132,-0.063929790954495,0.855768602725654,-0.287007829255416,0.132277775370447,0.49353921757394,1.16121090625809,4.58725497671456
-0.674051546583258,-0.939832148688581,1.09056952674855,1.27761784210319,0.185338555364152,-0.436029651654993,-0.326894441990882,0.0333531700130462,-0.738048242792443,-0.47438427268611,0.444259718259169
-0.463542114757538,0.577549309405538,-0.0713177645118675,2.23462787292007,1.15002258924816,-0.728090373883931,0.766511932781499,0.982116024405671,1.37561098423422,-0.268042398028794,5.7903924048518
1.7193230020422,-1.36019204126004,0.213417459749025,-0.691508281682423,0.720203018788079,0.236542516944495,-0.338437072262104,-1.25825692821273,-0.117006174075417,0.0609403274707025,-0.135852147000783
-0.418290314059195,0.782606944599138,-0.316745157895462,-0.740623539767027,-0.316835933034676,0.458222287838317,-0.0293129835215919,0.915795141583259,-0.235388128841663,-0.258555582708796,-0.356869349504694
-0.478675308625554,-0.668721953992324,-0.463873568456037,0.732656904139619,-0.663943143535776,-0.658028143657003,0.212837663223941,1.08737510861949,0.52878607209879,1.20777510111796,4.04599639647853
-0.705050731295502,1.27391119315981,-0.376146449166737,0.725368996479687,-1.75686065835807,2.69841329081883,0.916247270449036,-1.05690577748898,0.921761263949728,-0.578964933849324,5.90689176032723
-1.19390130893759,1.61347716146781,-0.00323637900436806,-0.5187161267484,-1.78330708568934,-0.326171956244601,-0.156282130844234,-0.62644602844981,0.207846614943809,1.65034388257387,-0.877069529890123
0.503941844318365,-1.55452368685979,-1.1516342636538,1.39995619152382,0.464524197581672,1.15316579398442,0.512179880660621,-0.11675930859589,0.659155045931832,1.32714618145402,4.47066759103534
-0.283284401033938,-1.36650565658103,0.493215847724496,-0.180216660429327,-0.344936293747367,-0.396689143859492,-0.864586051527282,-0.21955033652845,-0.5979339839927,0.714026438656777,-1.01237065745245
0.214434654186568,-0.703120396527141,2.07513898254987,0.382749068053783,-1.09643159230352,-1.52059196204868,-1.40602309086001,-0.0791619921011149,1.09485417267634,0.0859296330374725,2.46729063187652
-0.0730174853035251,-0.702944851475225,1.17104826882989,0.610260716487196,-0.588834668593082,2.32546732355262,-0.315575091174028,-0.433633982278644,-0.97933688826549,0.620186076426545,2.30307674136675
-0.0803038503129152,-0.189486384011861,0.275516541796952,0.292796262369865,-1.13887667449399,1.71837279343591,-1.41612629483402,-0.351491801222876,0.863655585383819,0.558171737573826,-1.03426434496599
1.54234856949088,0.361607622432973,0.112840694866387,-0.781923939515748,-0.649046742435845,0.324506675451341,0.267882419403874,-0.28078781193211,1.04246914070902,0.437615600416833,2.17358320894461
-1.6461450028046,-0.353382090596227,0.190768817900813,1.12657516340523,-1.08119391201445,-0.809073695895467,-0.47229503068532,0.806228259391009,0.864061357064212,0.905960709668983,2.01019537369368
-1.51157229076815,0.283067600355507,1.77698780238192,-0.0832765898786218,-0.400690307376188,0.888498722606956,-0.357101313398989,0.918133407892981,0.211283423271548,2.6211914862757,6.27002961492284
1.28630285418382,0.416615534956577,-0.143020156648463,-0.69912375710716,-0.59284506700574,0.345250823397596,-1.33061275643239,1.5224492349374,-0.853984989400649,2.08812790091178,4.19839757956204
1.08666341777906,2.39207264308758,0.0541815375861756,-0.292733941829277,-0.290153101302731,0.726789868107194,0.319696237848917,0.730268943576864,-0.711541269307363,-0.658541945967872,4.86982715495762
-0.593386561115793,-0.627174047936263,0.667430556249432,0.0646086418553747,0.295177501440534,1.39486875599653,-0.0579602120297008,1.58456463837707,-1.55248922181286,-0.175358507913453,2.78891992452099
-0.421625583037657,0.796863263838267,0.871686004157468,-2.47499959667944,-0.875021611565175,1.92328883571206,1.04527806307305,-0.301099760512982,-0.301756738297031,-0.369519000299861,0.590497318552414
0.389789390440214,0.636290917199206,0.391437445789397,-1.27048594859075,0.683169144080801,-0.383789714879203,-1.63909133542665,0.197401991681162,-2.23470433433698,0.274087447056076,-0.948546543234191
-0.461138921486078,-0.632357614621145,1.38727514832142,0.292256149947212,0.240032818206988,-0.835330668061076,-1.18774700710129,-0.566940448971809,-0.774548545067683,0.115754683591971,-1.18467102078502
0.818543933518662,-0.340322138425674,0.237570081437187,-0.669716460014462,0.911446426530824,1.11067361507146,0.639454276464166,-1.36155537276447,-1.34705650563286,1.61945005716077,2.96694490550187
0.610458783938862,0.411431347894404,-0.615732088107886,-0.453609838731151,0.421213395719171,-1.03381357731017,-0.27792288602542,0.553077079011421,0.289881472811328,0.268963912061231,1.12909797337542
-0.701864042699543,-0.819854764676962,1.19940252172073,1.12221360880817,-0.952650039673825,2.45378920264676,0.47103107353454,-0.220276529463637,0.694506117242501,0.26216916775074,2.63805842018846
-0.618335518634605,-0.0676031610410948,1.56499534304813,-1.56355645659146,-1.4929850029339,-0.997507356867656,0.343509571148184,1.26780889511696,-0.0954230468452913,-0.23121584109436,1.03505434955012
0.506324666487583,0.789010179906951,2.45740218357781,-0.195424523352041,0.49929681386441,-0.711791629370883,0.312001823741413,0.0611245165963323,-0.195122832698945,0.120412457088196,6.15160744827657
-0.138946431209417,-0.366217552972001,0.834772937520377,1.2216385133312,-0.249156161117235,-0.199732381758868,0.175716813118958,0.892904776406557,-0.171562401838756,-0.348262920503886,4.09938532815238
-1.1351835195816,2.14048651477297,-0.440636560586473,-1.57054357194306,0.215304916799277,0.0948630033670985,1.46427986034534,1.24019819027874,-0.682329723473266,-1.11988895997835,0.915675926858403
-0.493422676518772,-0.768371342945643,-0.0705786659738366,0.533058636471581,1.66580805473885,-2.79592298810524,-0.0605045148757763,-0.930201931742104,0.319355044084965,-0.108742434816188,0.944371804396182
0.289073971873818,1.03872624387985,0.122855571649312,0.648739218385683,0.320848317706293,-0.672584350150867,0.227977243274556,0.141317315988509,-0.218143734023227,-2.31397913356279,2.2871659242989
-1.69939584142402,0.300600619185444,-1.38048927337426,-0.393813773845336,0.186573765850942,0.654485349285609,-1.22019004708208,-0.396022842134212,2.17577474357731,0.138873714387195,-0.639613446280655
0.417311417039374,-0.916482558905603,0.101826801013312,-0.691906588178826,0.721398671435534,-1.42186166624114,0.856846287196834,-0.766046196400523,-0.570176899465662,-0.640652649455564,-1.02647722066021
-0.121844748089257,0.796913023339657,-1.07800171430215,-0.867857942182431,1.56996084171595,-1.23248033234602,-0.274639888761974,-0.134663881627889,-1.226140961315,0.140684346786975,-2.83108641404156
-0.635089968241952,0.211047274392429,0.972449280973511,1.7486459835833,-0.646278011039237,0.424403942794083,0.278169817261485,-1.54649991435441,0.257210663734223,1.41577945047295,5.05024909144803
-1.42940155573978,-0.655854870164945,0.392360539404311,2.40761635270801,0.711707726525806,1.36122740671752,0.230362504564559,0.947830758524587,-0.592660653902502,1.88834008949694,6.69164329040767
0.640814614809553,-1.22113431297769,0.935671046874515,-0.0117940712461832,1.50942460245289,0.680101145260238,0.906884492542972,-1.14656680797274,1.4932061519256,-1.58446431524337,4.37126209270904
-0.766172037823997,1.1722921732813,1.18257236411242,-1.48699447441734,-2.40623956829181,0.902213250001085,-0.448008366926265,-1.88235204077569,-0.529914394701622,-1.34954204731587,-4.73214907634589
1.19108795741761,-0.246032728256609,-1.65928011427657,0.284979574758978,0.0676923578716401,-1.06087243351164,-0.154162173802718,1.19229043386723,0.0335565180175032,1.14173004163147,2.14784718571029
-0.395775383611095,-0.115051104579656,1.09707796173553,-1.00819243615807,1.23656687363797,1.10096256882059,-1.16628894163901,0.693415509851775,0.264387941924633,0.0113372964931125,2.3129866931399
0.153747996806335,-0.424723494445029,-1.14902987583584,-1.21202046797457,1.50117112139068,-0.33424165104113,0.186643496823571,-0.241626378872752,-1.13483417308906,0.796885599727011,1.48545377595113
0.877776221426146,1.36407721741212,1.09845595585122,-0.839077058084996,0.0227169678086039,1.49190648903828,-0.636469760797111,0.30801595956669,2.8100515509926,-0.566569045463917,7.15627522678326
-0.719150525590351,0.159233972205014,1.42811943930938,-2.35302740753769,-0.0724969320396287,-0.995066926041367,-1.22520624820267,1.04460892840286,-0.155786841714904,0.0353264027059525,-0.747769066306581
-0.232585787415148,0.760284874455402,-0.627276815072362,-1.13696995491162,1.41933860541466,1.27585441297581,0.582453102014134,0.753838958762122,-0.468148340649604,0.177850656813978,3.27542977688431
-0.254767007091016,-1.45531512200402,0.0868137586872677,-0.904845588923772,-0.677434035414013,-0.681970307305018,-0.34190292503995,0.25090697092812,-0.111661704633762,-0.489819331262431,-3.02122035293405
-1.47057583270074,1.19610943117376,2.34257226243912,0.0843124211154652,-1.88441746363546,-1.10581978538241,2.0011241155168,1.14982578727667,-0.572531349828908,2.34067771520117,4.76063397682154
0.887284412316487,-0.862785342384459,0.234058076472513,1.78972372738181,-1.06259327512521,1.09290581010175,-0.401231933261098,0.975525019647936,1.69385052168458,1.81691436837465,6.15932947259816
-0.0949522805247525,0.639947213567099,-0.584477352728497,0.401802349022378,-3.01268165347109,1.08141221669515,-1.31272601341825,-0.331263609258253,0.0167118273740771,-1.25033224497102,-2.98359911459433
0.840492845685079,0.0540741865297103,1.68489604544521,-1.28864063717491,-0.388834367571128,-1.05986561412613,-1.03834408514519,0.182271700942678,1.50520638356441,1.01829002090666,3.80452267644565
0.724091233544573,1.33229971262096,-0.351742177835033,0.383332546233056,-0.99218485338416,-0.466758268824127,0.359375703560285,0.385930251558139,-0.634887048313383,1.15016048726252,0.976333710968554
-0.117126615514901,0.452609450813327,-0.374635827396214,-1.42435860133054,-0.793723332392031,0.0632432170499154,-0.819191798405822,1.79309120219816,1.2611705420055,0.0890700831362068,1.0199759712385
0.0423922215020677,-0.925399703366235,0.663766913369658,-0.155603445989132,0.105881006605438,0.793553171705352,-0.441844968893095,0.345189518952969,-1.49107157943236,0.0670269775145544,-0.35232949029745
-1.79077811168125,0.238834119534818,-1.65554732838064,0.958633458183719,1.55890215947436,-0.603287600485425,0.395769455513259,0.615753207628847,1.65913549118754,-0.22824506537906,-1.45478606673494
2.01691306836875,3.21964596477123,-0.563751351562876,-0.0769627846647823,-0.197208762810757,0.931803711215582,-0.418451822266083,-2.08366427807029,0.342206681771274,0.433945889642655,5.05538823554136
1.45693873863624,0.137298566146041,-0.276885741325163,-2.78484539481977,1.6928425247085,2.30838718599161,-1.13560969234677,0.796332163435431,-0.71282838249809,-1.16781254886092,1.87886002295722
0.355977956714047,-1.51585945431526,-0.0118015634193374,1.437720515353,0.746535474031344,1.27127026553853,-1.77185247026707,0.895601105473676,0.0241554639363521,-0.769377335204595,1.39456035900488
2.06051079703463,1.8238854717687,-1.05883003853737,0.35494690410253,-1.08586364970956,-0.545248629781167,-0.0995719440368586,-0.526186379743447,-0.283979784461627,-0.328228531620967,0.721257621438341
0.975403576507754,0.29601178366767,-1.35330340404967,1.33084425256126,-0.216281965703462,-0.509210665103153,-0.0786329094453162,1.40517954314368,1.51629341783112,0.226314778150998,2.76026024166301
1.89179415705513,-0.84888002337926,0.418449759464504,-0.260886205423437,1.27466978427713,-1.38399819463085,0.393958163224254,1.39172873645214,-1.31341853885219,-1.19933264201454,-0.430978894706678
0.394470965980568,-0.0480313379823294,-1.11780626543003,-0.513130639655426,-0.0918202678422537,-0.716340363033376,-0.161672928413262,-0.324941854695432,1.30691893834689,0.0219763539938354,-0.169273466306291
-1.95394269011317,-0.542429692306715,0.934641115610023,1.71725893816358,0.344956752259443,-0.124391185632594,0.615856809983818,0.557340791802876,-0.295068598081606,-1.54804051939345,-1.45640856234275
-1.13227599594078,0.503814603575803,-0.244632998533371,-0.610781258381318,-1.40476632853353,-0.112398390573865,-0.744018913783989,-0.0406895388368371,0.579898625547024,-0.842116324772498,-3.84105216783603
0.666876302541924,-0.74597684631679,-0.32993862677939,-0.435660491132053,0.148104282183206,0.648475070514471,1.03213454475477,-0.508462780680954,0.836730018977025,0.14074290912161,2.93244671097833
-0.0916739559077561,0.123730811669692,-1.02898751512752,1.41545894698525,-0.0846255261136398,-1.24737667463182,1.30966725290088,-1.05937957335161,0.724371349879346,-0.104691653981543,-0.360986982798874
-0.579886043632655,-0.470590992286483,1.10692671082295,0.121418107112079,-0.474161494455693,0.244855532498909,-1.91500147108873,-0.0799320774905352,-0.269922700582623,-0.987754551321915,-0.992956846686514
1.26570203932925,1.37683846606583,1.0300923632365,1.22943309185732,0.14697490312914,0.50410515206883,-0.122502149323725,-1.23375971577788,-0.833306231756945,0.79910810426225,5.80628653548798
-0.0523643135074685,-0.522290337671314,0.625435103722932,1.65901159597583,-0.393492169708885,-0.228049165390557,-1.12908806797293,0.17200315978298,0.91019923210687,1.78881778201791,4.38070766808873
0.464601359340902,-0.939583302833606,1.60609775528122,1.39295806372279,0.289828325927509,0.585186576569956,1.06738177260756,0.606120571915121,-0.736557456605309,-1.47000701805771,3.00904157461264
1.56827619323966,-0.960648992838974,-0.857050177793151,-0.797222179887277,-0.315367039827888,-1.88837323783674,-0.0401336034979023,0.819842439034645,0.244635668191019,-0.285729001685336,-2.20069298699292
-0.149537452759975,-0.00225295719299184,0.51846479716769,-0.802484368807258,-0.108952737961282,1.95308338402623,0.74874756097754,1.12977064429904,-0.458877522574132,-1.3240543480248,2.53914830920835
1.01013732371864,-0.265582953420158,1.10510560157069,-0.336514216507512,-1.22119313968526,-1.52031984945624,-1.19216355175965,0.891965967180276,0.34423436358822,1.33828881760052,-0.552669425397202
0.82692716531596,0.290228426780533,0.496437786579954,1.78838067025993,-1.54638554765244,1.20376130834597,0.881599577607245,-0.0560812836353665,0.777486162781565,0.678088855001179,5.64999723540136
-1.04729367142192,-1.453829623945,-0.63777272250079,0.797949675163142,-0.170320685454133,0.0218218301976937,-1.68438051220753,-1.07040698107109,-0.459534186378704,1.42004055395087,-3.34028825294158
-1.31736866411579,-0.169285078529378,-0.410466078212052,0.512766771275584,-0.538357672142373,1.26188325768365,-0.207058036640173,0.605939713870748,1.85031046355541,-0.128907084134427,4.64788485268292
1.09454771606026,0.968240996898611,-1.6069402186631,-1.29200478851382,-0.447353202839852,-0.734666052830215,-0.633891223241455,-0.0310066156392243,0.27081370036275,1.12313092422355,0.24768255199188
-0.177563260637529,0.56246238143501,0.270313241553531,-2.28789250662501,0.99624373808999,-0.111695789053166,-0.982395667518779,0.450527740333189,0.525678254699931,-1.29315321185321,0.171611549870549
-0.293684428375539,0.556670256710631,0.0924415684311468,-0.949762378033559,-1.81181245345059,0.471824895895481,-0.225248501428832,-1.64309372959103,0.53889917184526,0.394246565342763,-5.10387471809979
-1.94933592748884,-2.04171316412585,1.27347300374338,0.602174556461833,0.293671049193377,1.567326250991,0.126869734117258,-0.0985763157551848,-0.520490988595359,0.163267669919264,0.628404307372075
-1.12858432609166,-1.2115506876894,-0.904902430317902,0.277493055868282,-0.775574642308077,-0.0457198636786414,-1.40453973674,0.141887807669394,0.747960966982057,0.326060457434551,-3.10031233184261
-0.421418131189868,-0.0895802195654575,2.59090848944566,-1.57026988494689,-0.192483896498417,0.628357181278621,0.345536798696512,0.223985486628088,0.685080650447195,0.973749361070045,4.72254821375067
1.64078407239769,-0.561329084163161,0.259035041617318,-0.606991869341625,-0.544522869290637,-0.898795746360106,1.29072146660011,-1.49945443184297,1.31807176746619,-0.0832597703063739,1.04790290705234
1.49733450537202,-0.351824129007664,-0.710244071639971,1.20094871168593,-0.959698113371193,0.173538137236071,1.79766930834268,0.333579644620157,0.508990971752542,-0.21044292946353,4.35506421253121
0.436885858232058,-0.39958526895092,0.393758531851265,-1.13282644241829,0.096435962392087,0.0587751611879224,-2.01928897772911,0.285446305456051,-0.833762899915949,-1.10287116029223,-1.9206623304901
-0.427495510481624,-1.2765839507226,0.769615774567601,-0.32205920243316,-0.984853363091672,1.96451618109494,0.37733166907942,0.929341348154333,-0.974381863122757,-2.19161810305974,-3.30616734040196
0.331742994192749,-1.21509991434039,-0.821491789956228,-0.47034479926025,-0.755171539032372,-0.734618712022695,1.59841109739644,1.45636867721824,1.12141758035222,-1.78126392642418,-1.54551529502936
1.75372928442632,-0.8313890981731,1.45213144273109,-1.19628081968346,-0.492439464005806,-0.737466338265409,-1.68799836407554,0.0659066436513037,-1.31869473217225,-1.30476108165094,-2.94508459669511
1.49106623673872,-0.136882145519669,-0.526252987897631,0.284232057009554,1.2799325387694,0.648477571347356,-0.497012373334495,0.131539874865679,0.195259503766246,1.570906431657,7.32326212363226
0.472622662120461,0.238538875544873,-1.02120991752525,-2.3570946270252,0.0926641303980968,-2.55393744302722,0.015393631882409,0.443113155151694,-1.35331843326808,-1.64556634860645,-4.62624019110364
-0.662090741821797,0.513683182433409,-0.159606689593004,0.953528329070834,-0.377800335843656,-0.652251631124133,0.235757885943826,-1.12199101325185,1.15408883094825,-0.576816652452388,-1.06372361407476
0.578537494818247,0.107121585098253,-0.340516385653566,-1.70019700629875,0.0535202574054213,-0.411998536812873,0.137355132092993,-1.8046897395673,-1.05202176644449,0.0852614481122422,-2.46283372923484
-0.981222462986125,1.26430005933112,1.92295624143729,0.316030954194502,1.43466428037349,0.82019862395253,-0.261443758554471,-2.02209407516101,-0.394697429599283,1.19690258588036,3.45857035929992
-0.0299264208403763,-1.47655347398247,0.638370127180747,-0.174084137872039,0.254966653965189,-0.195365932486837,-1.27120779141017,0.602903094537655,0.270076909396624,0.916231099077666,1.61529026232859
-0.942612037200816,-1.08495152587188,1.65921636559991,0.525330966920636,0.820225878029301,-0.785402070929732,0.78133529954202,-1.92037467024134,0.856912906417095,-0.893796492513456,1.05229178361907
-1.41160202685317,0.729744112563042,-0.590846733579957,-1.26502461642729,-0.981627417969713,0.012966719932187,0.606126773257561,0.0225661043294651,-0.254207764860822,-0.92338839264576,-4.81723653582533
0.999788550826602,-0.775866915443306,-0.709491945544964,0.0586554868299372,-0.149732656722359,1.39729084811236,0.244024469394557,-2.32901206838075,-1.57948059202536,-0.269659077624803,-1.76476489966485
0.0753695592029481,1.93438025498524,0.315273252602691,1.02635728322406,-0.341157867692572,2.02554521907566,0.493691630463695,-0.900342986973549,1.10680505882953,1.26241832175224,8.71331870128746
-0.324616231005497,-1.28884834325751,0.747574452554746,-0.0229808589022039,0.546089548787157,-1.41991934625473,-1.05061676355333,-0.494696645372468,-0.917917898831685,-0.916675940803006,-4.51144464540581
0.647191547222775,0.849061570223806,2.39934624262291,-0.681959374739271,-0.600257668034835,-1.74886978212849,0.766710064228084,1.0686023404327,0.257851164676219,0.0509698451216679,6.206500504335
0.25635726663531,-0.889084187261089,-1.369117184359,2.63679296230834,-0.0669887266719937,0.421121367104218,0.192984023297228,-0.604613931061816,1.05314565100085,0.440179099942206,0.916137280503874
-0.272534828953149,-2.07823647794579,1.00018040631749,0.641736412159595,-0.862805114165539,1.26770559074544,-0.366422571876428,0.72459856894296,0.615695998714072,0.930531103849501,2.922061575043
0.107541943365477,-1.2878552631964,-0.284988501113965,0.309151597089694,1.06868278226205,0.29965354954238,-1.40273076309397,-0.134463482225319,0.278898568661991,-1.67227478987655,-0.0592137469002552
-0.460650582809109,0.0592911728990496,-0.0185573665459705,1.67305938784392,1.06905961905112,0.611978466011614,-0.205886999262103,1.34115647637992,-0.680541404322611,-0.479546763040582,5.20895958126623
-0.244928096250055,-0.6559345068715,1.19787234049086,0.0958048943437853,0.118614307489595,0.922962158817584,0.531553732805481,-0.0580056001528443,-0.39692477334147,2.01862182455452,3.22875375094752
-0.615007209660225,-1.40757969310062,0.553396214108549,0.285280381145722,0.921153456997339,0.0973541482850591,0.999597835630096,-0.963387560340022,-1.39776821040282,0.448445218787639,-0.877421674058965
0.123217057793137,-0.0828939396687444,0.567786390768282,0.893997680507558,2.42460653371051,-0.295311867805192,0.108344337984715,-0.878744864196012,2.94124022458505,-1.19088539630921,5.22318737509292
-1.23807804151562,-1.98956051276383,-1.38609781545573,-0.0372622062382921,0.948046695952602,0.0740213062248603,-0.89324949965767,-0.100694939608047,-1.05036215599837,2.26477191716067,-2.29061766109598
-0.885753747225744,-0.542622946410029,-1.26326396835195,2.99116398222727,0.76457633901202,-1.04644857864752,0.85401234703145,-0.376863351261,0.265497184275488,2.61291705887955,3.13312811311927
0.511047280439451,2.00875091355197,0.456698709010382,1.73413119319317,-0.732585070615311,0.477856327569202,2.35333390220362,-0.403903168458757,0.0220040506067393,-0.409961598928404,5.8668830632403
0.98355577963262,-1.50416536945564,-1.02853557926235,-2.02023805247607,0.851258577467138,0.110450785508268,-0.479275634988059,0.425360636328875,-0.374488210039327,-0.517492402499237,-2.81704827327781
0.44821839875605,-0.765305081389107,0.145231088126535,-1.61595296382216,0.735873259144524,1.40130498508893,-0.315281005161776,0.539850222728969,0.182135557136387,-1.10955616105117,1.65368562461179
-0.0525141485011838,0.334152286937585,1.72155987036158,-0.109203501535265,-0.986750714087514,0.321863288769336,-0.121597792696702,-0.268375820106762,-0.347656917477749,-0.870114312199764,1.61626965556717
-1.13403388270104,0.209035775336537,0.475663244075539,-0.69260755118243,-0.915958670172107,0.874712265255324,-0.005931258085551,0.352849244301567,-0.982968275801987,-0.44211228253841,-1.65107985070752
-0.275129581764077,0.408920796178518,0.302158137962614,0.471586871626931,-0.491034665905134,0.409085977736594,1.66690058362982,-0.332046517510194,0.507624231481646,-0.563704563610881,3.10394751567051
-1.11631915132492,-0.4188054125899,0.443822849409562,-2.05365583018424,0.28330967188586,0.712938405191728,0.713014124160776,0.292601355925676,2.16072182449265,0.391148943643876,2.01277416857234
1.51347656195734,2.11201744596824,0.309849364722716,1.55541360552089,0.245358766560292,1.84189432866521,-1.57302685875901,0.0543014844294152,1.40175371851869,0.877781022635327,9.66361598552471
1.50030740809137,0.164987043013734,-1.32833329269409,0.0957729161175538,1.06913332290545,0.585654970467722,-1.51767849500819,0.0285155733718302,-1.5719953109083,2.36127236092926,3.38396142145795
0.025902533960789,2.04262707912885,-0.532012730315953,-0.686799733252158,-0.123766110550052,-0.32800571689077,-2.03395769140373,-0.457120395326568,-0.238105537444043,-1.05725949953869,-2.98578527072573
0.659535188083025,1.91437897017062,1.00665214882792,-1.63279205308197,-1.26477469139842,0.11075381143885,-0.786728705738175,-0.801493128696296,1.05225343582666,0.958090758277053,2.69787174604016
-0.68877839520391,0.687223454335109,-0.718710909340563,-1.05775474861495,0.314995244418467,0.0210493709671524,0.818519904608254,-0.0208526417371663,-0.592363458782189,-0.147489484328997,0.129231295153819
-0.205393549150111,-1.29904776334936,1.53524403929638,-0.693363011738169,0.277603617640977,-2.15765599506696,-1.88750878692262,0.972224691051088,-0.591577879907873,0.87212885800394,-3.49415377777045
-0.0674919027457516,-0.639789947424977,0.577681429207507,0.948272253977505,-0.675373900359232,-1.35679306212214,0.272007040635466,-0.821762403934961,1.13511559705748,0.246509120167114,0.966522058519125
-1.21997119457979,0.0583417459315434,-1.01862138402871,-1.11693066713475,-1.68786354511983,1.04984576464703,2.2541447509763,0.363859357804803,-0.796364246000731,1.9635210434321,2.38656710084719
-0.681471858647617,-0.5611130913278,1.43749168616113,-1.85964422527806,-0.228566767824629,1.73623520100987,-1.57398341692306,2.23857059928276,0.345436723012532,-0.574205799013214,0.0275491454935306
-0.805264589091737,-1.66983671118953,-3.00150874565138,-0.126259545324731,1.68945821997754,-1.09969742429059,-0.223456948347496,-0.479571296315076,0.237464623046052,-0.72747901578141,-7.06873038884689
-0.680389774174828,0.415183091265875,-0.268308931780869,0.235565294098585,0.293414070522854,-0.957654670048924,0.591333783905482,-0.84807934943475,0.374523515481235,0.953423261932072,0.576016340825531
0.671695411062563,-0.990255948469743,-1.0425394177619,1.59798615736964,0.452872270757224,-0.461033934206575,-1.06431641778205,1.0824683679276,0.875478225990807,-2.92098710056404,-0.594434065210998
-1.16598839896658,0.414119310725962,-1.97461098716626,1.22923876763434,-0.0949449339532127,1.68633370120852,0.0118886943086012,-1.51982073219507,1.17469378548705,-0.250629845791165,4.14756455335347
0.865062072233016,1.08742188387035,0.110493724809821,-0.123506854782047,-2.28228456873666,0.136216087944582,-1.10149056403009,0.0564739152861663,1.22212781862897,0.78295766325991,0.817364662898785
-1.0401115977016,-0.0750595671597969,0.553946897225223,0.297070920427321,-1.4746693008778,-2.05085596705118,1.11414706670354,0.743609733860962,-1.89629852996626,0.000558318413292981,-2.27276148656736
0.351725569710196,0.285552683832483,-1.11789587119118,1.29788199305688,0.202295679799805,-0.847761215058869,-0.0207898980750518,0.939643894825724,0.547696305855716,-0.424266248297084,1.23090739456641
-0.714832443286104,-0.675529579370976,-0.486289667040679,-1.83383489473255,0.445006997390767,0.696780247650505,0.0143160366373788,0.567746181169631,-0.595772453741461,0.594767142156909,-2.43932017932493
0.712313029575403,-0.609588798344104,1.10806744486849,-1.12681680889553,0.390631087361424,-1.43082421452644,0.980636608511966,-0.389410316735095,0.758007875188795,-0.344130385345726,1.06017395837674
1.53390250542164,-0.522594100041937,-0.357447794138531,-0.64449944369227,0.157098223756385,0.422411618482748,-1.06772077346029,-0.370541749937505,0.49574289224472,-0.413549546715921,0.216613676245314
1.60821882124115,0.93498003751468,0.00382764858606574,-2.53140512381718,0.306902430615537,-1.25234505894039,-1.09095643756707,-0.420900629001991,-0.729513241366541,-0.740464977208079,-3.27578468513001
0.340707722118826,1.58245625841549,-0.950159349300993,1.60181271691851,-1.3069221726464,-1.29954034301316,0.828174870186618,-1.17318279905538,0.104799508807098,0.585170193881642,0.792516446720144
-0.505703999317969,0.315064528237967,0.488238187128409,-0.900107553344296,-0.0755697307231405,-0.210503719343717,0.194238811341759,1.07192917499364,-0.378998470183806,0.612182957252985,2.44580852073281
0.0127901944290508,1.23367423397654,-0.563569888612785,0.923518685333779,-0.531156793004243,0.121244051238878,-1.37257571677258,0.826549741656664,-0.269511198641961,-0.221827568523805,0.765173665916816
-0.281970215664235,0.168357914354038,-0.890528692989473,0.785574301340976,0.813472264872435,0.616044905049461,0.149309346768207,-0.306044739567793,0.0266508648701872,-0.763008590891794,2.63865696364353
-0.379017572437632,-1.5854712711957,0.783497737677547,1.04958484203011,0.698925292631482,-0.696877542551929,-0.882704506704857,-0.0332618051372567,1.90668086507931,-0.85878160509874,3.37832329185946
1.30025537460405,-0.569837818038413,-0.373959283818209,-1.39164713294028,-0.0221935120899968,0.893898433443511,-0.266810950259592,1.83287115928094,-1.58383696112105,0.279809452533315,1.9815154374504
0.572831151184592,-1.59715215228804,-0.865828832850262,0.346228340587386,0.6339349071149,1.1512405432504,0.778612762335503,-0.149092958553435,-1.44933121140232,0.39176386200194,3.46245217819128
-0.966806729557426,0.665772956974992,0.621862371269734,-0.810359968685102,-1.18116542082039,-0.0102754995823512,-1.98129681228885,0.404553772592611,1.37690414890878,-0.517409942063282,-1.13786375016265
-1.51407004414901,-0.276008594017594,0.97788853729463,0.28724482543818,1.7807612280429,0.203345694312336,-0.837407309831093,1.70729295092286,-0.0802652881866921,0.177417724757979,1.91069406218519
-1.50391411819158,-0.713424429675635,0.871382063725889,0.64278277598899,0.311937085116696,-0.507869718628992,0.436571331876669,1.92222596906275,-0.0401998462831969,2.20524545232327,4.71627164198236
-0.702386552756441,0.965490581376307,2.69601554500906,-1.79969750293928,0.564083312735806,0.25375073716491,-0.219673694715002,1.10223171688518,-0.404486691200092,1.12881249717579,2.78562505045427
-0.592302265394574,-0.282788134760024,0.778580194050284,-0.647311735299368,-0.601343600772419,1.03929964776295,0.287092388522324,0.306707051640162,-1.22496336353825,1.39115184805558,1.48159625890998
-0.978429747903534,0.393299317266609,0.778663042421229,0.122734886640154,1.01841941089566,0.286098523136052,1.66366673425914,1.41708618569905,-1.55331656693166,0.772801213195307,5.47477447508116
-0.624326362864033,1.38960007929429,-0.344101748733292,0.157116085537324,-0.660228272223704,0.416752930903807,-1.28201510180662,-0.981575563359799,-2.97706389466944,0.0626667110231863,-4.72524681080599
1.26509508074993,0.574892799821173,-0.233915763896952,0.894259949620156,-0.222683620910997,0.431451497046709,1.63519200844233,-0.305304695754274,0.144078095558971,-1.4880299131262,1.08224623153661
1.69040265345865,-0.138767453093666,-0.0475299756021537,1.16575405854434,0.0120681402444149,0.255415325443855,0.435351439323229,-2.60475953409091,-0.25461635768648,1.05655811301373,1.61566149328811
-1.42893120335258,-0.621425950979738,0.223489144942793,-0.859799395039156,-0.876440251871139,-0.188336625439075,0.281063090011182,0.718320357610537,0.295180966708042,0.0930064962818322,-1.75845086969117
0.32696270059061,1.31061707718434,1.59430785142034,-1.20777665691685,1.07315716048949,0.830227747109558,-0.299123961586277,-1.51596808741409,-0.435753539432649,0.100985567259228,2.081604365605
1.30109779257249,-0.439717858197855,2.25030700302666,0.485820583060721,1.02035481170394,0.748424104580302,1.75261182380895,1.49513688611945,0.415761254812223,-0.734127966509897,7.00152073250206
0.867744973770338,-0.287759506504852,-0.571231699983697,-1.16477370372088,0.462438719650403,0.0624801026870196,0.727158431643444,2.14979752046836,1.11563943128696,0.556233463036805,5.84272642345648
-0.520315521943618,0.382832693299479,0.390658481222054,-0.0696753629061262,0.756129746322873,-0.820109501881369,1.32940835507672,0.00635944028699042,1.031104805891,-1.73094151740353,2.13191791325005
-0.188115365500081,-1.82427827360068,1.07696641160451,-1.17152869192305,-1.1792760747357,0.112405021658753,0.737088513012439,1.35662918715701,2.02833366288116,-1.87987204652416,1.42448212792313
-0.672048267896532,-2.8432404687231,-1.13045224799033,-0.653174602347129,0.173634918761166,0.817402850843844,1.26647589087627,-0.409450318643845,-0.136140699371382,-1.10735842470856,-3.01173050012473
1.76815726287962,0.0469774552568475,-1.21526199265877,-1.3408564272326,1.4976891548299,0.38859707407369,-0.314785565049988,-1.53493314330054,1.07724419123948,-0.109511801423875,1.59226032281721
0.989403294781483,3.15614045309863,0.0661748308871638,0.922122599113286,-0.665979424343833,-0.847458080458243,-0.975555598213547,-0.834121162508035,0.918567077724882,0.0144383854845741,1.69711223958956
-0.621862378319312,-0.761302213366383,2.1353216336179,1.00265812793508,0.235221986953311,0.579368293446853,-1.74675747459049,-0.205253015399582,-1.50403681558968,2.24167197129973,1.01423180983023
-0.269663357697006,-0.308860467857219,0.697241327258553,0.538236377789874,1.15584033806796,0.356179601705905,1.45174445321748,-0.504758496054078,-1.86487627832857,-0.530259139693353,2.40713685646923
-0.655113415288467,2.09725380843949,-0.564354547590859,1.07121496601836,0.359235698377557,-0.14797769903965,1.80001508915386,1.75125816729542,-0.461037437765236,1.05644218793464,9.65990194515326
0.151393907960656,-0.783085244595264,0.441113702668665,-0.891761208533012,2.01837618441608,-0.507745789950163,0.571005921479192,0.220358325440405,2.03930568695689,-0.458858213321292,5.21597676640865
0.394073124071612,-1.01084288647501,-1.41779537042122,1.51488361500534,-1.39957887280141,-0.074795491969166,2.47040491786072,-1.85662491126035,-0.488808515910153,0.497608042711191,-0.847906195578709
-0.182414976162972,-0.715401740548361,1.46196967155376,-1.78135906580636,0.412377872811492,-0.870313211202387,-0.136538858798884,0.0312096267183981,1.22302472674668,-2.23026658409782,-0.920308533228073
1.40907385114564,-0.247100182248996,0.986829510183713,0.497491213806663,0.849455136351557,-0.452314862188665,-0.449018309443924,0.23446737787096,-0.186368838910856,0.650104620500297,2.71026163787587
-0.24046128468284,1.12642770795839,-0.631912208347989,-0.640514144392256,-0.497676501088665,0.0406289105481467,0.0576410112922382,0.237971681512633,1.0044663853165,-0.516575241874888,0.635224093116073
0.984989622793393,0.467994724477994,3.02767015477664,-0.447639380509567,-1.27967213117064,-1.58871624463842,1.18885765724643,-1.46285097320349,-0.133134855222827,-1.61502291580751,0.194334777309807
0.203485188577754,-0.891275343594723,-0.879018525925793,-0.448573535621349,-1.36296270880409,0.601967336556532,0.00703870295028175,-0.173847609232554,1.70977288301317,0.944238571817795,0.520154526071551
-1.68015055467283,-2.08881993455829,-0.767580818616813,-0.155647532086087,-1.04189524567727,0.0468208973197065,-1.55508903149216,0.294335144787433,1.53980161297235,-0.00664184483473825,-4.50756875223956
-1.40354240295785,-0.207096433470217,0.342256904617345,-1.78788106785943,0.486591301211491,0.493030471968664,-0.356457516672092,-0.12221956730299,-0.372248540047464,-0.0087892297251995,-1.48316024122531
-0.190236921340712,0.417989938148754,-0.835659568354547,-1.14472178828416,-2.06766698547419,-0.735476192768499,-1.33843739812273,-0.237231180881812,-1.25941215241852,0.176132807864178,-6.91241328710738
-0.993518852591316,1.79724629381985,1.33264168318197,-0.905211237822401,-0.0611421301934489,1.08644898980716,-0.0163552084580975,0.330754016932969,-0.689219488034214,-0.0402086076663417,5.41266268326081
1.89880996835815,-1.18103645501798,1.06880262124246,1.80847273518315,0.484012757931841,-1.14565909916094,1.2117919361107,-0.136377321534124,-0.264965599978968,1.04358185965709,5.63954199155307
1.0093100023917,1.18283496045527,0.0852320524064902,1.1112961660336,-0.514030849299142,1.02886535978555,0.787727104332469,-0.0528497458402454,-0.343694996423324,0.829379365567144,4.5858003039772
0.356423965517044,-0.503206594033589,0.307346180040737,0.331369919327584,-0.990035434862591,0.504377371755393,-0.495908198814871,-0.635367493545898,1.47579054139312,-1.16628537313425,-1.31227553504848
-0.713431422758217,-0.405001986739547,1.65148648915922,0.775588445401613,-1.27254665942199,0.0645793686539512,0.377852256255724,-1.29735866188658,1.20649795378764,-1.43354044160205,1.21349068421597
-0.862386197029498,0.122576291009129,-0.437701848021481,-0.379434955110023,-0.69963768587987,-0.783122422268703,1.17190894579365,-1.43826991192259,0.366508038116967,0.724698181994291,-0.860266041247044
1.02501306549182,0.344246983210034,-0.458979552167781,-0.370320120533631,0.516323160453257,-1.15175378414426,-0.256788837245368,0.285301781753835,0.642798613171696,-1.25125179165956,1.82857680417609
-1.45703719380112,1.53738174185403,-2.33262858435325,1.65745530424656,0.473254916303147,0.156062792265137,2.38219912799946,-0.792739950613424,-0.0819232413341917,-0.283269791071976,1.32840317862236
1.26596830916511,-1.45199233877152,-0.598604951051339,-0.745491376383575,0.364429640765351,0.880513497519753,-0.703073263697854,1.00523734043172,-0.196788718387826,0.183441284795643,1.0836169840886
-1.85054956438859,-1.08925215841115,-0.897347003801412,0.419015317918708,-0.0440650254399138,0.977250852063298,-0.816254282743558,-0.0823726425607486,-0.121700136287565,0.279014580604001,-0.908741550574465
-0.122085227452102,1.16721803958982,2.06796693285127,-1.26338341621513,2.02459825960304,0.446091159130196,0.149887087460077,-1.02242332445665,0.596993442906581,0.537549257133832,4.92975756012024
1.93008248176616,-0.0226126958908521,0.524873157159993,0.16008013752001,-1.2321306360395,1.13056964805206,0.487347193492767,-0.901395621841208,-0.376887844975522,-1.07435800510954,0.288269868318024
0.66680466810281,0.384903292915586,0.103774621828371,0.800637068432391,-1.0178451907456,-1.73836030894797,-0.239864268942853,-0.100498395431206,-1.60746672306296,-0.635609935868085,-1.49786735686762
-1.46446972955588,-0.187259493422565,-0.126752181884844,1.92320412532689,1.12783951173265,-0.0892008931426047,-0.766827776647957,-1.3903761639091,1.09728577739816,2.0779855062456,2.45063061444414
1.63723920951524,-1.21143465708314,2.25460701192067,-0.80121123941878,0.242830463458872,-1.77213885682419,0.918604413320943,-0.883273353040309,0.329674411229012,-0.0207288115002428,0.188187098067517
-1.04831002316932,-0.0214220791594793,-0.568241111389158,-0.777261561902154,-0.884174081040788,2.05440274413148,1.47465238506147,1.35256575930295,0.0890119073506781,-0.549440868227189,2.46030660186847
0.959026684824675,-0.336063766693323,-2.11111105059087,1.78760362677455,-0.141214773171913,-2.80779530724966,0.739555236529987,0.490851045638528,-1.12544906490166,1.21015902157766,-0.896730379305831
0.289928321761911,1.90924848472248,-0.0141790017690539,-0.30564960999739,0.128273768616826,1.8747756598323,-0.163422973658681,-1.45289750753588,0.258062823537268,-0.955032170346101,3.14246318550673
-1.07714078626852,-1.91334969997309,1.40690385258493,0.577802645892996,-0.80292527366691,-0.711883339782325,0.850758953508959,0.496317519398503,-2.01020757216842,-0.611060142766742,-1.40468400640082
0.12837165115898,0.600611408915472,-0.749076360848428,0.400942466358692,1.24594847006322,0.668013135392202,0.962401936493944,1.28830076072888,-0.525088046538927,0.545027146159405,7.1861258003653
0.120211009535519,0.0212958234818705,-0.491788611546311,-0.116760139290506,-0.578246330549452,-1.09045027747548,-1.05513121610045,0.997449443555195,0.0372012551942015,0.878106086318586,1.15618672964289
-0.297267925667203,0.605648895166811,0.799918461879925,-0.78738081832658,-0.565331595499144,-0.446318710716093,-0.512076300507663,-1.25815224257529,-0.223626006903346,-0.775217756909055,-2.81556517689917
-1.55589425473401,1.11841608078239,1.60534326775574,1.67855771485288,-0.687648340472898,-0.459609815675734,-0.803024658061528,-0.983831995599394,-0.488257024732212,1.31668372951105,0.545111047258854
-0.00954447198557345,0.874129891515115,-0.962032876179891,2.12239334887234,0.775247533001083,-0.379541705161937,-0.900861024947963,0.702378206024548,-0.0435327366968428,0.0292841205440514,3.40371834166009
0.546872344026819,-0.871773989863156,-1.37481701843181,2.00306890007632,0.29779613565098,-0.881914440529336,-0.854636530347997,-0.97501408618228,-0.563351252745976,-0.898946342556622,-1.40007363854852
0.294670850268704,-0.773781822582344,-0.593284441036793,-0.980185296151462,0.244184028655355,-0.927406022898709,1.39981129725445,-0.11442705067632,-1.05669310815302,-1.30563538138294,-2.01364154576594
-0.732213169823364,0.98015534522761,1.09618769209039,1.89120243092022,-0.506879597675818,0.00273786209820348,-0.234669753184454,1.36610129038243,0.0838742625465608,-1.86002254212214,2.64743078449686
-0.696506545654652,0.349012141359418,0.642006187509835,-0.43552118686202,-0.918250833880415,-0.842202426372542,-1.18438515735721,-0.605703095943207,0.146607380634056,-0.823511451571762,-3.77062427900503
0.99599340684235,-0.734495294785614,-2.78852880396678,-0.0129715517678457,-0.0216530865815197,-0.622281532174651,-0.192399998278268,-0.179460858032232,0.413844128504812,1.6973216233015,0.188402914303301
-2.38892549200573,-0.258479739038258,-0.77013386413883,-0.671519712775826,-0.709442510805735,0.72407441927053,-0.201055429231555,2.21485807996467,0.274247774314215,-0.846452719221388,-1.07593007231775
1.49579141464239,0.480465578752103,-0.32157051579375,0.480434859036962,-1.24565973676614,-1.03696785039929,-0.187650677499926,0.774916427251241,0.964141917940621,1.13258343681509,2.28520173580532
-1.38271632219627,-0.83740145814567,-0.0540806311003517,0.441141718736261,-0.212107072697466,0.133340350963059,1.51904317088777,-0.385626785287255,0.593412507002469,0.339220837976905,1.67455914850568
1.69001171723807,1.04670488949569,-0.490146011771977,-1.78216301300935,-1.92839599012909,-1.38265309381632,0.0970285833995634,-0.0874482941985477,1.22480453010636,-0.968554208234908,-1.34403274993878
0.218593800889957,0.770340862015118,0.172452623671413,-0.769625848809307,0.260780150050494,0.125231621801303,1.98577113640094,-0.171972175879582,-1.3325261594048,0.196108761366226,-0.869833827208665
0.610028366478394,0.670921690209763,0.765798734254685,-0.027853644597284,0.122842143607671,0.439078989422897,-0.0236583890917153,-0.444249517918424,-2.34467637905412,-0.991176373623657,-0.591630287530599
0.855108221811578,0.437816168638658,0.0949249988504486,1.02909542511728,1.16943300299861,0.972305265174074,-0.940475690967116,-1.61656578928407,-0.405829295182706,-0.478447862497548,1.60667916905314
0.96530229539883,0.581236284544622,-0.436311660704626,-0.219052347032418,0.97782667083022,0.0929009671958035,-0.830990547228648,0.114199038735479,-0.553038527342509,-0.7567654359897,1.32336799031172
-0.444203793966633,-2.0575641111882,0.586522129651291,0.464041935971652,1.28257347727161,0.92953242213707,0.955924690493165,0.209085275878119,-0.836895689361679,0.9449222572881,4.67607443000083
-1.11800386404034,0.830645236113307,1.90053379040157,-0.560905995284516,-1.11861008800359,-0.525743224840663,0.711886611217081,-1.41505083790108,-0.401699300109369,-1.52187706976703,-2.14542269929717
-0.807174857593406,-1.95306433254915,0.876265868396129,0.562642544371222,-0.70727488985637,-0.866537369550397,-0.140311475429293,1.33129421197494,0.174637242461168,0.627090420483712,-2.7949968038924
-0.356758345199096,-1.67568517228829,0.140616937571203,0.961773914956035,0.908796597274523,0.157321416172403,-0.510935703190533,0.808765623278126,1.49294298859737,-1.1328133229584,0.63196871353591
-0.507335155046721,1.21262073286438,0.321560426827303,2.52301218291623,0.107937243075582,0.867477742769031,0.435161457246865,-0.0490068220448566,-0.477691019013636,-1.66564531378795,2.78715177373286
1.0135407984677,-0.789355782322026,-0.167269085751126,-0.559964326713775,-0.000659949442820109,0.818882870220043,-2.90124075722344,0.582776473159772,0.352601095217847,-0.574493229214183,-0.728636988439009
1.53252183737913,0.542696658463809,0.23457504520207,1.03029383417677,1.40959466674743,-0.0953513933086572,-0.224827468799863,-0.610907056448512,1.69579991687068,-0.751181089088539,5.55856277284851
-0.20181179506422,0.181250639435803,-0.435958117508164,-1.39807298327549,0.0988727157811533,-1.46445917368043,0.144082342008959,1.56254103045666,1.08344970347953,1.61122549237035,-1.75864547002961
1.06065706517959,0.187815206063817,1.16588507965995,0.492315837827025,0.460118363368817,-0.935837072269497,0.00326122113460283,-0.706876442900073,-0.549006036475242,0.136390451537233,0.958379196556299
-0.247014758308893,-0.471498470425204,-0.311451921451605,0.757636351335814,2.06598521770861,-1.99338759962768,-0.756569595571946,0.0971901065367597,-0.703662410992495,1.59029784605803,1.38961102914806
-1.39660906566329,-0.400732743566671,-0.0962919567518065,-0.472537292397828,0.0609522564028738,-1.816968979197,-0.602431897206091,0.0989838715235319,-0.650617203349642,0.00318375643571669,-4.75792829914207
0.0818793618553779,0.412778605480741,-2.23314257586764,-0.490787992017252,0.449064431789779,-1.38920407621079,0.122032994398398,0.154951329605862,-0.300737098295759,0.219677762662583,-1.86913659870426
-0.449640075279009,0.889352014402731,-1.01168538315671,-2.22101096557266,-0.402320261696146,-0.801068065277119,1.23234458193706,-2.04932402575241,-0.562950206794446,-1.38734864925423,-4.01544596007909
-1.31404052335462,-1.38522396533464,-0.457764910517197,-2.7742359275657,0.60647791215258,0.638445251829061,-0.554233254990501,-0.481972277564031,-1.13447547483079,1.20818891451632,-4.12677386248234
0.405290437683923,0.122982563582309,0.0177821997260187,0.0236065198698891,0.935384597128489,-0.577786076355582,1.28195134968408,-0.700253868999556,-0.931235419357089,1.39553349759118,3.36901281396527
0.273556782690281,1.37110558589577,-2.27236487679331,0.996180282858311,-0.671771663925187,1.65266058479466,-1.24631605930566,-0.562044120733595,-0.651223392871185,-0.359994051809689,2.66068234574419
-0.50823126593252,-0.457971199640267,1.30028984895888,-0.68053542238256,0.29719009275926,1.24716334864779,-0.121448109944115,-1.21676160245541,-1.2659976335216,0.42390613220149,-0.296580639449173
-0.504984778632591,-0.555245224909244,-0.63380424429808,-0.898214617051772,-0.438387123154285,0.183118774747059,0.973460174977538,-0.882715039114273,0.82930882634324,-1.11437408988678,-4.32204664675091
1.09685916927611,0.794976234672408,-0.630788411333459,-0.324101190005849,1.34097186188175,0.0440766322288007,0.0488678816496228,0.428432383182252,-1.80465635022865,-0.219643559110832,5.76184291288304
-0.79645670147698,0.0190788714253389,1.65312111637612,0.341346510514497,-2.10941570271301,0.806369809380234,0.693566640891603,-1.00740141331452,-1.18717912878088,0.834249895966648,0.447376148736165
-0.869211194862941,-1.34614469852042,-0.459993561540174,0.373253711874417,0.0467910855573783,0.391943857279867,-0.392801472054072,0.307486409940711,0.659039381173472,0.518633849126313,-1.40569958682424
0.397911839762504,0.215911026299156,1.05133664147241,1.21402239030991,-0.14418886563303,-0.0179413852298064,-0.015451574193174,-1.65973113621681,0.929714010026049,0.544412457027704,2.66839301304849
1.59392958255912,-1.88845799801945,1.45406419577447,0.524476542109184,0.620376191708254,-0.236391606345717,0.536169314457822,0.181090373439156,-0.643218229626129,0.537082103152634,2.60678242155374
-0.82841347564942,-0.710749388741335,-0.256773458744884,0.175767972344902,-0.0589974191345822,-3.14237633533527,-0.802813181870655,-0.774830618075258,-1.40980601943489,-1.83413697392735,-8.52720925252331
0.635500782436972,0.637143798248748,-1.21492889968496,-1.11614566376455,-0.630184250911959,0.924094897485423,0.280342052482705,0.131743234709101,-0.652075573487683,0.0554638745398629,0.0868337319614056
-1.16309824416482,0.492162752706228,-0.044122852644284,-0.833269968516026,1.01490833552511,-0.95158155384535,0.780227066250148,-0.58385626736233,0.492294177243546,1.67489363778149,2.44629861064248
-1.45523076248353,-0.32910147166557,0.0949321260425091,0.633076529922972,-0.827651742401358,0.501226004824322,-2.27199448093048,-0.25899995061246,0.192797411906914,-0.201786772894041,-5.17582232413756
-2.07389597894392,0.845876571321956,1.0438671452177,0.797888766335673,-1.78512483901468,-0.200053342082777,0.175646272104671,-1.04861481741869,-0.663703578237717,-1.16749803773812,-3.60598562700699
0.0138400352435954,1.41450207612245,-1.31166486004384,-0.842011316862192,-0.0593935378502915,0.701161637529096,-0.507164748212587,0.798245727766222,0.6183207353254,0.425243315756893,2.47764354968682
-0.549195497770712,0.77882823739374,1.30652996372277,0.641600362766035,-0.982786729777187,1.29599749854857,-0.903331425344138,-0.774093997894829,0.150671146699208,1.31583663468574,3.76964195876235
-1.03369784764927,-0.0960589288777049,-2.55559847677064,-0.945114595368899,0.102789256669306,0.250748363386822,1.36229795855698,0.238114546066441,-0.555247450998695,-0.239962240271247,-2.76494710660492
0.915880151612023,0.848958415331699,1.10330920053797,-1.82182963303178,-0.447733719212365,-0.00271498258563157,1.87981424829882,0.357493267003839,-0.48074215268686,-0.763967956568956,3.3833966670852
-0.954158289268546,0.900426593733498,-0.734509393378336,-0.93083477864886,1.42306919184078,-0.377964318778473,0.735880470909854,-0.524932777046442,-0.141474095480539,1.22186513954642,1.63598144686465
-0.749236121129939,1.51790017921515,0.08868011793132,-0.0252759201336387,-1.58439439421447,0.40502695665884,-0.292627168347763,-1.49936660228507,0.495722420758269,-0.629694285535505,-3.27837021100702
0.817764590783528,-1.02311744037007,0.657755948940047,-0.219069217294009,1.06359875644896,-0.157339467568495,-0.258752663773382,-0.780693310210823,-1.92896986214528,0.620266148575151,-0.483178959785225
0.203933588339248,-0.693702690947327,2.26389574412601,-0.789702518202263,-0.308793237603758,-1.44387731506554,0.0904311336037186,0.550653615407487,1.042923346208,-0.0721776347047973,1.90272137924647
-0.9785431666378,0.0620209301481407,0.755746741790177,-0.461229802289623,0.539146964380506,-0.881695415238668,0.685262933277879,-0.683125042625763,1.43920492408849,0.594858417002101,2.75198248337618
-0.141749445836524,0.641838295571053,-0.753141561842903,1.84138775820387,0.310474150471059,-2.77568368320711,0.839846224185452,0.0680437242717031,2.266142691295,-1.62487344661093,2.09276220550441
1.04408436277188,-1.22452283978772,-1.26779051937433,-0.0931371531323443,-0.60561605358681,-0.0264159583667204,-0.0322786484315842,1.19212709598292,0.936021243679228,-0.696445509275737,1.71277721775642
-0.300927280449682,0.0671942880708995,-1.55096524890912,-1.62130261335347,-0.480564910205158,0.964390981414329,1.2154325546492,0.10680877974405,0.56064879141083,0.94059988558034,-0.322878555653223
0.535763184954661,-0.0346252659223435,0.553375564060683,1.19926073002672,1.37663779188381,-0.0177788358205457,-0.831157041316674,-0.500813508854236,1.97621646121948,0.645160401310673,7.05033105902916
-1.55403987929819,-0.722005902549722,0.93366132610577,-0.138079240721025,0.613849343693534,0.339454905145864,-1.00154001718186,-0.630078228568096,1.32456185141772,-0.0222564471381105,3.71119323388179
0.988561646777058,-0.285078579277999,-0.938905823405464,0.536939593022245,-0.103968114888421,-0.706967009782069,1.07314804475503,-0.185437659708242,0.926427459681092,-0.591209106718834,0.681980051629942
-2.85126025410459,-0.920729992645923,1.0267426631067,-0.368629521527744,-1.44911330154767,-1.29144631099719,0.474010758995033,0.960958720487589,-0.81168570286259,1.45142349654809,-0.76962147503806
-1.66179034727091,-1.45207152394067,0.130505345069473,-2.45080981304846,-0.818230567582938,0.23207773607502,0.0380478750827255,-1.6990387454968,0.0486979197335191,-0.860050165580465,-5.6726039494725
0.394666933458761,0.719141886329452,0.344096931671902,0.28056838184144,-0.609100325403568,-0.334817453965,0.63636517717526,-0.38506302803503,0.435782877167115,1.08698316529995,4.07832765359972
0.374064136785,1.48435529611168,-1.7200278227353,-0.684781278393709,-0.12555755272643,0.248204130721933,-0.00126732732588074,-0.725943225252941,0.189307578840399,0.269924697475288,0.13480925528888
0.34134188710573,0.00354779779038014,0.042659985691745,0.0354727694827444,0.476750417821443,-0.176097149906988,0.557440091591259,0.352201630228033,1.20265324080781,-0.882103268259062,0.392943563383063
-0.50394518441264,-0.286869653043147,-0.530498834161142,-0.807520849476341,3.00980274841527,-1.56409322657019,0.265994644093474,-1.46941087872627,0.319948982499168,1.57184780043966,1.82358463408986
-1.11987599276036,0.709155550777281,0.0463872654994245,-1.02628120228312,1.06361396619449,-0.4188133211546,-0.0152047505933172,0.596027803731374,1.01837505871732,-0.00167252698678077,1.41936685905882
1.5875189828912,-0.960059449574881,-0.874590103241875,0.251136408118224,-0.0411966312692109,-0.690300325580947,-2.44847207544834,-0.296347813988507,0.0492878550730313,0.923022404467125,-1.87103188760424
-1.91611108104404,0.803673371695514,-0.278867216393829,1.92502607262848,0.21947332432777,0.240573959043152,0.931793357127576,0.0590745053193711,0.238535042663184,-0.475492768944792,1.83766843609832
-0.466686468768875,1.65841648890653,0.666180670414954,-0.9668868390619,0.48451045547216,-1.64640196087505,0.584368525488892,-0.922942222791655,0.0761258477766655,-0.871215806385439,1.43248598890999
-1.45809280960491,1.58076850445902,0.473691412707641,0.390370455524276,-0.695888340135846,1.56697624756134,-0.380018524066763,-0.187660672680797,0.636034581141992,-1.12532314940537,2.68047340354056
0.0344534388717966,-1.67075891224652,0.907109542825402,-0.0524302631591041,-2.68226442554841,-0.396010108543409,-0.612412476042533,0.567623090800894,1.23817258303425,2.11800299143692,-1.00766039532259
-0.922442672695397,-0.325390238404138,0.089301374069215,0.607361523255446,-0.43023586488516,1.97956799212116,0.411087856328441,1.78025223735605,-0.825776055023836,-0.679276451499085,1.34683577731878
0.0756086486159968,2.7960064995789,0.609839372415613,0.238172095122441,-1.03678302576625,0.851515849584842,-0.621184273970942,-0.133106826766858,0.41436272976152,0.285183563600207,3.06626534087362
-0.183101430216466,0.161002366426238,0.778197405006801,0.4272524673949,1.73925405713236,0.188502931685596,0.437226200101766,1.31302992747967,0.631911613159522,0.423469599662897,7.32932429467677
-1.56212621721149,0.0855238122366707,0.461657776408601,-1.17464143069154,-0.193658332564113,-1.04949061910642,1.52457691263625,1.48316354991352,-0.23410150714764,0.736579424201575,2.35068989352768
0.497957913475793,0.575322586664297,0.648152921498585,0.932477999940627,1.68768224821551,1.1662604268714,0.735420959043706,-0.491034377946979,0.697396444408847,-0.231133234607759,8.42629511772745
0.670427689317534,-0.465058560750925,1.34138810724148,0.496680394281008,1.4612511613404,0.223916226960554,2.61631199694785,-0.996732129213001,-0.192921902779947,-0.678340236695618,4.3692225386258
0.809101786000135,-0.288173855507147,0.617655126319238,-0.0296916069879533,1.41596790447349,1.26190304561893,0.226819906686252,0.945909762955138,-0.226847978761112,-0.148008407061996,5.68345345166094
0.13641222362128,-1.55643224880369,0.549970578901396,0.570871562753089,-0.592473519211842,-0.139249813709912,-1.72955811892093,0.484398013962707,-1.43722952645949,0.145756191854719,-3.17989402959385
0.539438789211034,0.807408043334644,0.766427137718437,-1.22014081170165,-0.257599219082831,-1.28343962449273,0.440461586670329,1.23898456048272,-0.377409149249035,0.408712569615872,2.09234599483047
-0.23585991188673,-0.856563917872229,-2.42940896383998,-0.102870291249697,0.189946907899157,-1.32400738033637,-0.661212117427974,-0.563263947606298,1.2779829730254,-0.547586121437767,-3.53895817846797
0.120847210991347,-0.639505422437218,-0.181384993629194,-2.16164691377057,-0.866406371927743,-1.28980591762874,0.327137616919914,0.90556782121551,-0.745390349160469,-0.890437256775537,-6.12106460485701
0.462364593573281,0.609110977199687,0.179689579157169,-0.160753553525358,-2.25609634835844,-0.802583259341797,-0.716151417903799,-1.04666590043863,-0.0255085030900679,0.951139579328894,0.295546087105689
0.960731846660115,0.309519717418465,0.122869491293321,-0.509655613318272,0.0818267636716427,-1.84960052675578,1.57583020263955,1.24710322013076,1.48089383131449,0.777027378247014,4.30868281392564
-1.88094932697854,-0.0366958146128389,-0.279125044369162,-0.494028422007784,-0.620450453406122,-1.75997933289465,0.671423851119094,-0.663379775850817,1.90771834652879,0.500530959183708,0.389853452695778
-1.92277271332021,-1.10130127173538,-0.248929655606453,0.0338423095756018,-1.55705055456189,-0.395331822887701,0.225892463767617,0.0548710939218377,-1.06311197014403,-0.302083710116247,-6.13145664517055
-0.0977634326406964,-1.31717722466733,-1.04395432454801,0.486190137095467,-0.76978389440701,-0.830762343664602,-0.235187260766358,0.404642325270984,0.722111928505972,-1.1518126163707,-3.20744100772541
0.401828492585283,0.853498381764469,-0.143428845712518,0.403784623406941,-0.00268233594511257,-0.175624373278828,0.536595601172195,-0.529106464873755,-0.555390858943704,-0.601998528934156,0.378536230299591
-1.01521937850291,-2.19827617970564,2.06309166307478,1.31029797777167,-0.439655782213163,1.68300043727416,-1.05970908940131,0.647513932545561,0.591120085365181,-0.644247753857177,3.45199123980891
-0.0787461858456302,-0.428247987992221,-0.698260012925793,-1.60444711182783,1.41218755017468,0.314675445612352,-1.22528248989034,1.26223413155167,-0.911990862568087,1.91950945277065,1.97763254919963
-1.22665665437946,0.497130815697243,1.81277346000608,0.34333815489255,-1.24421552447287,0.297817600145515,0.208082035850032,-1.65189041226095,0.668771916020884,1.56635838657547,3.65919472484891
0.272415595272168,0.640938951648266,-0.561652500573792,0.966756724931036,-0.283795498429818,2.84950165573805,-0.128050133509205,1.02907914725315,1.42609113144396,-0.38864249810668,6.20529679580086
2.09143136649163,-0.992122137683288,-0.909011188704391,0.813998449250189,0.672571903488333,-1.00468421890215,-1.59480708827255,-0.118481743894628,0.468646496468218,1.19779612387897,0.325003355216119
0.152286790486418,-0.212903050869407,-0.140157400135476,-0.786100168859734,-1.78907655241644,0.539401701714839,2.18215332547948,0.157028511027425,1.30606985341298,0.24335048192679,4.16853980742812
0.836386115216826,-1.42653761003536,0.275755855900439,0.562369875262216,0.833906019888916,0.373700068927748,-0.73375066586532,1.32223079732672,0.280722486859925,0.281158394217143,3.18796764221549
-1.47703569532845,-0.642184851416177,1.38816414719646,0.373568541481788,-0.104500147144456,-0.519274855404991,0.942732568676187,0.375429013604014,-0.428949061678056,-0.948517843732707,-0.697866560244808
1.19896153180458,0.760655884535365,1.64918781695182,-0.406557282333125,-0.828063978877372,0.552075721913735,0.593185844165896,0.311760976480503,0.91140476127886,1.83536082211152,7.95519091521406
-0.281639984557538,-0.435531147298406,-0.995245815969859,1.48591748948664,-1.20544693571436,-0.0236531300463068,-1.12621258922032,-0.359944992763737,0.185002693590233,-1.31001718540091,-4.91176929308333
0.475426122027122,1.16800384225969,-0.142520526620672,0.930195593548023,-0.46173634580978,0.631227991834735,0.954439507450298,0.514672683887619,-1.03573851673863,-1.95182627005729,1.08138393515305
0.506168902551317,-1.19095996756813,-1.59653690867814,-0.908661178321997,-0.459370403425107,-1.01618333684659,0.0943158594960059,0.41587144009777,-1.39691441893706,0.70897985529046,-4.54224588787415
-1.45436470192021,1.34209748334478,0.0203863234892216,0.0137155786166113,2.41788441794946,-1.26731753665253,-0.154470090060996,-0.236466205267071,-0.10279780012343,-0.49879349168462,1.74510203331319
-0.0819279189376798,1.83250192101116,-0.0857394149252684,-0.382221616724005,0.384893033439872,0.844443183968893,0.320067516901255,0.390142346914269,2.12720560855725,0.381263638957999,5.37033975520534
0.902701080971582,0.551805027643077,-1.76694884463611,-1.4637866986412,0.479272588682831,-0.349020526358867,1.21157137532614,0.673563802517493,0.489303448505496,1.39018602457484,2.91430063517338
0.407388075667314,-0.106527430621072,-2.16991425557157,1.36658654573626,-1.57277306288845,0.678283778181658,-0.170866115544301,0.0300746982967612,0.244887606674059,-1.37122191037178,-2.98280418551475
1.22021415467677,-0.603695833571053,-1.21932312420582,-0.491049956769062,0.401414735474149,0.638869005861951,0.71349616855678,-0.0496711519381733,-1.26980658857487,1.56802149338371,1.98363801638632
0.64855548833092,0.851778957225231,-0.835919846147936,-0.678666394359151,-1.39066518660522,0.266621659893393,1.1870015125971,-0.642352094114404,0.0895552698394716,-0.0276835109433682,1.23179263706453
-0.755948547230224,1.26494690555569,0.278558439672304,1.35247055621798,-1.28156014570561,1.28313507853981,-1.04027242914857,1.96487625427754,0.935332029571112,-0.133812287078545,5.46776547610565
0.630822963255659,0.0233600169990134,-0.623086724135144,0.144978929754832,-0.599320941458271,-0.497227867890241,0.218999966359685,0.122100588121263,-1.0461346435289,-0.496303280361311,-1.19051601876861
-0.941374298782863,-0.578470278617317,-0.771925361207937,0.808448349810764,0.982188940186003,-0.235760096748704,0.0222425251077323,0.454251427303043,0.600121835745879,-0.685617748076714,-0.433445469701447
-0.659403218094717,1.29172421307066,0.828571830103146,0.0703028452038583,-0.411232045047439,-0.432322817218824,-1.28531067698528,-2.76235256915723,1.27379281472961,-0.422269561995922,-2.64540384380972
0.17857589290219,0.255616465025824,-0.809508659966645,1.08043649282531,0.927790629055881,0.078074333517293,-0.17339766264717,-1.06293207276654,-1.06281828346922,0.535297793236704,2.81498577593862
-0.937959628766284,-0.868120393556098,0.977087597338294,0.331035664848647,-0.0309123323468819,-0.730602816836371,0.118937140613578,0.130718706125533,-1.30205548755464,-2.01689838613888,-2.014773314042
1.19126761401322,2.00387793028592,-0.279958813277186,-1.31294968952464,-1.11548820601456,-0.283838806338064,0.0722598316008713,-2.07586655484878,-0.492463135834117,-0.693906487298915,-2.92625774520535
-1.04155916820444,-0.593337679536391,-1.71012001050166,0.460469504258558,0.313821730153025,0.550927801814384,-0.642392770663469,0.904609356453355,-1.5205818866651,-0.232013603001579,-1.01856161811274
1.45579068494773,0.378799140874471,0.302432350859813,-0.431244852998952,0.853486517945013,0.195397204411481,-0.517455761898533,-1.34894955164366,1.87745131700044,0.0780328679188688,2.02609653247989
-0.697782096349265,-0.418539647252194,-0.144147054360972,0.797895265830753,-0.177834888397117,0.433868102668761,-0.94470508421964,0.45176019017965,0.0353944959865561,-0.455095416138324,0.751824864885864
0.964900405122394,-0.334568105179321,0.291297542342359,-2.91876471953727,1.21799260672752,-0.675360873072781,-1.3212995797064,0.282098082329218,-0.0731572649051485,0.657482784293767,-0.0303689194566157
-0.873470292229633,1.13050795742422,1.09547598164754,1.51358535155243,0.0330006549447534,-0.165954596215829,0.619551369715755,-0.351189692341933,-0.0715780644226209,-0.19412276785233,6.04231722843418
0.599112514445627,-0.918734636259085,-1.28545531280919,-1.16789989848741,2.34979265377343,-1.21227179734143,-0.787491981748838,-1.08146464155257,0.611414715032729,1.07959764705249,0.688034737914903
-0.60109341584639,0.264091350589086,-0.511965025960467,1.07678436600703,0.0434813234602337,1.1972623473176,-0.296469007894753,0.39452358662831,-0.467344785115382,1.77031760650747,4.98546104155262
0.094550754873817,0.725388120399977,0.558340544186689,-1.371856653757,0.279724199646998,0.438389877837441,0.74051553436434,-0.335797579694227,0.703590331428992,-0.338707464569651,3.26924695185444
0.0342582517953339,0.629540608900118,-0.151260679990261,-2.46900932193261,0.134671900140095,0.546964420197679,-0.57829259231588,1.50794091605067,-0.504925475272903,1.12140273064062,1.41489653270176
-0.214492151555996,0.0970522261317439,-0.817859060558872,1.66327441270872,0.668412387205566,1.1803065864202,0.1850530012309,1.45647808194466,1.06901019987075,0.630806282445669,9.31256477176907
0.529796994844959,-0.505223691718703,-2.35949310460412,0.971582370894122,-1.46158842470697,-2.1296974119856,1.41387000734407,0.533677176738815,1.08860998974221,0.429222326925515,-2.58390863811736
0.290568152990709,0.188938661475319,-0.503848407515161,2.27280197108331,-0.364227877688323,-0.0466859808970279,-0.353058625325777,0.131169258823572,-0.595530093029649,-0.24413767510675,5.40267644262267
-1.43375216325751,0.120809071119264,0.0162233893483208,1.04860177316146,0.35822757618948,1.29040540668909,1.71374054579321,1.29500659410859,-0.0549757994142722,1.07892553248487,4.33361370646055
1.002753431568,-0.0363631070226316,-0.122899881402992,0.0146380446888655,-0.143305500158221,0.531536050427348,-0.313885724999114,-0.70199649507741,0.887460647004631,0.515989588064319,1.41624753424879
-0.242627370571158,1.29165714553208,-1.26671142708141,1.04835200769884,0.914073199848128,-0.40924071540628,0.678875728369434,-0.0852046441599021,0.281604201117914,-1.05547148687046,2.05631066308786
0.352514630366541,0.323089181185981,0.607772887657483,-0.311004541571485,0.327199732801771,0.306940976490764,1.20410181018124,1.20276183047829,-1.80927860500999,-0.65301492257295,2.93268838418345
1.44269442816769,-0.027119351152974,-1.47086491723489,-0.0212814234049884,0.0957787466410288,0.232422699608785,-0.0469768156440278,0.664084825839726,-0.148507718714843,0.953088785745212,4.04994331675191
1.30619013170369,1.01807258230879,-0.229701961492455,-0.952533161853979,1.57062701162205,-0.0882285005471625,-0.99974039014044,-0.692889839398673,0.0909179836210028,0.53993934945964,3.46376846604642
-1.0218843570795,0.715586894621641,1.26227709535348,-0.627012875082753,1.41211617763969,-0.156721503343188,-0.323255004722353,-1.06437136406835,1.1378511404954,2.01442989813041,4.32836755932559
-0.783152454248367,1.41929168702333,0.608879141747829,0.55300976912062,0.0190639609094593,0.768543843717155,-0.029464139059395,-1.16088978296451,-1.10797697584126,0.474576287060944,1.53181981204533
-0.546530428240751,1.61130617641326,1.6713060977656,0.366777869685048,-0.659581053684903,-0.686493290302857,-0.105988433816369,1.58927143177062,-1.34713387003157,0.799454842966711,3.0447887190787
0.758857701898954,-0.510483807651231,-1.38786222137343,-1.56850246864078,-0.567891430918959,-0.534227926711226,-0.271879765388085,0.184782204774128,-0.335982406167725,1.94933238909616,0.538947083559084
1.67584213151875,0.36186240953142,1.3408254087331,1.94924236857253,0.12658120696315,0.0403106002575614,2.50610964877087,-0.473125229750099,-0.167817577349661,-1.36838779394792,8.11190213307355
-0.685796894199109,-1.02779434930772,0.0108143115577487,0.763967426617763,1.19638143047583,0.0425478067112939,0.0573337244476913,-0.183746469037076,-1.29126931329819,-0.354025234508769,-1.85503448976885
0.635207878061623,-0.112496181690646,0.665330466160662,-0.0614847207231544,-1.54789505723999,0.214615297807136,0.971367303326626,-0.314065545935952,-1.59812596986036,-0.750083140526101,-1.02059206704836
0.197252214060983,-0.370189020786172,0.786751852048945,-0.573571859162568,0.417978195382198,0.964406235758791,0.742292969671904,-0.252701994593815,0.144813838522858,0.196789664764653,2.44761030717458
0.504328131126188,-0.345711446464446,1.42642548098782,-0.375783815962115,2.31104040117434,0.0532558990886923,1.50463472507049,0.518513968748297,0.353156332055952,0.892163177592451,9.38651767892287
-0.930148338494599,-0.0507503160916976,-0.437817809403366,-0.43832678326066,-0.956664237922553,0.700147661734249,-0.536912429653068,0.532428585802995,1.30828748296674,-0.153750427228219,0.332422915302932
0.224533784235738,-1.96619995878587,0.227703448871433,0.531383442862526,-0.412616762123093,1.41185252189645,-0.0589404782486191,-2.45868234459791,-0.565454301901607,-1.89812739731441,-3.22524027284298
-1.72765864060436,0.542841950510362,0.579713928467067,-1.23381370536171,-0.507864835240833,-1.67985223170499,0.612977007542764,-0.107003979947243,0.118032787292577,-0.862397156618774,-5.24354982882421
0.356589622270402,1.52274268978108,-0.662428739431332,-1.92252687190145,0.513929376462514,0.614228016511749,-0.967754145223829,-1.56773746726404,0.0388676495353954,1.0643716301069,-0.185921527320607
-1.72150666103967,0.888647148102395,-1.28225782722916,0.492905813680202,0.111574352178161,-0.422291689055957,-0.95953062745211,-0.200360358375126,0.61996876904551,-1.14896152297631,-3.51184858322172
0.369005376518942,0.962997095871606,1.67335179081738,-1.10110468517079,-1.20074859438578,-1.10259337092952,0.596979267379832,-1.15345871706121,1.5233899188352,0.465032870220535,0.951442073627525
0.643375781004741,-1.08052412079844,1.1619992394152,0.816578976760811,0.141632850353381,-0.574892714405118,0.406270516430576,-0.0232079177551992,1.14950052354026,0.596530077930148,5.86075608676351
-1.04969406930281,2.5265018890546,-1.56558430141819,-1.50732490276052,-0.641392894010575,1.44684911093812,-0.14325371874152,0.327864030360289,-0.673104279027321,-1.29823508052315,-1.2848611115428
0.111549322034507,2.09218430233629,-0.971516074170564,-0.208158087687658,1.04411441367176,0.268706037406953,1.7827701668781,0.846795861066367,-0.605368161197497,-1.88275457196788,2.81492699832213
-1.2991280407322,-0.900094339780925,-2.35660769942874,-0.958987594769552,0.00438395874930873,1.80115603104298,0.817640441344008,0.540872443063606,-0.167494896664606,-0.202290660647402,-2.28482947482592
-0.964102201268468,-0.973487331985994,0.0811129262963864,0.953507373865924,-0.020051055886701,-1.66820283568675,0.503432465239874,-0.528172308878662,-0.121585394791641,-0.0909717815528168,-2.92488111258106
-0.399681825825835,-0.148167632550044,-0.253516845612522,-0.970921517766873,0.130909246204363,0.648572086269783,-1.24070923972855,-0.440446552739245,0.490628813016782,-0.0632080118825288,-0.703468229253954
-2.81474118385402,0.627179343671558,-0.332701221160905,-0.19374739832363,1.62909574422418,-0.108086338080029,1.46433725694031,0.100911206298311,0.311984671041971,-0.792930350428491,2.65752383100772
0.916294270658922,0.526560234105688,0.426477656728629,-0.256616881958989,2.60540411746073,1.29425317007538,-0.0471779519463646,1.99806809175159,-0.37425912501657,-1.10289392863163,7.68891574413848
0.0652156233351669,0.178425300638201,2.25857254403831,-0.875810741449,-0.788139143879709,0.600212756164105,0.376493011905107,-0.465142180549839,-0.00789802028569102,-0.542990393146245,0.496537824510238
0.223508672073398,-0.615160550590002,0.783751455068042,0.668020919114877,0.0132557543283701,0.181737264819606,0.818775408891352,0.42849206856629,0.018157907720877,0.0489028527906028,4.84960585947572
1.29808684184191,0.649385609458615,0.34671215123192,-2.01639059416101,-0.3686195785116,1.27904577770658,0.29848401874965,1.22254240928574,0.992503728774043,-0.897756785740374,5.09468530303782
1.94568670267885,-0.980146150487195,-0.744984582949613,-0.116925843396972,-0.604871899264425,-0.630763063334512,-1.04968349886491,0.528199495137383,-0.693415935216362,-0.154331644946948,-0.123756695582998
0.33525263641924,1.92360760950153,-0.755559863091105,0.447849193829555,-1.6065675126464,-1.72655195805792,0.288537656687475,-0.763001958226091,0.725623054337212,0.281027598849903,-2.04424621117763
1.4480774617097,-0.113358248922872,0.146152688431957,-0.0139559070648,0.432728058641465,-0.0565782702668763,0.0203742431744983,-0.708614421870734,-0.178081518815844,0.345989886276493,0.13655526505626
-0.446339764660045,1.19715561287653,-1.13998586502561,0.663416875744386,0.443639684087572,0.337887843456968,-0.0597451436868908,0.33332010587895,-0.710320761714616,-0.131864184916151,2.91202042585548
0.106934315625407,0.161990051620082,-0.139438529643366,-0.172034127148473,0.722706778620174,-0.302748250753625,0.426950124021518,-0.314653262104658,0.972515038868904,0.216070999528547,2.24386280525736
-1.38800634599452,-0.0593389992063521,-0.0249120654136618,-0.403608343551075,0.738614386197605,-0.454876504258051,-1.31679895541074,0.738171167280015,-1.00231258451086,1.62121742273614,-0.827741570815165
-0.460034727244687,-1.7440002472684,0.446856837119218,-0.712769948949977,-0.55260640137363,-0.508293899081832,1.40261303171303,1.54762063102502,-1.82961836027154,-0.402044057636285,-6.81498584366716
-0.509694989347958,-0.24148067984734,-0.23831929814718,2.22815266445229,2.55883156183836,0.533346423557531,1.32008085634927,1.27398692424359,-0.240209957024322,1.50667776601541,6.83697730176328
-1.03381643913202,0.0480520155181499,-0.951337459827056,-1.33136727566355,-1.83070674724435,0.656555482475567,-0.705574886003536,-1.06142417797151,-0.743277920211934,-1.38453418818695,-5.09475987501145
0.472541858776669,0.758959420912398,0.80420588004284,0.332016879517281,-1.40431535056445,-0.238959314828379,-0.951437287603594,1.04662024328856,0.803129811459682,0.978294881138728,3.58938577108496
-0.704580417598027,0.232382464928742,0.481539327454714,-1.05559031897935,0.463100325743676,1.24785421660221,-1.91306123521804,-0.464113103793708,0.11234915497933,0.37421792526356,-0.293482920274375
-1.06578643223714,-1.89256542830461,0.936098383534123,-0.321327771622426,-0.0268772564955869,-1.26955990368347,-0.538705722802932,0.581640792568278,-0.634370358876259,-1.45082727339506,-3.50975610378403
-0.439887669989689,0.69096056608419,0.997101203377921,-2.17591971306277,-0.105551358994542,0.96108136296642,-0.248241364640215,0.134351170038249,1.00950565202182,1.21336612434945,1.85203336876392
0.843505218034697,0.484252250083747,0.648235023046792,-0.889941018139819,0.873736509846794,0.0148676168041428,-1.05750165740314,-0.76187162166425,-0.69891248799511,0.905257431696965,0.0970036278910431
-0.0259287245914993,-1.03423974860219,-0.36795176742389,1.83924201828441,2.97066549470611,-0.248345167922455,0.227204120772347,0.901964599414632,0.463439211919845,0.188087573423102,5.82344031335622
-1.83028126809702,1.69284301120837,-1.39917289645727,-0.0830042578069894,0.258527145797408,-0.316481785565871,-0.0852773634019118,-2.06474075178068,-0.182031216034508,-0.214620532124625,-2.13527481324149
-1.61807359497873,0.725452222375568,0.278156749751776,0.821105922411458,-0.669031571484721,1.07624829549646,-0.617118309045002,0.645664816170832,1.72066626447178,-1.35919872452497,3.50347860225557
1.50510600147114,1.17267248510427,1.70307529312277,-0.736517036148193,-1.26063852817373,-1.00990023424233,0.803929337854644,-2.57756290555451,0.12890337823308,1.50394331541453,2.63086301135641
-0.1824399571682,1.2817237665228,0.248347553568648,-1.346510470156,-2.49415462849804,0.171286934472658,-0.107042546915073,-0.774314948522608,-0.249075394454217,-0.164632699659296,-4.09142857520445
-1.86439438779005,0.150705960138965,1.52514103862611,2.06296496102502,0.436447293546687,-0.277901025785646,1.98064809137612,-0.687550645252129,-0.319095201063955,0.384356746959723,5.15515117726377
0.150687586766623,0.867127909725292,-0.206650541385939,0.851576986944562,0.249353600888808,-0.558962393026453,1.0607716147951,-0.827879246018889,0.223174240039288,0.461347090769455,3.21601055658001
0.504747855550411,0.979163674836525,0.0862956088843883,0.145220644964335,-0.637455647353418,0.142654222341312,1.18408257331211,-0.0132650119853282,-0.410650855511127,0.806961379054432,4.115350997971
0.12918538650021,-2.32209243709791,-0.0717441935583707,0.498938298309352,1.02792844266523,-0.0724515077075453,-0.960911179652728,-0.231552119251055,0.0513562570171854,1.21182147215385,-0.546258406984284
0.93859737842285,0.0462023266606439,-0.435345153606541,-0.523719390455365,-2.52958645719613,-0.326703500758283,0.622947284811261,-0.412864013808522,1.53130912826345,0.464771907552336,0.655228993821
0.887669250562938,-2.00769723370142,-0.134205730727709,-0.104983747665254,-1.34566759706152,0.0546868121276529,-0.286116763636178,-0.338512687357069,1.16276151456248,0.49650329032001,0.392645157605731
-0.549930654814902,-1.2334516086842,1.60425918191605,0.453630730774553,0.0375240787066926,0.314139603831741,-0.456930287726455,0.606394120565434,-1.27450476080765,0.826584232869575,-0.33526787520723
-1.17270036559907,0.555374750104474,0.640151781709769,-0.969748292266119,0.957708875479511,1.79561731154298,2.59115282568548,-1.03784397687502,-1.96605393067601,0.354998461954166,3.57029705084729
-0.609340054751165,1.38842526645058,-0.844342085132976,-0.0486035897193147,0.397080921171522,0.191826432111419,0.479378249057236,-0.375601425356003,-0.500917959697126,-1.67807325915161,0.339906941133235
1.10153908118585,0.0883332326551839,-2.01989659391514,-1.14963174457599,1.87294289660134,0.943095800572156,0.629791949042163,1.34781084627418,-1.03084022203789,-0.320154618179429,2.94624925451178
0.0803628247382628,0.0778888146518305,-1.0784609338506,-0.418305749223715,0.628871466501156,-2.04192636765331,0.845319590092836,-1.05756307122739,-1.13155938384237,-0.306820301991818,-5.50839626621047
0.000103504662857992,0.516325299730391,0.549517593323319,-1.70238010369297,-0.911566014256538,1.18141585245988,1.70267919046361,0.111639915327615,-0.444246906814809,1.44971979018297,4.46665823821407
-0.724043938947123,-0.463160317079264,1.27187708925746,-2.2502895916196,-0.349602191297242,0.529235080589068,1.03640295179365,0.218596514242843,0.489817934421985,-0.969102537901127,-1.29183716638436
1.06250632168289,0.153546835846881,0.139576770044192,-2.108243388559,-0.249134032770374,0.430134407799674,-0.159984109073212,0.188841072465314,-1.22020745603236,0.34452355102265,-0.214029396983525
-1.23703420387911,-1.12060217109403,1.49087038747981,-1.23665173492414,-0.82621920230477,-0.203206331334437,1.23530960711851,0.0097443100294634,0.508917130793986,0.0387666907462543,-1.03240698052543
-0.427826346149787,0.559736775283446,-0.240298495801702,1.61443158988934,-2.39588324819569,1.47299759682926,0.703764345136694,-0.979431266157258,-1.16368768347714,0.941497202016596,-1.34789843734878
-0.912395341235096,-0.595919445173848,0.863635823484617,-1.09598092583812,-1.88556997858699,-1.46163464776089,0.664715376954525,0.420798681424483,-2.47402700478494,-1.49187947191115,-8.86584039292555
1.19736521570589,0.127538273602723,-0.266795645939768,-2.04517544364347,-0.247917808832677,1.61136763009883,0.0799135769923098,-0.0501683708240538,0.497828547212528,-2.15626376664659,-2.02139613183312
0.552019893345889,1.79234622341461,1.1910670708196,1.26399972278379,0.543301360549606,-1.05264091661628,1.26198166822425,1.65676694568311,0.206014056033137,1.03223593658887,8.75571151395744
-0.108725854688436,0.845032477841121,0.197199942863985,1.2437830193667,-0.498955112701766,0.378587882453495,-0.201951014485228,0.311473156675869,-0.851242359157694,0.181045944202166,3.46930769616773
1.60517625925299,-0.255354243729751,-0.673072151403469,0.118774909268208,-0.206512634715533,1.44587610698007,-2.51955211782374,-0.714131138710945,0.439572350946453,0.647179016771444,0.703441724921254
-0.811671707832256,0.659292813127238,-0.361439905886204,0.63030645765111,-2.34258255625635,2.21519485860296,-1.19788690662233,0.68868489932846,0.951300751592553,-1.54166547290454,-0.933347556848358
0.637593205011145,0.278365328543297,0.889570879000368,-0.239272666954074,0.0331133579160189,-0.545898023046069,1.338910349408,-0.0540814188728098,1.02129808008518,-0.780862243875924,4.65675726709264
0.719650067165168,0.972816826621437,0.0439692003021764,-0.368149200242525,-0.84131667662723,-0.943982152301885,-1.18628269934374,1.17760036838314,0.228839518606752,-0.148751237998111,0.752293317082327
-0.696648747965172,1.38102463494585,-0.051688952196054,0.150400016463353,1.72223042848506,-0.3261388440566,0.633511199734085,-0.024495208876842,0.135638222009271,-1.21341616987864,-0.42526134364204
0.540617424564242,-0.0566499758461111,-1.75996252476037,0.618190523644329,1.12967545416346,0.315809458828476,-1.01653021659769,-0.787476129057375,0.0341063735185635,0.330272590614594,-0.74274279420805
0.42687323396123,-0.119375193639831,1.34698576558359,0.915921658758035,2.26194902729824,-0.267903092540934,-0.421852122030818,-0.532040989230855,0.361167775357088,-0.875596033469285,4.68768265393409
0.119392436715506,-0.39719245556664,0.822051229270809,-0.677670847868658,-1.25463936896633,0.043540871948297,-1.36516742723105,0.699784430212571,0.112484185503231,0.849613145172537,-1.12494782225072
1.85225205374097,0.289721000645317,0.0488644726588585,0.193849552768486,1.84845329141909,-0.0426558208870959,0.0835079004041055,0.865700101756183,1.07047490909268,-0.466739141451313,7.17768272153429
1.39381363288353,1.03115637092185,0.265025781338048,0.255219053202229,1.6122221203666,0.734005326929395,0.833605445157773,-1.5230883059363,0.613483791990418,1.07862372436605,6.14059690817541
-0.0487977900381523,-1.01655483967743,-0.103322100267581,-1.27227764752527,-0.997357737061808,-0.585806251485958,-0.193213695400979,2.02989998383001,-1.0435983687271,-0.48203779459226,-1.81809016334513
-0.105433924888447,-0.0314098371765315,1.17474966844488,0.293922700824575,1.23742513222106,-0.278735638601786,-0.721000231829085,-0.693459477961738,0.396230057220761,0.615764484578224,0.799245717912555
0.515199953384245,-0.303196810512076,-0.0365247131222467,0.0234587211916589,0.877927484070474,-0.353961088756829,-0.567647973881244,-0.398900148136619,0.0934380697754296,-0.826451140762497,1.75896431566848
0.406927394202825,0.142321662272807,1.0582844141005,0.0770619427985109,-0.640185583214815,0.737810341894936,-1.20485649802806,-0.69182990016641,-1.11670900766239,-1.11552122876433,-1.39988518991943
0.763010669991057,0.472256052919071,-0.00962334500957892,0.228774875247884,0.325503401723925,-0.680652254762184,0.688786742476335,-0.519293946374568,0.00682292589453864,-0.411353083077354,0.875782189104593
-1.29312484628635,-0.160933833076924,0.652454360358913,-0.0162116943737986,-0.38459995720227,0.0587636810158996,-1.40084783483076,0.746607470816321,-0.59986610793603,0.403089904235922,-1.11256032955179
-0.188473183086374,-0.939387336060253,0.297240366151468,0.269037199920395,1.24000484503143,1.54221625531872,1.69155961438007,-0.262054451440979,-1.3479959994762,-1.0309324025881,3.48108987487247
0.467035424354012,0.638057168324657,0.169956039653647,-0.591926430683103,-0.633505206778865,-0.0310772813422313,-0.467681916047359,-1.11421017305005,-0.920621948189794,0.332709340712526,-1.25785278129585
-0.568240993934543,0.438288151743071,0.755927066185355,-0.0107377341128741,-1.66293394117626,-0.580953808609506,1.57800902082009,0.33441063646318,0.510580983846427,-0.13526744892926,2.86113876811575
0.163212680435192,-0.764522382384788,-1.02066858082932,-1.83595366433996,0.667259929641545,1.25996704106756,0.460924592043872,-1.587336473134,2.02452481125554,-0.585745116447048,-0.858317136272406
-1.24670074358699,-0.542532279689099,0.867921896127336,0.160519942652634,-0.0660869473380073,0.175107423251972,0.171229792698389,0.831032234513267,-0.720637748589501,1.28228891331939,3.10201124238675
0.1830618670674,0.390481555013881,0.959369176533903,-0.186147920874313,0.915206673375996,0.300411950235931,-1.22184477191655,0.545404184033354,0.684519066219747,1.30373997309405,4.34913237282201
2.04412166326887,0.836596347678875,0.367193695402494,1.25927176343445,-0.47082971172727,1.65003028768432,-1.05966520159434,2.58771190920232,-0.801013360967914,-0.587059764893903,6.9044732746933
2.62447907509057,0.857153467593262,-0.872087447480838,1.05617908591025,1.09346310801727,-1.76739712457963,-1.96104499398239,-2.02665549851263,0.832922628328375,-0.716387753621376,1.61193804518407
1.25261496245945,0.331833258159971,-0.50912333561965,-1.15508635937514,2.35647345429954,-1.57792890133626,-1.30141087914424,0.257220276978938,-0.573546583058564,0.753686887680942,0.453631201003797
0.355929241023118,1.39977885282989,0.123044459451897,0.876183885046615,0.0612237024656266,-1.22045132750318,-1.20913680598023,0.373262765144739,1.78320295786788,-0.0177607179596271,4.78647916705045
-0.614418791454143,0.371182862384348,-0.188823021254609,1.00126398518956,0.0145947449786089,-0.149244832136184,0.902527618787734,-0.377901828307334,-0.35085800981142,-0.59995959387432,1.47271909009848
-0.109871381684155,0.359404194354148,1.07704741839063,-1.03439920788775,-0.833441385402916,0.473060890014513,0.196464818756894,-0.628501571069118,-1.58346959488933,0.191015641061064,1.44117235728048
-1.97404800655034,2.20808927798424,0.900323167328865,0.4360038999026,-2.10800862940834,-0.393077101322483,0.555290155236425,0.142576794413736,-1.31168268013675,0.183886377635766,-1.78123440648574
-1.29158291488336,-0.295662767031743,-0.787846918723867,0.461096953257557,0.659033772816879,0.718762233329535,-1.57783352084779,-0.0547688081413813,-0.412595447816334,0.479016232364588,-1.39497115437858
-1.93035778211778,1.18245649468717,1.17607574014151,-0.116184914688933,0.402822824671246,-0.100747302531738,-0.844960490835197,1.027249432218,-1.16308571631813,1.05162552797047,2.37688873606272
-0.117840127409466,0.118497920139112,-0.907982410605128,1.10105959284299,0.754613730115599,0.140315985820669,2.24566065205031,-1.58532998589816,-0.60089029276909,-1.58975931572754,1.62871150697068
-1.18187890330062,0.14686845931283,0.0971248273406443,-0.40798072846144,-0.104458866946688,0.758015962310557,-0.216943959986911,-0.606988753296044,-0.179672141292511,0.533602255761906,-0.597821813366317
-1.17570197084313,-0.999059020547449,0.424583082738291,-0.65112974761135,1.34641076112311,-0.285154607553826,-0.354008890988,-0.0948750931488732,0.0738869587472376,0.206440693779239,-2.89441162645904
1.35672031668607,-0.714660330327032,-0.446832554631556,-0.764906281903559,-0.851173422713789,0.936018391870107,-0.356916197812289,-0.510937909029866,-0.443447688916623,-0.756424791292812,-1.1078701060707
0.189171642603883,1.3719453876022,-0.523875071619955,-1.29246124508438,1.74101579402308,0.050141589119539,1.35057350195073,-0.313862765648088,0.275881153810817,0.964753667771066,3.61426577242488
-0.510682698441365,-0.817137117922319,-2.40525215120876,1.52057620037719,-0.284630025495122,-0.178015329437546,1.83572984718914,1.43979968872962,-0.724929094692328,0.158751758563287,1.4908607103093
-0.554155444473059,1.14870251840774,-0.28996491960407,-0.224076175270498,-0.0879899153212553,0.259286532288261,-2.2715085646439,1.41528593936695,-0.929970640474969,-0.792712913248557,-2.53976973754968
-2.02080047742272,-0.431602072385095,0.475182825010734,-0.988192377754999,0.133520423970151,2.24229541213835,-1.30250284680285,0.319035293831987,0.969262578751281,0.920359892254445,0.160778835512313
1.43961897146673,1.20235760415253,0.400856790026944,-1.4263157957143,0.181247304339164,1.08677255511086,0.3064237089721,-1.5268544404275,-1.18630541131443,-0.471993065368699,0.412230326622827
-0.548971906082939,1.21434084076193,-1.01194679162739,0.387495435971901,-2.36490894362431,-1.24546627945183,-0.682853976352255,-0.0616616206448958,0.880117006791124,1.07639887590508,1.78539038724037
-0.983743361117936,-1.11466542667265,0.33309250390687,0.461262920503184,1.04187315967586,1.69490569145822,0.353599999827641,-1.7830016777077,-0.332449427216416,-0.854319065012449,1.34519135956579
0.236649656234897,-0.333185672836354,0.571747627943934,-1.44838572469269,1.44942010079084,0.900269808199385,1.4350867621775,-0.700771555315902,1.78250269131193,0.518507207051936,4.36116649659854
-0.501263344326238,0.284191836860301,-0.0910954506610343,1.07713893042942,-0.0759029578310399,0.544862724014196,-0.842211120952049,1.70459268244416,-0.28652296659681,-0.0912823679317566,3.43669791692807
-2.55181297950542,-0.260722773058632,0.81552309816599,0.256126756363681,0.544810206616353,0.404217676114355,0.244134843215267,1.16453491753806,0.763848975574102,0.849907340976145,4.4582213042272
1.77800735664301,-0.549681681954345,1.35103759319867,1.24323451898797,0.818690467424161,0.205772289055,-0.926165112487901,0.464467405382814,-0.76515922450224,-0.938992766024743,5.96684218495521
0.583358153235662,1.33049981146556,0.00670598676174088,0.223408281197853,-1.24456056282008,-1.62242740081282,-0.986995096711209,-1.24743895401865,-0.738938152295298,-1.45905552622341,-4.2081440430573
0.402732074660905,-0.806091407482898,1.31601629061056,0.896605599282127,1.16955249772645,1.61857411469669,1.24256693362912,-0.967690423387021,-0.799354074968675,0.216162859602021,4.4946971890963
-0.261023614836276,0.724685411528949,0.289719664690402,-0.670082523805754,0.399763790014069,-0.943519592200634,-0.0406364704484717,-0.120484975113734,0.320032465811988,0.435087584652644,-0.625507895931127
0.489211711886395,0.249948307516893,-0.357248128772195,-0.786122350057339,0.715497865378274,-1.3291565478327,0.36277517796491,0.46244615573793,-1.48972272964581,-0.393920069314841,-0.0901735891813684
1.16175422672392,-1.9342161426524,-1.09128548202844,0.0115968793885548,0.926909998702384,0.533426796465358,-1.05886246316354,-0.0492391499630812,-0.871819263184014,-0.653844344932086,-3.67075735783832
-0.599570342268149,0.415949820945857,-1.63270133885429,1.50605457384103,-1.25854168004987,-0.786695139817478,-1.16592112288168,-1.19748425991439,-0.568869846893532,-0.660992611596524,-5.20635367704106
0.427724249665641,-0.489536466135692,-1.057956276716,-0.116898385700147,1.01461384377637,0.0423998546462407,0.560609992701592,1.68286907004868,-1.01801683270527,0.703237504085807,4.27433744294176
1.23912149397164,-0.463707030272676,-0.661681419276733,-0.206782879047037,0.503036110145956,1.50386454860254,3.50669706318555,1.80022365566102,-1.29452123473876,-0.793193607028709,6.39731453830333
-0.211107245875929,1.58237069785542,-1.59701242679403,2.32319277702083,-0.444988789637953,0.171748181312278,0.12469299132144,0.453028175648867,0.931191148394391,-0.300936583504504,3.25174280242327
0.478385658399964,-1.42637892263957,0.824781319035216,0.495507991791293,-0.433361416876829,-0.863201579454739,1.01525065495167,0.988565197919834,0.601716013211432,0.441507403954307,0.601561961309445
0.909138701644926,0.651542976089426,-0.74494047171415,0.994243896774145,0.0542282511188456,-0.913995029553932,0.0877826630771556,-0.185421858695625,1.02578034235456,-0.391723690855938,0.339816200217526
-2.38536122386924,-0.0958988150952106,-1.19009704903785,-0.230630721057058,-0.326413760043375,-0.37442573742539,-0.334756625172364,-1.21097308947603,-1.12578832896422,-0.112343724298716,-3.23996835294353
0.0729574287644113,-0.832019765010604,-0.0451985476613906,-0.58842885120654,-0.0834985746765152,-1.09949345209212,-0.840987246961364,0.0996565353021091,-1.03503027767897,1.07072479716331,-1.91511654902367
0.188229065072118,-1.5069983838108,1.64927100778704,0.409500392893842,-0.140231018781507,0.675875389426247,1.21453345478989,0.373852797592872,1.28201538689437,0.0580447591556504,6.09062441696124
-0.0395084135699427,0.947887320891494,-1.18870943289094,-0.667600453379693,1.48809038454515,1.21937311465356,0.0797476080484732,0.000768300607033732,0.306214899070139,0.228500692532396,2.00331755617618
1.03729168443416,1.59706166977737,-0.327380182651788,-1.12897079430061,-0.24570296212617,1.53730282145512,-0.55895978643258,-1.12498702896595,-1.36383834700018,0.273500396865215,1.91351132598557
1.56286924025404,-0.396717631032311,-0.316324561568774,1.11209718113506,1.06586395236122,-0.183377146212093,-0.391979134895207,0.518501991180133,0.409902811230437,-0.140968372535343,3.14224044418843
-0.179941782106102,-1.77248311872801,0.715512130998411,-0.762988646452838,1.44608149242364,-0.319741410633661,-0.865148211810004,-0.186720993082557,-0.225506879054873,0.0762261244650361,-2.11667489547466
1.10095979210674,-0.362668167653578,-0.279038947588811,-0.202097565328613,0.426601287515013,-0.0365471434856021,-0.673161419816554,0.0574254248728518,-0.673844630448849,-2.23144933665842,-0.721110399692071
1.10072575898524,-0.798864993031407,0.25919983914981,0.396705988583721,-1.66492786446717,0.381765232200145,-0.411499603426079,-1.24208114346961,-0.765034630832142,-0.681861146213373,-2.35181660608213
1.25026351031351,-0.116596554784841,-0.00105995479347719,-0.278015553846676,0.773527352178306,-1.37305929107515,-0.680036572527715,1.72478592399767,-0.0393812325625444,1.757182667254,3.98818987046257
0.306021326546302,0.0759806647814107,-1.2266357180745,-0.145453989512811,0.657278726296374,0.17008086063754,2.54692454459239,2.18000943659676,-1.43740379647306,0.739708606157332,4.91455665035229
-0.708562074238644,-0.0981066735104352,0.409811259848895,0.735672512249039,-0.812566187007123,1.1837211303327,-1.71650645112684,-0.382076050967168,-0.31331847349479,-0.729309963574249,-1.10794179002442
-1.28764918988851,0.551869097893147,1.35864573068436,0.34579198495599,0.359945947684926,0.366807758025092,0.391645978759174,-2.11063550485643,-0.364689961416264,0.52103348208423,1.8533553569796
-1.66290587275954,-1.79769675794223,-0.173276216997524,-0.280192937946423,-0.735181130484772,-0.946919752760883,0.599508660414414,0.191652031825758,0.559844338875989,0.486190560457275,-1.23988119944834
1.0271812605977,-1.46515461115877,-0.887058999204627,-0.0451704799111492,0.890057945680325,1.91309160391265,-1.15297112539582,0.701844171005328,-0.517409879057448,1.24017299917897,3.90070128247533
1.6666279840339,-0.798665050546381,0.460941051647119,-1.00384170331398,-0.56289697985354,2.28125128081213,0.0487343732775146,-0.390870682425116,-0.768369950762399,-0.0723752329693488,2.15985011267096
0.479264691030423,0.759081486610125,0.677964787944218,-0.692188773325202,0.0719936251819769,1.56372063145764,1.02120693409366,-0.25726433109898,1.32332454138881,-0.890659224189379,4.00293558094005
-0.00847169998459911,-1.5480621217764,1.47302966512462,1.25709445512228,-0.108139554755389,0.626005586940628,-1.25091897009572,0.0838975671145127,0.448166050461751,1.83828402991583,3.71969529948077
-0.113061360269642,0.60610998782225,-1.04105146765351,-2.06753890176129,-0.0876388773498787,-0.539591602406989,-0.503557419112419,1.01857282290558,-0.467585384719325,0.218946739999309,-3.93951069178595
0.705727226210179,0.0292589701260409,1.60563205066026,1.71821573186381,1.83390639161313,1.43998612688022,-0.756577726802137,0.478433657924632,-0.73931680909363,0.652891827491101,8.06621191113787
1.07319203995743,-0.590169679180179,-0.37168698449025,-0.143286097110514,-0.995205733123169,-1.12679070668736,-0.809836441459709,-0.957440556360437,0.924647013966804,0.36595063608874,-1.23613735934726
-1.61809064109108,-0.263891759572262,0.930834804320772,-1.89312801203679,-0.329660513992406,-0.220997898456271,1.64185405523294,-0.501184991706222,0.942421658020937,-1.45393679409724,-2.12395385805118
0.439908473038982,1.51062854701539,-0.382930395930295,-0.441385216100454,0.338347038619276,-0.376440851852533,-0.621402247960507,-0.315789264429996,-0.745548452904467,0.300320373865524,1.73002127223769
-0.0711986089747097,0.415709527074614,-0.947653515053776,0.992351848605986,-0.255663988514212,0.24503680850945,-0.89193663299815,-0.684878912839987,-2.09287500075028,0.988589289146675,-1.62583703116953
-0.500298492257606,-0.20588512674596,-0.684589171785769,-0.99885277689363,-1.09451383636642,-0.401522392513351,0.685454270250024,-0.750646872564729,0.173691774537835,0.446205297823609,-2.9579776743761
-1.68997929317944,0.494830046968083,0.757622541005355,-0.511167386827754,-1.56330891713902,0.343327626880137,-3.22907146147365,1.18338230258169,0.491185817724449,-0.640084459737533,-2.51344786411079
2.41583242806194,0.235714722916836,0.739177055037971,-0.328520253581705,-1.41307393559707,-0.453560613673528,-0.776374590979586,-1.31724745957882,-1.65247518941421,-1.08924858038779,-3.20230645139824
-0.570078605869552,-0.0653082267541526,-0.175049307122965,0.657088170767586,-1.01667471984314,0.0893820724507356,2.62074985856796,-0.907610283373356,-0.381226587202673,0.303928442024706,1.53420337637996
1.56188146452869,0.235314983278767,0.638425792840021,0.526068616832931,0.299048013532521,1.85432202872797,0.861398794129367,1.03375121578426,-0.15490535455347,0.482974332409536,8.3955357794516
-1.16682007440688,0.361107602522517,-0.441847401665052,-0.0945531373959678,-1.0679504199504,3.17176645081627,-0.855946811215992,-0.781886823437494,-0.540372943349904,1.51113517452163,0.990859686168513
-0.243105763579219,-1.10234563278559,0.563041696316754,-0.272227906100796,-0.0285012363005979,-1.04873733360974,-0.532652875720119,1.09133548346306,-0.78189087373358,-0.1658501551426,-0.209802765158132
1.32554538061455,0.73091448801913,0.62439827622104,1.51809245900901,-1.68287306113892,0.620762086872244,0.486621736301779,0.442845929988437,-1.20244386229182,-1.56508989532665,-0.100741243266794
1.79465858251228,0.146141519695759,-1.07797467487211,-0.206284232492954,-1.8842932489275,2.09281432906657,0.275331765450542,1.49543993942094,-1.87289974371482,-0.770718731474233,0.317279506044846
-0.0477422338991805,-0.750374654939878,-1.13295967046834,0.773164964536622,1.41291537445281,-0.349936530321628,-0.0742984478635311,1.14403042434165,0.45479068526567,-0.0846795621475128,3.21669598889262
-0.366052311606566,-0.493160893098921,0.404923987899928,-0.235394599106001,1.02402852439424,0.277050473276443,1.6140457159795,0.75269178571294,-0.373438563972413,0.197615378808802,3.2122512478894
0.102413315377633,0.427710740454594,2.82640335956885,0.472923385769486,0.347549472842395,1.27746836617073,-0.257679530619624,0.754777653609133,0.720646710174202,-2.31459505908621,4.89527816367011
-1.49129420549441,0.676867623351344,-0.129697306747621,-0.641463911003032,-2.2126861184869,-1.26730598616015,1.17107054223743,1.13675560826866,-1.42985134834931,0.622153329953348,-1.60814940329854
0.417459787248079,0.305048991761765,-1.59804329118727,-1.03435598418739,0.505022336561906,-0.908255183851194,0.872878229376917,-0.0292813653927113,-0.689239327759151,0.601354582599528,-0.359754031630755
0.562878727390382,1.18225463216216,-1.09306589863649,0.513674183418046,-0.34137079169556,0.256396017532009,-0.347183018688429,1.61053798211767,0.151390032374651,0.867257184433015,3.46342043247005
-1.25623107485611,-0.884142629031234,-0.884908677791783,1.73030903052418,1.4055496532388,-1.16294297593829,-0.941078364178143,0.823471899795979,-0.700977679151753,2.93460131408577,1.36340010428043
0.254343448313186,1.22715409895325,0.639958129437506,-0.0983831814448478,-0.436692040423693,0.329698099850489,-1.15777534110678,-0.204951883275628,-0.776790295557609,-1.37388774533965,-2.00272141453538
-0.116472797528432,-0.217732436704308,-0.389564389515492,-1.52321981783178,1.04882284602084,1.28672827646361,-0.531783918183037,1.15686533557495,-0.0578923446954174,-1.96371617598945,-0.515041105462707
0.728829424791187,-0.144498234057046,0.881399784263164,0.991714054899555,0.321007164749685,-0.958289025684548,-0.243525998790957,0.305611202611903,-2.41657315571252,-0.257464386428696,0.459337526077229
-2.5235752658872,-0.269531464693417,0.729271398671232,-0.72984419254476,0.0632020173585333,-0.805239538836616,-0.0779649718153678,-0.950004373229915,0.490311787698334,-1.48931756914081,-1.27701765959956
-0.461229223058517,0.796795540661381,1.06832118656627,2.16472956403062,0.809944659276837,-0.116164073440162,-0.572200594368267,-0.329782135231069,0.758744681409579,0.554796410274882,6.30975743869611
-1.03291119764751,-0.230933652038912,0.583279491725914,-1.30663680505657,-0.221910124796002,-0.57586805706758,-0.211956338062607,1.00229969132976,-0.609904363864669,0.625022711924744,-0.727907386583994
0.299731620680003,1.10796904916289,-0.295874640563439,0.906110330872679,0.053029645544093,0.0386984270734717,0.0141012061896619,1.82465275201061,-0.813522799431236,-0.122581167747052,3.26002575590462
1.77641614007407,-1.45143637320323,-1.01475700365889,0.0116118574891934,1.11540133211953,1.3480210760832,0.666123772561663,-1.27575436816998,0.372006575343961,0.182576498322807,3.87797584928892
-0.0303295961180153,0.545481323952754,-0.890039372866507,2.60912745889513,-0.534663657740033,0.53500517917376,1.00558447789199,0.811829137519308,-0.86542321493048,1.55308226003312,6.41979713080838
-0.877458386307945,-0.803896919103053,0.941492810195428,0.822533460879217,0.202441412871531,-0.306902698099829,-1.38864535052048,0.365519169941056,-0.25157914131779,0.152283475551995,-1.37068288227265
0.945904037639968,0.665365996528887,-0.102650662410186,-0.290018212658312,0.66354945591978,-0.151249358180222,0.598119141614796,0.355934169196208,-0.114363051691885,-0.496056218911462,4.00436352673866
0.0891733658046835,0.83056777634138,-0.449916322451612,-0.0697501941634441,-0.237572059891232,0.40077281839682,-0.619482807707123,-0.60118125889263,-0.419949262502281,-1.30850432772932,-3.1151208178181
0.138917247900976,-0.173250285237922,0.858813565294065,-1.09765100197817,1.03042501261196,-0.484121320661524,-0.6504909215848,-0.239865308666755,-0.636221531731011,-1.17760102249003,0.125023107446208
0.815825594350573,-1.29131932626687,1.15325172377529,1.4355531228728,1.09385629681805,-0.467497621031256,-0.636914355502955,1.67414877907334,-0.366035243038152,-0.517625109397409,2.41471972704739
0.656394597793256,1.23169451292125,-0.603241492111712,-0.191183075460765,0.156559593412877,1.88841354134842,0.213748166430584,0.140363736704945,1.29043381443684,-0.322748397477071,6.07851701063133
0.329949898055885,0.587083246951485,0.828019038599483,1.1755918074303,-0.612700602263748,-0.464935360889109,-2.50182733656483,1.06068794737694,-1.48244532477528,1.0354395917389,2.33941762234334
-0.5849950560656,2.47141703481687,-0.302593060056234,-1.02876072442549,0.081604362908828,-0.292235832323625,1.24328639827545,1.22673837731196,1.24271690121142,0.271645527817837,4.3986629545862
-0.0302250210026009,0.763980820034576,-0.383398489229195,0.74055288085487,0.479382583592749,0.504963388329159,1.19315280222709,0.320306361118432,-0.678876201373618,-0.344977976346285,2.32557510259394
-1.52889985345295,-0.183343349064016,-0.136518632174128,-1.11082739495271,-0.0536436813572202,1.20361515057459,-0.138978364113412,0.848269548867986,-2.31440091955724,0.908549431964314,-0.772318008503392
0.957350176193871,1.28531422357466,0.407894433711991,-0.559605906116183,-0.258466062139837,0.390502763810961,1.2464064586991,-0.190433381061889,-0.806638783372592,0.613555889294732,4.43043390024888
-0.793158338518564,-0.617874150188986,-0.986357938324867,0.0419684688692423,1.97295676881232,-0.217051261463397,0.620929344245656,-0.722470545776467,-0.286692474255734,1.21642885373245,0.802603758694079
0.866102208717943,-0.747395384356851,1.09695422872537,0.244538938155592,-0.158295393651142,1.27055305888906,-0.808233643621707,-0.59147601298578,-1.08575100205829,-1.84975464134001,-2.39338178268067
-1.55393209840727,-0.293294882406789,1.51350915787306,-0.88731412562844,-1.02474727837871,-1.40430224663776,0.48374477874446,0.972668025331239,-0.419851264537512,-0.152690674798666,-1.86162720413035
-0.781694058772087,0.0846904196790588,-0.519382878007023,-0.408748715209137,-0.590818043667236,-0.505537251793938,0.51737680107759,0.438512048705703,-1.21902634609672,-1.46381849767732,-3.27514190560283
0.568768009582261,0.269065043741485,0.097666036425107,1.2478413450066,0.169630492087158,0.359679232621,0.0816356768213596,-0.198796220847377,-0.47173341460704,-0.963902648367222,0.866191287566723
0.852622597153698,-1.17298957985595,-0.959630341854773,-2.05185157817868,0.0715397561473788,0.213483629058476,-1.09542315091078,-0.390994503190482,-1.55419260142117,-0.0180176501852485,-4.52417529507619
0.0593845158986182,-0.0781596411475007,1.22106194590094,-0.837727820958546,-0.997847849184133,-1.25750435410409,1.48335106303943,-0.751139155861323,-0.717102054873424,1.41005095096512,-0.0527229690025331
0.155085072175172,0.166252708859144,-0.549107239957264,-0.848658148124085,1.09755543485449,-0.21411210108525,-0.319155453457302,-1.4354627676214,2.01668272943642,-0.482945747408444,0.686651138869038
-0.759836641202384,1.16297382408048,-0.143159787841846,-1.09715172779753,0.744155071908689,0.635497769157804,0.339322438499458,0.0188472874910088,0.26851631604678,0.171234186115868,1.4029980145595
0.0485912725881009,-0.115688929536887,0.49930104088387,1.34604219388757,-1.63454979261652,1.57631111738962,-1.1319663129373,1.59330183437906,0.115629823154314,-0.803557959068673,1.66487531046605
-0.107740031416146,1.58839521792451,-0.795306728350452,-1.29848204908543,-0.302398394595806,-0.539339555825381,-0.268858709746748,0.515023678782651,0.254796468970592,0.743616611429182,0.0219711463908038
0.463533827769286,1.44711023768616,0.065827201434012,-1.05958974003869,-1.74560738714764,-0.942882181188473,0.151839716650257,1.30447152299847,0.179397804076268,0.113163332993351,0.879430413528898
-1.82499487336896,0.423894916340331,-0.601010415199965,1.53167511449456,-0.874084566125269,-0.261427425277861,-0.788081741081949,-0.273523587248409,-0.789746991181682,-0.692360267898221,-3.54957544240407
-0.689271976308555,-0.917452462187007,-0.506287277415934,-0.449028635277066,-0.203894013292976,-0.469290406381955,-0.205093422338293,-0.677540198501692,-0.0605924785021624,-0.0736278848581214,-4.53262057770617
0.143847821636485,3.6360220976071,0.552155780856663,-0.364254227729529,0.0336627450064038,1.04095395200934,0.259428445278036,-0.207214451053745,-0.913290524888456,0.288789330575517,5.24918821126784
1.08013120743816,-0.248302911176711,1.07132408660011,-1.31789865747474,0.10928571483661,-1.20295798617752,0.158209540665344,-1.20012506876997,-0.491812819158107,0.0473749551580887,-1.21730116884876
-0.872994677327061,-0.62545713283373,0.0831384629328026,2.26802497453143,-1.12566874709693,0.19091672883783,-1.63861051250441,-0.0799471418526136,0.447492570136654,1.18677353558971,-0.760568480517885
0.920665410636275,-0.0289721377741256,-0.506136208428124,-1.00948221866474,-1.47943089323567,0.246450685125482,0.0994991086432857,-1.098334225518,0.51399809907072,0.344704345793113,-0.938009925144571
-0.872630865483203,0.356943304625107,0.0920948512209759,0.281113048340791,-0.5318166603947,0.701722323130127,-0.381436058047767,-0.62642777588559,-1.07242799325347,1.79998467395257,0.128812616471222
0.113722990110078,-0.68351938619916,-0.461264821741167,1.8406020074282,-0.370106922973388,0.181018082237351,-0.439600518952559,-0.0776209566969512,1.65482725720639,0.88038323997836,4.94961232980893
-1.22517138270097,-0.302839182991431,-0.323991286560337,0.356575911376255,-1.21893813536903,1.20989711543592,-1.24133116618046,-0.0814311840697962,-1.17142281357888,0.719461774109131,-2.58966595292645
0.526596337218309,0.108361573755784,0.350711580027934,-1.18091452532174,-0.888609201686915,-0.454977974638586,1.49091936833454,1.47485948226187,1.35964798207605,-1.17039282854717,1.0418411425376
0.691374846031404,-1.47382291160818,0.428150952751576,-0.926729734522464,0.360038579764909,-0.899835117364186,-1.30801468031653,0.392264324296161,-0.0175410988903992,0.781745692939094,-2.79574275934316
-1.4965686367892,0.452346179748482,-1.30962945555558,-1.79855614808584,1.23022242838997,-0.338685813561368,0.78218329752414,1.69618004846378,0.151308730674763,-0.276652026869025,0.337144305650485
0.718881013872234,-0.0448973617098888,1.21007221002611,-1.19889018346366,0.861665332112994,0.123871126770539,-0.128544048003775,2.03013616405543,1.13676121501512,0.427183968406759,5.977889978236
-0.214476335137435,-0.787532945772045,0.580354699056017,-0.367285713062004,-0.0535793624399341,-1.49008110680433,-0.675321677773012,0.849423453175258,0.283239904774796,-0.433379901983326,-2.49803087294804
0.717862316243845,2.20728602597579,-0.278734582843569,0.62467348208021,-0.125908420859272,-1.45557358722218,-1.76840766394397,1.34167791919329,-0.135061139472538,0.59509109553376,2.36358232307087
1.02627349911765,0.725325816051023,-0.0346855289242266,-1.84287304795269,0.452249953899526,0.0842759774353828,0.548645359613753,0.0346056691536756,0.376980563948275,1.27252249683845,4.61670522665136
0.837872080367479,0.753445926280706,0.161185953194342,-1.48279748542068,-0.472150610952136,0.500622662534919,-0.541762080075247,-1.75814112357403,-1.0016197967046,-0.745436961794989,-3.21247282889681
-0.0268217566019893,0.527775109047757,-0.270593856416561,2.94048292923703,-1.35558790369387,0.417056309876084,0.00205305079027842,-0.701216208102846,0.968140020765184,1.7108045860814,4.8762531924799
-0.0698529721546816,1.37253388415472,0.0632873515791717,0.701792166486196,0.0722064696296866,0.312103063849811,-1.31211042451676,1.25267547621094,0.229612462113922,0.00498361971415824,4.04306130378241
-0.277239570051376,2.04729196170702,0.645067821979576,1.4269926594728,0.531768598819314,2.29740248710472,0.956306074233505,-0.789531153628501,-0.425675795430052,-0.40843633395621,6.28991943424255
0.711866741587982,-0.339561364016567,-1.29767449461347,-0.0703805142917149,0.0424713979331211,0.68110909936925,0.930573035493206,0.250197797395851,0.280539302350191,0.733523046022806,3.37184556153859
0.488634868463562,-0.0544550934682358,-1.04419201795761,-0.770373987414259,1.15176289349455,1.09593307744808,0.833294162098718,0.324244785322612,-1.18621613896088,1.8179536810791,5.94521897911538
1.56227785938628,-0.314478023471241,1.34207777567083,-0.22327321590604,0.184008715229298,1.1472122431342,0.0764637023782015,0.0189194001424571,0.194819798310903,0.216653474177751,4.41729941035597
-0.424337229456378,-0.439557654645745,-1.35278587229352,-0.753498642598105,-0.109443879369723,0.148422566931155,-0.075430278969803,-0.027035196448172,-0.208449349155196,0.856056148197092,-3.06919612279195
0.397020371077926,-0.201468873516026,0.539843210139932,-0.415476493521449,-0.0608587614250381,0.151608098729078,1.14603604202925,0.00939201460449471,-0.390513193342553,1.12303979516538,3.48250157529766
-0.584254529452631,0.65901413819561,-0.668158267882087,0.898089837907682,-0.367480832282159,1.78242909600392,-0.0292518164775025,0.645216783045522,0.331254113041385,-0.0602257427373222,3.39306984877345
-0.0733948496889352,-0.9516476181119,0.342881998584965,-0.506232188551039,-1.15288494489779,-0.0635155815093986,0.266822539113414,0.0782781377043606,0.654339338126081,0.978910090099641,-0.0791518781445646
-2.76299186911815,-1.19055547304166,-0.462051707398141,-0.191697256987082,0.0328035971759274,-0.83148937224031,-0.151367123896681,-0.656656628502251,0.924772486376104,1.93714645822856,-4.40921303876833
1.67777160173636,0.567409883441591,0.549246670089847,-0.442069676440288,-0.40123584827957,-0.67319472885076,1.16927084943765,0.00291689433689168,0.127835067611095,-1.14809254239473,3.91017141961527
-0.216509736651823,-1.19048674986013,0.280709826159318,0.902207823024829,-1.91010711953475,1.07190700711772,0.342956725760606,-0.541563612139168,0.0253991528811761,0.132660931948416,0.21906384607455
0.770812185966275,-0.685409668331407,-1.35735123284664,-0.0726344055261138,-0.0733271535153671,1.29338143455642,-0.928581982739216,-1.117244808482,1.02746876345602,1.26499248287731,0.0240440800016029
0.00349835277178799,0.0184909008878679,-1.18205146482737,-2.1667922317418,-0.292716968161207,0.695998376996741,1.19633507138287,1.07922611298281,-0.15302883034451,0.0229384800056622,0.32992447748806
-1.13507589522608,-1.46853942734477,1.31818915767865,2.13976179189685,-0.275072295201156,-1.19690137358296,-0.151064241673141,0.34765401507931,-0.918555357647081,-0.130023323827275,0.0990459886441887
-1.96856537417321,0.608526760442209,0.445935237862064,-0.168331285544525,-0.748112893872133,0.317114132447524,-1.58419966901673,-0.860621708214489,-0.774914730676084,0.438872254987994,-2.68730929519116
0.736995677775927,0.711707978497473,0.293264315730237,-0.108221803001075,-1.23978537052079,2.78031590941994,0.621391896687448,-0.201449797506398,1.39038101871273,0.138182510295865,5.29587613644828
0.839975962205878,1.64246239084442,-0.58553393372546,-0.229286926335279,-0.438581561784309,-0.248507305832613,-1.08118606535516,1.79351630307153,-1.68812972816937,0.671707020659602,3.37397263858676
0.439155452329295,1.10733537863963,-0.337441332200658,1.56894091471938,-0.699783746433315,-0.13823199313673,0.59097451799889,1.97883430967771,-1.51613239969512,-2.21993923497952,1.65936960293331
-1.85612043434644,1.28311230657265,1.87700609448467,-0.240025598245383,0.537689168934422,1.37512071046669,-0.409885456737812,0.454135415419398,0.0324067268782316,-0.0462955798864682,5.19323143055969
0.657008947941553,-0.484076929335698,0.0210392492965138,-1.48795373902093,-1.50350629006707,-0.982114073352375,-1.69712247169064,0.450796059060754,0.990760815076158,2.3272594692951,1.19940512073143
1.96703939541712,-1.21336580509553,-0.428829759172925,0.840876106605129,0.753051846896915,-1.44195643112869,-0.127575547688905,0.125499963998409,1.27783126354701,0.0300763133929487,2.95198012777695
-0.778575804449187,0.360948874606743,0.955615972226353,-1.04741335319191,-0.289408382884913,-0.118258707544834,-0.171182490902072,-0.572755628715787,0.00783927451396348,-0.530999664460959,-1.13091841480647
-0.709238410437118,-0.804263168498074,0.307748452352819,0.266371671967343,0.668850923161514,-0.175494313037572,1.00750441475903,0.71321635083194,-1.38362406478657,1.12403934303789,0.94628257585317
1.34139334675075,0.206970557094247,-1.72898127762759,-0.297375096494381,-0.933318487143923,-0.23473447228969,-0.194283475411255,0.838762003188925,-1.17479243889442,-0.719340279482301,-1.86863938384701
-0.285434843294664,0.486595235982403,1.74160231883692,0.500142049096331,0.0486183544164947,-0.794183480450056,-0.80303818947381,-1.05700576701394,0.960295906554244,-0.0217165296749079,1.51230360795292
0.743107387839137,-0.505091233214517,-0.819323186334852,-1.10912406221689,-0.430933608495075,0.895746159153372,-0.152590821234338,0.649319689038607,-0.586981569009416,-1.13268475667306,-1.60182675687808
0.541806140480362,-2.06451028658247,1.6487117619054,1.49283304967244,-0.344139642101112,-0.390826923173615,-0.990675962662289,0.180158407406313,-1.71906737660264,-0.252045389383825,1.00962001353089
0.176027730499999,-0.164212773374325,0.786104914567727,0.568891369273796,0.717496941181826,-1.93924286752749,0.855765243626221,-0.187329900459348,-1.88801478912615,1.53234483200003,-0.216786040411305
0.59858787829138,-0.0675233087497143,1.21332427366882,-1.21499042330651,0.292201504095779,0.203597126318594,-1.17813904019537,-0.359666161965401,-0.367856671308699,-0.445519953565328,2.08083612846454
0.0636029331955948,1.17550764406946,-0.0158632652091453,-1.0014241155006,-1.10709830445989,0.0127242226294992,0.104652233196068,-0.506947249342236,0.69803631078141,-0.739201109670563,0.0408415372310406
-0.299926485364743,1.02352670942038,0.0398744610663782,0.618904532093417,-0.264692379708919,-0.632392043085296,0.00951983132506908,-0.62450588967504,-0.487288416437464,0.720478736939012,0.538224102966814
0.609652950309815,-0.154686882494438,-0.577236643184893,0.651505420887802,0.840985270297661,1.64192154353057,-1.69377114126176,1.9075044811697,0.0552005782362235,2.04736749483353,5.53471733976447
1.47067392921742,0.671534947756002,0.824651123362664,0.277788358906451,0.433510652217268,0.558279635368223,1.70648015817929,1.66786454331937,0.188802318382694,-0.439085283802134,9.1098717805067
-0.565241602751168,1.26368340717181,0.919561599682768,-1.30848129452808,0.238366616696916,-0.231087695417127,-0.96658146656216,-1.21783412500066,0.952732664095325,0.560806829521028,0.591778928063675
-0.1530538994681,-2.23549554375508,1.06515823732714,0.098434350701566,1.27388113283117,-0.115570125081322,-0.775110417989317,0.133808382563017,0.529724956147599,1.04133781102384,0.747668747012554
0.0978715002033232,1.22788850602342,1.68378271178956,-0.786104601329789,1.38140717421658,0.624503875128498,0.660495872185218,0.035523759833104,0.911980010279451,0.225719161830196,8.68779801297883
-0.588110680162279,0.877311500249102,1.07972527422624,-0.1122736517825,1.18540842911008,1.56574237991122,0.360726631469102,-0.663350702724652,1.12554153919944,0.919748430998544,5.64532013143339
-0.369004563561814,-0.4725944191743,0.806976396777821,1.67107582419916,0.231479949270936,1.0438012638358,0.116051107898567,0.974013503981354,0.225663888011559,-0.263469383919895,4.37982123558794
0.0234046930659817,-1.68842848894547,0.847800242030473,0.136069156754299,-0.26243561025945,2.44056516016284,0.199519772489181,-0.550009312641083,-0.63067599384538,-2.47107061837702,-3.71668599321282
-0.466847749505302,-0.451369061767728,-0.488502676931195,0.0645284005972292,-0.67857733258246,-0.148933651308661,0.0272561714606631,1.47678419219462,0.634898012982715,0.694688813984486,-0.0973221195280727
-0.3833094672386,0.0566765352133661,0.244693595067223,-0.359632897963861,0.294976141816527,-0.812843714446619,-0.449401338921431,-0.839007102149742,0.69478904058438,-0.157507168176581,1.49269402818346
-2.06880219136554,1.1796943254359,1.05453335412547,-1.04952164464837,-1.12326607533376,-0.183341165502606,0.346636835912293,-1.28931133708629,0.970038312774352,0.606953284074132,-1.52090279721787
-0.962012773030005,-2.03388739932028,-1.19480525954318,0.534542030420678,-0.561959265574505,0.0568430475222988,0.0253038997268118,0.015101881845591,-1.0594115724524,1.89490150338229,-2.64361263631305
-2.0572458355558,-2.23805638249893,-2.07532744066621,0.288974465140581,0.218652593645062,0.606932359390127,-0.492223217153669,-1.4868251099534,-0.347121451917261,-0.367120453015427,-7.40603909145828
-0.83502869477595,-0.30803099614766,0.0977713169950235,0.973660476556949,1.98452147978299,1.37500596943477,0.627505435488481,0.917992961318815,1.62116368139141,-0.777092501808705,9.16455266585342
0.639027651951042,-0.215980962866185,-0.613638774612139,0.509343341855723,0.624270529815434,0.0768535946153926,-0.896493470783153,-0.158906020338734,0.883966666920369,0.149510612970302,3.22206187537805
-0.333145885676305,-0.389280187051585,-0.633311318874477,-0.308395621446986,-0.205494361545478,0.435097751309873,1.59998785792031,-0.126825254464023,1.33315686942116,-0.86898303395986,-0.621488398729654
0.402957616332724,-1.18891597876957,-0.549262373849265,-0.530100898295874,0.806556243232924,-0.57083425490859,-0.120054197880831,-0.26851587424593,0.0983806381085061,-1.44965559323106,1.0974866206493
-0.891119800211504,0.472997033318553,-1.55075437074515,-1.14431506853354,0.493307867384471,-1.38005168697645,-0.387033199152041,-1.11591746349549,0.829479964560893,-1.08340764615398,-2.6087600837237
0.193918079598593,0.0664340781440077,-2.09768613602658,0.700709325584392,-0.268077313619731,0.637394582365433,0.82163315340187,0.127071045998664,1.34247707963669,0.830374674517124,4.27998429221561
-0.475535356853954,-0.273506053613,1.42007794925788,-0.00851821273332079,-0.0684293338420308,-1.38062128709682,-1.92918937100984,0.327226231667758,0.940053720866285,-0.708177755897739,-0.874125517511102
0.328351866889445,0.27624082471875,-0.335559158680182,-0.491463532858874,-1.72278562781258,0.482335208692313,1.76346645182658,-1.62180908725228,-0.347095940169661,-0.442751532290124,-1.25737125682463
0.883390536622695,0.0182516091967121,0.677947471276205,0.821657959671215,-0.875814361577823,-1.12111861983511,-0.168799234142668,-2.0317432814668,-0.552088088491785,-0.590394492723635,-1.06063225099183
0.483035308527136,0.416146883103043,-0.0278804049259211,0.162930703121705,-0.623942024678125,1.03734167679749,-0.119250244870196,-0.619267622409995,-1.73235813487924,0.604370387150528,0.0327954670176601
-0.49925595576958,-0.0115597115634362,1.09546886830289,-0.930680975762635,-0.106129512097305,0.83661177633393,0.29106215081729,1.07036666996475,-1.08476795342462,-0.193869667932532,1.54327401392262
0.28772574940448,0.906374625198539,0.769961992984481,0.687975155632519,0.948099743715593,-0.182859080841973,0.274926253023308,1.20219080851013,-0.281808406821053,-0.609251192104251,5.36045607318416
-0.859751784037155,0.619949445859,0.912831113861807,-0.194226349057992,0.967209302547626,-0.496695240150084,-0.375070283679451,-0.448431283686954,-1.87174317384801,-1.95218476965799,-2.41246297417908
0.129194135207936,0.567959428277186,-0.40053784089729,1.99345663557416,-0.174906595730195,0.253685680038048,0.22341815204455,-2.14547377599976,1.4539688186102,1.31085990348697,3.61919884887832
-0.413291139225897,-0.117049338157431,-0.698865294419376,1.36483076870583,1.14075301555272,-1.04436121404888,-0.834564564091096,-1.76424849200645,0.235311255438991,1.70890854431546,0.443602384095182
-1.95840131298045,0.535958596538165,0.595028644178122,-1.45159335043692,-0.497235412720163,-0.366293939334399,0.69886324588938,0.890203457280237,1.13094264340781,-0.579590666852118,-1.63548142088212
1.91224559030343,0.776918002140111,-0.641906170008495,1.05209199580027,0.802031535851423,-0.913532692131449,-1.04384763543692,0.5947349694207,1.24979175671915,0.440750595495707,4.06592520045059
0.975618678038885,-0.42439024065955,-1.35509775502121,0.175946124569764,0.746091324965389,-0.461887765688862,-0.0156167719172757,1.01219480721834,-1.09492071390846,1.34450147867612,2.63174263292835
-0.204755707258889,0.251378612639179,-0.34015280156504,-0.464261863374471,0.0813586375502808,0.568697872242294,-1.43537158931201,0.55628001427446,2.37599368270973,1.01747871728645,1.40295378413611
-1.43303191713015,0.567768887720988,-0.106266551877721,1.00507246613047,0.63293774626043,1.83890193151924,-1.63615909321529,-0.587580978639892,0.231427966628302,-0.509226740680809,2.11744862446293
0.684960306857127,1.12289777316453,-0.932864772171964,-0.883170655074113,1.40956538843262,0.618774215067343,-1.5765914211798,0.0833159398878714,-0.210719843165062,-2.06045973232129,-2.39752916205853
0.012369620655147,1.92564974426126,-0.63993116209186,0.440838905943235,1.11850802851553,0.607510509922456,-1.81431367190652,-0.632597649468508,-0.33650878378534,-1.13250642514301,-0.563917778212145
1.01925712098303,0.335476397427802,2.00007859670153,1.32566572367464,-0.105108349590068,1.45196471853132,0.420067611355292,-1.0562015723628,0.694735777125004,1.95359447716645,8.38592639144008
-0.62149444320428,-0.298461284841851,2.10275162254338,-0.0731191445472921,0.886650728710692,-1.57048628336698,1.06746130948573,0.0410830221907758,-0.118600336095755,-0.767008865517251,3.088476784462
-0.209094566121887,-0.144818440258725,1.21609752202805,0.684101616337749,0.969366428902597,0.236920474462356,-0.157820167027749,0.21605633649841,1.54469384696292,0.0362560655398327,6.52944545738929
-0.469326260182891,-0.576317549742052,1.51905705035,-0.709300872429382,0.894571016009492,-1.56815321754544,0.142456772128426,0.374825431470571,-0.584411969884047,0.580541540113598,1.36953414664207
-1.11602463449473,1.24001149105126,-0.184812519435443,0.272386004805159,-0.0678429698732547,0.959406828922332,-0.702509132674912,0.490327916234744,0.136339920538211,0.170722688360891,0.940441850423768
1.3082932890575,0.766981153420892,-1.10388678134213,0.0338394092866901,-0.0138737766059193,1.3235287168088,-1.83141156722147,1.88061912842449,-0.210888040992748,-1.88393088237577,2.0004764116689
0.370248231929834,-0.720683513350489,-1.36007076409957,1.27784937624416,0.584903632946912,-0.551763557133834,1.79365681086358,-0.74628754470127,-0.152021811706045,0.946734928335092,2.20680249630632
-0.0339116749170507,-0.82932924027117,1.18478348107367,1.20581538216514,1.04259996817023,-0.74891944892876,0.40428272281439,-0.786076086817684,0.756642556701884,0.216831209988528,3.086382397632
1.44006788865414,-0.243362762253857,-0.313297969010292,0.486832788764842,-1.24525837590582,-0.218239517478376,0.940840024327487,-0.45100989779231,0.614420585412286,0.110750118998839,1.86070444170627
0.591728058092786,1.47858208011944,-0.251080357547976,0.741780332487875,0.329240339836791,-1.80102917771014,1.18664331595193,-0.453331017089411,-0.115713778002445,0.424603514076737,2.95215981883589
1.02187502441323,-0.283238631466718,-0.799360062584884,0.388696414998739,0.630435360710881,0.91746474288497,0.669563627175151,0.208711217032721,-2.61416322566853,0.138113514013518,2.39985485770944
1.54731619766174,0.297163594834547,0.441298090109703,1.22344723638774,-0.958542823513101,-0.668684083700312,1.07826448225934,0.569398407322943,0.784499873575926,-0.397716817253139,6.242172728041
0.918704077293405,0.191051802794228,-1.39557758353775,-0.330284912045946,-1.19054086295943,-0.759314783074069,-2.10717306025239,1.11069056588144,2.03367784840648,1.09265160318562,-1.04570810536353
0.328269233408804,0.0619876549880555,0.974043000614916,1.34788483829703,-0.244828207210903,-1.10190403505733,0.5529370147295,0.180077699280756,-1.48246622479207,-2.28174701027697,-4.5071938252538
-0.112064388291572,0.418907814647318,-1.08943449160857,-0.858357049285007,0.047020549316296,1.74747658405842,-0.867249560635009,1.35297824532783,0.313286729676671,-2.18470546749028,-0.49739375595395
0.282958819073737,0.566707610486794,1.02246886444029,0.61511189096661,0.627047588006321,-0.263522884894938,0.385253469410081,-1.71809061956324,0.355195119512427,-0.696477864817183,2.17543079891896
-1.64152206713181,0.595906209427968,1.5096818448904,-0.517047565808328,-1.00516317133688,0.889796056113131,1.68074339550932,-0.46761363454586,-1.80933823208271,0.843018211658555,1.77520135331242
-1.48443828551545,0.0172345436512563,-0.41758751382009,0.739220599918699,0.108299605817283,1.09570774494565,0.406390831936636,0.244178909117505,1.60834815745209,0.539201683951445,4.39653943289237
-0.779476727044784,0.746019504684068,1.69435783510645,1.55979372301839,0.451747365347225,0.688783352193199,0.213474074868309,-0.557028792325151,0.553456744129255,0.897377114676813,6.42430115183673
-0.130286050074492,0.180648339030341,0.380814093533818,0.907650116026613,1.32947308011014,1.29397228725337,0.241199672384655,-0.130190400735474,0.571385686240098,0.142484278590625,4.68336424296773
-0.892104797007255,-0.741101832902238,-0.191956761519427,-0.0114787053605193,1.69066370579237,-0.02562613413045,0.182162631020081,0.965218582188047,0.00386250871625913,2.38656404468898,3.11897328056499
-1.38568699281091,-1.03443759164656,-0.476003965817453,-0.512725987711631,0.130813712884678,0.271149130805498,1.9735587312271,1.88270144747741,0.952770520698151,-1.03883778155056,2.30440534047609
1.17916591886073,-1.9233526801372,0.351098158492775,0.259739854111655,0.912258461094904,0.018706446550738,0.654325355473602,0.273524412400649,0.318348562034751,-0.146043219858537,1.452045315236
0.348660826447892,-0.274879828635227,0.235564467875783,-2.56297499211253,-1.35913515173151,-1.96804419581107,0.694755394337103,-0.604864295626599,1.18140014585229,1.27670974903512,-4.11912430753878
-0.0925641525032921,0.470390761388755,-1.46558342827245,-0.539546627665412,-1.82966596434471,0.242717890347876,1.26471165259108,-0.853416264244576,2.09046746562828,-0.578539531357604,1.4535223857642
0.217316810088477,0.30733336539096,-0.866022253894511,0.0101745067383275,0.412901871745696,-1.67754859777679,-0.72003252573121,0.306272431357123,0.0726875638645655,-0.940223606871568,-2.6623809670546
1.63826963642903,-1.64320920828874,-0.064749541105602,0.746567375720572,-1.84913793472997,1.91145588415843,-0.931251163981366,-0.889414111008115,1.97964070737739,1.59719239369611,1.72774765667862
0.213474820961335,0.408294136543244,-0.823761855501148,-1.51547763333266,3.16719644678018,-0.971280951332366,0.0529931768365228,-1.49957831549463,1.06527366133424,-0.161071612007867,0.427958223593051
-0.127058847775087,-1.94190623086083,0.973150581319052,-0.617842937181165,-0.633572895644781,0.253066790302574,-0.0689412297536432,-0.624360776047115,-0.426183518445515,0.422184044565959,-2.64644130985777
-1.13548928624054,0.341049906783664,-0.0994475456397039,-0.0345489103990374,-0.831772301865486,-0.0422172792176344,0.0620388069270073,-1.17394829717367,-0.506967948836809,0.796473630909816,-1.36636999321391
-2.38256986028164,-0.322707032593726,1.35453265479175,-0.57568725237802,-0.771968071537747,0.798622613437045,1.67386433259155,-0.0986256196189124,1.02494166035182,0.0871330153366647,2.49049463031649
0.0113974346916304,-0.0640480283364646,0.625342050863145,-0.471599293826288,0.214724980884937,-0.792439467139369,1.02558761015433,1.63209285055012,0.570629596924199,-1.54721172136248,1.52330740343573
0.204403670991595,-0.736287704438876,0.417326084777803,0.152838246835733,0.677375832243791,-1.17075155147722,-1.27720215707822,-0.387147447659521,-0.0999198624109596,0.446927029919927,-2.25478888347736
-0.892525110978618,1.91886784850322,-0.129879359979976,-0.98383836215629,0.846071750941638,1.08127129749485,0.612325824181446,-0.310572169024099,-3.1027811098801,-0.748189003196125,0.226138889204628
-0.0533885135145061,0.512547259049109,0.157661801516465,0.0402673418067626,0.154594218299659,-1.14263695469376,-0.905202315434184,-0.644515162904687,0.273216079969188,0.866437299014138,0.757272029366423
0.0565233962000179,-1.04110817200099,0.473979483473817,0.107214361163939,-0.0494007884199501,0.0835101613470841,-1.03186250551194,1.72637783154376,0.199868230767939,-0.352350879578519,2.74195975215621
0.565066774878656,-0.904172792059033,-0.869988845642029,-0.137775099608122,-0.431591518475972,0.936380410890866,-1.09671599072492,-2.28325096625196,-1.56932543128557,0.815564982146916,-4.5767001607615
-0.435749013983384,-0.388048340187342,0.130731108787654,-0.499053179056711,0.433589891372478,-1.16982082338162,-0.137109780930615,0.178516931735724,-0.827900110136033,-0.301553848623668,-1.47519555368349
-0.107893180238456,0.57493822337614,1.3336890220371,0.995200127450165,-0.714011467447989,0.401328003038909,0.194173945068922,-1.52395211372801,-0.996017057101545,0.360514892660372,2.08157579023297
0.0651231084811587,0.7426516019384,2.39977699687566,0.495284864691462,-0.0804840613097803,0.101122953411758,-0.0473460852190924,0.743243854547653,0.152403867128001,0.245470238860826,5.69310861517916
3.83598610320399,0.123961541945036,0.977016160890433,0.0355056736538625,0.29469215029125,0.965750208327557,0.148331267845362,-0.260183370664831,0.794803259720274,-0.333278281711418,8.50005081057706
-0.679481636163373,-0.86924474901529,1.62799991791333,-1.197978976946,-0.541036525195296,0.933857030055795,-1.68755416992271,-0.667854882612069,0.510490488579387,-0.33580279089629,-1.52950471943388
0.473740420911359,-0.509806597954143,0.23899285827152,0.739970888720701,-0.827389163578951,-0.169301827769391,-0.283950765933019,-1.36576387571616,-0.42412621337464,1.01366924008976,0.940497712341904
0.613251320093733,-0.0016274724975784,1.58105164548498,0.897549236235479,-0.521682801779983,-0.907938636797938,-0.796258909168263,0.0814673294756352,1.05759648982638,-1.35760591607015,0.679840842844826
0.444127625008995,1.36851278509252,-0.0772022375556712,-0.731050940788699,-0.557093927694687,-0.642216016386966,-0.396642576813264,0.0891507929620552,-0.242685969226201,1.95268923288022,3.29900541270897
-2.37741225500925,-1.68971063561179,-0.266490992977837,-0.720342175051211,-0.785610128156284,0.165326155202613,-0.344970111418323,-0.551287096930944,0.404122328449267,0.0281138756476111,-6.30067911709942
-1.28318875543021,-1.06316687557247,2.31069179506364,-0.0128323358375508,0.520078334398181,-0.86523662871197,0.815717153205694,-0.180791058569593,-1.14467924665663,0.757182844738028,-0.596674983012633
-0.496687540271978,0.139912783921314,1.36920290664148,-0.209504735495791,0.738816780222183,-0.129825367367685,0.55270690096858,1.58056818156587,2.02090917554059,0.156711806900546,6.31082647754106
-2.56734402361392,-1.2034082472129,-0.812894787154708,0.0382230110802955,1.30511592545251,-0.0372422016633708,-0.621902410127209,-0.465823392822751,0.151599039611547,0.378854697564767,-2.66553794771628
-0.432247858046317,-0.812958267016248,-0.00535977931184668,-1.7855684220054,-1.0647495153073,-0.273480318786234,-0.0688030033180726,-2.07235220479985,0.239504598108798,0.318791270717954,-7.96821365643181
1.82822098515835,0.358433613711946,0.416258185665646,0.630456590294191,0.480145702116896,1.52297786023378,-0.0463306501331584,-0.19808579052273,-0.0629121068757987,0.140364019792435,4.45046686937733
-1.83924535371869,0.102606526622679,-0.147750331085307,0.54360382441308,0.207683480980557,1.43726387472152,0.819680054498432,0.771930575634524,-0.309880337273037,0.912145993353593,2.62511716951194
0.284065625424293,-0.987740373635364,-2.29724659059917,1.07938999083487,-0.0951412294786664,-0.956834567700741,0.823585911928605,-0.94614361931307,-0.359299992194234,-0.12160186938117,-2.25855409128143
0.0428228286173144,-1.58846370053978,0.523257288818181,-0.865901822542038,0.953296216095098,0.662265772986172,-0.532587006798366,-1.38222409661319,0.483146748000766,0.75656199160468,-1.40879440825257
-1.34811573681889,-2.63180231810137,0.57465125215517,0.805730952211358,-0.806486884795208,-0.380508958255996,-1.15934878134603,0.0535092686856626,-0.914421488091597,0.421867808434501,-3.11094941934043
0.636966813936519,1.22160144781195,-2.03139949877165,0.703500633314535,1.71727168518499,-0.00840429549378906,1.00343980972604,-0.375207168413259,-0.0306606181441836,2.2431042253213,4.93551865307452
-0.620094254547703,0.351028011499491,-0.905530911153121,0.791856023779071,0.911890181390908,1.02117590287411,-0.894269617905906,-0.180498495270325,-0.712708958089796,0.843085906701191,0.533229900208009
-1.47597143673652,-0.048695451768637,0.395524083932029,-0.083502919913571,-0.736954042523093,0.824022986123171,-0.76470766841938,-1.05074088305789,-0.571414166473786,-1.02617803189446,-0.721856962286648
1.15409807665152,-0.0194019434453335,1.91333878491166,0.0786228571956742,2.52596282610253,-0.312996337605323,-0.250968760907701,-0.330681468825865,0.122891724205135,-2.28689917960112,3.11170702022964
-0.14215101948616,-0.33264250654793,0.716356941537362,-0.344562581924686,3.26655074481665,0.721698330094313,0.748452626143242,-0.0456766052129765,-1.88699163125786,0.0566160288877948,4.38875085642899
0.516770034463787,1.52010111015977,1.10177513519193,0.523987978637636,0.419177216290993,-0.468102923028192,-0.294385992588388,-0.255066155885362,-0.320671599596483,1.34926823559041,5.27568770941286
-1.03351541266156,0.124335641559959,-2.21893833253286,-0.389847482049532,-0.1575543994199,-0.597826230682425,1.40499689969565,-2.42909737547958,0.368656254208912,0.563176262676157,-4.57054695893913
0.985134108274614,0.241814042275551,-0.169980773242027,0.417215855139553,0.170161827581534,-0.782817023975996,-0.187041638956165,-0.819011555253207,0.540806254344457,-0.490625803066542,-1.51983243022052
2.05731796827195,0.374062356997328,-1.00218124742748,-1.22853346744034,0.811624267973277,-0.0404539851805086,-0.969787264650178,-0.14066345910809,-2.3550399119797,-0.499677698303487,-4.71959271356475
-0.967797005377599,-1.03342125781676,-0.189119392280894,0.449533760618246,-1.51506900921721,-0.0383797251412863,-0.347688167807745,1.24988809575199,0.855978099153753,-0.429671318789176,0.5537982330832
0.286685782413241,0.203348919755881,0.243963654711907,-0.0613823663796205,1.60569920456514,-0.646359315361738,-1.59529870648126,-1.67908420433119,-1.67843349567483,0.900185480798161,-0.966638690002295
-0.984333540760027,0.0109938300563658,-1.99002705568336,-0.548592466492818,-0.43776963212223,-1.956224455525,0.83940035907086,-0.274985561548814,-0.789666519530114,-0.00561819545357878,-6.16652281703779
-0.0449673111455171,0.724209543744153,1.03678369325543,0.455586172793212,-1.41640346073099,-0.228514797037806,2.17678330840853,-0.211261655548566,-0.464839052817589,-0.108306163639522,5.27857334960921
-0.0787666289041384,0.266800978281045,0.0442886346212636,-0.931494286071661,-0.96107851995397,0.646281054969275,-0.801290784803946,1.36907061761867,-0.925708657564644,0.601281712221607,0.00287125625252221
-0.326214362261943,0.817857305578001,0.874511034409034,1.08625183316686,0.555256899191823,0.0340417152325678,0.558667033976857,-1.06909785307745,1.68517091985174,0.515961763310484,7.76737096535392
-0.943437502570257,-1.4359121989967,0.636259523488891,-0.473509638941893,1.89907097033996,-0.0512832215760818,-0.460071935998837,-0.403019932446196,0.901989025096512,-1.52954137824012,-0.734197112134998
-1.11293187656082,0.868845864021179,-0.789612939088239,-0.317017464151204,-0.861427940756185,-0.0701516759802621,1.40085017402805,-1.1578336903573,-0.328263552162797,-0.461807385448563,-1.71062435877686
1.93400471357372,0.144327693484065,1.12303267671703,1.60622353109827,0.371460954434659,-0.578956076065995,-1.04835090191159,0.857836943479112,0.124021412173167,-1.31082301316216,2.42995202363956
1.52464745190254,-0.347694479271672,-0.830706232447173,0.875846725163276,0.761245249045343,1.0050959520201,-0.66963794572196,0.348479327635863,0.703171492464822,1.05466379151947,5.39572656702536
-0.0560270370647001,-0.625944070037875,-1.27828002132192,0.701531160634026,-0.956542757369467,-0.472974635080768,2.40140081980708,-0.000953259120980029,1.75740450746557,0.653996263071032,4.12833651127228
-0.360744248806027,-0.577197213160414,0.505901238230657,-0.713190485609226,-1.03910925153837,-0.314736482518626,0.515689040085701,-0.204810290359117,1.12238351227544,0.19767919573429,-0.411345583011708
1.78518984913949,0.590454285115606,-0.834223800921644,-0.999774361140284,0.5861180125021,1.35219403021563,-0.0367353679234541,-2.52748509814407,-0.736108437755351,-0.394480317044081,-1.67804374598476
-0.906668284391645,-1.01781457611964,-2.03488407628286,0.0835295781809129,-0.811145648093349,1.52233920522629,1.02453459291182,-0.104160150430625,0.318326817513684,0.406660383337873,0.293101410583172
0.738577484864191,0.74315846118203,0.0677089825778554,1.43925860988923,1.41695500394554,1.49635304024382,0.817703562006185,-1.04135230595513,0.762402591844197,0.971272884761596,8.46976889172829
0.467488239180646,-1.4439400707847,0.88590323882047,-0.426743144944406,1.27815620042796,-0.906796467237601,-1.60861694044797,-0.175038644142389,-1.64003949900912,0.73619402735955,-4.06334087999162
0.936604059366113,1.01354196718561,2.10412497308437,0.395729453019865,0.525560502523565,0.809839950411142,-0.695765915286264,-1.18234488100592,0.111672570155153,0.264525501368846,7.31389217432214
0.52755895615614,-1.44146524446201,-0.681326061456627,-1.01432046147613,-1.04918097020271,-0.658755805385264,1.57053682513467,0.114540467319268,1.55619843267804,-0.261280494738591,-2.35421177846554
-1.11167195449881,-0.0873303231689469,0.723664063695967,0.28496722872306,0.094541258770215,-1.08324854958653,0.355687788695485,-1.31486548367643,-0.77377979403501,1.43652326903935,-1.60562733040971
-0.0554724722655496,-1.41040614659431,1.33709971518345,1.79729734067048,-1.39012150731694,0.56301100247871,0.550073898160985,-0.241391470284279,0.125638217403973,0.612847236408429,-0.85063439789654
0.105391684226045,-0.138194056900746,-1.20116849662188,0.46250959458219,-1.32577006617933,0.0345165195346171,-0.691252609600503,-0.743133689695766,-0.385414099650939,0.575792413302433,0.0332280388424038
-1.18813790932654,1.30977954201123,1.32462314265164,0.34493999968255,0.534080132132476,-0.755699912788903,0.448557447802053,-1.7004393078512,-0.077170762269983,0.947331646795045,1.26908595923442
1.58463900015481,1.41177025769019,0.497763773471616,0.851127558793534,-0.0182151217563857,0.916271159623626,-0.320819020066461,-0.841382869972908,-0.815528124353998,-0.801195617964487,3.29742819822486
1.49750917636207,0.821553089142438,2.27843267798232,2.16043190881341,0.682079394511903,0.165471656483972,-1.69871943125829,-1.02768483953129,-0.945783560581736,1.33484953011401,6.30291073019943
-0.679856558298582,0.423284721463244,0.75102681427726,-0.56096821232501,-0.940669427823532,0.547329128389464,-1.0790116183104,0.385153246380213,0.597973524940895,-1.20695193925133,-0.211476426479016
0.868309893245979,0.515058919233814,1.25437965999889,-1.2587041663796,-0.0861857355275616,0.151709033199857,-0.815442094978569,-0.339716557126684,-0.849132569507003,1.02801065738426,1.69246308390277
1.3868638708507,0.606503320096011,-0.260106224680094,0.261779229516663,-1.11517283657024,0.0967590523312172,1.25338645463524,0.949990852951512,-1.60323175021874,0.417158705946985,3.20914007148763
0.0584677319379194,-0.637941262392451,-0.695322393454297,-0.492415761924703,-0.524955883480435,-0.16405556381565,0.639011774013296,0.00520793802079617,-0.030499279269253,1.42376662584632,1.6889655189463
0.0188488560823236,-0.826596864482687,-1.18619563336095,-0.838067030178543,-0.667277963081378,0.947716821314145,-0.750197789024654,1.6139366548631,2.05360010695571,0.616026383523719,2.53142081655129
0.072017982545323,-0.534697214300443,0.621682194592808,0.542918555956673,0.932945453909631,0.66892574195703,1.14993534048016,1.67824690968998,0.108024421016326,-0.050363413582037,4.67596330168473
-0.950031893188918,1.45999080554836,0.790626012396389,0.278336466543634,0.897397625452465,-1.51998533976608,-0.232058865101098,-0.2274276574947,-1.36245340210384,-0.123302331797872,-2.16322351247846
-1.83799368075491,1.58072748764987,0.501577397839242,-0.331679275625622,0.667350963266648,1.08820481278062,-0.378700337563439,0.121106346565847,0.374891904839874,1.61539133938729,2.94449094185067
1.10883771393489,0.574596970366659,-1.84334276399414,-0.733376624873311,1.99161532804057,-1.83154588165199,-1.20062264054657,-1.19105723281823,-0.864295702984682,2.10051106523159,-0.79761428595584
0.785897687797249,0.00170380711451394,1.87130516343162,0.0873653963694964,-0.119904486183489,-0.487894908479694,0.775487881389192,0.297350916800307,0.909064302157706,-0.649238194408535,5.54395652815645
0.671348998548698,-1.30334761405759,-0.917305689502387,0.16679616495122,-0.288367205132013,-0.231405716046325,1.24563753433865,-1.73219499544487,1.90559602593427,-0.898586438936254,-1.39067451814759
0.460187486190602,1.33865053090792,1.7327106803854,-0.759066356372814,-0.81042962386291,0.306625967452715,-1.22511600959052,0.312960197748778,-1.10107452484161,-0.160378289160362,1.88740535324886
-1.30905857072259,-0.250375672782128,-0.933765449049715,-1.26854367202706,0.912581500405111,-0.536152277050582,0.238649900671489,0.499082864041088,-1.35234202205784,0.726833688940673,-2.28456889098368
0.273002224379821,-1.21829064259407,-0.364282569469885,-1.95154085975405,-1.84615321982221,0.437429632822387,0.346297743724736,-1.49470069544371,-0.483171116038528,-0.578303025503181,-5.20317043773524
1.29705047812873,0.706727166692463,-0.525904712711502,0.795741398736986,1.88857579960044,-0.229213647479266,1.73047392179549,0.598204121302938,0.575262678260817,0.590305881073016,8.0641911778459
-0.70706250672633,-0.0642234218308568,0.870640807183042,-0.501332778281689,0.3468048778658,1.98409553471745,-1.24077373536973,-0.0766096542405895,-0.82807167425837,-0.232769219848501,0.510800687573106
-1.0908601017974,1.72088022468538,-1.5134077120786,2.42916475405544,0.0352757489208402,-0.156751765115587,-0.283352314173915,-1.25994392956285,-0.929808172485851,0.356073854754722,2.484912927538
-0.170256258631714,1.19822692261703,-1.50686864358826,-2.64954906500067,0.202500967566791,1.75422045336238,0.407010235961305,0.354102670395711,0.357112376796699,0.775043712153287,3.39758895722871
0.546873790035393,1.18528535713725,-0.597275761147795,-1.24922819271634,0.399856918416471,-0.156733431286653,-0.802574821636579,0.406946176132128,-0.637914489699178,1.89332419096818,3.21670700995434
0.189619949767446,-1.10682255199038,0.129337222168733,0.463185007041346,1.39307788027866,-0.585475836096319,0.193517143275923,-0.397129255973097,-0.628432763665325,1.22406413110474,2.11447777813065
0.622864060775186,-1.72583411952951,-0.960799837327301,0.915427680360121,1.82288095259526,1.78607849479546,-0.184167876367711,0.677329789523203,1.92836965196568,0.42369439609124,7.07153406809737
-0.612984054198633,-1.88897250467064,-0.542686755266502,2.05771634105392,-1.78487192301366,0.115072282522254,-0.350936974994075,-0.597783132043782,0.989185177543968,-0.159591978835018,-1.45082555819045
0.711275054665575,-0.454004750600648,-1.43198281522411,-0.0601753579494034,1.70846099735403,0.783325260644924,-0.329481843464906,-1.16874567529766,-0.912279970998345,1.22644693087291,2.6409535157297
-0.163606723483408,-0.610253166846604,2.25950782419018,-1.76245227131016,0.0414656771860184,0.738241038976618,1.49790480793899,-0.79887578702076,0.216252356887289,0.288362478264653,2.32315856586148
1.02451820949716,0.13015065619947,1.84928086757588,-2.04178589503633,-1.8717987679149,-0.0549558130572216,0.664378092190065,0.766386332550507,1.74976064910705,-0.101244394980069,3.13469635514394
-1.9104961760398,1.44660022499402,0.954891186979461,0.376800284442308,1.43588462978693,2.20138992168641,-0.413692076886567,0.17581344173827,0.601096017439615,0.800875100517588,7.55131314304294
-1.12549494013903,0.929801744204528,1.25171150707878,-1.03856540008322,-0.736725167387935,-1.7779601700536,1.53011771978305,1.59960628407722,0.460154878583503,0.0788024384768735,0.90400960026079
1.41947300508369,-0.855815064319847,0.948502319405371,-0.391273663637606,-0.000894616913702091,-0.64074346246847,0.287834037915621,-0.489674337054399,0.419353934782508,-1.24495628180383,0.157219712483649
0.672116550505583,0.0358797535812199,-1.09622956729474,0.140627677706513,-0.764923032439206,-0.643524779132151,0.684135702681119,0.0917575261776737,0.406772449529434,1.1582227635516,2.7270008616126
-1.01582313914468,-0.04094575632772,-1.31315356159852,1.46958468094846,-0.00106167150100265,-1.95831144558486,2.05739789136065,-0.527134041056233,-1.68948234120013,-0.177304570113741,-1.77724415557543
1.0285005371522,-2.14971682030339,1.25801978327826,0.658759656292459,1.19599847890174,-0.878165351742172,0.569516753164873,-0.647785694677532,1.22138362535779,-2.21244834263842,1.04336986098909
-0.00899614589421056,-0.636047580414052,-0.639057409535753,-1.08696750526037,0.609434280019757,1.4626132007044,1.59364489408186,-0.805481743174759,1.67698174703564,0.622487708403082,3.5506591464581
1.96611281258441,-1.62347816399472,-0.209944371499262,-0.216887893337075,0.467744681411343,0.10645997268144,-0.258745361533992,-0.547536457595201,0.807952096146095,0.618995408732934,2.51361414693872
-0.447020211433175,1.6707172356547,1.25926465969565,-0.269477031142822,0.244772391396202,2.94301860036196,0.837166739293606,-0.795759599759851,0.482796233394125,-0.925656475555198,5.97506713521112
-0.658229637277409,-0.54981497295757,0.676132352653951,1.32763623710801,-1.40800224611942,0.28523437282039,0.315303999211481,0.288703605956555,1.22925460266206,-1.59588753456867,-0.429487544209318
-0.577413297099633,1.08438574394039,-0.458528097641109,2.1500172729878,-2.54077752892739,-1.7563723791042,0.636106153556105,-1.16329312309509,0.455092364186216,-1.03496856596403,-3.37757987705173
1.35602824820341,-0.336991468959483,1.10344555215259,0.207288387537947,-1.11984849484987,-0.387460177098981,1.18370024085348,-0.782050225717754,1.20971570017473,0.794236453021581,3.56321270376429
0.331379420996782,1.49965204817231,-0.400372162402446,-0.159694412529773,-0.911773450183897,-1.41845862049217,-0.0370384161145963,0.289634337925413,2.33720774630299,-1.95482601161895,2.54456830196142
-0.196501582416266,-0.665922348435804,0.86543889557257,0.520674471100615,-0.766776539462038,-1.79527945117456,0.524851932555176,1.51161888379161,-0.980410857724709,-0.22852703991908,-1.51708008081837
-0.690918626004889,0.386133567941034,0.849094682168076,-1.14833688252013,-1.61603485074218,0.244487090745048,1.14767362806501,-1.72634162425283,0.336486015603528,-0.96109202372435,-1.34963639247781
-0.244360015044175,0.518101215397938,0.0684604744431038,-0.371558961044291,-0.0334600023746467,-1.03912420079142,-2.10279062575757,1.23387023920008,-0.485667343947016,0.512005405429433,-0.105932915651514
-0.249874173057924,-0.125278728560373,0.224290382158213,-0.484809014186334,-1.15776190991165,0.143211353085974,0.93542760271673,-1.13802253043266,1.90273878965275,-0.911485737802727,-0.611873578889386
-0.854073698755044,0.579477858634783,0.258226453418242,-1.95730849212014,-0.947097026268719,0.755748463960526,0.849651117897906,-0.0472547466924137,-0.482751203820544,-0.0972233516264327,-2.33541547217916
-0.812412577752226,0.532770381154469,1.21413654877126,0.581084622236417,0.460055502941514,2.20470369879753,-2.3627117801907,-0.838807777422743,-0.512380247490763,-0.652394292208055,0.197391927841579
-0.258629097886457,-1.27036378597076,-1.43241252078718,0.0357310017548199,-1.17767994306669,-0.528185865240358,-0.42019218602105,0.178458221376653,-0.743259873830178,1.08032548563539,-1.51725955600218
-0.127076818191207,0.529575353471888,-1.36936078482372,0.257413405700398,0.254180014022081,0.462372506274376,-0.926322474390879,0.381779246644066,0.278516913016097,1.37018904828168,0.64294179596166
-0.203894140872153,-0.776087943551864,1.01020309088812,-0.0402672395635929,0.602653584694051,1.19270781445141,0.151867705489757,-0.3525977026558,0.392723584108164,-0.697304514497648,2.85691543011913
0.466422957682983,1.03529531122142,0.159442523900112,-0.666082765709825,1.7334912448003,-0.84570008162798,1.20186180333745,1.02987447548059,-0.410284276016726,1.02216581314543,4.15374746573438
-1.0791250202846,0.696996307797005,0.575186345518205,-0.40289943931172,-0.0630752076124715,0.421107374820864,-1.82384974086594,-0.581603649467003,-1.06148268299826,0.668472391307609,-0.690327129311704
-0.362586702013951,-1.66746128307676,0.821818180050568,-1.32329528082603,-0.499619803122689,-0.265772333258718,-0.52132679279908,1.43522307259018,1.52518550363249,-1.72330537485528,0.494715931974546
0.149657173243244,1.38885210700756,-0.361984959816765,-1.7851040415683,0.244654568302384,-1.46644055637191,0.710291478962298,1.0278994832763,-0.954235580287358,0.320318126339885,-0.726825985959428
0.570870105791417,-0.989591094966401,-2.01243550571164,0.381992779379815,1.2724671481676,-1.02097674849974,0.165154146190057,-0.638480852594844,-2.01845003507618,-0.193745591186289,-4.18839264534562
1.0886995731098,-0.0362220469479143,-0.573254184816431,0.726045654675953,-0.0636264220186499,-1.20133604568143,-0.451916216407097,0.346811246879192,-0.70391347718416,0.118186208605169,2.01303848198594
-0.209219343357073,1.23457726201746,-0.182784405107937,-0.919872779759772,-0.954081589357032,-0.899558795274818,-0.430594951518424,1.35471334880511,0.522908733255285,-1.34057640954506,0.907778239732858
-0.65600543290061,0.118836010455042,0.935721496656313,0.253320177527232,-1.26434599421521,-0.15154263219345,-1.69560580371716,-0.250318133215652,-0.453029706340519,-0.381985546277587,-2.90741956687659
0.345799934776736,-0.377395122364994,0.282579532241844,1.70273648043333,-0.134376037012332,-1.63171821440223,0.352671198942138,-0.497098123719601,-1.06124095016881,0.605509002268292,1.14796988130278
-0.30427388515151,0.543940267311601,0.486215584074836,0.440305641263301,-2.25108278827298,0.149780895509685,-0.426508282866673,0.331334859434419,-0.543435017688321,-0.363402679592222,-2.02728598462518
-0.83246306337188,0.97007699742908,1.14121885551482,0.91843683816107,1.20779850245045,1.07294354360657,-0.893310227187516,0.49951062203094,-0.894686409933451,1.2561741139149,2.71773777201101
-0.801928876028608,-0.685979233015341,0.449737478192373,-0.353748189392055,0.874956692098405,-1.1386582468397,-1.72489946562889,0.405600047549217,1.03212640329717,-1.34806981340562,-3.70841143518366
-0.656472402231125,0.244490663371669,-0.442027816540571,-0.400674871096677,0.732697807153476,2.62449007466964,-0.523462062359147,1.16966158050597,1.80598987173436,-0.696226190763326,3.45801353734037
0.133863053197009,-0.320829069762205,1.3250722623456,0.95811745411687,-0.522362219934883,-1.25913174095403,0.537046193804568,-1.15768277454068,0.14133065944729,-0.802328414316247,3.55888064161115
-1.46263348888686,1.12040709633028,1.24642455607828,-1.44837067733,0.788170286434114,-0.710215360262416,-0.491348827142233,-0.429046280649642,-1.69454718439473,-0.835016991028957,-2.74430243531142
1.12229760674244,-1.08417234417466,-0.21423666354097,-1.37956277385242,-0.152221359159948,-1.33608417795581,-0.958398185995412,-0.478409436319219,-0.299900324812492,0.436487758503714,-3.41032316205897
-0.178487117213931,-0.678563814194282,0.13420073955503,0.321704900393718,-1.93665052902478,0.54160161260687,-0.283382366492545,1.16062059251239,-0.305919266836069,1.30112436498107,1.21749383434348
-2.3064689766366,-0.313772355575969,0.679203782506557,0.0264181734942241,-0.132673623911646,0.576196205297414,2.06146330193364,-1.81530371485202,2.15398558370827,0.739799651522951,2.77671194332774
-0.623344518065845,0.284761060509914,0.390321447031626,-1.37841642219581,-1.08907529795566,0.0658755827628706,0.944196929686951,-1.44979470767711,-0.286159207229215,0.594838345533049,-2.60525680696466
0.641093584585463,-0.797688886527084,-1.18802726045737,0.250260138521692,0.963846802567845,-0.701381659378239,-0.303556438698381,-0.565273005298726,1.54226183614966,0.710617629421731,0.412112297291721
0.544514041076937,0.123021772543365,-0.0706350326906357,1.12736906100624,0.600710295475438,-0.669472471853246,0.631379520851508,0.742598703782209,1.25602996883147,-1.28327311271319,4.51180239124181
-1.08626819312238,1.37607380406097,1.0741286641823,-0.732141493934681,-1.72295319724193,0.080572744269419,-0.608565172905012,1.63369937390704,0.357203749990326,-0.264819264371142,4.10390741872658
-0.22611785920735,-2.30128756486031,-0.172173580986128,1.8904865453712,-2.02614581123743,-0.343366237926696,-1.16933058042584,-0.483746670250713,-0.991804965179177,0.574251359891137,-1.69522252041179
0.363244440223252,0.324380554332793,0.844922507062451,-0.106342529832905,0.168177676511665,1.09792815042775,-0.649145702643456,0.609036089804872,-2.06544569114806,-0.334480557967225,1.16115353601173
-1.68533534166013,-2.38909847039576,-1.07721008665443,0.353729620010249,0.0999554357759521,1.60796608854858,0.290669393295702,-1.33552118292157,0.181491520094225,-0.962907187531858,-5.28036932374208
-1.02997116768232,0.983208917081325,0.980566293702003,0.0562639142570175,0.80194092080947,-0.682035645437464,0.813184479580275,0.638072364072033,0.371215580117995,-0.439783954569291,2.16977807263512
2.27382472257451,0.354441226963062,0.900244891766359,-1.38652706227949,0.48661376270146,-0.911435487251807,0.0324812847547476,0.376528292223149,0.391586797531308,-0.429737930274395,2.70449362767084
-1.26365915183996,1.01761222875852,-1.35287028419008,0.928634480242465,-0.647999219921489,0.0419814165705961,-1.22775417295555,0.00487047437061905,0.267824972607761,-0.243913819125124,-2.07637176083203
-0.222425133775661,0.348380672888058,0.165880524299491,0.629455040419375,-1.69106667303229,1.58589476075573,-1.56922425096604,0.244992603425419,-0.598885233379676,-1.54679339198134,-0.200266917455506
