"X1","X2","X3","X4","X5","X6","X7","X8","X9","X10","y"
0.110989026484893,-0.405232910349476,0.456565504315459,0.0632450559733241,-0.258639620250133,-1.20467725355625,0.689823739332604,0.291533651113456,0.257807901500358,-0.727022280387646,-0.0650833506302217
2.50850097380601,2.39087074177169,1.68882204502198,0.859775112027278,0.701932214906918,1.79507313920756,1.71286574544673,1.46056454589071,1.89494918755134,2.82502271747842,17.626936089963
0.838318470266173,-1.43163213705142,0.0478651379324417,-0.897448464575305,-1.46580359598656,0.298317888523037,-0.112715393398971,0.112168798209939,-0.533187681492848,-0.807002337179102,-3.67521229711497
-0.442234943804418,-0.133746552658294,-0.460094957452769,0.162207512820449,-1.53431937317626,-1.77564175199753,-1.35495208307424,-1.32352753201684,-0.957505709608591,-1.381741586051,-6.14180424120559
-0.777363512432578,0.788838171531685,1.2529909291754,-0.300650996071121,1.23627518594288,0.574788782655544,-0.414821243125274,-0.288321292573491,1.03353465453103,-0.0442550983841496,4.50420422473329
-1.13934227378202,-0.167721689839856,-0.142441318464545,0.369217971623766,0.632133307067637,0.500710142596464,0.0716508726642561,-0.720657817682844,-0.801008750627615,0.515041012857259,-0.116198954864829
-0.595213971197494,-0.947177633900852,-0.248170837721042,-1.05664525915359,0.292635351961519,-0.752792633971369,-0.361897528575334,-0.356142443413654,-1.34322717483243,-0.63412673189655,-5.46490670994806
-0.268334550810399,-0.13535936445243,-0.64098999679349,0.432264814617174,1.03680570731769,-0.154664364084819,0.96581597978479,0.301479659987791,0.969790393362821,0.407014748252769,2.20957048637333
-0.951054079995814,-0.629803423826999,-1.74784079801057,0.238035400794874,-2.05580061148954,-1.2399355025013,-2.43766316757036,0.340450668717611,-1.21905267120745,-0.847898047694065,-9.73026867545032
-0.0400847251916898,-0.534687785513594,-0.0498389548360287,-0.220736100913614,0.371284188048078,0.347864860836114,-0.618409635488338,-0.709375393872069,0.91886656677636,-0.516155797472153,1.06569545791136
-1.00832199405875,-0.793015247983589,-0.0060116535793588,0.335918775661969,-0.666291352506822,-0.789097664857855,-0.396621298450116,-1.51803683768862,-1.17536494153087,-0.0123927204932898,-5.80703636137963
-1.24961745460128,-0.599296588466903,0.00884810590028828,0.413860873357438,-0.199231990350125,0.829152087141706,-0.277230561753844,-0.52843818576889,-0.166209598508567,-0.335726197145421,-0.11566576719209
0.427166360174157,-0.237890546893335,-0.460055932526512,0.738564977844645,-0.283435611707519,0.310389705542294,-0.268667600771422,-0.0731653104481892,-0.385605648893789,0.450785511764141,-0.516530970569141
0.927555248061034,0.966568701563645,0.712686487621292,2.75734107700593,0.487759474766116,0.00314262110674234,2.26640580903137,1.2213373087624,1.79804032442524,1.22778519166699,14.2685345763124
-0.495171101804342,-0.702853543025712,0.463372911882848,-0.519243033637281,1.0841825489887,-0.250410557420989,0.207009977221047,1.16411238103139,0.0214166007776065,0.990806671731887,1.91790906331494
-0.940515361616159,-1.34873638213027,-0.768079523502098,-1.04872507526117,-1.27441611239509,-1.22027876067245,-1.82008387271516,-1.98428476995987,-1.48939351626611,-1.89043181884837,-12.7518107838473
-0.690245177143254,-0.277098443025799,-0.0575948375798112,0.247524296143555,0.0849368847757279,-1.24395069353489,-1.67860662116712,-0.432278612561035,-1.6398432545252,-0.741290924614467,-5.2504695674048
0.15403236230926,0.903867994663024,1.73998209480386,1.50173561433148,0.647383729352236,-0.0806222954102103,0.41161895334341,1.46523978554477,1.19038712429892,0.112701041269511,9.43128711421317
-0.651633679790153,-0.713566398385252,-1.10393374900544,-0.300235683582292,-1.04234281126276,-0.528464829520797,-0.717429453469442,-1.70050085567901,-1.99145476922187,-1.36796039771831,-8.83098590472979
0.990845167979314,1.3772657795838,0.295440199713757,0.798148023976049,0.472193467232507,0.78487131554487,0.451163313326432,1.90890013234496,0.5122755351253,-0.670537869517655,8.49719621256644
-1.1868027047132,0.0927234017602458,-0.345001094008085,0.454997504085861,-0.0734978447967859,0.0660248219662888,-1.10019379199667,-0.584188221239851,0.371330310077501,-0.218227808149898,-2.10536345595893
1.07622666002624,0.514154786001564,-1.18930738883636,-0.792879391922123,-0.513478677822574,-0.735943518186749,-1.50999506171813,-1.03060960157747,0.358956892482326,-0.302225943406866,-1.30532567172647
-0.59850725386774,0.36137053071734,-0.196030621517669,-0.400988554961221,-0.492826725905799,0.45781024746373,0.758823067955568,-0.419521104494825,0.405878783338219,-0.084690023378497,-1.15573818521187
-1.97995596413461,0.0565738216979016,-0.481896482175434,-0.917515804573274,-0.851593754478739,-0.274577204512087,-0.833164032978686,-0.332375057188533,-0.616476125266623,-1.61731343270449,-6.52389540291489
-0.409440217634913,-2.47936496802796,-0.297529240387998,-0.705569647839076,0.058490875662499,-1.54740021989803,-0.506510096555669,-1.68193548022439,-0.640161906933163,-0.662007923995961,-8.59483733829285
-0.422141701360327,-1.41547110050581,0.589240885357109,-0.286433780098737,0.711585419451277,-0.420486522079511,0.736901765020098,-0.0142443250455082,0.57603950099865,-0.0582070468102388,0.262486886454665
0.432975623071723,0.130124749539114,0.913982391525843,0.840776232199534,0.46816972129337,0.468962394727447,-0.778147032372807,1.22106247603512,1.14496051081647,1.12221730457243,5.35704826444831
0.811983715528367,2.30241947651526,1.11249074226681,1.06738018173296,0.552265435896583,-0.18577512314371,1.57621903030888,0.334469030848275,0.668284496089939,0.291929601653568,9.20861840302416
0.610051295927858,1.5348893439897,0.584034026437649,0.680490192643563,0.0177755180297305,1.03431172286419,0.361867821544565,0.438816417886406,0.0834081793842199,0.798871798888598,6.72817828686567
-0.743612528744572,-0.965411852262685,-1.51864212812584,-0.299375981351166,-0.894384024022299,-1.96312678795349,-0.366106207808899,-0.575627556320241,-0.687312938755472,-0.73951220187987,-7.23253533678058
1.70003478019706,1.58003040446828,1.612911041957,0.875066393726394,1.15047165371355,1.49364951732797,2.60676159451023,1.08071339967836,1.27793727274215,1.20875638145536,15.1475452257884
-0.879788180439976,0.166247190871417,-0.601091509353405,0.024731756307998,-0.301781725580052,-0.829343822426716,-0.291987106321146,0.0554382568317357,-0.171308542369804,-0.138408725955599,-2.07906285245926
1.78163252042396,2.04004448546249,2.54854823239541,1.07257261243659,1.8699848005054,1.85383446408434,1.39961070993111,1.94324871254268,1.83233491585459,1.14865682908039,18.2224479217356
0.460931621111416,0.913837618179361,0.186764384901794,0.980388148751271,0.678266556388332,1.30878385209724,0.637950254882999,0.249107721456311,-0.653792307076032,0.143693712163393,4.91663936360934
0.196703461111723,0.422244800893449,0.0592963384714501,0.295754394318984,0.824826364297624,0.740486061190915,-0.785273730236532,-0.296710241644233,0.0109699240264518,1.03338253347271,4.2058732059788
0.81778941778398,0.348208715742133,0.67825670113415,0.973179397982466,-0.819393481200623,-0.793435020592015,0.44225042597846,0.391088205110846,0.13739453441722,0.373360470946256,4.45652867862646
-0.325962015989649,-1.29999632527466,-0.797026619059288,0.574735856900695,-0.0620287935452646,0.3200793648186,0.471586247840914,0.0364548626809338,-0.397350424336059,-1.11699661355739,-2.27410256288405
0.813191004543721,0.883079650748344,0.685569800501506,0.337891651815859,0.0597843189165647,-0.0142627360496063,0.450283778618819,0.128223592580283,-0.48987223732935,0.207919307605356,4.87328138620177
-0.762843893971515,-0.0301663409783505,0.558338458382985,0.85699574961209,-0.298755079505256,-0.50324390719492,-0.559718504445091,-0.681814363720222,0.29798695954892,-0.513024539440282,-1.66847212255849
-0.185761594753246,-1.07376472577517,-0.00408631985208049,-0.700448057544655,-0.818927257399699,-0.0403050311884079,0.345658426806329,0.0406839072945118,-0.787689062161508,0.284694687572114,-0.250836627379322
0.075155249652028,0.611290513326687,0.621704464890918,-1.07384830750194,-0.688304587780857,-0.387130438492694,0.950356363183298,0.494616615719286,-0.636577325314817,0.907253174128017,1.53969136297169
-1.84038066851573,-1.1252291436966,-1.16727058049596,-2.24327495032321,-0.60610234323163,-0.0174737652942706,-0.784399843510523,-1.5925965147111,-1.17290701871831,-1.36072346710144,-9.75784963693016
-1.03093789544283,0.61653477224065,-0.108047370679569,0.00420013331446894,-0.17816251159575,0.431091324439517,-0.830526366055042,-0.156213706602219,0.665816880371372,0.269634921013896,0.769284545013997
0.333983299635533,0.481144841045094,0.482181817488675,-0.305973319411231,-0.616482547764854,-0.760718599106569,0.60593591944418,-0.153318162395936,-0.367187387699332,-0.0502183955596344,0.0592954097373698
0.271218442245538,-0.636514961257809,0.401683877778034,-0.83417153591206,-0.808630159813484,1.73994773186338,0.0633461782703828,0.497196401998526,-0.930994488719489,0.101180722383159,1.81230690486146
-1.48821222028803,0.806117106773686,-0.300856048056434,-0.482674155743884,-1.11228214429731,-1.15422937615594,-0.658762182078945,-0.542694395181763,-1.3621329172483,-1.26741497294204,-6.59043084080409
-0.52141334493286,-1.38996689121292,-0.610950155859842,-1.74326488682698,-0.890776536027796,-2.4075278162183,-1.31480723162548,-1.9029561907273,-3.00358331889665,-2.85313997302967,-13.8948479236454
-0.490644942790427,0.414425434870713,0.935220456215792,0.572430318996991,0.0993069240734279,0.131865925023361,-0.481597965278244,0.803771334517981,0.758337595967312,0.542901023744922,5.80902492204227
0.066026386984886,0.700960621419444,1.83630807684336,1.09703771444656,1.46981221409457,1.0820221631025,2.26101585668436,1.4383564634902,0.135404420652867,1.19729817248114,11.767541778309
-1.01829962872998,-0.131689166085432,-0.874055442266774,0.195529684936917,-0.875248872903586,-0.414390503908954,1.09264762355531,-0.936410720728894,0.671486930324632,-0.4673414336295,-0.860899173286766
-0.0918353932235705,0.158376580330095,-1.62264589249301,-0.309941190721787,2.01996019321332,0.095049129710843,-1.09672404643156,-0.146755455854591,-0.491732508121075,-0.465400651201265,-1.11855401290143
0.614150846103677,-0.802864817421878,0.303669927406608,-0.403006921810696,-0.430780542831664,0.782672720160908,0.457567393716453,-0.497086242489976,-0.485539960222406,0.170758198886904,0.916829502463148
1.44041742122001,1.36074721361408,1.20312871398124,0.539291667314002,0.495067549542703,0.826575931734899,1.70308446149615,1.23899988301698,0.143179644138882,0.499501997582672,7.79132105362698
0.455053057425262,0.241394593466269,0.228050762586142,0.961606584754776,1.38781100172334,0.911988762110384,0.656935018140684,1.28361305329887,1.12403941429506,-0.382779388291932,8.43212541810743
0.127978391730498,-0.948554051180586,0.892017272396349,0.078286090909551,-0.403161129773635,-0.754134541446058,0.234496343167274,-0.806640998417175,-1.15854935268608,0.35165841873235,-1.12567189072872
-1.15746366130205,-0.899978713405178,-0.828454441459445,-1.45420099456211,-0.684869253607401,-1.26849259987078,0.193321724070019,-0.578495586003866,-0.632013620715176,-0.509864855025629,-7.26823262786645
-0.524111073195762,0.231214296102611,0.515925643521378,0.283702836725348,-1.33164799096488,0.942054111822308,-0.306497291805614,0.921196330029418,-0.558888215307759,-0.0150041358051911,0.511752680874698
-0.688294795636127,0.444555006399124,-0.794362684543019,-0.00764439347280544,0.910000295563874,-0.41846450518624,-0.303362600966437,-0.71613727391877,-1.18864017761157,-1.07292864063933,-2.13289385836046
2.12006970791036,1.90832852603436,2.58278258881748,2.81931009907662,1.5171266342765,1.02770187142676,1.37833997918895,1.96479524445638,1.47294162391447,0.860028218886706,18.0071966779607
-1.48369736234111,-0.239151009806329,-0.796313413364531,0.146695016161911,-0.883170591915713,-0.719903833105531,-0.830981964850951,-0.176359289642293,-0.464607854486775,-0.0669376104137237,-3.99351839385732
-1.91592800928869,-0.763907420772804,-1.49372847076043,-0.360461143621923,-1.20924966680502,-1.36515872514862,-0.796949825207824,-0.695124133857712,-1.02991702502345,-0.901809970413228,-7.95298162288973
-2.20824423662432,-0.757290209318549,-1.04376140131639,-1.92911220078207,-1.60330797309238,-0.803582884270768,-1.2185815633715,-1.0945991591995,-0.840492507280916,-1.41900281195173,-12.5255315036082
-0.0724729008666543,0.128510422063075,0.508394967091839,-0.0770051834850801,0.297566263064324,0.172438322462086,0.906946514103788,0.611645753418929,0.22164087047057,0.971160523371235,4.86173103472181
-0.505209737847015,-1.56922842412901,-3.12313169061088,-0.391886036007396,-1.20195718856788,-1.09703231761759,-2.29490259043044,-0.914169074024289,-0.732728981401194,-0.206044114056059,-11.9873686535547
0.878364074741921,-0.326396339209484,0.875228261958457,0.163355353500345,0.538185028785336,0.857837529440687,0.166286102383143,1.06251022984237,0.446696539606907,0.71008514399942,3.91052289440127
-0.0677329370700114,-0.227394678468031,-0.906337165684715,-0.970701938113686,-0.359524856566589,0.0654229901736683,0.224107081949967,-0.512206408946565,-0.72790554396372,0.189551855205492,0.111868895578106
-0.899658102565065,-0.796612054954491,-0.885529570275482,-0.220729021825039,-0.557957759463675,0.182672677102665,-0.161328657268618,0.056855602260303,-0.787085596545201,-0.712024470376318,-4.57160442195835
0.968758410849508,-0.505250909594496,-0.502154178407153,-0.820372694832536,-0.18671733040671,-1.27860036910789,0.166538669759746,0.384609883378755,-0.0995339831650134,0.636192455857201,0.104299869154442
0.04800363044255,0.13756268938743,-0.966318446207352,1.0020073584056,-0.43930690917378,-0.538002710597234,1.29822492813982,0.660343855554449,0.317433785462085,-0.214680690704518,2.09694725271896
0.469911407878231,0.523314024393878,0.464098977378907,1.58285313229907,-0.707769440837027,0.39852704478964,1.21913189591484,0.816488193876665,1.39279831787382,1.1658535398172,9.46443041452585
0.739911842477652,1.15847920393105,1.87334758849728,1.23370379941932,-0.413933142781394,0.964664397383227,0.436985103965257,1.55680514676145,1.32777257836042,0.781175093047666,11.8540489073972
1.48934060937951,-0.490619065830144,-0.0608201215340465,0.601695446427179,1.05321054780172,0.742308222134788,1.14103991293578,0.312812002975747,1.24133934372197,0.204715990223121,7.27446993193711
-0.373206933686951,-0.568197207559259,0.286194964570186,-0.399478130166707,-0.696350904414137,0.448540009812965,-1.01831642113746,-0.593468553918387,-0.627623397004673,-0.952255979124345,-4.16134340255282
0.129931414634748,-0.337574830066521,-2.03641978566133,-1.32446102601296,-0.348839668754349,-0.201588879621012,-0.38435984447357,-0.564014318460838,-0.04786412557194,-0.311727194727295,-5.37482806515075
-1.70285832240765,-0.48846260494426,-1.57775706466941,-0.116404767194608,-0.352099682691115,0.227159083229532,-1.1853111688435,-1.97971995470466,-2.20423996476555,-1.03748490452248,-10.2751401492028
0.429030720627031,0.749697386779818,-0.433815906668559,0.580170109446326,-0.465519599173953,-0.424919134142763,0.700582735416622,0.354243875039912,0.316107622242225,0.142756338977363,4.91887165141224
-1.84119749074955,-0.82909942550776,-0.410324883895147,0.474395518208357,-0.150850451587862,0.0915311165772564,-0.257432412868633,-0.00648103321856458,-1.39540458488593,-1.10693483838654,-4.96908261456243
-0.589090390557878,-0.925334380187768,-0.730836601057792,-0.0975443854402438,0.955372159684413,-1.57693471345633,-1.92033018792276,-0.916007773098645,-0.637847993263346,0.0913523927271068,-4.6171993046275
2.77269957598415,1.56142687339695,2.01923529756628,0.955431840651341,1.18268986552622,0.972283436249233,1.24250130910364,1.46576212087456,0.580162973438502,1.51500753248706,15.1445132000336
0.251438900142164,-0.2442712252978,1.40883483296023,-0.466381819248677,0.90055675750715,0.412800731523207,-0.279552352771535,0.610873478560339,0.275130539778934,0.213732193688089,2.32858567667627
0.717470272855584,-0.292788632957298,0.380369039496417,0.514054912157121,0.1698991344038,0.530313996580527,0.422050005005098,0.760589606649573,-0.273274902407911,-0.0441782083151491,3.64362694665297
-0.205733701788575,-0.800589492588562,-0.0774925336139917,-1.19300450313128,-1.2229013629802,-1.66762548740672,-0.661156675644456,-0.403934517557716,-1.99340013608789,-1.189744820126,-7.55948010736895
0.190573448334289,0.227343303328495,0.465867831715121,2.02446444871491,-0.0569046063848005,-0.0115232725644558,1.28980465570711,-0.202182880908575,0.113952287428597,-0.138876439663335,4.00544584040292
0.506060693933614,-0.536052278167108,0.141258191265182,0.0239867385534768,0.320435082449406,-0.601746231777755,-1.68210855703777,0.415455514058013,-0.27257063766,-0.599205955118067,0.306073189704834
0.559585362437919,-0.0535874443714752,0.343590260980989,-1.15418615657794,0.483852832234676,0.0333916346221799,-0.00215953350095882,0.233853585775866,0.143238861824971,0.429269686685613,3.20197202104408
0.750515974323683,0.143831608216463,0.11196305789878,0.281103641371282,-0.0411333031908358,-0.509622732790507,0.0109315013097778,0.992263628492618,-1.0770672175371,0.838202572437062,1.17144812925832
-0.225677534404711,-0.908732355726833,-0.61501981206537,-0.363830307327227,-1.27328495722911,-0.934327411173078,-1.93251840436665,-1.33907506608511,-1.23600026949775,-0.220836960822414,-7.6877401076695
-0.451965870255995,-0.600262416442528,-0.213203157214132,-0.787656061062935,-0.258218559617078,-0.113644263413741,0.0378544112777972,-0.552782286583904,0.233630340287165,-0.90514481077473,-2.14474610297855
0.784831390932675,1.74604316099457,0.951223424657138,1.2091054822398,1.0513775215447,-0.356286735662286,0.0794284805813759,1.23597129446838,-0.70610525349378,0.80040562146008,8.85037212677887
-0.69384179354653,0.0525329853087089,-0.394142853210512,-0.824895789251174,-0.325494632204943,-0.749576473554578,-0.473941252561424,-0.197908396522308,0.00369523459325208,-1.13195687741862,-5.15574702631651
-7.56982211113019e-05,-0.643607545243548,-0.802457703783528,-1.33232150020331,-0.0717232073481118,-0.164541445558246,-1.46024604226365,0.00712853309030952,-1.17692170285165,-0.201876545117048,-5.23983553235256
0.032640985686238,-0.567990016908084,0.34658568956911,-0.507207220799758,0.0563338035802328,0.767406361883686,-0.0306892858718598,0.249199119975623,-0.20169431200495,-0.157635051390819,2.09093171045957
0.626386670306955,0.217316797168041,-0.93645662023658,1.37970961009768,-0.236140653240985,-0.26743274915443,-0.28751025039045,-0.406890824274448,0.0621313904577048,0.470477446722063,-0.238942200640936
-1.06678247401971,0.543776094301641,-0.887657698244073,-0.0724468397096573,-1.13227827389104,-0.803443392648472,-0.402666147060304,-0.677161354868729,-0.451089622386313,-1.08987716039618,-3.72909873947206
-0.349088799505947,-0.836464320915465,-0.88307570008408,-0.551734357594714,-0.45479506674188,-1.06713504262465,-1.73160888388337,-0.0930097983545636,-1.05502628623631,-0.273149010487444,-6.51933700570637
0.429011029211562,0.0312858425019663,0.419429177871058,-0.285867434667967,-1.06199398881744,-0.892432557190525,-1.29229260402095,0.787503479298796,0.124289592992485,-0.574409582672995,-1.57129537901744
-0.105858572454917,1.21920687986535,0.602921092659447,1.29259964375202,0.656507963362896,0.609608232948714,0.0844419222208575,-0.145195384417688,1.16087825929937,0.180416445270502,6.96336924497513
0.368263073089529,-1.03684601197631,0.00148787213888202,-0.132331803311036,0.544497438937293,-0.783653783041192,0.728436488940944,-1.21951621107686,0.30410915521334,0.409876569779556,-0.182087761835601
-0.993415387849718,-0.564023632620245,0.385100530532552,0.265684239083989,-0.810208185003377,1.01488129161193,-0.31084493402203,-1.01346142347968,-0.489915566074743,0.329238764205537,-2.9047908662858
-0.280627519547924,-0.673904569674779,-1.40384809866222,-1.00342963265962,-1.11288457433817,-1.54861347089465,-1.59709789043589,-1.05845311181254,-1.92960926306597,-0.349183049028612,-10.0576032031698
-0.499394490201404,-0.76933718817269,-1.07483090991844,-0.463206166870855,-0.885651423087448,-0.650161506629623,-1.1194877150951,-1.35915900108588,-1.51484436526814,-1.40667551340037,-10.3219660320283
0.136900103648407,0.889209608148588,1.6927115928555,1.60614755623951,0.556007823782182,1.1941832102858,0.609096367605956,-0.0398403631375325,0.642691124127241,1.2182657648105,10.2230272723327
-0.253784416296126,-0.984363850610748,-0.494672791156011,-0.786701803999851,0.199271376768042,0.0560808375803516,0.00115658639321365,-0.133620032643236,-0.467417648155937,-0.0762785965836313,-3.73231509467118
1.23963085210077,1.31309407934845,1.3954427637694,1.21617153599525,0.211128333628091,0.722212588836116,0.572604440188371,2.43869610391338,0.244417681243043,-0.227197343983028,10.563954886461
-0.511926819555427,-1.06247782603923,-0.566257315777283,-0.476313444249787,-0.504462825121901,-0.975092964446918,-1.14774401873582,0.855610930163005,-0.682291048134759,-0.22578157543002,-2.31816106936911
1.08213381389329,1.15893630755262,1.99146844119319,1.41034029044482,0.335626405062275,1.1229998469605,1.44923293301383,0.155786759279802,0.712710187045427,1.53744887829974,10.7081308089042
-1.04882742674307,-0.812595428719067,-0.368171497865738,-1.47188002485896,-0.399074619015378,-1.15670923462491,-1.24271448403767,-0.578963563455971,-1.27099395655235,-0.954881430491292,-7.07854754463766
-1.66567034002792,-0.813524693198476,-1.56574288025048,-2.8790027100641,-2.705784389336,-1.21754369679294,-1.26395481318132,-2.1701066912356,-2.45616530173578,-0.855034296700373,-16.9149190282977
0.180535713397915,0.127769989488662,0.0392953552805465,0.386584964952129,0.0700038270783936,0.361691639662971,-0.0570967026465352,1.25252642607778,1.63717273315689,1.75341303141134,7.90643835055081
1.13462311236926,1.29407266445313,0.576098260894609,0.0230348954878559,1.22164331937493,0.494158266211793,-0.177946680766946,1.75645145390913,2.35660831729111,0.186411214843144,10.5260087859766
-1.85664422331534,0.322754147653019,0.0311751670950517,-1.42831807212375,-0.299411741904899,-0.098197715965144,-0.120820840748975,-1.07940179999132,-0.0994720161846019,-0.550495388462708,-4.06331296855516
0.741996404939038,0.394699766305648,0.45125638308199,2.04834716871422,0.854961782960608,0.291547754798048,0.218637775556265,0.0024528778267403,0.888592166465071,0.0880171423711865,5.84897245877902
0.291803748237734,-1.87342459391389,-0.0687511047970001,-1.60937744089098,0.266840057843294,-0.826803784995839,-0.845561456421992,-1.58117804344682,-1.28747762798592,0.324983277569435,-6.12574155574033
-1.69005604155756,-0.50470094943202,-0.823382167030685,-0.16488042533831,-0.999119035594511,-1.65124448599556,-0.920209102726949,-0.27137010109353,0.314111117314964,-0.978976088183708,-5.55075072304852
-1.51417952517954,0.505152471774643,-0.57085071763076,-0.772691603945168,-0.84390895460199,-1.47185795588189,0.365835158099465,-1.64053326170221,-0.486642185248079,-1.43054733403419,-4.4510176538998
0.953188976962274,0.915100977514228,1.40046705534821,-0.163613001623471,0.789701418243399,1.24490077899807,0.482753686138979,2.10068206728948,0.554566331337631,0.332155244988995,10.999813601565
-0.535070482762585,-0.570019105620417,1.13158934395597,-1.4421019895513,0.183243268720336,-0.19703488685483,-1.15020554459353,-1.31756678252634,-1.42440804679273,-0.914599360702626,-5.19837716609375
-1.51246375963883,-0.538543372750304,-1.56628358713297,-0.670948741613591,-0.731419980072891,-1.92431499639825,-0.197615677139212,-0.966286651586319,-0.625296973563286,-1.44214667510077,-10.9478937892106
1.28816583726356,0.629744042828004,0.60956054337654,0.902483662247936,0.979938681754805,-0.155874272069651,0.931538921662136,0.589946338648457,-0.804169123065475,-0.361680966607596,5.84664533794781
-0.990591120073684,-0.131183812720445,0.511031243955103,0.178734152955299,-0.722949875475294,0.0236076438647153,0.0711200576219432,-0.178203690394358,-0.606932052017464,-0.823654510486337,-0.118814637408404
1.33187324297766,1.77864149558944,0.813092776355952,1.53429092281689,0.265952910778845,0.421192763447959,1.59570550725387,1.22349149902203,1.77137063415975,0.447344839325573,10.2861960200789
-1.27380023906701,-0.414903482638857,1.20126188416552,-0.158842496853867,-0.817081793366178,0.15891040995088,-0.278101448106399,-0.648083097856833,-0.68713670710023,-0.585650608731521,-4.53261352754436
1.23104697251551,0.685599398335596,0.653031127477528,1.6351298250893,1.1928342599759,1.45758636241512,0.802216250291993,2.59665521684439,1.9386738571952,0.765396919484302,14.4352992357175
-0.97128447891171,-0.433459890750521,-0.0804111933057315,-0.157853111578845,0.0830012291991143,-0.476993767647561,0.628170257464548,0.0614125226721589,-0.0721206089856563,0.196292198611761,0.727021222352618
0.686722607050041,-0.368957628168224,1.09805392505455,1.02521795913649,0.636649023613478,1.01388517884593,1.34345253119279,1.46235508162314,-0.112553292087248,2.34598048549434,10.3976571800904
0.676277920106783,-0.502763953107453,0.645257268854123,-0.909620561232833,-0.00411394098026357,-0.281431256893806,0.857781947004117,0.993457243067642,0.17485005926535,-0.551476550874657,1.67415568412623
-0.0464163564762851,-0.938135558725017,0.234070004127477,-0.62164805820465,0.788449706985643,0.29675672858127,1.10854602831332,0.213405709298769,-0.848973201205356,-0.84453725568162,0.512313481969112
0.717007633301597,1.57982206947944,0.296569062537725,1.69327631045354,-0.322441037045737,0.398247180086928,1.96300367082727,1.07619613030895,1.0975488064397,0.513403122648621,10.3007794732191
0.107195061766142,-1.45023470304251,0.643941649625208,-0.157396661531862,-0.471975144607261,-0.556896343334421,-0.489818925758221,-0.0293277875984329,0.0758415709078813,-0.159950706631075,-0.568850020227091
-0.318989809551857,-0.765334041892659,0.0568586527056075,-0.933536397531057,-0.27628054897843,-0.963403328967295,-0.92602198880335,-1.2733388921712,-0.473046544671549,-1.2012121982191,-5.09273044027389
-0.175149911676858,-0.355896821962008,1.06689506483789,0.123674730973389,-0.1674957291709,0.77711405136536,0.77552279141657,-0.205859587497691,-0.57512054101135,-0.83853889271919,-0.0719147672195135
0.241173427639035,0.0258793317692933,-0.685889840648646,0.880932608131007,-1.16232714563187,0.983293794653313,0.0199841940925055,-0.78039128946719,-0.448292128005858,-0.583312084915969,1.73942783970816
-0.631844342619652,-1.6575796729513,-1.58544171851279,0.126324650260489,0.784789236358527,0.181939425691097,-1.00339956814488,-0.610997170623699,0.111966842111245,-0.616338077929165,-4.07453027709142
0.2958122247209,1.07957029514559,0.31536347930435,0.412130049424825,0.395511506678675,0.54198503416143,0.126489515494915,0.361134173959438,0.367810752697077,0.625905774254168,7.09812908354025
-1.15044787199573,0.514353536964685,0.234111744169049,0.0399843815858187,-0.249934363542403,0.436014073525498,-1.21320591995427,-1.03472425983927,0.0753396605751119,-0.0595463557284271,-1.39507385170573
0.363539924598362,0.206386140630774,-0.382838387568579,0.251239026330015,-0.0533371453336331,0.108536037813589,-1.23366099764365,-1.00050017670739,-0.936663258019576,-0.552851657723318,-2.81276862407155
0.65033865350767,1.37663287072874,-0.496525680034379,0.900933427775269,0.961281805855233,-0.453379113779627,0.924775848349316,-0.119933175800897,1.47694341809215,1.8340640045683,7.86993533664289
-1.06709693760011,1.01880928312557,0.686962554022925,-0.329736528407394,-0.407033487644986,-1.14919499137201,0.677590095471993,0.898007194044397,-0.333750624590369,-0.883912390933314,1.56066482155445
0.0403670737008324,1.37189345394355,-0.158208112577629,-1.02653945896969,0.324233872802663,-0.963765623621487,0.796109231619082,0.317873557402266,0.913057863539475,-0.147820957888552,2.73223648961382
0.646698496717718,1.7271648215612,-0.266059935247055,0.542959442735207,0.322143408661865,0.581802612936577,1.08018016233922,2.08480745063764,1.00352348354889,0.617010450462503,10.1545283470555
0.124420154996142,0.073524124801518,-0.0405270446620846,-0.636134340916079,-2.02512848883958,-1.0394198891381,-0.482816397942032,-1.03077611472561,-0.615999343779789,-0.0325244010634913,-4.36552373929725
0.491961903339487,0.184516739004761,-0.939631333468904,0.159165935693179,-0.326496012956271,-1.7892310057688,-1.94532530444204,-1.14341760130163,-0.48828401950467,-0.648879276073705,-4.96478941353
-1.27608335803094,-0.107689756448187,0.157745938129626,-0.662684797732805,-0.216775923914639,-0.00945196130118755,-1.85158976582997,-0.540556587074301,-0.729983908624352,-1.07268814757848,-5.35386218408971
-0.346019406663826,0.648816528737559,1.38572465184017,-0.4799324079491,-0.479019859885574,0.602420919504685,0.237128353590222,-1.2020980970675,0.1745984940441,0.869721394777453,2.01178838621504
-0.675909688948051,-1.1848857199443,-0.35599755227663,-1.58367273114372,-1.45999081388182,-2.01465858928017,-0.883112552699384,-0.338506203390092,-1.21771916801867,-0.162770738238246,-7.20443890108948
0.975155752959241,0.0400643665217287,0.857811661417626,-0.966083932913599,0.548828794980881,-0.722372615181141,1.29143577535759,1.40569552218233,0.306173608856981,0.0446404468447417,3.91365974678824
1.45288643052498,0.745661820943287,0.446090242857866,0.897938253705122,0.495655760062744,0.990259141694403,1.81987972428824,-0.337816513478933,-0.214239358507664,2.03729928530596,9.74122782077208
-0.454725187789376,-0.705405859734045,-1.31343814466948,-1.01614326661616,0.803903060963898,-1.82876843570088,-1.21847228479592,-1.40364405761957,-1.64202123569055,0.591058008519496,-6.32812382681522
0.297240531110236,1.05956391829081,-0.0415858515851927,0.955775989925213,0.541682844371465,0.840131126771,0.0499056581565048,0.263021986393874,0.0999410955960203,-0.390036879696821,4.42915523960446
0.160040129606012,-0.813174373796836,-0.635012323469969,-0.625582983224386,0.157648273870979,0.859981973130243,-0.0489611264943861,0.895035699969015,-0.810139921866676,-0.255060434303885,-0.824013267105927
-0.428419631184831,-1.35658797082128,-1.59646249318923,-1.07397977687762,0.382400511597745,0.911412935378525,-1.66688351942871,-0.629045692358196,-1.53469469173052,-0.370090183158032,-6.71482875637373
0.825164203520194,0.603680476327831,0.457104116491019,1.42186966372708,0.441751359981962,0.756845144937114,0.709972364943258,1.26691798343014,0.970412080357168,0.755798609559243,9.04929338444139
0.992868487528898,0.517596979896562,0.55108957854545,0.775637070613582,-1.03935065271049,0.899571602010953,-0.448166253994587,0.375487370470007,0.709858959297483,0.548278051309243,5.27079010577369
-0.12367066621758,-1.88823771478895,-0.970822727362388,-0.246765997571356,0.0408605551775268,-0.333564802868449,0.62520905381237,-0.377196291475015,-0.0157761520419533,-1.45030139692091,-4.8256300593364
-2.80974803853651,-2.20168987005505,-0.340054463185037,-2.72958012778533,-2.56187729032248,-1.87344568147007,-1.60715760384082,-2.69070722101211,-1.46921310815034,-2.47503514442932,-19.6729438017446
1.5714347276284,0.306038949015733,0.805963700678336,-0.0913127504629936,-0.0969604572174683,0.871234556442624,-0.059328487833546,0.649607106260401,-0.961684158814324,0.791036564772111,5.20625945917851
1.4509780269869,0.0311707924832857,0.454816265685579,2.19274371244964,1.79938853987299,-0.263130814964707,0.404898468655419,0.59363061428983,-0.276186879423622,-0.031966047499128,6.05212332425584
-0.772013080046747,-0.55478159844417,-1.5791643922555,-1.04163819437497,0.140545999881495,-0.390780897806714,0.831873849164622,-1.96620560788037,0.614558631373588,-0.471084163465668,-3.93674336042046
0.226875746572088,0.0693404656284787,1.72544864485493,1.20972915792415,1.17059001121692,1.34970870341986,0.188841583361844,0.141900450168296,-0.133654775533468,0.217621268227561,7.11412159630992
0.113714213740667,-0.120016983435688,-0.074533494174566,0.31887660474342,-0.133521630355785,0.288871936217547,-0.534789901702178,0.749593244015767,2.00957655760524,-0.0604337157048366,3.66195990171189
-0.357974810927301,0.528418992163086,1.13583558055738,0.44075562833141,0.523950072563191,1.10125279244395,0.510378759959378,0.534896101390165,-0.525727943102665,1.3784053207056,6.47969662107972
0.410650536774099,0.111498135805875,-0.420850368158297,-0.0964714602174514,0.566231299193878,-0.121861993635516,-0.380278576044506,-0.134212032130114,0.219973916451898,-0.664474642429707,1.88372509148361
0.82264192630291,0.889978927753082,1.29573649854561,0.405092671932106,1.54758401403315,0.424172040755997,2.41276143639073,1.45209345417129,1.53029593165139,1.25768538502567,12.6576675028688
2.3091669122135,0.111976160247033,1.83892701939267,0.912910628720436,1.64462107339131,0.837810162180373,1.9640817313471,0.42266028424266,2.40522792732317,1.72801249856144,15.2974121450666
-0.0967774503570373,0.39596178784995,0.378317050041081,0.961754927887784,1.22269745746754,-0.176366178489639,0.613564321994525,0.649540515086489,0.31658745400841,-0.132583628295979,4.53736982859258
1.40562193453411,0.682892721606581,0.837951138827791,0.113976280640384,-0.641443589876179,-0.0063714877455327,0.24699819039081,0.662841680964501,0.94044104055865,0.42640628423968,4.46969856060262
-0.287611647528249,-0.405704667889851,-0.527743926263567,-0.114726505006975,-0.465952331512803,-0.374880303137643,1.64090611121606,0.387526516087754,0.287205155766073,-0.7863462755594,-2.51932982204206
-0.992873569591469,-0.729045739608022,0.841848127022754,0.500954050350479,0.998216389455222,-0.0990719720208751,1.42176858199044,0.729633329599842,0.281450001960974,1.48686591749989,3.9674334427393
-1.86180215722554,-1.0915495056224,-1.35741373816976,-2.25940724884823,-1.51495358758214,-1.59959547267032,-1.82258773682573,-0.722034103348958,-0.844237951661464,-1.24693824884283,-14.2492847601236
-0.835847807127574,-0.90000321462742,0.288445401983242,-0.748740481592813,-0.450791484467135,0.0801214582875876,-0.923725646511609,-1.59502448067517,0.746027070510063,-0.527830311891005,-3.60925576177619
-0.432257726138384,0.831146312802858,-0.246129760504114,-0.207339191624347,-0.245214870067868,0.186776338362105,0.120757028476742,0.855760769783911,0.634525724380891,-0.256433087677951,2.15356721070152
0.841974659015997,0.848420687311139,0.500123240409329,0.334683576260557,-0.198481939024719,0.628568875904553,-1.37655463112439,0.231714880356043,-0.38741719378126,0.244883507904793,3.21142680015838
2.06304156890442,3.07581101883762,1.51631379151912,2.61632358687246,1.69511203493764,1.21854012711391,2.73908779737091,1.19791553770828,2.60839055993801,2.35268225570655,19.7776720425506
0.379235146002684,0.865391125483057,-0.269574675392353,0.244737301170676,0.15764370618761,1.49631758146492,0.64013134795433,0.336017062863532,-0.710545528452286,0.246077322237406,4.18378825055019
-1.36998329574736,-0.210482017493548,0.983441111794668,0.303964213057851,0.531431726765874,1.31682606307202,0.707446759078397,0.676732396454377,1.30979556213259,1.21516430544329,5.25777282041114
-0.502482355284051,-0.400247856790257,0.1719091587337,0.458582698362242,0.355425145496347,-1.2014240370729,0.0378429969977951,-0.746744238748522,0.124937972188478,0.71032233940143,-1.848203038343
0.46645456521324,1.99186686365116,0.953600456207428,-0.119994796745445,0.834982905952255,1.17971030939692,0.173338633651323,0.114977972966194,0.601164183807651,1.1408603198773,9.81883850882937
0.812126132673254,2.62464748461133,1.23761004611348,0.646812786882897,1.06377018609075,-0.0466927369257566,1.27938296914442,0.898680083740925,-0.491517857091266,1.37500144081568,10.5796559166124
-1.6462642647908,0.230528202515566,-0.44445445691119,-0.242511327026294,-1.03119922894284,-0.786579495804984,-0.477379688705788,-0.590148403541929,-0.404821355959202,0.866751251412625,-3.20491272037714
0.410635634714941,-0.07019145431256,0.526122726106719,-0.328702915482743,0.771551801377488,0.54435443354987,0.119102434407317,0.746351131986474,0.722122209096463,0.196113315919553,5.65418939436652
-0.0966311906782628,-1.0179917865578,0.763985671006782,-0.727091316545125,0.768359754701751,1.41121396599089,0.0526402980926733,-0.0624661962046229,0.817693286008542,0.154028062932697,3.86899198741392
0.184372452792688,-0.546622639316533,1.07661615743212,-0.768004655633256,0.26023316500347,1.03794026380961,-0.265014455136366,0.439997667577226,-0.681447866806,1.41609660229439,3.67976080290042
-0.790786340589573,0.1489073528356,-0.27022113999267,0.822180647111567,0.198664066287162,-0.101656894280285,-0.630550068625787,0.898915864869791,0.419461329199456,-0.0367480006283495,3.10977022410439
-0.112888556022402,-1.10084522211978,-0.783951530313278,-0.929543535445455,-1.04313631288533,-0.0662701311116271,-1.07060557568018,-0.819907688622143,-0.406841520425857,-1.63603018131553,-6.75731765537844
0.0669265719335181,0.985656879064722,1.07598901681734,0.321665336691967,-0.719750551359726,-0.922891778688955,1.34482259752342,0.246056262240181,0.0756275006658073,0.537466809073261,2.05399823319126
1.41523967132568,1.48442510717221,1.48684286990012,1.57532453316663,0.898588971584775,0.32333122332474,2.02318925616449,1.89687907662745,1.91057497255589,1.52256728792004,16.0316668459177
0.0624227267177769,-0.699042522281373,-1.0146395840052,-0.21423622220913,-0.956867085324271,-0.832197529546916,-1.72889196242982,-1.78674000681772,-0.59778789194587,-1.33609478865682,-8.89280605076976
0.186996084693532,1.26593599873369,1.90293593409248,0.668180232823236,0.925341174517435,0.092279515337255,0.650173430991803,0.818039913814377,1.30019537948909,0.620632724373468,11.5141019242295
-0.153704495461509,-0.260753699503268,-0.290737635734447,1.37324905491766,-1.2702813970638,0.504346667691592,0.516807483810638,0.411921212394254,0.704925599373781,0.364949828941488,2.61016621472445
0.948902787496588,1.04535682152606,0.934245094861354,0.161385786864031,-0.703623335261907,0.00215159390342428,1.26079389786689,0.619106032905667,0.936699364007245,0.632420891433143,8.77922936248612
0.0617139939773138,-0.753981830741011,-0.478496420660771,0.52898196733373,0.417546671587518,0.0326619584054966,-0.0149287354280493,-0.000787614750445332,0.101716115455447,-0.199331613635893,-0.666199881948067
0.227519121459977,-0.758056077452817,-0.219729010555958,-1.0767408908678,-0.73046248247847,-0.795368774051343,0.941170072360649,0.0248162381110399,0.807344610220922,-0.539332453475759,-2.15794901862041
0.0343481876710252,-0.148710017728845,0.42876825183191,-0.738088756196519,-0.838509711834742,0.866612243470919,0.784680532635818,0.794983312477037,-0.00924223039611632,-1.17222701701056,1.30366054643879
-1.11323291268173,-1.54577913108652,0.158782638552621,-0.362574436242189,-1.39293602065451,-0.366737667246774,-0.341104572685793,0.00963043100392191,-1.20122464969346,-0.342660563711523,-3.83846057767522
-0.450365762936727,-0.156213833125517,-0.0407998864050172,-1.38444417643957,0.146136740039512,-0.443468354103124,-0.426131838271006,-0.044083017588603,-1.04597535584518,-0.672513114962255,-2.82787017767684
-1.04911464458261,-0.64859156554015,-0.697972120199817,-1.48684529377978,-1.27790843745934,-2.24024069214066,-0.159692106582781,-0.537472587350385,-1.0091061927494,-0.737722775786636,-7.88088532436596
-1.58455608125681,-1.05290302306118,-0.964353724497567,-1.89474129328935,-0.932558637192424,-1.21319146972141,-0.924494245785846,-1.27331545709627,-1.15313754778603,-0.687182948791178,-9.76346409527287
-0.533092688606799,0.684713462764741,-0.481320139871048,1.07151073577778,-0.901775093276792,-0.110646574458732,-0.257705581473358,-0.612283006203251,0.491126043210704,-0.240683595202124,1.26936910816998
0.700890187141192,-0.0493389592032007,-0.848132997863865,0.953901030068558,-0.15914290965722,-0.164794267703588,-0.362217900226879,0.450719055132458,0.152768644787817,-0.647598289690213,2.36081498597591
1.17935816405019,0.531904820639782,1.29281165669215,2.48206037875235,0.871826097668514,1.37478181552128,1.48174123518481,0.90170782275384,1.6970983431243,2.44941757058933,17.0960217413037
-1.04884196654843,-0.83416913103466,-0.177286915278954,-0.308863969212514,-1.20282032964975,-0.501256653499329,-0.718924308665498,-0.593046876993013,-0.450386235783901,-0.0800923844521489,-5.24585431855917
-0.985422123582073,-1.46402876087569,-0.30836838525389,-1.60475778087553,0.472652202765541,-0.0997030770586718,-0.0462444401764086,-0.860297265958335,-0.296494781833578,-1.07213987168703,-5.12548919064561
-0.991611173556916,-1.36048551546734,-1.1938895386853,-0.375302283334459,-0.735179192568949,-0.683251154772686,0.371437006023764,0.262868243262641,0.00243286394937086,0.628069813647884,-3.30991970617547
-0.573589690316434,1.44891329525272,0.438978921272826,0.387471301268774,0.275118829995516,0.818976952430538,-0.336108289101261,0.483681760842674,1.57882408957774,0.201082388551595,5.56990741956953
0.745899395727128,0.980139026177551,0.818907814362569,2.19983109815255,2.10392192388435,1.07787056203344,0.47152139007661,-0.209921555672637,0.564473088358452,0.238338805321881,11.9423090062027
1.2553220977321,0.549970723484031,0.120170980530102,1.25387619362387,1.35607155199927,1.63911418306876,2.09525569602417,0.528842350122633,1.81451291445017,-0.847066678033857,11.9769576936479
-0.139416367437397,1.34700556654489,-0.168960826373263,1.48771736967166,0.607717127671974,0.720976076179299,0.869363460162168,1.21913749511205,0.643614898574241,1.12391176701012,8.51965667942097
0.166299730249314,-0.944129709832711,0.233627751541594,-0.0413553467368524,-1.00079801406844,-0.698488150993905,0.426501777170238,0.0530409712329218,0.514955175198066,-0.217839704129316,-0.380504714504727
-1.07763934579798,-1.04651640036928,-1.33631120626152,-0.862867399661039,-0.729433709986488,-1.21185973403029,-1.26862852957642,-1.06814234697303,-0.639588863908751,-0.949300491936868,-10.2328835115038
-0.592068100141704,-0.716979455246112,-0.2897991973305,1.05838375789332,-0.451158003340182,-1.0086819238555,-1.12580937279858,-0.104989014809444,-0.24813760332493,-0.493445258471916,-3.93458967617147
0.267415729007971,-0.0132399783444158,0.871976168987856,0.398748117012375,0.748796270187466,0.269427617693332,0.476621152349586,0.691865658187547,1.54383863485833,-0.55310225826171,5.79382739533053
-0.82836468115548,-0.954320587125132,-0.910493628368699,1.07446305662046,0.336173137335227,-0.146070703826148,-0.560287111788709,-0.816348800553021,-0.508909729532089,-0.891222096016963,-2.4174884019787
0.162044975753933,0.590443577506554,0.0909948488837386,2.30255343247281,0.527390018809389,0.824594443449557,0.899144940803083,1.09956280982235,-0.0595085813107125,-0.739538429816464,6.49967478806199
-0.236872024758386,-0.766117268356171,-0.605664687298725,-1.22467268549985,-0.352465518219005,-0.934283098864715,-0.162352023172755,-0.659227023007917,-1.91166872508327,-1.0649898603214,-6.09647163534225
0.340505253340594,-0.323082664119787,0.0341138433648661,-0.0280687749930231,-0.0767288465331643,-0.749335513731166,0.12621117554803,-0.228778362167232,-0.645319819628781,-1.01121871328389,-1.91036462372038
0.350854809208164,-0.200711439989186,0.367107167156059,0.188512645497905,-0.570885986123083,0.0503181086298505,0.975339679874662,0.848846788245208,0.273190986530599,0.528645637847088,4.51280675114238
-1.03200690363492,-0.0637360024903897,-1.31364923270441,0.139197310143535,-0.775005361710191,-1.02886056759536,-0.775604148470276,-1.05694430841139,-1.22468465238014,-0.546029126168314,-6.71859781868367
-0.141738282128253,0.978869374711459,0.291296860112448,-0.327008052152231,-1.02604480301953,0.31633943950975,0.298411127341374,-0.246127116344602,1.50481893126153,0.37475564753496,2.57112202832171
-0.874064991843264,-0.771437848461446,-1.20307526493677,-0.426423892221087,-1.32156994728579,-0.342310640447705,-0.874938288195467,-0.461836464192891,-0.707715779916275,-1.07972505278349,-7.23229567589422
1.42014138111916,1.28601631175745,1.60199375007262,2.03818654364849,1.8767721353481,0.761957060178778,2.35893349416619,1.51215688992622,1.85599542309028,1.73311968152538,16.9416570788852
1.14206722774042,0.530407605241441,1.26664187073847,2.23665001203605,1.29156320803921,0.112010946915363,0.792161218113924,0.873982907584294,1.49626712046435,0.134377506795995,12.8709173494454
0.417608181467105,0.392233853562978,2.26554439368703,0.488615801413139,0.94113400636235,-0.202362479324391,0.165513058908808,0.820450592882543,1.01077912155779,-0.0967857979868401,6.6609483325367
-0.145360749134847,-0.0347222347486505,-0.516629686643726,0.480119210625181,-0.586630837721801,0.735164781491876,0.507894621525271,-0.271258618829745,0.758531007045986,0.646900337995184,-0.163104857228916
0.936604776740966,1.05820462636377,1.08699303709286,1.36174623585686,1.88452328187382,0.876060327730709,-0.315352626313186,0.138298466084819,1.42266777485436,0.154048854658713,10.6199384340414
2.19407003804686,1.12747674080151,0.862575499326282,1.94046624984121,1.75911275810936,1.60649117828124,0.482060685928295,1.55770449595701,-0.199505815663569,1.26385581025593,12.7548433735327
0.140060059226137,0.272478283494593,0.633229105117435,-1.25202976370512,-0.140774693020885,-0.203411517465709,0.252637290058151,0.632321275404347,-0.100747078451079,0.2519988173408,1.538293685561
0.221521524960238,0.863616016512549,0.940632710315108,0.719302293772765,-0.672211773584243,-1.13614957142214,-0.173024643461161,-0.148307788985735,1.10544208657797,-0.0610885338804011,2.45348846192273
-0.525617217398007,-0.297060079180084,-1.60382490562091,-1.03319165477909,-0.848678290444228,0.0759721502840475,-0.450576846047586,-0.179864840495782,-1.25612340603232,-1.07162116025411,-4.85509758695175
0.0134920934899738,-0.965991081411447,0.362728486993808,-0.284656645017289,0.366401065004944,-0.37596023188276,-0.88381810347443,0.186461610768361,-0.316428430466938,-0.194438631861154,-0.434163629318101
1.5838701541904,1.90143631643909,1.91584429237001,1.37573965703409,1.13342272162853,2.00330730708505,1.80774498750331,2.09559932977814,0.864682605762935,1.79124528159752,15.6878777835293
0.0752252725358329,-0.0972780848706144,-1.81374943132198,-0.813983123512188,-1.79331632141958,-1.03148801886568,-1.10560295278381,-0.977283702661242,-0.863059918061807,-0.226833612228879,-7.48313787821507
-0.183790548802146,-1.4966225467009,-0.32313357011455,-0.946235846293141,-0.252512844080709,0.692336472591133,0.274491581532212,-1.59730152404552,-0.755788840622292,-1.34785462447217,-3.70418545951651
-0.187842737306463,-1.85442473270469,-0.00135623075335851,-1.17311739915417,0.155591811640088,-1.06815739063303,-0.243130430414191,-0.298316160124553,-0.425451140189988,0.212552154240014,-2.87164001533864
2.47471626864306,1.11630848406279,0.869084794807513,1.49385599211636,1.87141491916624,2.39256960768819,1.95752347112945,1.88586814501613,2.28438524738645,1.2979133128155,16.2974685440852
0.892955809648715,0.414487687146861,0.377131809505982,0.685398983988991,0.911527606769815,1.229657688637,0.599637459070173,1.42575051580666,0.887852479373946,1.19214707489084,9.58566236546662
-2.94563993448816,-1.87310462965265,0.305758277036048,-0.314480825442521,-0.623868448713653,-0.486723850906988,-0.413496004582973,-0.795336806344214,0.345603402640356,-0.959421846600263,-5.96746960873757
2.74153765731654,1.62461355371544,2.3333620811997,1.3640911389623,1.895081372968,1.13537961142549,1.43250838981715,2.1149428658567,2.14704320701917,0.859364901085369,16.6038417997546
-0.0356156604965066,0.14563450443233,-0.619762803069144,1.00001599747993,-0.602238325691052,-0.507042497683372,0.568738700949863,0.716157886854524,-1.06123946679086,0.290499600902136,1.99570728494221
-0.940009717710143,0.191541488384405,-0.873114188630826,-1.70459152626813,0.142587911971203,-1.70504086205101,-0.922930776982305,0.200012506081609,-0.992117022015889,-1.30985370105957,-6.1067168566801
0.0391875028921009,-0.131191827249548,0.0867231481934941,1.08639987610337,0.4782476520875,0.0442110640726745,-0.205221752348595,0.98052237813096,-0.00471522057194587,-1.04323180022843,3.90937240381596
-0.756157205434776,-0.450835430234647,-0.115558256486841,0.893656786891595,1.17039792295288,-0.288065426321195,-0.0883861210732953,0.437865946807357,0.18694892754626,0.36247393834043,2.75015670999781
-0.815002084098987,-2.57308682448566,-1.71119766221113,-1.77313266273949,-1.15770632386867,-2.79138739479838,-1.19991835388189,-0.973096948403083,-0.962111907238564,-0.301336668481445,-12.7611205681829
0.884275503672376,-0.282521827133101,0.594398336354348,-0.123417953319354,0.732031388607439,0.278454588160319,0.688462169983702,-0.711973969965458,-0.180763528273682,0.307253442603538,3.75905100960167
-1.44889869228114,-1.27996047487246,-1.41010438270433,-1.52373857886604,-1.40989159997385,-2.12948888210169,-1.19800569345446,-1.30941560456412,-1.57502944502285,-1.42825293550991,-12.789513343473
-0.270232201852194,-0.812874544092958,-0.421974164109843,-1.29162530620634,0.107477504994173,0.612480528494753,-0.47789815393976,0.228430254765502,0.0457283639226495,-0.192481996569977,-2.3505835519345
1.76030323851751,2.07722306192033,1.16163471630853,-0.382175849925331,1.33567904145248,0.308307621132644,0.734270570135578,0.0356852739814032,0.364408246091519,0.28400312367126,11.3134561947468
0.360123720208651,-0.42412132563549,1.65827450952839,0.743803111476298,0.0360626905526333,1.60338455993202,1.02666700853498,0.295648495767983,0.598585036766022,0.254465789417123,6.3955048441376
0.472069078029705,0.581681569678643,0.393898918985391,0.924806978840007,-0.171688755743374,0.595047027166372,1.08331624417082,0.537065021526679,0.620934898335777,0.8903490469365,6.14489719789774
-0.162819193884771,-0.0106703501063102,0.470102465207741,0.0384751981180825,1.43774195125262,0.33191752670896,1.47376266671757,0.265671090322754,0.961886151717775,-0.418493679540377,6.37131591733
-0.933457361756588,0.399746585995904,-0.951380095631508,-1.56273157672272,-0.550112083111592,-1.70635574375389,-0.786987949155191,-0.823186695294066,0.0318144236615973,-0.579122865558261,-6.40215193384416
0.0470443099765089,0.0913099271794159,0.25146661812142,-1.27226831526873,1.50816742112195,0.295943200572045,0.311270445158965,-0.178342449712771,0.250108203139287,-0.273055706666949,1.72484872914828
0.0913221455940309,-1.44658631089202,-0.638628349436237,0.0729229442391947,-0.134148152159243,0.169686489631435,0.13238350736997,-0.0207880473287712,-1.18129790553153,0.0138900682996468,-2.15988787025376
-0.351690326626342,-1.1683600133763,-0.777749497079943,-2.20814279660251,-1.04166059228431,-0.0176123709017179,-0.64982445400803,-0.756317665082634,-1.15060918125565,-0.43941611328373,-7.18165664900551
0.567791286586356,-0.0615052791297679,0.329575183951321,0.0470759440276301,0.868658120692162,0.488794038410599,0.503538670455757,0.498460676521465,0.04103701534133,0.745750358895337,6.31555113202331
-0.496275735644008,0.0967827901338504,0.498673466453224,-0.6055110234584,-1.14243882848112,0.534299456551538,-0.195405404603912,0.167464058488504,-0.4071191496879,0.0503339217058626,-2.40320168719634
0.231470341422793,-1.29822509723089,0.192642649051752,-0.36557306070592,-1.39305439801916,0.0611543643637607,-0.0749280266316504,-0.937522404533071,-0.344060213964787,-0.412050293914917,-4.05927631777719
0.092303930767817,0.499531474049203,-0.756586264982976,-0.502841638562487,-0.109057879889623,-0.335335013435471,0.47304447835446,0.454047606001507,-0.21763712826577,-0.0208395871400685,0.509222490362552
1.34491613611523,0.184494296204968,0.78058420089075,0.97643954762987,1.69791738572178,1.00120177489296,1.23623165289068,2.05091201834788,0.859435713529407,1.5270689263134,12.7188970192947
-1.56790089501111,-1.51862141570856,-0.302616107831303,-0.022565069882601,-1.72458441202823,-0.855362171388346,-1.37630804112599,-0.537859186798203,-0.960718340402059,-1.44326322841901,-9.19787778754646
0.646497655724756,-0.340993760357874,1.78625784908723,0.139613851332461,1.79367874618489,0.43732336022093,0.998114820049928,1.09614448162849,0.36575350801805,1.35644402277822,8.77245127261068
0.347207827314494,0.379924476508111,-0.383598183377196,-1.27095111035729,0.148101842434518,0.788897452020749,-1.41142421057535,-0.144866442925984,-0.834540092037289,0.346706873227544,-0.764573457256008
0.661504801779573,0.634803132236316,0.264758645509114,1.06015468057057,-0.598482682146681,1.19859308778075,0.27116154549652,0.943622124421413,0.342342558990289,-0.139062761220644,6.41627856469167
-0.739828376580018,1.50702057746063,-0.809437856192006,0.172716729610185,-0.0471701024639227,-0.730074465103701,-0.515957666836545,0.45934486708284,-0.386283171778588,-0.646914858947367,-0.079931576205875
-1.63475334269233,-0.486275127511885,0.395149206772749,0.281134280737601,-0.453367518373549,-0.253677829650552,-0.227082604497183,0.691483662526994,-0.486288588481131,-0.673993503541808,-3.55177526322686
0.981939378767977,1.42901514090128,2.05705872047864,-0.0512559021406252,0.411044914863152,1.08628685777218,1.67805557904087,1.63374009194588,2.07196688789846,1.40158999494003,15.2658330446889
-1.55569122435326,-0.925192659083146,-1.03594753309398,-0.906001770977337,-1.7162974731164,-0.0940073178029518,-0.0393294399618841,-0.42663328431557,-0.558066082556572,-1.06770787002657,-8.36444713419281
-0.174405951394038,-0.485412116289911,-1.02304545526804,-1.5022057617855,-0.688433242192976,-1.16210830344679,-0.735989754163641,0.348486742467827,-0.237270345706674,-0.139613597116793,-5.77851817411522
0.446661456757498,0.406034859905737,1.31060115771721,0.648128418618396,0.982090385954946,0.473409271492698,-0.841139743143664,0.866114058098803,1.04056068338005,1.49431629117767,7.6328051843586
0.458801546532325,-0.263974181899348,0.197641422245902,-1.48199176928152,-1.14956679769932,0.184562012700261,-0.027512821351007,-1.23061960951784,0.206826699896588,-0.532003413206305,-1.01542578580992
-0.340296390320634,-1.30679459470168,-1.85277509215176,-1.58710655075053,-0.43347172612796,-1.83381811584934,-2.18613545569283,-1.14752834522338,-0.863981910349606,-2.18102941077575,-13.3990550680526
-0.206912813647992,0.24835692174173,-0.867249100848295,-0.736203269488018,0.419956525057168,-1.02187516139518,0.438138537690347,-1.15235361326903,-0.932190156268442,0.424298996006723,-2.03941426073257
0.384836588006965,0.426604500385789,0.465083175391603,0.564145024921622,0.754300779940995,0.466803754644947,1.30420211285752,-0.752884306674146,-1.24434266885227,-0.683296746821962,1.69819058299712
1.04129428758453,0.587495716243041,-0.513196349512707,0.115036214417032,-0.216411599850186,0.659638606850164,-0.318363493973319,0.225825842342707,-0.347889805303298,-0.0725406902587344,2.67799178020924
0.00862340405397134,-0.138232693409552,-0.183124849268744,-0.457251917809554,-0.364509214277908,-0.471428481149499,0.521940426841496,0.0289422664738901,0.0697163598948231,0.181251836862925,-0.365014252419516
1.67610961316126,0.0586701506163928,1.39631755525381,0.277170997676575,0.90955638725034,-0.0926032580278711,0.570790361836005,1.03165999505155,1.3701688406736,1.18920380480891,8.66066733535512
1.02982105895068,2.18419866012827,-0.230705472236301,0.155987248056823,-0.0146243539613903,0.0265775386602632,0.344793767119541,0.697575935152799,0.304546048609175,-0.0234000046811729,5.44381949281911
1.37978615847454,1.39388493093003,0.762761070821948,1.82546256730051,1.82415614305488,0.809684038304198,0.666103214204218,0.633444488008951,0.375808174242863,1.74478642155788,13.0738955708386
-0.537767943242711,-0.0977448075982672,-2.00524761382137,-0.940110215498312,-0.947356000797743,-2.28483862028979,-1.12407115412373,-2.02173257668431,-2.37804192329025,-1.02042467573097,-12.3707442654194
2.78703165493148,0.198011090473891,0.409662441030345,1.87421014192904,1.18474185590687,0.946082378444469,0.576918939559605,0.888226119457017,1.4352210766765,0.347972334727755,12.6954636889107
-0.0507975854367989,0.290095003387545,-0.534788364336078,1.01363310146921,0.947472335665408,-0.119702941085712,-0.243910284017821,0.23058925394814,0.182280655474361,0.293811913917617,2.46819196300781
-0.588657563474386,-0.676493916389404,-1.24638093509243,-1.66088149241363,-0.185003038832199,-1.69455377394158,-0.723984266848668,-1.23929019010212,-1.41082051736994,0.356362934211372,-7.23139247443883
0.407654201877724,0.820772512980398,-0.959681954073569,-0.186955237502886,-0.798305889537738,-1.03462999761793,-0.738851445969491,-0.828721678994446,0.21950110547775,-0.308579582439853,-3.9098793499695
-0.515427692084933,-1.15912148590162,-0.732170955568742,-0.650747056303791,-1.6525105735637,-1.07098590428153,0.313294568028646,-0.33304795553758,0.660006394577666,-0.667471221436709,-5.01786411258123
0.649743051590408,1.24098658996831,0.954227533499823,0.850897573015709,1.69798278135921,1.02842981382155,1.15652913978938,0.00734299339486883,1.81684485789502,0.500280434461628,10.2383056366379
1.10895314813468,1.88772129657117,0.804927117116026,1.77680928421521,-0.236833384412807,0.0144065330280492,0.445954718887055,0.797135806653135,0.25995773539623,-0.0723403200126532,8.32587621777177
-0.216503536942509,0.201787849985586,-0.315296241400828,0.318449233744113,1.05310222821741,0.157565861318254,1.13110476282234,0.171374169034041,0.0745570134676618,-0.0583807583116442,3.65656411173232
0.649892421782628,-0.711403500338776,-0.392351166582222,-0.846789728845483,0.127597615372484,-0.472352369007963,0.156345243497101,-0.0659397288671686,-0.177857147515587,-0.223877835892391,-1.43109028479934
-0.645027398349099,-0.703105675037502,-0.443886402440119,1.13460333027564,-0.147773479898094,-0.798453928270414,-0.088787818208771,1.41036896153194,-0.675731910095927,0.647084850176337,1.75715267808722
1.70620475498568,-0.585665956264313,-0.0435272052936861,-1.65066000630024,-1.32033420936691,-0.560892780282017,-0.564667096404129,-0.0113966463925878,0.496112389374526,-1.04676073570263,-3.15528309075173
0.43884968733775,0.754106356095142,-0.410091160315737,0.178602945543435,0.676956025039495,0.551722358991246,0.225894703095753,0.44144856142233,1.27856374653744,0.176477329697693,5.97958491602857
0.689599427189736,-0.562172673063849,-0.746600505352801,-0.7803696300347,1.34695190981977,-0.279028746469956,0.140249581208945,-0.399036916500146,-0.465909645549564,0.148889490694512,-1.9350169821042
-0.952002413157528,0.319690569893055,-0.6011769920563,-1.15187336991656,-2.45294646970828,-0.973009228480218,-0.478778982783521,-0.46821386708122,0.0354556187510289,-0.295195503722773,-5.91881853757824
0.285545341993074,0.351086180640326,-0.468959949081297,0.698060210400188,0.792972231422576,0.0180826528320297,-0.846565073231319,0.136061298573737,-0.115557529231216,0.195518185509032,2.70948973200087
-0.244915182643207,0.314458212653053,-0.921083595242629,-0.560385647091995,0.216159381414611,0.978527442984796,-0.9026409968316,-0.0715927580777529,-1.10234233245906,0.284086420266373,-1.71822002765257
1.12130255726885,1.44630389167309,0.885488666983356,0.779609985675574,1.1539259440463,0.224138818416492,1.09175671910206,0.592214875838966,1.96452325954068,0.529187854852271,10.9088493560852
0.364160277801469,0.382665213034312,0.850672021903025,0.301948876182558,0.856185055431992,1.37277413783681,0.167424192521796,0.0446006553324332,1.48559505914698,0.937416053683942,7.10402462564582
0.403928449861806,-0.484701518044409,-0.444401566099534,-0.612487135921405,-0.237122588375839,-0.796581240391507,0.528725521986208,0.216263315762194,-1.05915927616105,-0.784398562377278,-4.50316445593931
0.538804156563475,0.911701044672353,-0.118404934680241,-0.0929745859167338,0.262598922038858,0.0923919848315881,0.796948618745148,1.38364679932268,-0.408264078218901,0.449971527499449,5.15302484233436
-0.417075108646019,0.109348821176681,-0.755225522849476,0.0439274142833471,1.10840831741052,-0.634219946534989,-0.477956234903977,-1.74873894729575,-0.277936933390964,-1.61448990756053,-5.0689781735568
0.560546172451474,-0.756773837216328,-0.0743614582404238,1.07803295535752,0.46338013866706,1.26732439050496,-1.07429473544067,0.250233461230689,0.298517692919018,0.342733918232191,3.37964198851371
0.536565356965403,0.0381361028176803,-1.14972635713207,-0.362723820390953,-0.52888101236841,-0.105798531186167,-1.06584538986751,1.20040734562878,-1.02123573264398,-0.234785556472817,-2.69448514303823
-0.500512141337082,-0.526563509548142,0.108329043184363,-0.312159952462694,-1.02621034814212,0.389538928073642,-0.0318846726570494,-0.706586130776122,-0.563769604808482,-0.21079833369763,-4.09083631946511
-1.07469830540959,0.382950558124995,0.480726317251229,-1.08511457799851,-0.516100776426768,0.508365674592115,-1.69183358369507,-0.881853203207212,-1.10250872440148,-1.02890125947864,-5.7175211828412
-1.00079916908961,-0.189587437747816,-0.491360851956155,-0.309047396942892,-0.60215205175102,-1.03834140858647,-0.444905746671029,-0.818614324002465,-0.868222378517345,-0.320999200437522,-3.70249527583124
0.0786595222291493,-0.0202501231301537,0.279298532943174,-1.12000714243764,-0.267493984580199,-0.0320102103971993,-0.503734353532682,-0.977186865452124,-0.0382016432132109,0.705673160619888,-0.285339432953821
0.867775993570231,1.10014060804319,1.26579268681746,2.25369514427206,0.908519371122837,1.65131396460851,1.02145426726356,2.00277625759908,2.5778717657939,0.567664771381888,16.002382745856
1.60168600946456,0.821482129004967,1.2144126834898,1.26317043211779,0.965582998868731,1.37000581567251,0.593867954406933,1.17897256512779,1.87422815862735,-0.526358781611217,9.93231018515991
-0.353381769332429,0.493710891802514,1.04162147292757,0.961861700354171,0.25031137342492,0.943637579177784,0.215771089668993,0.708238473089117,0.176451298684204,1.01734597215038,4.35604254524323
-0.191958118108041,0.128122898149575,-0.34986249806709,0.524137671894108,-0.32384331153821,0.216100440665651,0.670269714895456,-0.534835326227302,0.747086516356378,0.00480226093167066,2.16982275418854
-2.37825749376863,-2.27005415768351,-1.3470221331442,-1.08879949398783,-1.45646017047858,-2.3789112678883,-2.46172714507709,-1.95889122415359,-3.01204143663599,-2.336378168543,-19.1333420141875
0.680929755106335,1.69798562587007,0.546464443511733,0.679551855114191,1.21459350112142,1.40917366672003,1.45325325128404,1.35134565726256,0.258607451510654,-0.0333279978764951,9.42426843926507
0.175904710767538,-0.0180327692354793,0.343718016918638,0.260261485018119,1.29283325524278,0.261484890270718,0.322388861430652,1.01229829901081,-0.186248547487509,1.64713093916066,6.30590393106015
-0.417108731368593,0.329007704616979,-0.734690539410658,-1.31907405004959,-0.468156277579267,0.032734904073588,-0.762724461912824,0.566787168847629,-0.910597747473599,0.485147882273655,-2.04082255557436
-0.983404758575965,-1.63540452344947,-1.10466131042102,-0.668737130078251,0.7707213857454,-0.766365949988491,-0.697529626989402,-1.34143253071657,-1.01614384518474,0.773272436760965,-5.63736937111597
-0.828206893619166,0.50575413871865,1.70036270692981,0.502101895060918,0.386197099128223,0.347883429137755,0.400673543833482,-0.488971253280409,0.305046087542571,0.299466614899118,3.77841157194864
-0.212188102026464,-0.38767896243444,-1.7711070545733,0.517648299813918,0.347880909400466,-0.649172113732051,-0.48604575821991,-1.38560925428812,-1.20116568839296,-1.98314785521565,-6.28071523695437
-0.484456166302347,-0.471688386625767,-0.647526945223212,-0.915971889518465,-0.979684632884237,-0.817022816151031,-1.32272234678252,0.0114476231917301,-0.750671707685511,-1.31505054997458,-5.68900112038561
-0.0699821915762297,-0.194884554268698,-1.1043746522127,-0.580423600843597,-0.885660442609099,0.306402388735465,0.00886996005654019,0.0392727723949396,-0.551777861811739,-0.765827817834398,-2.51987875856563
-2.47445389559578,-2.74132602996358,-3.68861425488453,-2.01201860417453,-2.15141700136248,-2.12951904454999,-1.99030066620523,-2.04362508045659,-1.86648828790714,-2.71622904429404,-23.1438265233023
-0.532512980374937,-0.0710230047174368,-0.0499484573090691,-1.03269168043338,-0.34598172700439,-0.114547297826683,-0.0295181938535533,0.341047232677002,0.342553768311506,-0.873781802861733,-1.78945168467986
0.126780756697148,0.180899130120588,0.742456499712511,-0.0530845157326007,0.448477958793599,0.903645986857521,-0.611546106076107,0.400445099743767,-0.302160809349429,-0.79704674117082,0.133703425434468
-2.44650752926927,-2.38559090331788,-1.50343194005667,-1.31072027307399,-2.16030751284723,-1.46885064516543,-2.41708734392726,-0.469584600881815,-2.21314680248194,-2.45176415937001,-17.8143183277402
1.04716556924824,0.0722240772219193,-1.4469219773779,-0.280826389857058,0.428012907666752,0.957955712317831,0.251465279560222,0.0411151489669961,-0.138046393358019,-0.141358998574263,1.76617229330545
-1.76429514033739,-1.04149675585614,-0.388686835803792,-0.869989861388133,-1.24331597314629,-0.0899937410258871,-0.932647581900344,-1.5989835133969,-1.22994200844711,-1.93521173693859,-9.77375065308329
0.600328076714147,0.491560077046824,0.754577235835005,-0.125386025410362,-0.483838712197211,-0.860759572375576,-0.468543695883628,0.444510456125755,-0.0481420720824896,1.42525938041049,3.10446083471851
-1.33770245990629,-0.509998023167986,0.815655614474578,-1.10523916312754,-0.278055042585763,-0.190723279103828,-0.872314136733738,-1.50347984572156,-0.118527212923714,0.582079070199774,-5.32643500541881
0.748897619349281,0.986656985960672,2.01061229339565,0.699130778435479,1.67019560493802,1.24957979735789,1.37506837566243,0.704964351468482,1.15514358463889,1.28015385836394,13.0380308871609
-0.278287861289489,0.473702008607581,1.211241381815,0.820726506912115,1.07351753335479,0.58765348496931,0.854647247181803,0.287580156362126,-0.144099650947329,0.584145996571989,7.58952163374969
-0.0715502425564887,-2.26118292352356,-1.31199204572534,-2.30929179092179,-0.352553492331402,0.297130349929122,-0.763596611016142,0.124153931456979,-1.16389721630238,-0.63315856533596,-5.97085585698262
-0.805131629733337,-1.85076003375533,-2.30639374933332,-0.392955925641551,-1.88470489641875,-2.36363392747168,-0.169326683533309,-1.00936886222093,-0.214102554121265,-1.21531093040755,-10.1468845145257
0.753459834427554,0.614823601165091,0.251975009041228,0.0578192627568583,-1.34005670525452,0.28323713625474,0.310900694232796,1.28279423553054,-0.722729085808929,0.667250528962017,4.11778398393456
1.08615019810326,0.552265569382684,1.09876334575545,1.12954462460795,-0.726116650198635,0.645663332538623,0.455994069479497,0.428905864758994,-0.603284481021975,0.648457382812438,7.06926629344625
0.17460138670995,0.758118428660105,1.06980919119828,0.549365033685413,-0.201064497570684,0.982517186833632,0.306167823374595,-0.113124596397126,-0.135018490318525,0.529542895498903,3.18064877438866
0.796252174982985,0.380517692512123,-0.37148130414491,0.0130119703658011,0.611598114111617,-0.460130486677213,-0.180684715220097,0.525585833265263,0.755040689944928,-0.476812226292745,4.50625631964021
-0.943453316284535,1.76845668929859,-0.0227364228306217,0.218036447497733,0.770634532524421,0.851312218733653,-0.0787437319227621,-0.645914511362657,0.0449112791221421,-0.807986333230751,2.45431506183464
-0.54350078142563,0.0417664279646768,-0.0832547257825617,-0.382176788467508,-0.283707699592702,-0.541354032817995,-1.16047238811326,-0.17752360108225,0.19943531056582,-0.718610886850001,-3.11133839471149
1.9187983416106,1.86838448680881,0.577948074972573,2.01201228064279,2.01708372437799,1.33594080211132,1.88796471062829,2.03405848543087,2.74454146017794,1.80893842089557,17.3152960006668
-1.13536054057781,-0.316570687018651,-0.601187610030913,0.330700236683422,-0.504896939207792,-1.4109214352999,-0.47004721402665,0.0115825160373011,0.243285281084291,-0.527737201804905,-4.88098095198848
0.394799597867171,0.448555310641014,-0.0942568202177728,2.28461477303617,1.04264327392349,1.44499667920382,2.257741370316,0.625781109466444,2.50205194248346,1.41870423136861,12.8696654883996
1.1081941918162,0.985329799012289,1.62176412984724,1.00270502563434,1.39123103374935,0.105826166204824,0.712883631873879,0.423109174735404,1.55532612865577,1.07205405814165,10.7909473277129
-0.460725950262662,0.388970240728646,-0.706782560721686,-0.448435221634026,-0.432551138582169,-0.124888478925704,-0.430880290331376,0.259105615789034,-0.00902496493823047,-0.875821533987897,-3.70882412248674
0.336806676989573,0.154835264562792,-0.913717554491668,-0.298758033471962,-0.204715871807763,1.23825905317031,1.68911494849634,0.658444607561169,0.610338909336062,0.142669471458732,5.07615185757379
-0.566812318329755,0.0259203469341874,1.48876292614327,0.739709164314794,0.258949685152209,0.970866275409562,0.628859512439941,-0.0830086293282552,0.07311447964501,0.0229598406180497,4.91761356422979
0.821821523544609,0.564199526803786,2.06944214274766,0.443753084461757,-0.112372543441121,-0.456291459743348,0.0303258335952864,0.774915868563057,0.0289715770207861,-0.24264048091528,5.12160345520002
1.50308263944223,-0.293025697013498,-0.483107427238477,-1.01494081989939,-1.57757408957291,-1.89646837494122,-1.31890913002405,-1.81081293675359,-0.218291541196815,-1.07842517509823,-7.43871854209272
0.450509960497781,1.05237430883961,0.890656163112806,1.26491586282607,1.14104669851049,1.2316562432956,1.16290355432711,-0.735819794307874,-0.00131776099345741,2.5679038126343,9.91459914845779
0.113617832773662,0.799389576942048,0.955708943503524,0.371379706454766,0.457584556547324,1.86796501901296,0.750697871239351,1.21805743322984,1.12313357896059,0.895999489165557,9.18994701542608
0.861874903034061,0.196711499284976,0.923768701619141,0.587571658761415,-0.41146876706674,0.255607300732495,-0.758519704773859,0.186171047032889,0.639037748357075,0.701693647033212,2.47092875423958
-0.643994667670963,-0.323443768587877,0.355797700600824,1.19984201002181,0.102226593038805,-0.531832442737982,-0.0450140605656205,1.12045471032853,0.407852316819166,-0.652278886240323,1.4230684031748
0.468732389597192,1.34615931446319,0.580121658654548,-0.464712381792174,1.10352640276151,0.976839506541187,1.99850951518776,0.373175458777577,1.19101487389192,0.650445630172448,8.86536172982973
0.298336813595212,0.256227834116517,0.504275287215391,-0.350007234986408,-0.122320217533094,0.0857961179229619,0.92637724743984,0.386434835776861,1.50287912442774,1.42936846224121,5.55030067285008
-1.03538670297502,-1.15044085715497,-0.897301092568456,-0.874877725276638,-0.545555804570138,0.259939664546533,-1.02539025827394,-1.06570299586035,-1.3409108450759,-1.25164003834328,-6.94258927822822
-0.843828778183946,-0.521024878689442,-0.853510311970657,0.1820052296628,-0.932238744379885,-0.0660866357759408,-0.172062268466501,-0.799295550601739,0.334008875823661,0.589151461254543,-2.15902961561622
-0.459302180728488,-0.367619673786474,-1.54256209812142,-1.25991917453569,-0.742999550100078,-0.217359050564843,-0.453486150568495,-0.895404370218326,-0.609133898398377,-0.353510504337819,-5.78412711240018
1.2330153848631,1.79721628432835,1.47704730274108,0.980005738531981,1.62131158797213,2.59326138001708,0.0126336169742353,0.950831872988088,1.49190212466253,1.54341438304222,14.5367583949347
-0.0974565231169155,0.296882336820509,1.62161181124948,-0.165257644822779,-0.168887423710704,-0.685293092724788,0.623383540800277,-0.415539610307721,-0.691609812145615,0.461236634640088,1.19635921154451
-0.0165012312413777,0.930215349599597,0.160604719583628,1.14291531956658,-0.167435713227348,1.87547155079616,-0.541190147003389,1.6018708661321,1.15344658630901,0.331455454880302,8.72123561965998
-0.529721862299768,0.938917418126359,-0.143417154588203,1.24858916922681,-0.922393543229235,-1.16887562080482,-0.195515180114226,0.333726690755955,0.345509411974206,-0.485210560114781,0.0855928300594948
-0.605024110074895,-1.22249314080704,-0.097372156688179,-0.484551166392154,-0.0454250983361897,0.960884114081819,-0.426273545399637,-0.87695460584321,-1.01247094449691,0.490789107379198,-1.4449268642461
1.63579468247538,-0.178455249461156,0.513165708536188,-1.92749489425295,0.136089317607816,0.812461037307984,-1.11744597613694,-0.519875189189399,0.181986780764284,0.15545612149043,2.29933760893196
-1.29289929464984,0.276341086681943,-0.103744509307215,-0.210470957861468,-0.929574505920897,-0.263029490201913,-1.04393459811757,0.337540731863998,-0.505997704857761,0.0595519010843896,-3.07393094260714
-0.0500698533308113,0.123152138746736,0.27917435904819,0.476307155388788,0.708221855003917,-0.313347878181644,0.803261082674498,-0.102304030802433,1.02975381227394,0.79914060026669,5.23309675307814
0.170452670220796,0.709706518424867,-0.470534341234174,-0.292874535594901,-0.355443771206155,0.217146540208982,1.05087093357422,0.896342147457211,1.59981088655404,0.641186820301309,4.25486600924996
-0.333882381665573,-0.480281745260243,0.80310541781746,1.28611919895392,1.39772158867746,1.15050710890423,0.613869602084072,1.10684220122918,0.127447779214929,0.443965091439762,6.25144819604187
0.164677307436044,0.0147774127109878,-0.20002425300595,0.612166663811359,-0.750926607363209,0.334481984967048,0.337392472641229,-0.206811944735249,-0.888987574495276,0.302606677074282,1.55663478832563
1.219489365253,1.07247649180594,1.27293935918926,0.820271799399939,0.738867411194522,0.526167569194583,0.975324647613925,0.790060894807022,0.017100969356092,0.14715415104046,7.58293307065316
1.17482973193686,0.898565702107709,0.329240887721607,1.44306032240568,1.02017490861804,-0.289000503823318,1.53853163849163,-0.20287089280391,1.10450174934085,0.526965865447101,7.64898824148244
0.455394061124678,-0.161196435192366,-0.297845661519941,-0.076177449634458,0.865126344945611,0.220757715451345,0.241324188263023,0.109271662295695,-1.04894518019721,-0.76604575033592,1.6951644156987
0.923547843499647,1.56025017795925,0.573490306687616,0.634933451880551,-0.761499562742862,0.54634228124769,-0.0832836529815237,-0.0404140289504607,-0.0663084415287027,-0.502020816660024,4.28773752464732
1.24589263848938,0.825425767178144,0.545357834982978,1.4231445261599,1.5774104417446,0.417727884405014,1.52623289216089,0.942241497514927,1.64249793560644,0.679443506549439,12.8290435088814
-0.0815870693395057,-0.310136333385567,0.760584573802896,0.566784690694283,-0.655965074899297,0.0719765807592591,-0.414229314427524,-0.800083020399929,0.185030343892253,0.212493558285578,-0.865853189832064
0.62138945964463,-0.147855746089649,0.66952837115762,-1.09683322563613,-1.57090208421827,-0.564933973001545,1.41549054146789,-0.0754337427629049,-0.565951418104387,-0.447519776651869,-0.438360191096052
0.588956945337438,-0.0789432914979393,0.108449878961947,-1.63139127775312,-0.220662151129739,0.700776212111777,0.0336436822952752,-0.079286991881591,-1.35334900769319,-0.20124873562246,0.187363279184135
-0.63532963814366,0.18007513683722,-0.897809898995026,-0.102516764748328,0.218379632401505,0.0922525404761158,-1.0096974786367,0.638510105966591,0.253989982172791,-0.156543194102938,-1.89378690212015
0.274169013354203,0.982339381295697,0.283410804862652,0.503370356543654,0.44586188098872,0.453922065118598,-0.00655208441959439,0.718459147543372,0.492114961448648,-0.696724729147136,2.70415536978835
0.066735221501763,-0.144559743633091,0.178063166692229,-0.318890587125312,-0.101906786044719,0.0361495505588199,-1.18692588374708,-0.697996340809591,-0.363503448817889,0.523063541438716,-0.634406969808516
0.192150000965058,-0.063609095842687,1.06429906564329,0.250468031371033,1.02867200132517,0.699545028287567,1.43231492592529,0.165658822790141,1.01353871535391,0.344976929009843,7.15421615987706
-0.361426076562004,0.939454705729554,0.577032365793509,0.744884536197039,-1.05141466023512,0.680573350807272,0.0136762021936972,0.4911207461654,0.553319444343983,0.755551756046962,4.65905663266395
0.132784330850877,0.454671030913227,0.379829744184231,0.777796678335914,0.0243364084244429,0.266002960468251,0.0481429450258004,1.32996785674775,0.590420637452806,0.452421446456665,5.17351123086857
-0.183780624066723,0.594199230383832,-1.02556129689177,-0.37069382843372,-0.119124888662084,0.927534693655914,-0.457900417833099,-1.58071189822104,-1.36380349978337,-0.999011654730552,-3.97317520545189
-0.356258001746245,0.543630796704547,-0.918160425466023,-0.160986229223482,-0.561469265739927,-0.324112288544583,-0.491302536970835,-0.68768480737721,-0.250249092645604,-0.389215508848811,-1.99850477212913
1.34314459567595,0.836626209366725,2.62742301251272,1.23831662715487,2.89630606835921,0.810589804117094,0.0276209571248405,2.00010896331804,1.01234798215327,1.26722944977337,14.718254105766
1.28983296786787,0.452525128814113,0.267640113167567,2.00306371089384,0.759477580021234,0.828971218081791,-1.24905305777045,0.230479153921821,0.127798246860514,0.530794627742011,5.26902268665317
0.893646945851996,-0.665587588326237,1.62262159807934,0.056952805510328,0.833330817518767,-1.11665356706706,0.686770138483696,-0.492247968683809,0.552845438267997,1.72876571047729,6.51309805419637
0.19511190502138,0.403662381029992,0.44774604879641,-0.705615567931647,-1.06082823092089,0.254440953007865,-0.940516511915637,0.698378912047646,0.384676231486456,-0.353409636335952,-1.16445324198008
-2.0535013037895,-1.19976223813763,-1.48569326058135,-1.1537104405081,-2.88925566347347,-2.48801013674847,-2.76845763173968,-1.451769085473,-1.98444023033465,-1.74994549284321,-17.1981727545257
-0.536247271377348,-0.509778929205208,-0.456577268126246,0.430994245966517,0.971207868921997,0.479632703144144,-0.210119419366445,-1.04838865962072,-0.532917614568542,-0.001788704944438,-1.02757474113943
0.170447792848745,0.0532133886270243,0.504357620937712,-0.406927484625987,-0.140904993642901,0.170353456821645,0.030988021042636,-1.12359501386697,0.373152072662464,0.475455154798095,-0.601774862042433
0.656685804074097,0.652378912290495,0.921787491843259,1.74866356911837,0.685369269126015,1.48214610040304,1.5603853313296,0.748605718982671,1.49049285742524,1.27249102766,12.6293359609967
0.661575862296899,0.471077424109836,-0.26642702185503,-0.208185233360397,-0.584516230653389,-0.0671990121868367,1.32258352036559,0.672448890559785,0.696769404037414,0.134367856028668,3.27059407104863
1.2941618873295,0.752765273040672,-0.0759831661565283,0.00398305524568151,-0.137015969628954,-0.621494164720631,0.598159371457865,0.718733755770585,-0.247889926613609,1.49051066218499,5.14420972546387
-0.930660767652383,-1.30744747567474,-1.58993824738906,-1.35533638857472,-1.07286403234012,-1.04163672686926,-2.51527298049118,-1.50793900488122,-1.50611765870037,-0.69904683588307,-12.7203875112464
-0.429256169982842,0.0765424029496687,-0.594377227003995,-0.0123126182483188,-1.10115142883047,-0.941486374718284,-1.52156200298506,-0.435905235553097,0.762070503482202,-0.811976973540492,-4.1726816475521
-0.116241728166454,-0.636424970904008,0.0317174900522741,0.364490425056482,0.811148425372846,-0.763300808936105,-1.19828514456668,-1.63843390933785,-0.118644724954369,-0.899387680075879,-2.5949493675822
0.908794651391375,1.72307515476758,1.16257806924015,0.17561402703271,0.780983306385241,0.443490003478915,1.19926829544869,0.815290208128398,0.956054051434105,0.74648181563098,11.5475799781561
-1.40216055734319,0.912052112494535,-0.249576212358297,0.366276660103142,-0.976472019232437,-0.950437002933541,0.263227866967924,-0.22667456072888,0.39112068693762,0.0518283688605172,-0.375333528859065
0.951047393390383,0.182277685630951,-0.271168654256106,0.925720756973642,0.49548030682698,-0.0124503768345748,-1.56212807692503,0.227716749745773,1.16228094296221,1.28352659652312,4.18335145766935
-0.597398903188548,-0.319490281918729,-0.777911854760622,-0.192398010504276,-0.711055417351344,-0.222681645254343,-1.96089156817827,-0.627796276121628,-0.15410567027698,-0.926362104900431,-5.27551278963249
0.8192266708324,0.669893439473125,1.13091304566824,0.0709148654740581,0.622711584613968,1.38804163694745,1.37110299957835,1.13979956137752,1.35926801504632,0.41253246209118,10.9223299542461
0.183121092323689,0.867685604317212,-0.470175807270414,0.912794020831019,0.100128508918614,0.266180433814602,0.9436136504476,-0.0920143467321413,1.00459141249849,1.18178561985506,4.85693801000574
0.035723991612621,0.0890612231317484,-1.38829229899956,-0.458162277800805,-1.07881302886561,-0.229526261734658,-0.262758227205047,0.680549478694731,-0.971524849348145,-0.457754503618294,-2.99636984478479
0.393083157204633,-0.275412335531939,-1.35396798612144,0.184434974556831,0.953647136982812,-0.361264657679403,-0.510590559204539,0.353083693045187,0.673155533335588,0.0222317828574217,1.22518951387007
1.36568179862543,0.769046765691745,1.01327876625984,-0.526217050633041,0.438907108651408,-0.254173410776762,0.742620124848838,0.447736771625476,0.51069514431307,-0.966041928425707,2.89876352796912
0.492377978274163,0.0311097650414496,0.36330943545039,0.261957193093927,-0.351848499544217,0.0338234122323747,-1.03926346306292,0.746693417588192,0.133935648739982,-0.730428774567284,1.24039826062443
-0.540047364500264,0.178969284336715,0.316344669818035,0.754634570206619,-0.205927732244845,-0.471077642655527,-0.530206805381124,-0.592160557175105,-0.387138645004147,-0.332359730174342,-0.216014349789641
-2.35432727627208,-1.33020030494226,-1.09611543700548,-0.99929753568817,-1.00645716068204,-0.324660961688247,-0.951379721595595,-0.11115353351516,-0.792967248953106,-1.00439180985216,-9.73393914150843
-0.102596388593522,0.20283452269442,1.88689341920449,0.937596132245852,-0.0133574402369351,1.53675789193473,1.02243636862733,0.454369634558286,0.055116706041987,1.04059974101018,8.05174332130241
0.578328999263232,0.73901378747395,0.187345793790142,1.20471187238475,-0.86044526238459,0.733229879946025,-0.508096155319746,0.124732403127189,-0.664785602986012,0.293742683356843,3.59725582198777
0.462131441253649,-0.410720281824036,-0.969767919770509,-1.20308206038941,0.322376343545427,-0.784900896486942,1.01250073000618,0.655328485639966,-0.933172078364071,0.387072100418837,0.794418681313988
0.135748863209885,2.00447078070279,0.764259261293181,-0.0365122739651537,-0.0224428834748384,0.405869248659447,0.304843480868266,-0.369960456695524,-0.379193159219099,0.405433824632001,3.56670351523512
-0.398794594435616,-0.730252935610284,-0.17499496612451,1.62008503043663,0.807401189690253,0.207186284708463,-0.382374742123258,1.05138147550346,0.654813870279461,-0.0279926752253815,1.2547917806846
-0.790568992835606,-1.02897107852449,-0.482500646523865,-0.694318997068846,-0.338405391292298,-0.182256277669247,0.676732668464478,-0.247088017455377,0.79017321336579,-0.79213834886685,-0.420851550572265
0.483500354151737,-0.983234551649686,0.521199837447296,-0.959792433325724,-0.313530806477432,0.958009963830883,-0.316673989067256,-0.10353440052529,-0.961810790719147,0.766850663909887,-0.646913076283067
-0.314982788641471,0.227464386622181,-0.401423555166652,0.258582665171528,0.0682861894625711,-0.320914779104247,-0.829104091764505,-0.572638753036532,-0.974852512133748,-0.394719161555384,-1.8225505956904
0.64539353423197,0.236951781960201,0.917256554545958,0.86401559082449,0.262509448134982,-0.0714885135523129,0.573679960372293,1.05349573282508,0.199602820309258,0.732296936826473,7.3203266835649
0.0920124457404177,-0.824155719058412,0.392472718970112,0.539544333688445,-0.684607377090892,0.193829848943346,-0.0740290001669229,0.150367442311468,-1.35258017260164,-0.323869061830409,-2.69977780527048
0.227743813264109,-0.720973651296138,-0.0645452199211326,-0.475958313310027,-0.202522209290977,-1.09283245177957,-1.57885721028566,-0.924775767535506,-0.823987067158887,0.026596608165761,-4.61286768547032
2.20155667462129,0.35694409308035,0.421587677192261,0.689058861648381,1.39811061574114,1.5272589370275,-0.708583389638087,1.06393006015223,0.590054170664551,0.761529409074155,9.20830814230272
0.667630941909222,1.07007448206844,-0.412251286202222,0.733015108824373,1.7057519336335,-0.240810920031516,-0.116328606065142,1.07794081357117,-0.0681431509191029,0.628655647551203,5.92947656595083
0.898657190902797,0.483852393164402,0.818490350291422,1.8464686420019,-0.175869753309057,0.530804930855408,0.681656822159616,0.813616915705022,0.77983035711833,1.52859421307399,9.59148923535607
0.260732698617989,0.989588068494458,1.35706219343863,0.501502434606967,1.99972436749391,1.07358213381185,0.585312488269601,0.114422315198329,0.0406800884047677,-0.0157901387561811,7.20549101000177
-0.525304101331098,0.825963498827811,-1.74843183046751,-0.421182486289934,-0.84241170342606,-0.143217808017459,-0.915769516100226,-2.06920517665705,-1.18202752661838,0.374071306382352,-4.82469563135793
2.59601572691444,0.873734015946813,1.35160805795171,1.043618222059,1.24642050785163,1.98513633344407,2.1733440843688,0.718412660056094,0.356071025580743,1.90416224729146,16.2790078372734
-0.196339536243896,-0.19753663919958,-0.217508710532987,0.068313273870847,0.538897507152868,0.942427955730817,0.990494682347031,1.28734537889367,0.389887370931144,0.827382083634912,4.70140078591522
0.299830426861081,-1.31570380136237,-0.513938858749614,0.080901266474559,-0.930829910688961,0.189014332243834,-0.599262239772576,0.0686350379577552,-1.20332068980023,-0.0192156690011325,-2.81478773448219
0.702758585817551,0.194255786780912,0.506874403557301,-0.488387274019565,0.425835458711103,1.31948107401761,0.839181322864788,0.261501932783615,1.14595207042675,0.391695339581916,6.06398351907394
0.406137772905738,1.87711178380833,1.74791384188067,1.53759823039535,1.21591203111127,2.11875744607103,2.09917963723228,3.21038121794248,1.54173049742559,2.0397029955336,19.5706255412814
0.679937787505924,0.468775778958848,0.715217420050451,0.668275308115899,0.784804124640359,0.397834511140626,-0.395133373396909,-0.0875003921276502,0.309184759470273,0.98108534497324,5.73533817857653
3.11830533000584,3.2666076449533,1.6585760747014,2.21031742786092,1.68735104673628,2.73825392394555,2.32506105256645,2.22052386978593,2.09956892609815,2.20984529666051,25.3438143664476
-0.479289214102134,-0.990081638008765,-0.983455443574242,-0.520972727808006,-1.00792402717203,-0.490324523711251,0.104657362614049,-1.1991575477892,-1.05604517171717,-1.168481399674,-6.02361734730923
0.302328674935028,0.00529362584298562,0.0869137870537324,-0.301778716537467,-0.434941602659594,0.438754015335238,0.577544973805863,1.05582047845972,0.193821631568906,0.748488715381359,2.49817107905426
-0.456842991830249,0.0404520116104985,0.409257798185763,0.852903170176766,0.290983454266623,0.158274896010063,1.03716119801519,-1.2701363865059,0.546350935138141,-0.249432207881359,3.27426293673321
0.154058585572367,0.373779395251163,-0.437736667426525,0.631745215640992,-0.755609069509512,0.292165062842444,1.48689000853872,0.0374048741675558,1.32818319346148,0.812399473081549,5.44743397064066
-0.817833322892769,-1.25199987433755,0.936926877641899,-0.658803220626874,-1.45667866801293,0.462631015124067,-1.90985849682507,-1.64795258612716,-0.597394257082478,-0.999610754692105,-8.06392325965589
1.06007850294473,1.06680293245704,-0.00946054201580175,-0.00745811127405092,-0.182182257460398,0.845225688560766,-0.607913997480097,0.476843483199053,0.555234563018125,-0.290939786042995,2.8447573358482
1.73374799464172,1.83824565992154,1.46945501345286,0.844671676138136,-0.111769930391014,0.891236654877968,-0.517831330522701,1.32692712330238,1.27572960193785,0.591249418694602,10.7725365805509
1.90057750589121,2.0227383409933,1.69761360718612,2.4343991273826,0.929619369504147,0.974130364000768,1.77909706394758,1.77690076182074,1.855106974335,2.20269171585536,16.8060253076881
0.198426823434383,0.282308353351355,0.414756829570909,1.34773232928124,0.609980106931935,1.17992823618375,0.763653614613877,0.289853019636584,0.599508308858228,0.170239435237349,7.81483765940023
-0.208700053559812,2.36282841025686,0.457312259721141,0.187449214129616,1.84939410817531,0.182253256451294,1.16462308701301,0.924876208651334,0.183389667449942,-0.381348252956586,6.0833435431649
-0.205577734649458,-1.33322847908964,-1.74155636027945,-0.992247346499495,-1.17284053642846,-0.28813272100314,-1.88856511222251,-0.304298591406424,-0.861930123282839,-2.23170842360388,-10.4530885719342
-0.469872919252298,0.286433824054106,-0.0915430665008385,1.23418290310177,-0.537876395972561,0.176704837830443,-0.752794471223384,-0.934413989811825,0.240098400356857,-0.0472305269615343,0.092232076800001
1.49740483114329,0.403688152114299,1.07770118843039,0.230542260168924,1.62335134130561,0.241792755128736,1.22653297125992,1.12208850192126,0.735525946177847,0.801664617042574,9.85494078751769
0.0568925736526431,-0.231565967943899,-0.624746336189031,0.127746414442688,0.283827423128773,-1.51859509039935,-0.254580802460466,2.17057011058153,0.974090860074244,-0.841224144140491,0.607240877366924
0.315554054364367,-0.823661363155125,-1.01636780738177,-1.07898644441017,-0.727233619082143,-0.922947749574118,-0.579248593542947,-0.0123122087641837,-2.40446774884487,-1.21358520351671,-7.77112823745996
0.681799647369592,0.313644559201686,1.80474512230487,-0.0228404525979236,-0.123890367102818,0.648454833787376,-0.0725291008757448,1.62610782957769,0.370476950272222,-0.0385117810907265,6.37963116366645
-0.364880191332772,-0.524741731951628,-1.1956076106099,-0.14275132172759,-1.37616594663174,-1.22428448494479,-1.29087175503419,-0.300220001045071,0.00824248444898715,0.413347183805947,-6.42115036282636
-1.0424933016872,-0.719245582749224,-1.41740994205439,-1.02977708788971,-1.31323257272647,-1.37884593622267,-0.506035828944991,-0.432488824737086,-0.656437825098235,-1.33148182895203,-8.90106329803965
-1.20424899024661,-0.626106782592343,-0.817323809576858,-0.891513352054844,-1.8606127141684,-1.5027733664055,0.882248271145626,-2.49238278241585,-0.33994987792288,-0.834437727597691,-8.36006745663962
0.420979634777135,1.41852418399623,0.531240106483351,1.36059554616003,-0.397162040513887,1.27140650156283,1.23960429211368,-0.0558895051816805,2.0636232797835,0.70436673317453,8.93289686891492
2.15252557170651,-0.180361857851975,0.565897378951774,0.365756711808231,0.742899236674172,1.53902880757656,0.49172392383772,0.223256525173122,1.07154972504392,1.32176721666789,9.69574899678094
0.732777348030441,-0.327914682948988,0.470861214279326,1.14745190718992,0.0929711099634276,-0.242424774682875,1.04218423863332,0.709093813289556,-0.335608465765181,-0.0621358231291454,4.32370398656098
0.370312306905799,-0.273026332101508,-0.252682846755897,-1.21635420139831,-0.810281225545976,-0.200276521683904,0.489400176219034,0.0838458446937245,-0.952740229692498,-0.397824155265297,0.735136974522679
1.0514649155821,1.30562643430429,1.63063490016635,1.46212774966159,1.15763972785625,1.41275760530302,2.04043503497962,1.56186843013776,2.04586044320354,0.797701291038373,16.1565383121115
0.0893031557037876,-0.346169768061098,-0.62419411144281,-0.77891232870084,-0.582225504742378,-0.39246359797009,0.97917035663015,-1.2212648074947,-1.02081572810179,-2.10546151819113,-4.29079518753263
-0.83645042373646,-0.340277997744602,-0.791897610526099,-0.237995991922014,-0.0189325636176115,0.728716341000256,-0.565719829970895,-0.27905090965162,0.196690822196341,0.477002750379799,0.913683179505229
0.21218786406495,0.120670260140118,-0.0437255678235659,-0.167197535714662,0.911385565916904,-0.801340229817399,0.343319219519128,-0.442541270001634,0.599549724809105,0.657658558976639,3.00615241994513
0.0378148613225344,1.51167667322388,-0.739555854644152,-0.616271347884243,-0.621127202873037,0.424064745693554,-0.311764662225149,-0.400533280235162,1.32924890364797,0.955311659960466,3.58225904257637
-0.664028399904039,-0.998898494605952,-0.625492014236775,-2.17329391227151,-1.56220675384158,-0.739891452291061,-1.48099045869788,-1.37371227404138,-1.17476488977111,-0.93579112193218,-12.4489266067892
-0.911361217689798,0.171804154708892,-2.06783482755242,-0.862916379192992,-0.864015518082827,-0.204072336295705,-1.02301620739902,-0.267907291133356,0.0436293967890002,-1.27717080062817,-4.09825616298558
0.0157325014290867,-0.649608926233291,-1.26259167016979,-0.425727239203439,-1.37980793640198,-0.432896238096807,-0.876426359731016,0.295893566943662,-0.804031971254845,-0.251333213035227,-4.61023265258161
0.19961018411406,-1.04776424074446,-0.471746068011885,-2.20156965051495,-1.64522476860209,-0.844699759676148,-0.250496627897961,-0.414335732719677,-1.09264733155132,-0.819597706170137,-7.63858968386083
0.786644023500938,0.5747467183943,1.34051173387949,0.462395041633337,0.554868087361434,0.360796548850029,1.27261650360625,0.962909228545272,0.781372032182675,1.11420288291489,7.60509514466268
-0.623701583683045,-0.759636687564329,-1.76310090116963,-0.514950180918085,-0.516416133792872,-0.42151329295148,-1.79735866344789,0.0123309615214674,-0.589043010885268,-0.192546839382353,-6.3139993605657
0.0391360564428707,1.45274448661861,-0.0375745120547028,0.884522134990287,0.658471152330176,0.419538815196368,0.928572415593028,0.259835582853118,1.18963467750749,0.664740196698395,7.83108558618129
-2.66037561031897,-1.73101336590507,-1.74050573815307,-1.72445025612971,-1.92123289734353,-1.30283965936362,-2.64640792282316,-2.12733190752727,-1.59272130898284,-1.52209417126962,-19.0667904273725
-0.341346686935306,0.535523536659554,-0.0867042541494897,-1.25192228775554,1.19096587091374,-0.341469706196666,-0.557308434434577,-0.498648212873721,0.678840055074814,1.0267654579077,1.71633129508472
-1.0301490886115,-0.287364308657475,-1.27184952173883,-0.60459256380166,-0.76170479567798,-1.16641553584777,-0.174944356318962,0.347912258225243,-1.15216309879008,-0.51357844476817,-5.6467858192509
0.462138268966216,1.47739057339421,0.445587073082068,0.613085631063994,1.3910945271256,0.951477715527061,0.163294369218218,0.338883268754105,0.202640324996067,1.65204388454688,8.51378866967895
-0.171260143507675,-0.526572801851519,-0.295392234516333,-0.48482950206448,-0.309162078773663,-0.846057094011786,-0.799090063065424,-0.56548984754737,-0.263082031932349,0.230039474110251,-4.3006272153478
-0.737404129065064,1.04534706445432,0.936523273976064,-0.406548378684666,0.111553264161562,0.37587728541351,0.637165645948883,-0.195456153397657,-0.829663039789356,-0.168387536397873,0.736272561010603
-1.20405279903293,-1.73760595630808,-1.02253781838589,-0.385977087664161,0.173396436089905,-0.319074143484059,0.0149026828017564,-1.62901282981494,-0.999557127944248,-0.783272114070697,-8.76296650988842
1.95557278760535,-0.159155874883154,-0.703956369719383,0.536916275628122,-0.132428263711792,0.668457591999287,0.147556616154836,0.872563793846877,0.987901985970268,-0.489637964543953,5.13436223147458
1.32346980970215,0.0521338656041581,0.326172245519555,-0.182732794407386,1.08331400983736,0.52313899656586,1.17053176584067,0.424417283232658,0.575292102488546,1.06699380149584,7.46675856812061
-0.274375304777598,-1.15458383574592,-0.974093142089566,-0.845198659178952,-1.09809444996296,-0.175142574306382,-0.796013665141353,-1.02191432897213,0.242767244434265,-0.500982011201442,-4.66601999001708
0.629720894657694,1.14755824374704,-0.629416861871202,0.55578018282725,1.09126423938994,-0.261734970168885,-0.278495589672134,0.961516482920771,0.211283005642104,1.09202811514722,6.09002842334866
-0.795903684335519,0.316962216618022,-0.0747998606091339,-1.31134305934594,-1.19033053709913,-0.240988111835982,-0.542398894321514,-0.442793590717652,-0.891048118110807,-0.872302935270656,-5.83778211168822
-0.294317108627481,1.2529079792505,0.611453147313822,1.73752855332093,1.02910440463775,1.08485886698621,1.05670837930624,1.39774104658976,0.495664886096363,0.788863618618322,10.7830527081802
-0.915270847010073,1.08875434455919,0.525086126938987,-0.110637968873757,-0.798393444303308,0.815514101757165,-0.498474095431539,-1.15940592205674,-0.355968085989906,0.136600812336196,1.16943692972377
0.76468923880748,0.600052837893171,0.576662751852311,0.400002462329926,0.853767267356737,0.944287370197426,0.509889853686447,0.77017235301868,1.0970320951179,0.277040693084,6.88796730636317
0.990996262959215,0.274876496420886,-0.239153418412752,-0.271318511552115,0.673504689513367,0.231749325700389,0.444937089351543,1.28707542906926,0.788074524305911,-0.264028691673652,4.87132722074746
0.459909168107837,0.486824575604658,-0.912558306797491,0.194962631026169,-1.15892242996623,-0.549555881149792,-0.271271603970636,0.841964614880141,0.267490402469567,0.00874235492670952,0.122124266029964
-0.774006895686736,-0.300673861777521,-0.498494107686737,-1.74894769862646,-0.482898378419121,0.242820460128654,-0.823828725701271,-1.17364425710021,-1.03616369785572,-0.665262734308581,-7.1937141352049
-0.459890698006947,-0.0269564065202792,0.0921297488298237,-0.220965304248074,-0.1547967011912,-0.228668806965465,0.0859277053482849,-0.287791774488202,-0.751952628416326,-0.0948698464011578,-0.854990435040148
0.402942503178664,1.01498846922417,0.245646666446628,-0.00745388419380926,-0.0219378269007462,-0.628906019745834,0.252031218603625,0.419101985517128,1.29182438487403,1.57117171431383,7.06192018530069
0.0906116073625915,0.214963042437222,-0.250909171987547,-0.145364445730186,-0.680594345678224,0.00885032728660101,-0.850145306230932,-0.23457161277391,-0.850529471497824,0.432853707837966,-1.36878903120212
1.62701317524004,0.609301164275785,2.12300279804151,0.938673698637436,0.95205301027753,2.01071483279319,1.10205774313387,0.89699043165225,1.01728373855209,1.85492912339877,13.5741678876101
0.842990050201671,-0.0856484469898817,-0.0259015205346449,-0.222005855740501,-0.15201895821408,0.0292264740503372,0.863673167491526,0.492205888850671,1.00194112915386,1.31577959308498,4.83042975739416
0.569749185757673,0.899063495524395,1.9003077906124,0.255517690570948,1.31639456185778,0.0436150140772742,0.867217144028462,0.844833571409459,0.499295753165635,-0.920107731946278,8.13160235110889
0.483729905067844,0.233104684264838,-0.334037197863301,0.0037017643415165,-0.109106102916688,0.0255889892282005,-0.831110836667918,-0.642908195576377,-0.270731013635248,0.0104902420025794,-1.44781306535126
-0.0987543749398453,0.132506279103768,-0.423099413211531,1.12652367878748,0.271970193891738,-0.475180504981421,-0.540653620302326,-0.489820724697673,0.722949610097026,-0.122934516984027,0.884862885314843
-0.367420480247097,-1.95417737182533,0.484446375579083,-0.802910644937426,-0.388821530297526,0.0289200061948531,0.353429090539497,1.07388885543189,0.54765414569409,0.304647573816214,-0.98153776805766
0.401895281723375,0.169649980207145,-0.409776314548547,-0.800544056685107,-0.223221512085527,-0.0172477828363637,0.791418212800617,-0.30511510986702,0.622946264440742,0.0619639786076672,0.158717527284665
-0.437626026396739,-0.243847624469683,-0.111108760870013,0.131235416251995,0.741237968409725,-0.385429571555297,-1.71224554663184,-0.303365470940211,-0.166664485764476,-0.834527752029588,-2.21234813751418
-0.501385820311367,-0.0545141659422237,-0.488229072377813,-1.48719927427507,0.327766636564913,0.271933377492331,-1.64695749638971,0.125994583789874,-0.68603960897489,-0.779775101429932,-3.95005479977793
-0.296211586277761,0.0771410771262418,0.869308614674302,0.970873016062748,0.0273297006248379,0.934680584283838,0.605757735945621,2.22835086586348,1.24702021181054,-0.526140771277775,6.84885920831395
-0.598187288148408,-1.38551158913741,0.031040758445061,-0.657863478861269,-0.6187906572712,0.394635386246506,-1.32097780941738,-1.34396893770614,0.626184196383236,-0.46912784060753,-4.6393659199609
0.997195474233835,0.468394809550542,0.675685142772118,0.490425941891009,1.66579294273359,0.209596173378293,0.0234270081259629,0.0497937755641922,0.370587186913006,0.47973874790519,7.01739139789542
-0.221470505463838,0.152994191755413,0.378334527371861,-0.564186646979012,0.0321049275407877,0.785852850427319,0.464263225458368,0.817075382207515,-0.566783952435374,-0.687134567956961,1.32611098972378
0.0888597998749496,0.152639325002851,0.523156965021188,0.94200860044396,1.36872791718581,1.08055072484759,1.10347386588711,1.41824092870738,0.821202475156453,0.785849962640852,8.21748836651493
-1.15785937248934,-0.624583997818311,-1.00062936841043,-1.49185673793293,-0.399792190177024,-1.18057047222707,-1.26369690278342,-0.66228193948296,-0.863641496346716,0.0137474149956947,-7.08907941391101
0.942244866939495,1.61592432336545,1.23329546662021,2.73293839545739,0.670971768926512,1.04275102463455,1.84571047915289,1.06974290140924,2.02844621727142,1.47332859807544,15.2906990552598
-0.891138905917739,0.0276767394168184,0.128325801194009,-1.02171987764264,-0.24500749314307,0.29320715973931,-0.705358140697793,-0.456926683932001,-0.57550392292339,-0.0203749139925525,-3.41531715025449
-1.66961293054073,0.323336036587326,-0.416185578614276,-0.669768263241566,-0.432165457709272,-0.83364245773673,-0.80252109517767,-0.453314389209172,-0.131369089044686,0.269558574677555,-3.67922179211347
1.31808580286182,0.860160584946348,1.38824936989065,0.557218124776619,1.10658277050209,0.935537660711341,2.39419451372196,0.313462841765504,1.06760896891144,0.479498296320532,12.4594499070674
-1.74690824473441,-1.05590133516857,-1.0789497157826,-3.00862898562012,0.112936324867405,-1.26764645939971,-1.32655893335255,-0.403120080416518,-1.40578226599714,-1.01103324403667,-10.955518647325
0.405472606896091,1.09247149246939,1.59251744081716,-0.307687342876272,0.857171497599689,1.13702566883056,2.0920976506702,1.34533140933958,1.64177859528388,1.17343916336546,12.5315748471073
-0.0447143457298007,0.491374860106302,0.577216398794955,0.304277636431131,-0.599579123656988,0.601322864223412,0.280562957785205,-0.156914773038965,0.324738015175758,-0.599783309075061,1.35635218951492
0.879704497358913,0.364159420787737,0.136720847767287,0.814075682829078,1.17987342225511,0.614349594665985,1.14636936511478,0.680361849088343,0.898411027352463,0.817905746490657,11.0155923109447
-0.350351159457623,0.541009292906027,0.802321512278033,0.267570578592145,-0.518267079730616,0.121193210847812,1.99251840469445,1.29896138272121,0.75284370384483,0.526445894633394,7.42964126283649
-0.934633203828638,0.547448159058203,-0.85603279823813,-0.133772184004865,0.438658365009441,0.269480919695712,-0.86138134442431,-0.970017582278079,0.0083641725819398,0.450126794813447,-1.83948920273723
1.12809590203688,-0.766377115292425,0.287902027829989,0.872975371992566,-0.115766797066835,0.359507184433816,-1.03204200379092,0.20019010537075,0.797245529144319,0.526404123122252,1.5511638224388
-0.218855124114051,-0.24280572219048,-0.195221261062926,0.818124402910128,-0.380159856967636,0.329259429768971,-0.311260027256053,0.0115024917329101,0.167367818873155,-0.956393750409559,0.209993626596366
0.619225184769462,0.920586684475647,0.716642202674435,0.973500769125561,0.889180692063065,1.25258434550978,0.758357973976359,0.940609063356154,0.504192475027688,1.61783149202949,9.88819438920391
-1.31338476344251,-0.883786148771345,-1.76496643437445,-0.737883456969338,-1.6679947096564,-1.43382829534495,-0.578511851779757,-0.682788575040827,-0.92548195559833,-1.27977394620205,-10.6343027561032
-0.57918633441204,-0.408222886877837,-0.702335614084178,-0.556764810171122,0.219913595527473,-0.883256054515691,-0.840466561944192,-1.18636690206704,0.0914795086533203,0.164296127857411,-3.38114403558019
-0.494399413885015,-1.51787676887876,-0.692086448888129,-0.822597753641942,-1.55853937433179,-0.918535756887769,0.214536387175543,-1.13310029906898,-1.92167153450401,0.0662264053596132,-7.51636391335115
-0.511964440165242,-0.812566880086687,-0.58078263444462,0.427202766354399,0.221917334421089,0.387675630158243,-0.782105192466598,1.15161989731936,-1.39286262602287,0.301914718284132,0.400488226545329
-0.354641284988896,0.0897997989340542,-0.387796337458767,1.23892594478251,-0.0360235369234784,0.282475108479201,0.021527600638393,0.149649001686195,0.39979060531952,0.145559803225249,4.64854668798801
-0.112318750636679,-1.13690774929904,-0.539745531941863,-0.742641792163605,-0.878267159213797,-0.666833125065102,-1.6633040887847,-0.366633698029136,-0.390989090284112,-0.834268340687169,-6.23143225303593
-0.120826352222799,-0.811907620839719,-0.110779968089156,0.0546008233756899,0.253433628990962,-0.777549520191136,0.869345670095784,-1.40379420110639,-0.100469636437967,-0.59118176699734,0.631140826644597
-0.339107727393572,0.14168396735443,0.479053866127733,-0.294402364658313,-0.230003810345067,0.334640392630066,0.0501083588784842,-0.193740796313322,-0.514409335724988,0.237161725369846,-0.333051549588131
1.2275607246688,-0.140443030909978,0.39968484576111,-0.70768749967526,-0.815016456315739,-0.249786542211788,0.0687946840432661,-0.500502987180504,-0.319902231446916,0.39205851619585,0.399953024484209
0.570516991828425,0.222082825935918,0.638391019335882,0.166009856715962,0.846109151631742,-0.286469212993642,1.46214719279316,1.46172201667117,-0.220833837576615,0.532161739535176,6.38648953952188
1.13030146698493,1.60357511910218,-0.16493348684613,0.524134139987874,0.0361648978546076,1.66333790317475,0.810303278510853,1.04869891525518,0.675666824817043,0.496852295301706,8.36687434902974
-0.244875620783262,-1.21883595346102,-0.938358183508122,-0.6906185403706,-0.871467130855205,-1.29044610170344,-1.38414220276569,-1.80882206187642,-1.65068715655398,-1.3262574582976,-11.0795846052565
1.75600654883985,2.14928746266803,1.24603405489676,1.83549100818144,1.57284464185088,0.723519985847719,0.80479458164192,1.45659931865408,1.37249759679883,1.97288709367069,13.8953121341862
0.0259164320493088,-0.19865549211494,0.435104687975509,0.58641393665679,0.914248676471028,0.711222900535926,0.031019754197838,0.424373813233298,-0.489890783082229,-1.70515699984781,1.81729336765562
-0.588921424363804,-1.72997113842374,-1.6714735436722,-1.58271856854536,-1.31604584622959,0.026531424671715,-1.83783754732242,-1.0967599507791,-2.13445699519278,-0.407342155772039,-12.6001077979194
-0.0265984337598915,1.28359168161292,1.64497099973275,0.47102748442331,0.953488894665548,1.04797184237793,1.47622598840234,0.125622004591922,1.44922031929625,0.928548834265322,9.04825924975283
0.872113349724866,0.961752108954964,1.5944639262273,0.993783492968267,0.643294011861905,1.28775679644793,1.19468729117127,1.30645165121823,0.385072566673011,0.936413415887091,12.1021322089558
0.608520950725128,0.685944435654445,-0.197461052067309,0.131892439024539,-0.0265844747682231,-0.0761990058957151,0.269477299968542,-0.369741152873329,-0.895009896412374,0.681373033111416,1.72465843203296
1.78483452671264,1.99755104625239,1.53751384360917,1.11179005846603,1.5211833816932,1.60931962667504,1.49251933026547,2.20327095256251,1.12188503235033,2.45996552586949,18.4689348301683
-0.377777517860439,-0.726366835069935,0.750630533432381,-0.920290727097581,-1.01626988890927,-0.495912136372348,1.39912317572613,-1.73881821912953,0.26940751354057,0.604161784474565,1.59540948243899
-0.569604874342209,0.484055415784055,-0.0323987971992728,0.602815003678719,-0.789538586332063,0.243948621787738,-0.363331080351459,-0.471172389842188,-0.362426945333207,0.302362229412311,-0.125882331821137
-0.409529251954384,1.15501691276355,0.291726651633637,-0.404141463000098,0.853929687232705,0.2446350278607,0.0209865458799437,0.742763520821948,-0.416395434982043,-0.165465688890051,1.47820779967398
0.733306826076084,-0.151344533205808,-0.213835250651658,-0.526200313380034,0.275818302300598,-0.418612890518752,-0.901146836534081,-0.761259614943051,-1.67264072153023,0.856103648209705,-1.62884337282519
1.28509812325327,-0.167071065202116,-0.186478401095462,-1.33327871065019,-0.103977794322656,-0.595719529546792,-1.17495712108141,0.187082912674126,-0.951151457415743,-0.804254404546605,-1.90286018984365
0.421668651802012,-0.972284268262247,0.00817758417860031,-1.38940310414177,-1.16770105913457,-0.329897510902878,-1.44854754229591,-0.333173305651614,-0.576600386424878,-1.45894277312612,-6.54481890937223
-0.535627536093259,-0.781504238508102,-0.57331743611941,-1.32350328827461,-1.14273421692424,0.0457470852007245,-2.13672808768106,-0.351877452372755,-1.02312155425331,-1.32931242028977,-9.67903795769723
-1.90276975661021,-0.553112679511841,-0.939021111978926,-0.967185873962138,-1.42372210046546,-0.477124699112671,-1.25089833880644,-0.716532690704803,-0.286778424211598,-0.892900099694902,-8.00632110791389
-1.14573608862168,-2.34478624142207,-2.03372270229746,-1.76529290181287,-1.09563615300607,-1.5334430172848,-2.19187232026879,-1.68791206046719,-1.52371931114976,-1.3681339227599,-15.9063036645929
-0.757666495650113,-0.771283645921761,-1.70409415110267,-0.14863771677831,-0.479424419785395,0.233576405879727,0.0735721058312478,0.124666491445947,-0.382148907030457,-0.549285337728395,-2.63073899885419
0.424692150500662,-0.765554381212095,0.316651692152735,-0.621333696204332,1.25350786224833,-0.712629501235721,0.508336689762314,-0.628166009191135,-0.501187800337615,1.10344043639981,2.46995506877528
1.82017964881591,0.264962790941009,-0.052677158035333,-0.331828265386833,-0.114882526995416,0.648511289068115,0.776319577122275,1.57012586882677,0.604567907103386,0.495356918817501,6.35832025984743
-0.75425463226708,-0.363914798648499,-1.00716177036495,-0.893968886034994,0.0709746982482822,-0.653722485613866,-1.73640268749036,-1.21075298010835,-1.72530152763839,-1.71312665312456,-9.73680312293156
0.804666592931822,1.87380942572252,0.0049827226049936,0.522795308895812,0.751668982108297,0.664824242048646,0.934566619545506,0.0704314111944229,0.32254111454194,0.172870230303556,5.61027332208536
1.52211494119034,0.52784893347156,-0.283489770734596,1.37382083722384,0.61921841899002,0.925595401979902,0.46622432603984,1.31572521598507,0.00524642422717375,1.22190656921253,7.97220868118141
1.42180595154481,-0.180280135866957,1.29106879858376,-0.325092078335284,0.554389457353027,1.08157323148145,-0.364000948559818,1.54263338822302,0.757255378189209,0.507057121042973,7.36318703587571
-1.55276461073546,-0.100093521595285,-0.503673805986915,-0.577194346378017,-0.962294008073258,-0.459038747778876,-0.441437699283112,0.166389988399932,0.0161819854220524,0.177139988704966,-2.45267130884419
0.920928389271633,-0.144898704826701,1.46535716706137,0.828119466574782,0.933801500549911,3.03022204956356,1.42452594781713,1.18538256512033,1.77079776366195,2.43447938782516,13.6054913738448
-0.303010773024518,1.05198696365383,0.993470295643207,0.230503911264825,-0.0443499102151873,0.291380000660439,0.814694652328698,0.26175196812172,0.361401205886214,-0.237923672658127,3.93729287543807
0.768128572700743,2.59128207337044,0.837783412480656,0.587704823007448,1.66280253452677,-0.00682770194428444,0.562437108407811,0.137914615700665,0.425189614693377,0.83757532417425,7.92706808410315
0.171847448045293,-0.0976812698356717,0.956821581397918,-0.322839007745652,-0.336711929640214,0.506890472523189,1.10007014637807,0.12184521850592,0.0706216108107878,-0.416061592485575,4.30829169371882
0.548564046798363,-0.258995371184948,-1.25488371759982,0.0652902103031672,0.279225702236335,-1.83694167589779,-0.409386584587347,0.184053778767178,-1.05739314357813,-1.36783718676349,-4.76758097598699
0.174769081877324,0.611989412415167,0.566088300948457,0.193632077435559,-0.358251844146766,0.415450913453146,0.587518179800544,0.0404275242037619,0.369622118204571,-0.838501784902331,3.35881540352265
0.0527136006468099,-0.0320121983351077,1.838002772964,1.79195378415399,1.39392264594779,0.902120463539078,1.38900171761565,1.38006943291634,-0.255632025811764,1.30458788750893,9.80343029220658
1.45362383913227,0.804590549626577,0.0174833065385244,0.363120185477561,0.673390153794989,0.198024649568434,1.30414859313712,0.775263927472796,-0.0482431231842204,0.396801502763324,6.03237167640125
0.897610241839909,-0.735470629863136,-0.178625950132406,0.276907264347229,0.507471407196401,-2.17224669599899,-0.674441484377568,-0.462810542307552,0.00873034402391284,-0.318475143497773,-2.84374688006364
1.6456391579192,1.31925787939618,1.77424533951884,1.73190395663471,0.943273561445963,1.43882547060542,2.12456151042428,1.72781013096923,1.32004780971339,0.571119388532474,14.6320094990108
-0.0486107192690136,-0.596946815138232,0.0800859234207466,-1.20922116214066,-1.03304921181492,-1.27099661604003,-0.599597011394023,-0.339643980165053,-0.306070245234556,-1.24919962847869,-4.29315369811191
0.718778390056432,1.19341695485226,-0.23897572813305,1.32089783587476,-0.0670535357771395,0.929077256644194,2.01415566268034,1.18967266627708,0.894984653449121,1.00042738131669,7.97936359796081
0.485758472530173,1.45708139060211,0.744536886680672,0.297361909007703,0.102558622458103,0.718444136286147,0.861956928543196,-1.09950504583823,0.392539715395126,1.53560697352355,7.48756136215537
1.73633723690122,0.81146294523742,1.66305569188424,1.60273442201862,2.33055396397929,1.37452926107153,1.71254765406193,1.27387604760615,1.887868665664,0.965637425065046,14.414032011304
0.522945594345157,0.456179048417918,-1.12320909495217,-0.124939796060367,1.04273764725596,0.946624679924658,0.322093250548692,0.286937170144443,-1.2620204700132,-0.823061938245904,1.62538282916351
-0.192298723895794,-0.278207956543271,1.30336529605087,0.580028143326803,-0.0935413516942183,-0.579166261566836,0.337161784048443,0.691653704756526,-0.616888715563909,0.492630958900715,2.29480233579637
0.36723415792124,0.813212489954615,1.55700281558212,0.867978399169898,1.04726309207746,2.32403339085987,2.38589366162378,0.100198060072603,0.676539861384754,1.06985990066956,10.5204032814633
-1.57833085728927,-2.0211082371195,-1.12364306660561,-0.799889773983665,-1.7399103935026,-1.2118384655764,-1.35533764525104,-0.876799693257974,-1.30016586186469,-1.53573469664946,-11.9157686772908
0.210795068969076,-0.391861340143068,1.06725092535812,0.123346049190242,-0.43760297512414,0.771275371531127,0.301085393969248,0.979299736045301,-0.0201564276052085,1.01516419121436,4.64637846627989
0.242294097356241,-0.795721847753565,0.64431174406668,0.463478581341126,-0.461130588445837,-1.08555931685893,-0.667342979045139,0.191650736353399,-1.26229124784264,0.115404681281817,-0.800954861630309
0.864293427331984,1.03357169924028,1.22175412873957,1.06147353644019,-0.0422960861082847,0.267801479135089,0.884588220671629,1.49226181442143,0.63428156687664,1.62833601305399,9.29933872702608
-1.01978941110018,-0.2385368971685,-1.25580974658535,-1.44841298543629,-0.418519623864048,-0.57703365728278,-1.08637112079766,-0.487691703793363,-1.01580767923318,-1.38009119677832,-9.35242094470844
0.501746252621528,0.40206094082702,0.950984059091558,0.338768740979341,0.592411243537497,-0.0855022285611933,0.0235237994208978,0.937798397656376,0.201211514240105,-0.682780022665049,4.75337184457874
-0.422753726217334,-0.00970456173339229,0.743184931077915,-0.663134660629997,-1.11349398934189,-0.563255958053162,-1.32169142565773,-0.778014951381206,0.242891492345115,0.308130698406905,0.267308921545551
-0.703413344969787,-1.06106104426848,-0.684194452895004,-1.11249059714398,-0.78751103478484,-0.771371394133696,-0.663086015741598,-1.78115472414773,-0.507768821009138,-0.929001478890313,-6.88014754544247
-1.37859070427019,-2.37681776867151,-0.899436414528863,0.154809025869937,0.455013212647727,0.122697414130007,-0.833637441413693,-0.607125256076576,-0.543315456501535,0.11111651302668,-4.60214299211891
1.19897801558493,0.0238119330406976,-0.742194312938942,0.406823681824064,0.707951056439914,-0.296305684024149,0.954674808783348,1.07660629425813,0.853436880371654,2.13809698586214,7.83931208338108
1.29512665446089,1.53038340675234,1.61459361169639,2.53451841873509,1.0554291275676,2.44817268584686,1.48306823049098,2.26654672445117,1.38221453023696,1.54167581461162,18.9508289163433
-0.539052481669165,0.609901423753358,-0.383539005171183,-0.366643567907175,-0.452036847109654,-0.442041340382643,0.473536944125621,1.10051425312052,-1.19175225023351,-1.00980212933622,0.908288954733925
-0.161458254333189,1.21838051739706,-0.257853623205502,0.0504657182368655,0.525042374285858,1.08964401084487,0.131714809277984,0.63838088106282,-0.0112494510265379,0.995223685247866,4.99816166303733
1.10281984298475,0.900279545284686,0.760859730330279,0.964631265110292,0.124588300315478,0.467755815249223,0.516760630198613,-0.458118269750343,0.767544365134538,0.847510527183464,6.42096883425274
-1.53570020650619,-1.05086935310679,-0.815227687006259,-0.865541946226395,-1.21063747201211,-0.328624977912243,0.326582356018707,-0.1733817558698,-2.24066520393417,-0.142449495161733,-7.00194420393083
-1.10799453234642,-1.02815396609353,-0.977393167929579,-1.09208421537813,-0.896243489519291,-1.03039984958541,-0.282967413226695,0.549138531684378,-0.503993028068498,0.189589344172723,-4.27806965154871
0.922777146289147,0.476880249336482,0.935657832220034,0.416862265103932,0.332024409856508,0.155418271479717,-0.462346354435026,0.209440937746696,1.04269412982493,0.838091323031804,5.80381146001399
0.549997879483374,1.13158055056088,0.25670200471667,0.714629465302197,0.725332312208469,-0.778008809202497,0.293677465624891,0.719107428834913,0.995316601951276,0.0722245957236557,7.63999528385918
0.244880371518756,0.846486620141975,0.726460122384804,1.27094330952319,0.605264563101562,1.66631477810471,-0.77741526339403,-0.373262708413536,-0.0515197790358348,0.655705611352916,7.10501595338528
0.769430318580156,0.968179566867529,0.492760618577477,1.22218710813009,0.952351262749928,1.20450645266536,1.3794948827743,1.08299877858986,0.639649235339107,1.3776201794654,10.778521977702
-0.083143607188418,-0.20888595737517,-0.923374908759236,-0.374257848936755,-1.28827059295312,-0.143339887893249,0.339362883034577,-0.399887873921653,-0.958677216561641,-0.200268810782489,-2.63898918551498
-0.928109231244956,-0.175021826122587,-0.518960643626802,-0.390543869008301,0.707345671103326,0.232816761737545,-1.08062304151989,-0.83312736605473,-0.686451926243307,-0.0364971767808168,-3.37415941403516
0.0511972549204988,0.46424541913283,0.236973608965666,-0.339074305566976,-1.04181573143711,-0.266263273330571,-0.93065498745703,0.297980567991848,0.571776136573987,1.10413976191863,0.783785830558684
-0.37228446640245,-1.22831187927923,0.39493081535885,-1.66795139325197,-0.410617080178233,-0.341930579430104,-1.45413300116732,-1.38898874599748,-0.118180097933724,-0.82856031418433,-7.00126837264109
-0.144385516588953,-0.189320940956668,0.211684510791484,-0.890990719191686,-0.0840947352276985,1.19526176339823,0.888695733682262,0.851597232226646,-0.211766056653346,-0.837807549796963,2.28722939218029
-1.26830384641007,-0.014607053870228,-0.459970821361315,-1.25447003154076,-0.806776354160001,-0.675308653736511,-0.606803008233625,-1.12821569487159,-0.519246975980466,-0.197604534038739,-5.36268473961148
1.2298877883495,1.79876222036438,2.10112369401384,0.993068799954731,1.45195998420067,1.60183393680669,2.07766028266998,0.764243405744939,1.08248682155626,0.539139103892954,12.5339160277134
-0.0547057575161165,0.306480153785914,-0.29659931764773,-0.474940923033893,0.264466331394654,-0.218022793153722,-0.364288070621466,0.111250610089044,0.30965999186647,-0.612487533895619,1.66930905224363
-0.254922536971577,1.26529416038543,-0.140142187201682,-0.377173499853154,1.35982829190382,0.939986872056926,0.951461447847442,0.475931225455914,1.03968949837595,1.41666544335205,9.77114789827505
0.41478220132739,1.00626979486289,-0.599254546062422,1.74206125090365,0.704771271647498,0.578072825563555,0.921663728115622,-1.53317492909741,0.982383564332578,0.0505192616319172,5.4360830365321
-1.84003830299391,-3.1678056305103,-1.78161281234793,-1.78704983784906,-1.66603140054284,-2.02912051006143,-1.67104129985719,-3.08856663857026,-2.32832527946835,-1.71559414971484,-18.9146255898236
-0.296306503471558,1.61405899745,0.729920455851224,2.69991103502199,1.9904832819128,1.84981395338978,2.04218914524521,2.42923492202507,1.46398741094396,1.82626461886344,16.8944223965327
0.442177530275993,-0.687508689199002,-1.62412103764491,-0.0551385881941042,-0.300565331131164,0.722079562333538,-0.469272181124237,-1.45017535411504,-1.11767929911989,-1.08892057350678,-5.71438489698034
-0.0491228030124889,-1.74174425495308,0.160786328923667,-0.450885837980147,-0.840569088602726,-0.107330441279582,-1.37430654393772,-0.307309837028248,-0.554664554568082,-0.813684378660407,-6.11459833582006
0.715231945526898,0.861584757627743,0.681022942936593,0.0620779843943861,0.412727055211303,-0.497668531536851,0.129863661160879,-0.443083936293528,-0.191663923752545,-0.272275807763629,0.800131086478404
-0.263040166311458,0.202511505991721,-0.431664158081511,-0.490605173071459,-0.162329209798247,0.87751935405053,0.0971809036775856,0.306683831219144,-1.05848714399482,-1.27848039896376,-2.28732529319845
-0.89439918265745,0.071763421895756,-1.47606358572565,-1.00988445633557,0.153979828942795,0.272895622740795,-0.496739122430313,0.178360079610942,-0.0904222728675355,-0.118082662730606,-4.58405671924892
-2.1900016978741,-1.65669561969379,-1.4995921422285,-1.20271679902341,-2.13655938494606,-0.452510583012498,-2.21285074401457,-1.10949776652947,-1.56282486719942,-2.07327161120194,-14.6755275333882
0.379504371597965,0.281548752974409,-0.326118461744022,1.19982119773154,1.07807433747077,-0.675616701850924,-0.0274139903738883,-0.374794984372325,-0.075838475526029,-0.274161850241009,1.81255979582577
0.57236457165065,0.637688500622926,1.15642883747959,0.790154140998994,1.2331398678394,0.352149260134104,1.06401326563717,0.922724848591862,1.79616386249439,1.06117483030358,9.62070909462699
1.33775956707621,1.03260677766412,0.616233164376558,0.306634229648212,0.602649288346663,0.398131682589785,0.517972052517755,0.930625226861223,-0.213321902864532,1.03645747260056,8.66994488206645
-1.78088159125743,-1.24600342850075,-1.94728468566216,-2.46858702843897,-2.54556087868287,-1.96677425922326,-3.05123239126803,-2.92070965653535,-1.71001028952147,-0.392393194937448,-21.2978669345303
-0.355300999232131,-0.038446899589193,-0.0957094142654558,-0.573874081804524,0.630404679183885,-0.851252990786421,0.720301190062463,-0.682543421995762,0.384447696996491,-1.80324621072182,-0.551834131421902
1.6422310992829,1.20292382863852,0.293222976415673,0.461409494349447,0.810805519481052,0.260775914868127,0.887263443382343,1.64387144515694,0.40949042218511,0.870266787612039,10.0780889416624
-0.336956416030425,0.672944181052446,-0.469253886020526,0.395732846348089,-0.573947254201879,-0.671998949579601,-0.729608931156959,0.663091372246269,0.260590037147166,-0.525039647598375,-1.69918552014136
-0.0199877027268869,0.923316739668854,0.8060789539935,-0.613016457566844,-0.00456582948342453,0.764226556629814,0.507349013097452,0.143170353274144,-0.616321516916169,-0.366866746970672,2.56368606695294
-0.298837801751403,0.200431688375309,-0.179072355245752,1.19126182348299,-0.446824786770358,-0.531646282369261,1.07336963623472,-0.0160831799967392,0.464023982439631,-0.329738306999832,2.89655172802499
0.103033799468324,-0.316715346219925,0.581063567027108,0.158670000761152,1.27290610982742,0.198588537780719,1.35499533730994,0.898961960720766,-1.15315228668695,0.573899691577769,5.35327495056701
-0.313174976544544,0.173938513372799,-0.817208730241276,-0.431763080299395,-0.7348164528898,-0.301057864176183,0.638708350472064,-1.09440856431139,-0.584988185132972,-0.595271254889192,-1.93767178415631
1.39085921720204,0.638220491031536,1.44190598372666,1.74216175469398,1.49449943709221,0.741065201514484,0.938190571217281,0.0518651931318878,0.437311552564751,0.680860307597977,11.015088942793
-0.753010691648942,-0.225243527674938,0.156101232365068,0.298667043790707,-0.676435545191879,-0.13744911269295,0.186979848380872,0.235134686611406,1.02618163568515,0.134434900653153,0.932753549621202
-0.076309603920788,0.293989369898059,0.701282356884355,0.771691395065703,1.27041527778901,0.0823244797225475,0.188734123510004,1.21493232941701,0.461585356697808,1.31768922656,6.56816123482257
1.94251145040119,1.90697938796457,1.16964449303763,1.51122435187602,0.992006717907688,1.8595538356711,1.13846870469981,1.7459474823165,1.08993416211456,1.84676094900934,14.748511322343
-1.94721570835892,-2.3815110643833,-1.56000304175088,-0.838727874599019,-1.32304501770793,-1.22828705682673,-0.495364579512971,-1.76013900155382,-1.6922091996386,-0.31696514186155,-10.5490604286337
1.92917992405496,2.52611115846579,0.768474317984041,1.53169787047004,1.98814281056852,0.71837175689246,1.48911236651722,3.43016184492974,1.5345556567916,2.90747805062047,18.7785536254331
-2.16892559460572,-1.12307428763165,-1.8928078317524,-1.26157989095116,-2.11352738899331,-0.773136455298517,-1.74556977449211,-1.00101983147978,-0.601563514288144,-1.65627820241886,-13.0341841343909
-0.301935556803581,1.47416904488553,1.5765505204286,0.512277471148804,0.952289712312654,0.243380083316119,2.40441701746352,0.481455862002873,1.37971867871111,1.43107024360584,11.0103349260645
0.10439529928228,-0.525763677225277,0.741603508025518,0.022470484630103,0.568899047161451,-1.23460459629062,-1.48583992004737,0.925222454383453,0.143818776858742,0.640586120960374,1.66926786991073
-1.54593058470986,-2.78185784740795,-1.89022991750487,-2.2851502402455,-1.88819369304079,-1.13819569083686,-2.43088760586808,-2.14072132458131,-1.92157307316552,-1.92426673714957,-16.6641230889808
0.0250176360830778,-0.857370214561593,-1.12614775642581,-1.32762434099034,-0.618479041577062,-0.436630217416505,-1.67021936529234,-1.32431340324284,-1.36819541508088,-0.978886314987106,-9.50195089727126
-0.215781048315917,-0.570602902679724,-0.809417531788081,0.602689903208242,-1.05749160789955,-1.25196417170348,-1.07254937777057,0.342773286624036,0.339506020503511,-1.52380202468763,-3.17766209202851
-1.38712771743219,0.0500274268737506,-1.82476992208651,-0.591293809341335,0.0163308994819878,-0.67614701735148,0.613892705878855,-0.865112514985476,-0.630904485036908,0.432477385958226,-2.37521522749841
0.0835472662979914,-0.303470358719483,1.95913202881942,1.20532267272974,0.965601107385021,1.24310375746197,0.353368398050455,0.386422634708125,0.410361453061707,2.56269382344119,10.5776301724969
-1.29915961262724,-0.266193066040602,0.508836642631707,-1.82233978554729,-0.722189762942762,-0.443013269839224,-0.342706751492607,-0.576830774159539,-0.193391136770079,-0.326480154948573,-2.70336167739711
0.0487698965435917,0.790357252469658,1.47472172788287,1.28209470871763,1.41977953089552,0.513897167014467,1.19134263207733,0.406483899087889,0.783394549615652,2.24776243195619,11.4761294572956
-1.19229663082276,-0.206439022905514,-0.527931214818448,-1.16837611572114,-1.02748054166606,-1.35427375633075,-1.10736312709993,-0.344034100902503,-2.35686446059799,-0.526236505770805,-7.83951576102615
0.73380463683515,1.44962823340218,0.669792489465904,0.667867620124899,-0.044133062550617,0.512273835231904,0.479150198144299,-0.434907819957408,1.1210935040455,0.488046371237711,8.0255339787983
0.641616572638529,0.531805206866416,2.71201416014783,1.03823280169187,1.38417906036865,2.08936441811814,2.83411426466353,0.903442514097161,1.81820620148889,1.46110534590344,15.868414631881
1.96912675358591,0.69865505753472,0.972911213880549,1.11576906452373,1.14928027944722,1.54857254235749,1.07904395003364,1.26333642363273,1.42251869892872,0.448356682502291,12.5090339552219
-0.823242551588776,-0.619298233815243,-1.22142695339859,0.177918280701211,-0.382006502678946,0.745838829620795,-0.21884933640605,-1.45768159258039,-1.07338664847057,0.182274249843146,-3.36603013504023
-0.681224906800269,0.99441645976296,0.383946653686461,0.83845766914856,1.02220692787749,2.47419524949203,1.54632662551161,1.46287889559373,0.860233602732351,0.286425715095261,10.2474461342553
-1.34502226253768,-0.411386031690096,-1.39527619169664,-0.168161242009502,-2.55011046498319,-0.209858581359994,-1.26160023968167,-0.857365332602984,-0.788473224176268,-1.68910015585303,-9.41836758997973
-1.99461135532268,-2.0015302042584,-2.72120951301626,-1.52608697167554,-0.82649676953271,-2.23283779795076,-1.57864083597794,-1.27776550938316,-0.702682487452845,-0.360214313660919,-15.4849491429657
-0.64376553933143,0.584409767385115,0.0854527853121633,0.171944893849193,0.452669509976231,0.206760706354684,-0.106393863064416,0.55107905007101,0.749800125656596,-0.674052969886082,2.23192084377228
1.22901684421374,0.726632339538203,0.78492735114348,0.201387660990561,1.3737209517373,1.06176003980478,-0.56578176308318,1.39499863095981,0.291062957652682,0.904159148024971,7.54741563897358
0.255427664923566,-0.597152183397258,-0.408737881697505,0.582939936283721,0.0879704047962852,-1.44856513491433,0.641063778231751,1.40821989112696,-0.312023812345071,-1.10472729971574,-0.828325152320131
-0.364481436279621,0.702486037266106,-0.212265885338375,-0.369326741838033,1.90941940415388,-0.257613881506301,-0.718524546619081,0.788391380690289,-0.49900211468605,0.142956293980361,2.84503136031548
-0.671560127328943,0.621419598138077,0.000406396407011617,-0.322632589148334,0.29705461155964,-0.340205550020375,0.354294310187635,-0.89017514494727,-0.596986912110862,0.127988728849327,2.2363360682229
-0.131591288190979,0.39783098456849,-0.193259655914301,0.528572273329406,0.814135784114523,0.362094566655861,-0.36904665297596,1.9585772504459,0.733089656931488,0.684609621432476,6.57478831377244
0.319669158658825,-0.435854712764117,-0.0765155500949212,0.855475650418206,-0.520726368918406,0.194515322365475,-1.58478654586045,-0.860023120730794,-0.264307031181343,-0.829190897061034,-2.23133795465324
-1.35573348160534,-1.21393634398034,0.232609328252239,-1.63150504003231,-1.25197419853437,-1.12885091871625,-1.27789533821869,-1.34089649331816,-0.996831909593254,-0.767911629393307,-10.2479771136995
-1.31658406241763,-1.19801119677219,-1.03062390198204,-0.852703894523044,-0.886948312275876,-0.95987382349609,-0.0167720379014721,-2.07850640793068,-2.15928613899067,-2.4786745657707,-13.514593985188
1.76088378773379,1.41610602424577,1.5191553879938,1.30681375576872,1.33268460738712,-0.322165271347566,1.02147384893603,0.210576451301814,1.05858194900894,2.45844340156946,12.9051337503607
1.4891239358121,-0.500403146278959,1.10003206363254,0.634421445242327,1.16216458458195,1.17036634819844,1.54272368382913,0.959589379997778,1.09411210416291,0.455998408798291,9.03596865611207
0.105433366852376,-0.432688396679849,0.751873535339356,0.515897502721608,0.7662514250497,0.463369978753397,0.315754252315924,-0.216848717370527,0.733457273424541,0.816273848689179,4.96303052699058
-0.0970604105496547,-1.41622732995155,-1.55249484054795,-1.01529356479951,-1.0305470044195,-0.524162913567211,-1.17272071598226,-1.54311483354953,-2.31340404235275,-1.07812828788323,-10.8858829201316
0.363231921736735,0.0533967686337762,0.312371933722784,0.666244470944324,-0.0485119086783669,0.661712713693756,-0.573399630843415,0.809037882831579,0.948180068644277,0.535386069002785,4.02097197588908
1.17832387320032,1.3912376151876,1.05293136691638,0.0317724795488831,1.17838700509111,0.599246460122416,1.67339851734283,0.664637700789043,-0.060592408370822,0.286879184604143,8.34441432114927
0.522322935468565,-0.589871754174718,0.957873520603509,0.616030479000736,1.05543679630858,0.364525195851683,-0.0191883810610651,1.5597222867975,-0.742780406752861,0.448760250602254,5.66914725871872
-0.506016683652581,-0.666934811818083,-0.924789304512043,0.108541926617147,-0.904455564433162,0.438476138386274,0.231840053956863,-0.0654288937810274,-0.0845721334921527,-0.975672667757189,-1.91866534518878
-0.972412944254996,-0.156445284553247,-1.01289250486045,-0.759920780895435,-0.759393490140064,-1.03353405171754,-1.19374512049652,-0.70775367281734,0.4954555067929,-2.7192390485912,-8.07052345788906
1.16479575064847,0.20024123996837,-0.0373052294830419,0.294661590018374,-0.799305184403484,-0.266269114351279,1.28402416947995,0.0507846045200225,0.853743002119578,-0.323020816404535,5.82844535528327
-1.36136271644599,-0.609970856727627,-0.813848623951082,-1.23606563783883,-0.285572440309034,-1.27284720085857,-0.692021207997008,-0.853729584567845,-1.23402758775911,0.600175137989068,-6.90254831238758
-1.09490872352412,-2.83893260133901,-2.05365647882539,-1.93321886265079,-1.95878993656989,-1.25321240586452,-2.44891485548054,-2.67906967099199,-1.6273038325454,-2.65072583207876,-18.7677150073731
0.47192160383701,0.37956659719768,-1.41084029328696,-1.26906535305953,-0.357746813265584,0.0102602308708991,-0.618856886422486,-0.90427657097824,-1.14279797880706,1.21312160899455,-2.27008448417587
0.967170382482021,0.0176487943122193,-0.0650532628583814,-0.0222666782044973,0.64581859417398,1.60754941056312,0.904245278828098,1.26994766321741,0.962074059605402,1.23115619553431,9.07844902221041
-1.01931769847956,-0.682821413936203,-0.5803670574132,-1.65914948337818,-0.745232881803793,-1.01212421516575,-2.36572748975827,0.093533505490774,-1.17034638239155,-0.660186145574049,-10.0244630792556
-2.6604944391385,-1.95988513239184,-1.4586350556327,-1.16380255741263,-2.2558720426125,-1.66184354525383,-2.22501373931222,-2.41249429281374,-1.46806980573163,-1.91335820592089,-19.9406699018737
1.17497673207182,0.0527214594509723,2.02370093278484,-0.332586310353248,0.682025100582251,-0.0556364012516893,-0.863062560583467,1.54899291351526,0.102506349595935,0.180206656357873,6.32049986880202
-1.3856650866015,-0.46251928292653,-1.66651755719607,0.669053907181712,-0.301271648546681,-0.246057503509621,-0.654074755786996,-0.386619631248527,1.24368259600047,-0.848740406174906,-2.53332016000826
-0.133315323673258,0.918083541541455,1.04526395047443,0.210701950744565,1.37203648947857,0.935065482854927,-0.353571629612268,0.61446837319246,-0.101120591681568,0.9014998629448,6.7822325422312
-1.82134358938547,-0.791872594673494,-0.327577894524049,-0.709327460216797,-2.14086394614304,-1.78982665891218,-0.752465892561805,-0.654340028475565,-0.997950412250102,-1.02443844554023,-11.9858870639903
0.199319433618022,1.03216678282701,0.493221776320419,0.92027854465034,1.05868831823426,0.295641973829354,-0.393354601117028,-0.909547447381463,-0.270530441441887,2.19387741848872,5.79069866007034
1.55218155649323,-0.634940472044785,-1.51796142147023,-0.398019557242438,0.688732462161725,0.00985377369567794,0.203558194855963,0.0436242324060051,0.294724731921862,-1.32011613220741,0.868015545520572
-0.826819908784309,-0.565487422655007,-0.231037871312073,-0.169290123011461,-0.682921457414773,-0.427317852773793,0.919627021733226,1.01948113407214,0.0853133930247924,0.420959863201718,-0.427422970422027
2.45364195996697,0.263830382024322,0.696569049826255,0.277283913604522,0.930200156267136,0.57054679575004,0.968934488871661,1.01772604445497,0.383805286437057,0.734325171092872,8.28106988730627
-0.7487303045159,-0.168457416217286,-1.09071865577997,-1.56340872360723,-1.1878078344431,-0.991938712340932,-0.396415472616635,-0.905818363701186,-0.408055909226691,-0.962691306881492,-7.4099854258524
0.590223330760022,1.72758754501065,0.0861643346888539,1.33236775610355,1.33857432413087,1.22056445030724,2.2598103829082,1.91478903151301,2.30217299413086,2.07203716384007,14.8073417314405
-1.06940289013221,-0.601073183397192,-0.81194427179047,-1.736193469138,-0.607956155177343,-1.46743867436901,-1.53031022947485,-1.93412830939535,-1.88974504316451,-2.06683251631194,-13.6420738780634
0.134425954783336,0.0048374006884537,0.789861850638235,0.516769230731597,0.0255203886905779,-0.368529667571581,-0.0407481677958348,0.548075862787563,0.259448001037282,-0.73330630563309,-0.215900364588825
0.426328983101426,1.10964530158539,-0.140764496926558,0.880513119979627,0.202606537118968,0.199414802070406,-0.412233532464293,-0.417963759155028,0.781116878122902,0.519528745798615,3.94815753527898
-0.436533407710268,-0.789203683161466,-0.568227312852386,0.454296048542624,0.146425551512548,0.207902929239804,-1.02811466777103,-1.32946634773841,-0.459595025457246,-1.73243989666935,-4.24895033352556
-1.09159517523333,-0.78077783825847,1.14419614865753,0.225543506090386,0.545306058511406,0.431181768843365,1.09739185661635,-0.2292203741456,-0.693105876786205,0.59991737269687,0.648850161864186
-1.26719196120291,-0.518699677975036,-0.765801270043756,-0.739468113346235,-0.721278969319399,-0.87707949052476,-1.68035464915327,-1.04433200152579,0.294885522988665,-0.791781774343287,-6.02778049235062
0.243449538176977,-0.647286294943755,0.228172701746061,-0.304782216208068,-1.7100409997486,0.686687955490976,1.30554597334813,-0.626901865525999,-0.509011225235057,0.962182868801182,0.655530683856161
-1.22287059420229,-1.37700538351905,0.31355436457815,-0.739487475240451,-0.819598622315923,-1.5470406150418,-0.00117985339303175,-0.211790657465198,-0.523865581529421,-0.105646773317528,-5.58932501311292
-1.82101956978968,0.774224223444159,-1.09482835413016,-0.416204391019044,-1.53329167355359,-1.51998524207451,-2.00323491016451,-1.2450310472626,-0.623300363012969,-0.612502152403271,-10.2551718495102
-0.285581794176382,0.104693101120744,-0.552626580374308,0.4680288797631,-0.426270956858291,0.364660494564517,0.507117668834835,-0.604849206465517,-0.480317925569026,1.18949010338629,1.37919826321256
-0.219641933157443,-0.929266181197739,-2.39865770957946,-0.884721919183671,-1.37806731525763,-1.03329316081269,-2.15519429063893,-0.806342143707934,-0.991240554556811,-0.468211606646964,-9.42549218339097
-0.413518611768606,0.679422730732214,0.284571824470803,0.224034295258697,0.928013438626789,0.35441764395565,0.360417213204775,1.31882257631474,0.23991580542674,1.11237948694528,5.486251901289
0.236628233239619,0.809899901849178,1.04210689034581,0.443925245206376,0.284922530472394,0.565430808532473,1.06145028935517,0.273967032772264,0.174615423648383,0.340366045508925,6.76029630057468
-2.03217802279118,-0.678985860814413,-1.71555907323297,-1.37365715715201,-1.17761443454928,-1.83678564708985,-1.23889528242333,-0.885911938758209,-2.06483484714548,-1.58374546246564,-13.3825966191739
0.874921787022176,0.553661099646271,0.810290013666616,0.0659970158462922,1.18663749308792,1.15682048413628,1.7070492702684,0.779510166561816,1.40871896923051,1.18220713852356,12.1111885058161
0.522262750686149,1.1810348160099,0.795423947547087,1.88293392514489,2.11009769675456,1.13381933761575,0.77581488979244,1.69700586109835,0.936708593633488,0.436250140680012,11.6266367383255
0.308870946796513,-0.780613213334507,-0.391016795457044,-0.241718412445667,-0.500732707339923,-0.417375478748829,0.0774034343096956,0.205870524645471,0.0719520758514484,-0.995256214902038,-1.81867496019082
-2.01506393002323,-1.44428877845176,-1.17909748267438,-0.931111133782638,-0.366996532098498,0.281544598738897,-0.57893710011774,-0.205162142342551,-0.490552461155938,-0.783240413791674,-8.23435687617172
-0.290012132174906,0.612062164891353,-1.08364583748537,-0.368345280466658,-0.994597491374249,0.314808190648721,-0.782766515692516,-0.549671749712377,0.172919983138919,0.277644335333468,-1.88374667960905
0.142279878000772,-0.552201587109369,-0.391326750928102,0.102335965438809,0.408303233839499,0.395105079510919,-0.180349712592711,-0.334548456872161,-0.137398110914556,0.716159695794316,0.536214556962641
0.78171823263643,-0.384692298273253,0.519382047290851,-0.476810999396399,0.205778233132323,0.191028707780453,0.27808100855128,0.00130497233810545,-1.14120345011237,0.245779908868391,1.94213885144159
-0.161052610179451,-0.840563649870687,-0.11563121923774,-1.22876620151188,-1.55055521356303,-1.50034494473833,-1.63165644130566,-1.11917417923727,0.898625245615555,0.122990989801466,-7.27477636682611
0.909996290614424,0.724104806795759,0.225421963190784,0.31235886963563,0.754306952604043,0.840357252563765,1.46159238518174,-0.0953800505483857,0.333352746813016,0.20316486620262,6.97456206682944
-0.692299486153396,0.0668538547550525,-0.661892566211119,0.384096746655748,-1.85478158248104,-0.215725884994249,0.909386093851398,0.211873953327229,0.234454052270552,-0.541448662734111,-2.59009330553489
0.122737675839217,1.03996896298435,0.572585769781006,0.725656232231302,0.956020248902693,1.02773981517446,-0.000883873925980166,0.100383668201865,0.72308984695402,-0.505056326100365,4.29600886051204
-0.473966967344035,0.205604595712756,-0.403538793170787,-0.229313090895284,-1.65138126802097,-0.880322107221446,-0.186258471134445,-0.222566347453131,-1.26422067862589,0.41722636141982,-2.96580052829668
-0.2656190812561,0.482949826459475,-0.615382360274317,-0.173707930990777,-0.0105710452575141,-0.19595357675019,-0.0849212205963688,-0.336742739269698,-1.84203456783869,0.0970965764527397,-0.575805813769995
-1.3046576581133,-2.22279641417899,-2.56626767170153,-0.766016315529224,-2.446795624244,-1.82816993857617,-1.7174014339275,-0.982254252715929,-0.957951844617969,-1.91993731874671,-17.4021587247984
-0.00170922079758098,0.78691430834779,0.6407242604537,1.00688710660558,1.03149145942879,-0.275205742891322,0.88927848685432,1.36048498033465,1.27833357390451,0.46848658688258,9.38063528559083
0.599802077014415,1.01928902316417,-0.25555918354761,-0.600056632406229,0.573780504714264,1.19973898655001,1.51789082327738,0.582117441187155,1.27011469651153,0.285626781305096,6.79067720213896
-1.47639604343523,-1.23956209762324,-1.48899599671848,-0.442687881681272,-1.33078020198939,-1.51298292986333,-1.6314190758161,-0.185777265042613,-2.55648566382645,-1.16042884697087,-12.1487459626418
-0.358359466549546,-1.74345230455245,-0.313825468634647,0.0414335854687608,0.647346223297866,-1.36868587374127,-1.131260282644,-0.702269130985195,0.0764095259449064,-0.748997067071719,-3.02832316079968
0.587653010611121,-0.294883280244974,1.69894342672813,0.990722718381653,0.216086683360607,1.50131280820832,1.77276335115645,0.904402050477198,-0.197587559101131,0.742767569130541,8.80808775365607
-0.368471607659379,-0.586946792770282,-1.84045566191288,-0.368174887381095,-1.06419106729003,-0.272874890004766,-0.363219893986503,0.0635537150468901,0.394053153006491,-0.698525888289279,-3.96498821319776
-2.19303952970561,-1.85089770089109,-0.693300854583834,-1.59373103724042,-0.562734086122261,-1.82389824802943,-2.07394705952255,-2.92479728651267,-1.49684008336716,-0.651639783056615,-14.9913829206222
0.123254820393601,-0.0129894850801978,0.373446803548735,-0.63076750575654,-0.622917478697419,-0.332016339294392,-0.108464396744496,0.574308764167433,-0.357981064955578,0.921990931171756,0.659256332691913
-1.43536886646448,-0.527127959046026,-1.64067172393933,0.121692629863005,-0.991285690557786,-0.292472828542988,-0.275225439128871,-0.736979501693609,-1.19590290393745,-0.437822787676203,-5.35106903401148
-0.0613451618847015,-0.879808385756396,-1.12071048292986,-0.223665293490747,-0.926769021126869,-0.145616784886988,-2.09768374038278,0.190335060772653,0.822466241765537,-0.339365134002674,-3.62348907242355
-0.0128013552203039,-1.60357526595395,-1.10246737651799,-0.296386424341795,-1.2304427705648,-1.0081472326076,-1.06566924371275,0.0601641410520193,-1.06484640901161,-1.43246616841838,-6.78191175177536
0.0159236865275081,0.4139504954037,-0.0274019180058486,-0.614846147992919,-0.236423826880191,-1.1778325031605,-0.643596900615867,-0.00686972066785903,-0.435982004325182,-0.199269740116291,-0.332135203244354
0.747188717762587,0.437707367878295,-0.573862629643107,1.64296807769326,0.457982720473678,0.801676262244766,1.35986271484777,0.023798603519721,1.03190111907901,0.3353713351545,7.11311184319419
1.47415218484066,1.39409784952994,1.48646406296508,1.33248266360461,1.31468701585134,0.979604424754237,1.10071966863751,2.24947546313513,1.79065246568336,0.873240799059378,16.0124309407753
0.916064541402923,0.198245071064084,-0.201525085083974,0.736473069744115,-0.997352475072964,0.736920909890499,-0.566064011865224,-0.204706496729077,1.59577787176684,0.216113109341535,2.93185715273299
-0.660751316927447,-0.0227136825906167,-0.357597868236461,0.607889726755944,-0.588215741423461,-0.112703678124467,-0.238734648706079,0.113542308160751,-0.419711873413542,-0.0288386877575258,-0.688182344307403
-0.509380717262073,0.266864429831216,-1.11145648020455,0.414123978659113,0.74609510675286,-0.337186731137278,0.574335166684975,-0.195858768314791,0.584355609738698,0.882904656455842,3.25743597584285
-1.11640136759242,-0.0717517850810284,-0.945876488302199,-0.894844601028134,-1.46562794398255,-0.911831756740776,-0.136671604194573,-1.22569724933174,-0.960013904639404,0.578536656639573,-5.14516226660666
-0.645103551379597,-0.63418026314536,0.420864312494439,-0.108969572904651,0.423794808285704,-0.332549411067435,-0.463273092526789,0.466169252032121,0.584603350453803,-0.458462522790555,-0.326671931200407
-0.0430546023818471,0.411799567114689,0.0242562844986893,0.746111088100031,-0.132828938470205,0.0534021211534522,-0.53676375303525,1.25722576803152,-1.18436621816212,0.552661864023756,3.68902834746952
1.90197518576191,1.07650361673757,1.31012235468775,0.40487627608874,1.20431038378286,0.687909527349039,0.84888237799689,1.31090456377879,0.413862952450275,0.266030594939599,10.7201213473088
-0.223073938188991,0.654409647516932,-0.378630463830133,0.535158503896171,-0.0709429224060819,0.215871923833512,0.217925215680642,-0.00730053023711898,0.00764944245141679,0.504082404503022,2.91851476021921
0.201617799031964,0.456371873577294,0.810436544036145,-0.154643372841395,-1.19710857050956,-0.205610166998294,-0.154762250047462,-0.635696170010116,0.754127921296359,0.109728124150562,1.43989816095184
1.72122242650643,1.95245481988171,1.80184590279395,2.04913221300567,1.64572153031963,1.17856234260842,1.77143930064325,1.3060573310659,0.914654633630017,1.33159359083853,14.4730638263418
0.191561737530407,1.21298619591662,-0.522627146911411,0.169636179999203,1.04290465838224,0.447887380637655,1.44421322338425,0.390381237221484,0.468516580334952,0.443389155876395,2.83358750880703
0.275287629021338,-0.835633708491327,-0.16256607574341,-0.134138132957962,-0.931318666977465,-0.180922201995857,-0.614143794658986,-0.656315988158253,0.0661218954418209,-1.54155150559088,-3.38390149259952
0.80266924261028,0.732681520786065,1.59996832892758,0.172840245440933,0.426823328683391,1.27276319533351,1.06149949829357,0.951929507612549,1.42588969043444,0.847741319716092,8.51738261386325
-2.08113151276882,-0.438359346455451,-1.34103626012395,-0.691330791721725,-0.226107072742192,-0.202942038647245,-0.2200078949349,-0.21369273361002,-0.638953072287104,-1.64234425035968,-5.93036011745585
-0.132435315856994,0.0611543366675048,-0.221480723014733,0.0782317461835633,-0.505956458012029,-1.54323798166842,-0.984699886794526,-0.969569000375511,0.750076199772072,-0.141645954035853,-1.15067920916385
0.0540321621703778,0.171181509386414,-0.422725318056892,-0.0839299571811362,-0.72471518806595,-0.0780407924732096,-0.998521845121525,0.777587401619448,-0.416062734906972,-0.340849662225875,-1.10685136257033
0.836495665846767,0.588751099914363,0.214646894700083,1.00397130537728,-0.0222878048304217,0.451533570432804,1.01935425667051,0.00361926669170435,0.631200879047881,0.616399024232817,6.34658900056988
0.190295506542308,0.456027613070612,0.564214502205139,-0.118112664890291,-0.225731297083367,-0.558226938256248,0.401154376694778,-0.043702269655727,-0.924372693220401,-0.145413085900718,-0.839199722691203
0.561410864087837,-1.36370383073299,-0.619161822459382,0.196945291560328,-1.21678654461368,-0.347408888648918,-1.18531930547636,-0.800315519386268,-0.438410081981827,0.208977154070612,-6.38095985639764
0.909345750629924,1.52529344262701,1.1719825320287,0.585668526859827,1.37744759491484,1.0533182805309,1.18966062055126,0.527263772652362,1.13438187964189,1.70414571495646,12.0507938025908
-0.882955713628338,0.897544848033235,0.543628252546287,0.0346534741240809,-0.0137539241619918,-1.07287429467209,-0.539211262733819,0.320051404626835,0.00771549789878344,-0.239059084454327,1.40642862663792
-0.93838711471881,0.937643620303134,-1.04739945147719,-0.856868157896283,-0.923549262564485,0.0864759836523017,-0.402830045329428,-0.617668453163115,-0.846852715409038,-1.45337101702274,-3.37715188226742
-0.703858307377202,-1.68372476893186,-1.68357064417389,-1.21602233525638,-1.22276276494462,-0.965081835000887,0.500185029021278,-1.45675251669451,-1.16554369827775,-1.54907238494118,-10.1936325620743
-1.48954246638784,-1.33879799693552,-1.48146781582715,-0.735466821916096,0.337984128701684,-0.845234165301296,-1.13548205688884,-1.48435280252837,-1.03915480534717,-0.791082243747686,-7.47619658143287
0.0827924749893858,1.27057064560372,0.985588705454266,0.934974445007625,1.14344343325928,0.721095328090734,0.186556933076552,-0.28095379321487,1.42156556484142,0.202934200535713,7.918172113621
0.789479861348593,0.546179903035177,0.939067940997632,0.323749603538631,0.905225929968413,1.17814916903459,0.655866904981638,-0.315167914024891,-0.6594737264346,1.28805831468466,6.03541929767007
-0.712052176829028,0.334222832089821,-0.362312714844592,-0.795797727256174,-0.267095582394504,0.160232713895352,-0.229670080295678,0.510540109919794,-0.641717981977106,-0.445752804761135,-0.842850813900208
-0.275530660236881,-0.580521753493463,0.725650474226902,-0.234083533544719,0.0611999134588532,-1.07109216079652,-0.108212168634415,0.406929501860441,-0.650389123630696,-0.19666722990998,-0.85847386866226
-0.745027051827665,0.475362182553825,-0.720884345050962,0.682551128347476,-0.383545658081341,-0.84892457639145,-0.0365399770034652,-0.440818662161532,-0.328006051966233,-1.10852166834217,-0.474289382284093
0.911130570311092,0.793416922219637,0.186810769574935,-0.238783670298192,-0.220009735661314,0.432074813087538,0.846887512059735,1.60358276523832,0.949428815313746,-0.0927087032795532,5.08279063414585
-0.032562183067936,-0.105014617124336,-0.376499407703394,1.54906454640887,-1.5191025718219,-0.410760702974778,0.291659560890152,-0.17660287802591,0.135460017412309,-0.552547506405767,1.13519520990217
0.059956794447335,0.0759720508363316,0.922367473552387,0.188632275208296,-0.677774318124794,-0.527395490832458,1.24176521216981,0.0649967786392085,0.279061933780843,-0.63450829422383,1.4843804672344
0.290294944398035,-0.564674581277242,0.278560643880861,0.437529872291374,0.16683637015231,0.190614336063131,-0.0138853696037988,-0.436641274773103,-0.216454172747537,-0.805657486888646,-0.725401614162212
0.395766756558615,-0.218245199587179,-0.212487925033332,0.523155610809361,-0.496724548347561,-0.161057532606614,0.805219582366629,-0.105686276333487,-0.373960537561769,0.0720486575681601,0.614044626066897
-1.04728615410709,0.137895764917244,-0.383383258002347,-0.630718904399325,-1.11449530195669,-0.950386670266197,-0.739532487418169,-2.13572453743994,-1.21409151332047,-0.95690935815002,-8.20933921061222
-0.771088808765616,0.0436741535257058,0.109054511035328,0.230473960880767,-0.916468424301101,0.0590757391039792,-1.77951565089844,-0.901539406154744,-1.67258444007223,-0.879038699475366,-6.00989363210956
1.08581328001724,2.04809160356379,1.90749894853208,2.77923719526832,1.7335034982664,1.11248556714698,1.9887235262908,0.910306989716107,0.875967624428581,1.37738419635749,15.2205058418023
0.588494350808151,0.00857425448398603,-0.618348506370133,-0.836768406415082,-0.633665077399897,-0.916582316820662,1.02245878974097,-1.05016548522334,-0.170053111460202,-1.19442771967617,-2.67245360411858
0.663501078000783,-0.491270368271028,1.56601847051129,0.14034151100204,1.04792165928177,1.43779341975031,0.973935909777051,0.828078510630632,1.76162676679195,0.472966773971353,10.2575039436851
-0.613858319447559,0.818359864853823,1.47590370999053,0.47709046802171,1.37511309501956,0.582511491679643,2.07955671780429,0.576164319965192,0.0645531939987027,1.25515582785508,9.84643798209072
0.359254166609446,-0.0501415590882163,0.945677692635025,0.656568917505959,0.0381985881465669,-0.260495106356572,0.963594295086002,1.00355322550486,-0.139820389296801,-0.701596615299466,4.0004973867627
0.0184100369612169,0.909040601754377,0.636972507551419,0.162936754921713,-0.388808731123793,-0.329380056159041,-0.227156745115593,-0.160602083439353,-1.47501166004913,-0.33333537709992,0.305884470696364
0.95730129330092,-0.981877001303398,0.376937675839116,0.257997688401905,-0.243781385389523,-0.859563281549685,0.350439878208929,0.00315135845893728,0.451459998669194,0.307308959172792,3.93810345044416
-0.92689709353788,-1.08412396813515,-1.90228687500448,-1.19004392649556,-1.63543065243106,-1.41549729513933,-0.890013846539839,-0.652497765151722,-1.79540370528672,-1.38730878281452,-11.1528386505195
0.374231229990201,0.109020223223286,-0.180831230662074,-0.298921071177658,1.8021329466787,0.126540733525675,0.134230023007537,0.838827223798329,0.092025186761954,-0.0108467102023197,2.83126095805021
-0.745661866353188,-0.42241420529736,1.31576402585861,0.0342587529707656,1.06104971825468,-0.816146123934335,-0.941007403496189,-1.21821685401007,0.400164592539667,0.131200640440257,-0.97339235026307
0.623766239937709,1.39040149781527,0.624971684637169,1.04816793786356,2.09353064191636,0.764758336650043,1.39995359348765,1.10019285005978,1.69461040438058,1.90171204179199,15.1900798044145
0.503667194260852,0.29197314634865,0.709855592773223,0.916184791848954,0.653387765721065,-0.477273293169296,0.84037209447707,0.169187818938875,0.637239944986846,0.789136473589158,6.1148370584268
1.13530787965207,-0.00827417718924165,1.43984470343482,0.704868591644356,0.306433374328724,1.16600403610466,1.2732904157135,0.815239737529954,0.255907173284521,0.631750146861802,9.39318704154348
-0.0157752961892534,-0.299018253911469,-0.0428792697939198,-0.63878770493673,0.37536187050687,-0.195656267772511,-0.45940099388661,0.229230080377682,-0.247610904455313,0.289853636841347,-0.174499081900784
0.0825354862287885,-0.490035327640845,-0.243887664602699,-0.862478634998121,0.592371573957049,0.291928900909566,0.509461194170921,-0.60542673416419,-0.721867664288293,-0.428091708387032,-0.497169148819783
-1.09152570275981,-0.359863675174339,-0.964420910810464,-0.754571953374387,-0.219983457828318,-0.629551172839602,-0.696254939922635,-0.40678549987379,0.0877541562372619,-0.527830203364819,-5.95201066992649
1.25369825420356,-1.39869751009261,0.482801290466944,0.923426982176894,-1.20040791058638,0.310713845033537,-0.775971307760912,-1.91915471377803,-1.31412027973851,-0.297012994728692,-3.7709243234842
-1.05151549041883,-1.40903433118863,0.245813699954735,-1.77822959545233,-0.0934879091236009,-0.678474165401534,-0.357758596421463,-1.39608409023445,0.168361733086637,-1.40834437566532,-7.89369675442012
-0.106304871681889,-0.0299074359297951,0.449849170393278,-1.22937087428913,1.04159960642497,0.108911065162203,0.647186200070665,0.0959255254504774,0.736773814198007,-1.51665945204188,1.72150071090283
0.892409207525288,2.09478338928344,1.27812398651011,0.282642804572929,1.2932325110555,0.381877472953382,1.50571886275124,0.246297635184015,2.48074567390401,0.579176017663302,11.6896466701939
-0.38783550853707,-1.25060356428077,-1.14033107442532,-2.40104830875083,-1.46980071322644,0.0565110237043632,-1.79314962735724,-1.26239756497427,-1.38258803703608,0.19698045805307,-9.06152757374996
-0.0705392590160391,0.0389741486958176,-0.418811080927636,0.646460229964298,-0.632684349628935,0.311129494037427,-0.186670176904488,-0.663806586917394,-1.24571774798156,0.500523608415146,-1.0292591223542
2.64961964689386,1.83898973978296,1.46237453203234,1.85653948297031,1.74672640210065,2.85191676583235,2.98393270981726,1.93582528533946,1.06473970185035,1.09427562566595,21.190610657572
1.55343295572534,1.18678710464528,2.17974391681162,1.78255805746056,0.929003998546515,1.17453043918416,1.33085365726252,1.61505361990159,2.75643036397295,1.59429331614961,16.1310914768163
0.619514975764752,-1.17733703781886,0.172553089077162,0.6231488081973,-0.00292531635522656,0.946936616919665,-0.0908975838072697,1.05040259243582,0.827425784801243,-0.469759712154079,4.1238838944698
-0.620669094997437,-0.893920359578786,-1.00793770252156,-0.686995804812758,0.429948556201346,-1.04896626053566,-1.80895575165911,-0.981194621427988,-1.09543833385773,-0.760403827999623,-8.03657759911225
0.205928981527579,0.507657159066153,0.431790187010911,0.138155819824099,-0.959143612411752,0.84082302559387,0.374570821176829,0.651968104415181,0.835778642163276,-0.108490221063619,4.51144183774932
-0.825146281904796,0.0285548044835751,-1.71295964000494,-1.09929369820261,-1.21905879528159,-0.712227067828903,-0.587960515620298,-1.17582961621655,-1.55894358059059,-0.799484989952297,-8.74023000795712
0.120045428032113,-0.0876230063917162,-0.606420967140801,-0.61415463246021,-0.0595136999935817,-0.538387812511435,1.58062120098622,-0.732924050383429,-1.14741864092851,0.0442519063007639,-0.711819282154676
1.06915126178215,0.624662215766858,-0.241186569804973,-0.43652785916633,0.388593113445705,1.20003748128849,-0.829130659892671,0.359084731360391,-1.17522414832261,-0.0697672797111219,2.32960246343442
-0.312315932682485,0.632132953935183,0.182964550558733,0.785465349282207,0.658833158120115,-0.34577585838688,-1.1525000637762,0.797723608933811,-0.0247214972320787,0.50346205774666,3.18572997786983
-1.02496015527721,-1.22911352294183,-0.855187094023757,-0.394435276320743,-1.93914317848382,-0.659101649404383,-1.29503074187933,-0.533652550479691,0.889962098026784,-1.11878733666915,-8.35658022081239
-0.114261587967016,0.501741215290196,1.25072830661345,0.0515873178511476,0.463092852981084,-0.0257907575636602,-0.425878212278743,-1.07348742255178,-0.0247851044008902,0.24289285388871,1.77867392395336
2.17246552496278,0.949434120238947,0.93366509980355,0.640233381165751,0.718858183758463,0.346140012069608,-0.340373423582767,1.80182461016923,1.22910108888857,-0.354325902970566,10.779799584424
-0.167567693508777,0.111670327247713,0.1167214109321,0.543593206916262,-1.01403589360174,1.09025960491989,-0.542250731025472,-0.246358562290442,-0.392716713186232,-0.721497932936186,0.956853142504958
0.120781498104173,-0.0151303946872322,-0.428250544539698,0.211767241633881,0.777118873419959,-0.593632305496552,0.256829745629016,-0.222362661246916,-0.0335435934074014,0.15608052510488,1.64519494240549
-1.35862439841732,-0.43997995832532,0.407144577941214,-0.168990839441776,-0.081250904100702,-0.135474041658755,-1.05592598739059,-0.225135047614108,-0.868113127540588,0.435868222230973,-2.12409011048095
0.745283208301457,0.914866990262042,0.479717527569704,0.34547481708075,0.742846311785118,0.440502219525131,0.940844496979414,1.4395967927453,0.897644559159135,1.88704325011308,11.1748911592835
-0.0514288249062012,-1.44574906147406,-0.314124152349877,-0.403932354288012,-0.275148123310473,-0.849076218440953,-1.21055712236604,-0.870416817727412,-0.886070691949339,-0.444704054790555,-6.94449950346246
0.280192470623694,-0.0830324468601619,1.26755988678132,-0.187578504025428,-0.287789586267095,0.804816708289003,-0.273380443598298,0.555245387721724,-0.136226177394654,-0.612959926906807,2.66609500821141
-0.0373202245194085,0.60581907254923,-0.721615147462253,0.575414877905671,1.03619658439435,-0.87932515243776,-0.653384882081828,0.767138596180681,-1.252495711285,0.158122355786818,2.00671971883202
0.661143283521055,0.655066021759631,1.49721814546202,2.40452964185249,1.72444488373517,1.24690291585753,0.736238600686935,1.04279909444277,0.859352466326597,1.08946415105723,11.8693745360149
0.82478343007351,0.112969905147665,-0.626128892877563,0.85889365379363,0.565515902581771,0.927578203747149,-0.253311398593031,1.14665780029281,1.39465770663985,0.293963381803206,3.85394921032057
0.071868667451656,-0.855896176225397,-0.607544646946702,0.0536600003357468,0.268761577557574,-0.752254798959876,-0.524988039692172,-0.876429850884064,-0.210052516319869,0.355182373576343,-2.33301295495904
-0.844613808548923,-0.626000009128168,-1.21545695005114,-0.939908203380048,-1.70702424939247,-1.07323502070763,-1.48805765339576,-1.36622168766539,0.0658026463553555,-1.61061903678173,-9.78037732586592
-0.554667744101866,-1.81737821428426,-0.291429787240676,0.478906087125888,0.330982370029282,-0.280718209139319,-0.40428809761552,-1.25377441727893,0.0567537688260976,-1.49654311576097,-4.03864301343831
-0.752252787519137,-0.0393078244715381,0.821828912347957,-0.929763299431907,-0.807053025905409,-0.35480198516427,-0.699901998567596,-1.93935358843135,-0.736159016665008,-0.724375134369913,-6.74435446068909
-1.17045934200393,0.208896253354676,-1.22472521294995,-0.502284857256869,-1.03318658745702,-1.54810265607859,-0.977303157196383,-0.626141666783575,-1.25850446992029,-0.711623024057738,-8.72823868972224
-0.881733747325326,1.11943550897421,0.412278886741064,-0.662560354456521,0.125826987022032,0.370982548077831,0.690895037214248,-0.819999212024968,-1.03168795851665,-0.686689609284186,-0.955775879452016
-1.00567853746316,-0.664431871669502,-0.36111070925284,-0.800704586426999,0.104756382506906,-1.52910648197437,-1.16050665648531,-1.02649042054429,-0.242248668926157,-1.33594651344036,-6.8464672617601
0.249780517779307,0.050181211937887,-0.957182414240638,0.29645105525696,-0.174593223899773,-1.00161203414379,0.265089886508909,0.0844024415520492,-0.112868359388529,-1.2869477915619,-0.194582199921878
0.349399231013118,1.07994071731878,0.464993767685749,0.698800016123464,0.261112123252146,0.634397881793109,0.874682440988206,0.598546849631938,1.55197783750303,0.437123681026192,8.10865300284669
0.122844395184606,0.633752008369455,0.279804440677832,0.706967073181585,0.644315749075919,1.30403513682796,0.272302751878762,0.404941803916524,0.793784607466501,-0.757268870558304,6.23223561194497
1.00507574578303,0.696605803206097,0.972415053763196,1.52297910340701,1.97861577069214,2.52755984953467,1.63156944109857,2.40290741142672,1.875058178589,2.11096805772717,18.2216697944685
-2.32648240751378,-1.39748244751108,-0.157805703200015,-0.408644915222761,-0.750653936850004,-1.97052211501675,-1.24314692908706,-0.78062267163173,-2.14128312507769,-0.985802210972171,-10.6507988056423
1.92704461590049,2.08085281494552,1.01663418164198,0.631896784843863,0.0735271729551054,1.16787498567314,1.34174414634857,1.00396009575082,1.62154244278528,1.56391622642048,12.0226756519921
0.420573019170444,-0.58188088944832,0.0518890116794326,-0.492024764432762,-0.53168293023784,0.033143347347618,-1.17880375921589,-0.115231299887295,0.0385796168428136,0.710749422933505,1.59223874924363
0.710831716021823,-0.210275079962368,-0.295833496337342,-0.00149433235006746,-1.19232241616048,-0.428231481633319,-0.623643104642867,-0.880834465289168,1.87605940007099,0.479866525098744,1.66579978152216
1.04551481715448,1.32362752984275,-0.423863468486962,1.40984592136647,0.906978537365449,1.0826129682314,1.21741845201416,1.22238262694052,0.932816990056302,0.649248533898622,10.2434595596958
1.26488554318656,1.05678521440807,0.175975264706232,0.74604329149052,0.36752993977885,0.617103929659831,1.31151167738656,0.405975968490797,0.964638953907459,0.524562284185616,8.06776976275226
0.154906296144505,0.570769497140181,-0.384553305865674,0.104783219594697,-0.980187499988117,-1.73011979980531,-0.715299781064267,-1.01220036161829,0.142877718389616,-0.28736330251979,-3.31312772076133
1.50342226077317,1.30680309433954,0.440236896508509,1.62568892102943,1.47855535130248,0.09551613560577,1.04794242248934,1.70018080090457,1.287595639223,1.16389131947162,12.2289660540159
-2.10440564693274,-2.83566864989591,-2.04888478744822,-2.29307463946318,-2.74263871445468,-2.41362742963993,-2.20108781889795,-4.26993024370834,-1.86774147320547,-2.45859814969595,-24.6915948535467
-0.291133417754241,0.45596912928426,0.0442645346135558,-0.386666648325783,0.11959891053964,0.396886986407928,-0.278653734705228,-0.266876413804531,0.973667327996603,0.193642451890331,1.65490159701639
1.50001643265521,-0.327231683231787,-0.654911525929474,1.76863980653059,0.264824151231692,1.77193470018532,0.55418346055615,1.43495555758189,1.12148426914408,0.844488463830617,8.24465243756238
-1.89914077445888,-0.499284766233721,-0.724734552654174,-0.74948826107085,-1.88297397775496,-2.31513443593327,-0.24950910295968,-2.16982935751341,-0.148128339880997,-1.27803711099902,-9.10873180006813
-0.42307969736155,0.0299463070856065,0.999240284243145,1.32954955106722,-0.28128814989759,0.410980171731953,2.44948337876636,0.394139854672977,-0.38706228688945,0.510736497785677,6.0197457496691
-0.947058788618488,-0.541084562796167,-1.23337177841906,-0.523185947250156,-1.2194187363658,-1.27365051582758,-1.0600409306491,-0.997506618598875,-1.03461663052196,-1.12765252800545,-9.38219858075721
-0.320852086445642,-0.11653501235177,-1.81277423080235,-0.419408943361543,-0.960186886303983,0.119281995600273,-0.805477687623532,-1.01584813844896,0.0889720935661723,0.0940125247728928,-4.40030639443165
1.40366865981881,-0.0460828315025991,0.220119408682141,-0.655553259385374,-1.53357206653751,-1.27113730937644,-1.01567610507523,-1.25056280483622,0.205992625035171,-0.758583608801855,-4.17559408418462
1.57727336437804,1.43061848857845,1.37112558026082,1.77742331671391,2.59197112327945,1.5369648560858,1.24864213062068,2.00320847057764,2.34542295782838,1.9497829730536,19.5337314491469
-1.34863498387913,0.076858982793702,-2.28693566589079,-0.148362293733707,-0.623577205096507,-0.670491631243941,-1.7152414669331,-0.96535536159616,-0.710578881635824,-0.770778299640273,-7.97535144640095
0.913301318447226,1.07824917112879,-0.147787057265845,0.288094103038883,1.39971770125219,0.643125369771229,0.710177172293379,1.95323103460501,1.73428967024284,1.00232250934754,10.9240515564786
1.36441317223492,1.03730641125834,0.422654848819466,0.538613600954157,1.06336782794012,1.43917812163435,1.1975528998014,1.73261777216586,1.18602740958217,0.480077366500342,11.4277539043758
1.12256573431081,0.0286955141892606,-0.307332914035397,-0.0168213412419378,1.1584105311815,0.660919453079654,0.698965748547715,0.560425800718441,1.77802431536455,1.18590153117966,8.6336250629633
0.909873192662593,1.81305059954146,1.72386919281007,1.32840804087191,0.831387862040924,1.53241339202924,1.847921393421,0.668310456463699,0.887260898990465,0.817352842333634,15.009658792296
-2.47441111148177,-2.14039288597442,-2.44047394538148,-1.74073305851104,-2.65844996500186,-2.63163629316339,-2.55306236611448,-1.88429136242518,-1.8635434622849,-2.89105594219343,-22.5348788110672
-0.69465370260843,1.39544904635653,-0.00447772379159463,0.832013179179145,1.02089253126553,0.0183694506593648,0.331873001514603,-0.932253607133008,-0.0647370104258706,0.720906340866938,2.59454391422934
-1.25836571712612,-2.6358484802304,-2.44676706859894,-1.9979664900673,-2.17359295125154,-1.17179699320558,-1.59043985553137,-1.80261202672372,-0.463338298534565,-2.44760646894468,-17.1502416045595
1.30628033554506,0.591117370612215,0.793277036938417,0.320315462165628,0.742174557034359,1.15176982917713,1.82799244975665,0.555867133981749,1.81146997235514,1.47597679389293,10.1329072966068
2.04188639105975,0.257288037633734,0.274692286174605,1.4383460794874,0.910333856964925,1.43914856441813,0.800366236322887,1.08865948144181,0.460042406713561,0.922290627922454,9.50642327393862
1.79247240180803,0.776893965242712,1.66319527873438,1.92322022839305,1.23301653157773,0.732347900753919,2.15080042984327,2.09923340298696,1.40467762382728,0.291630090583334,14.0110180453495
-0.00838068602592723,1.20493663008318,-0.390979087270138,0.333053573285341,0.548355664721287,0.310929476063572,0.399989098563873,-0.804774569058046,-0.46763115279442,0.234767867222021,1.58615520959293
-0.574761846671908,0.426296125365566,0.497186874928353,0.0235109966784093,-0.612064841340013,0.162326085537281,0.648107019832758,0.299518552919671,0.61374923485522,-0.619754542842002,1.34981071797068
0.179097419516414,0.0759696585920335,0.120344118868494,-1.11818750385467,0.42759026521864,0.614362631585074,0.39065202812323,-0.26465192834791,-0.559664496816538,1.2089937125517,1.2300509262599
-1.49305509323149,-1.16062542998826,-1.41448772329748,-1.27955177989117,-0.855101809323894,-1.16469433705569,-1.21157401440614,-1.37516598622317,-0.4444211038011,-0.479510436608745,-8.42680180160371
0.824009935467756,-0.385208766727619,-0.450664717800915,-0.0687446976987034,-0.118186764446999,0.392903152186302,0.469026778266672,-0.257210714994957,1.26835312343623,0.257583186036219,0.785335074053912
1.32237781495855,1.27751029383014,0.740112545600375,0.811475124783045,1.53319730280881,0.799293373584936,1.14521409535378,-0.254987238584527,0.700584660561559,0.636236946607078,10.2407134829113
0.802389303909347,0.311667935296847,0.551434193944772,0.936033113026669,-0.157342416997363,0.334447573284436,-0.997059133573857,-0.337199189089075,-0.0163509601460459,-0.331070559991904,3.54808496001884
-0.435524532352548,-0.679120250969232,0.308359116712847,-0.50800217435043,0.169745165622278,0.422196343741466,1.36455320464453,-0.616088912849457,-0.222965136326019,-0.360154982784724,0.919373498374186
-0.620777875380874,1.1483734157158,-0.0358303671125438,-0.168141706708433,0.546522444023988,-0.34382376954569,0.421282301690807,0.208833174675349,0.987616778831213,0.507007041001896,3.6773549597176
0.0692734376449451,-0.170407895347703,-0.0468932513628427,0.150843269799362,-0.0374912036165434,0.240459702077889,-0.975800326652265,0.533278883566737,-0.00699154042119193,1.20129174367885,1.94246067830646
0.139907562450529,0.0445171301749473,-0.531404150505282,-0.691077008648353,1.04753499527546,-1.73151024820846,-0.98993649799587,-1.41192145836844,-0.559487903863433,-0.268340590856825,-4.92559282764133
1.00653891041342,-1.03671166699338,-0.686119622204601,0.559657777512426,-0.421892558479247,1.51522267219922,0.957391249472029,0.306234309266096,1.8721313647113,1.10985730581221,6.49544528925139
-1.34304338465908,-0.837737862258566,-0.703468466961271,-0.841910287588,-1.00576819639121,-0.801165072875469,-1.49763472799285,-1.25075970967679,-1.6286639996964,-1.06107792041259,-8.81109756817374
-0.759615629304795,1.54503886795872,1.23138856063619,1.76616047380521,-0.0434477914074939,0.641889996841104,0.767105516580637,-0.704981872027169,-0.329372770767053,-0.112684405747934,6.93961810850069
1.13090615512233,1.51193933145036,0.421299534556629,1.82976120399693,2.09346040183679,0.076079056088834,1.20151554532864,0.273378005338615,1.65466463455316,1.38365653845015,12.6997522163806
0.686854027527886,1.01209099959383,1.56727619062809,0.788596131846325,0.964645493503541,2.02833049823409,2.24353143865576,0.843495602552934,1.12012417826294,0.359486190905275,12.8788570067052
-1.93507480533347,-3.21747800434973,-0.388424772151332,-2.0930674931908,-1.26189854983552,-0.559812983218826,-2.17619253258247,-1.65532742630044,-1.28232314252466,-2.28147384234974,-14.652405961285
-1.2513369665765,0.412027034349468,0.897875331855318,-0.653480545461744,-0.100735049740521,0.184100519752967,0.896350879210771,0.475471591255706,-0.0510977102030216,0.783903494310331,1.38857673607504
1.03158853449872,0.534529568935705,0.951336151669658,0.454036523333048,0.472776414814909,0.474171182047198,1.39222099945089,-0.145550376359442,0.154293791240585,0.912555975609182,6.68332205284991
0.324247952964669,-0.621073180617398,0.171344352171026,0.766490404412828,-0.00818966526487254,0.511015639018396,0.0905963895612831,-0.744075743210097,0.709119425327147,0.656571929023624,4.17543017085436
0.366712851146295,0.0984958581600123,-1.12053518258087,0.762616262440535,-0.138815316191367,0.9316650929363,0.45465634260706,-0.927624421543035,-0.459353848209642,-0.635787222469883,-0.171585703357449
-0.585379016056948,-1.71072452772927,1.09453320918099,0.349629912333356,1.37181467731375,-1.3374432775449,-0.620456994286694,-0.378899648714994,-0.194409848180824,-0.379935260952987,-2.15546633652786
-0.616724199383286,-0.808882091366554,-0.366497730921622,-0.497792851845879,-0.433342337984213,0.918983640814461,-0.263384182594191,-1.04097606265561,0.0231081481747383,-0.747297884093982,-0.801770618708716
0.319208562022917,1.81318187585124,0.59161198557893,2.67905733552663,0.6623219321316,0.265754367208831,0.972419482288884,0.54101176963291,0.658553406006278,0.215609354927716,8.7869181360282
1.17177665823551,1.49898251032612,1.44549692186074,1.29074323694771,2.67760467157429,1.77323200489644,0.404638917119727,2.17622747528803,1.95568051853691,2.07719984378785,18.2617728217128
-0.265890428543557,0.357983586946979,-0.439879936512405,-0.176414395520608,-0.805074714794569,-0.906365857937833,-0.699136322212282,-0.335383701660551,0.629339998714033,-1.08874607634038,-1.87947047428769
0.333274736681579,0.14721854520745,0.516511590101414,0.597285805407171,0.912933651263088,1.86877494786253,0.441974266427197,-0.592957853228195,-0.338621932637943,-0.0450101253173087,4.07324725446247
-0.383868276700156,-0.504139964959022,-0.574116874528778,0.171216458862558,0.2015576225303,-0.44265788011585,-0.447036847481656,-0.642541444955423,-0.695931261327458,-0.951903763015778,-2.87431156835232
-0.235085656820604,-0.733694083722611,-0.781810215183766,-1.33741187372033,-1.52994225558396,-0.441142619529419,-0.732072465095792,-1.12923373203917,-0.423787162484252,-0.987643103087101,-6.48502055947482
0.0981353352971664,-0.50549151444701,-0.0576923037220389,-1.21709427608279,-0.328475908686138,-1.16824039252075,0.589360021972471,0.924052862833528,-0.460688200213771,-0.728697092938875,-3.62905867094942
0.361031985033513,0.615718621580498,0.199879661061923,0.419767357243215,0.212370746594032,0.937310084577968,1.15172310710913,0.985169439170418,0.759823724941786,1.59011533937513,8.39175789770214
-0.749201695947101,-1.42417145162259,-0.869171628270387,-2.4926143054394,-1.26628645414537,-1.39741535242828,-0.854238334080724,-1.5458800891014,-1.4032695096887,-1.25275302055266,-11.3925809482059
-1.46659568404836,-0.430197068434641,-0.606998506610656,-0.678945110054298,-1.14959081311732,-0.833035720227356,-0.345798274812959,0.477956505956306,-2.33062927649131,-0.457213634383897,-7.83713905706356
0.933369260007694,-0.91234622541382,-0.21646967216898,-0.171765778296246,-0.318907579515708,-0.330836224799708,-1.55576183891888,-0.529850414685479,-0.9219126110171,0.817032292952133,-2.31440497828631
0.220129881689113,2.01891011203742,-0.355480778679491,0.0165520071885588,0.277952709841267,0.328533683072177,-0.483860179682104,0.182393837290016,-0.327574123613582,-0.99125991095519,0.296951114528242
0.867984915317595,0.728561991795655,-0.123582807080749,-0.49113949606308,1.00724766336194,-0.769644584337527,1.27171428869013,0.778840530599914,-0.776392304822587,-0.23337211069195,3.74261864913771
-0.836201972087785,-2.05707886732076,0.314210544625065,-0.229060670108909,-0.328428825991988,0.236171593013064,-0.467907936500767,0.114637391921267,-1.09549342042079,0.163612696038981,-3.01875403562362
-1.08597568224299,-1.12770432746624,-1.1392169938535,-1.16401087515998,-0.432697874410985,-0.114390603258195,-0.507754276710153,-1.71568447118269,0.655010896852424,-0.646162541931537,-4.45897761550818
-0.217613557637446,0.356703250503679,0.0933496022575461,0.496095748150023,-0.346654946512719,0.389891370098413,1.44648635382545,0.209650015268328,0.912239050166637,-0.270884237472046,3.88655381322309
-0.18646506089093,-0.45503531958954,-0.209714685491672,-0.2255690983726,-0.889976096524159,0.0752341292743169,0.593445926814786,-0.232396637264578,0.255666718839728,0.513096879304658,0.4480795879313
-0.465152932117637,0.0777281975856228,-0.499997525527648,-0.255143589175491,-0.499331456979626,-0.544210074519754,-0.392786556207873,0.2009533424873,-0.784743938461225,-0.243629339365734,-0.42218984560462
0.62610071344348,0.489164200777679,0.591418806435437,0.519632108009274,-0.91085048047846,-0.128063542653509,-0.175347430411393,-0.0180306830365886,0.165330931006789,-0.400043887427312,0.0667949657958282
-0.231407230280571,0.558316088733657,-0.722801255088315,0.694401494365894,0.70719984656548,0.738134688802162,1.38312535370116,0.406724867325799,0.984733964272505,0.917503105577622,4.86675756284478
0.364710687994349,1.38356614977244,-0.578181574089944,1.20054434020695,0.357219942602987,0.915216143249133,0.57998440447418,0.628893596984861,0.479363489284544,1.10227603109847,7.62139521703044
-1.10082614815272,0.391054849474147,-0.855076256110949,0.944708168894683,0.234561439493541,-0.506255966961716,-1.2462068442503,-0.852817061616734,0.521234374299863,0.99887440478268,0.63683065314092
-1.02064503702006,-1.85961870503831,-0.830821382818871,-3.11429761136387,-2.06242881917573,-1.8194352030611,-1.85996540754448,-1.01869840213654,-2.08261413412452,-2.23780374848179,-15.2669346253384
-0.947950233278442,-0.132385077964935,-1.14226397257899,-0.502130700914967,-0.450958919808549,-0.196933553712483,-0.283136653792884,-1.36839761721029,-0.822508403261416,-0.746689366282004,-5.70284473896528
0.615961745731521,-1.15947538905552,0.0364413047054022,-0.828844817279444,-1.68124339104448,-0.683254424470363,1.00936830862981,-0.943808322522913,-1.08207741532897,-1.06641359667041,-4.42027213984992
-0.645339705659835,0.6778246133032,0.927945099511609,0.296155415719844,1.53021436042382,0.00787452081683145,-0.0363212230854932,1.05342148478678,0.0487386232786658,0.452723823492382,6.06645077689123
-0.474631662892416,-1.59394152155715,-1.44046059870163,-0.298694069587979,-0.403862397795452,-0.635033979176509,-0.172092061531463,-0.692208758693692,-0.144110006068162,-0.384710928437439,-5.72918908491868
0.365875965105546,-0.0307592350354114,-0.826499700782839,-0.607092559599145,0.821189723728919,-0.626026320837407,-1.44703754678387,-0.732948176961504,-0.901288074753603,-1.07215055729071,-5.00706254609623
-0.557662488672928,0.389195181814007,-0.161971650106047,-0.971995121167653,-0.525404559082665,-0.0983793412600996,-0.0329061728691123,0.806404098918117,0.0849412963688444,-0.374374784113342,-1.36174038140398
-0.498736383766099,0.712440564507868,0.211182455884641,0.272907959390041,0.220848420345335,0.0199349291509358,0.47923582831289,0.08962674425324,0.709224837763615,0.797970858833603,3.14481647734157
-0.704027014855695,-1.17903979787722,0.0742237904459551,-1.72374658133085,-0.440924159895991,-1.12890532804344,-0.24546874677588,-0.51078312450513,-0.633682680867665,0.0561395137879126,-5.46970001104284
-0.796178917591177,-1.03672643851399,0.234203773887387,0.277669463991165,0.130173346876335,0.895148777368341,0.418283846170036,0.74217105654176,-0.764984309632489,0.299130140665907,1.34453804064653
-1.27333284621765,-0.0728119555656064,-1.12514336504552,-0.725330439409549,-1.70145237852764,-1.44059876405691,-1.31776893673767,-0.372097677497377,-0.0756812521094872,-1.41091833701905,-9.26953408185667
1.57099420616871,1.36016919067103,2.28283228307264,2.60014433151566,1.22666219369463,2.09872243961928,1.31515614324458,1.12863814957591,1.47964059193566,1.01836984005626,15.2945350375095
-0.688156689281299,-1.42122279530894,-0.797851780862547,-0.461130240927901,-2.58867476931401,-0.373246312601975,-0.383695509982401,-0.872292216079755,-1.40284653405148,-0.798045865130957,-9.47261327387601
-0.740810008231935,-1.25632734574834,0.29736656914264,0.651891230833673,-0.842520873370674,-0.185588101222222,1.09644454423027,0.470557682326696,-0.559079839064258,0.608837773118948,0.837071929222855
0.533462499089535,0.986073460161656,0.665981725801595,0.205729988348251,0.0798501198647287,-0.927369627660634,-0.228040868020347,2.31187243891766,0.950533679254435,0.271137899921636,5.80630294205833
-1.93520707888194,-0.87609927916084,-1.78154433087071,-1.03159696801371,-1.08470100143212,-1.47731707146635,-1.14870425160017,-1.53230576018331,-1.03191604648121,-1.52631235514341,-12.4841682538725
-2.11616197006615,-2.98188043758997,-1.44542973804383,-1.31823001037771,-1.00119839905348,-1.77679945524035,-1.49108385668215,-1.58944939098218,-2.91502062940924,-1.78773782266239,-15.9652985001747
0.838317569024295,-0.374565508283433,0.912940315904526,1.22055161439195,0.979942778481713,1.33187122028576,-0.263528545275819,1.49508663999202,0.900363907358948,1.2285111044429,8.41795022750204
0.320825604038229,-0.129418868010315,0.117458665028986,-0.626063352298461,-0.981719771056755,0.300906338276714,-0.769685734793615,0.220859639524167,-0.190108343093197,-0.179858392343547,-1.4418613224842
1.22889269701097,0.39668589608212,0.264669927326991,0.348556672747227,1.23191721392091,0.721988749556091,0.574651570936724,0.58606496892123,1.35237144033771,0.399604872763547,8.3565330476981
0.839579797132764,2.19192620971675,1.28785408537384,0.683151871663049,1.5033810968424,1.27398869825162,1.31271901172047,1.66692698954261,1.634699593051,2.26167996585099,13.9704943897249
0.119196843436567,0.187105922954212,-0.674023988316451,-0.756132382543757,-0.0409463608219175,0.69826762933647,-0.468333918733627,-1.25516851018843,-0.448296057741796,-0.092821534692117,-0.132937476645057
1.36868206184108,0.738981125827171,1.39177256152153,1.50614597079346,0.669480074494848,1.52043203431327,2.26663366031682,1.56480168384643,2.29507656590685,0.863444641193203,16.1429911634834
1.18591639795793,0.788511469807835,1.17095003188974,0.452183951490254,0.864070595357527,0.206765739994077,1.20334056283921,1.34284395006307,0.517218195768708,0.675816945037418,9.43125298752594
-0.446493341622881,0.126139695780461,0.20373619740089,0.980417721350409,0.55315627508141,1.80809010429809,-0.125933672386602,0.388877837455115,-0.869898962785932,1.22636109650691,5.35426303497697
0.418968874793239,0.222991486714394,0.908246596034718,-0.501127952937955,0.545713450773717,-0.0927147562201407,0.978601158022789,-1.06862394900321,-0.378504695838465,0.0974339326939468,2.9063995603348
-0.426419928828736,-0.475088098141303,0.157386163742959,0.437954664313014,-1.96891630940855,-0.585280499871731,1.345895265527,0.0482674968173242,-0.765122351054643,-0.0439018331677164,-0.169200523011924
1.49908590934667,-0.629088645285688,1.04021739516672,-0.128812282224594,-0.158147467948396,0.887870598451333,0.823000628992733,-0.16906997322738,-0.10980552188492,0.63158198008092,3.19621986073612
-0.124736385332447,-0.63836679636536,-1.03033895690404,-0.0705827820780228,-0.263469328216951,-0.472398763604527,-1.65122273725487,0.0989278475754291,-1.24603917831484,-0.767340401294705,-4.28179160270879
-0.120775581380953,0.471501576987834,0.929540400422879,0.639957825625436,0.270391811363416,1.15071933477542,1.15080803100301,0.670126217679154,0.596056456718773,0.610958016113629,7.79993212170589
-0.474604978824024,0.243272668909164,0.86047913264648,1.345751434906,-0.397688592315717,-0.318073978732234,-0.0653440553244691,-0.457867553891012,-0.875832143014018,0.418131483480516,0.834836475964441
-1.26606463667956,-1.64332001485551,-0.267656942002572,-0.742060442357573,-0.377919482871376,-0.166785612769539,0.143461554348887,-0.857653134834676,-0.525073107738673,-0.0997803522258084,-4.90118592087803
-0.984330009354755,-0.585835320961637,-1.01001365888085,-1.9262594876089,-1.57565174251683,-0.383778526317721,-1.81796454603034,-1.96689151625724,-1.47126905655097,-0.352926974754057,-10.5831868134151
-0.371319130605596,0.0990543179699944,-0.259226923615776,0.353874341650332,-1.18069225000362,-0.665861508469184,0.0127576566673737,-0.305829374919377,-1.41240507307258,0.416171981579277,-2.81994434581445
0.261761908109834,-1.80793195263049,-1.1808514023153,0.341088702861125,-0.602870204795816,0.121033595641812,-1.02879654847292,-0.721783356802265,-0.328772810669327,-0.213224645191793,-4.56491638051278
-0.758203849034158,-0.331061759029571,-1.07166751609232,0.703077673280583,-0.696190787906246,-0.781141324266891,-0.566757700503063,0.309988112810615,0.0593561769401615,-0.356091596310942,-2.76786791904619
-0.614213481536608,-0.88894811469974,-0.891453035469747,-0.0294419317759736,-0.299147709114702,-0.626948467349528,-0.638141299492553,-0.782308631872421,-1.75013710868771,-0.917784139903861,-7.51080011937653
2.34612325109172,0.956344939165225,0.836491780734888,-1.04325420918935,0.793841703699862,1.62436640362223,1.31474031074622,1.67059200408396,0.493375422399717,0.517634089929573,9.50580812892279
-0.609048312443468,-0.537021473456286,-1.09259584085661,-1.33587084818619,0.258467558342381,-0.389709735631351,-1.06963507432533,0.0415105814023631,0.473085452045527,-1.41764052189549,-4.48121387103234
-0.484511011217894,0.307216791105285,0.476985524632292,-1.22168175963627,-0.201715888766589,-0.657595060618549,-0.683402755976418,0.0184820420907583,0.516348580571955,0.335194010708256,0.698919594548054
-0.0216517446862792,-0.532697426277461,-0.844739709009424,-0.173858994367873,-0.24340925723081,-0.597147028040478,-1.8626832412217,-0.258400909590697,-0.524503663724606,0.551825253536535,-4.42233412179454
-0.792839260295155,-0.472756598265129,-0.853397411737466,-0.425489365172056,0.0517284187682603,-1.17933280043379,-0.455868950343567,-0.147342699313856,-0.632959388667289,0.775629654303424,-5.42436140195131
0.137839784992445,0.250794589538577,-0.135013528621528,0.113998720653505,1.43163581087794,-0.831541475637788,-0.0389892180693959,0.559564002083038,0.414884140529735,-0.649521196767647,2.23597732689616
0.17083119616019,0.462453456403652,-0.761111947304815,0.375052699006747,0.644201103926848,0.0440441273039098,-0.851794099754677,-0.584540877477175,0.679145520448813,-0.686615096287253,0.719782111437446
2.06421725058802,1.36773086935961,-0.385999981133632,1.08844953935551,1.03758730628457,1.34698501193051,1.31795379734301,1.88515390425221,0.42455803431373,0.120885860875735,12.0337179171323
0.918948831683341,0.93486575959701,-0.0584984464309518,1.34264268672232,0.979791263782632,1.08684355070176,0.21507157521552,0.671787647325732,1.70683086976093,0.138132017638189,8.12553010025028
-0.282620673545468,0.572161831884797,-0.169947546802144,-1.23736925716563,-0.752411226663378,-0.552444903202005,0.402989751354459,-0.304581552749886,0.283021289804395,0.146606987855002,-1.44479984580129
-1.05313729291511,-0.580829986789355,-1.8434172990284,-2.01834123819045,-1.34092264949605,-1.67139291856548,-0.690335710832072,-3.13627554515863,-1.23772438326233,-0.737634657647146,-12.7001361203101
1.73011966050356,2.10904232744351,1.59368817638394,0.505260442985608,0.871002849020316,1.90605044668451,1.11544646031718,1.44239414359616,0.469515106021439,1.60273222790577,14.9656068109866
-0.156739836549705,-0.104352572295502,0.774640684002356,0.438895775498628,1.59837583508028,0.184634790898165,0.234883360548448,0.00324895628462745,-1.32826280928704,-0.714503889898209,1.43960516087564
1.00816830454251,0.351968587664024,-0.312086657040565,0.620817277455988,-0.930639931511552,-0.502352724211112,-0.293738759202671,-0.576415938739095,0.805856719798248,-0.113629617994367,1.13274025961496
0.268858406124149,-0.0827464162114831,1.06055994476792,-0.597849605775386,0.0439737743865466,1.35848890147536,0.881941528078604,1.14636750120097,0.330692792177057,-0.306026794541394,2.9089686706934
1.81031106619415,0.926390142532965,0.70124088320348,0.651548801838036,1.36303096531019,1.28346318637196,0.0565120320178159,-0.456307080700664,1.00481617460619,0.429058664070208,9.50401789172314
0.013195739494692,-0.697939006932961,-0.542633549199862,0.711894860143306,-0.366039744356823,0.332129014474185,0.0560124463271302,-1.55889094695799,-0.202565321975256,-0.695435260741831,-1.56474436562067
-0.167148067058941,0.305685585021271,0.205673410544201,-0.638587870970636,0.594570211256617,-0.37649889505014,-0.243446737134141,-0.234912445086302,-0.118033133078047,-0.2564725542418,0.770466077104651
-0.472384907799487,0.212711823780801,-0.689585915522667,-0.705226682489009,-0.668468834655487,-0.561352297631719,-0.748684410795263,-1.07319539743949,0.234915709743545,-0.643490408364028,-4.34270479862615
-0.218539113900116,-0.00872082196055236,-0.61750231633806,-0.674958958361272,-0.106496226664529,-0.833670772389938,-0.730943399920016,-0.663935076678807,0.877878788160804,0.0477728989933353,-1.92186917051303
-0.177955177137233,0.160619313866578,0.127912980430529,0.101659775935578,-0.34358251249602,-0.797677721711991,1.02185805998743,0.00392040010391005,0.320618095021629,-0.529958945790893,1.16506356977489
0.0530935064970115,0.213816236667222,-0.0934582401005982,0.307650568699108,0.893290921123238,0.845056871048646,0.704989718035134,0.714917879456802,1.94739310472652,1.13745452068371,5.35750604573215
-1.59689742992642,-0.10690144130448,-0.92218388405682,-0.915796173451841,-0.349449379385605,-0.836847599166768,-0.145122918650441,-0.598537880629503,-0.50703393710515,-0.840464624783589,-4.40007285644946
-1.40615512250863,-1.71885353113818,-1.98423389857203,-1.70196881286774,-1.84909252946861,-1.08203743869727,0.097247120514779,-1.06574089085328,-2.32914598655578,-0.395483551730389,-12.0298415891676
-0.965799416182056,0.278411105515246,-0.206969212430898,0.684149742828674,-0.592971939165888,1.1496879227233,-0.405565331987488,0.152896324987006,0.586371070469045,-1.36209428693815,-1.0051034566157
-1.55122516330796,0.46538022109937,1.01753075502084,-0.0487911175909259,0.111774311896309,0.284206956891326,0.208945301794704,0.467755295655939,0.0944685665848169,0.20252761635675,2.5101991726268
-0.157332697102927,-0.494122451576833,-0.376962717527158,-0.770235992428789,-1.03096975705267,-0.0368267581910743,-1.10212110618062,-1.12513884038266,0.595986833105647,-1.86890062238816,-5.37961325743903
-0.355535357379617,-1.18706268359603,-0.258770271881656,-0.109307762448889,-0.704256763540858,-1.61572939252949,0.261462689547364,-0.599323761291278,-1.49135854727236,-1.57474081730463,-6.35919064200091
1.38484489947676,1.71891242482366,1.21629638882362,0.634521203797558,0.385930588529603,1.49994706364215,0.96157301043927,1.05713172659159,1.24355076404869,1.59233598121076,11.7852037183754
-0.6847329905377,-0.101131528395311,-0.896381174463055,-2.01328322040713,0.120305307032918,-0.143949923080955,-0.83996626088274,-0.682498731296115,-0.632949268463025,-0.601147927473793,-6.03046863535542
-1.81065211948115,-1.22319974597131,-1.59765270155035,-1.65700624777932,-1.74911875345869,-0.799368096961082,-1.95229347098195,-1.32772799872979,-2.13033960870244,-1.505066911507,-15.5385056551568
-0.669832268990143,-0.778244841896362,-0.75620687418228,0.739925031708004,-1.05607264123941,-0.119429855690198,-0.0839663151457288,-0.0856540357363778,0.0209649287558639,0.0118812418737975,-3.15090367011414
-1.3009289743296,0.50958997608729,-0.976648745145895,0.16876080438062,0.595896175608855,-0.928027640505648,0.645187545272473,0.533226534961779,-0.682626682898379,-1.28609702429147,-1.44979082503071
1.9253486932394,1.85423863758981,1.49057778256826,-0.373085930762288,1.36028835067964,1.53629369248869,2.10870352935337,1.61169878782717,1.93181141555729,1.83320229643126,17.1238003977965
0.688919899926141,0.0481039681913689,-0.982727255245946,-0.856339767272524,-0.728880294213644,-0.179939718145215,0.117521573881395,0.154212841291019,0.558475299442648,-1.11873782394714,-0.41745934522332
1.18165028563247,0.597298418536595,1.0567655708821,0.113846896581077,0.724875394905795,1.20493195522804,1.36644034810499,0.150067521339875,0.852735473304602,1.6032593147329,10.1490351673205
-0.357138978677794,1.50563012210374,1.24012931548074,0.223925610335053,-0.199758836513779,0.817167430086088,0.692264781330079,0.300715973694275,0.576555293570149,0.611589001386749,5.56473251156715
1.13611214908093,0.104561673951693,-0.0229355345966275,1.26363000912518,1.41892734555829,0.55787093047174,0.276437049322668,-0.142817451469232,0.236353474940559,0.451819762978685,5.62682069653327
-0.0413378131306325,0.604870468976642,0.327944190348509,-0.317806303390686,0.791527761022775,0.644298412973909,0.0519526950763661,-0.269011021870352,0.424901204814112,1.14847572625358,4.83880063440353
-0.143220436369252,-0.411950348596418,1.19654774262348,0.0707979349376859,-0.372336410514312,-0.536708914769263,0.92756926757394,-0.746401496582001,0.311226076191767,-1.21245037221181,0.483452878945677
0.765021295062242,0.195813710978577,-0.587952210143041,-0.717817582687646,-1.39764751862826,-0.834551916812693,-1.45754634280022,-0.0765273410566125,-0.944136069332653,-0.994364292898252,-5.83317290275963
-0.041592543212408,-0.621787410159137,0.392879733218361,-0.0510501174936237,0.010369475910708,-0.420882669065055,1.33477147918419,0.585653254692743,-0.0724937826078381,-0.624666305295035,2.41175487170803
1.31688562790872,1.21216606696014,0.0872481852204362,-0.571735891814701,0.27774144076678,0.619254802010307,0.37651464202037,-0.137361371824484,0.409089883043584,-0.354770714037385,5.07494616593373
-1.78971314166527,-1.67160295312163,-0.954204311940161,-1.79872272959583,-0.794876233746578,-1.82054953540262,-0.803472928920311,-0.902752597542595,-0.856632326984311,1.33808717173427,-8.86930650585386
-1.87608902631566,-1.99958148274659,-1.92806581003929,-1.6241541400371,-1.34488298782673,-2.92597943664562,-2.34401963764653,-1.49578702662711,-1.56842589804214,-2.21932393800856,-18.3204830223396
0.00323304868417138,-0.273240100983063,1.37906290926692,-0.245767425935571,-0.792370126831045,0.137929656613943,-0.874019008423036,-0.514300805751191,-1.06143327219529,0.0960916182592623,-1.34134029825353
0.239777340506935,0.959235138856671,1.42488560639343,1.04728519176298,0.793347762004208,0.548808693336763,-0.400140923028471,0.658329898153926,0.556130115725224,1.32024627644311,9.27605927809239
0.278936599902351,-0.185164658286757,-0.0876837180728319,-0.892058554285744,0.133317249340783,-1.31419507219665,-0.177102281717174,-1.04830315661804,-0.458862417614636,-0.983826206222413,-0.93609893969536
1.91606298833082,0.89335138929234,0.94394780930477,-0.00692646484132016,2.16316761833619,0.424750620735125,1.54348697722115,1.5695601407265,0.295425811030684,-0.96602844499823,8.50670733934963
-1.40936529155056,-1.39679938047283,-1.15787270218193,-0.78892132477855,-0.936530662872304,-0.344694217937362,-1.05974558269395,-0.702890569224094,-1.81519139808716,-0.180361299023466,-8.53307417566475
-0.807182443111032,0.227679187503458,-0.542581474075496,-1.20876988671317,0.657832618059416,0.934584819446325,-0.0338671143426744,-0.700019721032919,-0.368919534277636,0.0720832003391178,-1.44597381293566
-0.474652092808683,-0.25390672856183,-0.016217308130642,-1.23954446555589,-0.735467912928053,-1.17834825718759,-0.503225149772571,-1.10637799229986,-0.321117609972507,-1.3182066343896,-5.73531259004781
-0.415326476839466,-0.784006918284634,-0.274756699941044,-0.572770441070229,-0.373278977010364,-1.04713359162266,-1.40944926800328,-1.5723782242571,0.22052181553486,-2.25416195852752,-5.96071801987536
-0.401973063102022,-1.15295492250211,0.353759526904428,-1.35966668076026,-0.372118077046127,-1.11072253254208,-1.15250839918089,-0.0375584907295855,-1.10912265985829,-0.854880796966694,-6.66309428791077
0.404442285927868,0.600912296424668,1.45883953342739,-0.038092144394859,0.0546210053245188,-0.109148003789304,0.115848485934248,0.271477471685322,1.00016681007452,-0.0954041867512821,4.49861334539244
-1.3661425111112,-0.154535628363966,-1.0940974145616,-0.933892058657823,-1.77979458894614,-1.48454324777827,-1.73848280413175,-1.3422919777402,-1.53002824156009,-0.288106248612999,-8.50356139466802
-0.949547649133734,0.824976859160525,-0.479138427147862,1.0213454186494,-0.0238696539982176,-0.181184584080339,0.145100915377666,0.0150056302033623,0.58199218051898,1.20700676764456,1.49316771849163
0.599485073918171,0.573431794133162,-1.09549714469103,-1.62357331017197,0.881178344245228,-1.00627178816404,-0.509275210039898,0.0628477960573131,-1.27593449289117,0.871440738540847,-3.12965831598661
0.104358777010348,1.02829363177312,0.98384907377877,1.30258335773826,1.41473031788375,1.1275850417858,1.20181104077675,1.1878131705505,2.0250967995644,0.288786479920594,11.3043596526787
0.436037562349127,0.300274630650863,-0.397372646039796,-0.980939644758524,-0.673685759793067,0.0841167109612995,-1.64857471004363,0.742941452428475,0.614334105485278,-0.904742710892072,-2.33549766378235
0.596725222473127,1.23347641703007,2.33603205246778,0.0299304068026015,0.0760128100035224,1.84753526711233,0.380104095076885,0.867189789287017,0.207793220747741,0.508787478265582,6.99175607528821
-1.55801999708223,-1.33651623952359,-0.323899456030014,-1.88828615193089,-0.0555394536044955,-1.84119909638835,-1.37104651270127,-0.168514878978027,-1.53563112342077,-1.18868957072838,-12.7424302653087
-1.5454589410249,-1.56497459978645,-0.749471198235526,0.583557142038848,-0.828408966529386,-0.310087406567376,0.307431431166433,0.145513132303988,-1.58782303815833,-0.354341060134142,-5.63256982178427
-1.30264762873009,-0.163856838827394,-1.4020374679629,-1.40450461443031,-0.0832597695634695,-0.157146030796555,0.56230194478161,-0.497376897387608,-0.381901850177469,-0.597891020319465,-4.58685614246145
0.160545113640344,-0.0448080156986531,0.6545138238198,0.490384980253755,-1.29969096573606,-0.196269284837024,-0.295309202519273,-0.364316230099225,-1.60188649107208,0.167968254335636,-0.917114893774389
-0.0188246047581512,-0.487241947906022,-1.38555124415037,-0.785524342556795,-1.87064578377834,-1.69236632854495,-1.221524051081,-0.726210575278754,-1.02853563942744,-1.6131173883574,-10.5626581084644
-0.705698222746465,0.0497190886943739,-0.738916449026802,0.121473046193663,0.566432766564353,0.614974280353452,-0.730539295604841,-0.689834374291336,-0.449114109758669,-0.30394431413132,-1.44608086468403
-0.846072438114426,-0.632777972361767,-1.27851121599181,0.283328779231975,1.26388098143561,-0.417502956274435,1.45564177049254,0.796025705154474,0.261644075628883,-0.0472346331021235,-0.258434838760984
1.3420385825032,0.834830518880626,0.677968387236216,0.047758285719554,1.81595498620627,-0.230271774691443,1.26521916696892,1.32429053693736,1.95170183527971,1.0247590212657,11.5560165529549
0.00743364130901228,-0.892640379310825,0.806815045772384,-0.669036855279104,-1.3104231281778,-1.47713101961188,-0.299139365135483,-0.721008337167629,-1.12428663040356,-2.32619114467185,-7.35422295359318
-1.16959361499563,-0.824741851455077,-0.650696493690991,-0.370160770767184,-1.10543653478292,-1.62832785802908,-0.821200090500047,-0.445877010319592,-1.22055690099559,-0.229917160691364,-7.36794867208001
0.696431606590712,1.27630394051092,2.06774733292426,0.714948019994787,1.27538050502466,1.07234375895321,0.573663329911376,0.959899155081715,1.29754704080438,1.71820358301813,10.7182999104938
1.73909351781943,-0.329207843138613,0.127124709727745,0.773890795394914,0.382538242058929,1.45218274439637,0.473185510925457,-0.349259231293458,0.0410712714336375,0.818776847747884,6.05171728522054
-0.200122320717522,0.303432980655312,0.445594408857727,-0.0695074058406871,-0.242645033396589,0.582856606887109,0.597634618907738,-0.0736382118049287,-1.12959530558778,0.354439420287276,2.40324542263902
0.952653067401069,-0.00592920145920586,1.10809485812918,1.34320002809154,0.675592648146416,0.827629565507147,0.619513295511648,2.05521932483527,1.32159174710412,1.44637323292198,12.3639618520684
-0.160162890114002,-0.554990848026176,0.298057012248786,-0.617920863641641,-0.115991343769576,0.448760020021217,0.724345462145256,-1.23566197051294,-0.330502330234924,-1.1350341889583,-0.730644062511634
-0.617422702212909,-0.365633598979941,0.332867469720393,-0.302859115031953,0.682620573559286,-0.475961801870675,0.422406399608031,1.08433118951049,-0.380448105922745,-1.25269032299776,0.296247404025607
-1.17520788288552,-0.783793790400953,-0.567436085255639,-1.42542119505293,-0.431930807820851,-2.09075238913109,-0.400888980409912,-1.91702270881933,-0.740148028498238,-0.413329983915893,-7.11715388072335
-0.63131364775802,-1.44339971849168,-1.19134033198485,-1.26006016721952,-1.52812157075214,-1.25597781530544,-0.458385233727175,-0.467370807091492,-2.26939680881172,-1.32452794175194,-12.1004154920345
1.01197816910012,1.68291107267429,2.23591697756025,0.950661109099086,1.33258136470744,0.212454284146131,1.64099064072026,1.47606951281967,0.663315046400374,1.87233725346032,13.4989283531065
0.0387289650142159,-0.338564928180663,-0.291462645818822,-0.700273775740026,-0.115009398804318,-1.3883144542196,-0.853187021503638,-0.69535884863234,0.841404302911498,-0.830826385255715,-2.04456390803961
-1.02966209843652,-2.66150276795859,-1.22815507089826,-1.63852243171429,-1.65369298631569,-1.29079358722087,-1.8850901174476,-1.18168835826787,-1.18647578248681,-1.75355724829585,-14.6431324027649
-0.829210316116793,-1.2714895078382,-1.03366702880458,-1.20168006445153,-1.49609399485293,-1.05037971723981,-0.802158150731711,-0.760031239966054,-0.416418986671872,-0.366675541599421,-8.30391377122053
1.71091338331388,2.05447281927937,1.45181449814015,2.82161542774109,1.38737438966572,1.43574627678254,1.06729469027325,1.45028864486606,0.744031067890799,0.109284021713447,15.3211288743669
